# Rhino

mtllib ScrewHeads.mtl
usemtl Default
v -1862.383056640625 60 3457
v -1862.383056640625 60 3357
v -1862.383056640625 120 3457
v -1862.383056640625 120 3357
v -1862.383056640625 120 3407
v -1862.383056640625 60 3407
v -1622.383056640625 120 3457
v -1622.383056640625 120 3357
v -1622.383056640625 60 3457
v -1622.383056640625 60 3357
v -1622.383056640625 60 3407
v -1622.383056640625 120 3407
v -1862.383056640625 120 3457
v -1862.383056640625 120 3357
v -1622.383056640625 120 3457
v -1622.383056640625 120 3357
v -1862.383056640625 120 3407
v -1622.383056640625 120 3407
v -1742.383056640625 120 3457
v -1742.383056640625 120 3357
v -1862.383056640625 60 3457
v -1622.383056640625 60 3457
v -1862.383056640625 120 3457
v -1622.383056640625 120 3457
v -1742.383056640625 120 3457
v -1742.383056640625 60 3457
v -1622.383056640625 60 3457
v -1622.383056640625 60 3357
v -1862.383056640625 60 3457
v -1862.383056640625 60 3357
v -1862.383056640625 60 3407
v -1622.383056640625 60 3407
v -1742.383056640625 60 3457
v -1742.383056640625 60 3357
v -1862.383056640625 60 3357
v -1622.383056640625 60 3357
v -1862.383056640625 120 3357
v -1622.383056640625 120 3357
v -1742.383056640625 120 3357
v -1742.383056640625 60 3357
vt 0.17647059261798859 0
vt 0.17647059261798859 0.29265281558036804
vt 0.35147634148597717 0
vt 0.35147634148597717 0.29265281558036804
vt 0.35147634148597717 0.14632640779018402
vt 0.17647059261798859 0.14632640779018402
vt 0 0
vt 0 0.29265281558036804
vt 0.17500574886798859 0
vt 0.17500574886798859 0.29265281558036804
vt 0.17500574886798859 0.14632640779018402
vt 0 0.14632640779018402
vt 0.93971163034439087 0
vt 0.64705884456634521 0
vt 0.93971163034439087 0.70588237047195435
vt 0.64705884456634521 0.70588237047195435
vt 0.79338520765304565 0
vt 0.79338520765304565 0.70588237047195435
vt 0.93971163034439087 0.35294118523597717
vt 0.64705884456634521 0.35294118523597717
vt 0.17647059261798859 0.29411765933036804
vt 0.17647059261798859 0.99853515625
vt 0.35147634148597717 0.29411765933036804
vt 0.35147634148597717 0.99853515625
vt 0.35147634148597717 0.64632642269134521
vt 0.17647059261798859 0.64632642269134521
vt 0.64559400081634521 0
vt 0.35294118523597717 0
vt 0.64559400081634521 0.70588237047195435
vt 0.35294118523597717 0.70588237047195435
vt 0.499267578125 0.70588237047195435
vt 0.499267578125 0
vt 0.64559400081634521 0.35294118523597717
vt 0.35294118523597717 0.35294118523597717
vt 0 0.29411765933036804
vt 0 0.99853515625
vt 0.17500574886798859 0.29411765933036804
vt 0.17500574886798859 0.99853515625
vt 0.17500574886798859 0.64632642269134521
vt 0 0.64632642269134521
vn -1 0 0
vn -1 0 0
vn -1 0 0
vn -1 0 0
vn -1 0 0
vn -1 0 0
vn 1 0 0
vn 1 0 0
vn 1 0 0
vn 1 0 0
vn 1 0 0
vn 1 0 0
vn 0 1 0
vn 0 1 0
vn 0 1 0
vn 0 1 0
vn 0 1 0
vn 0 1 0
vn 0 1 0
vn 0 1 0
vn 0 0 1
vn 0 0 1
vn 0 0 1
vn 0 0 1
vn 0 0 1
vn 0 0 1
vn 0 -1 0
vn 0 -1 0
vn 0 -1 0
vn 0 -1 0
vn 0 -1 0
vn 0 -1 0
vn 0 -1 0
vn 0 -1 0
vn 0 0 -1
vn 0 0 -1
vn 0 0 -1
vn 0 0 -1
vn 0 0 -1
vn 0 0 -1
f 6/6/6 1/1/1 3/3/3 5/5/5
f 2/2/2 6/6/6 5/5/5 4/4/4
f 12/12/12 7/7/7 9/9/9 11/11/11
f 8/8/8 12/12/12 11/11/11 10/10/10
f 17/17/17 13/13/13 19/19/19
f 17/17/17 20/20/20 14/14/14
f 18/18/18 17/17/17 19/19/19
f 17/17/17 18/18/18 20/20/20
f 18/18/18 16/16/16 20/20/20
f 15/15/15 18/18/18 19/19/19
f 26/26/26 25/25/25 23/23/23 21/21/21
f 22/22/22 24/24/24 25/25/25 26/26/26
f 31/31/31 34/34/34 32/32/32
f 32/32/32 34/34/34 28/28/28
f 33/33/33 32/32/32 27/27/27
f 31/31/31 33/33/33 29/29/29
f 31/31/31 30/30/30 34/34/34
f 33/33/33 31/31/31 32/32/32
f 40/40/40 35/35/35 37/37/37 39/39/39
f 36/36/36 40/40/40 39/39/39 38/38/38
usemtl Default
v -1862.383056640625 -60 3457
v -1862.383056640625 -60 3357
v -1862.383056640625 -120 3457
v -1862.383056640625 -120 3357
v -1862.383056640625 -120 3407
v -1862.383056640625 -60 3407
v -1622.383056640625 -120 3457
v -1622.383056640625 -120 3357
v -1622.383056640625 -60 3457
v -1622.383056640625 -60 3357
v -1622.383056640625 -60 3407
v -1622.383056640625 -120 3407
v -1862.383056640625 -120 3457
v -1862.383056640625 -120 3357
v -1622.383056640625 -120 3457
v -1622.383056640625 -120 3357
v -1862.383056640625 -120 3407
v -1622.383056640625 -120 3407
v -1742.383056640625 -120 3457
v -1742.383056640625 -120 3357
v -1862.383056640625 -60 3457
v -1622.383056640625 -60 3457
v -1862.383056640625 -120 3457
v -1622.383056640625 -120 3457
v -1742.383056640625 -120 3457
v -1742.383056640625 -60 3457
v -1622.383056640625 -60 3457
v -1622.383056640625 -60 3357
v -1862.383056640625 -60 3457
v -1862.383056640625 -60 3357
v -1862.383056640625 -60 3407
v -1622.383056640625 -60 3407
v -1742.383056640625 -60 3457
v -1742.383056640625 -60 3357
v -1862.383056640625 -60 3357
v -1622.383056640625 -60 3357
v -1862.383056640625 -120 3357
v -1622.383056640625 -120 3357
v -1742.383056640625 -120 3357
v -1742.383056640625 -60 3357
vt 0 0
vt 0 0.29265281558036804
vt 0.17500574886798859 0
vt 0.17500574886798859 0.29265281558036804
vt 0.17500574886798859 0.14632640779018402
vt 0 0.14632640779018402
vt 0.17647059261798859 0
vt 0.17647059261798859 0.29265281558036804
vt 0.35147634148597717 0
vt 0.35147634148597717 0.29265281558036804
vt 0.35147634148597717 0.14632640779018402
vt 0.17647059261798859 0.14632640779018402
vt 0.93971163034439087 0
vt 0.64705884456634521 0
vt 0.93971163034439087 0.70588237047195435
vt 0.64705884456634521 0.70588237047195435
vt 0.79338520765304565 0
vt 0.79338520765304565 0.70588237047195435
vt 0.93971163034439087 0.35294118523597717
vt 0.64705884456634521 0.35294118523597717
vt 0.17647059261798859 0.29411765933036804
vt 0.17647059261798859 0.99853515625
vt 0.35147634148597717 0.29411765933036804
vt 0.35147634148597717 0.99853515625
vt 0.35147634148597717 0.64632642269134521
vt 0.17647059261798859 0.64632642269134521
vt 0.64559400081634521 0
vt 0.35294118523597717 0
vt 0.64559400081634521 0.70588237047195435
vt 0.35294118523597717 0.70588237047195435
vt 0.499267578125 0.70588237047195435
vt 0.499267578125 0
vt 0.64559400081634521 0.35294118523597717
vt 0.35294118523597717 0.35294118523597717
vt 0 0.29411765933036804
vt 0 0.99853515625
vt 0.17500574886798859 0.29411765933036804
vt 0.17500574886798859 0.99853515625
vt 0.17500574886798859 0.64632642269134521
vt 0 0.64632642269134521
vn -1 0 0
vn -1 0 0
vn -1 0 0
vn -1 0 0
vn -1 0 0
vn -1 0 0
vn 1 0 0
vn 1 0 0
vn 1 0 0
vn 1 0 0
vn 1 0 0
vn 1 0 0
vn 0 -1 0
vn 0 -1 0
vn 0 -1 0
vn 0 -1 0
vn 0 -1 0
vn 0 -1 0
vn 0 -1 0
vn 0 -1 0
vn 0 0 1
vn 0 0 1
vn 0 0 1
vn 0 0 1
vn 0 0 1
vn 0 0 1
vn 0 1 0
vn 0 1 0
vn 0 1 0
vn 0 1 0
vn 0 1 0
vn 0 1 0
vn 0 1 0
vn 0 1 0
vn 0 0 -1
vn 0 0 -1
vn 0 0 -1
vn 0 0 -1
vn 0 0 -1
vn 0 0 -1
f 46/46/46 45/45/45 43/43/43 41/41/41
f 42/42/42 44/44/44 45/45/45 46/46/46
f 52/52/52 51/51/51 49/49/49 47/47/47
f 48/48/48 50/50/50 51/51/51 52/52/52
f 57/57/57 59/59/59 53/53/53
f 57/57/57 54/54/54 60/60/60
f 58/58/58 59/59/59 57/57/57
f 57/57/57 60/60/60 58/58/58
f 58/58/58 60/60/60 56/56/56
f 55/55/55 59/59/59 58/58/58
f 66/66/66 61/61/61 63/63/63 65/65/65
f 62/62/62 66/66/66 65/65/65 64/64/64
f 71/71/71 72/72/72 74/74/74
f 72/72/72 68/68/68 74/74/74
f 73/73/73 67/67/67 72/72/72
f 71/71/71 69/69/69 73/73/73
f 71/71/71 74/74/74 70/70/70
f 73/73/73 72/72/72 71/71/71
f 80/80/80 79/79/79 77/77/77 75/75/75
f 76/76/76 78/78/78 79/79/79 80/80/80
usemtl Default
v -2365.429931640625 -60 3457
v -2365.429931640625 -60 3357
v -2365.429931640625 -120 3457
v -2365.429931640625 -120 3357
v -2365.429931640625 -120 3407
v -2365.429931640625 -60 3407
v -2125.429931640625 -120 3457
v -2125.429931640625 -120 3357
v -2125.429931640625 -60 3457
v -2125.429931640625 -60 3357
v -2125.429931640625 -60 3407
v -2125.429931640625 -120 3407
v -2365.429931640625 -120 3457
v -2365.429931640625 -120 3357
v -2125.429931640625 -120 3457
v -2125.429931640625 -120 3357
v -2365.429931640625 -120 3407
v -2125.429931640625 -120 3407
v -2245.429931640625 -120 3457
v -2245.429931640625 -120 3357
v -2365.429931640625 -60 3457
v -2125.429931640625 -60 3457
v -2365.429931640625 -120 3457
v -2125.429931640625 -120 3457
v -2245.429931640625 -120 3457
v -2245.429931640625 -60 3457
v -2125.429931640625 -60 3457
v -2125.429931640625 -60 3357
v -2365.429931640625 -60 3457
v -2365.429931640625 -60 3357
v -2365.429931640625 -60 3407
v -2125.429931640625 -60 3407
v -2245.429931640625 -60 3457
v -2245.429931640625 -60 3357
v -2365.429931640625 -60 3357
v -2125.429931640625 -60 3357
v -2365.429931640625 -120 3357
v -2125.429931640625 -120 3357
v -2245.429931640625 -120 3357
v -2245.429931640625 -60 3357
vt 0.17647059261798859 0
vt 0.17647059261798859 0.29265281558036804
vt 0.35147634148597717 0
vt 0.35147634148597717 0.29265281558036804
vt 0.35147634148597717 0.14632640779018402
vt 0.17647059261798859 0.14632640779018402
vt 0 0
vt 0 0.29265281558036804
vt 0.17500574886798859 0
vt 0.17500574886798859 0.29265281558036804
vt 0.17500574886798859 0.14632640779018402
vt 0 0.14632640779018402
vt 0.93971163034439087 0
vt 0.64705884456634521 0
vt 0.93971163034439087 0.70588237047195435
vt 0.64705884456634521 0.70588237047195435
vt 0.79338520765304565 0
vt 0.79338520765304565 0.70588237047195435
vt 0.93971163034439087 0.35294118523597717
vt 0.64705884456634521 0.35294118523597717
vt 0.17647059261798859 0.29411765933036804
vt 0.17647059261798859 0.99853515625
vt 0.35147634148597717 0.29411765933036804
vt 0.35147634148597717 0.99853515625
vt 0.35147634148597717 0.64632642269134521
vt 0.17647059261798859 0.64632642269134521
vt 0.64559400081634521 0
vt 0.35294118523597717 0
vt 0.64559400081634521 0.70588237047195435
vt 0.35294118523597717 0.70588237047195435
vt 0.499267578125 0.70588237047195435
vt 0.499267578125 0
vt 0.64559400081634521 0.35294118523597717
vt 0.35294118523597717 0.35294118523597717
vt 0 0.29411765933036804
vt 0 0.99853515625
vt 0.17500574886798859 0.29411765933036804
vt 0.17500574886798859 0.99853515625
vt 0.17500574886798859 0.64632642269134521
vt 0 0.64632642269134521
vn -1 0 0
vn -1 0 0
vn -1 0 0
vn -1 0 0
vn -1 0 0
vn -1 0 0
vn 1 0 0
vn 1 0 0
vn 1 0 0
vn 1 0 0
vn 1 0 0
vn 1 0 0
vn 0 -1 0
vn 0 -1 0
vn 0 -1 0
vn 0 -1 0
vn 0 -1 0
vn 0 -1 0
vn 0 -1 0
vn 0 -1 0
vn 0 0 1
vn 0 0 1
vn 0 0 1
vn 0 0 1
vn 0 0 1
vn 0 0 1
vn 0 1 0
vn 0 1 0
vn 0 1 0
vn 0 1 0
vn 0 1 0
vn 0 1 0
vn 0 1 0
vn 0 1 0
vn 0 0 -1
vn 0 0 -1
vn 0 0 -1
vn 0 0 -1
vn 0 0 -1
vn 0 0 -1
f 86/86/86 85/85/85 83/83/83 81/81/81
f 82/82/82 84/84/84 85/85/85 86/86/86
f 92/92/92 91/91/91 89/89/89 87/87/87
f 88/88/88 90/90/90 91/91/91 92/92/92
f 98/98/98 97/97/97 100/100/100
f 97/97/97 94/94/94 100/100/100
f 99/99/99 93/93/93 97/97/97
f 98/98/98 95/95/95 99/99/99
f 98/98/98 100/100/100 96/96/96
f 99/99/99 97/97/97 98/98/98
f 106/106/106 101/101/101 103/103/103 105/105/105
f 102/102/102 106/106/106 105/105/105 104/104/104
f 113/113/113 112/112/112 114/114/114
f 112/112/112 108/108/108 114/114/114
f 113/113/113 107/107/107 112/112/112
f 111/111/111 109/109/109 113/113/113
f 111/111/111 114/114/114 110/110/110
f 113/113/113 114/114/114 111/111/111
f 120/120/120 119/119/119 117/117/117 115/115/115
f 116/116/116 118/118/118 119/119/119 120/120/120
usemtl Default
v -2365.429931640625 60 3457
v -2365.429931640625 60 3357
v -2365.429931640625 120 3457
v -2365.429931640625 120 3357
v -2365.429931640625 120 3407
v -2365.429931640625 60 3407
v -2125.429931640625 120 3457
v -2125.429931640625 120 3357
v -2125.429931640625 60 3457
v -2125.429931640625 60 3357
v -2125.429931640625 60 3407
v -2125.429931640625 120 3407
v -2365.429931640625 120 3457
v -2365.429931640625 120 3357
v -2125.429931640625 120 3457
v -2125.429931640625 120 3357
v -2365.429931640625 120 3407
v -2125.429931640625 120 3407
v -2245.429931640625 120 3457
v -2245.429931640625 120 3357
v -2365.429931640625 60 3457
v -2125.429931640625 60 3457
v -2365.429931640625 120 3457
v -2125.429931640625 120 3457
v -2245.429931640625 120 3457
v -2245.429931640625 60 3457
v -2125.429931640625 60 3457
v -2125.429931640625 60 3357
v -2365.429931640625 60 3457
v -2365.429931640625 60 3357
v -2365.429931640625 60 3407
v -2125.429931640625 60 3407
v -2245.429931640625 60 3457
v -2245.429931640625 60 3357
v -2365.429931640625 60 3357
v -2125.429931640625 60 3357
v -2365.429931640625 120 3357
v -2125.429931640625 120 3357
v -2245.429931640625 120 3357
v -2245.429931640625 60 3357
vt 0.17647059261798859 0
vt 0.17647059261798859 0.29265281558036804
vt 0.35147634148597717 0
vt 0.35147634148597717 0.29265281558036804
vt 0.35147634148597717 0.14632640779018402
vt 0.17647059261798859 0.14632640779018402
vt 0 0
vt 0 0.29265281558036804
vt 0.17500574886798859 0
vt 0.17500574886798859 0.29265281558036804
vt 0.17500574886798859 0.14632640779018402
vt 0 0.14632640779018402
vt 0.93971163034439087 0
vt 0.64705884456634521 0
vt 0.93971163034439087 0.70588237047195435
vt 0.64705884456634521 0.70588237047195435
vt 0.79338520765304565 0
vt 0.79338520765304565 0.70588237047195435
vt 0.93971163034439087 0.35294118523597717
vt 0.64705884456634521 0.35294118523597717
vt 0.17647059261798859 0.29411765933036804
vt 0.17647059261798859 0.99853515625
vt 0.35147634148597717 0.29411765933036804
vt 0.35147634148597717 0.99853515625
vt 0.35147634148597717 0.64632642269134521
vt 0.17647059261798859 0.64632642269134521
vt 0.64559400081634521 0
vt 0.35294118523597717 0
vt 0.64559400081634521 0.70588237047195435
vt 0.35294118523597717 0.70588237047195435
vt 0.499267578125 0.70588237047195435
vt 0.499267578125 0
vt 0.64559400081634521 0.35294118523597717
vt 0.35294118523597717 0.35294118523597717
vt 0 0.29411765933036804
vt 0 0.99853515625
vt 0.17500574886798859 0.29411765933036804
vt 0.17500574886798859 0.99853515625
vt 0.17500574886798859 0.64632642269134521
vt 0 0.64632642269134521
vn -1 0 0
vn -1 0 0
vn -1 0 0
vn -1 0 0
vn -1 0 0
vn -1 0 0
vn 1 0 0
vn 1 0 0
vn 1 0 0
vn 1 0 0
vn 1 0 0
vn 1 0 0
vn 0 1 0
vn 0 1 0
vn 0 1 0
vn 0 1 0
vn 0 1 0
vn 0 1 0
vn 0 1 0
vn 0 1 0
vn 0 0 1
vn 0 0 1
vn 0 0 1
vn 0 0 1
vn 0 0 1
vn 0 0 1
vn 0 -1 0
vn 0 -1 0
vn 0 -1 0
vn 0 -1 0
vn 0 -1 0
vn 0 -1 0
vn 0 -1 0
vn 0 -1 0
vn 0 0 -1
vn 0 0 -1
vn 0 0 -1
vn 0 0 -1
vn 0 0 -1
vn 0 0 -1
f 126/126/126 121/121/121 123/123/123 125/125/125
f 122/122/122 126/126/126 125/125/125 124/124/124
f 132/132/132 127/127/127 129/129/129 131/131/131
f 128/128/128 132/132/132 131/131/131 130/130/130
f 137/137/137 133/133/133 139/139/139
f 137/137/137 140/140/140 134/134/134
f 138/138/138 137/137/137 139/139/139
f 137/137/137 138/138/138 140/140/140
f 138/138/138 136/136/136 140/140/140
f 135/135/135 138/138/138 139/139/139
f 146/146/146 145/145/145 143/143/143 141/141/141
f 142/142/142 144/144/144 145/145/145 146/146/146
f 151/151/151 154/154/154 152/152/152
f 152/152/152 154/154/154 148/148/148
f 153/153/153 152/152/152 147/147/147
f 151/151/151 153/153/153 149/149/149
f 151/151/151 150/150/150 154/154/154
f 153/153/153 151/151/151 152/152/152
f 160/160/160 155/155/155 157/157/157 159/159/159
f 156/156/156 160/160/160 159/159/159 158/158/158
usemtl Default
v 372.72076416015625 542.4263916015625 3457
v 372.72076416015625 542.4263916015625 3357
v 330.29437255859375 500 3457
v 330.29437255859375 500 3357
v 330.29437255859375 500 3407
v 372.72076416015625 542.4263916015625 3407
v 500 330.29437255859375 3457
v 500 330.29437255859375 3357
v 542.4263916015625 372.72076416015625 3457
v 542.4263916015625 372.72076416015625 3357
v 542.4263916015625 372.72076416015625 3407
v 500 330.29437255859375 3407
v 330.29437255859375 500 3457
v 330.29437255859375 500 3357
v 500 330.29437255859375 3457
v 500 330.29437255859375 3357
v 330.29437255859375 500 3407
v 500 330.29437255859375 3407
v 386.8629150390625 443.43145751953125 3457
v 443.43145751953125 386.8629150390625 3457
v 443.43145751953125 386.8629150390625 3357
v 386.8629150390625 443.43145751953125 3357
v 372.72076416015625 542.4263916015625 3457
v 542.4263916015625 372.72076416015625 3457
v 330.29437255859375 500 3457
v 500 330.29437255859375 3457
v 386.8629150390625 443.43145751953125 3457
v 443.43145751953125 386.8629150390625 3457
v 457.57357788085938 457.57357788085938 3457
v 542.4263916015625 372.72076416015625 3457
v 542.4263916015625 372.72076416015625 3357
v 372.72076416015625 542.4263916015625 3457
v 372.72076416015625 542.4263916015625 3357
v 372.72076416015625 542.4263916015625 3407
v 542.4263916015625 372.72076416015625 3407
v 457.57357788085938 457.57357788085938 3457
v 457.57357788085938 457.57357788085938 3357
v 372.72076416015625 542.4263916015625 3357
v 542.4263916015625 372.72076416015625 3357
v 330.29437255859375 500 3357
v 500 330.29437255859375 3357
v 386.8629150390625 443.43145751953125 3357
v 443.43145751953125 386.8629150390625 3357
v 457.57357788085938 457.57357788085938 3357
vt 0.17647059261798859 0
vt 0.17647059261798859 0.29265281558036804
vt 0.35147634148597717 0
vt 0.35147634148597717 0.29265281558036804
vt 0.35147634148597717 0.14632640779018402
vt 0.17647059261798859 0.14632640779018402
vt 0 0
vt 0 0.29265281558036804
vt 0.17500574886798859 0
vt 0.17500574886798859 0.29265281558036804
vt 0.17500574886798859 0.14632640779018402
vt 0 0.14632640779018402
vt 0.93971163034439087 0
vt 0.64705884456634521 0
vt 0.93971163034439087 0.70588237047195435
vt 0.64705884456634521 0.70588237047195435
vt 0.79338520765304565 0
vt 0.79338520765304565 0.70588237047195435
vt 0.93971163034439087 0.23529411852359772
vt 0.93971163034439087 0.47058823704719543
vt 0.64705884456634521 0.47058823704719543
vt 0.64705884456634521 0.23529411852359772
vt 0.17647059261798859 0.29411765933036804
vt 0.17647059261798859 0.99853515625
vt 0.35147634148597717 0.29411765933036804
vt 0.35147634148597717 0.99853515625
vt 0.35147634148597717 0.52892351150512695
vt 0.35147634148597717 0.76372933387756348
vt 0.17647059261798859 0.64632642269134521
vt 0.64559400081634521 0
vt 0.35294118523597717 0
vt 0.64559400081634521 0.70588237047195435
vt 0.35294118523597717 0.70588237047195435
vt 0.499267578125 0.70588237047195435
vt 0.499267578125 0
vt 0.64559400081634521 0.35294118523597717
vt 0.35294118523597717 0.35294118523597717
vt 0 0.29411765933036804
vt 0 0.99853515625
vt 0.17500574886798859 0.29411765933036804
vt 0.17500574886798859 0.99853515625
vt 0.17500574886798859 0.52892351150512695
vt 0.17500574886798859 0.76372933387756348
vt 0 0.64632642269134521
vn -0.70710676908493042 0.70710676908493042 0
vn -0.70710676908493042 0.70710676908493042 0
vn -0.70710676908493042 0.70710676908493042 0
vn -0.70710676908493042 0.70710676908493042 0
vn -0.70710676908493042 0.70710676908493042 0
vn -0.70710676908493042 0.70710676908493042 0
vn 0.70710676908493042 -0.70710676908493042 0
vn 0.70710676908493042 -0.70710676908493042 0
vn 0.70710676908493042 -0.70710676908493042 0
vn 0.70710676908493042 -0.70710676908493042 0
vn 0.70710676908493042 -0.70710676908493042 0
vn 0.70710676908493042 -0.70710676908493042 0
vn -0.70710676908493042 -0.70710676908493042 0
vn -0.70710676908493042 -0.70710676908493042 0
vn -0.70710676908493042 -0.70710676908493042 0
vn -0.70710676908493042 -0.70710676908493042 0
vn -0.70710676908493042 -0.70710676908493042 0
vn -0.70710676908493042 -0.70710676908493042 0
vn -0.70710676908493042 -0.70710676908493042 0
vn -0.70710676908493042 -0.70710676908493042 0
vn -0.70710676908493042 -0.70710676908493042 0
vn -0.70710676908493042 -0.70710676908493042 0
vn 0 0 1
vn 0 0 1
vn 0 0 1
vn 0 0 1
vn 0 0 1
vn 0 0 1
vn 0 0 1
vn 0.70710676908493042 0.70710676908493042 0
vn 0.70710676908493042 0.70710676908493042 0
vn 0.70710676908493042 0.70710676908493042 0
vn 0.70710676908493042 0.70710676908493042 0
vn 0.70710676908493042 0.70710676908493042 0
vn 0.70710676908493042 0.70710676908493042 0
vn 0.70710676908493042 0.70710676908493042 0
vn 0.70710676908493042 0.70710676908493042 0
vn 0 0 -1
vn 0 0 -1
vn 0 0 -1
vn 0 0 -1
vn 0 0 -1
vn 0 0 -1
vn 0 0 -1
f 166/166/166 165/165/165 163/163/163 161/161/161
f 162/162/162 164/164/164 165/165/165 166/166/166
f 172/172/172 171/171/171 169/169/169 167/167/167
f 168/168/168 170/170/170 171/171/171 172/172/172
f 177/177/177 179/179/179 173/173/173
f 174/174/174 182/182/182 177/177/177
f 179/179/179 177/177/177 182/182/182
f 181/181/181 180/180/180 179/179/179 182/182/182
f 178/178/178 175/175/175 180/180/180
f 176/176/176 178/178/178 181/181/181
f 180/180/180 181/181/181 178/178/178
f 189/189/189 183/183/183 185/185/185 187/187/187
f 184/184/184 189/189/189 188/188/188 186/186/186
f 189/189/189 187/187/187 188/188/188
f 194/194/194 195/195/195 197/197/197
f 195/195/195 191/191/191 197/197/197
f 196/196/196 190/190/190 195/195/195
f 194/194/194 192/192/192 196/196/196
f 194/194/194 197/197/197 193/193/193
f 196/196/196 195/195/195 194/194/194
f 204/204/204 202/202/202 200/200/200 198/198/198
f 199/199/199 201/201/201 203/203/203 204/204/204
f 204/204/204 203/203/203 202/202/202
usemtl Default
v 457.57357788085938 627.27923583984375 3457
v 457.57357788085938 627.27923583984375 3357
v 500 669.70562744140625 3457
v 500 669.70562744140625 3357
v 500 669.70562744140625 3407
v 457.57357788085938 627.27923583984375 3407
v 669.70562744140625 500 3457
v 669.70562744140625 500 3357
v 627.27923583984375 457.57357788085938 3457
v 627.27923583984375 457.57357788085938 3357
v 627.27923583984375 457.57357788085938 3407
v 669.70562744140625 500 3407
v 500 669.70562744140625 3457
v 500 669.70562744140625 3357
v 669.70562744140625 500 3457
v 669.70562744140625 500 3357
v 500 669.70562744140625 3407
v 669.70562744140625 500 3407
v 556.56854248046875 613.1370849609375 3457
v 613.1370849609375 556.56854248046875 3457
v 613.1370849609375 556.56854248046875 3357
v 556.56854248046875 613.1370849609375 3357
v 457.57357788085938 627.27923583984375 3457
v 627.27923583984375 457.57357788085938 3457
v 500 669.70562744140625 3457
v 669.70562744140625 500 3457
v 556.56854248046875 613.1370849609375 3457
v 613.1370849609375 556.56854248046875 3457
v 570.710693359375 514.14215087890625 3457
v 514.14215087890625 570.710693359375 3457
v 627.27923583984375 457.57357788085938 3457
v 627.27923583984375 457.57357788085938 3357
v 457.57357788085938 627.27923583984375 3457
v 457.57357788085938 627.27923583984375 3357
v 457.57357788085938 627.27923583984375 3407
v 627.27923583984375 457.57357788085938 3407
v 570.710693359375 514.14215087890625 3457
v 514.14215087890625 570.710693359375 3457
v 514.14215087890625 570.710693359375 3357
v 570.710693359375 514.14215087890625 3357
v 457.57357788085938 627.27923583984375 3357
v 627.27923583984375 457.57357788085938 3357
v 500 669.70562744140625 3357
v 669.70562744140625 500 3357
v 556.56854248046875 613.1370849609375 3357
v 613.1370849609375 556.56854248046875 3357
v 570.710693359375 514.14215087890625 3357
v 514.14215087890625 570.710693359375 3357
vt 0.17647059261798859 0
vt 0.17647059261798859 0.29265281558036804
vt 0.35147634148597717 0
vt 0.35147634148597717 0.29265281558036804
vt 0.35147634148597717 0.14632640779018402
vt 0.17647059261798859 0.14632640779018402
vt 0 0
vt 0 0.29265281558036804
vt 0.17500574886798859 0
vt 0.17500574886798859 0.29265281558036804
vt 0.17500574886798859 0.14632640779018402
vt 0 0.14632640779018402
vt 0.93971163034439087 0
vt 0.64705884456634521 0
vt 0.93971163034439087 0.70588237047195435
vt 0.64705884456634521 0.70588237047195435
vt 0.79338520765304565 0
vt 0.79338520765304565 0.70588237047195435
vt 0.93971163034439087 0.23529411852359772
vt 0.93971163034439087 0.47058823704719543
vt 0.64705884456634521 0.47058823704719543
vt 0.64705884456634521 0.23529411852359772
vt 0.17647059261798859 0.29411765933036804
vt 0.17647059261798859 0.99853515625
vt 0.35147634148597717 0.29411765933036804
vt 0.35147634148597717 0.99853515625
vt 0.35147634148597717 0.52892351150512695
vt 0.35147634148597717 0.76372933387756348
vt 0.17647059261798859 0.76372933387756348
vt 0.17647059261798859 0.52892351150512695
vt 0.64559400081634521 0
vt 0.35294118523597717 0
vt 0.64559400081634521 0.70588237047195435
vt 0.35294118523597717 0.70588237047195435
vt 0.499267578125 0.70588237047195435
vt 0.499267578125 0
vt 0.64559400081634521 0.23529411852359772
vt 0.64559400081634521 0.47058823704719543
vt 0.35294118523597717 0.47058823704719543
vt 0.35294118523597717 0.23529411852359772
vt 0 0.29411765933036804
vt 0 0.99853515625
vt 0.17500574886798859 0.29411765933036804
vt 0.17500574886798859 0.99853515625
vt 0.17500574886798859 0.52892351150512695
vt 0.17500574886798859 0.76372933387756348
vt 0 0.76372933387756348
vt 0 0.52892351150512695
vn -0.70710676908493042 0.70710676908493042 0
vn -0.70710676908493042 0.70710676908493042 0
vn -0.70710676908493042 0.70710676908493042 0
vn -0.70710676908493042 0.70710676908493042 0
vn -0.70710676908493042 0.70710676908493042 0
vn -0.70710676908493042 0.70710676908493042 0
vn 0.70710676908493042 -0.70710676908493042 0
vn 0.70710676908493042 -0.70710676908493042 0
vn 0.70710676908493042 -0.70710676908493042 0
vn 0.70710676908493042 -0.70710676908493042 0
vn 0.70710676908493042 -0.70710676908493042 0
vn 0.70710676908493042 -0.70710676908493042 0
vn 0.70710676908493042 0.70710676908493042 0
vn 0.70710676908493042 0.70710676908493042 0
vn 0.70710676908493042 0.70710676908493042 0
vn 0.70710676908493042 0.70710676908493042 0
vn 0.70710676908493042 0.70710676908493042 0
vn 0.70710676908493042 0.70710676908493042 0
vn 0.70710676908493042 0.70710676908493042 0
vn 0.70710676908493042 0.70710676908493042 0
vn 0.70710676908493042 0.70710676908493042 0
vn 0.70710676908493042 0.70710676908493042 0
vn 0 0 1
vn 0 0 1
vn 0 0 1
vn 0 0 1
vn 0 0 1
vn 0 0 1
vn 0 0 1
vn 0 0 1
vn -0.70710676908493042 -0.70710676908493042 0
vn -0.70710676908493042 -0.70710676908493042 0
vn -0.70710676908493042 -0.70710676908493042 0
vn -0.70710676908493042 -0.70710676908493042 0
vn -0.70710676908493042 -0.70710676908493042 0
vn -0.70710676908493042 -0.70710676908493042 0
vn -0.70710676908493042 -0.70710676908493042 0
vn -0.70710676908493042 -0.70710676908493042 0
vn -0.70710676908493042 -0.70710676908493042 0
vn -0.70710676908493042 -0.70710676908493042 0
vn 0 0 -1
vn 0 0 -1
vn 0 0 -1
vn 0 0 -1
vn 0 0 -1
vn 0 0 -1
vn 0 0 -1
vn 0 0 -1
f 210/210/210 205/205/205 207/207/207 209/209/209
f 206/206/206 210/210/210 209/209/209 208/208/208
f 216/216/216 211/211/211 213/213/213 215/215/215
f 212/212/212 216/216/216 215/215/215 214/214/214
f 221/221/221 217/217/217 223/223/223
f 218/218/218 221/221/221 226/226/226
f 223/223/223 226/226/226 221/221/221
f 225/225/225 226/226/226 223/223/223 224/224/224
f 222/222/222 224/224/224 219/219/219
f 220/220/220 225/225/225 222/222/222
f 224/224/224 222/222/222 225/225/225
f 234/234/234 231/231/231 229/229/229 227/227/227
f 228/228/228 230/230/230 232/232/232 233/233/233
f 233/233/233 232/232/232 231/231/231 234/234/234
f 240/240/240 235/235/235 241/241/241
f 236/236/236 240/240/240 244/244/244
f 241/241/241 244/244/244 240/240/240
f 243/243/243 244/244/244 241/241/241 242/242/242
f 239/239/239 242/242/242 237/237/237
f 238/238/238 243/243/243 239/239/239
f 242/242/242 239/239/239 243/243/243
f 252/252/252 245/245/245 247/247/247 249/249/249
f 246/246/246 251/251/251 250/250/250 248/248/248
f 251/251/251 252/252/252 249/249/249 250/250/250
usemtl Default
v -60 1862.383056640625 3457
v -60 1862.383056640625 3357
v -120 1862.383056640625 3457
v -120 1862.383056640625 3357
v -120 1862.383056640625 3407
v -60 1862.383056640625 3407
v -120 1622.383056640625 3457
v -120 1622.383056640625 3357
v -60 1622.383056640625 3457
v -60 1622.383056640625 3357
v -60 1622.383056640625 3407
v -120 1622.383056640625 3407
v -120 1862.383056640625 3457
v -120 1862.383056640625 3357
v -120 1622.383056640625 3457
v -120 1622.383056640625 3357
v -120 1862.383056640625 3407
v -120 1622.383056640625 3407
v -120 1742.383056640625 3457
v -120 1742.383056640625 3357
v -60 1862.383056640625 3457
v -60 1622.383056640625 3457
v -120 1862.383056640625 3457
v -120 1622.383056640625 3457
v -120 1742.383056640625 3457
v -60 1742.383056640625 3457
v -60 1622.383056640625 3457
v -60 1622.383056640625 3357
v -60 1862.383056640625 3457
v -60 1862.383056640625 3357
v -60 1862.383056640625 3407
v -60 1622.383056640625 3407
v -60 1742.383056640625 3457
v -60 1742.383056640625 3357
v -60 1862.383056640625 3357
v -60 1622.383056640625 3357
v -120 1862.383056640625 3357
v -120 1622.383056640625 3357
v -120 1742.383056640625 3357
v -60 1742.383056640625 3357
vt 0 0
vt 0 0.29265281558036804
vt 0.17500574886798859 0
vt 0.17500574886798859 0.29265281558036804
vt 0.17500574886798859 0.14632640779018402
vt 0 0.14632640779018402
vt 0.17647059261798859 0
vt 0.17647059261798859 0.29265281558036804
vt 0.35147634148597717 0
vt 0.35147634148597717 0.29265281558036804
vt 0.35147634148597717 0.14632640779018402
vt 0.17647059261798859 0.14632640779018402
vt 0.93971163034439087 0
vt 0.64705884456634521 0
vt 0.93971163034439087 0.70588237047195435
vt 0.64705884456634521 0.70588237047195435
vt 0.79338520765304565 0
vt 0.79338520765304565 0.70588237047195435
vt 0.93971163034439087 0.35294118523597717
vt 0.64705884456634521 0.35294118523597717
vt 0.17647059261798859 0.29411765933036804
vt 0.17647059261798859 0.99853515625
vt 0.35147634148597717 0.29411765933036804
vt 0.35147634148597717 0.99853515625
vt 0.35147634148597717 0.64632642269134521
vt 0.17647059261798859 0.64632642269134521
vt 0.64559400081634521 0
vt 0.35294118523597717 0
vt 0.64559400081634521 0.70588237047195435
vt 0.35294118523597717 0.70588237047195435
vt 0.499267578125 0.70588237047195435
vt 0.499267578125 0
vt 0.64559400081634521 0.35294118523597717
vt 0.35294118523597717 0.35294118523597717
vt 0 0.29411765933036804
vt 0 0.99853515625
vt 0.17500574886798859 0.29411765933036804
vt 0.17500574886798859 0.99853515625
vt 0.17500574886798859 0.64632642269134521
vt 0 0.64632642269134521
vn 0 1 0
vn 0 1 0
vn 0 1 0
vn 0 1 0
vn 0 1 0
vn 0 1 0
vn 0 -1 0
vn 0 -1 0
vn 0 -1 0
vn 0 -1 0
vn 0 -1 0
vn 0 -1 0
vn -1 0 0
vn -1 0 0
vn -1 0 0
vn -1 0 0
vn -1 0 0
vn -1 0 0
vn -1 0 0
vn -1 0 0
vn 0 0 1
vn 0 0 1
vn 0 0 1
vn 0 0 1
vn 0 0 1
vn 0 0 1
vn 1 0 0
vn 1 0 0
vn 1 0 0
vn 1 0 0
vn 1 0 0
vn 1 0 0
vn 1 0 0
vn 1 0 0
vn 0 0 -1
vn 0 0 -1
vn 0 0 -1
vn 0 0 -1
vn 0 0 -1
vn 0 0 -1
f 258/258/258 257/257/257 255/255/255 253/253/253
f 254/254/254 256/256/256 257/257/257 258/258/258
f 264/264/264 263/263/263 261/261/261 259/259/259
f 260/260/260 262/262/262 263/263/263 264/264/264
f 269/269/269 271/271/271 265/265/265
f 269/269/269 266/266/266 272/272/272
f 270/270/270 271/271/271 269/269/269
f 269/269/269 272/272/272 270/270/270
f 270/270/270 272/272/272 268/268/268
f 267/267/267 271/271/271 270/270/270
f 278/278/278 273/273/273 275/275/275 277/277/277
f 274/274/274 278/278/278 277/277/277 276/276/276
f 283/283/283 284/284/284 286/286/286
f 284/284/284 280/280/280 286/286/286
f 285/285/285 279/279/279 284/284/284
f 283/283/283 281/281/281 285/285/285
f 283/283/283 286/286/286 282/282/282
f 285/285/285 284/284/284 283/283/283
f 292/292/292 291/291/291 289/289/289 287/287/287
f 288/288/288 290/290/290 291/291/291 292/292/292
usemtl Default
v 60 1862.383056640625 3457
v 60 1862.383056640625 3357
v 120 1862.383056640625 3457
v 120 1862.383056640625 3357
v 120 1862.383056640625 3407
v 60 1862.383056640625 3407
v 120 1622.383056640625 3457
v 120 1622.383056640625 3357
v 60 1622.383056640625 3457
v 60 1622.383056640625 3357
v 60 1622.383056640625 3407
v 120 1622.383056640625 3407
v 120 1862.383056640625 3457
v 120 1862.383056640625 3357
v 120 1622.383056640625 3457
v 120 1622.383056640625 3357
v 120 1862.383056640625 3407
v 120 1622.383056640625 3407
v 120 1742.383056640625 3457
v 120 1742.383056640625 3357
v 60 1862.383056640625 3457
v 60 1622.383056640625 3457
v 120 1862.383056640625 3457
v 120 1622.383056640625 3457
v 120 1742.383056640625 3457
v 60 1742.383056640625 3457
v 60 1622.383056640625 3457
v 60 1622.383056640625 3357
v 60 1862.383056640625 3457
v 60 1862.383056640625 3357
v 60 1862.383056640625 3407
v 60 1622.383056640625 3407
v 60 1742.383056640625 3457
v 60 1742.383056640625 3357
v 60 1862.383056640625 3357
v 60 1622.383056640625 3357
v 120 1862.383056640625 3357
v 120 1622.383056640625 3357
v 120 1742.383056640625 3357
v 60 1742.383056640625 3357
vt 0.17647059261798859 0
vt 0.17647059261798859 0.29265281558036804
vt 0.35147634148597717 0
vt 0.35147634148597717 0.29265281558036804
vt 0.35147634148597717 0.14632640779018402
vt 0.17647059261798859 0.14632640779018402
vt 0 0
vt 0 0.29265281558036804
vt 0.17500574886798859 0
vt 0.17500574886798859 0.29265281558036804
vt 0.17500574886798859 0.14632640779018402
vt 0 0.14632640779018402
vt 0.93971163034439087 0
vt 0.64705884456634521 0
vt 0.93971163034439087 0.70588237047195435
vt 0.64705884456634521 0.70588237047195435
vt 0.79338520765304565 0
vt 0.79338520765304565 0.70588237047195435
vt 0.93971163034439087 0.35294118523597717
vt 0.64705884456634521 0.35294118523597717
vt 0.17647059261798859 0.29411765933036804
vt 0.17647059261798859 0.99853515625
vt 0.35147634148597717 0.29411765933036804
vt 0.35147634148597717 0.99853515625
vt 0.35147634148597717 0.64632642269134521
vt 0.17647059261798859 0.64632642269134521
vt 0.64559400081634521 0
vt 0.35294118523597717 0
vt 0.64559400081634521 0.70588237047195435
vt 0.35294118523597717 0.70588237047195435
vt 0.499267578125 0.70588237047195435
vt 0.499267578125 0
vt 0.64559400081634521 0.35294118523597717
vt 0.35294118523597717 0.35294118523597717
vt 0 0.29411765933036804
vt 0 0.99853515625
vt 0.17500574886798859 0.29411765933036804
vt 0.17500574886798859 0.99853515625
vt 0.17500574886798859 0.64632642269134521
vt 0 0.64632642269134521
vn 0 1 0
vn 0 1 0
vn 0 1 0
vn 0 1 0
vn 0 1 0
vn 0 1 0
vn 0 -1 0
vn 0 -1 0
vn 0 -1 0
vn 0 -1 0
vn 0 -1 0
vn 0 -1 0
vn 1 0 0
vn 1 0 0
vn 1 0 0
vn 1 0 0
vn 1 0 0
vn 1 0 0
vn 1 0 0
vn 1 0 0
vn 0 0 1
vn 0 0 1
vn 0 0 1
vn 0 0 1
vn 0 0 1
vn 0 0 1
vn -1 0 0
vn -1 0 0
vn -1 0 0
vn -1 0 0
vn -1 0 0
vn -1 0 0
vn -1 0 0
vn -1 0 0
vn 0 0 -1
vn 0 0 -1
vn 0 0 -1
vn 0 0 -1
vn 0 0 -1
vn 0 0 -1
f 298/298/298 293/293/293 295/295/295 297/297/297
f 294/294/294 298/298/298 297/297/297 296/296/296
f 304/304/304 299/299/299 301/301/301 303/303/303
f 300/300/300 304/304/304 303/303/303 302/302/302
f 309/309/309 305/305/305 311/311/311
f 309/309/309 312/312/312 306/306/306
f 310/310/310 309/309/309 311/311/311
f 309/309/309 310/310/310 312/312/312
f 310/310/310 308/308/308 312/312/312
f 307/307/307 310/310/310 311/311/311
f 318/318/318 317/317/317 315/315/315 313/313/313
f 314/314/314 316/316/316 317/317/317 318/318/318
f 323/323/323 326/326/326 324/324/324
f 324/324/324 326/326/326 320/320/320
f 325/325/325 324/324/324 319/319/319
f 323/323/323 325/325/325 321/321/321
f 323/323/323 322/322/322 326/326/326
f 325/325/325 323/323/323 324/324/324
f 332/332/332 327/327/327 329/329/329 331/331/331
f 328/328/328 332/332/332 331/331/331 330/330/330
usemtl Default
v -60 2365.429931640625 3457
v -60 2365.429931640625 3357
v -120 2365.429931640625 3457
v -120 2365.429931640625 3357
v -120 2365.429931640625 3407
v -60 2365.429931640625 3407
v -120 2125.429931640625 3457
v -120 2125.429931640625 3357
v -60 2125.429931640625 3457
v -60 2125.429931640625 3357
v -60 2125.429931640625 3407
v -120 2125.429931640625 3407
v -120 2365.429931640625 3457
v -120 2365.429931640625 3357
v -120 2125.429931640625 3457
v -120 2125.429931640625 3357
v -120 2365.429931640625 3407
v -120 2125.429931640625 3407
v -120 2245.429931640625 3457
v -120 2245.429931640625 3357
v -60 2365.429931640625 3457
v -60 2125.429931640625 3457
v -120 2365.429931640625 3457
v -120 2125.429931640625 3457
v -120 2245.429931640625 3457
v -60 2245.429931640625 3457
v -60 2125.429931640625 3457
v -60 2125.429931640625 3357
v -60 2365.429931640625 3457
v -60 2365.429931640625 3357
v -60 2365.429931640625 3407
v -60 2125.429931640625 3407
v -60 2245.429931640625 3457
v -60 2245.429931640625 3357
v -60 2365.429931640625 3357
v -60 2125.429931640625 3357
v -120 2365.429931640625 3357
v -120 2125.429931640625 3357
v -120 2245.429931640625 3357
v -60 2245.429931640625 3357
vt 0.17647059261798859 0
vt 0.17647059261798859 0.29265281558036804
vt 0.35147634148597717 0
vt 0.35147634148597717 0.29265281558036804
vt 0.35147634148597717 0.14632640779018402
vt 0.17647059261798859 0.14632640779018402
vt 0 0
vt 0 0.29265281558036804
vt 0.17500574886798859 0
vt 0.17500574886798859 0.29265281558036804
vt 0.17500574886798859 0.14632640779018402
vt 0 0.14632640779018402
vt 0.93971163034439087 0
vt 0.64705884456634521 0
vt 0.93971163034439087 0.70588237047195435
vt 0.64705884456634521 0.70588237047195435
vt 0.79338520765304565 0
vt 0.79338520765304565 0.70588237047195435
vt 0.93971163034439087 0.35294118523597717
vt 0.64705884456634521 0.35294118523597717
vt 0.17647059261798859 0.29411765933036804
vt 0.17647059261798859 0.99853515625
vt 0.35147634148597717 0.29411765933036804
vt 0.35147634148597717 0.99853515625
vt 0.35147634148597717 0.64632642269134521
vt 0.17647059261798859 0.64632642269134521
vt 0.64559400081634521 0
vt 0.35294118523597717 0
vt 0.64559400081634521 0.70588237047195435
vt 0.35294118523597717 0.70588237047195435
vt 0.499267578125 0.70588237047195435
vt 0.499267578125 0
vt 0.64559400081634521 0.35294118523597717
vt 0.35294118523597717 0.35294118523597717
vt 0 0.29411765933036804
vt 0 0.99853515625
vt 0.17500574886798859 0.29411765933036804
vt 0.17500574886798859 0.99853515625
vt 0.17500574886798859 0.64632642269134521
vt 0 0.64632642269134521
vn 0 1 0
vn 0 1 0
vn 0 1 0
vn 0 1 0
vn 0 1 0
vn 0 1 0
vn 0 -1 0
vn 0 -1 0
vn 0 -1 0
vn 0 -1 0
vn 0 -1 0
vn 0 -1 0
vn -1 0 0
vn -1 0 0
vn -1 0 0
vn -1 0 0
vn -1 0 0
vn -1 0 0
vn -1 0 0
vn -1 0 0
vn 0 0 1
vn 0 0 1
vn 0 0 1
vn 0 0 1
vn 0 0 1
vn 0 0 1
vn 1 0 0
vn 1 0 0
vn 1 0 0
vn 1 0 0
vn 1 0 0
vn 1 0 0
vn 1 0 0
vn 1 0 0
vn 0 0 -1
vn 0 0 -1
vn 0 0 -1
vn 0 0 -1
vn 0 0 -1
vn 0 0 -1
f 338/338/338 337/337/337 335/335/335 333/333/333
f 334/334/334 336/336/336 337/337/337 338/338/338
f 344/344/344 343/343/343 341/341/341 339/339/339
f 340/340/340 342/342/342 343/343/343 344/344/344
f 350/350/350 349/349/349 352/352/352
f 349/349/349 346/346/346 352/352/352
f 351/351/351 345/345/345 349/349/349
f 350/350/350 347/347/347 351/351/351
f 350/350/350 352/352/352 348/348/348
f 351/351/351 349/349/349 350/350/350
f 358/358/358 353/353/353 355/355/355 357/357/357
f 354/354/354 358/358/358 357/357/357 356/356/356
f 365/365/365 364/364/364 366/366/366
f 364/364/364 360/360/360 366/366/366
f 365/365/365 359/359/359 364/364/364
f 363/363/363 361/361/361 365/365/365
f 363/363/363 366/366/366 362/362/362
f 365/365/365 366/366/366 363/363/363
f 372/372/372 371/371/371 369/369/369 367/367/367
f 368/368/368 370/370/370 371/371/371 372/372/372
usemtl Default
v 60 2365.429931640625 3457
v 60 2365.429931640625 3357
v 120 2365.429931640625 3457
v 120 2365.429931640625 3357
v 120 2365.429931640625 3407
v 60 2365.429931640625 3407
v 120 2125.429931640625 3457
v 120 2125.429931640625 3357
v 60 2125.429931640625 3457
v 60 2125.429931640625 3357
v 60 2125.429931640625 3407
v 120 2125.429931640625 3407
v 120 2365.429931640625 3457
v 120 2365.429931640625 3357
v 120 2125.429931640625 3457
v 120 2125.429931640625 3357
v 120 2365.429931640625 3407
v 120 2125.429931640625 3407
v 120 2245.429931640625 3457
v 120 2245.429931640625 3357
v 60 2365.429931640625 3457
v 60 2125.429931640625 3457
v 120 2365.429931640625 3457
v 120 2125.429931640625 3457
v 120 2245.429931640625 3457
v 60 2245.429931640625 3457
v 60 2125.429931640625 3457
v 60 2125.429931640625 3357
v 60 2365.429931640625 3457
v 60 2365.429931640625 3357
v 60 2365.429931640625 3407
v 60 2125.429931640625 3407
v 60 2245.429931640625 3457
v 60 2245.429931640625 3357
v 60 2365.429931640625 3357
v 60 2125.429931640625 3357
v 120 2365.429931640625 3357
v 120 2125.429931640625 3357
v 120 2245.429931640625 3357
v 60 2245.429931640625 3357
vt 0.17647059261798859 0
vt 0.17647059261798859 0.29265281558036804
vt 0.35147634148597717 0
vt 0.35147634148597717 0.29265281558036804
vt 0.35147634148597717 0.14632640779018402
vt 0.17647059261798859 0.14632640779018402
vt 0 0
vt 0 0.29265281558036804
vt 0.17500574886798859 0
vt 0.17500574886798859 0.29265281558036804
vt 0.17500574886798859 0.14632640779018402
vt 0 0.14632640779018402
vt 0.93971163034439087 0
vt 0.64705884456634521 0
vt 0.93971163034439087 0.70588237047195435
vt 0.64705884456634521 0.70588237047195435
vt 0.79338520765304565 0
vt 0.79338520765304565 0.70588237047195435
vt 0.93971163034439087 0.35294118523597717
vt 0.64705884456634521 0.35294118523597717
vt 0.17647059261798859 0.29411765933036804
vt 0.17647059261798859 0.99853515625
vt 0.35147634148597717 0.29411765933036804
vt 0.35147634148597717 0.99853515625
vt 0.35147634148597717 0.64632642269134521
vt 0.17647059261798859 0.64632642269134521
vt 0.64559400081634521 0
vt 0.35294118523597717 0
vt 0.64559400081634521 0.70588237047195435
vt 0.35294118523597717 0.70588237047195435
vt 0.499267578125 0.70588237047195435
vt 0.499267578125 0
vt 0.64559400081634521 0.35294118523597717
vt 0.35294118523597717 0.35294118523597717
vt 0 0.29411765933036804
vt 0 0.99853515625
vt 0.17500574886798859 0.29411765933036804
vt 0.17500574886798859 0.99853515625
vt 0.17500574886798859 0.64632642269134521
vt 0 0.64632642269134521
vn 0 1 0
vn 0 1 0
vn 0 1 0
vn 0 1 0
vn 0 1 0
vn 0 1 0
vn 0 -1 0
vn 0 -1 0
vn 0 -1 0
vn 0 -1 0
vn 0 -1 0
vn 0 -1 0
vn 1 0 0
vn 1 0 0
vn 1 0 0
vn 1 0 0
vn 1 0 0
vn 1 0 0
vn 1 0 0
vn 1 0 0
vn 0 0 1
vn 0 0 1
vn 0 0 1
vn 0 0 1
vn 0 0 1
vn 0 0 1
vn -1 0 0
vn -1 0 0
vn -1 0 0
vn -1 0 0
vn -1 0 0
vn -1 0 0
vn -1 0 0
vn -1 0 0
vn 0 0 -1
vn 0 0 -1
vn 0 0 -1
vn 0 0 -1
vn 0 0 -1
vn 0 0 -1
f 378/378/378 373/373/373 375/375/375 377/377/377
f 374/374/374 378/378/378 377/377/377 376/376/376
f 384/384/384 379/379/379 381/381/381 383/383/383
f 380/380/380 384/384/384 383/383/383 382/382/382
f 389/389/389 385/385/385 391/391/391
f 389/389/389 392/392/392 386/386/386
f 390/390/390 389/389/389 391/391/391
f 389/389/389 390/390/390 392/392/392
f 390/390/390 388/388/388 392/392/392
f 387/387/387 390/390/390 391/391/391
f 398/398/398 397/397/397 395/395/395 393/393/393
f 394/394/394 396/396/396 397/397/397 398/398/398
f 405/405/405 406/406/406 404/404/404
f 404/404/404 406/406/406 400/400/400
f 405/405/405 404/404/404 399/399/399
f 403/403/403 405/405/405 401/401/401
f 403/403/403 402/402/402 406/406/406
f 405/405/405 403/403/403 406/406/406
f 412/412/412 407/407/407 409/409/409 411/411/411
f 408/408/408 412/412/412 411/411/411 410/410/410
usemtl Default
v -871.69732666015625 43.449836730957031 3457
v -871.69732666015625 43.449836730957031 3357
v -829.27093505859375 1.0234304666519165 3457
v -829.27093505859375 1.0234304666519165 3357
v -829.27093505859375 1.0234304666519165 3407
v -871.69732666015625 43.449836730957031 3407
v -659.5653076171875 170.72906494140625 3457
v -659.5653076171875 170.72906494140625 3357
v -701.99169921875 213.15547180175781 3457
v -701.99169921875 213.15547180175781 3357
v -701.99169921875 213.15547180175781 3407
v -659.5653076171875 170.72906494140625 3407
v -829.27093505859375 1.0234304666519165 3457
v -829.27093505859375 1.0234304666519165 3357
v -659.5653076171875 170.72906494140625 3457
v -659.5653076171875 170.72906494140625 3357
v -829.27093505859375 1.0234304666519165 3407
v -659.5653076171875 170.72906494140625 3407
v -772.702392578125 57.591972351074219 3457
v -716.13385009765625 114.16051483154297 3457
v -716.13385009765625 114.16051483154297 3357
v -772.702392578125 57.591972351074219 3357
v -871.69732666015625 43.449836730957031 3457
v -701.99169921875 213.15547180175781 3457
v -829.27093505859375 1.0234304666519165 3457
v -659.5653076171875 170.72906494140625 3457
v -772.702392578125 57.591972351074219 3457
v -716.13385009765625 114.16051483154297 3457
v -758.56024169921875 156.58692932128906 3457
v -815.1287841796875 100.01837921142578 3457
v -701.99169921875 213.15547180175781 3457
v -701.99169921875 213.15547180175781 3357
v -871.69732666015625 43.449836730957031 3457
v -871.69732666015625 43.449836730957031 3357
v -871.69732666015625 43.449836730957031 3407
v -701.99169921875 213.15547180175781 3407
v -758.56024169921875 156.58692932128906 3457
v -815.1287841796875 100.01837921142578 3457
v -815.1287841796875 100.01837921142578 3357
v -758.56024169921875 156.58692932128906 3357
v -871.69732666015625 43.449836730957031 3357
v -701.99169921875 213.15547180175781 3357
v -829.27093505859375 1.0234304666519165 3357
v -659.5653076171875 170.72906494140625 3357
v -772.702392578125 57.591972351074219 3357
v -716.13385009765625 114.16051483154297 3357
v -758.56024169921875 156.58692932128906 3357
v -815.1287841796875 100.01837921142578 3357
vt 0.17647059261798859 0
vt 0.17647059261798859 0.29265281558036804
vt 0.35147634148597717 0
vt 0.35147634148597717 0.29265281558036804
vt 0.35147634148597717 0.14632640779018402
vt 0.17647059261798859 0.14632640779018402
vt 0 0
vt 0 0.29265281558036804
vt 0.17500574886798859 0
vt 0.17500574886798859 0.29265281558036804
vt 0.17500574886798859 0.14632640779018402
vt 0 0.14632640779018402
vt 0.93971163034439087 0
vt 0.64705884456634521 0
vt 0.93971163034439087 0.70588237047195435
vt 0.64705884456634521 0.70588237047195435
vt 0.79338520765304565 0
vt 0.79338520765304565 0.70588237047195435
vt 0.93971163034439087 0.23529411852359772
vt 0.93971163034439087 0.47058823704719543
vt 0.64705884456634521 0.47058823704719543
vt 0.64705884456634521 0.23529411852359772
vt 0.17647059261798859 0.29411765933036804
vt 0.17647059261798859 0.99853515625
vt 0.35147634148597717 0.29411765933036804
vt 0.35147634148597717 0.99853515625
vt 0.35147634148597717 0.52892351150512695
vt 0.35147634148597717 0.76372933387756348
vt 0.17647059261798859 0.76372933387756348
vt 0.17647059261798859 0.52892351150512695
vt 0.64559400081634521 0
vt 0.35294118523597717 0
vt 0.64559400081634521 0.70588237047195435
vt 0.35294118523597717 0.70588237047195435
vt 0.499267578125 0.70588237047195435
vt 0.499267578125 0
vt 0.64559400081634521 0.23529411852359772
vt 0.64559400081634521 0.47058823704719543
vt 0.35294118523597717 0.47058823704719543
vt 0.35294118523597717 0.23529411852359772
vt 0 0.29411765933036804
vt 0 0.99853515625
vt 0.17500574886798859 0.29411765933036804
vt 0.17500574886798859 0.99853515625
vt 0.17500574886798859 0.52892351150512695
vt 0.17500574886798859 0.76372933387756348
vt 0 0.76372933387756348
vt 0 0.52892351150512695
vn -0.70710676908493042 -0.70710676908493042 0
vn -0.70710676908493042 -0.70710676908493042 0
vn -0.70710676908493042 -0.70710676908493042 0
vn -0.70710676908493042 -0.70710676908493042 0
vn -0.70710676908493042 -0.70710676908493042 0
vn -0.70710676908493042 -0.70710676908493042 0
vn 0.70710676908493042 0.70710676908493042 0
vn 0.70710676908493042 0.70710676908493042 0
vn 0.70710676908493042 0.70710676908493042 0
vn 0.70710676908493042 0.70710676908493042 0
vn 0.70710676908493042 0.70710676908493042 0
vn 0.70710676908493042 0.70710676908493042 0
vn 0.70710676908493042 -0.70710676908493042 0
vn 0.70710676908493042 -0.70710676908493042 0
vn 0.70710676908493042 -0.70710676908493042 0
vn 0.70710676908493042 -0.70710676908493042 0
vn 0.70710676908493042 -0.70710676908493042 0
vn 0.70710676908493042 -0.70710676908493042 0
vn 0.70710676908493042 -0.70710676908493042 0
vn 0.70710676908493042 -0.70710676908493042 0
vn 0.70710676908493042 -0.70710676908493042 0
vn 0.70710676908493042 -0.70710676908493042 0
vn 0 0 1
vn 0 0 1
vn 0 0 1
vn 0 0 1
vn 0 0 1
vn 0 0 1
vn 0 0 1
vn 0 0 1
vn -0.70710676908493042 0.70710676908493042 0
vn -0.70710676908493042 0.70710676908493042 0
vn -0.70710676908493042 0.70710676908493042 0
vn -0.70710676908493042 0.70710676908493042 0
vn -0.70710676908493042 0.70710676908493042 0
vn -0.70710676908493042 0.70710676908493042 0
vn -0.70710676908493042 0.70710676908493042 0
vn -0.70710676908493042 0.70710676908493042 0
vn -0.70710676908493042 0.70710676908493042 0
vn -0.70710676908493042 0.70710676908493042 0
vn 0 0 -1
vn 0 0 -1
vn 0 0 -1
vn 0 0 -1
vn 0 0 -1
vn 0 0 -1
vn 0 0 -1
vn 0 0 -1
f 418/418/418 417/417/417 415/415/415 413/413/413
f 414/414/414 416/416/416 417/417/417 418/418/418
f 424/424/424 423/423/423 421/421/421 419/419/419
f 420/420/420 422/422/422 423/423/423 424/424/424
f 429/429/429 431/431/431 425/425/425
f 426/426/426 434/434/434 429/429/429
f 429/429/429 434/434/434 430/430/430
f 430/430/430 431/431/431 429/429/429
f 430/430/430 427/427/427 432/432/432
f 428/428/428 430/430/430 433/433/433
f 430/430/430 434/434/434 433/433/433
f 432/432/432 431/431/431 430/430/430
f 442/442/442 435/435/435 437/437/437 439/439/439
f 436/436/436 441/441/441 440/440/440 438/438/438
f 441/441/441 442/442/442 439/439/439 440/440/440
f 448/448/448 449/449/449 443/443/443
f 444/444/444 452/452/452 448/448/448
f 448/448/448 452/452/452 451/451/451
f 447/447/447 449/449/449 448/448/448
f 447/447/447 445/445/445 450/450/450
f 446/446/446 447/447/447 451/451/451
f 447/447/447 448/448/448 451/451/451
f 450/450/450 449/449/449 447/447/447
f 460/460/460 457/457/457 455/455/455 453/453/453
f 454/454/454 456/456/456 458/458/458 459/459/459
f 459/459/459 458/458/458 457/457/457 460/460/460
usemtl Default
v -956.5501708984375 128.30265808105469 3457
v -956.5501708984375 128.30265808105469 3357
v -998.9765625 170.72906494140625 3457
v -998.9765625 170.72906494140625 3357
v -998.9765625 170.72906494140625 3407
v -956.5501708984375 128.30265808105469 3407
v -829.27093505859375 340.4346923828125 3457
v -829.27093505859375 340.4346923828125 3357
v -786.84454345703125 298.00827026367188 3457
v -786.84454345703125 298.00827026367188 3357
v -786.84454345703125 298.00827026367188 3407
v -829.27093505859375 340.4346923828125 3407
v -998.9765625 170.72906494140625 3457
v -998.9765625 170.72906494140625 3357
v -829.27093505859375 340.4346923828125 3457
v -829.27093505859375 340.4346923828125 3357
v -998.9765625 170.72906494140625 3407
v -829.27093505859375 340.4346923828125 3407
v -942.40802001953125 227.297607421875 3457
v -885.8394775390625 283.86614990234375 3457
v -885.8394775390625 283.86614990234375 3357
v -942.40802001953125 227.297607421875 3357
v -956.5501708984375 128.30265808105469 3457
v -786.84454345703125 298.00827026367188 3457
v -998.9765625 170.72906494140625 3457
v -829.27093505859375 340.4346923828125 3457
v -942.40802001953125 227.297607421875 3457
v -885.8394775390625 283.86614990234375 3457
v -843.4130859375 241.43974304199219 3457
v -899.98162841796875 184.87120056152344 3457
v -786.84454345703125 298.00827026367188 3457
v -786.84454345703125 298.00827026367188 3357
v -956.5501708984375 128.30265808105469 3457
v -956.5501708984375 128.30265808105469 3357
v -956.5501708984375 128.30265808105469 3407
v -786.84454345703125 298.00827026367188 3407
v -843.4130859375 241.43974304199219 3457
v -899.98162841796875 184.87120056152344 3457
v -899.98162841796875 184.87120056152344 3357
v -843.4130859375 241.43974304199219 3357
v -956.5501708984375 128.30265808105469 3357
v -786.84454345703125 298.00827026367188 3357
v -998.9765625 170.72906494140625 3357
v -829.27093505859375 340.4346923828125 3357
v -942.40802001953125 227.297607421875 3357
v -885.8394775390625 283.86614990234375 3357
v -843.4130859375 241.43974304199219 3357
v -899.98162841796875 184.87120056152344 3357
vt 0.17647059261798859 0
vt 0.17647059261798859 0.29265281558036804
vt 0.35147634148597717 0
vt 0.35147634148597717 0.29265281558036804
vt 0.35147634148597717 0.14632640779018402
vt 0.17647059261798859 0.14632640779018402
vt 0 0
vt 0 0.29265281558036804
vt 0.17500574886798859 0
vt 0.17500574886798859 0.29265281558036804
vt 0.17500574886798859 0.14632640779018402
vt 0 0.14632640779018402
vt 0.93971163034439087 0
vt 0.64705884456634521 0
vt 0.93971163034439087 0.70588237047195435
vt 0.64705884456634521 0.70588237047195435
vt 0.79338520765304565 0
vt 0.79338520765304565 0.70588237047195435
vt 0.93971163034439087 0.23529411852359772
vt 0.93971163034439087 0.47058823704719543
vt 0.64705884456634521 0.47058823704719543
vt 0.64705884456634521 0.23529411852359772
vt 0.17647059261798859 0.29411765933036804
vt 0.17647059261798859 0.99853515625
vt 0.35147634148597717 0.29411765933036804
vt 0.35147634148597717 0.99853515625
vt 0.35147634148597717 0.52892351150512695
vt 0.35147634148597717 0.76372933387756348
vt 0.17647059261798859 0.76372933387756348
vt 0.17647059261798859 0.52892351150512695
vt 0.64559400081634521 0
vt 0.35294118523597717 0
vt 0.64559400081634521 0.70588237047195435
vt 0.35294118523597717 0.70588237047195435
vt 0.499267578125 0.70588237047195435
vt 0.499267578125 0
vt 0.64559400081634521 0.23529411852359772
vt 0.64559400081634521 0.47058823704719543
vt 0.35294118523597717 0.47058823704719543
vt 0.35294118523597717 0.23529411852359772
vt 0 0.29411765933036804
vt 0 0.99853515625
vt 0.17500574886798859 0.29411765933036804
vt 0.17500574886798859 0.99853515625
vt 0.17500574886798859 0.52892351150512695
vt 0.17500574886798859 0.76372933387756348
vt 0 0.76372933387756348
vt 0 0.52892351150512695
vn -0.70710676908493042 -0.70710676908493042 0
vn -0.70710676908493042 -0.70710676908493042 0
vn -0.70710676908493042 -0.70710676908493042 0
vn -0.70710676908493042 -0.70710676908493042 0
vn -0.70710676908493042 -0.70710676908493042 0
vn -0.70710676908493042 -0.70710676908493042 0
vn 0.70710676908493042 0.70710676908493042 0
vn 0.70710676908493042 0.70710676908493042 0
vn 0.70710676908493042 0.70710676908493042 0
vn 0.70710676908493042 0.70710676908493042 0
vn 0.70710676908493042 0.70710676908493042 0
vn 0.70710676908493042 0.70710676908493042 0
vn -0.70710676908493042 0.70710676908493042 0
vn -0.70710676908493042 0.70710676908493042 0
vn -0.70710676908493042 0.70710676908493042 0
vn -0.70710676908493042 0.70710676908493042 0
vn -0.70710676908493042 0.70710676908493042 0
vn -0.70710676908493042 0.70710676908493042 0
vn -0.70710676908493042 0.70710676908493042 0
vn -0.70710676908493042 0.70710676908493042 0
vn -0.70710676908493042 0.70710676908493042 0
vn -0.70710676908493042 0.70710676908493042 0
vn 0 0 1
vn 0 0 1
vn 0 0 1
vn 0 0 1
vn 0 0 1
vn 0 0 1
vn 0 0 1
vn 0 0 1
vn 0.70710676908493042 -0.70710676908493042 0
vn 0.70710676908493042 -0.70710676908493042 0
vn 0.70710676908493042 -0.70710676908493042 0
vn 0.70710676908493042 -0.70710676908493042 0
vn 0.70710676908493042 -0.70710676908493042 0
vn 0.70710676908493042 -0.70710676908493042 0
vn 0.70710676908493042 -0.70710676908493042 0
vn 0.70710676908493042 -0.70710676908493042 0
vn 0.70710676908493042 -0.70710676908493042 0
vn 0.70710676908493042 -0.70710676908493042 0
vn 0 0 -1
vn 0 0 -1
vn 0 0 -1
vn 0 0 -1
vn 0 0 -1
vn 0 0 -1
vn 0 0 -1
vn 0 0 -1
f 466/466/466 461/461/461 463/463/463 465/465/465
f 462/462/462 466/466/466 465/465/465 464/464/464
f 472/472/472 467/467/467 469/469/469 471/471/471
f 468/468/468 472/472/472 471/471/471 470/470/470
f 477/477/477 473/473/473 479/479/479
f 474/474/474 477/477/477 482/482/482
f 479/479/479 482/482/482 477/477/477
f 479/479/479 480/480/480 481/481/481 482/482/482
f 478/478/478 480/480/480 475/475/475
f 476/476/476 481/481/481 478/478/478
f 480/480/480 478/478/478 481/481/481
f 490/490/490 487/487/487 485/485/485 483/483/483
f 484/484/484 486/486/486 488/488/488 489/489/489
f 489/489/489 488/488/488 487/487/487 490/490/490
f 496/496/496 491/491/491 497/497/497
f 492/492/492 496/496/496 500/500/500
f 496/496/496 499/499/499 500/500/500
f 495/495/495 496/496/496 497/497/497
f 495/495/495 498/498/498 493/493/493
f 494/494/494 499/499/499 495/495/495
f 495/495/495 499/499/499 496/496/496
f 498/498/498 495/495/495 497/497/497
f 508/508/508 501/501/501 503/503/503 505/505/505
f 502/502/502 507/507/507 506/506/506 504/504/504
f 507/507/507 508/508/508 505/505/505 506/506/506
usemtl Default
v -542.4263916015625 372.72076416015625 3457
v -542.4263916015625 372.72076416015625 3357
v -500 330.29437255859375 3457
v -500 330.29437255859375 3357
v -500 330.29437255859375 3407
v -542.4263916015625 372.72076416015625 3407
v -330.29437255859375 500 3457
v -330.29437255859375 500 3357
v -372.72076416015625 542.4263916015625 3457
v -372.72076416015625 542.4263916015625 3357
v -372.72076416015625 542.4263916015625 3407
v -330.29437255859375 500 3407
v -500 330.29437255859375 3457
v -500 330.29437255859375 3357
v -330.29437255859375 500 3457
v -330.29437255859375 500 3357
v -500 330.29437255859375 3407
v -330.29437255859375 500 3407
v -443.43145751953125 386.8629150390625 3457
v -386.8629150390625 443.43145751953125 3457
v -386.8629150390625 443.43145751953125 3357
v -443.43145751953125 386.8629150390625 3357
v -542.4263916015625 372.72076416015625 3457
v -372.72076416015625 542.4263916015625 3457
v -500 330.29437255859375 3457
v -330.29437255859375 500 3457
v -443.43145751953125 386.8629150390625 3457
v -386.8629150390625 443.43145751953125 3457
v -457.57357788085938 457.57357788085938 3457
v -372.72076416015625 542.4263916015625 3457
v -372.72076416015625 542.4263916015625 3357
v -542.4263916015625 372.72076416015625 3457
v -542.4263916015625 372.72076416015625 3357
v -542.4263916015625 372.72076416015625 3407
v -372.72076416015625 542.4263916015625 3407
v -457.57357788085938 457.57357788085938 3457
v -457.57357788085938 457.57357788085938 3357
v -542.4263916015625 372.72076416015625 3357
v -372.72076416015625 542.4263916015625 3357
v -500 330.29437255859375 3357
v -330.29437255859375 500 3357
v -443.43145751953125 386.8629150390625 3357
v -386.8629150390625 443.43145751953125 3357
v -457.57357788085938 457.57357788085938 3357
vt 0.17647059261798859 0
vt 0.17647059261798859 0.29265281558036804
vt 0.35147634148597717 0
vt 0.35147634148597717 0.29265281558036804
vt 0.35147634148597717 0.14632640779018402
vt 0.17647059261798859 0.14632640779018402
vt 0 0
vt 0 0.29265281558036804
vt 0.17500574886798859 0
vt 0.17500574886798859 0.29265281558036804
vt 0.17500574886798859 0.14632640779018402
vt 0 0.14632640779018402
vt 0.93971163034439087 0
vt 0.64705884456634521 0
vt 0.93971163034439087 0.70588237047195435
vt 0.64705884456634521 0.70588237047195435
vt 0.79338520765304565 0
vt 0.79338520765304565 0.70588237047195435
vt 0.93971163034439087 0.23529411852359772
vt 0.93971163034439087 0.47058823704719543
vt 0.64705884456634521 0.47058823704719543
vt 0.64705884456634521 0.23529411852359772
vt 0.17647059261798859 0.29411765933036804
vt 0.17647059261798859 0.99853515625
vt 0.35147634148597717 0.29411765933036804
vt 0.35147634148597717 0.99853515625
vt 0.35147634148597717 0.52892351150512695
vt 0.35147634148597717 0.76372933387756348
vt 0.17647059261798859 0.64632642269134521
vt 0.64559400081634521 0
vt 0.35294118523597717 0
vt 0.64559400081634521 0.70588237047195435
vt 0.35294118523597717 0.70588237047195435
vt 0.499267578125 0.70588237047195435
vt 0.499267578125 0
vt 0.64559400081634521 0.35294118523597717
vt 0.35294118523597717 0.35294118523597717
vt 0 0.29411765933036804
vt 0 0.99853515625
vt 0.17500574886798859 0.29411765933036804
vt 0.17500574886798859 0.99853515625
vt 0.17500574886798859 0.52892351150512695
vt 0.17500574886798859 0.76372933387756348
vt 0 0.64632642269134521
vn -0.70710676908493042 -0.70710676908493042 0
vn -0.70710676908493042 -0.70710676908493042 0
vn -0.70710676908493042 -0.70710676908493042 0
vn -0.70710676908493042 -0.70710676908493042 0
vn -0.70710676908493042 -0.70710676908493042 0
vn -0.70710676908493042 -0.70710676908493042 0
vn 0.70710676908493042 0.70710676908493042 0
vn 0.70710676908493042 0.70710676908493042 0
vn 0.70710676908493042 0.70710676908493042 0
vn 0.70710676908493042 0.70710676908493042 0
vn 0.70710676908493042 0.70710676908493042 0
vn 0.70710676908493042 0.70710676908493042 0
vn 0.70710676908493042 -0.70710676908493042 0
vn 0.70710676908493042 -0.70710676908493042 0
vn 0.70710676908493042 -0.70710676908493042 0
vn 0.70710676908493042 -0.70710676908493042 0
vn 0.70710676908493042 -0.70710676908493042 0
vn 0.70710676908493042 -0.70710676908493042 0
vn 0.70710676908493042 -0.70710676908493042 0
vn 0.70710676908493042 -0.70710676908493042 0
vn 0.70710676908493042 -0.70710676908493042 0
vn 0.70710676908493042 -0.70710676908493042 0
vn 0 0 1
vn 0 0 1
vn 0 0 1
vn 0 0 1
vn 0 0 1
vn 0 0 1
vn 0 0 1
vn -0.70710676908493042 0.70710676908493042 0
vn -0.70710676908493042 0.70710676908493042 0
vn -0.70710676908493042 0.70710676908493042 0
vn -0.70710676908493042 0.70710676908493042 0
vn -0.70710676908493042 0.70710676908493042 0
vn -0.70710676908493042 0.70710676908493042 0
vn -0.70710676908493042 0.70710676908493042 0
vn -0.70710676908493042 0.70710676908493042 0
vn 0 0 -1
vn 0 0 -1
vn 0 0 -1
vn 0 0 -1
vn 0 0 -1
vn 0 0 -1
vn 0 0 -1
f 514/514/514 513/513/513 511/511/511 509/509/509
f 510/510/510 512/512/512 513/513/513 514/514/514
f 520/520/520 519/519/519 517/517/517 515/515/515
f 516/516/516 518/518/518 519/519/519 520/520/520
f 525/525/525 527/527/527 521/521/521
f 522/522/522 530/530/530 525/525/525
f 527/527/527 525/525/525 530/530/530
f 529/529/529 528/528/528 527/527/527 530/530/530
f 526/526/526 523/523/523 528/528/528
f 524/524/524 526/526/526 529/529/529
f 528/528/528 529/529/529 526/526/526
f 537/537/537 531/531/531 533/533/533 535/535/535
f 532/532/532 537/537/537 536/536/536 534/534/534
f 537/537/537 535/535/535 536/536/536
f 542/542/542 543/543/543 545/545/545
f 543/543/543 539/539/539 545/545/545
f 544/544/544 538/538/538 543/543/543
f 542/542/542 540/540/540 544/544/544
f 542/542/542 545/545/545 541/541/541
f 544/544/544 543/543/543 542/542/542
f 552/552/552 550/550/550 548/548/548 546/546/546
f 547/547/547 549/549/549 551/551/551 552/552/552
f 552/552/552 551/551/551 550/550/550
usemtl Default
v -627.27923583984375 457.57357788085938 3457
v -627.27923583984375 457.57357788085938 3357
v -669.70562744140625 500 3457
v -669.70562744140625 500 3357
v -669.70562744140625 500 3407
v -627.27923583984375 457.57357788085938 3407
v -500 669.70562744140625 3457
v -500 669.70562744140625 3357
v -457.57357788085938 627.27923583984375 3457
v -457.57357788085938 627.27923583984375 3357
v -457.57357788085938 627.27923583984375 3407
v -500 669.70562744140625 3407
v -669.70562744140625 500 3457
v -669.70562744140625 500 3357
v -500 669.70562744140625 3457
v -500 669.70562744140625 3357
v -669.70562744140625 500 3407
v -500 669.70562744140625 3407
v -613.1370849609375 556.56854248046875 3457
v -556.56854248046875 613.1370849609375 3457
v -556.56854248046875 613.1370849609375 3357
v -613.1370849609375 556.56854248046875 3357
v -627.27923583984375 457.57357788085938 3457
v -457.57357788085938 627.27923583984375 3457
v -669.70562744140625 500 3457
v -500 669.70562744140625 3457
v -613.1370849609375 556.56854248046875 3457
v -556.56854248046875 613.1370849609375 3457
v -514.14215087890625 570.710693359375 3457
v -570.710693359375 514.14215087890625 3457
v -457.57357788085938 627.27923583984375 3457
v -457.57357788085938 627.27923583984375 3357
v -627.27923583984375 457.57357788085938 3457
v -627.27923583984375 457.57357788085938 3357
v -627.27923583984375 457.57357788085938 3407
v -457.57357788085938 627.27923583984375 3407
v -514.14215087890625 570.710693359375 3457
v -570.710693359375 514.14215087890625 3457
v -570.710693359375 514.14215087890625 3357
v -514.14215087890625 570.710693359375 3357
v -627.27923583984375 457.57357788085938 3357
v -457.57357788085938 627.27923583984375 3357
v -669.70562744140625 500 3357
v -500 669.70562744140625 3357
v -613.1370849609375 556.56854248046875 3357
v -556.56854248046875 613.1370849609375 3357
v -514.14215087890625 570.710693359375 3357
v -570.710693359375 514.14215087890625 3357
vt 0.17647059261798859 0
vt 0.17647059261798859 0.29265281558036804
vt 0.35147634148597717 0
vt 0.35147634148597717 0.29265281558036804
vt 0.35147634148597717 0.14632640779018402
vt 0.17647059261798859 0.14632640779018402
vt 0 0
vt 0 0.29265281558036804
vt 0.17500574886798859 0
vt 0.17500574886798859 0.29265281558036804
vt 0.17500574886798859 0.14632640779018402
vt 0 0.14632640779018402
vt 0.93971163034439087 0
vt 0.64705884456634521 0
vt 0.93971163034439087 0.70588237047195435
vt 0.64705884456634521 0.70588237047195435
vt 0.79338520765304565 0
vt 0.79338520765304565 0.70588237047195435
vt 0.93971163034439087 0.23529411852359772
vt 0.93971163034439087 0.47058823704719543
vt 0.64705884456634521 0.47058823704719543
vt 0.64705884456634521 0.23529411852359772
vt 0.17647059261798859 0.29411765933036804
vt 0.17647059261798859 0.99853515625
vt 0.35147634148597717 0.29411765933036804
vt 0.35147634148597717 0.99853515625
vt 0.35147634148597717 0.52892351150512695
vt 0.35147634148597717 0.76372933387756348
vt 0.17647059261798859 0.76372933387756348
vt 0.17647059261798859 0.52892351150512695
vt 0.64559400081634521 0
vt 0.35294118523597717 0
vt 0.64559400081634521 0.70588237047195435
vt 0.35294118523597717 0.70588237047195435
vt 0.499267578125 0.70588237047195435
vt 0.499267578125 0
vt 0.64559400081634521 0.23529411852359772
vt 0.64559400081634521 0.47058823704719543
vt 0.35294118523597717 0.47058823704719543
vt 0.35294118523597717 0.23529411852359772
vt 0 0.29411765933036804
vt 0 0.99853515625
vt 0.17500574886798859 0.29411765933036804
vt 0.17500574886798859 0.99853515625
vt 0.17500574886798859 0.52892351150512695
vt 0.17500574886798859 0.76372933387756348
vt 0 0.76372933387756348
vt 0 0.52892351150512695
vn -0.70710676908493042 -0.70710676908493042 0
vn -0.70710676908493042 -0.70710676908493042 0
vn -0.70710676908493042 -0.70710676908493042 0
vn -0.70710676908493042 -0.70710676908493042 0
vn -0.70710676908493042 -0.70710676908493042 0
vn -0.70710676908493042 -0.70710676908493042 0
vn 0.70710676908493042 0.70710676908493042 0
vn 0.70710676908493042 0.70710676908493042 0
vn 0.70710676908493042 0.70710676908493042 0
vn 0.70710676908493042 0.70710676908493042 0
vn 0.70710676908493042 0.70710676908493042 0
vn 0.70710676908493042 0.70710676908493042 0
vn -0.70710676908493042 0.70710676908493042 0
vn -0.70710676908493042 0.70710676908493042 0
vn -0.70710676908493042 0.70710676908493042 0
vn -0.70710676908493042 0.70710676908493042 0
vn -0.70710676908493042 0.70710676908493042 0
vn -0.70710676908493042 0.70710676908493042 0
vn -0.70710676908493042 0.70710676908493042 0
vn -0.70710676908493042 0.70710676908493042 0
vn -0.70710676908493042 0.70710676908493042 0
vn -0.70710676908493042 0.70710676908493042 0
vn 0 0 1
vn 0 0 1
vn 0 0 1
vn 0 0 1
vn 0 0 1
vn 0 0 1
vn 0 0 1
vn 0 0 1
vn 0.70710676908493042 -0.70710676908493042 0
vn 0.70710676908493042 -0.70710676908493042 0
vn 0.70710676908493042 -0.70710676908493042 0
vn 0.70710676908493042 -0.70710676908493042 0
vn 0.70710676908493042 -0.70710676908493042 0
vn 0.70710676908493042 -0.70710676908493042 0
vn 0.70710676908493042 -0.70710676908493042 0
vn 0.70710676908493042 -0.70710676908493042 0
vn 0.70710676908493042 -0.70710676908493042 0
vn 0.70710676908493042 -0.70710676908493042 0
vn 0 0 -1
vn 0 0 -1
vn 0 0 -1
vn 0 0 -1
vn 0 0 -1
vn 0 0 -1
vn 0 0 -1
vn 0 0 -1
f 558/558/558 553/553/553 555/555/555 557/557/557
f 554/554/554 558/558/558 557/557/557 556/556/556
f 564/564/564 559/559/559 561/561/561 563/563/563
f 560/560/560 564/564/564 563/563/563 562/562/562
f 569/569/569 565/565/565 571/571/571
f 566/566/566 569/569/569 574/574/574
f 571/571/571 574/574/574 569/569/569
f 573/573/573 574/574/574 571/571/571 572/572/572
f 570/570/570 572/572/572 567/567/567
f 568/568/568 573/573/573 570/570/570
f 572/572/572 570/570/570 573/573/573
f 582/582/582 579/579/579 577/577/577 575/575/575
f 576/576/576 578/578/578 580/580/580 581/581/581
f 581/581/581 580/580/580 579/579/579 582/582/582
f 588/588/588 583/583/583 589/589/589
f 584/584/584 588/588/588 592/592/592
f 589/589/589 592/592/592 588/588/588
f 591/591/591 592/592/592 589/589/589 590/590/590
f 587/587/587 590/590/590 585/585/585
f 586/586/586 591/591/591 587/587/587
f 590/590/590 587/587/587 591/591/591
f 600/600/600 593/593/593 595/595/595 597/597/597
f 594/594/594 599/599/599 598/598/598 596/596/596
f 599/599/599 600/600/600 597/597/597 598/598/598
usemtl Default
v -213.15547180175781 701.99169921875 3457
v -213.15547180175781 701.99169921875 3357
v -170.72906494140625 659.5653076171875 3457
v -170.72906494140625 659.5653076171875 3357
v -170.72906494140625 659.5653076171875 3407
v -213.15547180175781 701.99169921875 3407
v -1.0234304666519165 829.27093505859375 3457
v -1.0234304666519165 829.27093505859375 3357
v -43.449836730957031 871.69732666015625 3457
v -43.449836730957031 871.69732666015625 3357
v -43.449836730957031 871.69732666015625 3407
v -1.0234304666519165 829.27093505859375 3407
v -170.72906494140625 659.5653076171875 3457
v -170.72906494140625 659.5653076171875 3357
v -1.0234304666519165 829.27093505859375 3457
v -1.0234304666519165 829.27093505859375 3357
v -170.72906494140625 659.5653076171875 3407
v -1.0234304666519165 829.27093505859375 3407
v -114.16051483154297 716.13385009765625 3457
v -57.591972351074219 772.702392578125 3457
v -57.591972351074219 772.702392578125 3357
v -114.16051483154297 716.13385009765625 3357
v -213.15547180175781 701.99169921875 3457
v -43.449836730957031 871.69732666015625 3457
v -170.72906494140625 659.5653076171875 3457
v -1.0234304666519165 829.27093505859375 3457
v -114.16051483154297 716.13385009765625 3457
v -57.591972351074219 772.702392578125 3457
v -128.30265808105469 786.84454345703125 3457
v -43.449836730957031 871.69732666015625 3457
v -43.449836730957031 871.69732666015625 3357
v -213.15547180175781 701.99169921875 3457
v -213.15547180175781 701.99169921875 3357
v -213.15547180175781 701.99169921875 3407
v -43.449836730957031 871.69732666015625 3407
v -128.30265808105469 786.84454345703125 3457
v -128.30265808105469 786.84454345703125 3357
v -213.15547180175781 701.99169921875 3357
v -43.449836730957031 871.69732666015625 3357
v -170.72906494140625 659.5653076171875 3357
v -1.0234304666519165 829.27093505859375 3357
v -114.16051483154297 716.13385009765625 3357
v -57.591972351074219 772.702392578125 3357
v -128.30265808105469 786.84454345703125 3357
vt 0.17647059261798859 0
vt 0.17647059261798859 0.29265281558036804
vt 0.35147634148597717 0
vt 0.35147634148597717 0.29265281558036804
vt 0.35147634148597717 0.14632640779018402
vt 0.17647059261798859 0.14632640779018402
vt 0 0
vt 0 0.29265281558036804
vt 0.17500574886798859 0
vt 0.17500574886798859 0.29265281558036804
vt 0.17500574886798859 0.14632640779018402
vt 0 0.14632640779018402
vt 0.93971163034439087 0
vt 0.64705884456634521 0
vt 0.93971163034439087 0.70588237047195435
vt 0.64705884456634521 0.70588237047195435
vt 0.79338520765304565 0
vt 0.79338520765304565 0.70588237047195435
vt 0.93971163034439087 0.23529411852359772
vt 0.93971163034439087 0.47058823704719543
vt 0.64705884456634521 0.47058823704719543
vt 0.64705884456634521 0.23529411852359772
vt 0.17647059261798859 0.29411765933036804
vt 0.17647059261798859 0.99853515625
vt 0.35147634148597717 0.29411765933036804
vt 0.35147634148597717 0.99853515625
vt 0.35147634148597717 0.52892351150512695
vt 0.35147634148597717 0.76372933387756348
vt 0.17647059261798859 0.64632642269134521
vt 0.64559400081634521 0
vt 0.35294118523597717 0
vt 0.64559400081634521 0.70588237047195435
vt 0.35294118523597717 0.70588237047195435
vt 0.499267578125 0.70588237047195435
vt 0.499267578125 0
vt 0.64559400081634521 0.35294118523597717
vt 0.35294118523597717 0.35294118523597717
vt 0 0.29411765933036804
vt 0 0.99853515625
vt 0.17500574886798859 0.29411765933036804
vt 0.17500574886798859 0.99853515625
vt 0.17500574886798859 0.52892351150512695
vt 0.17500574886798859 0.76372933387756348
vt 0 0.64632642269134521
vn -0.70710676908493042 -0.70710676908493042 0
vn -0.70710676908493042 -0.70710676908493042 0
vn -0.70710676908493042 -0.70710676908493042 0
vn -0.70710676908493042 -0.70710676908493042 0
vn -0.70710676908493042 -0.70710676908493042 0
vn -0.70710676908493042 -0.70710676908493042 0
vn 0.70710676908493042 0.70710676908493042 0
vn 0.70710676908493042 0.70710676908493042 0
vn 0.70710676908493042 0.70710676908493042 0
vn 0.70710676908493042 0.70710676908493042 0
vn 0.70710676908493042 0.70710676908493042 0
vn 0.70710676908493042 0.70710676908493042 0
vn 0.70710676908493042 -0.70710676908493042 0
vn 0.70710676908493042 -0.70710676908493042 0
vn 0.70710676908493042 -0.70710676908493042 0
vn 0.70710676908493042 -0.70710676908493042 0
vn 0.70710676908493042 -0.70710676908493042 0
vn 0.70710676908493042 -0.70710676908493042 0
vn 0.70710676908493042 -0.70710676908493042 0
vn 0.70710676908493042 -0.70710676908493042 0
vn 0.70710676908493042 -0.70710676908493042 0
vn 0.70710676908493042 -0.70710676908493042 0
vn 0 0 1
vn 0 0 1
vn 0 0 1
vn 0 0 1
vn 0 0 1
vn 0 0 1
vn 0 0 1
vn -0.70710676908493042 0.70710676908493042 0
vn -0.70710676908493042 0.70710676908493042 0
vn -0.70710676908493042 0.70710676908493042 0
vn -0.70710676908493042 0.70710676908493042 0
vn -0.70710676908493042 0.70710676908493042 0
vn -0.70710676908493042 0.70710676908493042 0
vn -0.70710676908493042 0.70710676908493042 0
vn -0.70710676908493042 0.70710676908493042 0
vn 0 0 -1
vn 0 0 -1
vn 0 0 -1
vn 0 0 -1
vn 0 0 -1
vn 0 0 -1
vn 0 0 -1
f 606/606/606 605/605/605 603/603/603 601/601/601
f 602/602/602 604/604/604 605/605/605 606/606/606
f 612/612/612 611/611/611 609/609/609 607/607/607
f 608/608/608 610/610/610 611/611/611 612/612/612
f 617/617/617 619/619/619 613/613/613
f 614/614/614 622/622/622 617/617/617
f 619/619/619 617/617/617 622/622/622
f 621/621/621 620/620/620 619/619/619 622/622/622
f 618/618/618 615/615/615 620/620/620
f 616/616/616 618/618/618 621/621/621
f 620/620/620 621/621/621 618/618/618
f 629/629/629 623/623/623 625/625/625 627/627/627
f 624/624/624 629/629/629 628/628/628 626/626/626
f 629/629/629 627/627/627 628/628/628
f 634/634/634 635/635/635 637/637/637
f 635/635/635 631/631/631 637/637/637
f 636/636/636 630/630/630 635/635/635
f 634/634/634 632/632/632 636/636/636
f 634/634/634 637/637/637 633/633/633
f 636/636/636 635/635/635 634/634/634
f 644/644/644 642/642/642 640/640/640 638/638/638
f 639/639/639 641/641/641 643/643/643 644/644/644
f 644/644/644 643/643/643 642/642/642
usemtl Default
v -298.00827026367188 786.84454345703125 3457
v -298.00827026367188 786.84454345703125 3357
v -340.4346923828125 829.27093505859375 3457
v -340.4346923828125 829.27093505859375 3357
v -340.4346923828125 829.27093505859375 3407
v -298.00827026367188 786.84454345703125 3407
v -170.72906494140625 998.9765625 3457
v -170.72906494140625 998.9765625 3357
v -128.30265808105469 956.5501708984375 3457
v -128.30265808105469 956.5501708984375 3357
v -128.30265808105469 956.5501708984375 3407
v -170.72906494140625 998.9765625 3407
v -340.4346923828125 829.27093505859375 3457
v -340.4346923828125 829.27093505859375 3357
v -170.72906494140625 998.9765625 3457
v -170.72906494140625 998.9765625 3357
v -340.4346923828125 829.27093505859375 3407
v -170.72906494140625 998.9765625 3407
v -283.86614990234375 885.8394775390625 3457
v -227.297607421875 942.40802001953125 3457
v -227.297607421875 942.40802001953125 3357
v -283.86614990234375 885.8394775390625 3357
v -298.00827026367188 786.84454345703125 3457
v -128.30265808105469 956.5501708984375 3457
v -340.4346923828125 829.27093505859375 3457
v -170.72906494140625 998.9765625 3457
v -283.86614990234375 885.8394775390625 3457
v -227.297607421875 942.40802001953125 3457
v -184.87120056152344 899.98162841796875 3457
v -241.43974304199219 843.4130859375 3457
v -128.30265808105469 956.5501708984375 3457
v -128.30265808105469 956.5501708984375 3357
v -298.00827026367188 786.84454345703125 3457
v -298.00827026367188 786.84454345703125 3357
v -298.00827026367188 786.84454345703125 3407
v -128.30265808105469 956.5501708984375 3407
v -184.87120056152344 899.98162841796875 3457
v -241.43974304199219 843.4130859375 3457
v -241.43974304199219 843.4130859375 3357
v -184.87120056152344 899.98162841796875 3357
v -298.00827026367188 786.84454345703125 3357
v -128.30265808105469 956.5501708984375 3357
v -340.4346923828125 829.27093505859375 3357
v -170.72906494140625 998.9765625 3357
v -283.86614990234375 885.8394775390625 3357
v -227.297607421875 942.40802001953125 3357
v -184.87120056152344 899.98162841796875 3357
v -241.43974304199219 843.4130859375 3357
vt 0.17647059261798859 0
vt 0.17647059261798859 0.29265281558036804
vt 0.35147634148597717 0
vt 0.35147634148597717 0.29265281558036804
vt 0.35147634148597717 0.14632640779018402
vt 0.17647059261798859 0.14632640779018402
vt 0 0
vt 0 0.29265281558036804
vt 0.17500574886798859 0
vt 0.17500574886798859 0.29265281558036804
vt 0.17500574886798859 0.14632640779018402
vt 0 0.14632640779018402
vt 0.93971163034439087 0
vt 0.64705884456634521 0
vt 0.93971163034439087 0.70588237047195435
vt 0.64705884456634521 0.70588237047195435
vt 0.79338520765304565 0
vt 0.79338520765304565 0.70588237047195435
vt 0.93971163034439087 0.23529411852359772
vt 0.93971163034439087 0.47058823704719543
vt 0.64705884456634521 0.47058823704719543
vt 0.64705884456634521 0.23529411852359772
vt 0.17647059261798859 0.29411765933036804
vt 0.17647059261798859 0.99853515625
vt 0.35147634148597717 0.29411765933036804
vt 0.35147634148597717 0.99853515625
vt 0.35147634148597717 0.52892351150512695
vt 0.35147634148597717 0.76372933387756348
vt 0.17647059261798859 0.76372933387756348
vt 0.17647059261798859 0.52892351150512695
vt 0.64559400081634521 0
vt 0.35294118523597717 0
vt 0.64559400081634521 0.70588237047195435
vt 0.35294118523597717 0.70588237047195435
vt 0.499267578125 0.70588237047195435
vt 0.499267578125 0
vt 0.64559400081634521 0.23529411852359772
vt 0.64559400081634521 0.47058823704719543
vt 0.35294118523597717 0.47058823704719543
vt 0.35294118523597717 0.23529411852359772
vt 0 0.29411765933036804
vt 0 0.99853515625
vt 0.17500574886798859 0.29411765933036804
vt 0.17500574886798859 0.99853515625
vt 0.17500574886798859 0.52892351150512695
vt 0.17500574886798859 0.76372933387756348
vt 0 0.76372933387756348
vt 0 0.52892351150512695
vn -0.70710676908493042 -0.70710676908493042 0
vn -0.70710676908493042 -0.70710676908493042 0
vn -0.70710676908493042 -0.70710676908493042 0
vn -0.70710676908493042 -0.70710676908493042 0
vn -0.70710676908493042 -0.70710676908493042 0
vn -0.70710676908493042 -0.70710676908493042 0
vn 0.70710676908493042 0.70710676908493042 0
vn 0.70710676908493042 0.70710676908493042 0
vn 0.70710676908493042 0.70710676908493042 0
vn 0.70710676908493042 0.70710676908493042 0
vn 0.70710676908493042 0.70710676908493042 0
vn 0.70710676908493042 0.70710676908493042 0
vn -0.70710676908493042 0.70710676908493042 0
vn -0.70710676908493042 0.70710676908493042 0
vn -0.70710676908493042 0.70710676908493042 0
vn -0.70710676908493042 0.70710676908493042 0
vn -0.70710676908493042 0.70710676908493042 0
vn -0.70710676908493042 0.70710676908493042 0
vn -0.70710676908493042 0.70710676908493042 0
vn -0.70710676908493042 0.70710676908493042 0
vn -0.70710676908493042 0.70710676908493042 0
vn -0.70710676908493042 0.70710676908493042 0
vn 0 0 1
vn 0 0 1
vn 0 0 1
vn 0 0 1
vn 0 0 1
vn 0 0 1
vn 0 0 1
vn 0 0 1
vn 0.70710676908493042 -0.70710676908493042 0
vn 0.70710676908493042 -0.70710676908493042 0
vn 0.70710676908493042 -0.70710676908493042 0
vn 0.70710676908493042 -0.70710676908493042 0
vn 0.70710676908493042 -0.70710676908493042 0
vn 0.70710676908493042 -0.70710676908493042 0
vn 0.70710676908493042 -0.70710676908493042 0
vn 0.70710676908493042 -0.70710676908493042 0
vn 0.70710676908493042 -0.70710676908493042 0
vn 0.70710676908493042 -0.70710676908493042 0
vn 0 0 -1
vn 0 0 -1
vn 0 0 -1
vn 0 0 -1
vn 0 0 -1
vn 0 0 -1
vn 0 0 -1
vn 0 0 -1
f 650/650/650 645/645/645 647/647/647 649/649/649
f 646/646/646 650/650/650 649/649/649 648/648/648
f 656/656/656 651/651/651 653/653/653 655/655/655
f 652/652/652 656/656/656 655/655/655 654/654/654
f 661/661/661 657/657/657 663/663/663
f 658/658/658 661/661/661 666/666/666
f 663/663/663 666/666/666 661/661/661
f 663/663/663 664/664/664 665/665/665 666/666/666
f 662/662/662 664/664/664 659/659/659
f 660/660/660 665/665/665 662/662/662
f 664/664/664 662/662/662 665/665/665
f 674/674/674 671/671/671 669/669/669 667/667/667
f 668/668/668 670/670/670 672/672/672 673/673/673
f 673/673/673 672/672/672 671/671/671 674/674/674
f 680/680/680 675/675/675 681/681/681
f 676/676/676 680/680/680 684/684/684
f 681/681/681 684/684/684 680/680/680
f 683/683/683 684/684/684 681/681/681 682/682/682
f 679/679/679 682/682/682 677/677/677
f 678/678/678 683/683/683 679/679/679
f 682/682/682 679/679/679 683/683/683
f 692/692/692 685/685/685 687/687/687 689/689/689
f 686/686/686 691/691/691 690/690/690 688/688/688
f 691/691/691 692/692/692 689/689/689 690/690/690
usemtl Default
v -786.84454345703125 -298.00827026367188 3457
v -786.84454345703125 -298.00827026367188 3357
v -829.27093505859375 -340.4346923828125 3457
v -829.27093505859375 -340.4346923828125 3357
v -829.27093505859375 -340.4346923828125 3407
v -786.84454345703125 -298.00827026367188 3407
v -998.9765625 -170.72906494140625 3457
v -998.9765625 -170.72906494140625 3357
v -956.5501708984375 -128.30265808105469 3457
v -956.5501708984375 -128.30265808105469 3357
v -956.5501708984375 -128.30265808105469 3407
v -998.9765625 -170.72906494140625 3407
v -829.27093505859375 -340.4346923828125 3457
v -829.27093505859375 -340.4346923828125 3357
v -998.9765625 -170.72906494140625 3457
v -998.9765625 -170.72906494140625 3357
v -829.27093505859375 -340.4346923828125 3407
v -998.9765625 -170.72906494140625 3407
v -885.8394775390625 -283.86614990234375 3457
v -942.40802001953125 -227.297607421875 3457
v -942.40802001953125 -227.297607421875 3357
v -885.8394775390625 -283.86614990234375 3357
v -786.84454345703125 -298.00827026367188 3457
v -956.5501708984375 -128.30265808105469 3457
v -829.27093505859375 -340.4346923828125 3457
v -998.9765625 -170.72906494140625 3457
v -885.8394775390625 -283.86614990234375 3457
v -942.40802001953125 -227.297607421875 3457
v -899.98162841796875 -184.87120056152344 3457
v -843.4130859375 -241.43974304199219 3457
v -956.5501708984375 -128.30265808105469 3457
v -956.5501708984375 -128.30265808105469 3357
v -786.84454345703125 -298.00827026367188 3457
v -786.84454345703125 -298.00827026367188 3357
v -786.84454345703125 -298.00827026367188 3407
v -956.5501708984375 -128.30265808105469 3407
v -899.98162841796875 -184.87120056152344 3457
v -843.4130859375 -241.43974304199219 3457
v -843.4130859375 -241.43974304199219 3357
v -899.98162841796875 -184.87120056152344 3357
v -786.84454345703125 -298.00827026367188 3357
v -956.5501708984375 -128.30265808105469 3357
v -829.27093505859375 -340.4346923828125 3357
v -998.9765625 -170.72906494140625 3357
v -885.8394775390625 -283.86614990234375 3357
v -942.40802001953125 -227.297607421875 3357
v -899.98162841796875 -184.87120056152344 3357
v -843.4130859375 -241.43974304199219 3357
vt 0.17647059261798859 0
vt 0.17647059261798859 0.29265281558036804
vt 0.35147634148597717 0
vt 0.35147634148597717 0.29265281558036804
vt 0.35147634148597717 0.14632640779018402
vt 0.17647059261798859 0.14632640779018402
vt 0 0
vt 0 0.29265281558036804
vt 0.17500574886798859 0
vt 0.17500574886798859 0.29265281558036804
vt 0.17500574886798859 0.14632640779018402
vt 0 0.14632640779018402
vt 0.93971163034439087 0
vt 0.64705884456634521 0
vt 0.93971163034439087 0.70588237047195435
vt 0.64705884456634521 0.70588237047195435
vt 0.79338520765304565 0
vt 0.79338520765304565 0.70588237047195435
vt 0.93971163034439087 0.23529411852359772
vt 0.93971163034439087 0.47058823704719543
vt 0.64705884456634521 0.47058823704719543
vt 0.64705884456634521 0.23529411852359772
vt 0.17647059261798859 0.29411765933036804
vt 0.17647059261798859 0.99853515625
vt 0.35147634148597717 0.29411765933036804
vt 0.35147634148597717 0.99853515625
vt 0.35147634148597717 0.52892351150512695
vt 0.35147634148597717 0.76372933387756348
vt 0.17647059261798859 0.76372933387756348
vt 0.17647059261798859 0.52892351150512695
vt 0.64559400081634521 0
vt 0.35294118523597717 0
vt 0.64559400081634521 0.70588237047195435
vt 0.35294118523597717 0.70588237047195435
vt 0.499267578125 0.70588237047195435
vt 0.499267578125 0
vt 0.64559400081634521 0.23529411852359772
vt 0.64559400081634521 0.47058823704719543
vt 0.35294118523597717 0.47058823704719543
vt 0.35294118523597717 0.23529411852359772
vt 0 0.29411765933036804
vt 0 0.99853515625
vt 0.17500574886798859 0.29411765933036804
vt 0.17500574886798859 0.99853515625
vt 0.17500574886798859 0.52892351150512695
vt 0.17500574886798859 0.76372933387756348
vt 0 0.76372933387756348
vt 0 0.52892351150512695
vn 0.70710676908493042 -0.70710676908493042 0
vn 0.70710676908493042 -0.70710676908493042 0
vn 0.70710676908493042 -0.70710676908493042 0
vn 0.70710676908493042 -0.70710676908493042 0
vn 0.70710676908493042 -0.70710676908493042 0
vn 0.70710676908493042 -0.70710676908493042 0
vn -0.70710676908493042 0.70710676908493042 0
vn -0.70710676908493042 0.70710676908493042 0
vn -0.70710676908493042 0.70710676908493042 0
vn -0.70710676908493042 0.70710676908493042 0
vn -0.70710676908493042 0.70710676908493042 0
vn -0.70710676908493042 0.70710676908493042 0
vn -0.70710676908493042 -0.70710676908493042 0
vn -0.70710676908493042 -0.70710676908493042 0
vn -0.70710676908493042 -0.70710676908493042 0
vn -0.70710676908493042 -0.70710676908493042 0
vn -0.70710676908493042 -0.70710676908493042 0
vn -0.70710676908493042 -0.70710676908493042 0
vn -0.70710676908493042 -0.70710676908493042 0
vn -0.70710676908493042 -0.70710676908493042 0
vn -0.70710676908493042 -0.70710676908493042 0
vn -0.70710676908493042 -0.70710676908493042 0
vn 0 0 1
vn 0 0 1
vn 0 0 1
vn 0 0 1
vn 0 0 1
vn 0 0 1
vn 0 0 1
vn 0 0 1
vn 0.70710676908493042 0.70710676908493042 0
vn 0.70710676908493042 0.70710676908493042 0
vn 0.70710676908493042 0.70710676908493042 0
vn 0.70710676908493042 0.70710676908493042 0
vn 0.70710676908493042 0.70710676908493042 0
vn 0.70710676908493042 0.70710676908493042 0
vn 0.70710676908493042 0.70710676908493042 0
vn 0.70710676908493042 0.70710676908493042 0
vn 0.70710676908493042 0.70710676908493042 0
vn 0.70710676908493042 0.70710676908493042 0
vn 0 0 -1
vn 0 0 -1
vn 0 0 -1
vn 0 0 -1
vn 0 0 -1
vn 0 0 -1
vn 0 0 -1
vn 0 0 -1
f 698/698/698 693/693/693 695/695/695 697/697/697
f 694/694/694 698/698/698 697/697/697 696/696/696
f 704/704/704 699/699/699 701/701/701 703/703/703
f 700/700/700 704/704/704 703/703/703 702/702/702
f 709/709/709 705/705/705 711/711/711
f 706/706/706 709/709/709 714/714/714
f 711/711/711 714/714/714 709/709/709
f 711/711/711 712/712/712 713/713/713 714/714/714
f 710/710/710 712/712/712 707/707/707
f 708/708/708 713/713/713 710/710/710
f 712/712/712 710/710/710 713/713/713
f 722/722/722 719/719/719 717/717/717 715/715/715
f 716/716/716 718/718/718 720/720/720 721/721/721
f 721/721/721 720/720/720 719/719/719 722/722/722
f 728/728/728 723/723/723 729/729/729
f 724/724/724 728/728/728 732/732/732
f 729/729/729 732/732/732 728/728/728
f 731/731/731 732/732/732 729/729/729 730/730/730
f 727/727/727 730/730/730 725/725/725
f 726/726/726 731/731/731 727/727/727
f 730/730/730 727/727/727 731/731/731
f 740/740/740 733/733/733 735/735/735 737/737/737
f 734/734/734 739/739/739 738/738/738 736/736/736
f 739/739/739 740/740/740 737/737/737 738/738/738
usemtl Default
v -701.99169921875 -213.15547180175781 3457
v -701.99169921875 -213.15547180175781 3357
v -659.5653076171875 -170.72906494140625 3457
v -659.5653076171875 -170.72906494140625 3357
v -659.5653076171875 -170.72906494140625 3407
v -701.99169921875 -213.15547180175781 3407
v -829.27093505859375 -1.0234304666519165 3457
v -829.27093505859375 -1.0234304666519165 3357
v -871.69732666015625 -43.449836730957031 3457
v -871.69732666015625 -43.449836730957031 3357
v -871.69732666015625 -43.449836730957031 3407
v -829.27093505859375 -1.0234304666519165 3407
v -659.5653076171875 -170.72906494140625 3457
v -659.5653076171875 -170.72906494140625 3357
v -829.27093505859375 -1.0234304666519165 3457
v -829.27093505859375 -1.0234304666519165 3357
v -659.5653076171875 -170.72906494140625 3407
v -829.27093505859375 -1.0234304666519165 3407
v -716.13385009765625 -114.16051483154297 3457
v -772.702392578125 -57.591972351074219 3457
v -772.702392578125 -57.591972351074219 3357
v -716.13385009765625 -114.16051483154297 3357
v -701.99169921875 -213.15547180175781 3457
v -871.69732666015625 -43.449836730957031 3457
v -659.5653076171875 -170.72906494140625 3457
v -829.27093505859375 -1.0234304666519165 3457
v -716.13385009765625 -114.16051483154297 3457
v -772.702392578125 -57.591972351074219 3457
v -786.84454345703125 -128.30265808105469 3457
v -871.69732666015625 -43.449836730957031 3457
v -871.69732666015625 -43.449836730957031 3357
v -701.99169921875 -213.15547180175781 3457
v -701.99169921875 -213.15547180175781 3357
v -701.99169921875 -213.15547180175781 3407
v -871.69732666015625 -43.449836730957031 3407
v -786.84454345703125 -128.30265808105469 3457
v -786.84454345703125 -128.30265808105469 3357
v -701.99169921875 -213.15547180175781 3357
v -871.69732666015625 -43.449836730957031 3357
v -659.5653076171875 -170.72906494140625 3357
v -829.27093505859375 -1.0234304666519165 3357
v -716.13385009765625 -114.16051483154297 3357
v -772.702392578125 -57.591972351074219 3357
v -786.84454345703125 -128.30265808105469 3357
vt 0.17647059261798859 0
vt 0.17647059261798859 0.29265281558036804
vt 0.35147634148597717 0
vt 0.35147634148597717 0.29265281558036804
vt 0.35147634148597717 0.14632640779018402
vt 0.17647059261798859 0.14632640779018402
vt 0 0
vt 0 0.29265281558036804
vt 0.17500574886798859 0
vt 0.17500574886798859 0.29265281558036804
vt 0.17500574886798859 0.14632640779018402
vt 0 0.14632640779018402
vt 0.93971163034439087 0
vt 0.64705884456634521 0
vt 0.93971163034439087 0.70588237047195435
vt 0.64705884456634521 0.70588237047195435
vt 0.79338520765304565 0
vt 0.79338520765304565 0.70588237047195435
vt 0.93971163034439087 0.23529411852359772
vt 0.93971163034439087 0.47058823704719543
vt 0.64705884456634521 0.47058823704719543
vt 0.64705884456634521 0.23529411852359772
vt 0.17647059261798859 0.29411765933036804
vt 0.17647059261798859 0.99853515625
vt 0.35147634148597717 0.29411765933036804
vt 0.35147634148597717 0.99853515625
vt 0.35147634148597717 0.52892351150512695
vt 0.35147634148597717 0.76372933387756348
vt 0.17647059261798859 0.64632642269134521
vt 0.64559400081634521 0
vt 0.35294118523597717 0
vt 0.64559400081634521 0.70588237047195435
vt 0.35294118523597717 0.70588237047195435
vt 0.499267578125 0.70588237047195435
vt 0.499267578125 0
vt 0.64559400081634521 0.35294118523597717
vt 0.35294118523597717 0.35294118523597717
vt 0 0.29411765933036804
vt 0 0.99853515625
vt 0.17500574886798859 0.29411765933036804
vt 0.17500574886798859 0.99853515625
vt 0.17500574886798859 0.52892351150512695
vt 0.17500574886798859 0.76372933387756348
vt 0 0.64632642269134521
vn 0.70710676908493042 -0.70710676908493042 0
vn 0.70710676908493042 -0.70710676908493042 0
vn 0.70710676908493042 -0.70710676908493042 0
vn 0.70710676908493042 -0.70710676908493042 0
vn 0.70710676908493042 -0.70710676908493042 0
vn 0.70710676908493042 -0.70710676908493042 0
vn -0.70710676908493042 0.70710676908493042 0
vn -0.70710676908493042 0.70710676908493042 0
vn -0.70710676908493042 0.70710676908493042 0
vn -0.70710676908493042 0.70710676908493042 0
vn -0.70710676908493042 0.70710676908493042 0
vn -0.70710676908493042 0.70710676908493042 0
vn 0.70710676908493042 0.70710676908493042 0
vn 0.70710676908493042 0.70710676908493042 0
vn 0.70710676908493042 0.70710676908493042 0
vn 0.70710676908493042 0.70710676908493042 0
vn 0.70710676908493042 0.70710676908493042 0
vn 0.70710676908493042 0.70710676908493042 0
vn 0.70710676908493042 0.70710676908493042 0
vn 0.70710676908493042 0.70710676908493042 0
vn 0.70710676908493042 0.70710676908493042 0
vn 0.70710676908493042 0.70710676908493042 0
vn 0 0 1
vn 0 0 1
vn 0 0 1
vn 0 0 1
vn 0 0 1
vn 0 0 1
vn 0 0 1
vn -0.70710676908493042 -0.70710676908493042 0
vn -0.70710676908493042 -0.70710676908493042 0
vn -0.70710676908493042 -0.70710676908493042 0
vn -0.70710676908493042 -0.70710676908493042 0
vn -0.70710676908493042 -0.70710676908493042 0
vn -0.70710676908493042 -0.70710676908493042 0
vn -0.70710676908493042 -0.70710676908493042 0
vn -0.70710676908493042 -0.70710676908493042 0
vn 0 0 -1
vn 0 0 -1
vn 0 0 -1
vn 0 0 -1
vn 0 0 -1
vn 0 0 -1
vn 0 0 -1
f 746/746/746 745/745/745 743/743/743 741/741/741
f 742/742/742 744/744/744 745/745/745 746/746/746
f 752/752/752 751/751/751 749/749/749 747/747/747
f 748/748/748 750/750/750 751/751/751 752/752/752
f 757/757/757 759/759/759 753/753/753
f 754/754/754 762/762/762 757/757/757
f 759/759/759 757/757/757 762/762/762
f 761/761/761 760/760/760 759/759/759 762/762/762
f 758/758/758 755/755/755 760/760/760
f 756/756/756 758/758/758 761/761/761
f 760/760/760 761/761/761 758/758/758
f 769/769/769 763/763/763 765/765/765 767/767/767
f 764/764/764 769/769/769 768/768/768 766/766/766
f 769/769/769 767/767/767 768/768/768
f 774/774/774 775/775/775 777/777/777
f 775/775/775 771/771/771 777/777/777
f 776/776/776 770/770/770 775/775/775
f 774/774/774 772/772/772 776/776/776
f 774/774/774 777/777/777 773/773/773
f 776/776/776 775/775/775 774/774/774
f 784/784/784 782/782/782 780/780/780 778/778/778
f 779/779/779 781/781/781 783/783/783 784/784/784
f 784/784/784 783/783/783 782/782/782
usemtl Default
v -457.57357788085938 -627.27923583984375 3457
v -457.57357788085938 -627.27923583984375 3357
v -500 -669.70562744140625 3457
v -500 -669.70562744140625 3357
v -500 -669.70562744140625 3407
v -457.57357788085938 -627.27923583984375 3407
v -669.70562744140625 -500 3457
v -669.70562744140625 -500 3357
v -627.27923583984375 -457.57357788085938 3457
v -627.27923583984375 -457.57357788085938 3357
v -627.27923583984375 -457.57357788085938 3407
v -669.70562744140625 -500 3407
v -500 -669.70562744140625 3457
v -500 -669.70562744140625 3357
v -669.70562744140625 -500 3457
v -669.70562744140625 -500 3357
v -500 -669.70562744140625 3407
v -669.70562744140625 -500 3407
v -556.56854248046875 -613.1370849609375 3457
v -613.1370849609375 -556.56854248046875 3457
v -613.1370849609375 -556.56854248046875 3357
v -556.56854248046875 -613.1370849609375 3357
v -457.57357788085938 -627.27923583984375 3457
v -627.27923583984375 -457.57357788085938 3457
v -500 -669.70562744140625 3457
v -669.70562744140625 -500 3457
v -556.56854248046875 -613.1370849609375 3457
v -613.1370849609375 -556.56854248046875 3457
v -570.710693359375 -514.14215087890625 3457
v -514.14215087890625 -570.710693359375 3457
v -627.27923583984375 -457.57357788085938 3457
v -627.27923583984375 -457.57357788085938 3357
v -457.57357788085938 -627.27923583984375 3457
v -457.57357788085938 -627.27923583984375 3357
v -457.57357788085938 -627.27923583984375 3407
v -627.27923583984375 -457.57357788085938 3407
v -570.710693359375 -514.14215087890625 3457
v -514.14215087890625 -570.710693359375 3457
v -514.14215087890625 -570.710693359375 3357
v -570.710693359375 -514.14215087890625 3357
v -457.57357788085938 -627.27923583984375 3357
v -627.27923583984375 -457.57357788085938 3357
v -500 -669.70562744140625 3357
v -669.70562744140625 -500 3357
v -556.56854248046875 -613.1370849609375 3357
v -613.1370849609375 -556.56854248046875 3357
v -570.710693359375 -514.14215087890625 3357
v -514.14215087890625 -570.710693359375 3357
vt 0.17647059261798859 0
vt 0.17647059261798859 0.29265281558036804
vt 0.35147634148597717 0
vt 0.35147634148597717 0.29265281558036804
vt 0.35147634148597717 0.14632640779018402
vt 0.17647059261798859 0.14632640779018402
vt 0 0
vt 0 0.29265281558036804
vt 0.17500574886798859 0
vt 0.17500574886798859 0.29265281558036804
vt 0.17500574886798859 0.14632640779018402
vt 0 0.14632640779018402
vt 0.93971163034439087 0
vt 0.64705884456634521 0
vt 0.93971163034439087 0.70588237047195435
vt 0.64705884456634521 0.70588237047195435
vt 0.79338520765304565 0
vt 0.79338520765304565 0.70588237047195435
vt 0.93971163034439087 0.23529411852359772
vt 0.93971163034439087 0.47058823704719543
vt 0.64705884456634521 0.47058823704719543
vt 0.64705884456634521 0.23529411852359772
vt 0.17647059261798859 0.29411765933036804
vt 0.17647059261798859 0.99853515625
vt 0.35147634148597717 0.29411765933036804
vt 0.35147634148597717 0.99853515625
vt 0.35147634148597717 0.52892351150512695
vt 0.35147634148597717 0.76372933387756348
vt 0.17647059261798859 0.76372933387756348
vt 0.17647059261798859 0.52892351150512695
vt 0.64559400081634521 0
vt 0.35294118523597717 0
vt 0.64559400081634521 0.70588237047195435
vt 0.35294118523597717 0.70588237047195435
vt 0.499267578125 0.70588237047195435
vt 0.499267578125 0
vt 0.64559400081634521 0.23529411852359772
vt 0.64559400081634521 0.47058823704719543
vt 0.35294118523597717 0.47058823704719543
vt 0.35294118523597717 0.23529411852359772
vt 0 0.29411765933036804
vt 0 0.99853515625
vt 0.17500574886798859 0.29411765933036804
vt 0.17500574886798859 0.99853515625
vt 0.17500574886798859 0.52892351150512695
vt 0.17500574886798859 0.76372933387756348
vt 0 0.76372933387756348
vt 0 0.52892351150512695
vn 0.70710676908493042 -0.70710676908493042 0
vn 0.70710676908493042 -0.70710676908493042 0
vn 0.70710676908493042 -0.70710676908493042 0
vn 0.70710676908493042 -0.70710676908493042 0
vn 0.70710676908493042 -0.70710676908493042 0
vn 0.70710676908493042 -0.70710676908493042 0
vn -0.70710676908493042 0.70710676908493042 0
vn -0.70710676908493042 0.70710676908493042 0
vn -0.70710676908493042 0.70710676908493042 0
vn -0.70710676908493042 0.70710676908493042 0
vn -0.70710676908493042 0.70710676908493042 0
vn -0.70710676908493042 0.70710676908493042 0
vn -0.70710676908493042 -0.70710676908493042 0
vn -0.70710676908493042 -0.70710676908493042 0
vn -0.70710676908493042 -0.70710676908493042 0
vn -0.70710676908493042 -0.70710676908493042 0
vn -0.70710676908493042 -0.70710676908493042 0
vn -0.70710676908493042 -0.70710676908493042 0
vn -0.70710676908493042 -0.70710676908493042 0
vn -0.70710676908493042 -0.70710676908493042 0
vn -0.70710676908493042 -0.70710676908493042 0
vn -0.70710676908493042 -0.70710676908493042 0
vn 0 0 1
vn 0 0 1
vn 0 0 1
vn 0 0 1
vn 0 0 1
vn 0 0 1
vn 0 0 1
vn 0 0 1
vn 0.70710676908493042 0.70710676908493042 0
vn 0.70710676908493042 0.70710676908493042 0
vn 0.70710676908493042 0.70710676908493042 0
vn 0.70710676908493042 0.70710676908493042 0
vn 0.70710676908493042 0.70710676908493042 0
vn 0.70710676908493042 0.70710676908493042 0
vn 0.70710676908493042 0.70710676908493042 0
vn 0.70710676908493042 0.70710676908493042 0
vn 0.70710676908493042 0.70710676908493042 0
vn 0.70710676908493042 0.70710676908493042 0
vn 0 0 -1
vn 0 0 -1
vn 0 0 -1
vn 0 0 -1
vn 0 0 -1
vn 0 0 -1
vn 0 0 -1
vn 0 0 -1
f 790/790/790 785/785/785 787/787/787 789/789/789
f 786/786/786 790/790/790 789/789/789 788/788/788
f 796/796/796 791/791/791 793/793/793 795/795/795
f 792/792/792 796/796/796 795/795/795 794/794/794
f 801/801/801 797/797/797 803/803/803
f 798/798/798 801/801/801 806/806/806
f 803/803/803 806/806/806 801/801/801
f 805/805/805 806/806/806 803/803/803 804/804/804
f 802/802/802 804/804/804 799/799/799
f 800/800/800 805/805/805 802/802/802
f 804/804/804 802/802/802 805/805/805
f 814/814/814 811/811/811 809/809/809 807/807/807
f 808/808/808 810/810/810 812/812/812 813/813/813
f 813/813/813 812/812/812 811/811/811 814/814/814
f 820/820/820 815/815/815 821/821/821
f 816/816/816 820/820/820 824/824/824
f 821/821/821 824/824/824 820/820/820
f 823/823/823 824/824/824 821/821/821 822/822/822
f 819/819/819 822/822/822 817/817/817
f 818/818/818 823/823/823 819/819/819
f 822/822/822 819/819/819 823/823/823
f 832/832/832 825/825/825 827/827/827 829/829/829
f 826/826/826 831/831/831 830/830/830 828/828/828
f 831/831/831 832/832/832 829/829/829 830/830/830
usemtl Default
v -372.72076416015625 -542.4263916015625 3457
v -372.72076416015625 -542.4263916015625 3357
v -330.29437255859375 -500 3457
v -330.29437255859375 -500 3357
v -330.29437255859375 -500 3407
v -372.72076416015625 -542.4263916015625 3407
v -500 -330.29437255859375 3457
v -500 -330.29437255859375 3357
v -542.4263916015625 -372.72076416015625 3457
v -542.4263916015625 -372.72076416015625 3357
v -542.4263916015625 -372.72076416015625 3407
v -500 -330.29437255859375 3407
v -330.29437255859375 -500 3457
v -330.29437255859375 -500 3357
v -500 -330.29437255859375 3457
v -500 -330.29437255859375 3357
v -330.29437255859375 -500 3407
v -500 -330.29437255859375 3407
v -386.8629150390625 -443.43145751953125 3457
v -443.43145751953125 -386.8629150390625 3457
v -443.43145751953125 -386.8629150390625 3357
v -386.8629150390625 -443.43145751953125 3357
v -372.72076416015625 -542.4263916015625 3457
v -542.4263916015625 -372.72076416015625 3457
v -330.29437255859375 -500 3457
v -500 -330.29437255859375 3457
v -386.8629150390625 -443.43145751953125 3457
v -443.43145751953125 -386.8629150390625 3457
v -457.57357788085938 -457.57357788085938 3457
v -542.4263916015625 -372.72076416015625 3457
v -542.4263916015625 -372.72076416015625 3357
v -372.72076416015625 -542.4263916015625 3457
v -372.72076416015625 -542.4263916015625 3357
v -372.72076416015625 -542.4263916015625 3407
v -542.4263916015625 -372.72076416015625 3407
v -457.57357788085938 -457.57357788085938 3457
v -457.57357788085938 -457.57357788085938 3357
v -372.72076416015625 -542.4263916015625 3357
v -542.4263916015625 -372.72076416015625 3357
v -330.29437255859375 -500 3357
v -500 -330.29437255859375 3357
v -386.8629150390625 -443.43145751953125 3357
v -443.43145751953125 -386.8629150390625 3357
v -457.57357788085938 -457.57357788085938 3357
vt 0.17647059261798859 0
vt 0.17647059261798859 0.29265281558036804
vt 0.35147634148597717 0
vt 0.35147634148597717 0.29265281558036804
vt 0.35147634148597717 0.14632640779018402
vt 0.17647059261798859 0.14632640779018402
vt 0 0
vt 0 0.29265281558036804
vt 0.17500574886798859 0
vt 0.17500574886798859 0.29265281558036804
vt 0.17500574886798859 0.14632640779018402
vt 0 0.14632640779018402
vt 0.93971163034439087 0
vt 0.64705884456634521 0
vt 0.93971163034439087 0.70588237047195435
vt 0.64705884456634521 0.70588237047195435
vt 0.79338520765304565 0
vt 0.79338520765304565 0.70588237047195435
vt 0.93971163034439087 0.23529411852359772
vt 0.93971163034439087 0.47058823704719543
vt 0.64705884456634521 0.47058823704719543
vt 0.64705884456634521 0.23529411852359772
vt 0.17647059261798859 0.29411765933036804
vt 0.17647059261798859 0.99853515625
vt 0.35147634148597717 0.29411765933036804
vt 0.35147634148597717 0.99853515625
vt 0.35147634148597717 0.52892351150512695
vt 0.35147634148597717 0.76372933387756348
vt 0.17647059261798859 0.64632642269134521
vt 0.64559400081634521 0
vt 0.35294118523597717 0
vt 0.64559400081634521 0.70588237047195435
vt 0.35294118523597717 0.70588237047195435
vt 0.499267578125 0.70588237047195435
vt 0.499267578125 0
vt 0.64559400081634521 0.35294118523597717
vt 0.35294118523597717 0.35294118523597717
vt 0 0.29411765933036804
vt 0 0.99853515625
vt 0.17500574886798859 0.29411765933036804
vt 0.17500574886798859 0.99853515625
vt 0.17500574886798859 0.52892351150512695
vt 0.17500574886798859 0.76372933387756348
vt 0 0.64632642269134521
vn 0.70710676908493042 -0.70710676908493042 0
vn 0.70710676908493042 -0.70710676908493042 0
vn 0.70710676908493042 -0.70710676908493042 0
vn 0.70710676908493042 -0.70710676908493042 0
vn 0.70710676908493042 -0.70710676908493042 0
vn 0.70710676908493042 -0.70710676908493042 0
vn -0.70710676908493042 0.70710676908493042 0
vn -0.70710676908493042 0.70710676908493042 0
vn -0.70710676908493042 0.70710676908493042 0
vn -0.70710676908493042 0.70710676908493042 0
vn -0.70710676908493042 0.70710676908493042 0
vn -0.70710676908493042 0.70710676908493042 0
vn 0.70710676908493042 0.70710676908493042 0
vn 0.70710676908493042 0.70710676908493042 0
vn 0.70710676908493042 0.70710676908493042 0
vn 0.70710676908493042 0.70710676908493042 0
vn 0.70710676908493042 0.70710676908493042 0
vn 0.70710676908493042 0.70710676908493042 0
vn 0.70710676908493042 0.70710676908493042 0
vn 0.70710676908493042 0.70710676908493042 0
vn 0.70710676908493042 0.70710676908493042 0
vn 0.70710676908493042 0.70710676908493042 0
vn 0 0 1
vn 0 0 1
vn 0 0 1
vn 0 0 1
vn 0 0 1
vn 0 0 1
vn 0 0 1
vn -0.70710676908493042 -0.70710676908493042 0
vn -0.70710676908493042 -0.70710676908493042 0
vn -0.70710676908493042 -0.70710676908493042 0
vn -0.70710676908493042 -0.70710676908493042 0
vn -0.70710676908493042 -0.70710676908493042 0
vn -0.70710676908493042 -0.70710676908493042 0
vn -0.70710676908493042 -0.70710676908493042 0
vn -0.70710676908493042 -0.70710676908493042 0
vn 0 0 -1
vn 0 0 -1
vn 0 0 -1
vn 0 0 -1
vn 0 0 -1
vn 0 0 -1
vn 0 0 -1
f 838/838/838 837/837/837 835/835/835 833/833/833
f 834/834/834 836/836/836 837/837/837 838/838/838
f 844/844/844 843/843/843 841/841/841 839/839/839
f 840/840/840 842/842/842 843/843/843 844/844/844
f 849/849/849 851/851/851 845/845/845
f 846/846/846 854/854/854 849/849/849
f 851/851/851 849/849/849 854/854/854
f 853/853/853 852/852/852 851/851/851 854/854/854
f 850/850/850 847/847/847 852/852/852
f 848/848/848 850/850/850 853/853/853
f 852/852/852 853/853/853 850/850/850
f 861/861/861 855/855/855 857/857/857 859/859/859
f 856/856/856 861/861/861 860/860/860 858/858/858
f 861/861/861 859/859/859 860/860/860
f 866/866/866 867/867/867 869/869/869
f 867/867/867 863/863/863 869/869/869
f 868/868/868 862/862/862 867/867/867
f 866/866/866 864/864/864 868/868/868
f 866/866/866 869/869/869 865/865/865
f 868/868/868 867/867/867 866/866/866
f 876/876/876 874/874/874 872/872/872 870/870/870
f 871/871/871 873/873/873 875/875/875 876/876/876
f 876/876/876 875/875/875 874/874/874
usemtl Default
v -128.30265808105469 -956.5501708984375 3457
v -128.30265808105469 -956.5501708984375 3357
v -170.72906494140625 -998.9765625 3457
v -170.72906494140625 -998.9765625 3357
v -170.72906494140625 -998.9765625 3407
v -128.30265808105469 -956.5501708984375 3407
v -340.4346923828125 -829.27093505859375 3457
v -340.4346923828125 -829.27093505859375 3357
v -298.00827026367188 -786.84454345703125 3457
v -298.00827026367188 -786.84454345703125 3357
v -298.00827026367188 -786.84454345703125 3407
v -340.4346923828125 -829.27093505859375 3407
v -170.72906494140625 -998.9765625 3457
v -170.72906494140625 -998.9765625 3357
v -340.4346923828125 -829.27093505859375 3457
v -340.4346923828125 -829.27093505859375 3357
v -170.72906494140625 -998.9765625 3407
v -340.4346923828125 -829.27093505859375 3407
v -227.297607421875 -942.40802001953125 3457
v -283.86614990234375 -885.8394775390625 3457
v -283.86614990234375 -885.8394775390625 3357
v -227.297607421875 -942.40802001953125 3357
v -128.30265808105469 -956.5501708984375 3457
v -298.00827026367188 -786.84454345703125 3457
v -170.72906494140625 -998.9765625 3457
v -340.4346923828125 -829.27093505859375 3457
v -227.297607421875 -942.40802001953125 3457
v -283.86614990234375 -885.8394775390625 3457
v -241.43974304199219 -843.4130859375 3457
v -184.87120056152344 -899.98162841796875 3457
v -298.00827026367188 -786.84454345703125 3457
v -298.00827026367188 -786.84454345703125 3357
v -128.30265808105469 -956.5501708984375 3457
v -128.30265808105469 -956.5501708984375 3357
v -128.30265808105469 -956.5501708984375 3407
v -298.00827026367188 -786.84454345703125 3407
v -241.43974304199219 -843.4130859375 3457
v -184.87120056152344 -899.98162841796875 3457
v -184.87120056152344 -899.98162841796875 3357
v -241.43974304199219 -843.4130859375 3357
v -128.30265808105469 -956.5501708984375 3357
v -298.00827026367188 -786.84454345703125 3357
v -170.72906494140625 -998.9765625 3357
v -340.4346923828125 -829.27093505859375 3357
v -227.297607421875 -942.40802001953125 3357
v -283.86614990234375 -885.8394775390625 3357
v -241.43974304199219 -843.4130859375 3357
v -184.87120056152344 -899.98162841796875 3357
vt 0.17647059261798859 0
vt 0.17647059261798859 0.29265281558036804
vt 0.35147634148597717 0
vt 0.35147634148597717 0.29265281558036804
vt 0.35147634148597717 0.14632640779018402
vt 0.17647059261798859 0.14632640779018402
vt 0 0
vt 0 0.29265281558036804
vt 0.17500574886798859 0
vt 0.17500574886798859 0.29265281558036804
vt 0.17500574886798859 0.14632640779018402
vt 0 0.14632640779018402
vt 0.93971163034439087 0
vt 0.64705884456634521 0
vt 0.93971163034439087 0.70588237047195435
vt 0.64705884456634521 0.70588237047195435
vt 0.79338520765304565 0
vt 0.79338520765304565 0.70588237047195435
vt 0.93971163034439087 0.23529411852359772
vt 0.93971163034439087 0.47058823704719543
vt 0.64705884456634521 0.47058823704719543
vt 0.64705884456634521 0.23529411852359772
vt 0.17647059261798859 0.29411765933036804
vt 0.17647059261798859 0.99853515625
vt 0.35147634148597717 0.29411765933036804
vt 0.35147634148597717 0.99853515625
vt 0.35147634148597717 0.52892351150512695
vt 0.35147634148597717 0.76372933387756348
vt 0.17647059261798859 0.76372933387756348
vt 0.17647059261798859 0.52892351150512695
vt 0.64559400081634521 0
vt 0.35294118523597717 0
vt 0.64559400081634521 0.70588237047195435
vt 0.35294118523597717 0.70588237047195435
vt 0.499267578125 0.70588237047195435
vt 0.499267578125 0
vt 0.64559400081634521 0.23529411852359772
vt 0.64559400081634521 0.47058823704719543
vt 0.35294118523597717 0.47058823704719543
vt 0.35294118523597717 0.23529411852359772
vt 0 0.29411765933036804
vt 0 0.99853515625
vt 0.17500574886798859 0.29411765933036804
vt 0.17500574886798859 0.99853515625
vt 0.17500574886798859 0.52892351150512695
vt 0.17500574886798859 0.76372933387756348
vt 0 0.76372933387756348
vt 0 0.52892351150512695
vn 0.70710676908493042 -0.70710676908493042 0
vn 0.70710676908493042 -0.70710676908493042 0
vn 0.70710676908493042 -0.70710676908493042 0
vn 0.70710676908493042 -0.70710676908493042 0
vn 0.70710676908493042 -0.70710676908493042 0
vn 0.70710676908493042 -0.70710676908493042 0
vn -0.70710676908493042 0.70710676908493042 0
vn -0.70710676908493042 0.70710676908493042 0
vn -0.70710676908493042 0.70710676908493042 0
vn -0.70710676908493042 0.70710676908493042 0
vn -0.70710676908493042 0.70710676908493042 0
vn -0.70710676908493042 0.70710676908493042 0
vn -0.70710676908493042 -0.70710676908493042 0
vn -0.70710676908493042 -0.70710676908493042 0
vn -0.70710676908493042 -0.70710676908493042 0
vn -0.70710676908493042 -0.70710676908493042 0
vn -0.70710676908493042 -0.70710676908493042 0
vn -0.70710676908493042 -0.70710676908493042 0
vn -0.70710676908493042 -0.70710676908493042 0
vn -0.70710676908493042 -0.70710676908493042 0
vn -0.70710676908493042 -0.70710676908493042 0
vn -0.70710676908493042 -0.70710676908493042 0
vn 0 0 1
vn 0 0 1
vn 0 0 1
vn 0 0 1
vn 0 0 1
vn 0 0 1
vn 0 0 1
vn 0 0 1
vn 0.70710676908493042 0.70710676908493042 0
vn 0.70710676908493042 0.70710676908493042 0
vn 0.70710676908493042 0.70710676908493042 0
vn 0.70710676908493042 0.70710676908493042 0
vn 0.70710676908493042 0.70710676908493042 0
vn 0.70710676908493042 0.70710676908493042 0
vn 0.70710676908493042 0.70710676908493042 0
vn 0.70710676908493042 0.70710676908493042 0
vn 0.70710676908493042 0.70710676908493042 0
vn 0.70710676908493042 0.70710676908493042 0
vn 0 0 -1
vn 0 0 -1
vn 0 0 -1
vn 0 0 -1
vn 0 0 -1
vn 0 0 -1
vn 0 0 -1
vn 0 0 -1
f 882/882/882 877/877/877 879/879/879 881/881/881
f 878/878/878 882/882/882 881/881/881 880/880/880
f 888/888/888 883/883/883 885/885/885 887/887/887
f 884/884/884 888/888/888 887/887/887 886/886/886
f 893/893/893 889/889/889 895/895/895
f 890/890/890 893/893/893 898/898/898
f 895/895/895 898/898/898 893/893/893
f 895/895/895 896/896/896 897/897/897 898/898/898
f 894/894/894 896/896/896 891/891/891
f 892/892/892 897/897/897 894/894/894
f 896/896/896 894/894/894 897/897/897
f 906/906/906 903/903/903 901/901/901 899/899/899
f 900/900/900 902/902/902 904/904/904 905/905/905
f 905/905/905 904/904/904 903/903/903 906/906/906
f 912/912/912 907/907/907 913/913/913
f 908/908/908 912/912/912 916/916/916
f 912/912/912 915/915/915 916/916/916
f 911/911/911 912/912/912 913/913/913
f 911/911/911 914/914/914 909/909/909
f 910/910/910 915/915/915 911/911/911
f 911/911/911 915/915/915 912/912/912
f 914/914/914 911/911/911 913/913/913
f 924/924/924 917/917/917 919/919/919 921/921/921
f 918/918/918 923/923/923 922/922/922 920/920/920
f 923/923/923 924/924/924 921/921/921 922/922/922
usemtl Default
v -43.449836730957031 -871.69732666015625 3457
v -43.449836730957031 -871.69732666015625 3357
v -1.0234304666519165 -829.27093505859375 3457
v -1.0234304666519165 -829.27093505859375 3357
v -1.0234304666519165 -829.27093505859375 3407
v -43.449836730957031 -871.69732666015625 3407
v -170.72906494140625 -659.5653076171875 3457
v -170.72906494140625 -659.5653076171875 3357
v -213.15547180175781 -701.99169921875 3457
v -213.15547180175781 -701.99169921875 3357
v -213.15547180175781 -701.99169921875 3407
v -170.72906494140625 -659.5653076171875 3407
v -1.0234304666519165 -829.27093505859375 3457
v -1.0234304666519165 -829.27093505859375 3357
v -170.72906494140625 -659.5653076171875 3457
v -170.72906494140625 -659.5653076171875 3357
v -1.0234304666519165 -829.27093505859375 3407
v -170.72906494140625 -659.5653076171875 3407
v -57.591972351074219 -772.702392578125 3457
v -114.16051483154297 -716.13385009765625 3457
v -114.16051483154297 -716.13385009765625 3357
v -57.591972351074219 -772.702392578125 3357
v -43.449836730957031 -871.69732666015625 3457
v -213.15547180175781 -701.99169921875 3457
v -1.0234304666519165 -829.27093505859375 3457
v -170.72906494140625 -659.5653076171875 3457
v -57.591972351074219 -772.702392578125 3457
v -114.16051483154297 -716.13385009765625 3457
v -156.58692932128906 -758.56024169921875 3457
v -100.01837921142578 -815.1287841796875 3457
v -213.15547180175781 -701.99169921875 3457
v -213.15547180175781 -701.99169921875 3357
v -43.449836730957031 -871.69732666015625 3457
v -43.449836730957031 -871.69732666015625 3357
v -43.449836730957031 -871.69732666015625 3407
v -213.15547180175781 -701.99169921875 3407
v -156.58692932128906 -758.56024169921875 3457
v -100.01837921142578 -815.1287841796875 3457
v -100.01837921142578 -815.1287841796875 3357
v -156.58692932128906 -758.56024169921875 3357
v -43.449836730957031 -871.69732666015625 3357
v -213.15547180175781 -701.99169921875 3357
v -1.0234304666519165 -829.27093505859375 3357
v -170.72906494140625 -659.5653076171875 3357
v -57.591972351074219 -772.702392578125 3357
v -114.16051483154297 -716.13385009765625 3357
v -156.58692932128906 -758.56024169921875 3357
v -100.01837921142578 -815.1287841796875 3357
vt 0.17647059261798859 0
vt 0.17647059261798859 0.29265281558036804
vt 0.35147634148597717 0
vt 0.35147634148597717 0.29265281558036804
vt 0.35147634148597717 0.14632640779018402
vt 0.17647059261798859 0.14632640779018402
vt 0 0
vt 0 0.29265281558036804
vt 0.17500574886798859 0
vt 0.17500574886798859 0.29265281558036804
vt 0.17500574886798859 0.14632640779018402
vt 0 0.14632640779018402
vt 0.93971163034439087 0
vt 0.64705884456634521 0
vt 0.93971163034439087 0.70588237047195435
vt 0.64705884456634521 0.70588237047195435
vt 0.79338520765304565 0
vt 0.79338520765304565 0.70588237047195435
vt 0.93971163034439087 0.23529411852359772
vt 0.93971163034439087 0.47058823704719543
vt 0.64705884456634521 0.47058823704719543
vt 0.64705884456634521 0.23529411852359772
vt 0.17647059261798859 0.29411765933036804
vt 0.17647059261798859 0.99853515625
vt 0.35147634148597717 0.29411765933036804
vt 0.35147634148597717 0.99853515625
vt 0.35147634148597717 0.52892351150512695
vt 0.35147634148597717 0.76372933387756348
vt 0.17647059261798859 0.76372933387756348
vt 0.17647059261798859 0.52892351150512695
vt 0.64559400081634521 0
vt 0.35294118523597717 0
vt 0.64559400081634521 0.70588237047195435
vt 0.35294118523597717 0.70588237047195435
vt 0.499267578125 0.70588237047195435
vt 0.499267578125 0
vt 0.64559400081634521 0.23529411852359772
vt 0.64559400081634521 0.47058823704719543
vt 0.35294118523597717 0.47058823704719543
vt 0.35294118523597717 0.23529411852359772
vt 0 0.29411765933036804
vt 0 0.99853515625
vt 0.17500574886798859 0.29411765933036804
vt 0.17500574886798859 0.99853515625
vt 0.17500574886798859 0.52892351150512695
vt 0.17500574886798859 0.76372933387756348
vt 0 0.76372933387756348
vt 0 0.52892351150512695
vn 0.70710676908493042 -0.70710676908493042 0
vn 0.70710676908493042 -0.70710676908493042 0
vn 0.70710676908493042 -0.70710676908493042 0
vn 0.70710676908493042 -0.70710676908493042 0
vn 0.70710676908493042 -0.70710676908493042 0
vn 0.70710676908493042 -0.70710676908493042 0
vn -0.70710676908493042 0.70710676908493042 0
vn -0.70710676908493042 0.70710676908493042 0
vn -0.70710676908493042 0.70710676908493042 0
vn -0.70710676908493042 0.70710676908493042 0
vn -0.70710676908493042 0.70710676908493042 0
vn -0.70710676908493042 0.70710676908493042 0
vn 0.70710676908493042 0.70710676908493042 0
vn 0.70710676908493042 0.70710676908493042 0
vn 0.70710676908493042 0.70710676908493042 0
vn 0.70710676908493042 0.70710676908493042 0
vn 0.70710676908493042 0.70710676908493042 0
vn 0.70710676908493042 0.70710676908493042 0
vn 0.70710676908493042 0.70710676908493042 0
vn 0.70710676908493042 0.70710676908493042 0
vn 0.70710676908493042 0.70710676908493042 0
vn 0.70710676908493042 0.70710676908493042 0
vn 0 0 1
vn 0 0 1
vn 0 0 1
vn 0 0 1
vn 0 0 1
vn 0 0 1
vn 0 0 1
vn 0 0 1
vn -0.70710676908493042 -0.70710676908493042 0
vn -0.70710676908493042 -0.70710676908493042 0
vn -0.70710676908493042 -0.70710676908493042 0
vn -0.70710676908493042 -0.70710676908493042 0
vn -0.70710676908493042 -0.70710676908493042 0
vn -0.70710676908493042 -0.70710676908493042 0
vn -0.70710676908493042 -0.70710676908493042 0
vn -0.70710676908493042 -0.70710676908493042 0
vn -0.70710676908493042 -0.70710676908493042 0
vn -0.70710676908493042 -0.70710676908493042 0
vn 0 0 -1
vn 0 0 -1
vn 0 0 -1
vn 0 0 -1
vn 0 0 -1
vn 0 0 -1
vn 0 0 -1
vn 0 0 -1
f 930/930/930 929/929/929 927/927/927 925/925/925
f 926/926/926 928/928/928 929/929/929 930/930/930
f 936/936/936 935/935/935 933/933/933 931/931/931
f 932/932/932 934/934/934 935/935/935 936/936/936
f 941/941/941 943/943/943 937/937/937
f 938/938/938 946/946/946 941/941/941
f 941/941/941 946/946/946 942/942/942
f 942/942/942 943/943/943 941/941/941
f 942/942/942 939/939/939 944/944/944
f 940/940/940 942/942/942 945/945/945
f 942/942/942 946/946/946 945/945/945
f 944/944/944 943/943/943 942/942/942
f 954/954/954 947/947/947 949/949/949 951/951/951
f 948/948/948 953/953/953 952/952/952 950/950/950
f 953/953/953 954/954/954 951/951/951 952/952/952
f 960/960/960 961/961/961 955/955/955
f 956/956/956 964/964/964 960/960/960
f 960/960/960 964/964/964 963/963/963
f 959/959/959 961/961/961 960/960/960
f 959/959/959 957/957/957 962/962/962
f 958/958/958 959/959/959 963/963/963
f 959/959/959 960/960/960 963/963/963
f 962/962/962 961/961/961 959/959/959
f 972/972/972 969/969/969 967/967/967 965/965/965
f 966/966/966 968/968/968 970/970/970 971/971/971
f 971/971/971 970/970/970 969/969/969 972/972/972
usemtl Default
v -60 -1862.383056640625 3457
v -60 -1862.383056640625 3357
v -120 -1862.383056640625 3457
v -120 -1862.383056640625 3357
v -120 -1862.383056640625 3407
v -60 -1862.383056640625 3407
v -120 -1622.383056640625 3457
v -120 -1622.383056640625 3357
v -60 -1622.383056640625 3457
v -60 -1622.383056640625 3357
v -60 -1622.383056640625 3407
v -120 -1622.383056640625 3407
v -120 -1862.383056640625 3457
v -120 -1862.383056640625 3357
v -120 -1622.383056640625 3457
v -120 -1622.383056640625 3357
v -120 -1862.383056640625 3407
v -120 -1622.383056640625 3407
v -120 -1742.383056640625 3457
v -120 -1742.383056640625 3357
v -60 -1862.383056640625 3457
v -60 -1622.383056640625 3457
v -120 -1862.383056640625 3457
v -120 -1622.383056640625 3457
v -120 -1742.383056640625 3457
v -60 -1742.383056640625 3457
v -60 -1622.383056640625 3457
v -60 -1622.383056640625 3357
v -60 -1862.383056640625 3457
v -60 -1862.383056640625 3357
v -60 -1862.383056640625 3407
v -60 -1622.383056640625 3407
v -60 -1742.383056640625 3457
v -60 -1742.383056640625 3357
v -60 -1862.383056640625 3357
v -60 -1622.383056640625 3357
v -120 -1862.383056640625 3357
v -120 -1622.383056640625 3357
v -120 -1742.383056640625 3357
v -60 -1742.383056640625 3357
vt 0.17647059261798859 0
vt 0.17647059261798859 0.29265281558036804
vt 0.35147634148597717 0
vt 0.35147634148597717 0.29265281558036804
vt 0.35147634148597717 0.14632640779018402
vt 0.17647059261798859 0.14632640779018402
vt 0 0
vt 0 0.29265281558036804
vt 0.17500574886798859 0
vt 0.17500574886798859 0.29265281558036804
vt 0.17500574886798859 0.14632640779018402
vt 0 0.14632640779018402
vt 0.93971163034439087 0
vt 0.64705884456634521 0
vt 0.93971163034439087 0.70588237047195435
vt 0.64705884456634521 0.70588237047195435
vt 0.79338520765304565 0
vt 0.79338520765304565 0.70588237047195435
vt 0.93971163034439087 0.35294118523597717
vt 0.64705884456634521 0.35294118523597717
vt 0.17647059261798859 0.29411765933036804
vt 0.17647059261798859 0.99853515625
vt 0.35147634148597717 0.29411765933036804
vt 0.35147634148597717 0.99853515625
vt 0.35147634148597717 0.64632642269134521
vt 0.17647059261798859 0.64632642269134521
vt 0.64559400081634521 0
vt 0.35294118523597717 0
vt 0.64559400081634521 0.70588237047195435
vt 0.35294118523597717 0.70588237047195435
vt 0.499267578125 0.70588237047195435
vt 0.499267578125 0
vt 0.64559400081634521 0.35294118523597717
vt 0.35294118523597717 0.35294118523597717
vt 0 0.29411765933036804
vt 0 0.99853515625
vt 0.17500574886798859 0.29411765933036804
vt 0.17500574886798859 0.99853515625
vt 0.17500574886798859 0.64632642269134521
vt 0 0.64632642269134521
vn 0 -1 0
vn 0 -1 0
vn 0 -1 0
vn 0 -1 0
vn 0 -1 0
vn 0 -1 0
vn 0 1 0
vn 0 1 0
vn 0 1 0
vn 0 1 0
vn 0 1 0
vn 0 1 0
vn -1 0 0
vn -1 0 0
vn -1 0 0
vn -1 0 0
vn -1 0 0
vn -1 0 0
vn -1 0 0
vn -1 0 0
vn 0 0 1
vn 0 0 1
vn 0 0 1
vn 0 0 1
vn 0 0 1
vn 0 0 1
vn 1 0 0
vn 1 0 0
vn 1 0 0
vn 1 0 0
vn 1 0 0
vn 1 0 0
vn 1 0 0
vn 1 0 0
vn 0 0 -1
vn 0 0 -1
vn 0 0 -1
vn 0 0 -1
vn 0 0 -1
vn 0 0 -1
f 978/978/978 973/973/973 975/975/975 977/977/977
f 974/974/974 978/978/978 977/977/977 976/976/976
f 984/984/984 979/979/979 981/981/981 983/983/983
f 980/980/980 984/984/984 983/983/983 982/982/982
f 989/989/989 985/985/985 991/991/991
f 989/989/989 992/992/992 986/986/986
f 990/990/990 989/989/989 991/991/991
f 989/989/989 990/990/990 992/992/992
f 990/990/990 988/988/988 992/992/992
f 987/987/987 990/990/990 991/991/991
f 998/998/998 997/997/997 995/995/995 993/993/993
f 994/994/994 996/996/996 997/997/997 998/998/998
f 1003/1003/1003 1006/1006/1006 1004/1004/1004
f 1004/1004/1004 1006/1006/1006 1000/1000/1000
f 1005/1005/1005 1004/1004/1004 999/999/999
f 1003/1003/1003 1005/1005/1005 1001/1001/1001
f 1003/1003/1003 1002/1002/1002 1006/1006/1006
f 1005/1005/1005 1003/1003/1003 1004/1004/1004
f 1012/1012/1012 1007/1007/1007 1009/1009/1009 1011/1011/1011
f 1008/1008/1008 1012/1012/1012 1011/1011/1011 1010/1010/1010
usemtl Default
v 60 -1862.383056640625 3457
v 60 -1862.383056640625 3357
v 120 -1862.383056640625 3457
v 120 -1862.383056640625 3357
v 120 -1862.383056640625 3407
v 60 -1862.383056640625 3407
v 120 -1622.383056640625 3457
v 120 -1622.383056640625 3357
v 60 -1622.383056640625 3457
v 60 -1622.383056640625 3357
v 60 -1622.383056640625 3407
v 120 -1622.383056640625 3407
v 120 -1862.383056640625 3457
v 120 -1862.383056640625 3357
v 120 -1622.383056640625 3457
v 120 -1622.383056640625 3357
v 120 -1862.383056640625 3407
v 120 -1622.383056640625 3407
v 120 -1742.383056640625 3457
v 120 -1742.383056640625 3357
v 60 -1862.383056640625 3457
v 60 -1622.383056640625 3457
v 120 -1862.383056640625 3457
v 120 -1622.383056640625 3457
v 120 -1742.383056640625 3457
v 60 -1742.383056640625 3457
v 60 -1622.383056640625 3457
v 60 -1622.383056640625 3357
v 60 -1862.383056640625 3457
v 60 -1862.383056640625 3357
v 60 -1862.383056640625 3407
v 60 -1622.383056640625 3407
v 60 -1742.383056640625 3457
v 60 -1742.383056640625 3357
v 60 -1862.383056640625 3357
v 60 -1622.383056640625 3357
v 120 -1862.383056640625 3357
v 120 -1622.383056640625 3357
v 120 -1742.383056640625 3357
v 60 -1742.383056640625 3357
vt 0 0
vt 0 0.29265281558036804
vt 0.17500574886798859 0
vt 0.17500574886798859 0.29265281558036804
vt 0.17500574886798859 0.14632640779018402
vt 0 0.14632640779018402
vt 0.17647059261798859 0
vt 0.17647059261798859 0.29265281558036804
vt 0.35147634148597717 0
vt 0.35147634148597717 0.29265281558036804
vt 0.35147634148597717 0.14632640779018402
vt 0.17647059261798859 0.14632640779018402
vt 0.93971163034439087 0
vt 0.64705884456634521 0
vt 0.93971163034439087 0.70588237047195435
vt 0.64705884456634521 0.70588237047195435
vt 0.79338520765304565 0
vt 0.79338520765304565 0.70588237047195435
vt 0.93971163034439087 0.35294118523597717
vt 0.64705884456634521 0.35294118523597717
vt 0.17647059261798859 0.29411765933036804
vt 0.17647059261798859 0.99853515625
vt 0.35147634148597717 0.29411765933036804
vt 0.35147634148597717 0.99853515625
vt 0.35147634148597717 0.64632642269134521
vt 0.17647059261798859 0.64632642269134521
vt 0.64559400081634521 0
vt 0.35294118523597717 0
vt 0.64559400081634521 0.70588237047195435
vt 0.35294118523597717 0.70588237047195435
vt 0.499267578125 0.70588237047195435
vt 0.499267578125 0
vt 0.64559400081634521 0.35294118523597717
vt 0.35294118523597717 0.35294118523597717
vt 0 0.29411765933036804
vt 0 0.99853515625
vt 0.17500574886798859 0.29411765933036804
vt 0.17500574886798859 0.99853515625
vt 0.17500574886798859 0.64632642269134521
vt 0 0.64632642269134521
vn 0 -1 0
vn 0 -1 0
vn 0 -1 0
vn 0 -1 0
vn 0 -1 0
vn 0 -1 0
vn 0 1 0
vn 0 1 0
vn 0 1 0
vn 0 1 0
vn 0 1 0
vn 0 1 0
vn 1 0 0
vn 1 0 0
vn 1 0 0
vn 1 0 0
vn 1 0 0
vn 1 0 0
vn 1 0 0
vn 1 0 0
vn 0 0 1
vn 0 0 1
vn 0 0 1
vn 0 0 1
vn 0 0 1
vn 0 0 1
vn -1 0 0
vn -1 0 0
vn -1 0 0
vn -1 0 0
vn -1 0 0
vn -1 0 0
vn -1 0 0
vn -1 0 0
vn 0 0 -1
vn 0 0 -1
vn 0 0 -1
vn 0 0 -1
vn 0 0 -1
vn 0 0 -1
f 1018/1018/1018 1017/1017/1017 1015/1015/1015 1013/1013/1013
f 1014/1014/1014 1016/1016/1016 1017/1017/1017 1018/1018/1018
f 1024/1024/1024 1023/1023/1023 1021/1021/1021 1019/1019/1019
f 1020/1020/1020 1022/1022/1022 1023/1023/1023 1024/1024/1024
f 1029/1029/1029 1031/1031/1031 1025/1025/1025
f 1029/1029/1029 1026/1026/1026 1032/1032/1032
f 1030/1030/1030 1031/1031/1031 1029/1029/1029
f 1029/1029/1029 1032/1032/1032 1030/1030/1030
f 1030/1030/1030 1032/1032/1032 1028/1028/1028
f 1027/1027/1027 1031/1031/1031 1030/1030/1030
f 1038/1038/1038 1033/1033/1033 1035/1035/1035 1037/1037/1037
f 1034/1034/1034 1038/1038/1038 1037/1037/1037 1036/1036/1036
f 1043/1043/1043 1044/1044/1044 1046/1046/1046
f 1044/1044/1044 1040/1040/1040 1046/1046/1046
f 1045/1045/1045 1039/1039/1039 1044/1044/1044
f 1043/1043/1043 1041/1041/1041 1045/1045/1045
f 1043/1043/1043 1046/1046/1046 1042/1042/1042
f 1045/1045/1045 1044/1044/1044 1043/1043/1043
f 1052/1052/1052 1051/1051/1051 1049/1049/1049 1047/1047/1047
f 1048/1048/1048 1050/1050/1050 1051/1051/1051 1052/1052/1052
usemtl Default
v -60 -2365.429931640625 3457
v -60 -2365.429931640625 3357
v -120 -2365.429931640625 3457
v -120 -2365.429931640625 3357
v -120 -2365.429931640625 3407
v -60 -2365.429931640625 3407
v -120 -2125.429931640625 3457
v -120 -2125.429931640625 3357
v -60 -2125.429931640625 3457
v -60 -2125.429931640625 3357
v -60 -2125.429931640625 3407
v -120 -2125.429931640625 3407
v -120 -2365.429931640625 3457
v -120 -2365.429931640625 3357
v -120 -2125.429931640625 3457
v -120 -2125.429931640625 3357
v -120 -2365.429931640625 3407
v -120 -2125.429931640625 3407
v -120 -2245.429931640625 3457
v -120 -2245.429931640625 3357
v -60 -2365.429931640625 3457
v -60 -2125.429931640625 3457
v -120 -2365.429931640625 3457
v -120 -2125.429931640625 3457
v -120 -2245.429931640625 3457
v -60 -2245.429931640625 3457
v -60 -2125.429931640625 3457
v -60 -2125.429931640625 3357
v -60 -2365.429931640625 3457
v -60 -2365.429931640625 3357
v -60 -2365.429931640625 3407
v -60 -2125.429931640625 3407
v -60 -2245.429931640625 3457
v -60 -2245.429931640625 3357
v -60 -2365.429931640625 3357
v -60 -2125.429931640625 3357
v -120 -2365.429931640625 3357
v -120 -2125.429931640625 3357
v -120 -2245.429931640625 3357
v -60 -2245.429931640625 3357
vt 0.17647059261798859 0
vt 0.17647059261798859 0.29265281558036804
vt 0.35147634148597717 0
vt 0.35147634148597717 0.29265281558036804
vt 0.35147634148597717 0.14632640779018402
vt 0.17647059261798859 0.14632640779018402
vt 0 0
vt 0 0.29265281558036804
vt 0.17500574886798859 0
vt 0.17500574886798859 0.29265281558036804
vt 0.17500574886798859 0.14632640779018402
vt 0 0.14632640779018402
vt 0.93971163034439087 0
vt 0.64705884456634521 0
vt 0.93971163034439087 0.70588237047195435
vt 0.64705884456634521 0.70588237047195435
vt 0.79338520765304565 0
vt 0.79338520765304565 0.70588237047195435
vt 0.93971163034439087 0.35294118523597717
vt 0.64705884456634521 0.35294118523597717
vt 0.17647059261798859 0.29411765933036804
vt 0.17647059261798859 0.99853515625
vt 0.35147634148597717 0.29411765933036804
vt 0.35147634148597717 0.99853515625
vt 0.35147634148597717 0.64632642269134521
vt 0.17647059261798859 0.64632642269134521
vt 0.64559400081634521 0
vt 0.35294118523597717 0
vt 0.64559400081634521 0.70588237047195435
vt 0.35294118523597717 0.70588237047195435
vt 0.499267578125 0.70588237047195435
vt 0.499267578125 0
vt 0.64559400081634521 0.35294118523597717
vt 0.35294118523597717 0.35294118523597717
vt 0 0.29411765933036804
vt 0 0.99853515625
vt 0.17500574886798859 0.29411765933036804
vt 0.17500574886798859 0.99853515625
vt 0.17500574886798859 0.64632642269134521
vt 0 0.64632642269134521
vn 0 -1 0
vn 0 -1 0
vn 0 -1 0
vn 0 -1 0
vn 0 -1 0
vn 0 -1 0
vn 0 1 0
vn 0 1 0
vn 0 1 0
vn 0 1 0
vn 0 1 0
vn 0 1 0
vn -1 0 0
vn -1 0 0
vn -1 0 0
vn -1 0 0
vn -1 0 0
vn -1 0 0
vn -1 0 0
vn -1 0 0
vn 0 0 1
vn 0 0 1
vn 0 0 1
vn 0 0 1
vn 0 0 1
vn 0 0 1
vn 1 0 0
vn 1 0 0
vn 1 0 0
vn 1 0 0
vn 1 0 0
vn 1 0 0
vn 1 0 0
vn 1 0 0
vn 0 0 -1
vn 0 0 -1
vn 0 0 -1
vn 0 0 -1
vn 0 0 -1
vn 0 0 -1
f 1058/1058/1058 1053/1053/1053 1055/1055/1055 1057/1057/1057
f 1054/1054/1054 1058/1058/1058 1057/1057/1057 1056/1056/1056
f 1064/1064/1064 1059/1059/1059 1061/1061/1061 1063/1063/1063
f 1060/1060/1060 1064/1064/1064 1063/1063/1063 1062/1062/1062
f 1069/1069/1069 1065/1065/1065 1071/1071/1071
f 1069/1069/1069 1072/1072/1072 1066/1066/1066
f 1070/1070/1070 1069/1069/1069 1071/1071/1071
f 1069/1069/1069 1070/1070/1070 1072/1072/1072
f 1070/1070/1070 1068/1068/1068 1072/1072/1072
f 1067/1067/1067 1070/1070/1070 1071/1071/1071
f 1078/1078/1078 1077/1077/1077 1075/1075/1075 1073/1073/1073
f 1074/1074/1074 1076/1076/1076 1077/1077/1077 1078/1078/1078
f 1083/1083/1083 1086/1086/1086 1084/1084/1084
f 1084/1084/1084 1086/1086/1086 1080/1080/1080
f 1085/1085/1085 1084/1084/1084 1079/1079/1079
f 1083/1083/1083 1085/1085/1085 1081/1081/1081
f 1083/1083/1083 1082/1082/1082 1086/1086/1086
f 1085/1085/1085 1083/1083/1083 1084/1084/1084
f 1092/1092/1092 1087/1087/1087 1089/1089/1089 1091/1091/1091
f 1088/1088/1088 1092/1092/1092 1091/1091/1091 1090/1090/1090
usemtl Default
v 60 -2365.429931640625 3457
v 60 -2365.429931640625 3357
v 120 -2365.429931640625 3457
v 120 -2365.429931640625 3357
v 120 -2365.429931640625 3407
v 60 -2365.429931640625 3407
v 120 -2125.429931640625 3457
v 120 -2125.429931640625 3357
v 60 -2125.429931640625 3457
v 60 -2125.429931640625 3357
v 60 -2125.429931640625 3407
v 120 -2125.429931640625 3407
v 120 -2365.429931640625 3457
v 120 -2365.429931640625 3357
v 120 -2125.429931640625 3457
v 120 -2125.429931640625 3357
v 120 -2365.429931640625 3407
v 120 -2125.429931640625 3407
v 120 -2245.429931640625 3457
v 120 -2245.429931640625 3357
v 60 -2365.429931640625 3457
v 60 -2125.429931640625 3457
v 120 -2365.429931640625 3457
v 120 -2125.429931640625 3457
v 120 -2245.429931640625 3457
v 60 -2245.429931640625 3457
v 60 -2125.429931640625 3457
v 60 -2125.429931640625 3357
v 60 -2365.429931640625 3457
v 60 -2365.429931640625 3357
v 60 -2365.429931640625 3407
v 60 -2125.429931640625 3407
v 60 -2245.429931640625 3457
v 60 -2245.429931640625 3357
v 60 -2365.429931640625 3357
v 60 -2125.429931640625 3357
v 120 -2365.429931640625 3357
v 120 -2125.429931640625 3357
v 120 -2245.429931640625 3357
v 60 -2245.429931640625 3357
vt 0.17647059261798859 0
vt 0.17647059261798859 0.29265281558036804
vt 0.35147634148597717 0
vt 0.35147634148597717 0.29265281558036804
vt 0.35147634148597717 0.14632640779018402
vt 0.17647059261798859 0.14632640779018402
vt 0 0
vt 0 0.29265281558036804
vt 0.17500574886798859 0
vt 0.17500574886798859 0.29265281558036804
vt 0.17500574886798859 0.14632640779018402
vt 0 0.14632640779018402
vt 0.93971163034439087 0
vt 0.64705884456634521 0
vt 0.93971163034439087 0.70588237047195435
vt 0.64705884456634521 0.70588237047195435
vt 0.79338520765304565 0
vt 0.79338520765304565 0.70588237047195435
vt 0.93971163034439087 0.35294118523597717
vt 0.64705884456634521 0.35294118523597717
vt 0.17647059261798859 0.29411765933036804
vt 0.17647059261798859 0.99853515625
vt 0.35147634148597717 0.29411765933036804
vt 0.35147634148597717 0.99853515625
vt 0.35147634148597717 0.64632642269134521
vt 0.17647059261798859 0.64632642269134521
vt 0.64559400081634521 0
vt 0.35294118523597717 0
vt 0.64559400081634521 0.70588237047195435
vt 0.35294118523597717 0.70588237047195435
vt 0.499267578125 0.70588237047195435
vt 0.499267578125 0
vt 0.64559400081634521 0.35294118523597717
vt 0.35294118523597717 0.35294118523597717
vt 0 0.29411765933036804
vt 0 0.99853515625
vt 0.17500574886798859 0.29411765933036804
vt 0.17500574886798859 0.99853515625
vt 0.17500574886798859 0.64632642269134521
vt 0 0.64632642269134521
vn 0 -1 0
vn 0 -1 0
vn 0 -1 0
vn 0 -1 0
vn 0 -1 0
vn 0 -1 0
vn 0 1 0
vn 0 1 0
vn 0 1 0
vn 0 1 0
vn 0 1 0
vn 0 1 0
vn 1 0 0
vn 1 0 0
vn 1 0 0
vn 1 0 0
vn 1 0 0
vn 1 0 0
vn 1 0 0
vn 1 0 0
vn 0 0 1
vn 0 0 1
vn 0 0 1
vn 0 0 1
vn 0 0 1
vn 0 0 1
vn -1 0 0
vn -1 0 0
vn -1 0 0
vn -1 0 0
vn -1 0 0
vn -1 0 0
vn -1 0 0
vn -1 0 0
vn 0 0 -1
vn 0 0 -1
vn 0 0 -1
vn 0 0 -1
vn 0 0 -1
vn 0 0 -1
f 1098/1098/1098 1097/1097/1097 1095/1095/1095 1093/1093/1093
f 1094/1094/1094 1096/1096/1096 1097/1097/1097 1098/1098/1098
f 1104/1104/1104 1103/1103/1103 1101/1101/1101 1099/1099/1099
f 1100/1100/1100 1102/1102/1102 1103/1103/1103 1104/1104/1104
f 1110/1110/1110 1109/1109/1109 1112/1112/1112
f 1109/1109/1109 1106/1106/1106 1112/1112/1112
f 1111/1111/1111 1105/1105/1105 1109/1109/1109
f 1110/1110/1110 1107/1107/1107 1111/1111/1111
f 1110/1110/1110 1112/1112/1112 1108/1108/1108
f 1111/1111/1111 1109/1109/1109 1110/1110/1110
f 1118/1118/1118 1113/1113/1113 1115/1115/1115 1117/1117/1117
f 1114/1114/1114 1118/1118/1118 1117/1117/1117 1116/1116/1116
f 1125/1125/1125 1124/1124/1124 1126/1126/1126
f 1124/1124/1124 1120/1120/1120 1126/1126/1126
f 1125/1125/1125 1119/1119/1119 1124/1124/1124
f 1123/1123/1123 1121/1121/1121 1125/1125/1125
f 1123/1123/1123 1126/1126/1126 1122/1122/1122
f 1125/1125/1125 1126/1126/1126 1123/1123/1123
f 1132/1132/1132 1131/1131/1131 1129/1129/1129 1127/1127/1127
f 1128/1128/1128 1130/1130/1130 1131/1131/1131 1132/1132/1132
usemtl Default
v -60 -2868.4765625 3457
v -60 -2868.4765625 3357
v -120 -2868.4765625 3457
v -120 -2868.4765625 3357
v -120 -2868.4765625 3407
v -60 -2868.4765625 3407
v -120 -2628.4765625 3457
v -120 -2628.4765625 3357
v -60 -2628.4765625 3457
v -60 -2628.4765625 3357
v -60 -2628.4765625 3407
v -120 -2628.4765625 3407
v -120 -2868.4765625 3457
v -120 -2868.4765625 3357
v -120 -2628.4765625 3457
v -120 -2628.4765625 3357
v -120 -2868.4765625 3407
v -120 -2628.4765625 3407
v -120 -2748.4765625 3457
v -120 -2748.4765625 3357
v -60 -2868.4765625 3457
v -60 -2628.4765625 3457
v -120 -2868.4765625 3457
v -120 -2628.4765625 3457
v -120 -2748.4765625 3457
v -60 -2748.4765625 3457
v -60 -2628.4765625 3457
v -60 -2628.4765625 3357
v -60 -2868.4765625 3457
v -60 -2868.4765625 3357
v -60 -2868.4765625 3407
v -60 -2628.4765625 3407
v -60 -2748.4765625 3457
v -60 -2748.4765625 3357
v -60 -2868.4765625 3357
v -60 -2628.4765625 3357
v -120 -2868.4765625 3357
v -120 -2628.4765625 3357
v -120 -2748.4765625 3357
v -60 -2748.4765625 3357
vt 0.17647059261798859 0
vt 0.17647059261798859 0.29265281558036804
vt 0.35147634148597717 0
vt 0.35147634148597717 0.29265281558036804
vt 0.35147634148597717 0.14632640779018402
vt 0.17647059261798859 0.14632640779018402
vt 0 0
vt 0 0.29265281558036804
vt 0.17500574886798859 0
vt 0.17500574886798859 0.29265281558036804
vt 0.17500574886798859 0.14632640779018402
vt 0 0.14632640779018402
vt 0.93971163034439087 0
vt 0.64705884456634521 0
vt 0.93971163034439087 0.70588237047195435
vt 0.64705884456634521 0.70588237047195435
vt 0.79338520765304565 0
vt 0.79338520765304565 0.70588237047195435
vt 0.93971163034439087 0.35294118523597717
vt 0.64705884456634521 0.35294118523597717
vt 0.17647059261798859 0.29411765933036804
vt 0.17647059261798859 0.99853515625
vt 0.35147634148597717 0.29411765933036804
vt 0.35147634148597717 0.99853515625
vt 0.35147634148597717 0.64632642269134521
vt 0.17647059261798859 0.64632642269134521
vt 0.64559400081634521 0
vt 0.35294118523597717 0
vt 0.64559400081634521 0.70588237047195435
vt 0.35294118523597717 0.70588237047195435
vt 0.499267578125 0.70588237047195435
vt 0.499267578125 0
vt 0.64559400081634521 0.35294118523597717
vt 0.35294118523597717 0.35294118523597717
vt 0 0.29411765933036804
vt 0 0.99853515625
vt 0.17500574886798859 0.29411765933036804
vt 0.17500574886798859 0.99853515625
vt 0.17500574886798859 0.64632642269134521
vt 0 0.64632642269134521
vn 0 -1 0
vn 0 -1 0
vn 0 -1 0
vn 0 -1 0
vn 0 -1 0
vn 0 -1 0
vn 0 1 0
vn 0 1 0
vn 0 1 0
vn 0 1 0
vn 0 1 0
vn 0 1 0
vn -1 0 0
vn -1 0 0
vn -1 0 0
vn -1 0 0
vn -1 0 0
vn -1 0 0
vn -1 0 0
vn -1 0 0
vn 0 0 1
vn 0 0 1
vn 0 0 1
vn 0 0 1
vn 0 0 1
vn 0 0 1
vn 1 0 0
vn 1 0 0
vn 1 0 0
vn 1 0 0
vn 1 0 0
vn 1 0 0
vn 1 0 0
vn 1 0 0
vn 0 0 -1
vn 0 0 -1
vn 0 0 -1
vn 0 0 -1
vn 0 0 -1
vn 0 0 -1
f 1138/1138/1138 1133/1133/1133 1135/1135/1135 1137/1137/1137
f 1134/1134/1134 1138/1138/1138 1137/1137/1137 1136/1136/1136
f 1144/1144/1144 1139/1139/1139 1141/1141/1141 1143/1143/1143
f 1140/1140/1140 1144/1144/1144 1143/1143/1143 1142/1142/1142
f 1150/1150/1150 1152/1152/1152 1149/1149/1149
f 1149/1149/1149 1152/1152/1152 1146/1146/1146
f 1151/1151/1151 1149/1149/1149 1145/1145/1145
f 1150/1150/1150 1151/1151/1151 1147/1147/1147
f 1150/1150/1150 1148/1148/1148 1152/1152/1152
f 1151/1151/1151 1150/1150/1150 1149/1149/1149
f 1158/1158/1158 1157/1157/1157 1155/1155/1155 1153/1153/1153
f 1154/1154/1154 1156/1156/1156 1157/1157/1157 1158/1158/1158
f 1164/1164/1164 1159/1159/1159 1165/1165/1165
f 1164/1164/1164 1166/1166/1166 1160/1160/1160
f 1163/1163/1163 1164/1164/1164 1165/1165/1165
f 1164/1164/1164 1163/1163/1163 1166/1166/1166
f 1163/1163/1163 1162/1162/1162 1166/1166/1166
f 1161/1161/1161 1163/1163/1163 1165/1165/1165
f 1172/1172/1172 1167/1167/1167 1169/1169/1169 1171/1171/1171
f 1168/1168/1168 1172/1172/1172 1171/1171/1171 1170/1170/1170
usemtl Default
v 60 -2868.4765625 3457
v 60 -2868.4765625 3357
v 120 -2868.4765625 3457
v 120 -2868.4765625 3357
v 120 -2868.4765625 3407
v 60 -2868.4765625 3407
v 120 -2628.4765625 3457
v 120 -2628.4765625 3357
v 60 -2628.4765625 3457
v 60 -2628.4765625 3357
v 60 -2628.4765625 3407
v 120 -2628.4765625 3407
v 120 -2868.4765625 3457
v 120 -2868.4765625 3357
v 120 -2628.4765625 3457
v 120 -2628.4765625 3357
v 120 -2868.4765625 3407
v 120 -2628.4765625 3407
v 120 -2748.4765625 3457
v 120 -2748.4765625 3357
v 60 -2868.4765625 3457
v 60 -2628.4765625 3457
v 120 -2868.4765625 3457
v 120 -2628.4765625 3457
v 120 -2748.4765625 3457
v 60 -2748.4765625 3457
v 60 -2628.4765625 3457
v 60 -2628.4765625 3357
v 60 -2868.4765625 3457
v 60 -2868.4765625 3357
v 60 -2868.4765625 3407
v 60 -2628.4765625 3407
v 60 -2748.4765625 3457
v 60 -2748.4765625 3357
v 60 -2868.4765625 3357
v 60 -2628.4765625 3357
v 120 -2868.4765625 3357
v 120 -2628.4765625 3357
v 120 -2748.4765625 3357
v 60 -2748.4765625 3357
vt 0.17647059261798859 0
vt 0.17647059261798859 0.29265281558036804
vt 0.35147634148597717 0
vt 0.35147634148597717 0.29265281558036804
vt 0.35147634148597717 0.14632640779018402
vt 0.17647059261798859 0.14632640779018402
vt 0 0
vt 0 0.29265281558036804
vt 0.17500574886798859 0
vt 0.17500574886798859 0.29265281558036804
vt 0.17500574886798859 0.14632640779018402
vt 0 0.14632640779018402
vt 0.93971163034439087 0
vt 0.64705884456634521 0
vt 0.93971163034439087 0.70588237047195435
vt 0.64705884456634521 0.70588237047195435
vt 0.79338520765304565 0
vt 0.79338520765304565 0.70588237047195435
vt 0.93971163034439087 0.35294118523597717
vt 0.64705884456634521 0.35294118523597717
vt 0.17647059261798859 0.29411765933036804
vt 0.17647059261798859 0.99853515625
vt 0.35147634148597717 0.29411765933036804
vt 0.35147634148597717 0.99853515625
vt 0.35147634148597717 0.64632642269134521
vt 0.17647059261798859 0.64632642269134521
vt 0.64559400081634521 0
vt 0.35294118523597717 0
vt 0.64559400081634521 0.70588237047195435
vt 0.35294118523597717 0.70588237047195435
vt 0.499267578125 0.70588237047195435
vt 0.499267578125 0
vt 0.64559400081634521 0.35294118523597717
vt 0.35294118523597717 0.35294118523597717
vt 0 0.29411765933036804
vt 0 0.99853515625
vt 0.17500574886798859 0.29411765933036804
vt 0.17500574886798859 0.99853515625
vt 0.17500574886798859 0.64632642269134521
vt 0 0.64632642269134521
vn 0 -1 0
vn 0 -1 0
vn 0 -1 0
vn 0 -1 0
vn 0 -1 0
vn 0 -1 0
vn 0 1 0
vn 0 1 0
vn 0 1 0
vn 0 1 0
vn 0 1 0
vn 0 1 0
vn 1 0 0
vn 1 0 0
vn 1 0 0
vn 1 0 0
vn 1 0 0
vn 1 0 0
vn 1 0 0
vn 1 0 0
vn 0 0 1
vn 0 0 1
vn 0 0 1
vn 0 0 1
vn 0 0 1
vn 0 0 1
vn -1 0 0
vn -1 0 0
vn -1 0 0
vn -1 0 0
vn -1 0 0
vn -1 0 0
vn -1 0 0
vn -1 0 0
vn 0 0 -1
vn 0 0 -1
vn 0 0 -1
vn 0 0 -1
vn 0 0 -1
vn 0 0 -1
f 1178/1178/1178 1177/1177/1177 1175/1175/1175 1173/1173/1173
f 1174/1174/1174 1176/1176/1176 1177/1177/1177 1178/1178/1178
f 1184/1184/1184 1183/1183/1183 1181/1181/1181 1179/1179/1179
f 1180/1180/1180 1182/1182/1182 1183/1183/1183 1184/1184/1184
f 1190/1190/1190 1189/1189/1189 1192/1192/1192
f 1189/1189/1189 1186/1186/1186 1192/1192/1192
f 1191/1191/1191 1185/1185/1185 1189/1189/1189
f 1190/1190/1190 1187/1187/1187 1191/1191/1191
f 1190/1190/1190 1192/1192/1192 1188/1188/1188
f 1191/1191/1191 1189/1189/1189 1190/1190/1190
f 1198/1198/1198 1193/1193/1193 1195/1195/1195 1197/1197/1197
f 1194/1194/1194 1198/1198/1198 1197/1197/1197 1196/1196/1196
f 1203/1203/1203 1204/1204/1204 1206/1206/1206
f 1204/1204/1204 1200/1200/1200 1206/1206/1206
f 1205/1205/1205 1199/1199/1199 1204/1204/1204
f 1203/1203/1203 1201/1201/1201 1205/1205/1205
f 1203/1203/1203 1206/1206/1206 1202/1202/1202
f 1205/1205/1205 1204/1204/1204 1203/1203/1203
f 1212/1212/1212 1211/1211/1211 1209/1209/1209 1207/1207/1207
f 1208/1208/1208 1210/1210/1210 1211/1211/1211 1212/1212/1212
usemtl Default
v -60 -1359.336181640625 3457
v -60 -1359.336181640625 3357
v -120 -1359.336181640625 3457
v -120 -1359.336181640625 3357
v -120 -1359.336181640625 3407
v -60 -1359.336181640625 3407
v -120 -1119.336181640625 3457
v -120 -1119.336181640625 3357
v -60 -1119.336181640625 3457
v -60 -1119.336181640625 3357
v -60 -1119.336181640625 3407
v -120 -1119.336181640625 3407
v -120 -1359.336181640625 3457
v -120 -1359.336181640625 3357
v -120 -1119.336181640625 3457
v -120 -1119.336181640625 3357
v -120 -1359.336181640625 3407
v -120 -1119.336181640625 3407
v -120 -1239.336181640625 3457
v -120 -1239.336181640625 3357
v -60 -1359.336181640625 3457
v -60 -1119.336181640625 3457
v -120 -1359.336181640625 3457
v -120 -1119.336181640625 3457
v -120 -1239.336181640625 3457
v -60 -1239.336181640625 3457
v -60 -1119.336181640625 3457
v -60 -1119.336181640625 3357
v -60 -1359.336181640625 3457
v -60 -1359.336181640625 3357
v -60 -1359.336181640625 3407
v -60 -1119.336181640625 3407
v -60 -1239.336181640625 3457
v -60 -1239.336181640625 3357
v -60 -1359.336181640625 3357
v -60 -1119.336181640625 3357
v -120 -1359.336181640625 3357
v -120 -1119.336181640625 3357
v -120 -1239.336181640625 3357
v -60 -1239.336181640625 3357
vt 0.17647059261798859 0
vt 0.17647059261798859 0.29265281558036804
vt 0.35147634148597717 0
vt 0.35147634148597717 0.29265281558036804
vt 0.35147634148597717 0.14632640779018402
vt 0.17647059261798859 0.14632640779018402
vt 0 0
vt 0 0.29265281558036804
vt 0.17500574886798859 0
vt 0.17500574886798859 0.29265281558036804
vt 0.17500574886798859 0.14632640779018402
vt 0 0.14632640779018402
vt 0.93971163034439087 0
vt 0.64705884456634521 0
vt 0.93971163034439087 0.70588237047195435
vt 0.64705884456634521 0.70588237047195435
vt 0.79338520765304565 0
vt 0.79338520765304565 0.70588237047195435
vt 0.93971163034439087 0.35294118523597717
vt 0.64705884456634521 0.35294118523597717
vt 0.17647059261798859 0.29411765933036804
vt 0.17647059261798859 0.99853515625
vt 0.35147634148597717 0.29411765933036804
vt 0.35147634148597717 0.99853515625
vt 0.35147634148597717 0.64632642269134521
vt 0.17647059261798859 0.64632642269134521
vt 0.64559400081634521 0
vt 0.35294118523597717 0
vt 0.64559400081634521 0.70588237047195435
vt 0.35294118523597717 0.70588237047195435
vt 0.499267578125 0.70588237047195435
vt 0.499267578125 0
vt 0.64559400081634521 0.35294118523597717
vt 0.35294118523597717 0.35294118523597717
vt 0 0.29411765933036804
vt 0 0.99853515625
vt 0.17500574886798859 0.29411765933036804
vt 0.17500574886798859 0.99853515625
vt 0.17500574886798859 0.64632642269134521
vt 0 0.64632642269134521
vn 0 -1 0
vn 0 -1 0
vn 0 -1 0
vn 0 -1 0
vn 0 -1 0
vn 0 -1 0
vn 0 1 0
vn 0 1 0
vn 0 1 0
vn 0 1 0
vn 0 1 0
vn 0 1 0
vn -1 0 0
vn -1 0 0
vn -1 0 0
vn -1 0 0
vn -1 0 0
vn -1 0 0
vn -1 0 0
vn -1 0 0
vn 0 0 1
vn 0 0 1
vn 0 0 1
vn 0 0 1
vn 0 0 1
vn 0 0 1
vn 1 0 0
vn 1 0 0
vn 1 0 0
vn 1 0 0
vn 1 0 0
vn 1 0 0
vn 1 0 0
vn 1 0 0
vn 0 0 -1
vn 0 0 -1
vn 0 0 -1
vn 0 0 -1
vn 0 0 -1
vn 0 0 -1
f 1218/1218/1218 1213/1213/1213 1215/1215/1215 1217/1217/1217
f 1214/1214/1214 1218/1218/1218 1217/1217/1217 1216/1216/1216
f 1224/1224/1224 1219/1219/1219 1221/1221/1221 1223/1223/1223
f 1220/1220/1220 1224/1224/1224 1223/1223/1223 1222/1222/1222
f 1229/1229/1229 1225/1225/1225 1231/1231/1231
f 1229/1229/1229 1232/1232/1232 1226/1226/1226
f 1230/1230/1230 1229/1229/1229 1231/1231/1231
f 1229/1229/1229 1230/1230/1230 1232/1232/1232
f 1230/1230/1230 1228/1228/1228 1232/1232/1232
f 1227/1227/1227 1230/1230/1230 1231/1231/1231
f 1238/1238/1238 1237/1237/1237 1235/1235/1235 1233/1233/1233
f 1234/1234/1234 1236/1236/1236 1237/1237/1237 1238/1238/1238
f 1243/1243/1243 1246/1246/1246 1244/1244/1244
f 1244/1244/1244 1246/1246/1246 1240/1240/1240
f 1245/1245/1245 1244/1244/1244 1239/1239/1239
f 1243/1243/1243 1245/1245/1245 1241/1241/1241
f 1243/1243/1243 1242/1242/1242 1246/1246/1246
f 1245/1245/1245 1243/1243/1243 1244/1244/1244
f 1252/1252/1252 1247/1247/1247 1249/1249/1249 1251/1251/1251
f 1248/1248/1248 1252/1252/1252 1251/1251/1251 1250/1250/1250
usemtl Default
v 60 -1359.336181640625 3457
v 60 -1359.336181640625 3357
v 120 -1359.336181640625 3457
v 120 -1359.336181640625 3357
v 120 -1359.336181640625 3407
v 60 -1359.336181640625 3407
v 120 -1119.336181640625 3457
v 120 -1119.336181640625 3357
v 60 -1119.336181640625 3457
v 60 -1119.336181640625 3357
v 60 -1119.336181640625 3407
v 120 -1119.336181640625 3407
v 120 -1359.336181640625 3457
v 120 -1359.336181640625 3357
v 120 -1119.336181640625 3457
v 120 -1119.336181640625 3357
v 120 -1359.336181640625 3407
v 120 -1119.336181640625 3407
v 120 -1239.336181640625 3457
v 120 -1239.336181640625 3357
v 60 -1359.336181640625 3457
v 60 -1119.336181640625 3457
v 120 -1359.336181640625 3457
v 120 -1119.336181640625 3457
v 120 -1239.336181640625 3457
v 60 -1239.336181640625 3457
v 60 -1119.336181640625 3457
v 60 -1119.336181640625 3357
v 60 -1359.336181640625 3457
v 60 -1359.336181640625 3357
v 60 -1359.336181640625 3407
v 60 -1119.336181640625 3407
v 60 -1239.336181640625 3457
v 60 -1239.336181640625 3357
v 60 -1359.336181640625 3357
v 60 -1119.336181640625 3357
v 120 -1359.336181640625 3357
v 120 -1119.336181640625 3357
v 120 -1239.336181640625 3357
v 60 -1239.336181640625 3357
vt 0 0
vt 0 0.29265281558036804
vt 0.17500574886798859 0
vt 0.17500574886798859 0.29265281558036804
vt 0.17500574886798859 0.14632640779018402
vt 0 0.14632640779018402
vt 0.17647059261798859 0
vt 0.17647059261798859 0.29265281558036804
vt 0.35147634148597717 0
vt 0.35147634148597717 0.29265281558036804
vt 0.35147634148597717 0.14632640779018402
vt 0.17647059261798859 0.14632640779018402
vt 0.93971163034439087 0
vt 0.64705884456634521 0
vt 0.93971163034439087 0.70588237047195435
vt 0.64705884456634521 0.70588237047195435
vt 0.79338520765304565 0
vt 0.79338520765304565 0.70588237047195435
vt 0.93971163034439087 0.35294118523597717
vt 0.64705884456634521 0.35294118523597717
vt 0.17647059261798859 0.29411765933036804
vt 0.17647059261798859 0.99853515625
vt 0.35147634148597717 0.29411765933036804
vt 0.35147634148597717 0.99853515625
vt 0.35147634148597717 0.64632642269134521
vt 0.17647059261798859 0.64632642269134521
vt 0.64559400081634521 0
vt 0.35294118523597717 0
vt 0.64559400081634521 0.70588237047195435
vt 0.35294118523597717 0.70588237047195435
vt 0.499267578125 0.70588237047195435
vt 0.499267578125 0
vt 0.64559400081634521 0.35294118523597717
vt 0.35294118523597717 0.35294118523597717
vt 0 0.29411765933036804
vt 0 0.99853515625
vt 0.17500574886798859 0.29411765933036804
vt 0.17500574886798859 0.99853515625
vt 0.17500574886798859 0.64632642269134521
vt 0 0.64632642269134521
vn 0 -1 0
vn 0 -1 0
vn 0 -1 0
vn 0 -1 0
vn 0 -1 0
vn 0 -1 0
vn 0 1 0
vn 0 1 0
vn 0 1 0
vn 0 1 0
vn 0 1 0
vn 0 1 0
vn 1 0 0
vn 1 0 0
vn 1 0 0
vn 1 0 0
vn 1 0 0
vn 1 0 0
vn 1 0 0
vn 1 0 0
vn 0 0 1
vn 0 0 1
vn 0 0 1
vn 0 0 1
vn 0 0 1
vn 0 0 1
vn -1 0 0
vn -1 0 0
vn -1 0 0
vn -1 0 0
vn -1 0 0
vn -1 0 0
vn -1 0 0
vn -1 0 0
vn 0 0 -1
vn 0 0 -1
vn 0 0 -1
vn 0 0 -1
vn 0 0 -1
vn 0 0 -1
f 1258/1258/1258 1257/1257/1257 1255/1255/1255 1253/1253/1253
f 1254/1254/1254 1256/1256/1256 1257/1257/1257 1258/1258/1258
f 1264/1264/1264 1263/1263/1263 1261/1261/1261 1259/1259/1259
f 1260/1260/1260 1262/1262/1262 1263/1263/1263 1264/1264/1264
f 1269/1269/1269 1271/1271/1271 1265/1265/1265
f 1269/1269/1269 1266/1266/1266 1272/1272/1272
f 1270/1270/1270 1271/1271/1271 1269/1269/1269
f 1269/1269/1269 1272/1272/1272 1270/1270/1270
f 1270/1270/1270 1272/1272/1272 1268/1268/1268
f 1267/1267/1267 1271/1271/1271 1270/1270/1270
f 1278/1278/1278 1273/1273/1273 1275/1275/1275 1277/1277/1277
f 1274/1274/1274 1278/1278/1278 1277/1277/1277 1276/1276/1276
f 1283/1283/1283 1284/1284/1284 1286/1286/1286
f 1284/1284/1284 1280/1280/1280 1286/1286/1286
f 1285/1285/1285 1279/1279/1279 1284/1284/1284
f 1283/1283/1283 1281/1281/1281 1285/1285/1285
f 1283/1283/1283 1286/1286/1286 1282/1282/1282
f 1285/1285/1285 1284/1284/1284 1283/1283/1283
f 1292/1292/1292 1291/1291/1291 1289/1289/1289 1287/1287/1287
f 1288/1288/1288 1290/1290/1290 1291/1291/1291 1292/1292/1292
usemtl Default
v 298.00827026367188 -786.84454345703125 3457
v 298.00827026367188 -786.84454345703125 3357
v 340.4346923828125 -829.27093505859375 3457
v 340.4346923828125 -829.27093505859375 3357
v 340.4346923828125 -829.27093505859375 3407
v 298.00827026367188 -786.84454345703125 3407
v 170.72906494140625 -998.9765625 3457
v 170.72906494140625 -998.9765625 3357
v 128.30265808105469 -956.5501708984375 3457
v 128.30265808105469 -956.5501708984375 3357
v 128.30265808105469 -956.5501708984375 3407
v 170.72906494140625 -998.9765625 3407
v 340.4346923828125 -829.27093505859375 3457
v 340.4346923828125 -829.27093505859375 3357
v 170.72906494140625 -998.9765625 3457
v 170.72906494140625 -998.9765625 3357
v 340.4346923828125 -829.27093505859375 3407
v 170.72906494140625 -998.9765625 3407
v 283.86614990234375 -885.8394775390625 3457
v 227.297607421875 -942.40802001953125 3457
v 227.297607421875 -942.40802001953125 3357
v 283.86614990234375 -885.8394775390625 3357
v 298.00827026367188 -786.84454345703125 3457
v 128.30265808105469 -956.5501708984375 3457
v 340.4346923828125 -829.27093505859375 3457
v 170.72906494140625 -998.9765625 3457
v 283.86614990234375 -885.8394775390625 3457
v 227.297607421875 -942.40802001953125 3457
v 184.87120056152344 -899.98162841796875 3457
v 241.43974304199219 -843.4130859375 3457
v 128.30265808105469 -956.5501708984375 3457
v 128.30265808105469 -956.5501708984375 3357
v 298.00827026367188 -786.84454345703125 3457
v 298.00827026367188 -786.84454345703125 3357
v 298.00827026367188 -786.84454345703125 3407
v 128.30265808105469 -956.5501708984375 3407
v 184.87120056152344 -899.98162841796875 3457
v 241.43974304199219 -843.4130859375 3457
v 241.43974304199219 -843.4130859375 3357
v 184.87120056152344 -899.98162841796875 3357
v 298.00827026367188 -786.84454345703125 3357
v 128.30265808105469 -956.5501708984375 3357
v 340.4346923828125 -829.27093505859375 3357
v 170.72906494140625 -998.9765625 3357
v 283.86614990234375 -885.8394775390625 3357
v 227.297607421875 -942.40802001953125 3357
v 184.87120056152344 -899.98162841796875 3357
v 241.43974304199219 -843.4130859375 3357
vt 0.17647059261798859 0
vt 0.17647059261798859 0.29265281558036804
vt 0.35147634148597717 0
vt 0.35147634148597717 0.29265281558036804
vt 0.35147634148597717 0.14632640779018402
vt 0.17647059261798859 0.14632640779018402
vt 0 0
vt 0 0.29265281558036804
vt 0.17500574886798859 0
vt 0.17500574886798859 0.29265281558036804
vt 0.17500574886798859 0.14632640779018402
vt 0 0.14632640779018402
vt 0.93971163034439087 0
vt 0.64705884456634521 0
vt 0.93971163034439087 0.70588237047195435
vt 0.64705884456634521 0.70588237047195435
vt 0.79338520765304565 0
vt 0.79338520765304565 0.70588237047195435
vt 0.93971163034439087 0.23529411852359772
vt 0.93971163034439087 0.47058823704719543
vt 0.64705884456634521 0.47058823704719543
vt 0.64705884456634521 0.23529411852359772
vt 0.17647059261798859 0.29411765933036804
vt 0.17647059261798859 0.99853515625
vt 0.35147634148597717 0.29411765933036804
vt 0.35147634148597717 0.99853515625
vt 0.35147634148597717 0.52892351150512695
vt 0.35147634148597717 0.76372933387756348
vt 0.17647059261798859 0.76372933387756348
vt 0.17647059261798859 0.52892351150512695
vt 0.64559400081634521 0
vt 0.35294118523597717 0
vt 0.64559400081634521 0.70588237047195435
vt 0.35294118523597717 0.70588237047195435
vt 0.499267578125 0.70588237047195435
vt 0.499267578125 0
vt 0.64559400081634521 0.23529411852359772
vt 0.64559400081634521 0.47058823704719543
vt 0.35294118523597717 0.47058823704719543
vt 0.35294118523597717 0.23529411852359772
vt 0 0.29411765933036804
vt 0 0.99853515625
vt 0.17500574886798859 0.29411765933036804
vt 0.17500574886798859 0.99853515625
vt 0.17500574886798859 0.52892351150512695
vt 0.17500574886798859 0.76372933387756348
vt 0 0.76372933387756348
vt 0 0.52892351150512695
vn 0.70710676908493042 0.70710676908493042 0
vn 0.70710676908493042 0.70710676908493042 0
vn 0.70710676908493042 0.70710676908493042 0
vn 0.70710676908493042 0.70710676908493042 0
vn 0.70710676908493042 0.70710676908493042 0
vn 0.70710676908493042 0.70710676908493042 0
vn -0.70710676908493042 -0.70710676908493042 0
vn -0.70710676908493042 -0.70710676908493042 0
vn -0.70710676908493042 -0.70710676908493042 0
vn -0.70710676908493042 -0.70710676908493042 0
vn -0.70710676908493042 -0.70710676908493042 0
vn -0.70710676908493042 -0.70710676908493042 0
vn 0.70710676908493042 -0.70710676908493042 0
vn 0.70710676908493042 -0.70710676908493042 0
vn 0.70710676908493042 -0.70710676908493042 0
vn 0.70710676908493042 -0.70710676908493042 0
vn 0.70710676908493042 -0.70710676908493042 0
vn 0.70710676908493042 -0.70710676908493042 0
vn 0.70710676908493042 -0.70710676908493042 0
vn 0.70710676908493042 -0.70710676908493042 0
vn 0.70710676908493042 -0.70710676908493042 0
vn 0.70710676908493042 -0.70710676908493042 0
vn 0 0 1
vn 0 0 1
vn 0 0 1
vn 0 0 1
vn 0 0 1
vn 0 0 1
vn 0 0 1
vn 0 0 1
vn -0.70710676908493042 0.70710676908493042 0
vn -0.70710676908493042 0.70710676908493042 0
vn -0.70710676908493042 0.70710676908493042 0
vn -0.70710676908493042 0.70710676908493042 0
vn -0.70710676908493042 0.70710676908493042 0
vn -0.70710676908493042 0.70710676908493042 0
vn -0.70710676908493042 0.70710676908493042 0
vn -0.70710676908493042 0.70710676908493042 0
vn -0.70710676908493042 0.70710676908493042 0
vn -0.70710676908493042 0.70710676908493042 0
vn 0 0 -1
vn 0 0 -1
vn 0 0 -1
vn 0 0 -1
vn 0 0 -1
vn 0 0 -1
vn 0 0 -1
vn 0 0 -1
f 1298/1298/1298 1293/1293/1293 1295/1295/1295 1297/1297/1297
f 1294/1294/1294 1298/1298/1298 1297/1297/1297 1296/1296/1296
f 1304/1304/1304 1299/1299/1299 1301/1301/1301 1303/1303/1303
f 1300/1300/1300 1304/1304/1304 1303/1303/1303 1302/1302/1302
f 1309/1309/1309 1305/1305/1305 1311/1311/1311
f 1306/1306/1306 1309/1309/1309 1314/1314/1314
f 1311/1311/1311 1314/1314/1314 1309/1309/1309
f 1311/1311/1311 1312/1312/1312 1313/1313/1313 1314/1314/1314
f 1310/1310/1310 1312/1312/1312 1307/1307/1307
f 1308/1308/1308 1313/1313/1313 1310/1310/1310
f 1312/1312/1312 1310/1310/1310 1313/1313/1313
f 1322/1322/1322 1319/1319/1319 1317/1317/1317 1315/1315/1315
f 1316/1316/1316 1318/1318/1318 1320/1320/1320 1321/1321/1321
f 1321/1321/1321 1320/1320/1320 1319/1319/1319 1322/1322/1322
f 1328/1328/1328 1323/1323/1323 1329/1329/1329
f 1324/1324/1324 1328/1328/1328 1332/1332/1332
f 1329/1329/1329 1332/1332/1332 1328/1328/1328
f 1331/1331/1331 1332/1332/1332 1329/1329/1329 1330/1330/1330
f 1327/1327/1327 1330/1330/1330 1325/1325/1325
f 1326/1326/1326 1331/1331/1331 1327/1327/1327
f 1330/1330/1330 1327/1327/1327 1331/1331/1331
f 1340/1340/1340 1333/1333/1333 1335/1335/1335 1337/1337/1337
f 1334/1334/1334 1339/1339/1339 1338/1338/1338 1336/1336/1336
f 1339/1339/1339 1340/1340/1340 1337/1337/1337 1338/1338/1338
usemtl Default
v 213.15547180175781 -701.99169921875 3457
v 213.15547180175781 -701.99169921875 3357
v 170.72906494140625 -659.5653076171875 3457
v 170.72906494140625 -659.5653076171875 3357
v 170.72906494140625 -659.5653076171875 3407
v 213.15547180175781 -701.99169921875 3407
v 1.0234304666519165 -829.27093505859375 3457
v 1.0234304666519165 -829.27093505859375 3357
v 43.449836730957031 -871.69732666015625 3457
v 43.449836730957031 -871.69732666015625 3357
v 43.449836730957031 -871.69732666015625 3407
v 1.0234304666519165 -829.27093505859375 3407
v 170.72906494140625 -659.5653076171875 3457
v 170.72906494140625 -659.5653076171875 3357
v 1.0234304666519165 -829.27093505859375 3457
v 1.0234304666519165 -829.27093505859375 3357
v 170.72906494140625 -659.5653076171875 3407
v 1.0234304666519165 -829.27093505859375 3407
v 114.16051483154297 -716.13385009765625 3457
v 57.591972351074219 -772.702392578125 3457
v 57.591972351074219 -772.702392578125 3357
v 114.16051483154297 -716.13385009765625 3357
v 213.15547180175781 -701.99169921875 3457
v 43.449836730957031 -871.69732666015625 3457
v 170.72906494140625 -659.5653076171875 3457
v 1.0234304666519165 -829.27093505859375 3457
v 114.16051483154297 -716.13385009765625 3457
v 57.591972351074219 -772.702392578125 3457
v 128.30265808105469 -786.84454345703125 3457
v 43.449836730957031 -871.69732666015625 3457
v 43.449836730957031 -871.69732666015625 3357
v 213.15547180175781 -701.99169921875 3457
v 213.15547180175781 -701.99169921875 3357
v 213.15547180175781 -701.99169921875 3407
v 43.449836730957031 -871.69732666015625 3407
v 128.30265808105469 -786.84454345703125 3457
v 128.30265808105469 -786.84454345703125 3357
v 213.15547180175781 -701.99169921875 3357
v 43.449836730957031 -871.69732666015625 3357
v 170.72906494140625 -659.5653076171875 3357
v 1.0234304666519165 -829.27093505859375 3357
v 114.16051483154297 -716.13385009765625 3357
v 57.591972351074219 -772.702392578125 3357
v 128.30265808105469 -786.84454345703125 3357
vt 0.17647059261798859 0
vt 0.17647059261798859 0.29265281558036804
vt 0.35147634148597717 0
vt 0.35147634148597717 0.29265281558036804
vt 0.35147634148597717 0.14632640779018402
vt 0.17647059261798859 0.14632640779018402
vt 0 0
vt 0 0.29265281558036804
vt 0.17500574886798859 0
vt 0.17500574886798859 0.29265281558036804
vt 0.17500574886798859 0.14632640779018402
vt 0 0.14632640779018402
vt 0.93971163034439087 0
vt 0.64705884456634521 0
vt 0.93971163034439087 0.70588237047195435
vt 0.64705884456634521 0.70588237047195435
vt 0.79338520765304565 0
vt 0.79338520765304565 0.70588237047195435
vt 0.93971163034439087 0.23529411852359772
vt 0.93971163034439087 0.47058823704719543
vt 0.64705884456634521 0.47058823704719543
vt 0.64705884456634521 0.23529411852359772
vt 0.17647059261798859 0.29411765933036804
vt 0.17647059261798859 0.99853515625
vt 0.35147634148597717 0.29411765933036804
vt 0.35147634148597717 0.99853515625
vt 0.35147634148597717 0.52892351150512695
vt 0.35147634148597717 0.76372933387756348
vt 0.17647059261798859 0.64632642269134521
vt 0.64559400081634521 0
vt 0.35294118523597717 0
vt 0.64559400081634521 0.70588237047195435
vt 0.35294118523597717 0.70588237047195435
vt 0.499267578125 0.70588237047195435
vt 0.499267578125 0
vt 0.64559400081634521 0.35294118523597717
vt 0.35294118523597717 0.35294118523597717
vt 0 0.29411765933036804
vt 0 0.99853515625
vt 0.17500574886798859 0.29411765933036804
vt 0.17500574886798859 0.99853515625
vt 0.17500574886798859 0.52892351150512695
vt 0.17500574886798859 0.76372933387756348
vt 0 0.64632642269134521
vn 0.70710676908493042 0.70710676908493042 0
vn 0.70710676908493042 0.70710676908493042 0
vn 0.70710676908493042 0.70710676908493042 0
vn 0.70710676908493042 0.70710676908493042 0
vn 0.70710676908493042 0.70710676908493042 0
vn 0.70710676908493042 0.70710676908493042 0
vn -0.70710676908493042 -0.70710676908493042 0
vn -0.70710676908493042 -0.70710676908493042 0
vn -0.70710676908493042 -0.70710676908493042 0
vn -0.70710676908493042 -0.70710676908493042 0
vn -0.70710676908493042 -0.70710676908493042 0
vn -0.70710676908493042 -0.70710676908493042 0
vn -0.70710676908493042 0.70710676908493042 0
vn -0.70710676908493042 0.70710676908493042 0
vn -0.70710676908493042 0.70710676908493042 0
vn -0.70710676908493042 0.70710676908493042 0
vn -0.70710676908493042 0.70710676908493042 0
vn -0.70710676908493042 0.70710676908493042 0
vn -0.70710676908493042 0.70710676908493042 0
vn -0.70710676908493042 0.70710676908493042 0
vn -0.70710676908493042 0.70710676908493042 0
vn -0.70710676908493042 0.70710676908493042 0
vn 0 0 1
vn 0 0 1
vn 0 0 1
vn 0 0 1
vn 0 0 1
vn 0 0 1
vn 0 0 1
vn 0.70710676908493042 -0.70710676908493042 0
vn 0.70710676908493042 -0.70710676908493042 0
vn 0.70710676908493042 -0.70710676908493042 0
vn 0.70710676908493042 -0.70710676908493042 0
vn 0.70710676908493042 -0.70710676908493042 0
vn 0.70710676908493042 -0.70710676908493042 0
vn 0.70710676908493042 -0.70710676908493042 0
vn 0.70710676908493042 -0.70710676908493042 0
vn 0 0 -1
vn 0 0 -1
vn 0 0 -1
vn 0 0 -1
vn 0 0 -1
vn 0 0 -1
vn 0 0 -1
f 1346/1346/1346 1345/1345/1345 1343/1343/1343 1341/1341/1341
f 1342/1342/1342 1344/1344/1344 1345/1345/1345 1346/1346/1346
f 1352/1352/1352 1351/1351/1351 1349/1349/1349 1347/1347/1347
f 1348/1348/1348 1350/1350/1350 1351/1351/1351 1352/1352/1352
f 1357/1357/1357 1359/1359/1359 1353/1353/1353
f 1354/1354/1354 1362/1362/1362 1357/1357/1357
f 1359/1359/1359 1357/1357/1357 1362/1362/1362
f 1361/1361/1361 1360/1360/1360 1359/1359/1359 1362/1362/1362
f 1358/1358/1358 1355/1355/1355 1360/1360/1360
f 1356/1356/1356 1358/1358/1358 1361/1361/1361
f 1360/1360/1360 1361/1361/1361 1358/1358/1358
f 1369/1369/1369 1363/1363/1363 1365/1365/1365 1367/1367/1367
f 1364/1364/1364 1369/1369/1369 1368/1368/1368 1366/1366/1366
f 1369/1369/1369 1367/1367/1367 1368/1368/1368
f 1374/1374/1374 1375/1375/1375 1377/1377/1377
f 1375/1375/1375 1371/1371/1371 1377/1377/1377
f 1376/1376/1376 1370/1370/1370 1375/1375/1375
f 1374/1374/1374 1372/1372/1372 1376/1376/1376
f 1374/1374/1374 1377/1377/1377 1373/1373/1373
f 1376/1376/1376 1375/1375/1375 1374/1374/1374
f 1384/1384/1384 1382/1382/1382 1380/1380/1380 1378/1378/1378
f 1379/1379/1379 1381/1381/1381 1383/1383/1383 1384/1384/1384
f 1384/1384/1384 1383/1383/1383 1382/1382/1382
usemtl Default
v 627.27923583984375 -457.57357788085938 3457
v 627.27923583984375 -457.57357788085938 3357
v 669.70562744140625 -500 3457
v 669.70562744140625 -500 3357
v 669.70562744140625 -500 3407
v 627.27923583984375 -457.57357788085938 3407
v 500 -669.70562744140625 3457
v 500 -669.70562744140625 3357
v 457.57357788085938 -627.27923583984375 3457
v 457.57357788085938 -627.27923583984375 3357
v 457.57357788085938 -627.27923583984375 3407
v 500 -669.70562744140625 3407
v 669.70562744140625 -500 3457
v 669.70562744140625 -500 3357
v 500 -669.70562744140625 3457
v 500 -669.70562744140625 3357
v 669.70562744140625 -500 3407
v 500 -669.70562744140625 3407
v 613.1370849609375 -556.56854248046875 3457
v 556.56854248046875 -613.1370849609375 3457
v 556.56854248046875 -613.1370849609375 3357
v 613.1370849609375 -556.56854248046875 3357
v 627.27923583984375 -457.57357788085938 3457
v 457.57357788085938 -627.27923583984375 3457
v 669.70562744140625 -500 3457
v 500 -669.70562744140625 3457
v 613.1370849609375 -556.56854248046875 3457
v 556.56854248046875 -613.1370849609375 3457
v 514.14215087890625 -570.710693359375 3457
v 570.710693359375 -514.14215087890625 3457
v 457.57357788085938 -627.27923583984375 3457
v 457.57357788085938 -627.27923583984375 3357
v 627.27923583984375 -457.57357788085938 3457
v 627.27923583984375 -457.57357788085938 3357
v 627.27923583984375 -457.57357788085938 3407
v 457.57357788085938 -627.27923583984375 3407
v 514.14215087890625 -570.710693359375 3457
v 570.710693359375 -514.14215087890625 3457
v 570.710693359375 -514.14215087890625 3357
v 514.14215087890625 -570.710693359375 3357
v 627.27923583984375 -457.57357788085938 3357
v 457.57357788085938 -627.27923583984375 3357
v 669.70562744140625 -500 3357
v 500 -669.70562744140625 3357
v 613.1370849609375 -556.56854248046875 3357
v 556.56854248046875 -613.1370849609375 3357
v 514.14215087890625 -570.710693359375 3357
v 570.710693359375 -514.14215087890625 3357
vt 0.17647059261798859 0
vt 0.17647059261798859 0.29265281558036804
vt 0.35147634148597717 0
vt 0.35147634148597717 0.29265281558036804
vt 0.35147634148597717 0.14632640779018402
vt 0.17647059261798859 0.14632640779018402
vt 0 0
vt 0 0.29265281558036804
vt 0.17500574886798859 0
vt 0.17500574886798859 0.29265281558036804
vt 0.17500574886798859 0.14632640779018402
vt 0 0.14632640779018402
vt 0.93971163034439087 0
vt 0.64705884456634521 0
vt 0.93971163034439087 0.70588237047195435
vt 0.64705884456634521 0.70588237047195435
vt 0.79338520765304565 0
vt 0.79338520765304565 0.70588237047195435
vt 0.93971163034439087 0.23529411852359772
vt 0.93971163034439087 0.47058823704719543
vt 0.64705884456634521 0.47058823704719543
vt 0.64705884456634521 0.23529411852359772
vt 0.17647059261798859 0.29411765933036804
vt 0.17647059261798859 0.99853515625
vt 0.35147634148597717 0.29411765933036804
vt 0.35147634148597717 0.99853515625
vt 0.35147634148597717 0.52892351150512695
vt 0.35147634148597717 0.76372933387756348
vt 0.17647059261798859 0.76372933387756348
vt 0.17647059261798859 0.52892351150512695
vt 0.64559400081634521 0
vt 0.35294118523597717 0
vt 0.64559400081634521 0.70588237047195435
vt 0.35294118523597717 0.70588237047195435
vt 0.499267578125 0.70588237047195435
vt 0.499267578125 0
vt 0.64559400081634521 0.23529411852359772
vt 0.64559400081634521 0.47058823704719543
vt 0.35294118523597717 0.47058823704719543
vt 0.35294118523597717 0.23529411852359772
vt 0 0.29411765933036804
vt 0 0.99853515625
vt 0.17500574886798859 0.29411765933036804
vt 0.17500574886798859 0.99853515625
vt 0.17500574886798859 0.52892351150512695
vt 0.17500574886798859 0.76372933387756348
vt 0 0.76372933387756348
vt 0 0.52892351150512695
vn 0.70710676908493042 0.70710676908493042 0
vn 0.70710676908493042 0.70710676908493042 0
vn 0.70710676908493042 0.70710676908493042 0
vn 0.70710676908493042 0.70710676908493042 0
vn 0.70710676908493042 0.70710676908493042 0
vn 0.70710676908493042 0.70710676908493042 0
vn -0.70710676908493042 -0.70710676908493042 0
vn -0.70710676908493042 -0.70710676908493042 0
vn -0.70710676908493042 -0.70710676908493042 0
vn -0.70710676908493042 -0.70710676908493042 0
vn -0.70710676908493042 -0.70710676908493042 0
vn -0.70710676908493042 -0.70710676908493042 0
vn 0.70710676908493042 -0.70710676908493042 0
vn 0.70710676908493042 -0.70710676908493042 0
vn 0.70710676908493042 -0.70710676908493042 0
vn 0.70710676908493042 -0.70710676908493042 0
vn 0.70710676908493042 -0.70710676908493042 0
vn 0.70710676908493042 -0.70710676908493042 0
vn 0.70710676908493042 -0.70710676908493042 0
vn 0.70710676908493042 -0.70710676908493042 0
vn 0.70710676908493042 -0.70710676908493042 0
vn 0.70710676908493042 -0.70710676908493042 0
vn 0 0 1
vn 0 0 1
vn 0 0 1
vn 0 0 1
vn 0 0 1
vn 0 0 1
vn 0 0 1
vn 0 0 1
vn -0.70710676908493042 0.70710676908493042 0
vn -0.70710676908493042 0.70710676908493042 0
vn -0.70710676908493042 0.70710676908493042 0
vn -0.70710676908493042 0.70710676908493042 0
vn -0.70710676908493042 0.70710676908493042 0
vn -0.70710676908493042 0.70710676908493042 0
vn -0.70710676908493042 0.70710676908493042 0
vn -0.70710676908493042 0.70710676908493042 0
vn -0.70710676908493042 0.70710676908493042 0
vn -0.70710676908493042 0.70710676908493042 0
vn 0 0 -1
vn 0 0 -1
vn 0 0 -1
vn 0 0 -1
vn 0 0 -1
vn 0 0 -1
vn 0 0 -1
vn 0 0 -1
f 1390/1390/1390 1385/1385/1385 1387/1387/1387 1389/1389/1389
f 1386/1386/1386 1390/1390/1390 1389/1389/1389 1388/1388/1388
f 1396/1396/1396 1391/1391/1391 1393/1393/1393 1395/1395/1395
f 1392/1392/1392 1396/1396/1396 1395/1395/1395 1394/1394/1394
f 1401/1401/1401 1397/1397/1397 1403/1403/1403
f 1398/1398/1398 1401/1401/1401 1406/1406/1406
f 1403/1403/1403 1406/1406/1406 1401/1401/1401
f 1405/1405/1405 1406/1406/1406 1403/1403/1403 1404/1404/1404
f 1402/1402/1402 1404/1404/1404 1399/1399/1399
f 1400/1400/1400 1405/1405/1405 1402/1402/1402
f 1404/1404/1404 1402/1402/1402 1405/1405/1405
f 1414/1414/1414 1411/1411/1411 1409/1409/1409 1407/1407/1407
f 1408/1408/1408 1410/1410/1410 1412/1412/1412 1413/1413/1413
f 1413/1413/1413 1412/1412/1412 1411/1411/1411 1414/1414/1414
f 1420/1420/1420 1415/1415/1415 1421/1421/1421
f 1416/1416/1416 1420/1420/1420 1424/1424/1424
f 1421/1421/1421 1424/1424/1424 1420/1420/1420
f 1423/1423/1423 1424/1424/1424 1421/1421/1421 1422/1422/1422
f 1419/1419/1419 1422/1422/1422 1417/1417/1417
f 1418/1418/1418 1423/1423/1423 1419/1419/1419
f 1422/1422/1422 1419/1419/1419 1423/1423/1423
f 1432/1432/1432 1425/1425/1425 1427/1427/1427 1429/1429/1429
f 1426/1426/1426 1431/1431/1431 1430/1430/1430 1428/1428/1428
f 1431/1431/1431 1432/1432/1432 1429/1429/1429 1430/1430/1430
usemtl Default
v 542.4263916015625 -372.72076416015625 3457
v 542.4263916015625 -372.72076416015625 3357
v 500 -330.29437255859375 3457
v 500 -330.29437255859375 3357
v 500 -330.29437255859375 3407
v 542.4263916015625 -372.72076416015625 3407
v 330.29437255859375 -500 3457
v 330.29437255859375 -500 3357
v 372.72076416015625 -542.4263916015625 3457
v 372.72076416015625 -542.4263916015625 3357
v 372.72076416015625 -542.4263916015625 3407
v 330.29437255859375 -500 3407
v 500 -330.29437255859375 3457
v 500 -330.29437255859375 3357
v 330.29437255859375 -500 3457
v 330.29437255859375 -500 3357
v 500 -330.29437255859375 3407
v 330.29437255859375 -500 3407
v 443.43145751953125 -386.8629150390625 3457
v 386.8629150390625 -443.43145751953125 3457
v 386.8629150390625 -443.43145751953125 3357
v 443.43145751953125 -386.8629150390625 3357
v 542.4263916015625 -372.72076416015625 3457
v 372.72076416015625 -542.4263916015625 3457
v 500 -330.29437255859375 3457
v 330.29437255859375 -500 3457
v 443.43145751953125 -386.8629150390625 3457
v 386.8629150390625 -443.43145751953125 3457
v 457.57357788085938 -457.57357788085938 3457
v 372.72076416015625 -542.4263916015625 3457
v 372.72076416015625 -542.4263916015625 3357
v 542.4263916015625 -372.72076416015625 3457
v 542.4263916015625 -372.72076416015625 3357
v 542.4263916015625 -372.72076416015625 3407
v 372.72076416015625 -542.4263916015625 3407
v 457.57357788085938 -457.57357788085938 3457
v 457.57357788085938 -457.57357788085938 3357
v 542.4263916015625 -372.72076416015625 3357
v 372.72076416015625 -542.4263916015625 3357
v 500 -330.29437255859375 3357
v 330.29437255859375 -500 3357
v 443.43145751953125 -386.8629150390625 3357
v 386.8629150390625 -443.43145751953125 3357
v 457.57357788085938 -457.57357788085938 3357
vt 0.17647059261798859 0
vt 0.17647059261798859 0.29265281558036804
vt 0.35147634148597717 0
vt 0.35147634148597717 0.29265281558036804
vt 0.35147634148597717 0.14632640779018402
vt 0.17647059261798859 0.14632640779018402
vt 0 0
vt 0 0.29265281558036804
vt 0.17500574886798859 0
vt 0.17500574886798859 0.29265281558036804
vt 0.17500574886798859 0.14632640779018402
vt 0 0.14632640779018402
vt 0.93971163034439087 0
vt 0.64705884456634521 0
vt 0.93971163034439087 0.70588237047195435
vt 0.64705884456634521 0.70588237047195435
vt 0.79338520765304565 0
vt 0.79338520765304565 0.70588237047195435
vt 0.93971163034439087 0.23529411852359772
vt 0.93971163034439087 0.47058823704719543
vt 0.64705884456634521 0.47058823704719543
vt 0.64705884456634521 0.23529411852359772
vt 0.17647059261798859 0.29411765933036804
vt 0.17647059261798859 0.99853515625
vt 0.35147634148597717 0.29411765933036804
vt 0.35147634148597717 0.99853515625
vt 0.35147634148597717 0.52892351150512695
vt 0.35147634148597717 0.76372933387756348
vt 0.17647059261798859 0.64632642269134521
vt 0.64559400081634521 0
vt 0.35294118523597717 0
vt 0.64559400081634521 0.70588237047195435
vt 0.35294118523597717 0.70588237047195435
vt 0.499267578125 0.70588237047195435
vt 0.499267578125 0
vt 0.64559400081634521 0.35294118523597717
vt 0.35294118523597717 0.35294118523597717
vt 0 0.29411765933036804
vt 0 0.99853515625
vt 0.17500574886798859 0.29411765933036804
vt 0.17500574886798859 0.99853515625
vt 0.17500574886798859 0.52892351150512695
vt 0.17500574886798859 0.76372933387756348
vt 0 0.64632642269134521
vn 0.70710676908493042 0.70710676908493042 0
vn 0.70710676908493042 0.70710676908493042 0
vn 0.70710676908493042 0.70710676908493042 0
vn 0.70710676908493042 0.70710676908493042 0
vn 0.70710676908493042 0.70710676908493042 0
vn 0.70710676908493042 0.70710676908493042 0
vn -0.70710676908493042 -0.70710676908493042 0
vn -0.70710676908493042 -0.70710676908493042 0
vn -0.70710676908493042 -0.70710676908493042 0
vn -0.70710676908493042 -0.70710676908493042 0
vn -0.70710676908493042 -0.70710676908493042 0
vn -0.70710676908493042 -0.70710676908493042 0
vn -0.70710676908493042 0.70710676908493042 0
vn -0.70710676908493042 0.70710676908493042 0
vn -0.70710676908493042 0.70710676908493042 0
vn -0.70710676908493042 0.70710676908493042 0
vn -0.70710676908493042 0.70710676908493042 0
vn -0.70710676908493042 0.70710676908493042 0
vn -0.70710676908493042 0.70710676908493042 0
vn -0.70710676908493042 0.70710676908493042 0
vn -0.70710676908493042 0.70710676908493042 0
vn -0.70710676908493042 0.70710676908493042 0
vn 0 0 1
vn 0 0 1
vn 0 0 1
vn 0 0 1
vn 0 0 1
vn 0 0 1
vn 0 0 1
vn 0.70710676908493042 -0.70710676908493042 0
vn 0.70710676908493042 -0.70710676908493042 0
vn 0.70710676908493042 -0.70710676908493042 0
vn 0.70710676908493042 -0.70710676908493042 0
vn 0.70710676908493042 -0.70710676908493042 0
vn 0.70710676908493042 -0.70710676908493042 0
vn 0.70710676908493042 -0.70710676908493042 0
vn 0.70710676908493042 -0.70710676908493042 0
vn 0 0 -1
vn 0 0 -1
vn 0 0 -1
vn 0 0 -1
vn 0 0 -1
vn 0 0 -1
vn 0 0 -1
f 1438/1438/1438 1437/1437/1437 1435/1435/1435 1433/1433/1433
f 1434/1434/1434 1436/1436/1436 1437/1437/1437 1438/1438/1438
f 1444/1444/1444 1443/1443/1443 1441/1441/1441 1439/1439/1439
f 1440/1440/1440 1442/1442/1442 1443/1443/1443 1444/1444/1444
f 1449/1449/1449 1451/1451/1451 1445/1445/1445
f 1446/1446/1446 1454/1454/1454 1449/1449/1449
f 1451/1451/1451 1449/1449/1449 1454/1454/1454
f 1453/1453/1453 1452/1452/1452 1451/1451/1451 1454/1454/1454
f 1450/1450/1450 1447/1447/1447 1452/1452/1452
f 1448/1448/1448 1450/1450/1450 1453/1453/1453
f 1452/1452/1452 1453/1453/1453 1450/1450/1450
f 1461/1461/1461 1455/1455/1455 1457/1457/1457 1459/1459/1459
f 1456/1456/1456 1461/1461/1461 1460/1460/1460 1458/1458/1458
f 1461/1461/1461 1459/1459/1459 1460/1460/1460
f 1466/1466/1466 1467/1467/1467 1469/1469/1469
f 1467/1467/1467 1463/1463/1463 1469/1469/1469
f 1468/1468/1468 1462/1462/1462 1467/1467/1467
f 1466/1466/1466 1464/1464/1464 1468/1468/1468
f 1466/1466/1466 1469/1469/1469 1465/1465/1465
f 1468/1468/1468 1467/1467/1467 1466/1466/1466
f 1476/1476/1476 1474/1474/1474 1472/1472/1472 1470/1470/1470
f 1471/1471/1471 1473/1473/1473 1475/1475/1475 1476/1476/1476
f 1476/1476/1476 1475/1475/1475 1474/1474/1474
usemtl Default
v 956.5501708984375 -128.30265808105469 3457
v 956.5501708984375 -128.30265808105469 3357
v 998.9765625 -170.72906494140625 3457
v 998.9765625 -170.72906494140625 3357
v 998.9765625 -170.72906494140625 3407
v 956.5501708984375 -128.30265808105469 3407
v 829.27093505859375 -340.4346923828125 3457
v 829.27093505859375 -340.4346923828125 3357
v 786.84454345703125 -298.00827026367188 3457
v 786.84454345703125 -298.00827026367188 3357
v 786.84454345703125 -298.00827026367188 3407
v 829.27093505859375 -340.4346923828125 3407
v 998.9765625 -170.72906494140625 3457
v 998.9765625 -170.72906494140625 3357
v 829.27093505859375 -340.4346923828125 3457
v 829.27093505859375 -340.4346923828125 3357
v 998.9765625 -170.72906494140625 3407
v 829.27093505859375 -340.4346923828125 3407
v 942.40802001953125 -227.297607421875 3457
v 885.8394775390625 -283.86614990234375 3457
v 885.8394775390625 -283.86614990234375 3357
v 942.40802001953125 -227.297607421875 3357
v 956.5501708984375 -128.30265808105469 3457
v 786.84454345703125 -298.00827026367188 3457
v 998.9765625 -170.72906494140625 3457
v 829.27093505859375 -340.4346923828125 3457
v 942.40802001953125 -227.297607421875 3457
v 885.8394775390625 -283.86614990234375 3457
v 843.4130859375 -241.43974304199219 3457
v 899.98162841796875 -184.87120056152344 3457
v 786.84454345703125 -298.00827026367188 3457
v 786.84454345703125 -298.00827026367188 3357
v 956.5501708984375 -128.30265808105469 3457
v 956.5501708984375 -128.30265808105469 3357
v 956.5501708984375 -128.30265808105469 3407
v 786.84454345703125 -298.00827026367188 3407
v 843.4130859375 -241.43974304199219 3457
v 899.98162841796875 -184.87120056152344 3457
v 899.98162841796875 -184.87120056152344 3357
v 843.4130859375 -241.43974304199219 3357
v 956.5501708984375 -128.30265808105469 3357
v 786.84454345703125 -298.00827026367188 3357
v 998.9765625 -170.72906494140625 3357
v 829.27093505859375 -340.4346923828125 3357
v 942.40802001953125 -227.297607421875 3357
v 885.8394775390625 -283.86614990234375 3357
v 843.4130859375 -241.43974304199219 3357
v 899.98162841796875 -184.87120056152344 3357
vt 0.17647059261798859 0
vt 0.17647059261798859 0.29265281558036804
vt 0.35147634148597717 0
vt 0.35147634148597717 0.29265281558036804
vt 0.35147634148597717 0.14632640779018402
vt 0.17647059261798859 0.14632640779018402
vt 0 0
vt 0 0.29265281558036804
vt 0.17500574886798859 0
vt 0.17500574886798859 0.29265281558036804
vt 0.17500574886798859 0.14632640779018402
vt 0 0.14632640779018402
vt 0.93971163034439087 0
vt 0.64705884456634521 0
vt 0.93971163034439087 0.70588237047195435
vt 0.64705884456634521 0.70588237047195435
vt 0.79338520765304565 0
vt 0.79338520765304565 0.70588237047195435
vt 0.93971163034439087 0.23529411852359772
vt 0.93971163034439087 0.47058823704719543
vt 0.64705884456634521 0.47058823704719543
vt 0.64705884456634521 0.23529411852359772
vt 0.17647059261798859 0.29411765933036804
vt 0.17647059261798859 0.99853515625
vt 0.35147634148597717 0.29411765933036804
vt 0.35147634148597717 0.99853515625
vt 0.35147634148597717 0.52892351150512695
vt 0.35147634148597717 0.76372933387756348
vt 0.17647059261798859 0.76372933387756348
vt 0.17647059261798859 0.52892351150512695
vt 0.64559400081634521 0
vt 0.35294118523597717 0
vt 0.64559400081634521 0.70588237047195435
vt 0.35294118523597717 0.70588237047195435
vt 0.499267578125 0.70588237047195435
vt 0.499267578125 0
vt 0.64559400081634521 0.23529411852359772
vt 0.64559400081634521 0.47058823704719543
vt 0.35294118523597717 0.47058823704719543
vt 0.35294118523597717 0.23529411852359772
vt 0 0.29411765933036804
vt 0 0.99853515625
vt 0.17500574886798859 0.29411765933036804
vt 0.17500574886798859 0.99853515625
vt 0.17500574886798859 0.52892351150512695
vt 0.17500574886798859 0.76372933387756348
vt 0 0.76372933387756348
vt 0 0.52892351150512695
vn 0.70710676908493042 0.70710676908493042 0
vn 0.70710676908493042 0.70710676908493042 0
vn 0.70710676908493042 0.70710676908493042 0
vn 0.70710676908493042 0.70710676908493042 0
vn 0.70710676908493042 0.70710676908493042 0
vn 0.70710676908493042 0.70710676908493042 0
vn -0.70710676908493042 -0.70710676908493042 0
vn -0.70710676908493042 -0.70710676908493042 0
vn -0.70710676908493042 -0.70710676908493042 0
vn -0.70710676908493042 -0.70710676908493042 0
vn -0.70710676908493042 -0.70710676908493042 0
vn -0.70710676908493042 -0.70710676908493042 0
vn 0.70710676908493042 -0.70710676908493042 0
vn 0.70710676908493042 -0.70710676908493042 0
vn 0.70710676908493042 -0.70710676908493042 0
vn 0.70710676908493042 -0.70710676908493042 0
vn 0.70710676908493042 -0.70710676908493042 0
vn 0.70710676908493042 -0.70710676908493042 0
vn 0.70710676908493042 -0.70710676908493042 0
vn 0.70710676908493042 -0.70710676908493042 0
vn 0.70710676908493042 -0.70710676908493042 0
vn 0.70710676908493042 -0.70710676908493042 0
vn 0 0 1
vn 0 0 1
vn 0 0 1
vn 0 0 1
vn 0 0 1
vn 0 0 1
vn 0 0 1
vn 0 0 1
vn -0.70710676908493042 0.70710676908493042 0
vn -0.70710676908493042 0.70710676908493042 0
vn -0.70710676908493042 0.70710676908493042 0
vn -0.70710676908493042 0.70710676908493042 0
vn -0.70710676908493042 0.70710676908493042 0
vn -0.70710676908493042 0.70710676908493042 0
vn -0.70710676908493042 0.70710676908493042 0
vn -0.70710676908493042 0.70710676908493042 0
vn -0.70710676908493042 0.70710676908493042 0
vn -0.70710676908493042 0.70710676908493042 0
vn 0 0 -1
vn 0 0 -1
vn 0 0 -1
vn 0 0 -1
vn 0 0 -1
vn 0 0 -1
vn 0 0 -1
vn 0 0 -1
f 1482/1482/1482 1477/1477/1477 1479/1479/1479 1481/1481/1481
f 1478/1478/1478 1482/1482/1482 1481/1481/1481 1480/1480/1480
f 1488/1488/1488 1483/1483/1483 1485/1485/1485 1487/1487/1487
f 1484/1484/1484 1488/1488/1488 1487/1487/1487 1486/1486/1486
f 1493/1493/1493 1489/1489/1489 1495/1495/1495
f 1490/1490/1490 1493/1493/1493 1498/1498/1498
f 1495/1495/1495 1498/1498/1498 1493/1493/1493
f 1495/1495/1495 1496/1496/1496 1497/1497/1497 1498/1498/1498
f 1494/1494/1494 1496/1496/1496 1491/1491/1491
f 1492/1492/1492 1497/1497/1497 1494/1494/1494
f 1496/1496/1496 1494/1494/1494 1497/1497/1497
f 1506/1506/1506 1503/1503/1503 1501/1501/1501 1499/1499/1499
f 1500/1500/1500 1502/1502/1502 1504/1504/1504 1505/1505/1505
f 1505/1505/1505 1504/1504/1504 1503/1503/1503 1506/1506/1506
f 1512/1512/1512 1507/1507/1507 1513/1513/1513
f 1508/1508/1508 1512/1512/1512 1516/1516/1516
f 1512/1512/1512 1515/1515/1515 1516/1516/1516
f 1511/1511/1511 1512/1512/1512 1513/1513/1513
f 1511/1511/1511 1514/1514/1514 1509/1509/1509
f 1510/1510/1510 1515/1515/1515 1511/1511/1511
f 1511/1511/1511 1515/1515/1515 1512/1512/1512
f 1514/1514/1514 1511/1511/1511 1513/1513/1513
f 1524/1524/1524 1517/1517/1517 1519/1519/1519 1521/1521/1521
f 1518/1518/1518 1523/1523/1523 1522/1522/1522 1520/1520/1520
f 1523/1523/1523 1524/1524/1524 1521/1521/1521 1522/1522/1522
usemtl Default
v 871.69732666015625 -43.449836730957031 3457
v 871.69732666015625 -43.449836730957031 3357
v 829.27093505859375 -1.0234304666519165 3457
v 829.27093505859375 -1.0234304666519165 3357
v 829.27093505859375 -1.0234304666519165 3407
v 871.69732666015625 -43.449836730957031 3407
v 659.5653076171875 -170.72906494140625 3457
v 659.5653076171875 -170.72906494140625 3357
v 701.99169921875 -213.15547180175781 3457
v 701.99169921875 -213.15547180175781 3357
v 701.99169921875 -213.15547180175781 3407
v 659.5653076171875 -170.72906494140625 3407
v 829.27093505859375 -1.0234304666519165 3457
v 829.27093505859375 -1.0234304666519165 3357
v 659.5653076171875 -170.72906494140625 3457
v 659.5653076171875 -170.72906494140625 3357
v 829.27093505859375 -1.0234304666519165 3407
v 659.5653076171875 -170.72906494140625 3407
v 772.702392578125 -57.591972351074219 3457
v 716.13385009765625 -114.16051483154297 3457
v 716.13385009765625 -114.16051483154297 3357
v 772.702392578125 -57.591972351074219 3357
v 871.69732666015625 -43.449836730957031 3457
v 701.99169921875 -213.15547180175781 3457
v 829.27093505859375 -1.0234304666519165 3457
v 659.5653076171875 -170.72906494140625 3457
v 772.702392578125 -57.591972351074219 3457
v 716.13385009765625 -114.16051483154297 3457
v 758.56024169921875 -156.58692932128906 3457
v 815.1287841796875 -100.01837921142578 3457
v 701.99169921875 -213.15547180175781 3457
v 701.99169921875 -213.15547180175781 3357
v 871.69732666015625 -43.449836730957031 3457
v 871.69732666015625 -43.449836730957031 3357
v 871.69732666015625 -43.449836730957031 3407
v 701.99169921875 -213.15547180175781 3407
v 758.56024169921875 -156.58692932128906 3457
v 815.1287841796875 -100.01837921142578 3457
v 815.1287841796875 -100.01837921142578 3357
v 758.56024169921875 -156.58692932128906 3357
v 871.69732666015625 -43.449836730957031 3357
v 701.99169921875 -213.15547180175781 3357
v 829.27093505859375 -1.0234304666519165 3357
v 659.5653076171875 -170.72906494140625 3357
v 772.702392578125 -57.591972351074219 3357
v 716.13385009765625 -114.16051483154297 3357
v 758.56024169921875 -156.58692932128906 3357
v 815.1287841796875 -100.01837921142578 3357
vt 0.17647059261798859 0
vt 0.17647059261798859 0.29265281558036804
vt 0.35147634148597717 0
vt 0.35147634148597717 0.29265281558036804
vt 0.35147634148597717 0.14632640779018402
vt 0.17647059261798859 0.14632640779018402
vt 0 0
vt 0 0.29265281558036804
vt 0.17500574886798859 0
vt 0.17500574886798859 0.29265281558036804
vt 0.17500574886798859 0.14632640779018402
vt 0 0.14632640779018402
vt 0.93971163034439087 0
vt 0.64705884456634521 0
vt 0.93971163034439087 0.70588237047195435
vt 0.64705884456634521 0.70588237047195435
vt 0.79338520765304565 0
vt 0.79338520765304565 0.70588237047195435
vt 0.93971163034439087 0.23529411852359772
vt 0.93971163034439087 0.47058823704719543
vt 0.64705884456634521 0.47058823704719543
vt 0.64705884456634521 0.23529411852359772
vt 0.17647059261798859 0.29411765933036804
vt 0.17647059261798859 0.99853515625
vt 0.35147634148597717 0.29411765933036804
vt 0.35147634148597717 0.99853515625
vt 0.35147634148597717 0.52892351150512695
vt 0.35147634148597717 0.76372933387756348
vt 0.17647059261798859 0.76372933387756348
vt 0.17647059261798859 0.52892351150512695
vt 0.64559400081634521 0
vt 0.35294118523597717 0
vt 0.64559400081634521 0.70588237047195435
vt 0.35294118523597717 0.70588237047195435
vt 0.499267578125 0.70588237047195435
vt 0.499267578125 0
vt 0.64559400081634521 0.23529411852359772
vt 0.64559400081634521 0.47058823704719543
vt 0.35294118523597717 0.47058823704719543
vt 0.35294118523597717 0.23529411852359772
vt 0 0.29411765933036804
vt 0 0.99853515625
vt 0.17500574886798859 0.29411765933036804
vt 0.17500574886798859 0.99853515625
vt 0.17500574886798859 0.52892351150512695
vt 0.17500574886798859 0.76372933387756348
vt 0 0.76372933387756348
vt 0 0.52892351150512695
vn 0.70710676908493042 0.70710676908493042 0
vn 0.70710676908493042 0.70710676908493042 0
vn 0.70710676908493042 0.70710676908493042 0
vn 0.70710676908493042 0.70710676908493042 0
vn 0.70710676908493042 0.70710676908493042 0
vn 0.70710676908493042 0.70710676908493042 0
vn -0.70710676908493042 -0.70710676908493042 0
vn -0.70710676908493042 -0.70710676908493042 0
vn -0.70710676908493042 -0.70710676908493042 0
vn -0.70710676908493042 -0.70710676908493042 0
vn -0.70710676908493042 -0.70710676908493042 0
vn -0.70710676908493042 -0.70710676908493042 0
vn -0.70710676908493042 0.70710676908493042 0
vn -0.70710676908493042 0.70710676908493042 0
vn -0.70710676908493042 0.70710676908493042 0
vn -0.70710676908493042 0.70710676908493042 0
vn -0.70710676908493042 0.70710676908493042 0
vn -0.70710676908493042 0.70710676908493042 0
vn -0.70710676908493042 0.70710676908493042 0
vn -0.70710676908493042 0.70710676908493042 0
vn -0.70710676908493042 0.70710676908493042 0
vn -0.70710676908493042 0.70710676908493042 0
vn 0 0 1
vn 0 0 1
vn 0 0 1
vn 0 0 1
vn 0 0 1
vn 0 0 1
vn 0 0 1
vn 0 0 1
vn 0.70710676908493042 -0.70710676908493042 0
vn 0.70710676908493042 -0.70710676908493042 0
vn 0.70710676908493042 -0.70710676908493042 0
vn 0.70710676908493042 -0.70710676908493042 0
vn 0.70710676908493042 -0.70710676908493042 0
vn 0.70710676908493042 -0.70710676908493042 0
vn 0.70710676908493042 -0.70710676908493042 0
vn 0.70710676908493042 -0.70710676908493042 0
vn 0.70710676908493042 -0.70710676908493042 0
vn 0.70710676908493042 -0.70710676908493042 0
vn 0 0 -1
vn 0 0 -1
vn 0 0 -1
vn 0 0 -1
vn 0 0 -1
vn 0 0 -1
vn 0 0 -1
vn 0 0 -1
f 1530/1530/1530 1529/1529/1529 1527/1527/1527 1525/1525/1525
f 1526/1526/1526 1528/1528/1528 1529/1529/1529 1530/1530/1530
f 1536/1536/1536 1535/1535/1535 1533/1533/1533 1531/1531/1531
f 1532/1532/1532 1534/1534/1534 1535/1535/1535 1536/1536/1536
f 1541/1541/1541 1543/1543/1543 1537/1537/1537
f 1538/1538/1538 1546/1546/1546 1541/1541/1541
f 1541/1541/1541 1546/1546/1546 1542/1542/1542
f 1542/1542/1542 1543/1543/1543 1541/1541/1541
f 1542/1542/1542 1539/1539/1539 1544/1544/1544
f 1540/1540/1540 1542/1542/1542 1545/1545/1545
f 1542/1542/1542 1546/1546/1546 1545/1545/1545
f 1544/1544/1544 1543/1543/1543 1542/1542/1542
f 1554/1554/1554 1547/1547/1547 1549/1549/1549 1551/1551/1551
f 1548/1548/1548 1553/1553/1553 1552/1552/1552 1550/1550/1550
f 1553/1553/1553 1554/1554/1554 1551/1551/1551 1552/1552/1552
f 1560/1560/1560 1561/1561/1561 1555/1555/1555
f 1556/1556/1556 1564/1564/1564 1560/1560/1560
f 1560/1560/1560 1564/1564/1564 1563/1563/1563
f 1559/1559/1559 1561/1561/1561 1560/1560/1560
f 1559/1559/1559 1557/1557/1557 1562/1562/1562
f 1558/1558/1558 1559/1559/1559 1563/1563/1563
f 1559/1559/1559 1560/1560/1560 1563/1563/1563
f 1562/1562/1562 1561/1561/1561 1559/1559/1559
f 1572/1572/1572 1569/1569/1569 1567/1567/1567 1565/1565/1565
f 1566/1566/1566 1568/1568/1568 1570/1570/1570 1571/1571/1571
f 1571/1571/1571 1570/1570/1570 1569/1569/1569 1572/1572/1572
usemtl Default
v 786.84454345703125 298.00827026367188 3457
v 786.84454345703125 298.00827026367188 3357
v 829.27093505859375 340.4346923828125 3457
v 829.27093505859375 340.4346923828125 3357
v 829.27093505859375 340.4346923828125 3407
v 786.84454345703125 298.00827026367188 3407
v 998.9765625 170.72906494140625 3457
v 998.9765625 170.72906494140625 3357
v 956.5501708984375 128.30265808105469 3457
v 956.5501708984375 128.30265808105469 3357
v 956.5501708984375 128.30265808105469 3407
v 998.9765625 170.72906494140625 3407
v 829.27093505859375 340.4346923828125 3457
v 829.27093505859375 340.4346923828125 3357
v 998.9765625 170.72906494140625 3457
v 998.9765625 170.72906494140625 3357
v 829.27093505859375 340.4346923828125 3407
v 998.9765625 170.72906494140625 3407
v 885.8394775390625 283.86614990234375 3457
v 942.40802001953125 227.297607421875 3457
v 942.40802001953125 227.297607421875 3357
v 885.8394775390625 283.86614990234375 3357
v 786.84454345703125 298.00827026367188 3457
v 956.5501708984375 128.30265808105469 3457
v 829.27093505859375 340.4346923828125 3457
v 998.9765625 170.72906494140625 3457
v 885.8394775390625 283.86614990234375 3457
v 942.40802001953125 227.297607421875 3457
v 899.98162841796875 184.87120056152344 3457
v 843.4130859375 241.43974304199219 3457
v 956.5501708984375 128.30265808105469 3457
v 956.5501708984375 128.30265808105469 3357
v 786.84454345703125 298.00827026367188 3457
v 786.84454345703125 298.00827026367188 3357
v 786.84454345703125 298.00827026367188 3407
v 956.5501708984375 128.30265808105469 3407
v 899.98162841796875 184.87120056152344 3457
v 843.4130859375 241.43974304199219 3457
v 843.4130859375 241.43974304199219 3357
v 899.98162841796875 184.87120056152344 3357
v 786.84454345703125 298.00827026367188 3357
v 956.5501708984375 128.30265808105469 3357
v 829.27093505859375 340.4346923828125 3357
v 998.9765625 170.72906494140625 3357
v 885.8394775390625 283.86614990234375 3357
v 942.40802001953125 227.297607421875 3357
v 899.98162841796875 184.87120056152344 3357
v 843.4130859375 241.43974304199219 3357
vt 0.17647059261798859 0
vt 0.17647059261798859 0.29265281558036804
vt 0.35147634148597717 0
vt 0.35147634148597717 0.29265281558036804
vt 0.35147634148597717 0.14632640779018402
vt 0.17647059261798859 0.14632640779018402
vt 0 0
vt 0 0.29265281558036804
vt 0.17500574886798859 0
vt 0.17500574886798859 0.29265281558036804
vt 0.17500574886798859 0.14632640779018402
vt 0 0.14632640779018402
vt 0.93971163034439087 0
vt 0.64705884456634521 0
vt 0.93971163034439087 0.70588237047195435
vt 0.64705884456634521 0.70588237047195435
vt 0.79338520765304565 0
vt 0.79338520765304565 0.70588237047195435
vt 0.93971163034439087 0.23529411852359772
vt 0.93971163034439087 0.47058823704719543
vt 0.64705884456634521 0.47058823704719543
vt 0.64705884456634521 0.23529411852359772
vt 0.17647059261798859 0.29411765933036804
vt 0.17647059261798859 0.99853515625
vt 0.35147634148597717 0.29411765933036804
vt 0.35147634148597717 0.99853515625
vt 0.35147634148597717 0.52892351150512695
vt 0.35147634148597717 0.76372933387756348
vt 0.17647059261798859 0.76372933387756348
vt 0.17647059261798859 0.52892351150512695
vt 0.64559400081634521 0
vt 0.35294118523597717 0
vt 0.64559400081634521 0.70588237047195435
vt 0.35294118523597717 0.70588237047195435
vt 0.499267578125 0.70588237047195435
vt 0.499267578125 0
vt 0.64559400081634521 0.23529411852359772
vt 0.64559400081634521 0.47058823704719543
vt 0.35294118523597717 0.47058823704719543
vt 0.35294118523597717 0.23529411852359772
vt 0 0.29411765933036804
vt 0 0.99853515625
vt 0.17500574886798859 0.29411765933036804
vt 0.17500574886798859 0.99853515625
vt 0.17500574886798859 0.52892351150512695
vt 0.17500574886798859 0.76372933387756348
vt 0 0.76372933387756348
vt 0 0.52892351150512695
vn -0.70710676908493042 0.70710676908493042 0
vn -0.70710676908493042 0.70710676908493042 0
vn -0.70710676908493042 0.70710676908493042 0
vn -0.70710676908493042 0.70710676908493042 0
vn -0.70710676908493042 0.70710676908493042 0
vn -0.70710676908493042 0.70710676908493042 0
vn 0.70710676908493042 -0.70710676908493042 0
vn 0.70710676908493042 -0.70710676908493042 0
vn 0.70710676908493042 -0.70710676908493042 0
vn 0.70710676908493042 -0.70710676908493042 0
vn 0.70710676908493042 -0.70710676908493042 0
vn 0.70710676908493042 -0.70710676908493042 0
vn 0.70710676908493042 0.70710676908493042 0
vn 0.70710676908493042 0.70710676908493042 0
vn 0.70710676908493042 0.70710676908493042 0
vn 0.70710676908493042 0.70710676908493042 0
vn 0.70710676908493042 0.70710676908493042 0
vn 0.70710676908493042 0.70710676908493042 0
vn 0.70710676908493042 0.70710676908493042 0
vn 0.70710676908493042 0.70710676908493042 0
vn 0.70710676908493042 0.70710676908493042 0
vn 0.70710676908493042 0.70710676908493042 0
vn 0 0 1
vn 0 0 1
vn 0 0 1
vn 0 0 1
vn 0 0 1
vn 0 0 1
vn 0 0 1
vn 0 0 1
vn -0.70710676908493042 -0.70710676908493042 0
vn -0.70710676908493042 -0.70710676908493042 0
vn -0.70710676908493042 -0.70710676908493042 0
vn -0.70710676908493042 -0.70710676908493042 0
vn -0.70710676908493042 -0.70710676908493042 0
vn -0.70710676908493042 -0.70710676908493042 0
vn -0.70710676908493042 -0.70710676908493042 0
vn -0.70710676908493042 -0.70710676908493042 0
vn -0.70710676908493042 -0.70710676908493042 0
vn -0.70710676908493042 -0.70710676908493042 0
vn 0 0 -1
vn 0 0 -1
vn 0 0 -1
vn 0 0 -1
vn 0 0 -1
vn 0 0 -1
vn 0 0 -1
vn 0 0 -1
f 1578/1578/1578 1573/1573/1573 1575/1575/1575 1577/1577/1577
f 1574/1574/1574 1578/1578/1578 1577/1577/1577 1576/1576/1576
f 1584/1584/1584 1579/1579/1579 1581/1581/1581 1583/1583/1583
f 1580/1580/1580 1584/1584/1584 1583/1583/1583 1582/1582/1582
f 1589/1589/1589 1585/1585/1585 1591/1591/1591
f 1586/1586/1586 1589/1589/1589 1594/1594/1594
f 1591/1591/1591 1594/1594/1594 1589/1589/1589
f 1591/1591/1591 1592/1592/1592 1593/1593/1593 1594/1594/1594
f 1590/1590/1590 1592/1592/1592 1587/1587/1587
f 1588/1588/1588 1593/1593/1593 1590/1590/1590
f 1592/1592/1592 1590/1590/1590 1593/1593/1593
f 1602/1602/1602 1599/1599/1599 1597/1597/1597 1595/1595/1595
f 1596/1596/1596 1598/1598/1598 1600/1600/1600 1601/1601/1601
f 1601/1601/1601 1600/1600/1600 1599/1599/1599 1602/1602/1602
f 1608/1608/1608 1603/1603/1603 1609/1609/1609
f 1604/1604/1604 1608/1608/1608 1612/1612/1612
f 1609/1609/1609 1612/1612/1612 1608/1608/1608
f 1611/1611/1611 1612/1612/1612 1609/1609/1609 1610/1610/1610
f 1607/1607/1607 1610/1610/1610 1605/1605/1605
f 1606/1606/1606 1611/1611/1611 1607/1607/1607
f 1610/1610/1610 1607/1607/1607 1611/1611/1611
f 1620/1620/1620 1613/1613/1613 1615/1615/1615 1617/1617/1617
f 1614/1614/1614 1619/1619/1619 1618/1618/1618 1616/1616/1616
f 1619/1619/1619 1620/1620/1620 1617/1617/1617 1618/1618/1618
usemtl Default
v 701.99169921875 213.15547180175781 3457
v 701.99169921875 213.15547180175781 3357
v 659.5653076171875 170.72906494140625 3457
v 659.5653076171875 170.72906494140625 3357
v 659.5653076171875 170.72906494140625 3407
v 701.99169921875 213.15547180175781 3407
v 829.27093505859375 1.0234304666519165 3457
v 829.27093505859375 1.0234304666519165 3357
v 871.69732666015625 43.449836730957031 3457
v 871.69732666015625 43.449836730957031 3357
v 871.69732666015625 43.449836730957031 3407
v 829.27093505859375 1.0234304666519165 3407
v 659.5653076171875 170.72906494140625 3457
v 659.5653076171875 170.72906494140625 3357
v 829.27093505859375 1.0234304666519165 3457
v 829.27093505859375 1.0234304666519165 3357
v 659.5653076171875 170.72906494140625 3407
v 829.27093505859375 1.0234304666519165 3407
v 716.13385009765625 114.16051483154297 3457
v 772.702392578125 57.591972351074219 3457
v 772.702392578125 57.591972351074219 3357
v 716.13385009765625 114.16051483154297 3357
v 701.99169921875 213.15547180175781 3457
v 871.69732666015625 43.449836730957031 3457
v 659.5653076171875 170.72906494140625 3457
v 829.27093505859375 1.0234304666519165 3457
v 716.13385009765625 114.16051483154297 3457
v 772.702392578125 57.591972351074219 3457
v 786.84454345703125 128.30265808105469 3457
v 871.69732666015625 43.449836730957031 3457
v 871.69732666015625 43.449836730957031 3357
v 701.99169921875 213.15547180175781 3457
v 701.99169921875 213.15547180175781 3357
v 701.99169921875 213.15547180175781 3407
v 871.69732666015625 43.449836730957031 3407
v 786.84454345703125 128.30265808105469 3457
v 786.84454345703125 128.30265808105469 3357
v 701.99169921875 213.15547180175781 3357
v 871.69732666015625 43.449836730957031 3357
v 659.5653076171875 170.72906494140625 3357
v 829.27093505859375 1.0234304666519165 3357
v 716.13385009765625 114.16051483154297 3357
v 772.702392578125 57.591972351074219 3357
v 786.84454345703125 128.30265808105469 3357
vt 0.17647059261798859 0
vt 0.17647059261798859 0.29265281558036804
vt 0.35147634148597717 0
vt 0.35147634148597717 0.29265281558036804
vt 0.35147634148597717 0.14632640779018402
vt 0.17647059261798859 0.14632640779018402
vt 0 0
vt 0 0.29265281558036804
vt 0.17500574886798859 0
vt 0.17500574886798859 0.29265281558036804
vt 0.17500574886798859 0.14632640779018402
vt 0 0.14632640779018402
vt 0.93971163034439087 0
vt 0.64705884456634521 0
vt 0.93971163034439087 0.70588237047195435
vt 0.64705884456634521 0.70588237047195435
vt 0.79338520765304565 0
vt 0.79338520765304565 0.70588237047195435
vt 0.93971163034439087 0.23529411852359772
vt 0.93971163034439087 0.47058823704719543
vt 0.64705884456634521 0.47058823704719543
vt 0.64705884456634521 0.23529411852359772
vt 0.17647059261798859 0.29411765933036804
vt 0.17647059261798859 0.99853515625
vt 0.35147634148597717 0.29411765933036804
vt 0.35147634148597717 0.99853515625
vt 0.35147634148597717 0.52892351150512695
vt 0.35147634148597717 0.76372933387756348
vt 0.17647059261798859 0.64632642269134521
vt 0.64559400081634521 0
vt 0.35294118523597717 0
vt 0.64559400081634521 0.70588237047195435
vt 0.35294118523597717 0.70588237047195435
vt 0.499267578125 0.70588237047195435
vt 0.499267578125 0
vt 0.64559400081634521 0.35294118523597717
vt 0.35294118523597717 0.35294118523597717
vt 0 0.29411765933036804
vt 0 0.99853515625
vt 0.17500574886798859 0.29411765933036804
vt 0.17500574886798859 0.99853515625
vt 0.17500574886798859 0.52892351150512695
vt 0.17500574886798859 0.76372933387756348
vt 0 0.64632642269134521
vn -0.70710676908493042 0.70710676908493042 0
vn -0.70710676908493042 0.70710676908493042 0
vn -0.70710676908493042 0.70710676908493042 0
vn -0.70710676908493042 0.70710676908493042 0
vn -0.70710676908493042 0.70710676908493042 0
vn -0.70710676908493042 0.70710676908493042 0
vn 0.70710676908493042 -0.70710676908493042 0
vn 0.70710676908493042 -0.70710676908493042 0
vn 0.70710676908493042 -0.70710676908493042 0
vn 0.70710676908493042 -0.70710676908493042 0
vn 0.70710676908493042 -0.70710676908493042 0
vn 0.70710676908493042 -0.70710676908493042 0
vn -0.70710676908493042 -0.70710676908493042 0
vn -0.70710676908493042 -0.70710676908493042 0
vn -0.70710676908493042 -0.70710676908493042 0
vn -0.70710676908493042 -0.70710676908493042 0
vn -0.70710676908493042 -0.70710676908493042 0
vn -0.70710676908493042 -0.70710676908493042 0
vn -0.70710676908493042 -0.70710676908493042 0
vn -0.70710676908493042 -0.70710676908493042 0
vn -0.70710676908493042 -0.70710676908493042 0
vn -0.70710676908493042 -0.70710676908493042 0
vn 0 0 1
vn 0 0 1
vn 0 0 1
vn 0 0 1
vn 0 0 1
vn 0 0 1
vn 0 0 1
vn 0.70710676908493042 0.70710676908493042 0
vn 0.70710676908493042 0.70710676908493042 0
vn 0.70710676908493042 0.70710676908493042 0
vn 0.70710676908493042 0.70710676908493042 0
vn 0.70710676908493042 0.70710676908493042 0
vn 0.70710676908493042 0.70710676908493042 0
vn 0.70710676908493042 0.70710676908493042 0
vn 0.70710676908493042 0.70710676908493042 0
vn 0 0 -1
vn 0 0 -1
vn 0 0 -1
vn 0 0 -1
vn 0 0 -1
vn 0 0 -1
vn 0 0 -1
f 1626/1626/1626 1625/1625/1625 1623/1623/1623 1621/1621/1621
f 1622/1622/1622 1624/1624/1624 1625/1625/1625 1626/1626/1626
f 1632/1632/1632 1631/1631/1631 1629/1629/1629 1627/1627/1627
f 1628/1628/1628 1630/1630/1630 1631/1631/1631 1632/1632/1632
f 1637/1637/1637 1639/1639/1639 1633/1633/1633
f 1634/1634/1634 1642/1642/1642 1637/1637/1637
f 1639/1639/1639 1637/1637/1637 1642/1642/1642
f 1641/1641/1641 1640/1640/1640 1639/1639/1639 1642/1642/1642
f 1638/1638/1638 1635/1635/1635 1640/1640/1640
f 1636/1636/1636 1638/1638/1638 1641/1641/1641
f 1640/1640/1640 1641/1641/1641 1638/1638/1638
f 1649/1649/1649 1643/1643/1643 1645/1645/1645 1647/1647/1647
f 1644/1644/1644 1649/1649/1649 1648/1648/1648 1646/1646/1646
f 1649/1649/1649 1647/1647/1647 1648/1648/1648
f 1654/1654/1654 1655/1655/1655 1657/1657/1657
f 1655/1655/1655 1651/1651/1651 1657/1657/1657
f 1656/1656/1656 1650/1650/1650 1655/1655/1655
f 1654/1654/1654 1652/1652/1652 1656/1656/1656
f 1654/1654/1654 1657/1657/1657 1653/1653/1653
f 1656/1656/1656 1655/1655/1655 1654/1654/1654
f 1664/1664/1664 1662/1662/1662 1660/1660/1660 1658/1658/1658
f 1659/1659/1659 1661/1661/1661 1663/1663/1663 1664/1664/1664
f 1664/1664/1664 1663/1663/1663 1662/1662/1662
usemtl Default
v 128.30265808105469 956.5501708984375 3457
v 128.30265808105469 956.5501708984375 3357
v 170.72906494140625 998.9765625 3457
v 170.72906494140625 998.9765625 3357
v 170.72906494140625 998.9765625 3407
v 128.30265808105469 956.5501708984375 3407
v 340.4346923828125 829.27093505859375 3457
v 340.4346923828125 829.27093505859375 3357
v 298.00827026367188 786.84454345703125 3457
v 298.00827026367188 786.84454345703125 3357
v 298.00827026367188 786.84454345703125 3407
v 340.4346923828125 829.27093505859375 3407
v 170.72906494140625 998.9765625 3457
v 170.72906494140625 998.9765625 3357
v 340.4346923828125 829.27093505859375 3457
v 340.4346923828125 829.27093505859375 3357
v 170.72906494140625 998.9765625 3407
v 340.4346923828125 829.27093505859375 3407
v 227.297607421875 942.40802001953125 3457
v 283.86614990234375 885.8394775390625 3457
v 283.86614990234375 885.8394775390625 3357
v 227.297607421875 942.40802001953125 3357
v 128.30265808105469 956.5501708984375 3457
v 298.00827026367188 786.84454345703125 3457
v 170.72906494140625 998.9765625 3457
v 340.4346923828125 829.27093505859375 3457
v 227.297607421875 942.40802001953125 3457
v 283.86614990234375 885.8394775390625 3457
v 241.43974304199219 843.4130859375 3457
v 184.87120056152344 899.98162841796875 3457
v 298.00827026367188 786.84454345703125 3457
v 298.00827026367188 786.84454345703125 3357
v 128.30265808105469 956.5501708984375 3457
v 128.30265808105469 956.5501708984375 3357
v 128.30265808105469 956.5501708984375 3407
v 298.00827026367188 786.84454345703125 3407
v 241.43974304199219 843.4130859375 3457
v 184.87120056152344 899.98162841796875 3457
v 184.87120056152344 899.98162841796875 3357
v 241.43974304199219 843.4130859375 3357
v 128.30265808105469 956.5501708984375 3357
v 298.00827026367188 786.84454345703125 3357
v 170.72906494140625 998.9765625 3357
v 340.4346923828125 829.27093505859375 3357
v 227.297607421875 942.40802001953125 3357
v 283.86614990234375 885.8394775390625 3357
v 241.43974304199219 843.4130859375 3357
v 184.87120056152344 899.98162841796875 3357
vt 0.17647059261798859 0
vt 0.17647059261798859 0.29265281558036804
vt 0.35147634148597717 0
vt 0.35147634148597717 0.29265281558036804
vt 0.35147634148597717 0.14632640779018402
vt 0.17647059261798859 0.14632640779018402
vt 0 0
vt 0 0.29265281558036804
vt 0.17500574886798859 0
vt 0.17500574886798859 0.29265281558036804
vt 0.17500574886798859 0.14632640779018402
vt 0 0.14632640779018402
vt 0.93971163034439087 0
vt 0.64705884456634521 0
vt 0.93971163034439087 0.70588237047195435
vt 0.64705884456634521 0.70588237047195435
vt 0.79338520765304565 0
vt 0.79338520765304565 0.70588237047195435
vt 0.93971163034439087 0.23529411852359772
vt 0.93971163034439087 0.47058823704719543
vt 0.64705884456634521 0.47058823704719543
vt 0.64705884456634521 0.23529411852359772
vt 0.17647059261798859 0.29411765933036804
vt 0.17647059261798859 0.99853515625
vt 0.35147634148597717 0.29411765933036804
vt 0.35147634148597717 0.99853515625
vt 0.35147634148597717 0.52892351150512695
vt 0.35147634148597717 0.76372933387756348
vt 0.17647059261798859 0.76372933387756348
vt 0.17647059261798859 0.52892351150512695
vt 0.64559400081634521 0
vt 0.35294118523597717 0
vt 0.64559400081634521 0.70588237047195435
vt 0.35294118523597717 0.70588237047195435
vt 0.499267578125 0.70588237047195435
vt 0.499267578125 0
vt 0.64559400081634521 0.23529411852359772
vt 0.64559400081634521 0.47058823704719543
vt 0.35294118523597717 0.47058823704719543
vt 0.35294118523597717 0.23529411852359772
vt 0 0.29411765933036804
vt 0 0.99853515625
vt 0.17500574886798859 0.29411765933036804
vt 0.17500574886798859 0.99853515625
vt 0.17500574886798859 0.52892351150512695
vt 0.17500574886798859 0.76372933387756348
vt 0 0.76372933387756348
vt 0 0.52892351150512695
vn -0.70710676908493042 0.70710676908493042 0
vn -0.70710676908493042 0.70710676908493042 0
vn -0.70710676908493042 0.70710676908493042 0
vn -0.70710676908493042 0.70710676908493042 0
vn -0.70710676908493042 0.70710676908493042 0
vn -0.70710676908493042 0.70710676908493042 0
vn 0.70710676908493042 -0.70710676908493042 0
vn 0.70710676908493042 -0.70710676908493042 0
vn 0.70710676908493042 -0.70710676908493042 0
vn 0.70710676908493042 -0.70710676908493042 0
vn 0.70710676908493042 -0.70710676908493042 0
vn 0.70710676908493042 -0.70710676908493042 0
vn 0.70710676908493042 0.70710676908493042 0
vn 0.70710676908493042 0.70710676908493042 0
vn 0.70710676908493042 0.70710676908493042 0
vn 0.70710676908493042 0.70710676908493042 0
vn 0.70710676908493042 0.70710676908493042 0
vn 0.70710676908493042 0.70710676908493042 0
vn 0.70710676908493042 0.70710676908493042 0
vn 0.70710676908493042 0.70710676908493042 0
vn 0.70710676908493042 0.70710676908493042 0
vn 0.70710676908493042 0.70710676908493042 0
vn 0 0 1
vn 0 0 1
vn 0 0 1
vn 0 0 1
vn 0 0 1
vn 0 0 1
vn 0 0 1
vn 0 0 1
vn -0.70710676908493042 -0.70710676908493042 0
vn -0.70710676908493042 -0.70710676908493042 0
vn -0.70710676908493042 -0.70710676908493042 0
vn -0.70710676908493042 -0.70710676908493042 0
vn -0.70710676908493042 -0.70710676908493042 0
vn -0.70710676908493042 -0.70710676908493042 0
vn -0.70710676908493042 -0.70710676908493042 0
vn -0.70710676908493042 -0.70710676908493042 0
vn -0.70710676908493042 -0.70710676908493042 0
vn -0.70710676908493042 -0.70710676908493042 0
vn 0 0 -1
vn 0 0 -1
vn 0 0 -1
vn 0 0 -1
vn 0 0 -1
vn 0 0 -1
vn 0 0 -1
vn 0 0 -1
f 1670/1670/1670 1665/1665/1665 1667/1667/1667 1669/1669/1669
f 1666/1666/1666 1670/1670/1670 1669/1669/1669 1668/1668/1668
f 1676/1676/1676 1671/1671/1671 1673/1673/1673 1675/1675/1675
f 1672/1672/1672 1676/1676/1676 1675/1675/1675 1674/1674/1674
f 1681/1681/1681 1677/1677/1677 1683/1683/1683
f 1678/1678/1678 1681/1681/1681 1686/1686/1686
f 1683/1683/1683 1686/1686/1686 1681/1681/1681
f 1683/1683/1683 1684/1684/1684 1685/1685/1685 1686/1686/1686
f 1682/1682/1682 1684/1684/1684 1679/1679/1679
f 1680/1680/1680 1685/1685/1685 1682/1682/1682
f 1684/1684/1684 1682/1682/1682 1685/1685/1685
f 1694/1694/1694 1691/1691/1691 1689/1689/1689 1687/1687/1687
f 1688/1688/1688 1690/1690/1690 1692/1692/1692 1693/1693/1693
f 1693/1693/1693 1692/1692/1692 1691/1691/1691 1694/1694/1694
f 1700/1700/1700 1695/1695/1695 1701/1701/1701
f 1696/1696/1696 1700/1700/1700 1704/1704/1704
f 1700/1700/1700 1703/1703/1703 1704/1704/1704
f 1699/1699/1699 1700/1700/1700 1701/1701/1701
f 1699/1699/1699 1702/1702/1702 1697/1697/1697
f 1698/1698/1698 1703/1703/1703 1699/1699/1699
f 1699/1699/1699 1703/1703/1703 1700/1700/1700
f 1702/1702/1702 1699/1699/1699 1701/1701/1701
f 1712/1712/1712 1705/1705/1705 1707/1707/1707 1709/1709/1709
f 1706/1706/1706 1711/1711/1711 1710/1710/1710 1708/1708/1708
f 1711/1711/1711 1712/1712/1712 1709/1709/1709 1710/1710/1710
usemtl Default
v 43.449836730957031 871.69732666015625 3457
v 43.449836730957031 871.69732666015625 3357
v 1.0234304666519165 829.27093505859375 3457
v 1.0234304666519165 829.27093505859375 3357
v 1.0234304666519165 829.27093505859375 3407
v 43.449836730957031 871.69732666015625 3407
v 170.72906494140625 659.5653076171875 3457
v 170.72906494140625 659.5653076171875 3357
v 213.15547180175781 701.99169921875 3457
v 213.15547180175781 701.99169921875 3357
v 213.15547180175781 701.99169921875 3407
v 170.72906494140625 659.5653076171875 3407
v 1.0234304666519165 829.27093505859375 3457
v 1.0234304666519165 829.27093505859375 3357
v 170.72906494140625 659.5653076171875 3457
v 170.72906494140625 659.5653076171875 3357
v 1.0234304666519165 829.27093505859375 3407
v 170.72906494140625 659.5653076171875 3407
v 57.591972351074219 772.702392578125 3457
v 114.16051483154297 716.13385009765625 3457
v 114.16051483154297 716.13385009765625 3357
v 57.591972351074219 772.702392578125 3357
v 43.449836730957031 871.69732666015625 3457
v 213.15547180175781 701.99169921875 3457
v 1.0234304666519165 829.27093505859375 3457
v 170.72906494140625 659.5653076171875 3457
v 57.591972351074219 772.702392578125 3457
v 114.16051483154297 716.13385009765625 3457
v 156.58692932128906 758.56024169921875 3457
v 100.01837921142578 815.1287841796875 3457
v 213.15547180175781 701.99169921875 3457
v 213.15547180175781 701.99169921875 3357
v 43.449836730957031 871.69732666015625 3457
v 43.449836730957031 871.69732666015625 3357
v 43.449836730957031 871.69732666015625 3407
v 213.15547180175781 701.99169921875 3407
v 156.58692932128906 758.56024169921875 3457
v 100.01837921142578 815.1287841796875 3457
v 100.01837921142578 815.1287841796875 3357
v 156.58692932128906 758.56024169921875 3357
v 43.449836730957031 871.69732666015625 3357
v 213.15547180175781 701.99169921875 3357
v 1.0234304666519165 829.27093505859375 3357
v 170.72906494140625 659.5653076171875 3357
v 57.591972351074219 772.702392578125 3357
v 114.16051483154297 716.13385009765625 3357
v 156.58692932128906 758.56024169921875 3357
v 100.01837921142578 815.1287841796875 3357
vt 0.17647059261798859 0
vt 0.17647059261798859 0.29265281558036804
vt 0.35147634148597717 0
vt 0.35147634148597717 0.29265281558036804
vt 0.35147634148597717 0.14632640779018402
vt 0.17647059261798859 0.14632640779018402
vt 0 0
vt 0 0.29265281558036804
vt 0.17500574886798859 0
vt 0.17500574886798859 0.29265281558036804
vt 0.17500574886798859 0.14632640779018402
vt 0 0.14632640779018402
vt 0.93971163034439087 0
vt 0.64705884456634521 0
vt 0.93971163034439087 0.70588237047195435
vt 0.64705884456634521 0.70588237047195435
vt 0.79338520765304565 0
vt 0.79338520765304565 0.70588237047195435
vt 0.93971163034439087 0.23529411852359772
vt 0.93971163034439087 0.47058823704719543
vt 0.64705884456634521 0.47058823704719543
vt 0.64705884456634521 0.23529411852359772
vt 0.17647059261798859 0.29411765933036804
vt 0.17647059261798859 0.99853515625
vt 0.35147634148597717 0.29411765933036804
vt 0.35147634148597717 0.99853515625
vt 0.35147634148597717 0.52892351150512695
vt 0.35147634148597717 0.76372933387756348
vt 0.17647059261798859 0.76372933387756348
vt 0.17647059261798859 0.52892351150512695
vt 0.64559400081634521 0
vt 0.35294118523597717 0
vt 0.64559400081634521 0.70588237047195435
vt 0.35294118523597717 0.70588237047195435
vt 0.499267578125 0.70588237047195435
vt 0.499267578125 0
vt 0.64559400081634521 0.23529411852359772
vt 0.64559400081634521 0.47058823704719543
vt 0.35294118523597717 0.47058823704719543
vt 0.35294118523597717 0.23529411852359772
vt 0 0.29411765933036804
vt 0 0.99853515625
vt 0.17500574886798859 0.29411765933036804
vt 0.17500574886798859 0.99853515625
vt 0.17500574886798859 0.52892351150512695
vt 0.17500574886798859 0.76372933387756348
vt 0 0.76372933387756348
vt 0 0.52892351150512695
vn -0.70710676908493042 0.70710676908493042 0
vn -0.70710676908493042 0.70710676908493042 0
vn -0.70710676908493042 0.70710676908493042 0
vn -0.70710676908493042 0.70710676908493042 0
vn -0.70710676908493042 0.70710676908493042 0
vn -0.70710676908493042 0.70710676908493042 0
vn 0.70710676908493042 -0.70710676908493042 0
vn 0.70710676908493042 -0.70710676908493042 0
vn 0.70710676908493042 -0.70710676908493042 0
vn 0.70710676908493042 -0.70710676908493042 0
vn 0.70710676908493042 -0.70710676908493042 0
vn 0.70710676908493042 -0.70710676908493042 0
vn -0.70710676908493042 -0.70710676908493042 0
vn -0.70710676908493042 -0.70710676908493042 0
vn -0.70710676908493042 -0.70710676908493042 0
vn -0.70710676908493042 -0.70710676908493042 0
vn -0.70710676908493042 -0.70710676908493042 0
vn -0.70710676908493042 -0.70710676908493042 0
vn -0.70710676908493042 -0.70710676908493042 0
vn -0.70710676908493042 -0.70710676908493042 0
vn -0.70710676908493042 -0.70710676908493042 0
vn -0.70710676908493042 -0.70710676908493042 0
vn 0 0 1
vn 0 0 1
vn 0 0 1
vn 0 0 1
vn 0 0 1
vn 0 0 1
vn 0 0 1
vn 0 0 1
vn 0.70710676908493042 0.70710676908493042 0
vn 0.70710676908493042 0.70710676908493042 0
vn 0.70710676908493042 0.70710676908493042 0
vn 0.70710676908493042 0.70710676908493042 0
vn 0.70710676908493042 0.70710676908493042 0
vn 0.70710676908493042 0.70710676908493042 0
vn 0.70710676908493042 0.70710676908493042 0
vn 0.70710676908493042 0.70710676908493042 0
vn 0.70710676908493042 0.70710676908493042 0
vn 0.70710676908493042 0.70710676908493042 0
vn 0 0 -1
vn 0 0 -1
vn 0 0 -1
vn 0 0 -1
vn 0 0 -1
vn 0 0 -1
vn 0 0 -1
vn 0 0 -1
f 1718/1718/1718 1717/1717/1717 1715/1715/1715 1713/1713/1713
f 1714/1714/1714 1716/1716/1716 1717/1717/1717 1718/1718/1718
f 1724/1724/1724 1723/1723/1723 1721/1721/1721 1719/1719/1719
f 1720/1720/1720 1722/1722/1722 1723/1723/1723 1724/1724/1724
f 1729/1729/1729 1731/1731/1731 1725/1725/1725
f 1726/1726/1726 1734/1734/1734 1729/1729/1729
f 1729/1729/1729 1734/1734/1734 1730/1730/1730
f 1730/1730/1730 1731/1731/1731 1729/1729/1729
f 1730/1730/1730 1727/1727/1727 1732/1732/1732
f 1728/1728/1728 1730/1730/1730 1733/1733/1733
f 1730/1730/1730 1734/1734/1734 1733/1733/1733
f 1732/1732/1732 1731/1731/1731 1730/1730/1730
f 1742/1742/1742 1735/1735/1735 1737/1737/1737 1739/1739/1739
f 1736/1736/1736 1741/1741/1741 1740/1740/1740 1738/1738/1738
f 1741/1741/1741 1742/1742/1742 1739/1739/1739 1740/1740/1740
f 1748/1748/1748 1749/1749/1749 1743/1743/1743
f 1744/1744/1744 1752/1752/1752 1748/1748/1748
f 1748/1748/1748 1752/1752/1752 1751/1751/1751
f 1747/1747/1747 1749/1749/1749 1748/1748/1748
f 1747/1747/1747 1745/1745/1745 1750/1750/1750
f 1746/1746/1746 1747/1747/1747 1751/1751/1751
f 1747/1747/1747 1748/1748/1748 1751/1751/1751
f 1750/1750/1750 1749/1749/1749 1747/1747/1747
f 1760/1760/1760 1757/1757/1757 1755/1755/1755 1753/1753/1753
f 1754/1754/1754 1756/1756/1756 1758/1758/1758 1759/1759/1759
f 1759/1759/1759 1758/1758/1758 1757/1757/1757 1760/1760/1760
usemtl Default
v 1862.383056640625 -60 3457
v 1862.383056640625 -60 3357
v 1862.383056640625 -120 3457
v 1862.383056640625 -120 3357
v 1862.383056640625 -120 3407
v 1862.383056640625 -60 3407
v 1622.383056640625 -120 3457
v 1622.383056640625 -120 3357
v 1622.383056640625 -60 3457
v 1622.383056640625 -60 3357
v 1622.383056640625 -60 3407
v 1622.383056640625 -120 3407
v 1862.383056640625 -120 3457
v 1862.383056640625 -120 3357
v 1622.383056640625 -120 3457
v 1622.383056640625 -120 3357
v 1862.383056640625 -120 3407
v 1622.383056640625 -120 3407
v 1742.383056640625 -120 3457
v 1742.383056640625 -120 3357
v 1862.383056640625 -60 3457
v 1622.383056640625 -60 3457
v 1862.383056640625 -120 3457
v 1622.383056640625 -120 3457
v 1742.383056640625 -120 3457
v 1742.383056640625 -60 3457
v 1622.383056640625 -60 3457
v 1622.383056640625 -60 3357
v 1862.383056640625 -60 3457
v 1862.383056640625 -60 3357
v 1862.383056640625 -60 3407
v 1622.383056640625 -60 3407
v 1742.383056640625 -60 3457
v 1742.383056640625 -60 3357
v 1862.383056640625 -60 3357
v 1622.383056640625 -60 3357
v 1862.383056640625 -120 3357
v 1622.383056640625 -120 3357
v 1742.383056640625 -120 3357
v 1742.383056640625 -60 3357
vt 0.17647059261798859 0
vt 0.17647059261798859 0.29265281558036804
vt 0.35147634148597717 0
vt 0.35147634148597717 0.29265281558036804
vt 0.35147634148597717 0.14632640779018402
vt 0.17647059261798859 0.14632640779018402
vt 0 0
vt 0 0.29265281558036804
vt 0.17500574886798859 0
vt 0.17500574886798859 0.29265281558036804
vt 0.17500574886798859 0.14632640779018402
vt 0 0.14632640779018402
vt 0.93971163034439087 0
vt 0.64705884456634521 0
vt 0.93971163034439087 0.70588237047195435
vt 0.64705884456634521 0.70588237047195435
vt 0.79338520765304565 0
vt 0.79338520765304565 0.70588237047195435
vt 0.93971163034439087 0.35294118523597717
vt 0.64705884456634521 0.35294118523597717
vt 0.17647059261798859 0.29411765933036804
vt 0.17647059261798859 0.99853515625
vt 0.35147634148597717 0.29411765933036804
vt 0.35147634148597717 0.99853515625
vt 0.35147634148597717 0.64632642269134521
vt 0.17647059261798859 0.64632642269134521
vt 0.64559400081634521 0
vt 0.35294118523597717 0
vt 0.64559400081634521 0.70588237047195435
vt 0.35294118523597717 0.70588237047195435
vt 0.499267578125 0.70588237047195435
vt 0.499267578125 0
vt 0.64559400081634521 0.35294118523597717
vt 0.35294118523597717 0.35294118523597717
vt 0 0.29411765933036804
vt 0 0.99853515625
vt 0.17500574886798859 0.29411765933036804
vt 0.17500574886798859 0.99853515625
vt 0.17500574886798859 0.64632642269134521
vt 0 0.64632642269134521
vn 1 0 0
vn 1 0 0
vn 1 0 0
vn 1 0 0
vn 1 0 0
vn 1 0 0
vn -1 0 0
vn -1 0 0
vn -1 0 0
vn -1 0 0
vn -1 0 0
vn -1 0 0
vn 0 -1 0
vn 0 -1 0
vn 0 -1 0
vn 0 -1 0
vn 0 -1 0
vn 0 -1 0
vn 0 -1 0
vn 0 -1 0
vn 0 0 1
vn 0 0 1
vn 0 0 1
vn 0 0 1
vn 0 0 1
vn 0 0 1
vn 0 1 0
vn 0 1 0
vn 0 1 0
vn 0 1 0
vn 0 1 0
vn 0 1 0
vn 0 1 0
vn 0 1 0
vn 0 0 -1
vn 0 0 -1
vn 0 0 -1
vn 0 0 -1
vn 0 0 -1
vn 0 0 -1
f 1766/1766/1766 1761/1761/1761 1763/1763/1763 1765/1765/1765
f 1762/1762/1762 1766/1766/1766 1765/1765/1765 1764/1764/1764
f 1772/1772/1772 1767/1767/1767 1769/1769/1769 1771/1771/1771
f 1768/1768/1768 1772/1772/1772 1771/1771/1771 1770/1770/1770
f 1777/1777/1777 1773/1773/1773 1779/1779/1779
f 1777/1777/1777 1780/1780/1780 1774/1774/1774
f 1778/1778/1778 1777/1777/1777 1779/1779/1779
f 1777/1777/1777 1778/1778/1778 1780/1780/1780
f 1778/1778/1778 1776/1776/1776 1780/1780/1780
f 1775/1775/1775 1778/1778/1778 1779/1779/1779
f 1786/1786/1786 1785/1785/1785 1783/1783/1783 1781/1781/1781
f 1782/1782/1782 1784/1784/1784 1785/1785/1785 1786/1786/1786
f 1791/1791/1791 1794/1794/1794 1792/1792/1792
f 1792/1792/1792 1794/1794/1794 1788/1788/1788
f 1793/1793/1793 1792/1792/1792 1787/1787/1787
f 1791/1791/1791 1793/1793/1793 1789/1789/1789
f 1791/1791/1791 1790/1790/1790 1794/1794/1794
f 1793/1793/1793 1791/1791/1791 1792/1792/1792
f 1800/1800/1800 1795/1795/1795 1797/1797/1797 1799/1799/1799
f 1796/1796/1796 1800/1800/1800 1799/1799/1799 1798/1798/1798
usemtl Default
v 1862.383056640625 60 3457
v 1862.383056640625 60 3357
v 1862.383056640625 120 3457
v 1862.383056640625 120 3357
v 1862.383056640625 120 3407
v 1862.383056640625 60 3407
v 1622.383056640625 120 3457
v 1622.383056640625 120 3357
v 1622.383056640625 60 3457
v 1622.383056640625 60 3357
v 1622.383056640625 60 3407
v 1622.383056640625 120 3407
v 1862.383056640625 120 3457
v 1862.383056640625 120 3357
v 1622.383056640625 120 3457
v 1622.383056640625 120 3357
v 1862.383056640625 120 3407
v 1622.383056640625 120 3407
v 1742.383056640625 120 3457
v 1742.383056640625 120 3357
v 1862.383056640625 60 3457
v 1622.383056640625 60 3457
v 1862.383056640625 120 3457
v 1622.383056640625 120 3457
v 1742.383056640625 120 3457
v 1742.383056640625 60 3457
v 1622.383056640625 60 3457
v 1622.383056640625 60 3357
v 1862.383056640625 60 3457
v 1862.383056640625 60 3357
v 1862.383056640625 60 3407
v 1622.383056640625 60 3407
v 1742.383056640625 60 3457
v 1742.383056640625 60 3357
v 1862.383056640625 60 3357
v 1622.383056640625 60 3357
v 1862.383056640625 120 3357
v 1622.383056640625 120 3357
v 1742.383056640625 120 3357
v 1742.383056640625 60 3357
vt 0 0
vt 0 0.29265281558036804
vt 0.17500574886798859 0
vt 0.17500574886798859 0.29265281558036804
vt 0.17500574886798859 0.14632640779018402
vt 0 0.14632640779018402
vt 0.17647059261798859 0
vt 0.17647059261798859 0.29265281558036804
vt 0.35147634148597717 0
vt 0.35147634148597717 0.29265281558036804
vt 0.35147634148597717 0.14632640779018402
vt 0.17647059261798859 0.14632640779018402
vt 0.93971163034439087 0
vt 0.64705884456634521 0
vt 0.93971163034439087 0.70588237047195435
vt 0.64705884456634521 0.70588237047195435
vt 0.79338520765304565 0
vt 0.79338520765304565 0.70588237047195435
vt 0.93971163034439087 0.35294118523597717
vt 0.64705884456634521 0.35294118523597717
vt 0.17647059261798859 0.29411765933036804
vt 0.17647059261798859 0.99853515625
vt 0.35147634148597717 0.29411765933036804
vt 0.35147634148597717 0.99853515625
vt 0.35147634148597717 0.64632642269134521
vt 0.17647059261798859 0.64632642269134521
vt 0.64559400081634521 0
vt 0.35294118523597717 0
vt 0.64559400081634521 0.70588237047195435
vt 0.35294118523597717 0.70588237047195435
vt 0.499267578125 0.70588237047195435
vt 0.499267578125 0
vt 0.64559400081634521 0.35294118523597717
vt 0.35294118523597717 0.35294118523597717
vt 0 0.29411765933036804
vt 0 0.99853515625
vt 0.17500574886798859 0.29411765933036804
vt 0.17500574886798859 0.99853515625
vt 0.17500574886798859 0.64632642269134521
vt 0 0.64632642269134521
vn 1 0 0
vn 1 0 0
vn 1 0 0
vn 1 0 0
vn 1 0 0
vn 1 0 0
vn -1 0 0
vn -1 0 0
vn -1 0 0
vn -1 0 0
vn -1 0 0
vn -1 0 0
vn 0 1 0
vn 0 1 0
vn 0 1 0
vn 0 1 0
vn 0 1 0
vn 0 1 0
vn 0 1 0
vn 0 1 0
vn 0 0 1
vn 0 0 1
vn 0 0 1
vn 0 0 1
vn 0 0 1
vn 0 0 1
vn 0 -1 0
vn 0 -1 0
vn 0 -1 0
vn 0 -1 0
vn 0 -1 0
vn 0 -1 0
vn 0 -1 0
vn 0 -1 0
vn 0 0 -1
vn 0 0 -1
vn 0 0 -1
vn 0 0 -1
vn 0 0 -1
vn 0 0 -1
f 1806/1806/1806 1805/1805/1805 1803/1803/1803 1801/1801/1801
f 1802/1802/1802 1804/1804/1804 1805/1805/1805 1806/1806/1806
f 1812/1812/1812 1811/1811/1811 1809/1809/1809 1807/1807/1807
f 1808/1808/1808 1810/1810/1810 1811/1811/1811 1812/1812/1812
f 1817/1817/1817 1819/1819/1819 1813/1813/1813
f 1817/1817/1817 1814/1814/1814 1820/1820/1820
f 1818/1818/1818 1819/1819/1819 1817/1817/1817
f 1817/1817/1817 1820/1820/1820 1818/1818/1818
f 1818/1818/1818 1820/1820/1820 1816/1816/1816
f 1815/1815/1815 1819/1819/1819 1818/1818/1818
f 1826/1826/1826 1821/1821/1821 1823/1823/1823 1825/1825/1825
f 1822/1822/1822 1826/1826/1826 1825/1825/1825 1824/1824/1824
f 1831/1831/1831 1832/1832/1832 1834/1834/1834
f 1832/1832/1832 1828/1828/1828 1834/1834/1834
f 1833/1833/1833 1827/1827/1827 1832/1832/1832
f 1831/1831/1831 1829/1829/1829 1833/1833/1833
f 1831/1831/1831 1834/1834/1834 1830/1830/1830
f 1833/1833/1833 1832/1832/1832 1831/1831/1831
f 1840/1840/1840 1839/1839/1839 1837/1837/1837 1835/1835/1835
f 1836/1836/1836 1838/1838/1838 1839/1839/1839 1840/1840/1840
usemtl Default
v 2365.429931640625 -60 3457
v 2365.429931640625 -60 3357
v 2365.429931640625 -120 3457
v 2365.429931640625 -120 3357
v 2365.429931640625 -120 3407
v 2365.429931640625 -60 3407
v 2125.429931640625 -120 3457
v 2125.429931640625 -120 3357
v 2125.429931640625 -60 3457
v 2125.429931640625 -60 3357
v 2125.429931640625 -60 3407
v 2125.429931640625 -120 3407
v 2365.429931640625 -120 3457
v 2365.429931640625 -120 3357
v 2125.429931640625 -120 3457
v 2125.429931640625 -120 3357
v 2365.429931640625 -120 3407
v 2125.429931640625 -120 3407
v 2245.429931640625 -120 3457
v 2245.429931640625 -120 3357
v 2365.429931640625 -60 3457
v 2125.429931640625 -60 3457
v 2365.429931640625 -120 3457
v 2125.429931640625 -120 3457
v 2245.429931640625 -120 3457
v 2245.429931640625 -60 3457
v 2125.429931640625 -60 3457
v 2125.429931640625 -60 3357
v 2365.429931640625 -60 3457
v 2365.429931640625 -60 3357
v 2365.429931640625 -60 3407
v 2125.429931640625 -60 3407
v 2245.429931640625 -60 3457
v 2245.429931640625 -60 3357
v 2365.429931640625 -60 3357
v 2125.429931640625 -60 3357
v 2365.429931640625 -120 3357
v 2125.429931640625 -120 3357
v 2245.429931640625 -120 3357
v 2245.429931640625 -60 3357
vt 0.17647059261798859 0
vt 0.17647059261798859 0.29265281558036804
vt 0.35147634148597717 0
vt 0.35147634148597717 0.29265281558036804
vt 0.35147634148597717 0.14632640779018402
vt 0.17647059261798859 0.14632640779018402
vt 0 0
vt 0 0.29265281558036804
vt 0.17500574886798859 0
vt 0.17500574886798859 0.29265281558036804
vt 0.17500574886798859 0.14632640779018402
vt 0 0.14632640779018402
vt 0.93971163034439087 0
vt 0.64705884456634521 0
vt 0.93971163034439087 0.70588237047195435
vt 0.64705884456634521 0.70588237047195435
vt 0.79338520765304565 0
vt 0.79338520765304565 0.70588237047195435
vt 0.93971163034439087 0.35294118523597717
vt 0.64705884456634521 0.35294118523597717
vt 0.17647059261798859 0.29411765933036804
vt 0.17647059261798859 0.99853515625
vt 0.35147634148597717 0.29411765933036804
vt 0.35147634148597717 0.99853515625
vt 0.35147634148597717 0.64632642269134521
vt 0.17647059261798859 0.64632642269134521
vt 0.64559400081634521 0
vt 0.35294118523597717 0
vt 0.64559400081634521 0.70588237047195435
vt 0.35294118523597717 0.70588237047195435
vt 0.499267578125 0.70588237047195435
vt 0.499267578125 0
vt 0.64559400081634521 0.35294118523597717
vt 0.35294118523597717 0.35294118523597717
vt 0 0.29411765933036804
vt 0 0.99853515625
vt 0.17500574886798859 0.29411765933036804
vt 0.17500574886798859 0.99853515625
vt 0.17500574886798859 0.64632642269134521
vt 0 0.64632642269134521
vn 1 0 0
vn 1 0 0
vn 1 0 0
vn 1 0 0
vn 1 0 0
vn 1 0 0
vn -1 0 0
vn -1 0 0
vn -1 0 0
vn -1 0 0
vn -1 0 0
vn -1 0 0
vn 0 -1 0
vn 0 -1 0
vn 0 -1 0
vn 0 -1 0
vn 0 -1 0
vn 0 -1 0
vn 0 -1 0
vn 0 -1 0
vn 0 0 1
vn 0 0 1
vn 0 0 1
vn 0 0 1
vn 0 0 1
vn 0 0 1
vn 0 1 0
vn 0 1 0
vn 0 1 0
vn 0 1 0
vn 0 1 0
vn 0 1 0
vn 0 1 0
vn 0 1 0
vn 0 0 -1
vn 0 0 -1
vn 0 0 -1
vn 0 0 -1
vn 0 0 -1
vn 0 0 -1
f 1846/1846/1846 1841/1841/1841 1843/1843/1843 1845/1845/1845
f 1842/1842/1842 1846/1846/1846 1845/1845/1845 1844/1844/1844
f 1852/1852/1852 1847/1847/1847 1849/1849/1849 1851/1851/1851
f 1848/1848/1848 1852/1852/1852 1851/1851/1851 1850/1850/1850
f 1857/1857/1857 1853/1853/1853 1859/1859/1859
f 1857/1857/1857 1860/1860/1860 1854/1854/1854
f 1858/1858/1858 1857/1857/1857 1859/1859/1859
f 1857/1857/1857 1858/1858/1858 1860/1860/1860
f 1858/1858/1858 1856/1856/1856 1860/1860/1860
f 1855/1855/1855 1858/1858/1858 1859/1859/1859
f 1866/1866/1866 1865/1865/1865 1863/1863/1863 1861/1861/1861
f 1862/1862/1862 1864/1864/1864 1865/1865/1865 1866/1866/1866
f 1871/1871/1871 1874/1874/1874 1872/1872/1872
f 1872/1872/1872 1874/1874/1874 1868/1868/1868
f 1873/1873/1873 1872/1872/1872 1867/1867/1867
f 1871/1871/1871 1873/1873/1873 1869/1869/1869
f 1871/1871/1871 1870/1870/1870 1874/1874/1874
f 1873/1873/1873 1871/1871/1871 1872/1872/1872
f 1880/1880/1880 1875/1875/1875 1877/1877/1877 1879/1879/1879
f 1876/1876/1876 1880/1880/1880 1879/1879/1879 1878/1878/1878
usemtl Default
v 2365.429931640625 60 3457
v 2365.429931640625 60 3357
v 2365.429931640625 120 3457
v 2365.429931640625 120 3357
v 2365.429931640625 120 3407
v 2365.429931640625 60 3407
v 2125.429931640625 120 3457
v 2125.429931640625 120 3357
v 2125.429931640625 60 3457
v 2125.429931640625 60 3357
v 2125.429931640625 60 3407
v 2125.429931640625 120 3407
v 2365.429931640625 120 3457
v 2365.429931640625 120 3357
v 2125.429931640625 120 3457
v 2125.429931640625 120 3357
v 2365.429931640625 120 3407
v 2125.429931640625 120 3407
v 2245.429931640625 120 3457
v 2245.429931640625 120 3357
v 2365.429931640625 60 3457
v 2125.429931640625 60 3457
v 2365.429931640625 120 3457
v 2125.429931640625 120 3457
v 2245.429931640625 120 3457
v 2245.429931640625 60 3457
v 2125.429931640625 60 3457
v 2125.429931640625 60 3357
v 2365.429931640625 60 3457
v 2365.429931640625 60 3357
v 2365.429931640625 60 3407
v 2125.429931640625 60 3407
v 2245.429931640625 60 3457
v 2245.429931640625 60 3357
v 2365.429931640625 60 3357
v 2125.429931640625 60 3357
v 2365.429931640625 120 3357
v 2125.429931640625 120 3357
v 2245.429931640625 120 3357
v 2245.429931640625 60 3357
vt 0.17647059261798859 0
vt 0.17647059261798859 0.29265281558036804
vt 0.35147634148597717 0
vt 0.35147634148597717 0.29265281558036804
vt 0.35147634148597717 0.14632640779018402
vt 0.17647059261798859 0.14632640779018402
vt 0 0
vt 0 0.29265281558036804
vt 0.17500574886798859 0
vt 0.17500574886798859 0.29265281558036804
vt 0.17500574886798859 0.14632640779018402
vt 0 0.14632640779018402
vt 0.93971163034439087 0
vt 0.64705884456634521 0
vt 0.93971163034439087 0.70588237047195435
vt 0.64705884456634521 0.70588237047195435
vt 0.79338520765304565 0
vt 0.79338520765304565 0.70588237047195435
vt 0.93971163034439087 0.35294118523597717
vt 0.64705884456634521 0.35294118523597717
vt 0.17647059261798859 0.29411765933036804
vt 0.17647059261798859 0.99853515625
vt 0.35147634148597717 0.29411765933036804
vt 0.35147634148597717 0.99853515625
vt 0.35147634148597717 0.64632642269134521
vt 0.17647059261798859 0.64632642269134521
vt 0.64559400081634521 0
vt 0.35294118523597717 0
vt 0.64559400081634521 0.70588237047195435
vt 0.35294118523597717 0.70588237047195435
vt 0.499267578125 0.70588237047195435
vt 0.499267578125 0
vt 0.64559400081634521 0.35294118523597717
vt 0.35294118523597717 0.35294118523597717
vt 0 0.29411765933036804
vt 0 0.99853515625
vt 0.17500574886798859 0.29411765933036804
vt 0.17500574886798859 0.99853515625
vt 0.17500574886798859 0.64632642269134521
vt 0 0.64632642269134521
vn 1 0 0
vn 1 0 0
vn 1 0 0
vn 1 0 0
vn 1 0 0
vn 1 0 0
vn -1 0 0
vn -1 0 0
vn -1 0 0
vn -1 0 0
vn -1 0 0
vn -1 0 0
vn 0 1 0
vn 0 1 0
vn 0 1 0
vn 0 1 0
vn 0 1 0
vn 0 1 0
vn 0 1 0
vn 0 1 0
vn 0 0 1
vn 0 0 1
vn 0 0 1
vn 0 0 1
vn 0 0 1
vn 0 0 1
vn 0 -1 0
vn 0 -1 0
vn 0 -1 0
vn 0 -1 0
vn 0 -1 0
vn 0 -1 0
vn 0 -1 0
vn 0 -1 0
vn 0 0 -1
vn 0 0 -1
vn 0 0 -1
vn 0 0 -1
vn 0 0 -1
vn 0 0 -1
f 1886/1886/1886 1885/1885/1885 1883/1883/1883 1881/1881/1881
f 1882/1882/1882 1884/1884/1884 1885/1885/1885 1886/1886/1886
f 1892/1892/1892 1891/1891/1891 1889/1889/1889 1887/1887/1887
f 1888/1888/1888 1890/1890/1890 1891/1891/1891 1892/1892/1892
f 1898/1898/1898 1897/1897/1897 1900/1900/1900
f 1897/1897/1897 1894/1894/1894 1900/1900/1900
f 1899/1899/1899 1893/1893/1893 1897/1897/1897
f 1898/1898/1898 1895/1895/1895 1899/1899/1899
f 1898/1898/1898 1900/1900/1900 1896/1896/1896
f 1899/1899/1899 1897/1897/1897 1898/1898/1898
f 1906/1906/1906 1901/1901/1901 1903/1903/1903 1905/1905/1905
f 1902/1902/1902 1906/1906/1906 1905/1905/1905 1904/1904/1904
f 1913/1913/1913 1912/1912/1912 1914/1914/1914
f 1912/1912/1912 1908/1908/1908 1914/1914/1914
f 1913/1913/1913 1907/1907/1907 1912/1912/1912
f 1911/1911/1911 1909/1909/1909 1913/1913/1913
f 1911/1911/1911 1914/1914/1914 1910/1910/1910
f 1913/1913/1913 1914/1914/1914 1911/1911/1911
f 1920/1920/1920 1919/1919/1919 1917/1917/1917 1915/1915/1915
f 1916/1916/1916 1918/1918/1918 1919/1919/1919 1920/1920/1920
usemtl Default
v 2868.4765625 -60 3457
v 2868.4765625 -60 3357
v 2868.4765625 -120 3457
v 2868.4765625 -120 3357
v 2868.4765625 -120 3407
v 2868.4765625 -60 3407
v 2628.4765625 -120 3457
v 2628.4765625 -120 3357
v 2628.4765625 -60 3457
v 2628.4765625 -60 3357
v 2628.4765625 -60 3407
v 2628.4765625 -120 3407
v 2868.4765625 -120 3457
v 2868.4765625 -120 3357
v 2628.4765625 -120 3457
v 2628.4765625 -120 3357
v 2868.4765625 -120 3407
v 2628.4765625 -120 3407
v 2748.4765625 -120 3457
v 2748.4765625 -120 3357
v 2868.4765625 -60 3457
v 2628.4765625 -60 3457
v 2868.4765625 -120 3457
v 2628.4765625 -120 3457
v 2748.4765625 -120 3457
v 2748.4765625 -60 3457
v 2628.4765625 -60 3457
v 2628.4765625 -60 3357
v 2868.4765625 -60 3457
v 2868.4765625 -60 3357
v 2868.4765625 -60 3407
v 2628.4765625 -60 3407
v 2748.4765625 -60 3457
v 2748.4765625 -60 3357
v 2868.4765625 -60 3357
v 2628.4765625 -60 3357
v 2868.4765625 -120 3357
v 2628.4765625 -120 3357
v 2748.4765625 -120 3357
v 2748.4765625 -60 3357
vt 0.17647059261798859 0
vt 0.17647059261798859 0.29265281558036804
vt 0.35147634148597717 0
vt 0.35147634148597717 0.29265281558036804
vt 0.35147634148597717 0.14632640779018402
vt 0.17647059261798859 0.14632640779018402
vt 0 0
vt 0 0.29265281558036804
vt 0.17500574886798859 0
vt 0.17500574886798859 0.29265281558036804
vt 0.17500574886798859 0.14632640779018402
vt 0 0.14632640779018402
vt 0.93971163034439087 0
vt 0.64705884456634521 0
vt 0.93971163034439087 0.70588237047195435
vt 0.64705884456634521 0.70588237047195435
vt 0.79338520765304565 0
vt 0.79338520765304565 0.70588237047195435
vt 0.93971163034439087 0.35294118523597717
vt 0.64705884456634521 0.35294118523597717
vt 0.17647059261798859 0.29411765933036804
vt 0.17647059261798859 0.99853515625
vt 0.35147634148597717 0.29411765933036804
vt 0.35147634148597717 0.99853515625
vt 0.35147634148597717 0.64632642269134521
vt 0.17647059261798859 0.64632642269134521
vt 0.64559400081634521 0
vt 0.35294118523597717 0
vt 0.64559400081634521 0.70588237047195435
vt 0.35294118523597717 0.70588237047195435
vt 0.499267578125 0.70588237047195435
vt 0.499267578125 0
vt 0.64559400081634521 0.35294118523597717
vt 0.35294118523597717 0.35294118523597717
vt 0 0.29411765933036804
vt 0 0.99853515625
vt 0.17500574886798859 0.29411765933036804
vt 0.17500574886798859 0.99853515625
vt 0.17500574886798859 0.64632642269134521
vt 0 0.64632642269134521
vn 1 0 0
vn 1 0 0
vn 1 0 0
vn 1 0 0
vn 1 0 0
vn 1 0 0
vn -1 0 0
vn -1 0 0
vn -1 0 0
vn -1 0 0
vn -1 0 0
vn -1 0 0
vn 0 -1 0
vn 0 -1 0
vn 0 -1 0
vn 0 -1 0
vn 0 -1 0
vn 0 -1 0
vn 0 -1 0
vn 0 -1 0
vn 0 0 1
vn 0 0 1
vn 0 0 1
vn 0 0 1
vn 0 0 1
vn 0 0 1
vn 0 1 0
vn 0 1 0
vn 0 1 0
vn 0 1 0
vn 0 1 0
vn 0 1 0
vn 0 1 0
vn 0 1 0
vn 0 0 -1
vn 0 0 -1
vn 0 0 -1
vn 0 0 -1
vn 0 0 -1
vn 0 0 -1
f 1926/1926/1926 1921/1921/1921 1923/1923/1923 1925/1925/1925
f 1922/1922/1922 1926/1926/1926 1925/1925/1925 1924/1924/1924
f 1932/1932/1932 1927/1927/1927 1929/1929/1929 1931/1931/1931
f 1928/1928/1928 1932/1932/1932 1931/1931/1931 1930/1930/1930
f 1938/1938/1938 1940/1940/1940 1937/1937/1937
f 1937/1937/1937 1940/1940/1940 1934/1934/1934
f 1939/1939/1939 1937/1937/1937 1933/1933/1933
f 1938/1938/1938 1939/1939/1939 1935/1935/1935
f 1938/1938/1938 1936/1936/1936 1940/1940/1940
f 1939/1939/1939 1938/1938/1938 1937/1937/1937
f 1946/1946/1946 1945/1945/1945 1943/1943/1943 1941/1941/1941
f 1942/1942/1942 1944/1944/1944 1945/1945/1945 1946/1946/1946
f 1952/1952/1952 1947/1947/1947 1953/1953/1953
f 1952/1952/1952 1954/1954/1954 1948/1948/1948
f 1951/1951/1951 1952/1952/1952 1953/1953/1953
f 1952/1952/1952 1951/1951/1951 1954/1954/1954
f 1951/1951/1951 1950/1950/1950 1954/1954/1954
f 1949/1949/1949 1951/1951/1951 1953/1953/1953
f 1960/1960/1960 1955/1955/1955 1957/1957/1957 1959/1959/1959
f 1956/1956/1956 1960/1960/1960 1959/1959/1959 1958/1958/1958
usemtl Default
v 2868.4765625 60 3457
v 2868.4765625 60 3357
v 2868.4765625 120 3457
v 2868.4765625 120 3357
v 2868.4765625 120 3407
v 2868.4765625 60 3407
v 2628.4765625 120 3457
v 2628.4765625 120 3357
v 2628.4765625 60 3457
v 2628.4765625 60 3357
v 2628.4765625 60 3407
v 2628.4765625 120 3407
v 2868.4765625 120 3457
v 2868.4765625 120 3357
v 2628.4765625 120 3457
v 2628.4765625 120 3357
v 2868.4765625 120 3407
v 2628.4765625 120 3407
v 2748.4765625 120 3457
v 2748.4765625 120 3357
v 2868.4765625 60 3457
v 2628.4765625 60 3457
v 2868.4765625 120 3457
v 2628.4765625 120 3457
v 2748.4765625 120 3457
v 2748.4765625 60 3457
v 2628.4765625 60 3457
v 2628.4765625 60 3357
v 2868.4765625 60 3457
v 2868.4765625 60 3357
v 2868.4765625 60 3407
v 2628.4765625 60 3407
v 2748.4765625 60 3457
v 2748.4765625 60 3357
v 2868.4765625 60 3357
v 2628.4765625 60 3357
v 2868.4765625 120 3357
v 2628.4765625 120 3357
v 2748.4765625 120 3357
v 2748.4765625 60 3357
vt 0.17647059261798859 0
vt 0.17647059261798859 0.29265281558036804
vt 0.35147634148597717 0
vt 0.35147634148597717 0.29265281558036804
vt 0.35147634148597717 0.14632640779018402
vt 0.17647059261798859 0.14632640779018402
vt 0 0
vt 0 0.29265281558036804
vt 0.17500574886798859 0
vt 0.17500574886798859 0.29265281558036804
vt 0.17500574886798859 0.14632640779018402
vt 0 0.14632640779018402
vt 0.93971163034439087 0
vt 0.64705884456634521 0
vt 0.93971163034439087 0.70588237047195435
vt 0.64705884456634521 0.70588237047195435
vt 0.79338520765304565 0
vt 0.79338520765304565 0.70588237047195435
vt 0.93971163034439087 0.35294118523597717
vt 0.64705884456634521 0.35294118523597717
vt 0.17647059261798859 0.29411765933036804
vt 0.17647059261798859 0.99853515625
vt 0.35147634148597717 0.29411765933036804
vt 0.35147634148597717 0.99853515625
vt 0.35147634148597717 0.64632642269134521
vt 0.17647059261798859 0.64632642269134521
vt 0.64559400081634521 0
vt 0.35294118523597717 0
vt 0.64559400081634521 0.70588237047195435
vt 0.35294118523597717 0.70588237047195435
vt 0.499267578125 0.70588237047195435
vt 0.499267578125 0
vt 0.64559400081634521 0.35294118523597717
vt 0.35294118523597717 0.35294118523597717
vt 0 0.29411765933036804
vt 0 0.99853515625
vt 0.17500574886798859 0.29411765933036804
vt 0.17500574886798859 0.99853515625
vt 0.17500574886798859 0.64632642269134521
vt 0 0.64632642269134521
vn 1 0 0
vn 1 0 0
vn 1 0 0
vn 1 0 0
vn 1 0 0
vn 1 0 0
vn -1 0 0
vn -1 0 0
vn -1 0 0
vn -1 0 0
vn -1 0 0
vn -1 0 0
vn 0 1 0
vn 0 1 0
vn 0 1 0
vn 0 1 0
vn 0 1 0
vn 0 1 0
vn 0 1 0
vn 0 1 0
vn 0 0 1
vn 0 0 1
vn 0 0 1
vn 0 0 1
vn 0 0 1
vn 0 0 1
vn 0 -1 0
vn 0 -1 0
vn 0 -1 0
vn 0 -1 0
vn 0 -1 0
vn 0 -1 0
vn 0 -1 0
vn 0 -1 0
vn 0 0 -1
vn 0 0 -1
vn 0 0 -1
vn 0 0 -1
vn 0 0 -1
vn 0 0 -1
f 1966/1966/1966 1965/1965/1965 1963/1963/1963 1961/1961/1961
f 1962/1962/1962 1964/1964/1964 1965/1965/1965 1966/1966/1966
f 1972/1972/1972 1971/1971/1971 1969/1969/1969 1967/1967/1967
f 1968/1968/1968 1970/1970/1970 1971/1971/1971 1972/1972/1972
f 1978/1978/1978 1977/1977/1977 1980/1980/1980
f 1977/1977/1977 1974/1974/1974 1980/1980/1980
f 1979/1979/1979 1973/1973/1973 1977/1977/1977
f 1978/1978/1978 1975/1975/1975 1979/1979/1979
f 1978/1978/1978 1980/1980/1980 1976/1976/1976
f 1979/1979/1979 1977/1977/1977 1978/1978/1978
f 1986/1986/1986 1981/1981/1981 1983/1983/1983 1985/1985/1985
f 1982/1982/1982 1986/1986/1986 1985/1985/1985 1984/1984/1984
f 1991/1991/1991 1992/1992/1992 1994/1994/1994
f 1992/1992/1992 1988/1988/1988 1994/1994/1994
f 1993/1993/1993 1987/1987/1987 1992/1992/1992
f 1991/1991/1991 1989/1989/1989 1993/1993/1993
f 1991/1991/1991 1994/1994/1994 1990/1990/1990
f 1993/1993/1993 1992/1992/1992 1991/1991/1991
f 2000/2000/2000 1999/1999/1999 1997/1997/1997 1995/1995/1995
f 1996/1996/1996 1998/1998/1998 1999/1999/1999 2000/2000/2000
usemtl Default
v 1359.336181640625 -60 3457
v 1359.336181640625 -60 3357
v 1359.336181640625 -120 3457
v 1359.336181640625 -120 3357
v 1359.336181640625 -120 3407
v 1359.336181640625 -60 3407
v 1119.336181640625 -120 3457
v 1119.336181640625 -120 3357
v 1119.336181640625 -60 3457
v 1119.336181640625 -60 3357
v 1119.336181640625 -60 3407
v 1119.336181640625 -120 3407
v 1359.336181640625 -120 3457
v 1359.336181640625 -120 3357
v 1119.336181640625 -120 3457
v 1119.336181640625 -120 3357
v 1359.336181640625 -120 3407
v 1119.336181640625 -120 3407
v 1239.336181640625 -120 3457
v 1239.336181640625 -120 3357
v 1359.336181640625 -60 3457
v 1119.336181640625 -60 3457
v 1359.336181640625 -120 3457
v 1119.336181640625 -120 3457
v 1239.336181640625 -120 3457
v 1239.336181640625 -60 3457
v 1119.336181640625 -60 3457
v 1119.336181640625 -60 3357
v 1359.336181640625 -60 3457
v 1359.336181640625 -60 3357
v 1359.336181640625 -60 3407
v 1119.336181640625 -60 3407
v 1239.336181640625 -60 3457
v 1239.336181640625 -60 3357
v 1359.336181640625 -60 3357
v 1119.336181640625 -60 3357
v 1359.336181640625 -120 3357
v 1119.336181640625 -120 3357
v 1239.336181640625 -120 3357
v 1239.336181640625 -60 3357
vt 0.17647059261798859 0
vt 0.17647059261798859 0.29265281558036804
vt 0.35147634148597717 0
vt 0.35147634148597717 0.29265281558036804
vt 0.35147634148597717 0.14632640779018402
vt 0.17647059261798859 0.14632640779018402
vt 0 0
vt 0 0.29265281558036804
vt 0.17500574886798859 0
vt 0.17500574886798859 0.29265281558036804
vt 0.17500574886798859 0.14632640779018402
vt 0 0.14632640779018402
vt 0.93971163034439087 0
vt 0.64705884456634521 0
vt 0.93971163034439087 0.70588237047195435
vt 0.64705884456634521 0.70588237047195435
vt 0.79338520765304565 0
vt 0.79338520765304565 0.70588237047195435
vt 0.93971163034439087 0.35294118523597717
vt 0.64705884456634521 0.35294118523597717
vt 0.17647059261798859 0.29411765933036804
vt 0.17647059261798859 0.99853515625
vt 0.35147634148597717 0.29411765933036804
vt 0.35147634148597717 0.99853515625
vt 0.35147634148597717 0.64632642269134521
vt 0.17647059261798859 0.64632642269134521
vt 0.64559400081634521 0
vt 0.35294118523597717 0
vt 0.64559400081634521 0.70588237047195435
vt 0.35294118523597717 0.70588237047195435
vt 0.499267578125 0.70588237047195435
vt 0.499267578125 0
vt 0.64559400081634521 0.35294118523597717
vt 0.35294118523597717 0.35294118523597717
vt 0 0.29411765933036804
vt 0 0.99853515625
vt 0.17500574886798859 0.29411765933036804
vt 0.17500574886798859 0.99853515625
vt 0.17500574886798859 0.64632642269134521
vt 0 0.64632642269134521
vn 1 0 0
vn 1 0 0
vn 1 0 0
vn 1 0 0
vn 1 0 0
vn 1 0 0
vn -1 0 0
vn -1 0 0
vn -1 0 0
vn -1 0 0
vn -1 0 0
vn -1 0 0
vn 0 -1 0
vn 0 -1 0
vn 0 -1 0
vn 0 -1 0
vn 0 -1 0
vn 0 -1 0
vn 0 -1 0
vn 0 -1 0
vn 0 0 1
vn 0 0 1
vn 0 0 1
vn 0 0 1
vn 0 0 1
vn 0 0 1
vn 0 1 0
vn 0 1 0
vn 0 1 0
vn 0 1 0
vn 0 1 0
vn 0 1 0
vn 0 1 0
vn 0 1 0
vn 0 0 -1
vn 0 0 -1
vn 0 0 -1
vn 0 0 -1
vn 0 0 -1
vn 0 0 -1
f 2006/2006/2006 2001/2001/2001 2003/2003/2003 2005/2005/2005
f 2002/2002/2002 2006/2006/2006 2005/2005/2005 2004/2004/2004
f 2012/2012/2012 2007/2007/2007 2009/2009/2009 2011/2011/2011
f 2008/2008/2008 2012/2012/2012 2011/2011/2011 2010/2010/2010
f 2017/2017/2017 2013/2013/2013 2019/2019/2019
f 2017/2017/2017 2020/2020/2020 2014/2014/2014
f 2018/2018/2018 2017/2017/2017 2019/2019/2019
f 2017/2017/2017 2018/2018/2018 2020/2020/2020
f 2018/2018/2018 2016/2016/2016 2020/2020/2020
f 2015/2015/2015 2018/2018/2018 2019/2019/2019
f 2026/2026/2026 2025/2025/2025 2023/2023/2023 2021/2021/2021
f 2022/2022/2022 2024/2024/2024 2025/2025/2025 2026/2026/2026
f 2031/2031/2031 2034/2034/2034 2032/2032/2032
f 2032/2032/2032 2034/2034/2034 2028/2028/2028
f 2033/2033/2033 2032/2032/2032 2027/2027/2027
f 2031/2031/2031 2033/2033/2033 2029/2029/2029
f 2031/2031/2031 2030/2030/2030 2034/2034/2034
f 2033/2033/2033 2031/2031/2031 2032/2032/2032
f 2040/2040/2040 2035/2035/2035 2037/2037/2037 2039/2039/2039
f 2036/2036/2036 2040/2040/2040 2039/2039/2039 2038/2038/2038
usemtl Default
v 1359.336181640625 60 3457
v 1359.336181640625 60 3357
v 1359.336181640625 120 3457
v 1359.336181640625 120 3357
v 1359.336181640625 120 3407
v 1359.336181640625 60 3407
v 1119.336181640625 120 3457
v 1119.336181640625 120 3357
v 1119.336181640625 60 3457
v 1119.336181640625 60 3357
v 1119.336181640625 60 3407
v 1119.336181640625 120 3407
v 1359.336181640625 120 3457
v 1359.336181640625 120 3357
v 1119.336181640625 120 3457
v 1119.336181640625 120 3357
v 1359.336181640625 120 3407
v 1119.336181640625 120 3407
v 1239.336181640625 120 3457
v 1239.336181640625 120 3357
v 1359.336181640625 60 3457
v 1119.336181640625 60 3457
v 1359.336181640625 120 3457
v 1119.336181640625 120 3457
v 1239.336181640625 120 3457
v 1239.336181640625 60 3457
v 1119.336181640625 60 3457
v 1119.336181640625 60 3357
v 1359.336181640625 60 3457
v 1359.336181640625 60 3357
v 1359.336181640625 60 3407
v 1119.336181640625 60 3407
v 1239.336181640625 60 3457
v 1239.336181640625 60 3357
v 1359.336181640625 60 3357
v 1119.336181640625 60 3357
v 1359.336181640625 120 3357
v 1119.336181640625 120 3357
v 1239.336181640625 120 3357
v 1239.336181640625 60 3357
vt 0 0
vt 0 0.29265281558036804
vt 0.17500574886798859 0
vt 0.17500574886798859 0.29265281558036804
vt 0.17500574886798859 0.14632640779018402
vt 0 0.14632640779018402
vt 0.17647059261798859 0
vt 0.17647059261798859 0.29265281558036804
vt 0.35147634148597717 0
vt 0.35147634148597717 0.29265281558036804
vt 0.35147634148597717 0.14632640779018402
vt 0.17647059261798859 0.14632640779018402
vt 0.93971163034439087 0
vt 0.64705884456634521 0
vt 0.93971163034439087 0.70588237047195435
vt 0.64705884456634521 0.70588237047195435
vt 0.79338520765304565 0
vt 0.79338520765304565 0.70588237047195435
vt 0.93971163034439087 0.35294118523597717
vt 0.64705884456634521 0.35294118523597717
vt 0.17647059261798859 0.29411765933036804
vt 0.17647059261798859 0.99853515625
vt 0.35147634148597717 0.29411765933036804
vt 0.35147634148597717 0.99853515625
vt 0.35147634148597717 0.64632642269134521
vt 0.17647059261798859 0.64632642269134521
vt 0.64559400081634521 0
vt 0.35294118523597717 0
vt 0.64559400081634521 0.70588237047195435
vt 0.35294118523597717 0.70588237047195435
vt 0.499267578125 0.70588237047195435
vt 0.499267578125 0
vt 0.64559400081634521 0.35294118523597717
vt 0.35294118523597717 0.35294118523597717
vt 0 0.29411765933036804
vt 0 0.99853515625
vt 0.17500574886798859 0.29411765933036804
vt 0.17500574886798859 0.99853515625
vt 0.17500574886798859 0.64632642269134521
vt 0 0.64632642269134521
vn 1 0 0
vn 1 0 0
vn 1 0 0
vn 1 0 0
vn 1 0 0
vn 1 0 0
vn -1 0 0
vn -1 0 0
vn -1 0 0
vn -1 0 0
vn -1 0 0
vn -1 0 0
vn 0 1 0
vn 0 1 0
vn 0 1 0
vn 0 1 0
vn 0 1 0
vn 0 1 0
vn 0 1 0
vn 0 1 0
vn 0 0 1
vn 0 0 1
vn 0 0 1
vn 0 0 1
vn 0 0 1
vn 0 0 1
vn 0 -1 0
vn 0 -1 0
vn 0 -1 0
vn 0 -1 0
vn 0 -1 0
vn 0 -1 0
vn 0 -1 0
vn 0 -1 0
vn 0 0 -1
vn 0 0 -1
vn 0 0 -1
vn 0 0 -1
vn 0 0 -1
vn 0 0 -1
f 2046/2046/2046 2045/2045/2045 2043/2043/2043 2041/2041/2041
f 2042/2042/2042 2044/2044/2044 2045/2045/2045 2046/2046/2046
f 2052/2052/2052 2051/2051/2051 2049/2049/2049 2047/2047/2047
f 2048/2048/2048 2050/2050/2050 2051/2051/2051 2052/2052/2052
f 2057/2057/2057 2059/2059/2059 2053/2053/2053
f 2057/2057/2057 2054/2054/2054 2060/2060/2060
f 2058/2058/2058 2059/2059/2059 2057/2057/2057
f 2057/2057/2057 2060/2060/2060 2058/2058/2058
f 2058/2058/2058 2060/2060/2060 2056/2056/2056
f 2055/2055/2055 2059/2059/2059 2058/2058/2058
f 2066/2066/2066 2061/2061/2061 2063/2063/2063 2065/2065/2065
f 2062/2062/2062 2066/2066/2066 2065/2065/2065 2064/2064/2064
f 2071/2071/2071 2072/2072/2072 2074/2074/2074
f 2072/2072/2072 2068/2068/2068 2074/2074/2074
f 2073/2073/2073 2067/2067/2067 2072/2072/2072
f 2071/2071/2071 2069/2069/2069 2073/2073/2073
f 2071/2071/2071 2074/2074/2074 2070/2070/2070
f 2073/2073/2073 2072/2072/2072 2071/2071/2071
f 2080/2080/2080 2079/2079/2079 2077/2077/2077 2075/2075/2075
f 2076/2076/2076 2078/2078/2078 2079/2079/2079 2080/2080/2080
usemtl Default
v 60 2868.4765625 3457
v 60 2868.4765625 3357
v 120 2868.4765625 3457
v 120 2868.4765625 3357
v 120 2868.4765625 3407
v 60 2868.4765625 3407
v 120 2628.4765625 3457
v 120 2628.4765625 3357
v 60 2628.4765625 3457
v 60 2628.4765625 3357
v 60 2628.4765625 3407
v 120 2628.4765625 3407
v 120 2868.4765625 3457
v 120 2868.4765625 3357
v 120 2628.4765625 3457
v 120 2628.4765625 3357
v 120 2868.4765625 3407
v 120 2628.4765625 3407
v 120 2748.4765625 3457
v 120 2748.4765625 3357
v 60 2868.4765625 3457
v 60 2628.4765625 3457
v 120 2868.4765625 3457
v 120 2628.4765625 3457
v 120 2748.4765625 3457
v 60 2748.4765625 3457
v 60 2628.4765625 3457
v 60 2628.4765625 3357
v 60 2868.4765625 3457
v 60 2868.4765625 3357
v 60 2868.4765625 3407
v 60 2628.4765625 3407
v 60 2748.4765625 3457
v 60 2748.4765625 3357
v 60 2868.4765625 3357
v 60 2628.4765625 3357
v 120 2868.4765625 3357
v 120 2628.4765625 3357
v 120 2748.4765625 3357
v 60 2748.4765625 3357
vt 0.17647059261798859 0
vt 0.17647059261798859 0.29265281558036804
vt 0.35147634148597717 0
vt 0.35147634148597717 0.29265281558036804
vt 0.35147634148597717 0.14632640779018402
vt 0.17647059261798859 0.14632640779018402
vt 0 0
vt 0 0.29265281558036804
vt 0.17500574886798859 0
vt 0.17500574886798859 0.29265281558036804
vt 0.17500574886798859 0.14632640779018402
vt 0 0.14632640779018402
vt 0.93971163034439087 0
vt 0.64705884456634521 0
vt 0.93971163034439087 0.70588237047195435
vt 0.64705884456634521 0.70588237047195435
vt 0.79338520765304565 0
vt 0.79338520765304565 0.70588237047195435
vt 0.93971163034439087 0.35294118523597717
vt 0.64705884456634521 0.35294118523597717
vt 0.17647059261798859 0.29411765933036804
vt 0.17647059261798859 0.99853515625
vt 0.35147634148597717 0.29411765933036804
vt 0.35147634148597717 0.99853515625
vt 0.35147634148597717 0.64632642269134521
vt 0.17647059261798859 0.64632642269134521
vt 0.64559400081634521 0
vt 0.35294118523597717 0
vt 0.64559400081634521 0.70588237047195435
vt 0.35294118523597717 0.70588237047195435
vt 0.499267578125 0.70588237047195435
vt 0.499267578125 0
vt 0.64559400081634521 0.35294118523597717
vt 0.35294118523597717 0.35294118523597717
vt 0 0.29411765933036804
vt 0 0.99853515625
vt 0.17500574886798859 0.29411765933036804
vt 0.17500574886798859 0.99853515625
vt 0.17500574886798859 0.64632642269134521
vt 0 0.64632642269134521
vn 0 1 0
vn 0 1 0
vn 0 1 0
vn 0 1 0
vn 0 1 0
vn 0 1 0
vn 0 -1 0
vn 0 -1 0
vn 0 -1 0
vn 0 -1 0
vn 0 -1 0
vn 0 -1 0
vn 1 0 0
vn 1 0 0
vn 1 0 0
vn 1 0 0
vn 1 0 0
vn 1 0 0
vn 1 0 0
vn 1 0 0
vn 0 0 1
vn 0 0 1
vn 0 0 1
vn 0 0 1
vn 0 0 1
vn 0 0 1
vn -1 0 0
vn -1 0 0
vn -1 0 0
vn -1 0 0
vn -1 0 0
vn -1 0 0
vn -1 0 0
vn -1 0 0
vn 0 0 -1
vn 0 0 -1
vn 0 0 -1
vn 0 0 -1
vn 0 0 -1
vn 0 0 -1
f 2086/2086/2086 2081/2081/2081 2083/2083/2083 2085/2085/2085
f 2082/2082/2082 2086/2086/2086 2085/2085/2085 2084/2084/2084
f 2092/2092/2092 2087/2087/2087 2089/2089/2089 2091/2091/2091
f 2088/2088/2088 2092/2092/2092 2091/2091/2091 2090/2090/2090
f 2098/2098/2098 2100/2100/2100 2097/2097/2097
f 2097/2097/2097 2100/2100/2100 2094/2094/2094
f 2099/2099/2099 2097/2097/2097 2093/2093/2093
f 2098/2098/2098 2099/2099/2099 2095/2095/2095
f 2098/2098/2098 2096/2096/2096 2100/2100/2100
f 2099/2099/2099 2098/2098/2098 2097/2097/2097
f 2106/2106/2106 2105/2105/2105 2103/2103/2103 2101/2101/2101
f 2102/2102/2102 2104/2104/2104 2105/2105/2105 2106/2106/2106
f 2112/2112/2112 2107/2107/2107 2113/2113/2113
f 2112/2112/2112 2114/2114/2114 2108/2108/2108
f 2111/2111/2111 2112/2112/2112 2113/2113/2113
f 2112/2112/2112 2111/2111/2111 2114/2114/2114
f 2111/2111/2111 2110/2110/2110 2114/2114/2114
f 2109/2109/2109 2111/2111/2111 2113/2113/2113
f 2120/2120/2120 2115/2115/2115 2117/2117/2117 2119/2119/2119
f 2116/2116/2116 2120/2120/2120 2119/2119/2119 2118/2118/2118
usemtl Default
v -60 2868.4765625 3457
v -60 2868.4765625 3357
v -120 2868.4765625 3457
v -120 2868.4765625 3357
v -120 2868.4765625 3407
v -60 2868.4765625 3407
v -120 2628.4765625 3457
v -120 2628.4765625 3357
v -60 2628.4765625 3457
v -60 2628.4765625 3357
v -60 2628.4765625 3407
v -120 2628.4765625 3407
v -120 2868.4765625 3457
v -120 2868.4765625 3357
v -120 2628.4765625 3457
v -120 2628.4765625 3357
v -120 2868.4765625 3407
v -120 2628.4765625 3407
v -120 2748.4765625 3457
v -120 2748.4765625 3357
v -60 2868.4765625 3457
v -60 2628.4765625 3457
v -120 2868.4765625 3457
v -120 2628.4765625 3457
v -120 2748.4765625 3457
v -60 2748.4765625 3457
v -60 2628.4765625 3457
v -60 2628.4765625 3357
v -60 2868.4765625 3457
v -60 2868.4765625 3357
v -60 2868.4765625 3407
v -60 2628.4765625 3407
v -60 2748.4765625 3457
v -60 2748.4765625 3357
v -60 2868.4765625 3357
v -60 2628.4765625 3357
v -120 2868.4765625 3357
v -120 2628.4765625 3357
v -120 2748.4765625 3357
v -60 2748.4765625 3357
vt 0.17647059261798859 0
vt 0.17647059261798859 0.29265281558036804
vt 0.35147634148597717 0
vt 0.35147634148597717 0.29265281558036804
vt 0.35147634148597717 0.14632640779018402
vt 0.17647059261798859 0.14632640779018402
vt 0 0
vt 0 0.29265281558036804
vt 0.17500574886798859 0
vt 0.17500574886798859 0.29265281558036804
vt 0.17500574886798859 0.14632640779018402
vt 0 0.14632640779018402
vt 0.93971163034439087 0
vt 0.64705884456634521 0
vt 0.93971163034439087 0.70588237047195435
vt 0.64705884456634521 0.70588237047195435
vt 0.79338520765304565 0
vt 0.79338520765304565 0.70588237047195435
vt 0.93971163034439087 0.35294118523597717
vt 0.64705884456634521 0.35294118523597717
vt 0.17647059261798859 0.29411765933036804
vt 0.17647059261798859 0.99853515625
vt 0.35147634148597717 0.29411765933036804
vt 0.35147634148597717 0.99853515625
vt 0.35147634148597717 0.64632642269134521
vt 0.17647059261798859 0.64632642269134521
vt 0.64559400081634521 0
vt 0.35294118523597717 0
vt 0.64559400081634521 0.70588237047195435
vt 0.35294118523597717 0.70588237047195435
vt 0.499267578125 0.70588237047195435
vt 0.499267578125 0
vt 0.64559400081634521 0.35294118523597717
vt 0.35294118523597717 0.35294118523597717
vt 0 0.29411765933036804
vt 0 0.99853515625
vt 0.17500574886798859 0.29411765933036804
vt 0.17500574886798859 0.99853515625
vt 0.17500574886798859 0.64632642269134521
vt 0 0.64632642269134521
vn 0 1 0
vn 0 1 0
vn 0 1 0
vn 0 1 0
vn 0 1 0
vn 0 1 0
vn 0 -1 0
vn 0 -1 0
vn 0 -1 0
vn 0 -1 0
vn 0 -1 0
vn 0 -1 0
vn -1 0 0
vn -1 0 0
vn -1 0 0
vn -1 0 0
vn -1 0 0
vn -1 0 0
vn -1 0 0
vn -1 0 0
vn 0 0 1
vn 0 0 1
vn 0 0 1
vn 0 0 1
vn 0 0 1
vn 0 0 1
vn 1 0 0
vn 1 0 0
vn 1 0 0
vn 1 0 0
vn 1 0 0
vn 1 0 0
vn 1 0 0
vn 1 0 0
vn 0 0 -1
vn 0 0 -1
vn 0 0 -1
vn 0 0 -1
vn 0 0 -1
vn 0 0 -1
f 2126/2126/2126 2125/2125/2125 2123/2123/2123 2121/2121/2121
f 2122/2122/2122 2124/2124/2124 2125/2125/2125 2126/2126/2126
f 2132/2132/2132 2131/2131/2131 2129/2129/2129 2127/2127/2127
f 2128/2128/2128 2130/2130/2130 2131/2131/2131 2132/2132/2132
f 2138/2138/2138 2137/2137/2137 2140/2140/2140
f 2137/2137/2137 2134/2134/2134 2140/2140/2140
f 2139/2139/2139 2133/2133/2133 2137/2137/2137
f 2138/2138/2138 2135/2135/2135 2139/2139/2139
f 2138/2138/2138 2140/2140/2140 2136/2136/2136
f 2139/2139/2139 2137/2137/2137 2138/2138/2138
f 2146/2146/2146 2141/2141/2141 2143/2143/2143 2145/2145/2145
f 2142/2142/2142 2146/2146/2146 2145/2145/2145 2144/2144/2144
f 2151/2151/2151 2152/2152/2152 2154/2154/2154
f 2152/2152/2152 2148/2148/2148 2154/2154/2154
f 2153/2153/2153 2147/2147/2147 2152/2152/2152
f 2151/2151/2151 2149/2149/2149 2153/2153/2153
f 2151/2151/2151 2154/2154/2154 2150/2150/2150
f 2153/2153/2153 2152/2152/2152 2151/2151/2151
f 2160/2160/2160 2159/2159/2159 2157/2157/2157 2155/2155/2155
f 2156/2156/2156 2158/2158/2158 2159/2159/2159 2160/2160/2160
usemtl Default
v 60 1359.336181640625 3457
v 60 1359.336181640625 3357
v 120 1359.336181640625 3457
v 120 1359.336181640625 3357
v 120 1359.336181640625 3407
v 60 1359.336181640625 3407
v 120 1119.336181640625 3457
v 120 1119.336181640625 3357
v 60 1119.336181640625 3457
v 60 1119.336181640625 3357
v 60 1119.336181640625 3407
v 120 1119.336181640625 3407
v 120 1359.336181640625 3457
v 120 1359.336181640625 3357
v 120 1119.336181640625 3457
v 120 1119.336181640625 3357
v 120 1359.336181640625 3407
v 120 1119.336181640625 3407
v 120 1239.336181640625 3457
v 120 1239.336181640625 3357
v 60 1359.336181640625 3457
v 60 1119.336181640625 3457
v 120 1359.336181640625 3457
v 120 1119.336181640625 3457
v 120 1239.336181640625 3457
v 60 1239.336181640625 3457
v 60 1119.336181640625 3457
v 60 1119.336181640625 3357
v 60 1359.336181640625 3457
v 60 1359.336181640625 3357
v 60 1359.336181640625 3407
v 60 1119.336181640625 3407
v 60 1239.336181640625 3457
v 60 1239.336181640625 3357
v 60 1359.336181640625 3357
v 60 1119.336181640625 3357
v 120 1359.336181640625 3357
v 120 1119.336181640625 3357
v 120 1239.336181640625 3357
v 60 1239.336181640625 3357
vt 0.17647059261798859 0
vt 0.17647059261798859 0.29265281558036804
vt 0.35147634148597717 0
vt 0.35147634148597717 0.29265281558036804
vt 0.35147634148597717 0.14632640779018402
vt 0.17647059261798859 0.14632640779018402
vt 0 0
vt 0 0.29265281558036804
vt 0.17500574886798859 0
vt 0.17500574886798859 0.29265281558036804
vt 0.17500574886798859 0.14632640779018402
vt 0 0.14632640779018402
vt 0.93971163034439087 0
vt 0.64705884456634521 0
vt 0.93971163034439087 0.70588237047195435
vt 0.64705884456634521 0.70588237047195435
vt 0.79338520765304565 0
vt 0.79338520765304565 0.70588237047195435
vt 0.93971163034439087 0.35294118523597717
vt 0.64705884456634521 0.35294118523597717
vt 0.17647059261798859 0.29411765933036804
vt 0.17647059261798859 0.99853515625
vt 0.35147634148597717 0.29411765933036804
vt 0.35147634148597717 0.99853515625
vt 0.35147634148597717 0.64632642269134521
vt 0.17647059261798859 0.64632642269134521
vt 0.64559400081634521 0
vt 0.35294118523597717 0
vt 0.64559400081634521 0.70588237047195435
vt 0.35294118523597717 0.70588237047195435
vt 0.499267578125 0.70588237047195435
vt 0.499267578125 0
vt 0.64559400081634521 0.35294118523597717
vt 0.35294118523597717 0.35294118523597717
vt 0 0.29411765933036804
vt 0 0.99853515625
vt 0.17500574886798859 0.29411765933036804
vt 0.17500574886798859 0.99853515625
vt 0.17500574886798859 0.64632642269134521
vt 0 0.64632642269134521
vn 0 1 0
vn 0 1 0
vn 0 1 0
vn 0 1 0
vn 0 1 0
vn 0 1 0
vn 0 -1 0
vn 0 -1 0
vn 0 -1 0
vn 0 -1 0
vn 0 -1 0
vn 0 -1 0
vn 1 0 0
vn 1 0 0
vn 1 0 0
vn 1 0 0
vn 1 0 0
vn 1 0 0
vn 1 0 0
vn 1 0 0
vn 0 0 1
vn 0 0 1
vn 0 0 1
vn 0 0 1
vn 0 0 1
vn 0 0 1
vn -1 0 0
vn -1 0 0
vn -1 0 0
vn -1 0 0
vn -1 0 0
vn -1 0 0
vn -1 0 0
vn -1 0 0
vn 0 0 -1
vn 0 0 -1
vn 0 0 -1
vn 0 0 -1
vn 0 0 -1
vn 0 0 -1
f 2166/2166/2166 2161/2161/2161 2163/2163/2163 2165/2165/2165
f 2162/2162/2162 2166/2166/2166 2165/2165/2165 2164/2164/2164
f 2172/2172/2172 2167/2167/2167 2169/2169/2169 2171/2171/2171
f 2168/2168/2168 2172/2172/2172 2171/2171/2171 2170/2170/2170
f 2177/2177/2177 2173/2173/2173 2179/2179/2179
f 2177/2177/2177 2180/2180/2180 2174/2174/2174
f 2178/2178/2178 2177/2177/2177 2179/2179/2179
f 2177/2177/2177 2178/2178/2178 2180/2180/2180
f 2178/2178/2178 2176/2176/2176 2180/2180/2180
f 2175/2175/2175 2178/2178/2178 2179/2179/2179
f 2186/2186/2186 2185/2185/2185 2183/2183/2183 2181/2181/2181
f 2182/2182/2182 2184/2184/2184 2185/2185/2185 2186/2186/2186
f 2191/2191/2191 2194/2194/2194 2192/2192/2192
f 2192/2192/2192 2194/2194/2194 2188/2188/2188
f 2193/2193/2193 2192/2192/2192 2187/2187/2187
f 2191/2191/2191 2193/2193/2193 2189/2189/2189
f 2191/2191/2191 2190/2190/2190 2194/2194/2194
f 2193/2193/2193 2191/2191/2191 2192/2192/2192
f 2200/2200/2200 2195/2195/2195 2197/2197/2197 2199/2199/2199
f 2196/2196/2196 2200/2200/2200 2199/2199/2199 2198/2198/2198
usemtl Default
v -60 1359.336181640625 3457
v -60 1359.336181640625 3357
v -120 1359.336181640625 3457
v -120 1359.336181640625 3357
v -120 1359.336181640625 3407
v -60 1359.336181640625 3407
v -120 1119.336181640625 3457
v -120 1119.336181640625 3357
v -60 1119.336181640625 3457
v -60 1119.336181640625 3357
v -60 1119.336181640625 3407
v -120 1119.336181640625 3407
v -120 1359.336181640625 3457
v -120 1359.336181640625 3357
v -120 1119.336181640625 3457
v -120 1119.336181640625 3357
v -120 1359.336181640625 3407
v -120 1119.336181640625 3407
v -120 1239.336181640625 3457
v -120 1239.336181640625 3357
v -60 1359.336181640625 3457
v -60 1119.336181640625 3457
v -120 1359.336181640625 3457
v -120 1119.336181640625 3457
v -120 1239.336181640625 3457
v -60 1239.336181640625 3457
v -60 1119.336181640625 3457
v -60 1119.336181640625 3357
v -60 1359.336181640625 3457
v -60 1359.336181640625 3357
v -60 1359.336181640625 3407
v -60 1119.336181640625 3407
v -60 1239.336181640625 3457
v -60 1239.336181640625 3357
v -60 1359.336181640625 3357
v -60 1119.336181640625 3357
v -120 1359.336181640625 3357
v -120 1119.336181640625 3357
v -120 1239.336181640625 3357
v -60 1239.336181640625 3357
vt 0 0
vt 0 0.29265281558036804
vt 0.17500574886798859 0
vt 0.17500574886798859 0.29265281558036804
vt 0.17500574886798859 0.14632640779018402
vt 0 0.14632640779018402
vt 0.17647059261798859 0
vt 0.17647059261798859 0.29265281558036804
vt 0.35147634148597717 0
vt 0.35147634148597717 0.29265281558036804
vt 0.35147634148597717 0.14632640779018402
vt 0.17647059261798859 0.14632640779018402
vt 0.93971163034439087 0
vt 0.64705884456634521 0
vt 0.93971163034439087 0.70588237047195435
vt 0.64705884456634521 0.70588237047195435
vt 0.79338520765304565 0
vt 0.79338520765304565 0.70588237047195435
vt 0.93971163034439087 0.35294118523597717
vt 0.64705884456634521 0.35294118523597717
vt 0.17647059261798859 0.29411765933036804
vt 0.17647059261798859 0.99853515625
vt 0.35147634148597717 0.29411765933036804
vt 0.35147634148597717 0.99853515625
vt 0.35147634148597717 0.64632642269134521
vt 0.17647059261798859 0.64632642269134521
vt 0.64559400081634521 0
vt 0.35294118523597717 0
vt 0.64559400081634521 0.70588237047195435
vt 0.35294118523597717 0.70588237047195435
vt 0.499267578125 0.70588237047195435
vt 0.499267578125 0
vt 0.64559400081634521 0.35294118523597717
vt 0.35294118523597717 0.35294118523597717
vt 0 0.29411765933036804
vt 0 0.99853515625
vt 0.17500574886798859 0.29411765933036804
vt 0.17500574886798859 0.99853515625
vt 0.17500574886798859 0.64632642269134521
vt 0 0.64632642269134521
vn 0 1 0
vn 0 1 0
vn 0 1 0
vn 0 1 0
vn 0 1 0
vn 0 1 0
vn 0 -1 0
vn 0 -1 0
vn 0 -1 0
vn 0 -1 0
vn 0 -1 0
vn 0 -1 0
vn -1 0 0
vn -1 0 0
vn -1 0 0
vn -1 0 0
vn -1 0 0
vn -1 0 0
vn -1 0 0
vn -1 0 0
vn 0 0 1
vn 0 0 1
vn 0 0 1
vn 0 0 1
vn 0 0 1
vn 0 0 1
vn 1 0 0
vn 1 0 0
vn 1 0 0
vn 1 0 0
vn 1 0 0
vn 1 0 0
vn 1 0 0
vn 1 0 0
vn 0 0 -1
vn 0 0 -1
vn 0 0 -1
vn 0 0 -1
vn 0 0 -1
vn 0 0 -1
f 2206/2206/2206 2205/2205/2205 2203/2203/2203 2201/2201/2201
f 2202/2202/2202 2204/2204/2204 2205/2205/2205 2206/2206/2206
f 2212/2212/2212 2211/2211/2211 2209/2209/2209 2207/2207/2207
f 2208/2208/2208 2210/2210/2210 2211/2211/2211 2212/2212/2212
f 2217/2217/2217 2219/2219/2219 2213/2213/2213
f 2217/2217/2217 2214/2214/2214 2220/2220/2220
f 2218/2218/2218 2219/2219/2219 2217/2217/2217
f 2217/2217/2217 2220/2220/2220 2218/2218/2218
f 2218/2218/2218 2220/2220/2220 2216/2216/2216
f 2215/2215/2215 2219/2219/2219 2218/2218/2218
f 2226/2226/2226 2221/2221/2221 2223/2223/2223 2225/2225/2225
f 2222/2222/2222 2226/2226/2226 2225/2225/2225 2224/2224/2224
f 2231/2231/2231 2232/2232/2232 2234/2234/2234
f 2232/2232/2232 2228/2228/2228 2234/2234/2234
f 2233/2233/2233 2227/2227/2227 2232/2232/2232
f 2231/2231/2231 2229/2229/2229 2233/2233/2233
f 2231/2231/2231 2234/2234/2234 2230/2230/2230
f 2233/2233/2233 2232/2232/2232 2231/2231/2231
f 2240/2240/2240 2239/2239/2239 2237/2237/2237 2235/2235/2235
f 2236/2236/2236 2238/2238/2238 2239/2239/2239 2240/2240/2240
usemtl Default
v -2868.4765625 60 3457
v -2868.4765625 60 3357
v -2868.4765625 120 3457
v -2868.4765625 120 3357
v -2868.4765625 120 3407
v -2868.4765625 60 3407
v -2628.4765625 120 3457
v -2628.4765625 120 3357
v -2628.4765625 60 3457
v -2628.4765625 60 3357
v -2628.4765625 60 3407
v -2628.4765625 120 3407
v -2868.4765625 120 3457
v -2868.4765625 120 3357
v -2628.4765625 120 3457
v -2628.4765625 120 3357
v -2868.4765625 120 3407
v -2628.4765625 120 3407
v -2748.4765625 120 3457
v -2748.4765625 120 3357
v -2868.4765625 60 3457
v -2628.4765625 60 3457
v -2868.4765625 120 3457
v -2628.4765625 120 3457
v -2748.4765625 120 3457
v -2748.4765625 60 3457
v -2628.4765625 60 3457
v -2628.4765625 60 3357
v -2868.4765625 60 3457
v -2868.4765625 60 3357
v -2868.4765625 60 3407
v -2628.4765625 60 3407
v -2748.4765625 60 3457
v -2748.4765625 60 3357
v -2868.4765625 60 3357
v -2628.4765625 60 3357
v -2868.4765625 120 3357
v -2628.4765625 120 3357
v -2748.4765625 120 3357
v -2748.4765625 60 3357
vt 0.17647059261798859 0
vt 0.17647059261798859 0.29265281558036804
vt 0.35147634148597717 0
vt 0.35147634148597717 0.29265281558036804
vt 0.35147634148597717 0.14632640779018402
vt 0.17647059261798859 0.14632640779018402
vt 0 0
vt 0 0.29265281558036804
vt 0.17500574886798859 0
vt 0.17500574886798859 0.29265281558036804
vt 0.17500574886798859 0.14632640779018402
vt 0 0.14632640779018402
vt 0.93971163034439087 0
vt 0.64705884456634521 0
vt 0.93971163034439087 0.70588237047195435
vt 0.64705884456634521 0.70588237047195435
vt 0.79338520765304565 0
vt 0.79338520765304565 0.70588237047195435
vt 0.93971163034439087 0.35294118523597717
vt 0.64705884456634521 0.35294118523597717
vt 0.17647059261798859 0.29411765933036804
vt 0.17647059261798859 0.99853515625
vt 0.35147634148597717 0.29411765933036804
vt 0.35147634148597717 0.99853515625
vt 0.35147634148597717 0.64632642269134521
vt 0.17647059261798859 0.64632642269134521
vt 0.64559400081634521 0
vt 0.35294118523597717 0
vt 0.64559400081634521 0.70588237047195435
vt 0.35294118523597717 0.70588237047195435
vt 0.499267578125 0.70588237047195435
vt 0.499267578125 0
vt 0.64559400081634521 0.35294118523597717
vt 0.35294118523597717 0.35294118523597717
vt 0 0.29411765933036804
vt 0 0.99853515625
vt 0.17500574886798859 0.29411765933036804
vt 0.17500574886798859 0.99853515625
vt 0.17500574886798859 0.64632642269134521
vt 0 0.64632642269134521
vn -1 0 0
vn -1 0 0
vn -1 0 0
vn -1 0 0
vn -1 0 0
vn -1 0 0
vn 1 0 0
vn 1 0 0
vn 1 0 0
vn 1 0 0
vn 1 0 0
vn 1 0 0
vn 0 1 0
vn 0 1 0
vn 0 1 0
vn 0 1 0
vn 0 1 0
vn 0 1 0
vn 0 1 0
vn 0 1 0
vn 0 0 1
vn 0 0 1
vn 0 0 1
vn 0 0 1
vn 0 0 1
vn 0 0 1
vn 0 -1 0
vn 0 -1 0
vn 0 -1 0
vn 0 -1 0
vn 0 -1 0
vn 0 -1 0
vn 0 -1 0
vn 0 -1 0
vn 0 0 -1
vn 0 0 -1
vn 0 0 -1
vn 0 0 -1
vn 0 0 -1
vn 0 0 -1
f 2246/2246/2246 2241/2241/2241 2243/2243/2243 2245/2245/2245
f 2242/2242/2242 2246/2246/2246 2245/2245/2245 2244/2244/2244
f 2252/2252/2252 2247/2247/2247 2249/2249/2249 2251/2251/2251
f 2248/2248/2248 2252/2252/2252 2251/2251/2251 2250/2250/2250
f 2258/2258/2258 2260/2260/2260 2257/2257/2257
f 2257/2257/2257 2260/2260/2260 2254/2254/2254
f 2259/2259/2259 2257/2257/2257 2253/2253/2253
f 2258/2258/2258 2259/2259/2259 2255/2255/2255
f 2258/2258/2258 2256/2256/2256 2260/2260/2260
f 2259/2259/2259 2258/2258/2258 2257/2257/2257
f 2266/2266/2266 2265/2265/2265 2263/2263/2263 2261/2261/2261
f 2262/2262/2262 2264/2264/2264 2265/2265/2265 2266/2266/2266
f 2272/2272/2272 2267/2267/2267 2273/2273/2273
f 2272/2272/2272 2274/2274/2274 2268/2268/2268
f 2271/2271/2271 2272/2272/2272 2273/2273/2273
f 2272/2272/2272 2271/2271/2271 2274/2274/2274
f 2271/2271/2271 2270/2270/2270 2274/2274/2274
f 2269/2269/2269 2271/2271/2271 2273/2273/2273
f 2280/2280/2280 2275/2275/2275 2277/2277/2277 2279/2279/2279
f 2276/2276/2276 2280/2280/2280 2279/2279/2279 2278/2278/2278
usemtl Default
v -2868.4765625 -60 3457
v -2868.4765625 -60 3357
v -2868.4765625 -120 3457
v -2868.4765625 -120 3357
v -2868.4765625 -120 3407
v -2868.4765625 -60 3407
v -2628.4765625 -120 3457
v -2628.4765625 -120 3357
v -2628.4765625 -60 3457
v -2628.4765625 -60 3357
v -2628.4765625 -60 3407
v -2628.4765625 -120 3407
v -2868.4765625 -120 3457
v -2868.4765625 -120 3357
v -2628.4765625 -120 3457
v -2628.4765625 -120 3357
v -2868.4765625 -120 3407
v -2628.4765625 -120 3407
v -2748.4765625 -120 3457
v -2748.4765625 -120 3357
v -2868.4765625 -60 3457
v -2628.4765625 -60 3457
v -2868.4765625 -120 3457
v -2628.4765625 -120 3457
v -2748.4765625 -120 3457
v -2748.4765625 -60 3457
v -2628.4765625 -60 3457
v -2628.4765625 -60 3357
v -2868.4765625 -60 3457
v -2868.4765625 -60 3357
v -2868.4765625 -60 3407
v -2628.4765625 -60 3407
v -2748.4765625 -60 3457
v -2748.4765625 -60 3357
v -2868.4765625 -60 3357
v -2628.4765625 -60 3357
v -2868.4765625 -120 3357
v -2628.4765625 -120 3357
v -2748.4765625 -120 3357
v -2748.4765625 -60 3357
vt 0.17647059261798859 0
vt 0.17647059261798859 0.29265281558036804
vt 0.35147634148597717 0
vt 0.35147634148597717 0.29265281558036804
vt 0.35147634148597717 0.14632640779018402
vt 0.17647059261798859 0.14632640779018402
vt 0 0
vt 0 0.29265281558036804
vt 0.17500574886798859 0
vt 0.17500574886798859 0.29265281558036804
vt 0.17500574886798859 0.14632640779018402
vt 0 0.14632640779018402
vt 0.93971163034439087 0
vt 0.64705884456634521 0
vt 0.93971163034439087 0.70588237047195435
vt 0.64705884456634521 0.70588237047195435
vt 0.79338520765304565 0
vt 0.79338520765304565 0.70588237047195435
vt 0.93971163034439087 0.35294118523597717
vt 0.64705884456634521 0.35294118523597717
vt 0.17647059261798859 0.29411765933036804
vt 0.17647059261798859 0.99853515625
vt 0.35147634148597717 0.29411765933036804
vt 0.35147634148597717 0.99853515625
vt 0.35147634148597717 0.64632642269134521
vt 0.17647059261798859 0.64632642269134521
vt 0.64559400081634521 0
vt 0.35294118523597717 0
vt 0.64559400081634521 0.70588237047195435
vt 0.35294118523597717 0.70588237047195435
vt 0.499267578125 0.70588237047195435
vt 0.499267578125 0
vt 0.64559400081634521 0.35294118523597717
vt 0.35294118523597717 0.35294118523597717
vt 0 0.29411765933036804
vt 0 0.99853515625
vt 0.17500574886798859 0.29411765933036804
vt 0.17500574886798859 0.99853515625
vt 0.17500574886798859 0.64632642269134521
vt 0 0.64632642269134521
vn -1 0 0
vn -1 0 0
vn -1 0 0
vn -1 0 0
vn -1 0 0
vn -1 0 0
vn 1 0 0
vn 1 0 0
vn 1 0 0
vn 1 0 0
vn 1 0 0
vn 1 0 0
vn 0 -1 0
vn 0 -1 0
vn 0 -1 0
vn 0 -1 0
vn 0 -1 0
vn 0 -1 0
vn 0 -1 0
vn 0 -1 0
vn 0 0 1
vn 0 0 1
vn 0 0 1
vn 0 0 1
vn 0 0 1
vn 0 0 1
vn 0 1 0
vn 0 1 0
vn 0 1 0
vn 0 1 0
vn 0 1 0
vn 0 1 0
vn 0 1 0
vn 0 1 0
vn 0 0 -1
vn 0 0 -1
vn 0 0 -1
vn 0 0 -1
vn 0 0 -1
vn 0 0 -1
f 2286/2286/2286 2285/2285/2285 2283/2283/2283 2281/2281/2281
f 2282/2282/2282 2284/2284/2284 2285/2285/2285 2286/2286/2286
f 2292/2292/2292 2291/2291/2291 2289/2289/2289 2287/2287/2287
f 2288/2288/2288 2290/2290/2290 2291/2291/2291 2292/2292/2292
f 2298/2298/2298 2297/2297/2297 2300/2300/2300
f 2297/2297/2297 2294/2294/2294 2300/2300/2300
f 2299/2299/2299 2293/2293/2293 2297/2297/2297
f 2298/2298/2298 2295/2295/2295 2299/2299/2299
f 2298/2298/2298 2300/2300/2300 2296/2296/2296
f 2299/2299/2299 2297/2297/2297 2298/2298/2298
f 2306/2306/2306 2301/2301/2301 2303/2303/2303 2305/2305/2305
f 2302/2302/2302 2306/2306/2306 2305/2305/2305 2304/2304/2304
f 2311/2311/2311 2312/2312/2312 2314/2314/2314
f 2312/2312/2312 2308/2308/2308 2314/2314/2314
f 2313/2313/2313 2307/2307/2307 2312/2312/2312
f 2311/2311/2311 2309/2309/2309 2313/2313/2313
f 2311/2311/2311 2314/2314/2314 2310/2310/2310
f 2313/2313/2313 2312/2312/2312 2311/2311/2311
f 2320/2320/2320 2319/2319/2319 2317/2317/2317 2315/2315/2315
f 2316/2316/2316 2318/2318/2318 2319/2319/2319 2320/2320/2320
usemtl Default
v -1359.336181640625 60 3457
v -1359.336181640625 60 3357
v -1359.336181640625 120 3457
v -1359.336181640625 120 3357
v -1359.336181640625 120 3407
v -1359.336181640625 60 3407
v -1119.336181640625 120 3457
v -1119.336181640625 120 3357
v -1119.336181640625 60 3457
v -1119.336181640625 60 3357
v -1119.336181640625 60 3407
v -1119.336181640625 120 3407
v -1359.336181640625 120 3457
v -1359.336181640625 120 3357
v -1119.336181640625 120 3457
v -1119.336181640625 120 3357
v -1359.336181640625 120 3407
v -1119.336181640625 120 3407
v -1239.336181640625 120 3457
v -1239.336181640625 120 3357
v -1359.336181640625 60 3457
v -1119.336181640625 60 3457
v -1359.336181640625 120 3457
v -1119.336181640625 120 3457
v -1239.336181640625 120 3457
v -1239.336181640625 60 3457
v -1119.336181640625 60 3457
v -1119.336181640625 60 3357
v -1359.336181640625 60 3457
v -1359.336181640625 60 3357
v -1359.336181640625 60 3407
v -1119.336181640625 60 3407
v -1239.336181640625 60 3457
v -1239.336181640625 60 3357
v -1359.336181640625 60 3357
v -1119.336181640625 60 3357
v -1359.336181640625 120 3357
v -1119.336181640625 120 3357
v -1239.336181640625 120 3357
v -1239.336181640625 60 3357
vt 0.17647059261798859 0
vt 0.17647059261798859 0.29265281558036804
vt 0.35147634148597717 0
vt 0.35147634148597717 0.29265281558036804
vt 0.35147634148597717 0.14632640779018402
vt 0.17647059261798859 0.14632640779018402
vt 0 0
vt 0 0.29265281558036804
vt 0.17500574886798859 0
vt 0.17500574886798859 0.29265281558036804
vt 0.17500574886798859 0.14632640779018402
vt 0 0.14632640779018402
vt 0.93971163034439087 0
vt 0.64705884456634521 0
vt 0.93971163034439087 0.70588237047195435
vt 0.64705884456634521 0.70588237047195435
vt 0.79338520765304565 0
vt 0.79338520765304565 0.70588237047195435
vt 0.93971163034439087 0.35294118523597717
vt 0.64705884456634521 0.35294118523597717
vt 0.17647059261798859 0.29411765933036804
vt 0.17647059261798859 0.99853515625
vt 0.35147634148597717 0.29411765933036804
vt 0.35147634148597717 0.99853515625
vt 0.35147634148597717 0.64632642269134521
vt 0.17647059261798859 0.64632642269134521
vt 0.64559400081634521 0
vt 0.35294118523597717 0
vt 0.64559400081634521 0.70588237047195435
vt 0.35294118523597717 0.70588237047195435
vt 0.499267578125 0.70588237047195435
vt 0.499267578125 0
vt 0.64559400081634521 0.35294118523597717
vt 0.35294118523597717 0.35294118523597717
vt 0 0.29411765933036804
vt 0 0.99853515625
vt 0.17500574886798859 0.29411765933036804
vt 0.17500574886798859 0.99853515625
vt 0.17500574886798859 0.64632642269134521
vt 0 0.64632642269134521
vn -1 0 0
vn -1 0 0
vn -1 0 0
vn -1 0 0
vn -1 0 0
vn -1 0 0
vn 1 0 0
vn 1 0 0
vn 1 0 0
vn 1 0 0
vn 1 0 0
vn 1 0 0
vn 0 1 0
vn 0 1 0
vn 0 1 0
vn 0 1 0
vn 0 1 0
vn 0 1 0
vn 0 1 0
vn 0 1 0
vn 0 0 1
vn 0 0 1
vn 0 0 1
vn 0 0 1
vn 0 0 1
vn 0 0 1
vn 0 -1 0
vn 0 -1 0
vn 0 -1 0
vn 0 -1 0
vn 0 -1 0
vn 0 -1 0
vn 0 -1 0
vn 0 -1 0
vn 0 0 -1
vn 0 0 -1
vn 0 0 -1
vn 0 0 -1
vn 0 0 -1
vn 0 0 -1
f 2326/2326/2326 2321/2321/2321 2323/2323/2323 2325/2325/2325
f 2322/2322/2322 2326/2326/2326 2325/2325/2325 2324/2324/2324
f 2332/2332/2332 2327/2327/2327 2329/2329/2329 2331/2331/2331
f 2328/2328/2328 2332/2332/2332 2331/2331/2331 2330/2330/2330
f 2337/2337/2337 2333/2333/2333 2339/2339/2339
f 2337/2337/2337 2340/2340/2340 2334/2334/2334
f 2338/2338/2338 2337/2337/2337 2339/2339/2339
f 2337/2337/2337 2338/2338/2338 2340/2340/2340
f 2338/2338/2338 2336/2336/2336 2340/2340/2340
f 2335/2335/2335 2338/2338/2338 2339/2339/2339
f 2346/2346/2346 2345/2345/2345 2343/2343/2343 2341/2341/2341
f 2342/2342/2342 2344/2344/2344 2345/2345/2345 2346/2346/2346
f 2351/2351/2351 2354/2354/2354 2352/2352/2352
f 2352/2352/2352 2354/2354/2354 2348/2348/2348
f 2353/2353/2353 2352/2352/2352 2347/2347/2347
f 2351/2351/2351 2353/2353/2353 2349/2349/2349
f 2351/2351/2351 2350/2350/2350 2354/2354/2354
f 2353/2353/2353 2351/2351/2351 2352/2352/2352
f 2360/2360/2360 2355/2355/2355 2357/2357/2357 2359/2359/2359
f 2356/2356/2356 2360/2360/2360 2359/2359/2359 2358/2358/2358
usemtl Default
v -1359.336181640625 -60 3457
v -1359.336181640625 -60 3357
v -1359.336181640625 -120 3457
v -1359.336181640625 -120 3357
v -1359.336181640625 -120 3407
v -1359.336181640625 -60 3407
v -1119.336181640625 -120 3457
v -1119.336181640625 -120 3357
v -1119.336181640625 -60 3457
v -1119.336181640625 -60 3357
v -1119.336181640625 -60 3407
v -1119.336181640625 -120 3407
v -1359.336181640625 -120 3457
v -1359.336181640625 -120 3357
v -1119.336181640625 -120 3457
v -1119.336181640625 -120 3357
v -1359.336181640625 -120 3407
v -1119.336181640625 -120 3407
v -1239.336181640625 -120 3457
v -1239.336181640625 -120 3357
v -1359.336181640625 -60 3457
v -1119.336181640625 -60 3457
v -1359.336181640625 -120 3457
v -1119.336181640625 -120 3457
v -1239.336181640625 -120 3457
v -1239.336181640625 -60 3457
v -1119.336181640625 -60 3457
v -1119.336181640625 -60 3357
v -1359.336181640625 -60 3457
v -1359.336181640625 -60 3357
v -1359.336181640625 -60 3407
v -1119.336181640625 -60 3407
v -1239.336181640625 -60 3457
v -1239.336181640625 -60 3357
v -1359.336181640625 -60 3357
v -1119.336181640625 -60 3357
v -1359.336181640625 -120 3357
v -1119.336181640625 -120 3357
v -1239.336181640625 -120 3357
v -1239.336181640625 -60 3357
vt 0 0
vt 0 0.29265281558036804
vt 0.17500574886798859 0
vt 0.17500574886798859 0.29265281558036804
vt 0.17500574886798859 0.14632640779018402
vt 0 0.14632640779018402
vt 0.17647059261798859 0
vt 0.17647059261798859 0.29265281558036804
vt 0.35147634148597717 0
vt 0.35147634148597717 0.29265281558036804
vt 0.35147634148597717 0.14632640779018402
vt 0.17647059261798859 0.14632640779018402
vt 0.93971163034439087 0
vt 0.64705884456634521 0
vt 0.93971163034439087 0.70588237047195435
vt 0.64705884456634521 0.70588237047195435
vt 0.79338520765304565 0
vt 0.79338520765304565 0.70588237047195435
vt 0.93971163034439087 0.35294118523597717
vt 0.64705884456634521 0.35294118523597717
vt 0.17647059261798859 0.29411765933036804
vt 0.17647059261798859 0.99853515625
vt 0.35147634148597717 0.29411765933036804
vt 0.35147634148597717 0.99853515625
vt 0.35147634148597717 0.64632642269134521
vt 0.17647059261798859 0.64632642269134521
vt 0.64559400081634521 0
vt 0.35294118523597717 0
vt 0.64559400081634521 0.70588237047195435
vt 0.35294118523597717 0.70588237047195435
vt 0.499267578125 0.70588237047195435
vt 0.499267578125 0
vt 0.64559400081634521 0.35294118523597717
vt 0.35294118523597717 0.35294118523597717
vt 0 0.29411765933036804
vt 0 0.99853515625
vt 0.17500574886798859 0.29411765933036804
vt 0.17500574886798859 0.99853515625
vt 0.17500574886798859 0.64632642269134521
vt 0 0.64632642269134521
vn -1 0 0
vn -1 0 0
vn -1 0 0
vn -1 0 0
vn -1 0 0
vn -1 0 0
vn 1 0 0
vn 1 0 0
vn 1 0 0
vn 1 0 0
vn 1 0 0
vn 1 0 0
vn 0 -1 0
vn 0 -1 0
vn 0 -1 0
vn 0 -1 0
vn 0 -1 0
vn 0 -1 0
vn 0 -1 0
vn 0 -1 0
vn 0 0 1
vn 0 0 1
vn 0 0 1
vn 0 0 1
vn 0 0 1
vn 0 0 1
vn 0 1 0
vn 0 1 0
vn 0 1 0
vn 0 1 0
vn 0 1 0
vn 0 1 0
vn 0 1 0
vn 0 1 0
vn 0 0 -1
vn 0 0 -1
vn 0 0 -1
vn 0 0 -1
vn 0 0 -1
vn 0 0 -1
f 2366/2366/2366 2365/2365/2365 2363/2363/2363 2361/2361/2361
f 2362/2362/2362 2364/2364/2364 2365/2365/2365 2366/2366/2366
f 2372/2372/2372 2371/2371/2371 2369/2369/2369 2367/2367/2367
f 2368/2368/2368 2370/2370/2370 2371/2371/2371 2372/2372/2372
f 2377/2377/2377 2379/2379/2379 2373/2373/2373
f 2377/2377/2377 2374/2374/2374 2380/2380/2380
f 2378/2378/2378 2379/2379/2379 2377/2377/2377
f 2377/2377/2377 2380/2380/2380 2378/2378/2378
f 2378/2378/2378 2380/2380/2380 2376/2376/2376
f 2375/2375/2375 2379/2379/2379 2378/2378/2378
f 2386/2386/2386 2381/2381/2381 2383/2383/2383 2385/2385/2385
f 2382/2382/2382 2386/2386/2386 2385/2385/2385 2384/2384/2384
f 2391/2391/2391 2392/2392/2392 2394/2394/2394
f 2392/2392/2392 2388/2388/2388 2394/2394/2394
f 2393/2393/2393 2387/2387/2387 2392/2392/2392
f 2391/2391/2391 2389/2389/2389 2393/2393/2393
f 2391/2391/2391 2394/2394/2394 2390/2390/2390
f 2393/2393/2393 2392/2392/2392 2391/2391/2391
f 2400/2400/2400 2399/2399/2399 2397/2397/2397 2395/2395/2395
f 2396/2396/2396 2398/2398/2398 2399/2399/2399 2400/2400/2400
