# compas_tf assembly step
mtllib assembly_step4_preview.mtl

o column_0
usemtl mat_b8bdc238
v -3000.0000 -3000.0000 150.0000
v -3000.0000 -3000.0000 3500.0000
v -3000.0000 -2965.0000 3250.0000
v -3000.0000 -2965.0000 3500.0000
v -2965.0000 -3000.0000 3250.0000
v -2965.0000 -3000.0000 3500.0000
v -2965.0000 -2965.0000 3250.0000
v -2965.0000 -2965.0000 3500.0000
v -3000.0000 -2935.0000 3250.0000
v -3000.0000 -2935.0000 3500.0000
v -2965.0000 -2935.0000 3250.0000
v -2965.0000 -2935.0000 3500.0000
v -2935.0000 -3000.0000 3250.0000
v -2935.0000 -3000.0000 3500.0000
v -2935.0000 -2965.0000 3250.0000
v -2935.0000 -2965.0000 3500.0000
v -2935.0000 -2935.0000 3250.0000
v -2935.0000 -2935.0000 3500.0000
v -3000.0000 -2871.8470 3315.4329
v -3000.0000 -2873.7500 3325.0000
v -3000.0000 -2871.8470 3334.5671
v -3000.0000 -2871.8470 3415.4329
v -3000.0000 -2873.7500 3425.0000
v -3000.0000 -2871.8470 3434.5671
v -3000.0000 -2866.4277 3307.3223
v -3000.0000 -2866.4277 3342.6777
v -3000.0000 -2866.4277 3407.3223
v -3000.0000 -2866.4277 3442.6777
v -3000.0000 -2858.3171 3301.9030
v -3000.0000 -2858.3171 3348.0970
v -3000.0000 -2848.7500 3300.0000
v -3000.0000 -2848.7500 3350.0000
v -3000.0000 -2858.3171 3401.9030
v -3000.0000 -2858.3171 3448.0970
v -3000.0000 -2848.7500 3400.0000
v -3000.0000 -2848.7500 3450.0000
v -3000.0000 -2839.1829 3301.9030
v -3000.0000 -2839.1829 3348.0970
v -3000.0000 -2839.1829 3401.9030
v -3000.0000 -2839.1829 3448.0970
v -2965.0000 -2871.8470 3315.4329
v -2965.0000 -2873.7500 3325.0000
v -2965.0000 -2871.8470 3334.5671
v -2965.0000 -2871.8470 3415.4329
v -2965.0000 -2873.7500 3425.0000
v -2965.0000 -2871.8470 3434.5671
v -2965.0000 -2866.4277 3307.3223
v -2965.0000 -2866.4277 3342.6777
v -2965.0000 -2866.4277 3407.3223
v -2965.0000 -2866.4277 3442.6777
v -2965.0000 -2858.3171 3301.9030
v -2965.0000 -2858.3171 3348.0970
v -2965.0000 -2848.7500 3300.0000
v -2965.0000 -2848.7500 3350.0000
v -2965.0000 -2858.3171 3401.9030
v -2965.0000 -2858.3171 3448.0970
v -2965.0000 -2848.7500 3400.0000
v -2965.0000 -2848.7500 3450.0000
v -2965.0000 -2839.1829 3301.9030
v -2965.0000 -2839.1829 3348.0970
v -2965.0000 -2839.1829 3401.9030
v -2965.0000 -2839.1829 3448.0970
v -2935.0000 -2871.8470 3315.4329
v -2935.0000 -2873.7500 3325.0000
v -2935.0000 -2871.8470 3334.5671
v -2935.0000 -2871.8470 3415.4329
v -2935.0000 -2873.7500 3425.0000
v -2935.0000 -2871.8470 3434.5671
v -2935.0000 -2866.4277 3307.3223
v -2935.0000 -2866.4277 3342.6777
v -2935.0000 -2866.4277 3407.3223
v -2935.0000 -2866.4277 3442.6777
v -2935.0000 -2858.3171 3301.9030
v -2935.0000 -2858.3171 3348.0970
v -2935.0000 -2848.7500 3300.0000
v -2935.0000 -2848.7500 3350.0000
v -2935.0000 -2858.3171 3401.9030
v -2935.0000 -2858.3171 3448.0970
v -2935.0000 -2848.7500 3400.0000
v -2935.0000 -2848.7500 3450.0000
v -2935.0000 -2839.1829 3301.9030
v -2935.0000 -2839.1829 3348.0970
v -2935.0000 -2839.1829 3401.9030
v -2935.0000 -2839.1829 3448.0970
v -2871.8470 -3000.0000 3315.4329
v -2873.7500 -3000.0000 3325.0000
v -2871.8470 -3000.0000 3334.5671
v -2871.8470 -3000.0000 3415.4329
v -2873.7500 -3000.0000 3425.0000
v -2871.8470 -3000.0000 3434.5671
v -2866.4277 -3000.0000 3307.3223
v -2866.4277 -3000.0000 3342.6777
v -2866.4277 -3000.0000 3407.3223
v -2866.4277 -3000.0000 3442.6777
v -2871.8470 -2965.0000 3315.4329
v -2873.7500 -2965.0000 3325.0000
v -2871.8470 -2965.0000 3334.5671
v -2871.8470 -2965.0000 3415.4329
v -2873.7500 -2965.0000 3425.0000
v -2871.8470 -2965.0000 3434.5671
v -2866.4277 -2965.0000 3307.3223
v -2866.4277 -2965.0000 3342.6777
v -2866.4277 -2965.0000 3407.3223
v -2866.4277 -2965.0000 3442.6777
v -2858.3171 -3000.0000 3301.9030
v -2858.3171 -3000.0000 3348.0970
v -2848.7500 -3000.0000 3300.0000
v -2848.7500 -3000.0000 3350.0000
v -2858.3171 -3000.0000 3401.9030
v -2858.3171 -3000.0000 3448.0970
v -2848.7500 -3000.0000 3400.0000
v -2848.7500 -3000.0000 3450.0000
v -2839.1829 -3000.0000 3301.9030
v -2839.1829 -3000.0000 3348.0970
v -2839.1829 -3000.0000 3401.9030
v -2839.1829 -3000.0000 3448.0970
v -2858.3171 -2965.0000 3301.9030
v -2858.3171 -2965.0000 3348.0970
v -2848.7500 -2965.0000 3300.0000
v -2848.7500 -2965.0000 3350.0000
v -2858.3171 -2965.0000 3401.9030
v -2858.3171 -2965.0000 3448.0970
v -2848.7500 -2965.0000 3400.0000
v -2848.7500 -2965.0000 3450.0000
v -2839.1829 -2965.0000 3301.9030
v -2839.1829 -2965.0000 3348.0970
v -2839.1829 -2965.0000 3401.9030
v -2839.1829 -2965.0000 3448.0970
v -2871.8470 -2935.0000 3315.4329
v -2873.7500 -2935.0000 3325.0000
v -2871.8470 -2935.0000 3334.5671
v -2871.8470 -2935.0000 3415.4329
v -2873.7500 -2935.0000 3425.0000
v -2871.8470 -2935.0000 3434.5671
v -2866.4277 -2935.0000 3307.3223
v -2866.4277 -2935.0000 3342.6777
v -2866.4277 -2935.0000 3407.3223
v -2866.4277 -2935.0000 3442.6777
v -2858.3171 -2935.0000 3301.9030
v -2858.3171 -2935.0000 3348.0970
v -2848.7500 -2935.0000 3300.0000
v -2848.7500 -2935.0000 3350.0000
v -2858.3171 -2935.0000 3401.9030
v -2858.3171 -2935.0000 3448.0970
v -2848.7500 -2935.0000 3400.0000
v -2848.7500 -2935.0000 3450.0000
v -2839.1829 -2935.0000 3301.9030
v -2839.1829 -2935.0000 3348.0970
v -2839.1829 -2935.0000 3401.9030
v -2839.1829 -2935.0000 3448.0970
v -2875.0000 -2871.8470 3315.4329
v -2875.0000 -2873.7500 3325.0000
v -2875.0000 -2871.8470 3334.5671
v -2871.8470 -2875.0000 3315.4329
v -2873.7500 -2875.0000 3325.0000
v -2871.8470 -2875.0000 3334.5671
v -2875.0000 -2871.8470 3415.4329
v -2875.0000 -2873.7500 3425.0000
v -2875.0000 -2871.8470 3434.5671
v -2871.8470 -2875.0000 3415.4329
v -2873.7500 -2875.0000 3425.0000
v -2871.8470 -2875.0000 3434.5671
v -2875.0000 -2866.4277 3307.3223
v -2875.0000 -2866.4277 3342.6777
v -2875.0000 -2866.4277 3407.3223
v -2875.0000 -2866.4277 3442.6777
v -2866.4277 -2875.0000 3307.3223
v -2866.4277 -2875.0000 3342.6777
v -2866.4277 -2875.0000 3407.3223
v -2866.4277 -2875.0000 3442.6777
v -2875.0000 -2858.3171 3301.9030
v -2875.0000 -2858.3171 3348.0970
v -2875.0000 -2848.7500 3300.0000
v -2875.0000 -2848.7500 3325.0000
v -2875.0000 -2848.7500 3350.0000
v -2875.0000 -2858.3171 3401.9030
v -2875.0000 -2858.3171 3448.0970
v -2875.0000 -2848.7500 3400.0000
v -2875.0000 -2848.7500 3425.0000
v -2875.0000 -2848.7500 3450.0000
v -2875.0000 -2839.1829 3301.9030
v -2875.0000 -2839.1829 3348.0970
v -2875.0000 -2839.1829 3401.9030
v -2875.0000 -2839.1829 3448.0970
v -2858.3171 -2875.0000 3301.9030
v -2858.3171 -2875.0000 3348.0970
v -2848.7500 -2875.0000 3300.0000
v -2848.7500 -2875.0000 3325.0000
v -2848.7500 -2875.0000 3350.0000
v -2858.3171 -2875.0000 3401.9030
v -2858.3171 -2875.0000 3448.0970
v -2848.7500 -2875.0000 3400.0000
v -2848.7500 -2875.0000 3425.0000
v -2848.7500 -2875.0000 3450.0000
v -2839.1829 -2875.0000 3301.9030
v -2839.1829 -2875.0000 3348.0970
v -2839.1829 -2875.0000 3401.9030
v -2839.1829 -2875.0000 3448.0970
v -3000.0000 -2780.0000 150.0000
v -3000.0000 -2831.0723 3307.3223
v -3000.0000 -2831.0723 3342.6777
v -3000.0000 -2831.0723 3407.3223
v -3000.0000 -2831.0723 3442.6777
v -3000.0000 -2825.6530 3315.4329
v -3000.0000 -2825.6530 3334.5671
v -3000.0000 -2823.7500 3325.0000
v -3000.0000 -2825.6530 3415.4329
v -3000.0000 -2825.6530 3434.5671
v -3000.0000 -2823.7500 3425.0000
v -2965.0000 -2831.0723 3307.3223
v -2965.0000 -2831.0723 3342.6777
v -2965.0000 -2831.0723 3407.3223
v -2965.0000 -2831.0723 3442.6777
v -2965.0000 -2825.6530 3315.4329
v -2965.0000 -2825.6530 3334.5671
v -2965.0000 -2823.7500 3325.0000
v -2965.0000 -2825.6530 3415.4329
v -2965.0000 -2825.6530 3434.5671
v -2965.0000 -2823.7500 3425.0000
v -3000.0000 -2780.0000 2770.0000
v -3000.0000 -2780.0000 3500.0000
v -2965.0000 -2780.0000 3500.0000
v -2935.0000 -2831.0723 3307.3223
v -2935.0000 -2831.0723 3342.6777
v -2935.0000 -2831.0723 3407.3223
v -2935.0000 -2831.0723 3442.6777
v -2935.0000 -2825.6530 3315.4329
v -2935.0000 -2825.6530 3334.5671
v -2935.0000 -2823.7500 3325.0000
v -2935.0000 -2825.6530 3415.4329
v -2935.0000 -2825.6530 3434.5671
v -2935.0000 -2823.7500 3425.0000
v -2935.0000 -2780.0000 3500.0000
v -2965.0000 -2742.9373 3250.0000
v -2965.0000 -2749.2350 3292.4805
v -3000.0000 -2677.0323 2805.4500
v -2935.0000 -2742.9373 3250.0000
v -2880.0000 -2780.0000 3500.0000
v -2875.0000 -2831.0723 3307.3223
v -2875.0000 -2831.0723 3342.6777
v -2875.0000 -2831.0723 3407.3223
v -2875.0000 -2831.0723 3442.6777
v -2875.0000 -2825.6530 3315.4329
v -2875.0000 -2825.6530 3334.5671
v -2875.0000 -2823.7500 3325.0000
v -2875.0000 -2825.6530 3415.4329
v -2875.0000 -2825.6530 3434.5671
v -2875.0000 -2823.7500 3425.0000
v -2780.0000 -3000.0000 150.0000
v -2831.0723 -3000.0000 3307.3223
v -2831.0723 -3000.0000 3342.6777
v -2831.0723 -3000.0000 3407.3223
v -2831.0723 -3000.0000 3442.6777
v -2825.6530 -3000.0000 3315.4329
v -2825.6530 -3000.0000 3334.5671
v -2823.7500 -3000.0000 3325.0000
v -2825.6530 -3000.0000 3415.4329
v -2825.6530 -3000.0000 3434.5671
v -2823.7500 -3000.0000 3425.0000
v -2831.0723 -2965.0000 3307.3223
v -2831.0723 -2965.0000 3342.6777
v -2831.0723 -2965.0000 3407.3223
v -2831.0723 -2965.0000 3442.6777
v -2825.6530 -2965.0000 3315.4329
v -2825.6530 -2965.0000 3334.5671
v -2823.7500 -2965.0000 3325.0000
v -2825.6530 -2965.0000 3415.4329
v -2825.6530 -2965.0000 3434.5671
v -2823.7500 -2965.0000 3425.0000
v -2831.0723 -2935.0000 3307.3223
v -2831.0723 -2935.0000 3342.6777
v -2831.0723 -2935.0000 3407.3223
v -2831.0723 -2935.0000 3442.6777
v -2825.6530 -2935.0000 3315.4329
v -2825.6530 -2935.0000 3334.5671
v -2823.7500 -2935.0000 3325.0000
v -2825.6530 -2935.0000 3415.4329
v -2825.6530 -2935.0000 3434.5671
v -2823.7500 -2935.0000 3425.0000
v -2780.0000 -3000.0000 2770.0000
v -2780.0000 -3000.0000 3500.0000
v -2780.0000 -2965.0000 3500.0000
v -2769.6507 -2965.0000 3430.1904
v -2780.0000 -2935.0000 3500.0000
v -2831.0723 -2875.0000 3307.3223
v -2831.0723 -2875.0000 3342.6777
v -2831.0723 -2875.0000 3407.3223
v -2831.0723 -2875.0000 3442.6777
v -2825.6530 -2875.0000 3315.4329
v -2825.6530 -2875.0000 3334.5671
v -2823.7500 -2875.0000 3325.0000
v -2825.6530 -2875.0000 3415.4329
v -2825.6530 -2875.0000 3434.5671
v -2823.7500 -2875.0000 3425.0000
v -2780.0000 -2880.0000 3500.0000
v -2742.9373 -2965.0000 3250.0000
v -2742.9373 -2935.0000 3250.0000
v -2749.2350 -2935.0000 3292.4805
v -2677.0323 -3000.0000 2805.4500
v -2780.0000 -2780.0000 150.0000
v -2780.0000 -2780.0000 2770.0000
v -2809.7720 -2677.0323 2805.4500
v -2677.0323 -2809.7720 2805.4500
f 1 2 199
f 1 199 300
f 1 300 249
f 1 249 280
f 1 91 2
f 2 4 3
f 2 8 4
f 3 4 7
f 2 6 8
f 4 8 7
f 3 11 9
f 9 12 10
f 3 7 11
f 9 11 12
f 2 110 6
f 110 14 6
f 2 3 199
f 3 220 199
f 3 9 220
f 9 10 220
f 10 23 20
f 10 24 23
f 10 28 24
f 10 34 28
f 10 12 222
f 10 20 220
f 20 22 21
f 20 23 22
f 21 22 27
f 21 27 26
f 26 27 33
f 26 33 30
f 220 19 25
f 220 20 19
f 30 33 35
f 30 35 32
f 10 221 34
f 32 35 39
f 32 39 38
f 1 105 91
f 1 107 105
f 1 113 107
f 1 250 113
f 1 254 250
f 1 280 281
f 1 281 254
f 2 85 86
f 2 86 87
f 2 91 85
f 2 87 92
f 2 88 89
f 2 89 90
f 2 93 88
f 2 92 93
f 2 90 94
f 2 94 110
f 96 15 16
f 101 117 15
f 117 119 15
f 95 15 96
f 95 101 15
f 96 16 99
f 99 16 100
f 100 16 104
f 282 16 14
f 104 16 122
f 122 16 124
f 134 18 17
f 135 17 139
f 139 17 141
f 129 130 17
f 130 131 17
f 129 17 135
f 131 136 17
f 136 137 17
f 132 133 17
f 133 134 17
f 132 17 137
f 134 138 18
f 138 144 18
f 86 96 87
f 85 95 86
f 87 97 92
f 88 98 89
f 89 99 90
f 90 100 94
f 92 106 93
f 93 106 109
f 85 91 101
f 91 105 117
f 92 102 106
f 88 93 103
f 94 104 110
f 93 109 121
f 119 125 15
f 86 95 96
f 87 96 97
f 85 101 95
f 89 98 99
f 90 99 100
f 88 103 98
f 96 98 97
f 96 99 98
f 97 98 103
f 124 16 128
f 92 97 102
f 91 117 101
f 102 118 106
f 94 100 104
f 93 121 103
f 104 122 110
f 97 103 102
f 102 103 121
f 102 121 118
f 106 108 109
f 108 111 109
f 110 281 14
f 106 118 108
f 105 107 119
f 110 122 112
f 109 111 123
f 108 114 111
f 111 114 115
f 108 120 114
f 107 113 125
f 112 124 116
f 111 115 127
f 125 296 15
f 105 119 117
f 108 118 120
f 109 123 121
f 112 122 124
f 118 121 123
f 118 123 120
f 128 16 282
f 107 125 119
f 114 120 126
f 111 127 123
f 116 124 128
f 120 123 127
f 120 127 126
f 297 17 15
f 141 17 147
f 136 140 137
f 137 140 143
f 147 17 297
f 140 142 143
f 142 145 143
f 144 284 18
f 142 148 145
f 145 148 149
f 130 155 131
f 129 154 130
f 131 156 136
f 132 160 133
f 133 161 134
f 134 162 138
f 129 135 167
f 135 139 185
f 136 168 140
f 132 137 169
f 138 170 144
f 137 143 190
f 130 154 155
f 131 155 156
f 129 167 154
f 133 160 161
f 134 161 162
f 132 169 160
f 136 156 168
f 135 185 167
f 140 168 186
f 138 162 170
f 137 190 169
f 144 170 191
f 238 18 284
f 140 186 142
f 139 141 187
f 144 191 146
f 143 145 192
f 142 189 148
f 141 147 195
f 146 194 150
f 145 149 197
f 139 187 185
f 142 186 189
f 143 192 190
f 146 191 194
f 141 195 187
f 148 189 196
f 145 197 192
f 150 194 198
f 154 188 155
f 155 188 156
f 154 167 188
f 156 188 168
f 160 193 161
f 161 193 162
f 160 169 193
f 162 193 170
f 167 185 188
f 168 188 186
f 185 187 188
f 186 188 189
f 169 190 193
f 170 193 191
f 190 192 193
f 191 193 194
f 187 195 188
f 188 196 189
f 188 195 285
f 188 286 196
f 192 197 193
f 193 198 194
f 193 197 287
f 193 288 198
f 199 301 300
f 199 220 301
f 220 25 29
f 220 29 31
f 220 31 37
f 38 39 202
f 38 202 201
f 201 202 207
f 221 36 34
f 201 207 205
f 205 207 206
f 221 40 36
f 10 222 221
f 220 37 200
f 220 200 204
f 220 204 206
f 220 206 207
f 220 207 209
f 221 203 40
f 221 208 203
f 221 209 208
f 220 209 221
f 220 221 236
f 221 222 236
f 236 222 235
f 236 235 234
f 236 234 237
f 236 237 238
f 220 236 302
f 238 233 18
f 238 237 233
f 236 238 302
f 220 302 301
f 249 300 301
f 249 301 280
f 114 251 115
f 115 251 252
f 251 255 252
f 110 112 281
f 113 250 260
f 114 126 251
f 251 261 255
f 116 128 253
f 115 252 262
f 253 263 258
f 281 282 14
f 252 255 257
f 255 256 257
f 256 259 257
f 112 116 281
f 250 254 264
f 255 265 256
f 254 256 266
f 252 257 267
f 258 268 259
f 257 259 269
f 113 260 125
f 126 261 251
f 250 264 260
f 115 262 127
f 128 263 253
f 252 267 262
f 255 261 265
f 254 266 264
f 256 265 266
f 258 263 268
f 257 269 267
f 259 268 269
f 254 281 256
f 116 253 281
f 256 281 259
f 253 258 281
f 258 259 281
f 125 260 296
f 126 127 283
f 126 283 261
f 127 262 283
f 128 282 263
f 262 267 283
f 267 269 282
f 263 282 268
f 268 282 269
f 260 264 296
f 261 296 265
f 144 146 284
f 146 150 284
f 296 297 15
f 147 297 270
f 148 298 149
f 150 273 284
f 273 278 284
f 278 279 284
f 148 271 298
f 149 298 272
f 270 298 274
f 271 275 298
f 274 298 276
f 275 276 298
f 272 298 277
f 277 298 279
f 264 266 296
f 265 296 266
f 267 282 283
f 261 283 296
f 281 283 282
f 281 296 283
f 279 298 284
f 270 297 298
f 147 270 285
f 148 196 271
f 271 286 275
f 150 198 273
f 149 272 287
f 273 288 278
f 270 274 289
f 275 290 276
f 274 276 291
f 272 277 292
f 278 293 279
f 277 279 294
f 147 285 195
f 196 286 271
f 270 289 285
f 149 287 197
f 198 288 273
f 272 292 287
f 275 286 290
f 274 291 289
f 276 290 291
f 278 288 293
f 277 294 292
f 279 293 294
f 188 285 289
f 188 290 286
f 188 289 291
f 188 291 290
f 193 287 292
f 193 293 288
f 193 292 294
f 193 294 293
f 238 284 295
f 284 298 295
f 280 299 281
f 281 299 296
f 296 299 297
f 280 301 299
f 297 303 298
f 295 298 303
f 297 299 303
f 299 301 303
f 238 295 302
f 295 303 302
f 301 302 303
f 5 7 6
f 7 8 6
f 13 15 5
f 5 6 13
f 13 6 14
f 17 5 15
f 13 14 15
f 16 15 14
f 42 12 11
f 47 11 51
f 53 51 11
f 41 42 11
f 47 41 11
f 42 45 12
f 45 46 12
f 46 50 12
f 50 56 12
f 42 19 20
f 43 20 21
f 41 25 19
f 45 22 23
f 46 23 24
f 44 27 22
f 48 21 26
f 47 29 25
f 52 26 30
f 50 24 28
f 49 33 27
f 56 28 34
f 51 31 29
f 54 30 32
f 55 35 33
f 58 34 36
f 53 37 31
f 60 32 38
f 57 39 35
f 62 36 40
f 53 11 59
f 42 20 43
f 41 19 42
f 43 21 48
f 44 22 45
f 45 23 46
f 46 24 50
f 47 25 41
f 47 51 29
f 48 26 52
f 49 27 44
f 50 28 56
f 55 33 49
f 42 43 45
f 43 44 45
f 43 48 44
f 48 49 44
f 48 52 49
f 52 55 49
f 59 11 234
f 52 30 54
f 53 31 51
f 56 34 58
f 55 57 35
f 54 32 60
f 53 59 37
f 58 36 62
f 57 61 39
f 52 54 55
f 54 57 55
f 56 222 12
f 54 60 57
f 60 61 57
f 5 237 7
f 237 11 7
f 5 17 237
f 67 17 18
f 69 73 17
f 75 17 73
f 64 17 67
f 63 17 64
f 69 17 63
f 67 18 68
f 68 18 72
f 72 18 78
f 78 18 80
f 75 81 17
f 64 66 65
f 64 67 66
f 65 66 71
f 80 18 84
f 65 71 70
f 70 71 77
f 70 77 74
f 81 237 17
f 74 77 79
f 74 79 76
f 84 18 233
f 76 79 83
f 76 83 82
f 63 64 152
f 64 65 153
f 69 63 151
f 66 67 158
f 67 68 159
f 71 66 157
f 65 70 164
f 69 163 73
f 70 74 172
f 68 72 166
f 77 71 165
f 72 78 177
f 75 73 171
f 74 76 175
f 77 176 79
f 78 80 180
f 75 173 81
f 76 82 182
f 79 178 83
f 80 84 184
f 64 153 152
f 63 152 151
f 65 164 153
f 66 158 157
f 67 159 158
f 68 166 159
f 69 151 163
f 73 163 171
f 70 172 164
f 71 157 165
f 72 177 166
f 77 165 176
f 74 175 172
f 75 171 173
f 78 180 177
f 79 176 178
f 76 182 175
f 81 173 181
f 80 184 180
f 83 178 183
f 151 152 174
f 152 153 174
f 163 151 174
f 153 164 174
f 157 158 179
f 158 159 179
f 165 157 179
f 159 166 179
f 163 174 171
f 174 164 172
f 173 171 174
f 174 172 175
f 176 165 179
f 179 166 177
f 176 179 178
f 179 177 180
f 173 174 181
f 174 175 182
f 181 174 239
f 174 182 240
f 178 179 183
f 179 180 184
f 183 179 241
f 179 184 242
f 59 200 37
f 211 38 201
f 210 204 200
f 61 202 39
f 213 40 203
f 212 207 202
f 215 201 205
f 214 206 204
f 216 205 206
f 218 203 208
f 217 209 207
f 219 208 209
f 59 210 200
f 60 38 211
f 215 211 201
f 62 40 213
f 61 212 202
f 218 213 203
f 210 214 204
f 216 215 205
f 214 216 206
f 212 217 207
f 219 218 208
f 217 219 209
f 56 58 222
f 58 62 222
f 59 234 210
f 60 235 61
f 62 213 222
f 218 222 213
f 219 222 218
f 60 211 235
f 61 235 212
f 210 235 214
f 215 235 211
f 214 235 216
f 216 235 215
f 212 235 217
f 217 235 219
f 219 235 222
f 210 234 235
f 237 234 11
f 82 83 225
f 82 225 230
f 81 223 237
f 228 224 233
f 229 228 233
f 82 233 224
f 82 230 233
f 84 233 226
f 230 232 233
f 231 226 233
f 232 231 233
f 223 227 237
f 227 229 237
f 229 233 237
f 81 181 223
f 82 224 240
f 223 239 227
f 83 183 225
f 84 226 242
f 225 241 230
f 228 244 224
f 227 243 229
f 229 245 228
f 231 247 226
f 230 246 232
f 232 248 231
f 223 181 239
f 82 240 182
f 224 244 240
f 84 242 184
f 225 183 241
f 226 247 242
f 227 239 243
f 228 245 244
f 229 243 245
f 230 241 246
f 231 248 247
f 232 246 248
f 239 174 243
f 174 240 244
f 243 174 245
f 174 244 245
f 241 179 246
f 179 242 247
f 246 179 248
f 179 247 248

o column_1
usemtl mat_b8bdc238
v 3000.0000 -3000.0000 150.0000
v 3000.0000 -3000.0000 3500.0000
v 2965.0000 -3000.0000 3250.0000
v 2965.0000 -3000.0000 3500.0000
v 3000.0000 -2965.0000 3250.0000
v 3000.0000 -2965.0000 3500.0000
v 2965.0000 -2965.0000 3250.0000
v 2965.0000 -2965.0000 3500.0000
v 2935.0000 -3000.0000 3250.0000
v 2935.0000 -3000.0000 3500.0000
v 2939.0846 -2965.0000 3250.0000
v 2935.0000 -2965.0000 3250.0000
v 2935.0000 -2965.0000 3500.0000
v 3000.0000 -2935.0000 3250.0000
v 3000.0000 -2935.0000 3500.0000
v 2965.0000 -2935.0000 3250.0000
v 2965.0000 -2935.0000 3500.0000
v 2942.1682 -2938.5772 3250.0000
v 2942.5857 -2935.0000 3250.0000
v 2935.0000 -2935.0000 3250.0000
v 2935.0000 -2935.0000 3500.0000
v 2871.8470 -3000.0000 3315.4329
v 2873.7500 -3000.0000 3325.0000
v 2871.8470 -3000.0000 3334.5671
v 2871.8470 -3000.0000 3415.4329
v 2873.7500 -3000.0000 3425.0000
v 2871.8470 -3000.0000 3434.5671
v 2866.4277 -3000.0000 3307.3223
v 2866.4277 -3000.0000 3342.6777
v 2866.4277 -3000.0000 3407.3223
v 2866.4277 -3000.0000 3442.6777
v 2858.3171 -3000.0000 3301.9030
v 2858.3171 -3000.0000 3348.0970
v 2848.7500 -3000.0000 3300.0000
v 2848.7500 -3000.0000 3350.0000
v 2858.3171 -3000.0000 3401.9030
v 2858.3171 -3000.0000 3448.0970
v 2848.7500 -3000.0000 3400.0000
v 2848.7500 -3000.0000 3450.0000
v 2839.1829 -3000.0000 3301.9030
v 2839.1829 -3000.0000 3348.0970
v 2839.1829 -3000.0000 3401.9030
v 2839.1829 -3000.0000 3448.0970
v 2871.8470 -2965.0000 3315.4329
v 2873.7500 -2965.0000 3325.0000
v 2871.8470 -2965.0000 3334.5671
v 2871.8470 -2965.0000 3415.4329
v 2873.7500 -2965.0000 3425.0000
v 2871.8470 -2965.0000 3434.5671
v 2866.4277 -2965.0000 3307.3223
v 2866.4277 -2965.0000 3342.6777
v 2866.4277 -2965.0000 3407.3223
v 2866.4277 -2965.0000 3442.6777
v 2858.3171 -2965.0000 3301.9030
v 2858.3171 -2965.0000 3348.0970
v 2848.7500 -2965.0000 3300.0000
v 2848.7500 -2965.0000 3350.0000
v 2858.3171 -2965.0000 3401.9030
v 2858.3171 -2965.0000 3448.0970
v 2848.7500 -2965.0000 3400.0000
v 2848.7500 -2965.0000 3450.0000
v 2839.1829 -2965.0000 3301.9030
v 2839.1829 -2965.0000 3348.0970
v 2839.1829 -2965.0000 3401.9030
v 2839.1829 -2965.0000 3448.0970
v 2871.8470 -2935.0000 3315.4329
v 2873.7500 -2935.0000 3325.0000
v 2871.8470 -2935.0000 3334.5671
v 2871.8470 -2935.0000 3415.4329
v 2873.7500 -2935.0000 3425.0000
v 2871.8470 -2935.0000 3434.5671
v 2866.4277 -2935.0000 3307.3223
v 2866.4277 -2935.0000 3342.6777
v 2866.4277 -2935.0000 3407.3223
v 2866.4277 -2935.0000 3442.6777
v 2858.3171 -2935.0000 3301.9030
v 2858.3171 -2935.0000 3348.0970
v 2848.7500 -2935.0000 3300.0000
v 2848.7500 -2935.0000 3350.0000
v 2858.3171 -2935.0000 3401.9030
v 2858.3171 -2935.0000 3448.0970
v 2848.7500 -2935.0000 3400.0000
v 2848.7500 -2935.0000 3450.0000
v 2839.1829 -2935.0000 3301.9030
v 2839.1829 -2935.0000 3348.0970
v 2839.1829 -2935.0000 3401.9030
v 2839.1829 -2935.0000 3448.0970
v 3000.0000 -2871.8470 3315.4329
v 3000.0000 -2873.7500 3325.0000
v 3000.0000 -2871.8470 3334.5671
v 3000.0000 -2871.8470 3415.4329
v 3000.0000 -2873.7500 3425.0000
v 3000.0000 -2871.8470 3434.5671
v 3000.0000 -2866.4277 3307.3223
v 3000.0000 -2866.4277 3342.6777
v 3000.0000 -2866.4277 3407.3223
v 3000.0000 -2866.4277 3442.6777
v 2965.0000 -2871.8470 3315.4329
v 2965.0000 -2873.7500 3325.0000
v 2965.0000 -2871.8470 3334.5671
v 2965.0000 -2871.8470 3415.4329
v 2965.0000 -2873.7500 3425.0000
v 2965.0000 -2871.8470 3434.5671
v 2965.0000 -2866.4277 3307.3223
v 2965.0000 -2866.4277 3342.6777
v 2965.0000 -2866.4277 3407.3223
v 2965.0000 -2866.4277 3442.6777
v 3000.0000 -2858.3171 3301.9030
v 3000.0000 -2858.3171 3348.0970
v 3000.0000 -2848.7500 3300.0000
v 3000.0000 -2848.7500 3350.0000
v 3000.0000 -2858.3171 3401.9030
v 3000.0000 -2858.3171 3448.0970
v 3000.0000 -2848.7500 3400.0000
v 3000.0000 -2848.7500 3450.0000
v 3000.0000 -2839.1829 3301.9030
v 3000.0000 -2839.1829 3348.0970
v 3000.0000 -2839.1829 3401.9030
v 3000.0000 -2839.1829 3448.0970
v 2965.0000 -2858.3171 3301.9030
v 2965.0000 -2858.3171 3348.0970
v 2965.0000 -2848.7500 3300.0000
v 2965.0000 -2848.7500 3350.0000
v 2965.0000 -2858.3171 3401.9030
v 2965.0000 -2858.3171 3448.0970
v 2965.0000 -2848.7500 3400.0000
v 2965.0000 -2848.7500 3450.0000
v 2965.0000 -2839.1829 3301.9030
v 2965.0000 -2839.1829 3348.0970
v 2965.0000 -2839.1829 3401.9030
v 2965.0000 -2839.1829 3448.0970
v 2935.0000 -2871.8470 3315.4329
v 2935.0000 -2873.7500 3325.0000
v 2935.0000 -2871.8470 3334.5671
v 2935.0000 -2871.8470 3415.4329
v 2935.0000 -2873.7500 3425.0000
v 2935.0000 -2871.8470 3434.5671
v 2935.0000 -2866.4277 3307.3223
v 2935.0000 -2866.4277 3342.6777
v 2935.0000 -2866.4277 3407.3223
v 2935.0000 -2866.4277 3442.6777
v 2935.0000 -2858.3171 3301.9030
v 2935.0000 -2858.3171 3348.0970
v 2935.0000 -2848.7500 3300.0000
v 2935.0000 -2848.7500 3350.0000
v 2935.0000 -2858.3171 3401.9030
v 2935.0000 -2858.3171 3448.0970
v 2935.0000 -2848.7500 3400.0000
v 2935.0000 -2848.7500 3450.0000
v 2935.0000 -2839.1829 3301.9030
v 2935.0000 -2839.1829 3348.0970
v 2935.0000 -2839.1829 3401.9030
v 2935.0000 -2839.1829 3448.0970
v 2871.8470 -2875.0000 3315.4329
v 2873.7500 -2875.0000 3325.0000
v 2871.8470 -2875.0000 3334.5671
v 2875.0000 -2871.8470 3315.4329
v 2875.0000 -2873.7500 3325.0000
v 2875.0000 -2871.8470 3334.5671
v 2871.8470 -2875.0000 3415.4329
v 2873.7500 -2875.0000 3425.0000
v 2871.8470 -2875.0000 3434.5671
v 2875.0000 -2871.8470 3415.4329
v 2875.0000 -2873.7500 3425.0000
v 2875.0000 -2871.8470 3434.5671
v 2866.4277 -2875.0000 3307.3223
v 2866.4277 -2875.0000 3342.6777
v 2866.4277 -2875.0000 3407.3223
v 2866.4277 -2875.0000 3442.6777
v 2875.0000 -2866.4277 3307.3223
v 2875.0000 -2866.4277 3342.6777
v 2875.0000 -2866.4277 3407.3223
v 2875.0000 -2866.4277 3442.6777
v 2858.3171 -2875.0000 3301.9030
v 2858.3171 -2875.0000 3348.0970
v 2848.7500 -2875.0000 3300.0000
v 2848.7500 -2875.0000 3325.0000
v 2848.7500 -2875.0000 3350.0000
v 2858.3171 -2875.0000 3401.9030
v 2858.3171 -2875.0000 3448.0970
v 2848.7500 -2875.0000 3400.0000
v 2848.7500 -2875.0000 3425.0000
v 2848.7500 -2875.0000 3450.0000
v 2839.1829 -2875.0000 3301.9030
v 2839.1829 -2875.0000 3348.0970
v 2839.1829 -2875.0000 3401.9030
v 2839.1829 -2875.0000 3448.0970
v 2875.0000 -2858.3171 3301.9030
v 2875.0000 -2858.3171 3348.0970
v 2875.0000 -2848.7500 3300.0000
v 2875.0000 -2848.7500 3325.0000
v 2875.0000 -2848.7500 3350.0000
v 2875.0000 -2858.3171 3401.9030
v 2875.0000 -2858.3171 3448.0970
v 2875.0000 -2848.7500 3400.0000
v 2875.0000 -2848.7500 3425.0000
v 2875.0000 -2848.7500 3450.0000
v 2875.0000 -2839.1829 3301.9030
v 2875.0000 -2839.1829 3348.0970
v 2875.0000 -2839.1829 3401.9030
v 2875.0000 -2839.1829 3448.0970
v 2780.0000 -3000.0000 150.0000
v 2831.0723 -3000.0000 3307.3223
v 2831.0723 -3000.0000 3342.6777
v 2831.0723 -3000.0000 3407.3223
v 2831.0723 -3000.0000 3442.6777
v 2825.6530 -3000.0000 3315.4329
v 2825.6530 -3000.0000 3334.5671
v 2823.7500 -3000.0000 3325.0000
v 2825.6530 -3000.0000 3415.4329
v 2825.6530 -3000.0000 3434.5671
v 2823.7500 -3000.0000 3425.0000
v 2831.0723 -2965.0000 3307.3223
v 2831.0723 -2965.0000 3342.6777
v 2831.0723 -2965.0000 3407.3223
v 2831.0723 -2965.0000 3442.6777
v 2825.6530 -2965.0000 3315.4329
v 2825.6530 -2965.0000 3334.5671
v 2823.7500 -2965.0000 3325.0000
v 2825.6530 -2965.0000 3415.4329
v 2825.6530 -2965.0000 3434.5671
v 2823.7500 -2965.0000 3425.0000
v 2780.0000 -3000.0000 2770.0000
v 2780.0000 -3000.0000 3500.0000
v 2780.0000 -2965.0000 3500.0000
v 2831.0723 -2935.0000 3307.3223
v 2831.0723 -2935.0000 3342.6777
v 2831.0723 -2935.0000 3407.3223
v 2831.0723 -2935.0000 3442.6777
v 2825.6530 -2935.0000 3315.4329
v 2825.6530 -2935.0000 3334.5671
v 2823.7500 -2935.0000 3325.0000
v 2825.6530 -2935.0000 3415.4329
v 2825.6530 -2935.0000 3434.5671
v 2823.7500 -2935.0000 3425.0000
v 2780.0000 -2935.0000 3500.0000
v 2742.9373 -2965.0000 3250.0000
v 2749.2350 -2965.0000 3292.4805
v 2677.0323 -3000.0000 2805.4500
v 2742.9373 -2950.9008 3250.0000
v 2742.9373 -2935.0000 3250.0000
v 2780.0000 -2880.0000 3500.0000
v 2831.0723 -2875.0000 3307.3223
v 2831.0723 -2875.0000 3342.6777
v 2831.0723 -2875.0000 3407.3223
v 2831.0723 -2875.0000 3442.6777
v 2825.6530 -2875.0000 3315.4329
v 2825.6530 -2875.0000 3334.5671
v 2823.7500 -2875.0000 3325.0000
v 2825.6530 -2875.0000 3415.4329
v 2825.6530 -2875.0000 3434.5671
v 2823.7500 -2875.0000 3425.0000
v 3000.0000 -2780.0000 150.0000
v 3000.0000 -2831.0723 3307.3223
v 3000.0000 -2831.0723 3342.6777
v 3000.0000 -2831.0723 3407.3223
v 3000.0000 -2831.0723 3442.6777
v 3000.0000 -2825.6530 3315.4329
v 3000.0000 -2825.6530 3334.5671
v 3000.0000 -2823.7500 3325.0000
v 3000.0000 -2825.6530 3415.4329
v 3000.0000 -2825.6530 3434.5671
v 3000.0000 -2823.7500 3425.0000
v 2965.0000 -2831.0723 3307.3223
v 2965.0000 -2831.0723 3342.6777
v 2965.0000 -2831.0723 3407.3223
v 2965.0000 -2831.0723 3442.6777
v 2965.0000 -2825.6530 3315.4329
v 2965.0000 -2825.6530 3334.5671
v 2965.0000 -2823.7500 3325.0000
v 2965.0000 -2825.6530 3415.4329
v 2965.0000 -2825.6530 3434.5671
v 2965.0000 -2823.7500 3425.0000
v 2935.0000 -2831.0723 3307.3223
v 2935.0000 -2831.0723 3342.6777
v 2935.0000 -2831.0723 3407.3223
v 2935.0000 -2831.0723 3442.6777
v 2935.0000 -2825.6530 3315.4329
v 2935.0000 -2825.6530 3334.5671
v 2935.0000 -2823.7500 3325.0000
v 2935.0000 -2825.6530 3415.4329
v 2935.0000 -2825.6530 3434.5671
v 2935.0000 -2823.7500 3425.0000
v 3000.0000 -2780.0000 2770.0000
v 3000.0000 -2780.0000 3500.0000
v 2965.0000 -2780.0000 3500.0000
v 2965.0000 -2769.6507 3430.1904
v 2935.0000 -2780.0000 3500.0000
v 2875.0000 -2831.0723 3307.3223
v 2875.0000 -2831.0723 3342.6777
v 2875.0000 -2831.0723 3407.3223
v 2875.0000 -2831.0723 3442.6777
v 2875.0000 -2825.6530 3315.4329
v 2875.0000 -2825.6530 3334.5671
v 2875.0000 -2823.7500 3325.0000
v 2875.0000 -2825.6530 3415.4329
v 2875.0000 -2825.6530 3434.5671
v 2875.0000 -2823.7500 3425.0000
v 2880.0000 -2780.0000 3500.0000
v 2965.0000 -2742.9373 3250.0000
v 2935.0000 -2742.9373 3250.0000
v 2935.0000 -2749.2350 3292.4805
v 3000.0000 -2677.0323 2805.4500
v 2780.0000 -2780.0000 150.0000
v 2780.0000 -2780.0000 2770.0000
v 2677.0323 -2809.7720 2805.4500
v 2809.7720 -2677.0323 2805.4500
f 304 305 505
f 304 505 607
f 304 607 556
f 304 556 587
f 304 317 308
f 304 309 305
f 304 308 309
f 304 397 317
f 305 311 307
f 306 307 310
f 305 309 311
f 307 311 310
f 306 314 312
f 306 312 307
f 307 312 313
f 312 316 313
f 306 310 314
f 312 314 315
f 312 315 316
f 314 321 315
f 323 321 322
f 305 526 505
f 305 307 526
f 307 313 526
f 313 329 326
f 313 330 329
f 313 334 330
f 313 340 334
f 313 316 528
f 313 326 526
f 326 328 327
f 326 329 328
f 327 328 333
f 327 333 332
f 332 333 339
f 332 339 336
f 526 325 331
f 526 326 325
f 336 339 341
f 336 341 338
f 313 527 340
f 338 341 345
f 338 345 344
f 304 411 397
f 304 413 411
f 304 419 413
f 304 557 419
f 304 561 557
f 304 587 588
f 304 588 561
f 399 318 317
f 402 319 320
f 391 392 317
f 392 393 317
f 391 317 397
f 393 398 317
f 398 399 317
f 394 395 318
f 394 318 399
f 395 396 318
f 396 400 318
f 400 416 318
f 407 423 319
f 423 425 319
f 401 319 402
f 401 407 319
f 402 320 405
f 405 320 406
f 406 320 410
f 589 320 318
f 410 320 428
f 428 320 430
f 440 324 323
f 441 323 445
f 445 323 447
f 435 436 323
f 436 437 323
f 435 323 441
f 437 442 323
f 442 443 323
f 438 439 323
f 439 440 323
f 438 323 443
f 440 444 324
f 444 450 324
f 392 402 393
f 391 401 392
f 393 403 398
f 394 404 395
f 395 405 396
f 396 406 400
f 398 412 399
f 399 412 415
f 391 397 407
f 397 411 423
f 398 408 412
f 394 399 409
f 400 410 416
f 399 415 427
f 425 431 319
f 392 401 402
f 393 402 403
f 391 407 401
f 395 404 405
f 396 405 406
f 394 409 404
f 402 404 403
f 402 405 404
f 403 404 409
f 430 320 434
f 398 403 408
f 397 423 407
f 408 424 412
f 400 406 410
f 399 427 409
f 410 428 416
f 403 409 408
f 408 409 427
f 408 427 424
f 412 414 415
f 414 417 415
f 416 588 318
f 412 424 414
f 411 413 425
f 416 428 418
f 415 417 429
f 414 420 417
f 417 420 421
f 414 426 420
f 413 419 431
f 418 430 422
f 417 421 433
f 431 603 319
f 411 425 423
f 414 424 426
f 415 429 427
f 418 428 430
f 424 427 429
f 424 429 426
f 434 320 589
f 413 431 425
f 420 426 432
f 417 433 429
f 422 430 434
f 426 429 433
f 426 433 432
f 603 322 319
f 603 323 322
f 447 323 453
f 442 446 443
f 443 446 449
f 453 323 604
f 446 448 449
f 448 451 449
f 450 591 324
f 448 454 451
f 451 454 455
f 436 461 437
f 435 460 436
f 437 462 442
f 438 466 439
f 439 467 440
f 440 468 444
f 435 441 473
f 441 445 491
f 442 474 446
f 438 443 475
f 444 476 450
f 443 449 496
f 436 460 461
f 437 461 462
f 435 473 460
f 439 466 467
f 440 467 468
f 438 475 466
f 442 462 474
f 441 491 473
f 446 474 492
f 444 468 476
f 443 496 475
f 450 476 497
f 545 324 591
f 446 492 448
f 445 447 493
f 450 497 452
f 449 451 498
f 448 495 454
f 447 453 501
f 452 500 456
f 451 455 503
f 445 493 491
f 448 492 495
f 449 498 496
f 452 497 500
f 447 501 493
f 454 495 502
f 451 503 498
f 456 500 504
f 460 494 461
f 461 494 462
f 460 473 494
f 462 494 474
f 466 499 467
f 467 499 468
f 466 475 499
f 468 499 476
f 473 491 494
f 474 494 492
f 491 493 494
f 492 494 495
f 475 496 499
f 476 499 497
f 496 498 499
f 497 499 500
f 493 501 494
f 494 502 495
f 494 501 592
f 494 593 502
f 498 503 499
f 499 504 500
f 499 503 594
f 499 595 504
f 505 608 607
f 505 526 608
f 526 331 335
f 526 335 337
f 526 337 343
f 344 345 508
f 344 508 507
f 507 508 513
f 527 342 340
f 507 513 511
f 511 513 512
f 527 346 342
f 313 528 527
f 526 343 506
f 526 506 510
f 526 510 512
f 526 512 513
f 526 513 515
f 527 509 346
f 527 514 509
f 527 515 514
f 526 515 527
f 526 527 542
f 527 528 542
f 542 528 541
f 542 541 540
f 542 540 543
f 542 543 544
f 542 544 545
f 526 542 609
f 545 539 324
f 545 544 539
f 542 545 609
f 526 609 608
f 556 607 608
f 556 608 587
f 420 558 421
f 421 558 559
f 558 562 559
f 416 418 588
f 419 557 567
f 420 432 558
f 558 568 562
f 422 434 560
f 421 559 569
f 560 570 565
f 588 589 318
f 559 562 564
f 562 563 564
f 563 566 564
f 418 422 588
f 557 561 571
f 562 572 563
f 561 563 573
f 559 564 574
f 565 575 566
f 564 566 576
f 419 567 431
f 432 568 558
f 557 571 567
f 421 569 433
f 434 570 560
f 559 574 569
f 562 568 572
f 561 573 571
f 563 572 573
f 565 570 575
f 564 576 574
f 566 575 576
f 561 588 563
f 422 560 588
f 563 588 566
f 560 565 588
f 565 566 588
f 431 567 603
f 432 433 590
f 432 590 568
f 433 569 590
f 434 589 570
f 569 574 590
f 574 576 589
f 570 589 575
f 575 589 576
f 567 571 603
f 568 603 572
f 450 452 591
f 452 456 591
f 603 604 323
f 453 604 577
f 454 605 455
f 456 580 591
f 580 585 591
f 585 586 591
f 454 578 605
f 455 605 579
f 577 605 581
f 578 582 605
f 581 605 583
f 582 583 605
f 579 605 584
f 584 605 586
f 571 573 603
f 572 603 573
f 574 589 590
f 568 590 603
f 588 590 589
f 588 603 590
f 586 605 591
f 577 604 605
f 453 577 592
f 454 502 578
f 578 593 582
f 456 504 580
f 455 579 594
f 580 595 585
f 577 581 596
f 582 597 583
f 581 583 598
f 579 584 599
f 585 600 586
f 584 586 601
f 453 592 501
f 502 593 578
f 577 596 592
f 455 594 503
f 504 595 580
f 579 599 594
f 582 593 597
f 581 598 596
f 583 597 598
f 585 595 600
f 584 601 599
f 586 600 601
f 494 592 596
f 494 597 593
f 494 596 598
f 494 598 597
f 499 594 599
f 499 600 595
f 499 599 601
f 499 601 600
f 545 591 602
f 591 605 602
f 587 606 588
f 588 606 603
f 603 606 604
f 587 608 606
f 604 610 605
f 602 605 610
f 604 606 610
f 606 608 610
f 545 602 609
f 602 610 609
f 608 609 610
f 309 308 310
f 309 310 311
f 321 308 317
f 321 310 308
f 320 317 318
f 319 321 317
f 320 319 317
f 310 321 314
f 321 319 322
f 348 316 315
f 353 315 357
f 359 357 315
f 347 348 315
f 353 347 315
f 348 351 316
f 351 352 316
f 352 356 316
f 356 362 316
f 348 325 326
f 349 326 327
f 347 331 325
f 351 328 329
f 352 329 330
f 350 333 328
f 354 327 332
f 353 335 331
f 358 332 336
f 356 330 334
f 355 339 333
f 362 334 340
f 357 337 335
f 360 336 338
f 361 341 339
f 364 340 342
f 359 343 337
f 366 338 344
f 363 345 341
f 368 342 346
f 359 315 365
f 348 326 349
f 347 325 348
f 349 327 354
f 350 328 351
f 351 329 352
f 352 330 356
f 353 331 347
f 353 357 335
f 354 332 358
f 355 333 350
f 356 334 362
f 361 339 355
f 348 349 351
f 349 350 351
f 349 354 350
f 354 355 350
f 354 358 355
f 358 361 355
f 365 315 540
f 358 336 360
f 359 337 357
f 362 340 364
f 361 363 341
f 360 338 366
f 359 365 343
f 364 342 368
f 363 367 345
f 358 360 361
f 360 363 361
f 362 528 316
f 360 366 363
f 366 367 363
f 373 323 324
f 375 379 323
f 381 323 379
f 370 323 373
f 369 323 370
f 375 323 369
f 373 324 374
f 374 324 378
f 378 324 384
f 384 324 386
f 321 543 315
f 321 323 543
f 381 387 323
f 370 372 371
f 370 373 372
f 371 372 377
f 386 324 390
f 371 377 376
f 376 377 383
f 376 383 380
f 387 544 323
f 380 383 385
f 380 385 382
f 390 324 539
f 382 385 389
f 382 389 388
f 369 370 458
f 370 371 459
f 375 369 457
f 372 373 464
f 373 374 465
f 377 372 463
f 371 376 470
f 375 469 379
f 376 380 478
f 374 378 472
f 383 377 471
f 378 384 483
f 381 379 477
f 380 382 481
f 383 482 385
f 384 386 486
f 381 479 387
f 382 388 488
f 385 484 389
f 386 390 490
f 370 459 458
f 369 458 457
f 371 470 459
f 372 464 463
f 373 465 464
f 374 472 465
f 375 457 469
f 379 469 477
f 376 478 470
f 377 463 471
f 378 483 472
f 383 471 482
f 380 481 478
f 381 477 479
f 384 486 483
f 385 482 484
f 382 488 481
f 387 479 487
f 386 490 486
f 389 484 489
f 457 458 480
f 458 459 480
f 469 457 480
f 459 470 480
f 463 464 485
f 464 465 485
f 471 463 485
f 465 472 485
f 469 480 477
f 480 470 478
f 479 477 480
f 480 478 481
f 482 471 485
f 485 472 483
f 482 485 484
f 485 483 486
f 479 480 487
f 480 481 488
f 487 480 546
f 480 488 547
f 484 485 489
f 485 486 490
f 489 485 548
f 485 490 549
f 365 506 343
f 517 344 507
f 516 510 506
f 367 508 345
f 519 346 509
f 518 513 508
f 521 507 511
f 520 512 510
f 522 511 512
f 524 509 514
f 523 515 513
f 525 514 515
f 365 516 506
f 366 344 517
f 521 517 507
f 368 346 519
f 367 518 508
f 524 519 509
f 516 520 510
f 522 521 511
f 520 522 512
f 518 523 513
f 525 524 514
f 523 525 515
f 362 364 528
f 364 368 528
f 365 540 516
f 540 315 543
f 366 541 367
f 368 519 528
f 524 528 519
f 525 528 524
f 366 517 541
f 367 541 518
f 516 541 520
f 521 541 517
f 520 541 522
f 522 541 521
f 518 541 523
f 523 541 525
f 525 541 528
f 516 540 541
f 543 323 544
f 388 389 531
f 388 531 536
f 387 529 544
f 534 530 539
f 535 534 539
f 388 539 530
f 388 536 539
f 390 539 532
f 536 538 539
f 537 532 539
f 538 537 539
f 529 533 544
f 533 535 544
f 535 539 544
f 387 487 529
f 388 530 547
f 529 546 533
f 389 489 531
f 390 532 549
f 531 548 536
f 534 551 530
f 533 550 535
f 535 552 534
f 537 554 532
f 536 553 538
f 538 555 537
f 529 487 546
f 388 547 488
f 530 551 547
f 390 549 490
f 531 489 548
f 532 554 549
f 533 546 550
f 534 552 551
f 535 550 552
f 536 548 553
f 537 555 554
f 538 553 555
f 546 480 550
f 480 547 551
f 550 480 552
f 480 551 552
f 548 485 553
f 485 549 554
f 553 485 555
f 485 554 555

o column_2
usemtl mat_b8bdc238
v 3000.0000 3000.0000 150.0000
v 3000.0000 3000.0000 3500.0000
v 3000.0000 2965.0000 3250.0000
v 3000.0000 2965.0000 3500.0000
v 2965.0000 3000.0000 3250.0000
v 2965.0000 3000.0000 3500.0000
v 2965.0000 2965.0000 3250.0000
v 2965.0000 2965.0000 3500.0000
v 3000.0000 2935.0000 3250.0000
v 3000.0000 2935.0000 3500.0000
v 2965.0000 2935.0000 3250.0000
v 2965.0000 2935.0000 3500.0000
v 2935.0000 3000.0000 3250.0000
v 2935.0000 3000.0000 3500.0000
v 2935.0000 2965.0000 3250.0000
v 2935.0000 2965.0000 3500.0000
v 2935.0000 2935.0000 3250.0000
v 2935.0000 2935.0000 3500.0000
v 3000.0000 2871.8470 3315.4329
v 3000.0000 2873.7500 3325.0000
v 3000.0000 2871.8470 3334.5671
v 3000.0000 2871.8470 3415.4329
v 3000.0000 2873.7500 3425.0000
v 3000.0000 2871.8470 3434.5671
v 3000.0000 2866.4277 3307.3223
v 3000.0000 2866.4277 3342.6777
v 3000.0000 2866.4277 3407.3223
v 3000.0000 2866.4277 3442.6777
v 3000.0000 2858.3171 3301.9030
v 3000.0000 2858.3171 3348.0970
v 3000.0000 2848.7500 3300.0000
v 3000.0000 2848.7500 3350.0000
v 3000.0000 2858.3171 3401.9030
v 3000.0000 2858.3171 3448.0970
v 3000.0000 2848.7500 3400.0000
v 3000.0000 2848.7500 3450.0000
v 3000.0000 2839.1829 3301.9030
v 3000.0000 2839.1829 3348.0970
v 3000.0000 2839.1829 3401.9030
v 3000.0000 2839.1829 3448.0970
v 2965.0000 2871.8470 3315.4329
v 2965.0000 2873.7500 3325.0000
v 2965.0000 2871.8470 3334.5671
v 2965.0000 2871.8470 3415.4329
v 2965.0000 2873.7500 3425.0000
v 2965.0000 2871.8470 3434.5671
v 2965.0000 2866.4277 3307.3223
v 2965.0000 2866.4277 3342.6777
v 2965.0000 2866.4277 3407.3223
v 2965.0000 2866.4277 3442.6777
v 2965.0000 2858.3171 3301.9030
v 2965.0000 2858.3171 3348.0970
v 2965.0000 2848.7500 3300.0000
v 2965.0000 2848.7500 3350.0000
v 2965.0000 2858.3171 3401.9030
v 2965.0000 2858.3171 3448.0970
v 2965.0000 2848.7500 3400.0000
v 2965.0000 2848.7500 3450.0000
v 2965.0000 2839.1829 3301.9030
v 2965.0000 2839.1829 3348.0970
v 2965.0000 2839.1829 3401.9030
v 2965.0000 2839.1829 3448.0970
v 2935.0000 2871.8470 3315.4329
v 2935.0000 2873.7500 3325.0000
v 2935.0000 2871.8470 3334.5671
v 2935.0000 2871.8470 3415.4329
v 2935.0000 2873.7500 3425.0000
v 2935.0000 2871.8470 3434.5671
v 2935.0000 2866.4277 3307.3223
v 2935.0000 2866.4277 3342.6777
v 2935.0000 2866.4277 3407.3223
v 2935.0000 2866.4277 3442.6777
v 2935.0000 2858.3171 3301.9030
v 2935.0000 2858.3171 3348.0970
v 2935.0000 2848.7500 3300.0000
v 2935.0000 2848.7500 3350.0000
v 2935.0000 2858.3171 3401.9030
v 2935.0000 2858.3171 3448.0970
v 2935.0000 2848.7500 3400.0000
v 2935.0000 2848.7500 3450.0000
v 2935.0000 2839.1829 3301.9030
v 2935.0000 2839.1829 3348.0970
v 2935.0000 2839.1829 3401.9030
v 2935.0000 2839.1829 3448.0970
v 2871.8470 3000.0000 3315.4329
v 2873.7500 3000.0000 3325.0000
v 2871.8470 3000.0000 3334.5671
v 2871.8470 3000.0000 3415.4329
v 2873.7500 3000.0000 3425.0000
v 2871.8470 3000.0000 3434.5671
v 2866.4277 3000.0000 3307.3223
v 2866.4277 3000.0000 3342.6777
v 2866.4277 3000.0000 3407.3223
v 2866.4277 3000.0000 3442.6777
v 2871.8470 2965.0000 3315.4329
v 2873.7500 2965.0000 3325.0000
v 2871.8470 2965.0000 3334.5671
v 2871.8470 2965.0000 3415.4329
v 2873.7500 2965.0000 3425.0000
v 2871.8470 2965.0000 3434.5671
v 2866.4277 2965.0000 3307.3223
v 2866.4277 2965.0000 3342.6777
v 2866.4277 2965.0000 3407.3223
v 2866.4277 2965.0000 3442.6777
v 2858.3171 3000.0000 3301.9030
v 2858.3171 3000.0000 3348.0970
v 2848.7500 3000.0000 3300.0000
v 2848.7500 3000.0000 3350.0000
v 2858.3171 3000.0000 3401.9030
v 2858.3171 3000.0000 3448.0970
v 2848.7500 3000.0000 3400.0000
v 2848.7500 3000.0000 3450.0000
v 2839.1829 3000.0000 3301.9030
v 2839.1829 3000.0000 3348.0970
v 2839.1829 3000.0000 3401.9030
v 2839.1829 3000.0000 3448.0970
v 2858.3171 2965.0000 3301.9030
v 2858.3171 2965.0000 3348.0970
v 2848.7500 2965.0000 3300.0000
v 2848.7500 2965.0000 3350.0000
v 2858.3171 2965.0000 3401.9030
v 2858.3171 2965.0000 3448.0970
v 2848.7500 2965.0000 3400.0000
v 2848.7500 2965.0000 3450.0000
v 2839.1829 2965.0000 3301.9030
v 2839.1829 2965.0000 3348.0970
v 2839.1829 2965.0000 3401.9030
v 2839.1829 2965.0000 3448.0970
v 2871.8470 2935.0000 3315.4329
v 2873.7500 2935.0000 3325.0000
v 2871.8470 2935.0000 3334.5671
v 2871.8470 2935.0000 3415.4329
v 2873.7500 2935.0000 3425.0000
v 2871.8470 2935.0000 3434.5671
v 2866.4277 2935.0000 3307.3223
v 2866.4277 2935.0000 3342.6777
v 2866.4277 2935.0000 3407.3223
v 2866.4277 2935.0000 3442.6777
v 2858.3171 2935.0000 3301.9030
v 2858.3171 2935.0000 3348.0970
v 2848.7500 2935.0000 3300.0000
v 2848.7500 2935.0000 3350.0000
v 2858.3171 2935.0000 3401.9030
v 2858.3171 2935.0000 3448.0970
v 2848.7500 2935.0000 3400.0000
v 2848.7500 2935.0000 3450.0000
v 2839.1829 2935.0000 3301.9030
v 2839.1829 2935.0000 3348.0970
v 2839.1829 2935.0000 3401.9030
v 2839.1829 2935.0000 3448.0970
v 2875.0000 2871.8470 3315.4329
v 2875.0000 2873.7500 3325.0000
v 2875.0000 2871.8470 3334.5671
v 2871.8470 2875.0000 3315.4329
v 2873.7500 2875.0000 3325.0000
v 2871.8470 2875.0000 3334.5671
v 2875.0000 2871.8470 3415.4329
v 2875.0000 2873.7500 3425.0000
v 2875.0000 2871.8470 3434.5671
v 2871.8470 2875.0000 3415.4329
v 2873.7500 2875.0000 3425.0000
v 2871.8470 2875.0000 3434.5671
v 2875.0000 2866.4277 3307.3223
v 2875.0000 2866.4277 3342.6777
v 2875.0000 2866.4277 3407.3223
v 2875.0000 2866.4277 3442.6777
v 2866.4277 2875.0000 3307.3223
v 2866.4277 2875.0000 3342.6777
v 2866.4277 2875.0000 3407.3223
v 2866.4277 2875.0000 3442.6777
v 2875.0000 2858.3171 3301.9030
v 2875.0000 2858.3171 3348.0970
v 2875.0000 2848.7500 3300.0000
v 2875.0000 2848.7500 3325.0000
v 2875.0000 2848.7500 3350.0000
v 2875.0000 2858.3171 3401.9030
v 2875.0000 2858.3171 3448.0970
v 2875.0000 2848.7500 3400.0000
v 2875.0000 2848.7500 3425.0000
v 2875.0000 2848.7500 3450.0000
v 2875.0000 2839.1829 3301.9030
v 2875.0000 2839.1829 3348.0970
v 2875.0000 2839.1829 3401.9030
v 2875.0000 2839.1829 3448.0970
v 2858.3171 2875.0000 3301.9030
v 2858.3171 2875.0000 3348.0970
v 2848.7500 2875.0000 3300.0000
v 2848.7500 2875.0000 3325.0000
v 2848.7500 2875.0000 3350.0000
v 2858.3171 2875.0000 3401.9030
v 2858.3171 2875.0000 3448.0970
v 2848.7500 2875.0000 3400.0000
v 2848.7500 2875.0000 3425.0000
v 2848.7500 2875.0000 3450.0000
v 2839.1829 2875.0000 3301.9030
v 2839.1829 2875.0000 3348.0970
v 2839.1829 2875.0000 3401.9030
v 2839.1829 2875.0000 3448.0970
v 3000.0000 2780.0000 150.0000
v 3000.0000 2831.0723 3307.3223
v 3000.0000 2831.0723 3342.6777
v 3000.0000 2831.0723 3407.3223
v 3000.0000 2831.0723 3442.6777
v 3000.0000 2825.6530 3315.4329
v 3000.0000 2825.6530 3334.5671
v 3000.0000 2823.7500 3325.0000
v 3000.0000 2825.6530 3415.4329
v 3000.0000 2825.6530 3434.5671
v 3000.0000 2823.7500 3425.0000
v 2965.0000 2831.0723 3307.3223
v 2965.0000 2831.0723 3342.6777
v 2965.0000 2831.0723 3407.3223
v 2965.0000 2831.0723 3442.6777
v 2965.0000 2825.6530 3315.4329
v 2965.0000 2825.6530 3334.5671
v 2965.0000 2823.7500 3325.0000
v 2965.0000 2825.6530 3415.4329
v 2965.0000 2825.6530 3434.5671
v 2965.0000 2823.7500 3425.0000
v 3000.0000 2780.0000 2770.0000
v 3000.0000 2780.0000 3500.0000
v 2965.0000 2780.0000 3500.0000
v 2935.0000 2831.0723 3307.3223
v 2935.0000 2831.0723 3342.6777
v 2935.0000 2831.0723 3407.3223
v 2935.0000 2831.0723 3442.6777
v 2935.0000 2825.6530 3315.4329
v 2935.0000 2825.6530 3334.5671
v 2935.0000 2823.7500 3325.0000
v 2935.0000 2825.6530 3415.4329
v 2935.0000 2825.6530 3434.5671
v 2935.0000 2823.7500 3425.0000
v 2935.0000 2780.0000 3500.0000
v 2965.0000 2742.9373 3250.0000
v 2965.0000 2749.2350 3292.4805
v 3000.0000 2677.0323 2805.4500
v 2935.0000 2742.9373 3250.0000
v 2880.0000 2780.0000 3500.0000
v 2875.0000 2831.0723 3307.3223
v 2875.0000 2831.0723 3342.6777
v 2875.0000 2831.0723 3407.3223
v 2875.0000 2831.0723 3442.6777
v 2875.0000 2825.6530 3315.4329
v 2875.0000 2825.6530 3334.5671
v 2875.0000 2823.7500 3325.0000
v 2875.0000 2825.6530 3415.4329
v 2875.0000 2825.6530 3434.5671
v 2875.0000 2823.7500 3425.0000
v 2780.0000 3000.0000 150.0000
v 2831.0723 3000.0000 3307.3223
v 2831.0723 3000.0000 3342.6777
v 2831.0723 3000.0000 3407.3223
v 2831.0723 3000.0000 3442.6777
v 2825.6530 3000.0000 3315.4329
v 2825.6530 3000.0000 3334.5671
v 2823.7500 3000.0000 3325.0000
v 2825.6530 3000.0000 3415.4329
v 2825.6530 3000.0000 3434.5671
v 2823.7500 3000.0000 3425.0000
v 2831.0723 2965.0000 3307.3223
v 2831.0723 2965.0000 3342.6777
v 2831.0723 2965.0000 3407.3223
v 2831.0723 2965.0000 3442.6777
v 2825.6530 2965.0000 3315.4329
v 2825.6530 2965.0000 3334.5671
v 2823.7500 2965.0000 3325.0000
v 2825.6530 2965.0000 3415.4329
v 2825.6530 2965.0000 3434.5671
v 2823.7500 2965.0000 3425.0000
v 2831.0723 2935.0000 3307.3223
v 2831.0723 2935.0000 3342.6777
v 2831.0723 2935.0000 3407.3223
v 2831.0723 2935.0000 3442.6777
v 2825.6530 2935.0000 3315.4329
v 2825.6530 2935.0000 3334.5671
v 2823.7500 2935.0000 3325.0000
v 2825.6530 2935.0000 3415.4329
v 2825.6530 2935.0000 3434.5671
v 2823.7500 2935.0000 3425.0000
v 2780.0000 3000.0000 2770.0000
v 2780.0000 3000.0000 3500.0000
v 2780.0000 2965.0000 3500.0000
v 2769.6507 2965.0000 3430.1904
v 2780.0000 2935.0000 3500.0000
v 2831.0723 2875.0000 3307.3223
v 2831.0723 2875.0000 3342.6777
v 2831.0723 2875.0000 3407.3223
v 2831.0723 2875.0000 3442.6777
v 2825.6530 2875.0000 3315.4329
v 2825.6530 2875.0000 3334.5671
v 2823.7500 2875.0000 3325.0000
v 2825.6530 2875.0000 3415.4329
v 2825.6530 2875.0000 3434.5671
v 2823.7500 2875.0000 3425.0000
v 2780.0000 2880.0000 3500.0000
v 2742.9373 2965.0000 3250.0000
v 2742.9373 2935.0000 3250.0000
v 2749.2350 2935.0000 3292.4805
v 2677.0323 3000.0000 2805.4500
v 2780.0000 2780.0000 150.0000
v 2780.0000 2780.0000 2770.0000
v 2809.7720 2677.0323 2805.4500
v 2677.0323 2809.7720 2805.4500
f 611 612 809
f 611 809 910
f 611 910 859
f 611 859 890
f 611 623 615
f 611 616 612
f 611 615 616
f 611 701 623
f 612 614 613
f 612 618 614
f 613 614 617
f 612 616 618
f 614 618 617
f 613 621 619
f 619 622 620
f 613 617 621
f 619 621 622
f 612 613 809
f 613 830 809
f 613 619 830
f 619 620 830
f 620 633 630
f 620 634 633
f 620 638 634
f 620 644 638
f 620 622 832
f 620 630 830
f 630 632 631
f 630 633 632
f 631 632 637
f 631 637 636
f 636 637 643
f 636 643 640
f 830 629 635
f 830 630 629
f 640 643 645
f 640 645 642
f 620 831 644
f 642 645 649
f 642 649 648
f 611 715 701
f 611 717 715
f 611 723 717
f 611 860 723
f 611 864 860
f 611 890 891
f 611 891 864
f 703 624 623
f 706 625 626
f 695 696 623
f 696 697 623
f 695 623 701
f 697 702 623
f 702 703 623
f 698 699 624
f 698 624 703
f 699 700 624
f 700 704 624
f 704 720 624
f 711 727 625
f 727 729 625
f 705 625 706
f 705 711 625
f 706 626 709
f 709 626 710
f 710 626 714
f 892 626 624
f 714 626 732
f 732 626 734
f 744 628 627
f 745 627 749
f 749 627 751
f 739 740 627
f 740 741 627
f 739 627 745
f 741 746 627
f 746 747 627
f 742 743 627
f 743 744 627
f 742 627 747
f 744 748 628
f 748 754 628
f 696 706 697
f 695 705 696
f 697 707 702
f 698 708 699
f 699 709 700
f 700 710 704
f 702 716 703
f 703 716 719
f 695 701 711
f 701 715 727
f 702 712 716
f 698 703 713
f 704 714 720
f 703 719 731
f 729 735 625
f 696 705 706
f 697 706 707
f 695 711 705
f 699 708 709
f 700 709 710
f 698 713 708
f 706 708 707
f 706 709 708
f 707 708 713
f 734 626 738
f 702 707 712
f 701 727 711
f 712 728 716
f 704 710 714
f 703 731 713
f 714 732 720
f 707 713 712
f 712 713 731
f 712 731 728
f 716 718 719
f 718 721 719
f 720 891 624
f 716 728 718
f 715 717 729
f 720 732 722
f 719 721 733
f 718 724 721
f 721 724 725
f 718 730 724
f 717 723 735
f 722 734 726
f 721 725 737
f 735 906 625
f 715 729 727
f 718 728 730
f 719 733 731
f 722 732 734
f 728 731 733
f 728 733 730
f 738 626 892
f 717 735 729
f 724 730 736
f 721 737 733
f 726 734 738
f 730 733 737
f 730 737 736
f 907 627 625
f 751 627 757
f 746 750 747
f 747 750 753
f 757 627 907
f 750 752 753
f 752 755 753
f 754 894 628
f 752 758 755
f 755 758 759
f 740 765 741
f 739 764 740
f 741 766 746
f 742 770 743
f 743 771 744
f 744 772 748
f 739 745 777
f 745 749 795
f 746 778 750
f 742 747 779
f 748 780 754
f 747 753 800
f 740 764 765
f 741 765 766
f 739 777 764
f 743 770 771
f 744 771 772
f 742 779 770
f 746 766 778
f 745 795 777
f 750 778 796
f 748 772 780
f 747 800 779
f 754 780 801
f 848 628 894
f 750 796 752
f 749 751 797
f 754 801 756
f 753 755 802
f 752 799 758
f 751 757 805
f 756 804 760
f 755 759 807
f 749 797 795
f 752 796 799
f 753 802 800
f 756 801 804
f 751 805 797
f 758 799 806
f 755 807 802
f 760 804 808
f 764 798 765
f 765 798 766
f 764 777 798
f 766 798 778
f 770 803 771
f 771 803 772
f 770 779 803
f 772 803 780
f 777 795 798
f 778 798 796
f 795 797 798
f 796 798 799
f 779 800 803
f 780 803 801
f 800 802 803
f 801 803 804
f 797 805 798
f 798 806 799
f 798 805 895
f 798 896 806
f 802 807 803
f 803 808 804
f 803 807 897
f 803 898 808
f 809 911 910
f 809 830 911
f 830 635 639
f 830 639 641
f 830 641 647
f 648 649 812
f 648 812 811
f 811 812 817
f 831 646 644
f 811 817 815
f 815 817 816
f 831 650 646
f 620 832 831
f 830 647 810
f 830 810 814
f 830 814 816
f 830 816 817
f 830 817 819
f 831 813 650
f 831 818 813
f 831 819 818
f 830 819 831
f 830 831 846
f 831 832 846
f 846 832 845
f 846 845 844
f 846 844 847
f 846 847 848
f 830 846 912
f 848 843 628
f 848 847 843
f 846 848 912
f 830 912 911
f 859 910 911
f 859 911 890
f 724 861 725
f 725 861 862
f 861 865 862
f 720 722 891
f 723 860 870
f 724 736 861
f 861 871 865
f 726 738 863
f 725 862 872
f 863 873 868
f 891 892 624
f 862 865 867
f 865 866 867
f 866 869 867
f 722 726 891
f 860 864 874
f 865 875 866
f 864 866 876
f 862 867 877
f 868 878 869
f 867 869 879
f 723 870 735
f 736 871 861
f 860 874 870
f 725 872 737
f 738 873 863
f 862 877 872
f 865 871 875
f 864 876 874
f 866 875 876
f 868 873 878
f 867 879 877
f 869 878 879
f 864 891 866
f 726 863 891
f 866 891 869
f 863 868 891
f 868 869 891
f 735 870 906
f 736 737 893
f 736 893 871
f 737 872 893
f 738 892 873
f 872 877 893
f 877 879 892
f 873 892 878
f 878 892 879
f 870 874 906
f 871 906 875
f 754 756 894
f 756 760 894
f 906 907 625
f 757 907 880
f 758 908 759
f 760 883 894
f 883 888 894
f 888 889 894
f 758 881 908
f 759 908 882
f 880 908 884
f 881 885 908
f 884 908 886
f 885 886 908
f 882 908 887
f 887 908 889
f 874 876 906
f 875 906 876
f 877 892 893
f 871 893 906
f 891 893 892
f 891 906 893
f 889 908 894
f 880 907 908
f 757 880 895
f 758 806 881
f 881 896 885
f 760 808 883
f 759 882 897
f 883 898 888
f 880 884 899
f 885 900 886
f 884 886 901
f 882 887 902
f 888 903 889
f 887 889 904
f 757 895 805
f 806 896 881
f 880 899 895
f 759 897 807
f 808 898 883
f 882 902 897
f 885 896 900
f 884 901 899
f 886 900 901
f 888 898 903
f 887 904 902
f 889 903 904
f 798 895 899
f 798 900 896
f 798 899 901
f 798 901 900
f 803 897 902
f 803 903 898
f 803 902 904
f 803 904 903
f 848 894 905
f 894 908 905
f 890 909 891
f 891 909 906
f 906 909 907
f 890 911 909
f 907 913 908
f 905 908 913
f 907 909 913
f 909 911 913
f 848 905 912
f 905 913 912
f 911 912 913
f 616 615 617
f 616 617 618
f 615 623 617
f 623 625 617
f 626 623 624
f 626 625 623
f 627 617 625
f 652 622 621
f 657 621 661
f 663 661 621
f 651 652 621
f 657 651 621
f 652 655 622
f 655 656 622
f 656 660 622
f 660 666 622
f 652 629 630
f 653 630 631
f 651 635 629
f 655 632 633
f 656 633 634
f 654 637 632
f 658 631 636
f 657 639 635
f 662 636 640
f 660 634 638
f 659 643 637
f 666 638 644
f 661 641 639
f 664 640 642
f 665 645 643
f 668 644 646
f 663 647 641
f 670 642 648
f 667 649 645
f 672 646 650
f 663 621 669
f 652 630 653
f 651 629 652
f 653 631 658
f 654 632 655
f 655 633 656
f 656 634 660
f 657 635 651
f 657 661 639
f 658 636 662
f 659 637 654
f 660 638 666
f 665 643 659
f 652 653 655
f 653 654 655
f 653 658 654
f 658 659 654
f 658 662 659
f 662 665 659
f 669 621 844
f 662 640 664
f 663 641 661
f 666 644 668
f 665 667 645
f 664 642 670
f 663 669 647
f 668 646 672
f 667 671 649
f 662 664 665
f 664 667 665
f 666 832 622
f 664 670 667
f 670 671 667
f 617 847 621
f 617 627 847
f 677 627 628
f 679 683 627
f 685 627 683
f 674 627 677
f 673 627 674
f 679 627 673
f 677 628 678
f 678 628 682
f 682 628 688
f 688 628 690
f 685 691 627
f 674 676 675
f 674 677 676
f 675 676 681
f 690 628 694
f 675 681 680
f 680 681 687
f 680 687 684
f 691 847 627
f 684 687 689
f 684 689 686
f 694 628 843
f 686 689 693
f 686 693 692
f 673 674 762
f 674 675 763
f 679 673 761
f 676 677 768
f 677 678 769
f 681 676 767
f 675 680 774
f 679 773 683
f 680 684 782
f 678 682 776
f 687 681 775
f 682 688 787
f 685 683 781
f 684 686 785
f 687 786 689
f 688 690 790
f 685 783 691
f 686 692 792
f 689 788 693
f 690 694 794
f 674 763 762
f 673 762 761
f 675 774 763
f 676 768 767
f 677 769 768
f 678 776 769
f 679 761 773
f 683 773 781
f 680 782 774
f 681 767 775
f 682 787 776
f 687 775 786
f 684 785 782
f 685 781 783
f 688 790 787
f 689 786 788
f 686 792 785
f 691 783 791
f 690 794 790
f 693 788 793
f 761 762 784
f 762 763 784
f 773 761 784
f 763 774 784
f 767 768 789
f 768 769 789
f 775 767 789
f 769 776 789
f 773 784 781
f 784 774 782
f 783 781 784
f 784 782 785
f 786 775 789
f 789 776 787
f 786 789 788
f 789 787 790
f 783 784 791
f 784 785 792
f 791 784 849
f 784 792 850
f 788 789 793
f 789 790 794
f 793 789 851
f 789 794 852
f 669 810 647
f 821 648 811
f 820 814 810
f 671 812 649
f 823 650 813
f 822 817 812
f 825 811 815
f 824 816 814
f 826 815 816
f 828 813 818
f 827 819 817
f 829 818 819
f 669 820 810
f 670 648 821
f 825 821 811
f 672 650 823
f 671 822 812
f 828 823 813
f 820 824 814
f 826 825 815
f 824 826 816
f 822 827 817
f 829 828 818
f 827 829 819
f 666 668 832
f 668 672 832
f 669 844 820
f 670 845 671
f 672 823 832
f 828 832 823
f 829 832 828
f 670 821 845
f 671 845 822
f 820 845 824
f 825 845 821
f 824 845 826
f 826 845 825
f 822 845 827
f 827 845 829
f 829 845 832
f 820 844 845
f 621 847 844
f 692 693 835
f 692 835 840
f 691 833 847
f 838 834 843
f 839 838 843
f 692 843 834
f 692 840 843
f 694 843 836
f 840 842 843
f 841 836 843
f 842 841 843
f 833 837 847
f 837 839 847
f 839 843 847
f 691 791 833
f 692 834 850
f 833 849 837
f 693 793 835
f 694 836 852
f 835 851 840
f 838 854 834
f 837 853 839
f 839 855 838
f 841 857 836
f 840 856 842
f 842 858 841
f 833 791 849
f 692 850 792
f 834 854 850
f 694 852 794
f 835 793 851
f 836 857 852
f 837 849 853
f 838 855 854
f 839 853 855
f 840 851 856
f 841 858 857
f 842 856 858
f 849 784 853
f 784 850 854
f 853 784 855
f 784 854 855
f 851 789 856
f 789 852 857
f 856 789 858
f 789 857 858

o column_3
usemtl mat_b8bdc238
v -3000.0000 3000.0000 150.0000
v -3000.0000 3000.0000 3500.0000
v -2965.0000 3000.0000 3250.0000
v -2965.0000 3000.0000 3500.0000
v -3000.0000 2965.0000 3250.0000
v -3000.0000 2965.0000 3500.0000
v -2965.0000 2965.0000 3250.0000
v -2965.0000 2965.0000 3500.0000
v -2935.0000 3000.0000 3250.0000
v -2935.0000 3000.0000 3500.0000
v -2939.0846 2965.0000 3250.0000
v -2935.0000 2965.0000 3250.0000
v -2935.0000 2965.0000 3500.0000
v -3000.0000 2935.0000 3250.0000
v -3000.0000 2935.0000 3500.0000
v -2965.0000 2935.0000 3250.0000
v -2965.0000 2935.0000 3500.0000
v -2942.1682 2938.5772 3250.0000
v -2942.5857 2935.0000 3250.0000
v -2935.0000 2935.0000 3250.0000
v -2935.0000 2935.0000 3500.0000
v -2871.8470 3000.0000 3315.4329
v -2873.7500 3000.0000 3325.0000
v -2871.8470 3000.0000 3334.5671
v -2871.8470 3000.0000 3415.4329
v -2873.7500 3000.0000 3425.0000
v -2871.8470 3000.0000 3434.5671
v -2866.4277 3000.0000 3307.3223
v -2866.4277 3000.0000 3342.6777
v -2866.4277 3000.0000 3407.3223
v -2866.4277 3000.0000 3442.6777
v -2858.3171 3000.0000 3301.9030
v -2858.3171 3000.0000 3348.0970
v -2848.7500 3000.0000 3300.0000
v -2848.7500 3000.0000 3350.0000
v -2858.3171 3000.0000 3401.9030
v -2858.3171 3000.0000 3448.0970
v -2848.7500 3000.0000 3400.0000
v -2848.7500 3000.0000 3450.0000
v -2839.1829 3000.0000 3301.9030
v -2839.1829 3000.0000 3348.0970
v -2839.1829 3000.0000 3401.9030
v -2839.1829 3000.0000 3448.0970
v -2871.8470 2965.0000 3315.4329
v -2873.7500 2965.0000 3325.0000
v -2871.8470 2965.0000 3334.5671
v -2871.8470 2965.0000 3415.4329
v -2873.7500 2965.0000 3425.0000
v -2871.8470 2965.0000 3434.5671
v -2866.4277 2965.0000 3307.3223
v -2866.4277 2965.0000 3342.6777
v -2866.4277 2965.0000 3407.3223
v -2866.4277 2965.0000 3442.6777
v -2858.3171 2965.0000 3301.9030
v -2858.3171 2965.0000 3348.0970
v -2848.7500 2965.0000 3300.0000
v -2848.7500 2965.0000 3350.0000
v -2858.3171 2965.0000 3401.9030
v -2858.3171 2965.0000 3448.0970
v -2848.7500 2965.0000 3400.0000
v -2848.7500 2965.0000 3450.0000
v -2839.1829 2965.0000 3301.9030
v -2839.1829 2965.0000 3348.0970
v -2839.1829 2965.0000 3401.9030
v -2839.1829 2965.0000 3448.0970
v -2871.8470 2935.0000 3315.4329
v -2873.7500 2935.0000 3325.0000
v -2871.8470 2935.0000 3334.5671
v -2871.8470 2935.0000 3415.4329
v -2873.7500 2935.0000 3425.0000
v -2871.8470 2935.0000 3434.5671
v -2866.4277 2935.0000 3307.3223
v -2866.4277 2935.0000 3342.6777
v -2866.4277 2935.0000 3407.3223
v -2866.4277 2935.0000 3442.6777
v -2858.3171 2935.0000 3301.9030
v -2858.3171 2935.0000 3348.0970
v -2848.7500 2935.0000 3300.0000
v -2848.7500 2935.0000 3350.0000
v -2858.3171 2935.0000 3401.9030
v -2858.3171 2935.0000 3448.0970
v -2848.7500 2935.0000 3400.0000
v -2848.7500 2935.0000 3450.0000
v -2839.1829 2935.0000 3301.9030
v -2839.1829 2935.0000 3348.0970
v -2839.1829 2935.0000 3401.9030
v -2839.1829 2935.0000 3448.0970
v -3000.0000 2871.8470 3315.4329
v -3000.0000 2873.7500 3325.0000
v -3000.0000 2871.8470 3334.5671
v -3000.0000 2871.8470 3415.4329
v -3000.0000 2873.7500 3425.0000
v -3000.0000 2871.8470 3434.5671
v -3000.0000 2866.4277 3307.3223
v -3000.0000 2866.4277 3342.6777
v -3000.0000 2866.4277 3407.3223
v -3000.0000 2866.4277 3442.6777
v -2965.0000 2871.8470 3315.4329
v -2965.0000 2873.7500 3325.0000
v -2965.0000 2871.8470 3334.5671
v -2965.0000 2871.8470 3415.4329
v -2965.0000 2873.7500 3425.0000
v -2965.0000 2871.8470 3434.5671
v -2965.0000 2866.4277 3307.3223
v -2965.0000 2866.4277 3342.6777
v -2965.0000 2866.4277 3407.3223
v -2965.0000 2866.4277 3442.6777
v -3000.0000 2858.3171 3301.9030
v -3000.0000 2858.3171 3348.0970
v -3000.0000 2848.7500 3300.0000
v -3000.0000 2848.7500 3350.0000
v -3000.0000 2858.3171 3401.9030
v -3000.0000 2858.3171 3448.0970
v -3000.0000 2848.7500 3400.0000
v -3000.0000 2848.7500 3450.0000
v -3000.0000 2839.1829 3301.9030
v -3000.0000 2839.1829 3348.0970
v -3000.0000 2839.1829 3401.9030
v -3000.0000 2839.1829 3448.0970
v -2965.0000 2858.3171 3301.9030
v -2965.0000 2858.3171 3348.0970
v -2965.0000 2848.7500 3300.0000
v -2965.0000 2848.7500 3350.0000
v -2965.0000 2858.3171 3401.9030
v -2965.0000 2858.3171 3448.0970
v -2965.0000 2848.7500 3400.0000
v -2965.0000 2848.7500 3450.0000
v -2965.0000 2839.1829 3301.9030
v -2965.0000 2839.1829 3348.0970
v -2965.0000 2839.1829 3401.9030
v -2965.0000 2839.1829 3448.0970
v -2935.0000 2871.8470 3315.4329
v -2935.0000 2873.7500 3325.0000
v -2935.0000 2871.8470 3334.5671
v -2935.0000 2871.8470 3415.4329
v -2935.0000 2873.7500 3425.0000
v -2935.0000 2871.8470 3434.5671
v -2935.0000 2866.4277 3307.3223
v -2935.0000 2866.4277 3342.6777
v -2935.0000 2866.4277 3407.3223
v -2935.0000 2866.4277 3442.6777
v -2935.0000 2858.3171 3301.9030
v -2935.0000 2858.3171 3348.0970
v -2935.0000 2848.7500 3300.0000
v -2935.0000 2848.7500 3350.0000
v -2935.0000 2858.3171 3401.9030
v -2935.0000 2858.3171 3448.0970
v -2935.0000 2848.7500 3400.0000
v -2935.0000 2848.7500 3450.0000
v -2935.0000 2839.1829 3301.9030
v -2935.0000 2839.1829 3348.0970
v -2935.0000 2839.1829 3401.9030
v -2935.0000 2839.1829 3448.0970
v -2871.8470 2875.0000 3315.4329
v -2873.7500 2875.0000 3325.0000
v -2871.8470 2875.0000 3334.5671
v -2875.0000 2871.8470 3315.4329
v -2875.0000 2873.7500 3325.0000
v -2875.0000 2871.8470 3334.5671
v -2871.8470 2875.0000 3415.4329
v -2873.7500 2875.0000 3425.0000
v -2871.8470 2875.0000 3434.5671
v -2875.0000 2871.8470 3415.4329
v -2875.0000 2873.7500 3425.0000
v -2875.0000 2871.8470 3434.5671
v -2866.4277 2875.0000 3307.3223
v -2866.4277 2875.0000 3342.6777
v -2866.4277 2875.0000 3407.3223
v -2866.4277 2875.0000 3442.6777
v -2875.0000 2866.4277 3307.3223
v -2875.0000 2866.4277 3342.6777
v -2875.0000 2866.4277 3407.3223
v -2875.0000 2866.4277 3442.6777
v -2858.3171 2875.0000 3301.9030
v -2858.3171 2875.0000 3348.0970
v -2848.7500 2875.0000 3300.0000
v -2848.7500 2875.0000 3325.0000
v -2848.7500 2875.0000 3350.0000
v -2858.3171 2875.0000 3401.9030
v -2858.3171 2875.0000 3448.0970
v -2848.7500 2875.0000 3400.0000
v -2848.7500 2875.0000 3425.0000
v -2848.7500 2875.0000 3450.0000
v -2839.1829 2875.0000 3301.9030
v -2839.1829 2875.0000 3348.0970
v -2839.1829 2875.0000 3401.9030
v -2839.1829 2875.0000 3448.0970
v -2875.0000 2858.3171 3301.9030
v -2875.0000 2858.3171 3348.0970
v -2875.0000 2848.7500 3300.0000
v -2875.0000 2848.7500 3325.0000
v -2875.0000 2848.7500 3350.0000
v -2875.0000 2858.3171 3401.9030
v -2875.0000 2858.3171 3448.0970
v -2875.0000 2848.7500 3400.0000
v -2875.0000 2848.7500 3425.0000
v -2875.0000 2848.7500 3450.0000
v -2875.0000 2839.1829 3301.9030
v -2875.0000 2839.1829 3348.0970
v -2875.0000 2839.1829 3401.9030
v -2875.0000 2839.1829 3448.0970
v -2780.0000 3000.0000 150.0000
v -2831.0723 3000.0000 3307.3223
v -2831.0723 3000.0000 3342.6777
v -2831.0723 3000.0000 3407.3223
v -2831.0723 3000.0000 3442.6777
v -2825.6530 3000.0000 3315.4329
v -2825.6530 3000.0000 3334.5671
v -2823.7500 3000.0000 3325.0000
v -2825.6530 3000.0000 3415.4329
v -2825.6530 3000.0000 3434.5671
v -2823.7500 3000.0000 3425.0000
v -2831.0723 2965.0000 3307.3223
v -2831.0723 2965.0000 3342.6777
v -2831.0723 2965.0000 3407.3223
v -2831.0723 2965.0000 3442.6777
v -2825.6530 2965.0000 3315.4329
v -2825.6530 2965.0000 3334.5671
v -2823.7500 2965.0000 3325.0000
v -2825.6530 2965.0000 3415.4329
v -2825.6530 2965.0000 3434.5671
v -2823.7500 2965.0000 3425.0000
v -2780.0000 3000.0000 2770.0000
v -2780.0000 3000.0000 3500.0000
v -2780.0000 2965.0000 3500.0000
v -2831.0723 2935.0000 3307.3223
v -2831.0723 2935.0000 3342.6777
v -2831.0723 2935.0000 3407.3223
v -2831.0723 2935.0000 3442.6777
v -2825.6530 2935.0000 3315.4329
v -2825.6530 2935.0000 3334.5671
v -2823.7500 2935.0000 3325.0000
v -2825.6530 2935.0000 3415.4329
v -2825.6530 2935.0000 3434.5671
v -2823.7500 2935.0000 3425.0000
v -2780.0000 2935.0000 3500.0000
v -2742.9373 2965.0000 3250.0000
v -2749.2350 2965.0000 3292.4805
v -2677.0323 3000.0000 2805.4500
v -2742.9373 2950.9008 3250.0000
v -2742.9373 2935.0000 3250.0000
v -2780.0000 2880.0000 3500.0000
v -2831.0723 2875.0000 3307.3223
v -2831.0723 2875.0000 3342.6777
v -2831.0723 2875.0000 3407.3223
v -2831.0723 2875.0000 3442.6777
v -2825.6530 2875.0000 3315.4329
v -2825.6530 2875.0000 3334.5671
v -2823.7500 2875.0000 3325.0000
v -2825.6530 2875.0000 3415.4329
v -2825.6530 2875.0000 3434.5671
v -2823.7500 2875.0000 3425.0000
v -3000.0000 2780.0000 150.0000
v -3000.0000 2831.0723 3307.3223
v -3000.0000 2831.0723 3342.6777
v -3000.0000 2831.0723 3407.3223
v -3000.0000 2831.0723 3442.6777
v -3000.0000 2825.6530 3315.4329
v -3000.0000 2825.6530 3334.5671
v -3000.0000 2823.7500 3325.0000
v -3000.0000 2825.6530 3415.4329
v -3000.0000 2825.6530 3434.5671
v -3000.0000 2823.7500 3425.0000
v -2965.0000 2831.0723 3307.3223
v -2965.0000 2831.0723 3342.6777
v -2965.0000 2831.0723 3407.3223
v -2965.0000 2831.0723 3442.6777
v -2965.0000 2825.6530 3315.4329
v -2965.0000 2825.6530 3334.5671
v -2965.0000 2823.7500 3325.0000
v -2965.0000 2825.6530 3415.4329
v -2965.0000 2825.6530 3434.5671
v -2965.0000 2823.7500 3425.0000
v -2935.0000 2831.0723 3307.3223
v -2935.0000 2831.0723 3342.6777
v -2935.0000 2831.0723 3407.3223
v -2935.0000 2831.0723 3442.6777
v -2935.0000 2825.6530 3315.4329
v -2935.0000 2825.6530 3334.5671
v -2935.0000 2823.7500 3325.0000
v -2935.0000 2825.6530 3415.4329
v -2935.0000 2825.6530 3434.5671
v -2935.0000 2823.7500 3425.0000
v -3000.0000 2780.0000 2770.0000
v -3000.0000 2780.0000 3500.0000
v -2965.0000 2780.0000 3500.0000
v -2965.0000 2769.6507 3430.1904
v -2935.0000 2780.0000 3500.0000
v -2875.0000 2831.0723 3307.3223
v -2875.0000 2831.0723 3342.6777
v -2875.0000 2831.0723 3407.3223
v -2875.0000 2831.0723 3442.6777
v -2875.0000 2825.6530 3315.4329
v -2875.0000 2825.6530 3334.5671
v -2875.0000 2823.7500 3325.0000
v -2875.0000 2825.6530 3415.4329
v -2875.0000 2825.6530 3434.5671
v -2875.0000 2823.7500 3425.0000
v -2880.0000 2780.0000 3500.0000
v -2965.0000 2742.9373 3250.0000
v -2935.0000 2742.9373 3250.0000
v -2935.0000 2749.2350 3292.4805
v -3000.0000 2677.0323 2805.4500
v -2780.0000 2780.0000 150.0000
v -2780.0000 2780.0000 2770.0000
v -2677.0323 2809.7720 2805.4500
v -2809.7720 2677.0323 2805.4500
f 914 915 1115
f 914 1115 1217
f 914 1217 1166
f 914 1166 1197
f 914 927 918
f 914 919 915
f 914 918 919
f 914 1007 927
f 915 921 917
f 916 917 920
f 915 919 921
f 917 921 920
f 916 924 922
f 916 922 917
f 917 922 923
f 922 926 923
f 916 920 924
f 922 924 925
f 922 925 926
f 924 931 925
f 933 931 932
f 915 1136 1115
f 915 917 1136
f 917 923 1136
f 923 939 936
f 923 940 939
f 923 944 940
f 923 950 944
f 923 926 1138
f 923 936 1136
f 936 938 937
f 936 939 938
f 937 938 943
f 937 943 942
f 942 943 949
f 942 949 946
f 1136 935 941
f 1136 936 935
f 946 949 951
f 946 951 948
f 923 1137 950
f 948 951 955
f 948 955 954
f 914 1021 1007
f 914 1023 1021
f 914 1029 1023
f 914 1167 1029
f 914 1171 1167
f 914 1197 1198
f 914 1198 1171
f 1009 928 927
f 1012 929 930
f 1001 1002 927
f 1002 1003 927
f 1001 927 1007
f 1003 1008 927
f 1008 1009 927
f 1004 1005 928
f 1004 928 1009
f 1005 1006 928
f 1006 1010 928
f 1010 1026 928
f 1017 1033 929
f 1033 1035 929
f 1011 929 1012
f 1011 1017 929
f 1012 930 1015
f 1015 930 1016
f 1016 930 1020
f 1199 930 928
f 1020 930 1038
f 1038 930 1040
f 1050 934 933
f 1051 933 1055
f 1055 933 1057
f 1045 1046 933
f 1046 1047 933
f 1045 933 1051
f 1047 1052 933
f 1052 1053 933
f 1048 1049 933
f 1049 1050 933
f 1048 933 1053
f 1050 1054 934
f 1054 1060 934
f 1002 1012 1003
f 1001 1011 1002
f 1003 1013 1008
f 1004 1014 1005
f 1005 1015 1006
f 1006 1016 1010
f 1008 1022 1009
f 1009 1022 1025
f 1001 1007 1017
f 1007 1021 1033
f 1008 1018 1022
f 1004 1009 1019
f 1010 1020 1026
f 1009 1025 1037
f 1035 1041 929
f 1002 1011 1012
f 1003 1012 1013
f 1001 1017 1011
f 1005 1014 1015
f 1006 1015 1016
f 1004 1019 1014
f 1012 1014 1013
f 1012 1015 1014
f 1013 1014 1019
f 1040 930 1044
f 1008 1013 1018
f 1007 1033 1017
f 1018 1034 1022
f 1010 1016 1020
f 1009 1037 1019
f 1020 1038 1026
f 1013 1019 1018
f 1018 1019 1037
f 1018 1037 1034
f 1022 1024 1025
f 1024 1027 1025
f 1026 1198 928
f 1022 1034 1024
f 1021 1023 1035
f 1026 1038 1028
f 1025 1027 1039
f 1024 1030 1027
f 1027 1030 1031
f 1024 1036 1030
f 1023 1029 1041
f 1028 1040 1032
f 1027 1031 1043
f 1041 1213 929
f 1021 1035 1033
f 1024 1034 1036
f 1025 1039 1037
f 1028 1038 1040
f 1034 1037 1039
f 1034 1039 1036
f 1044 930 1199
f 1023 1041 1035
f 1030 1036 1042
f 1027 1043 1039
f 1032 1040 1044
f 1036 1039 1043
f 1036 1043 1042
f 1213 932 929
f 1213 933 932
f 1057 933 1063
f 1052 1056 1053
f 1053 1056 1059
f 1063 933 1214
f 1056 1058 1059
f 1058 1061 1059
f 1060 1201 934
f 1058 1064 1061
f 1061 1064 1065
f 1046 1071 1047
f 1045 1070 1046
f 1047 1072 1052
f 1048 1076 1049
f 1049 1077 1050
f 1050 1078 1054
f 1045 1051 1083
f 1051 1055 1101
f 1052 1084 1056
f 1048 1053 1085
f 1054 1086 1060
f 1053 1059 1106
f 1046 1070 1071
f 1047 1071 1072
f 1045 1083 1070
f 1049 1076 1077
f 1050 1077 1078
f 1048 1085 1076
f 1052 1072 1084
f 1051 1101 1083
f 1056 1084 1102
f 1054 1078 1086
f 1053 1106 1085
f 1060 1086 1107
f 1155 934 1201
f 1056 1102 1058
f 1055 1057 1103
f 1060 1107 1062
f 1059 1061 1108
f 1058 1105 1064
f 1057 1063 1111
f 1062 1110 1066
f 1061 1065 1113
f 1055 1103 1101
f 1058 1102 1105
f 1059 1108 1106
f 1062 1107 1110
f 1057 1111 1103
f 1064 1105 1112
f 1061 1113 1108
f 1066 1110 1114
f 1070 1104 1071
f 1071 1104 1072
f 1070 1083 1104
f 1072 1104 1084
f 1076 1109 1077
f 1077 1109 1078
f 1076 1085 1109
f 1078 1109 1086
f 1083 1101 1104
f 1084 1104 1102
f 1101 1103 1104
f 1102 1104 1105
f 1085 1106 1109
f 1086 1109 1107
f 1106 1108 1109
f 1107 1109 1110
f 1103 1111 1104
f 1104 1112 1105
f 1104 1111 1202
f 1104 1203 1112
f 1108 1113 1109
f 1109 1114 1110
f 1109 1113 1204
f 1109 1205 1114
f 1115 1218 1217
f 1115 1136 1218
f 1136 941 945
f 1136 945 947
f 1136 947 953
f 954 955 1118
f 954 1118 1117
f 1117 1118 1123
f 1137 952 950
f 1117 1123 1121
f 1121 1123 1122
f 1137 956 952
f 923 1138 1137
f 1136 953 1116
f 1136 1116 1120
f 1136 1120 1122
f 1136 1122 1123
f 1136 1123 1125
f 1137 1119 956
f 1137 1124 1119
f 1137 1125 1124
f 1136 1125 1137
f 1136 1137 1152
f 1137 1138 1152
f 1152 1138 1151
f 1152 1151 1150
f 1152 1150 1153
f 1152 1153 1154
f 1152 1154 1155
f 1136 1152 1219
f 1155 1149 934
f 1155 1154 1149
f 1152 1155 1219
f 1136 1219 1218
f 1166 1217 1218
f 1166 1218 1197
f 1030 1168 1031
f 1031 1168 1169
f 1168 1172 1169
f 1026 1028 1198
f 1029 1167 1177
f 1030 1042 1168
f 1168 1178 1172
f 1032 1044 1170
f 1031 1169 1179
f 1170 1180 1175
f 1198 1199 928
f 1169 1172 1174
f 1172 1173 1174
f 1173 1176 1174
f 1028 1032 1198
f 1167 1171 1181
f 1172 1182 1173
f 1171 1173 1183
f 1169 1174 1184
f 1175 1185 1176
f 1174 1176 1186
f 1029 1177 1041
f 1042 1178 1168
f 1167 1181 1177
f 1031 1179 1043
f 1044 1180 1170
f 1169 1184 1179
f 1172 1178 1182
f 1171 1183 1181
f 1173 1182 1183
f 1175 1180 1185
f 1174 1186 1184
f 1176 1185 1186
f 1171 1198 1173
f 1032 1170 1198
f 1173 1198 1176
f 1170 1175 1198
f 1175 1176 1198
f 1041 1177 1213
f 1042 1043 1200
f 1042 1200 1178
f 1043 1179 1200
f 1044 1199 1180
f 1179 1184 1200
f 1184 1186 1199
f 1180 1199 1185
f 1185 1199 1186
f 1177 1181 1213
f 1178 1213 1182
f 1060 1062 1201
f 1062 1066 1201
f 1213 1214 933
f 1063 1214 1187
f 1064 1215 1065
f 1066 1190 1201
f 1190 1195 1201
f 1195 1196 1201
f 1064 1188 1215
f 1065 1215 1189
f 1187 1215 1191
f 1188 1192 1215
f 1191 1215 1193
f 1192 1193 1215
f 1189 1215 1194
f 1194 1215 1196
f 1181 1183 1213
f 1182 1213 1183
f 1184 1199 1200
f 1178 1200 1213
f 1198 1200 1199
f 1198 1213 1200
f 1196 1215 1201
f 1187 1214 1215
f 1063 1187 1202
f 1064 1112 1188
f 1188 1203 1192
f 1066 1114 1190
f 1065 1189 1204
f 1190 1205 1195
f 1187 1191 1206
f 1192 1207 1193
f 1191 1193 1208
f 1189 1194 1209
f 1195 1210 1196
f 1194 1196 1211
f 1063 1202 1111
f 1112 1203 1188
f 1187 1206 1202
f 1065 1204 1113
f 1114 1205 1190
f 1189 1209 1204
f 1192 1203 1207
f 1191 1208 1206
f 1193 1207 1208
f 1195 1205 1210
f 1194 1211 1209
f 1196 1210 1211
f 1104 1202 1206
f 1104 1207 1203
f 1104 1206 1208
f 1104 1208 1207
f 1109 1204 1209
f 1109 1210 1205
f 1109 1209 1211
f 1109 1211 1210
f 1155 1201 1212
f 1201 1215 1212
f 1197 1216 1198
f 1198 1216 1213
f 1213 1216 1214
f 1197 1218 1216
f 1214 1220 1215
f 1212 1215 1220
f 1214 1216 1220
f 1216 1218 1220
f 1155 1212 1219
f 1212 1220 1219
f 1218 1219 1220
f 919 918 920
f 919 920 921
f 931 918 927
f 931 920 918
f 930 927 928
f 929 931 927
f 930 929 927
f 920 931 924
f 931 929 932
f 958 926 925
f 963 925 967
f 969 967 925
f 957 958 925
f 963 957 925
f 958 961 926
f 961 962 926
f 962 966 926
f 966 972 926
f 958 935 936
f 959 936 937
f 957 941 935
f 961 938 939
f 962 939 940
f 960 943 938
f 964 937 942
f 963 945 941
f 968 942 946
f 966 940 944
f 965 949 943
f 972 944 950
f 967 947 945
f 970 946 948
f 971 951 949
f 974 950 952
f 969 953 947
f 976 948 954
f 973 955 951
f 978 952 956
f 969 925 975
f 958 936 959
f 957 935 958
f 959 937 964
f 960 938 961
f 961 939 962
f 962 940 966
f 963 941 957
f 963 967 945
f 964 942 968
f 965 943 960
f 966 944 972
f 971 949 965
f 958 959 961
f 959 960 961
f 959 964 960
f 964 965 960
f 964 968 965
f 968 971 965
f 975 925 1150
f 968 946 970
f 969 947 967
f 972 950 974
f 971 973 951
f 970 948 976
f 969 975 953
f 974 952 978
f 973 977 955
f 968 970 971
f 970 973 971
f 972 1138 926
f 970 976 973
f 976 977 973
f 983 933 934
f 985 989 933
f 991 933 989
f 980 933 983
f 979 933 980
f 985 933 979
f 983 934 984
f 984 934 988
f 988 934 994
f 994 934 996
f 931 1153 925
f 931 933 1153
f 991 997 933
f 980 982 981
f 980 983 982
f 981 982 987
f 996 934 1000
f 981 987 986
f 986 987 993
f 986 993 990
f 997 1154 933
f 990 993 995
f 990 995 992
f 1000 934 1149
f 992 995 999
f 992 999 998
f 979 980 1068
f 980 981 1069
f 985 979 1067
f 982 983 1074
f 983 984 1075
f 987 982 1073
f 981 986 1080
f 985 1079 989
f 986 990 1088
f 984 988 1082
f 993 987 1081
f 988 994 1093
f 991 989 1087
f 990 992 1091
f 993 1092 995
f 994 996 1096
f 991 1089 997
f 992 998 1098
f 995 1094 999
f 996 1000 1100
f 980 1069 1068
f 979 1068 1067
f 981 1080 1069
f 982 1074 1073
f 983 1075 1074
f 984 1082 1075
f 985 1067 1079
f 989 1079 1087
f 986 1088 1080
f 987 1073 1081
f 988 1093 1082
f 993 1081 1092
f 990 1091 1088
f 991 1087 1089
f 994 1096 1093
f 995 1092 1094
f 992 1098 1091
f 997 1089 1097
f 996 1100 1096
f 999 1094 1099
f 1067 1068 1090
f 1068 1069 1090
f 1079 1067 1090
f 1069 1080 1090
f 1073 1074 1095
f 1074 1075 1095
f 1081 1073 1095
f 1075 1082 1095
f 1079 1090 1087
f 1090 1080 1088
f 1089 1087 1090
f 1090 1088 1091
f 1092 1081 1095
f 1095 1082 1093
f 1092 1095 1094
f 1095 1093 1096
f 1089 1090 1097
f 1090 1091 1098
f 1097 1090 1156
f 1090 1098 1157
f 1094 1095 1099
f 1095 1096 1100
f 1099 1095 1158
f 1095 1100 1159
f 975 1116 953
f 1127 954 1117
f 1126 1120 1116
f 977 1118 955
f 1129 956 1119
f 1128 1123 1118
f 1131 1117 1121
f 1130 1122 1120
f 1132 1121 1122
f 1134 1119 1124
f 1133 1125 1123
f 1135 1124 1125
f 975 1126 1116
f 976 954 1127
f 1131 1127 1117
f 978 956 1129
f 977 1128 1118
f 1134 1129 1119
f 1126 1130 1120
f 1132 1131 1121
f 1130 1132 1122
f 1128 1133 1123
f 1135 1134 1124
f 1133 1135 1125
f 972 974 1138
f 974 978 1138
f 975 1150 1126
f 1150 925 1153
f 976 1151 977
f 978 1129 1138
f 1134 1138 1129
f 1135 1138 1134
f 976 1127 1151
f 977 1151 1128
f 1126 1151 1130
f 1131 1151 1127
f 1130 1151 1132
f 1132 1151 1131
f 1128 1151 1133
f 1133 1151 1135
f 1135 1151 1138
f 1126 1150 1151
f 1153 933 1154
f 998 999 1141
f 998 1141 1146
f 997 1139 1154
f 1144 1140 1149
f 1145 1144 1149
f 998 1149 1140
f 998 1146 1149
f 1000 1149 1142
f 1146 1148 1149
f 1147 1142 1149
f 1148 1147 1149
f 1139 1143 1154
f 1143 1145 1154
f 1145 1149 1154
f 997 1097 1139
f 998 1140 1157
f 1139 1156 1143
f 999 1099 1141
f 1000 1142 1159
f 1141 1158 1146
f 1144 1161 1140
f 1143 1160 1145
f 1145 1162 1144
f 1147 1164 1142
f 1146 1163 1148
f 1148 1165 1147
f 1139 1097 1156
f 998 1157 1098
f 1140 1161 1157
f 1000 1159 1100
f 1141 1099 1158
f 1142 1164 1159
f 1143 1156 1160
f 1144 1162 1161
f 1145 1160 1162
f 1146 1158 1163
f 1147 1165 1164
f 1148 1163 1165
f 1156 1090 1160
f 1090 1157 1161
f 1160 1090 1162
f 1090 1161 1162
f 1158 1095 1163
f 1095 1159 1164
f 1163 1095 1165
f 1095 1164 1165

o support_0
usemtl mat_b8bdc2ff
v -2960.0000 -2960.0000 0.0000
v -2960.0000 -2960.0000 12.0000
v -2960.0000 -2820.0000 0.0000
v -2960.0000 -2820.0000 12.0000
v -2960.0000 -2960.0000 0.0000
v -2820.0000 -2960.0000 0.0000
v -2960.0000 -2960.0000 12.0000
v -2820.0000 -2960.0000 12.0000
v -2960.0000 -2960.0000 12.0000
v -2960.0000 -2820.0000 12.0000
v -2820.0000 -2960.0000 12.0000
v -2820.0000 -2820.0000 12.0000
v -2934.5000 -2942.0000 12.0000
v -2934.7179 -2940.2051 12.0000
v -2935.3591 -2938.5146 12.0000
v -2936.3862 -2937.0266 12.0000
v -2937.7395 -2935.8276 12.0000
v -2939.3405 -2934.9874 12.0000
v -2941.0960 -2934.5547 12.0000
v -2942.9040 -2934.5547 12.0000
v -2944.6595 -2934.9874 12.0000
v -2946.2605 -2935.8276 12.0000
v -2947.6138 -2937.0266 12.0000
v -2948.6409 -2938.5146 12.0000
v -2949.2821 -2940.2051 12.0000
v -2949.5000 -2942.0000 12.0000
v -2949.2821 -2943.7949 12.0000
v -2948.6409 -2945.4854 12.0000
v -2947.6138 -2946.9734 12.0000
v -2946.2605 -2948.1724 12.0000
v -2944.6595 -2949.0126 12.0000
v -2942.9040 -2949.4453 12.0000
v -2941.0960 -2949.4453 12.0000
v -2939.3405 -2949.0126 12.0000
v -2937.7395 -2948.1724 12.0000
v -2936.3862 -2946.9734 12.0000
v -2935.3591 -2945.4854 12.0000
v -2934.7179 -2943.7949 12.0000
v -2830.5000 -2942.0000 12.0000
v -2830.7179 -2940.2051 12.0000
v -2831.3591 -2938.5146 12.0000
v -2832.3862 -2937.0266 12.0000
v -2833.7395 -2935.8276 12.0000
v -2835.3405 -2934.9874 12.0000
v -2837.0960 -2934.5547 12.0000
v -2838.9040 -2934.5547 12.0000
v -2840.6595 -2934.9874 12.0000
v -2842.2605 -2935.8276 12.0000
v -2843.6138 -2937.0266 12.0000
v -2844.6409 -2938.5146 12.0000
v -2845.2821 -2940.2051 12.0000
v -2845.5000 -2942.0000 12.0000
v -2845.2821 -2943.7949 12.0000
v -2844.6409 -2945.4854 12.0000
v -2843.6138 -2946.9734 12.0000
v -2842.2605 -2948.1724 12.0000
v -2840.6595 -2949.0126 12.0000
v -2838.9040 -2949.4453 12.0000
v -2837.0960 -2949.4453 12.0000
v -2835.3405 -2949.0126 12.0000
v -2833.7395 -2948.1724 12.0000
v -2832.3862 -2946.9734 12.0000
v -2831.3591 -2945.4854 12.0000
v -2830.7179 -2943.7949 12.0000
v -2934.5000 -2838.0000 12.0000
v -2934.7179 -2836.2051 12.0000
v -2935.3591 -2834.5146 12.0000
v -2936.3862 -2833.0266 12.0000
v -2937.7395 -2831.8276 12.0000
v -2939.3405 -2830.9874 12.0000
v -2941.0960 -2830.5547 12.0000
v -2942.9040 -2830.5547 12.0000
v -2944.6595 -2830.9874 12.0000
v -2946.2605 -2831.8276 12.0000
v -2947.6138 -2833.0266 12.0000
v -2948.6409 -2834.5146 12.0000
v -2949.2821 -2836.2051 12.0000
v -2949.5000 -2838.0000 12.0000
v -2949.2821 -2839.7949 12.0000
v -2948.6409 -2841.4854 12.0000
v -2947.6138 -2842.9734 12.0000
v -2946.2605 -2844.1724 12.0000
v -2944.6595 -2845.0126 12.0000
v -2942.9040 -2845.4453 12.0000
v -2941.0960 -2845.4453 12.0000
v -2939.3405 -2845.0126 12.0000
v -2937.7395 -2844.1724 12.0000
v -2936.3862 -2842.9734 12.0000
v -2935.3591 -2841.4854 12.0000
v -2934.7179 -2839.7949 12.0000
v -2830.5000 -2838.0000 12.0000
v -2830.7179 -2836.2051 12.0000
v -2831.3591 -2834.5146 12.0000
v -2832.3862 -2833.0266 12.0000
v -2833.7395 -2831.8276 12.0000
v -2835.3405 -2830.9874 12.0000
v -2837.0960 -2830.5547 12.0000
v -2838.9040 -2830.5547 12.0000
v -2840.6595 -2830.9874 12.0000
v -2842.2605 -2831.8276 12.0000
v -2843.6138 -2833.0266 12.0000
v -2844.6409 -2834.5146 12.0000
v -2845.2821 -2836.2051 12.0000
v -2845.5000 -2838.0000 12.0000
v -2845.2821 -2839.7949 12.0000
v -2844.6409 -2841.4854 12.0000
v -2843.6138 -2842.9734 12.0000
v -2842.2605 -2844.1724 12.0000
v -2840.6595 -2845.0126 12.0000
v -2838.9040 -2845.4453 12.0000
v -2837.0960 -2845.4453 12.0000
v -2835.3405 -2845.0126 12.0000
v -2833.7395 -2844.1724 12.0000
v -2832.3862 -2842.9734 12.0000
v -2831.3591 -2841.4854 12.0000
v -2830.7179 -2839.7949 12.0000
v -2960.0000 -2820.0000 0.0000
v -2820.0000 -2820.0000 0.0000
v -2960.0000 -2820.0000 12.0000
v -2820.0000 -2820.0000 12.0000
v -2960.0000 -2960.0000 0.0000
v -2960.0000 -2820.0000 0.0000
v -2820.0000 -2960.0000 0.0000
v -2820.0000 -2820.0000 0.0000
v -2934.5000 -2942.0000 0.0000
v -2934.7179 -2940.2051 0.0000
v -2935.3591 -2938.5146 0.0000
v -2936.3862 -2937.0266 0.0000
v -2937.7395 -2935.8276 0.0000
v -2939.3405 -2934.9874 0.0000
v -2941.0960 -2934.5547 0.0000
v -2942.9040 -2934.5547 0.0000
v -2944.6595 -2934.9874 0.0000
v -2946.2605 -2935.8276 0.0000
v -2947.6138 -2937.0266 0.0000
v -2948.6409 -2938.5146 0.0000
v -2949.2821 -2940.2051 0.0000
v -2949.5000 -2942.0000 0.0000
v -2949.2821 -2943.7949 0.0000
v -2948.6409 -2945.4854 0.0000
v -2947.6138 -2946.9734 0.0000
v -2946.2605 -2948.1724 0.0000
v -2944.6595 -2949.0126 0.0000
v -2942.9040 -2949.4453 0.0000
v -2941.0960 -2949.4453 0.0000
v -2939.3405 -2949.0126 0.0000
v -2937.7395 -2948.1724 0.0000
v -2936.3862 -2946.9734 0.0000
v -2935.3591 -2945.4854 0.0000
v -2934.7179 -2943.7949 0.0000
v -2830.5000 -2942.0000 0.0000
v -2830.7179 -2940.2051 0.0000
v -2831.3591 -2938.5146 0.0000
v -2832.3862 -2937.0266 0.0000
v -2833.7395 -2935.8276 0.0000
v -2835.3405 -2934.9874 0.0000
v -2837.0960 -2934.5547 0.0000
v -2838.9040 -2934.5547 0.0000
v -2840.6595 -2934.9874 0.0000
v -2842.2605 -2935.8276 0.0000
v -2843.6138 -2937.0266 0.0000
v -2844.6409 -2938.5146 0.0000
v -2845.2821 -2940.2051 0.0000
v -2845.5000 -2942.0000 0.0000
v -2845.2821 -2943.7949 0.0000
v -2844.6409 -2945.4854 0.0000
v -2843.6138 -2946.9734 0.0000
v -2842.2605 -2948.1724 0.0000
v -2840.6595 -2949.0126 0.0000
v -2838.9040 -2949.4453 0.0000
v -2837.0960 -2949.4453 0.0000
v -2835.3405 -2949.0126 0.0000
v -2833.7395 -2948.1724 0.0000
v -2832.3862 -2946.9734 0.0000
v -2831.3591 -2945.4854 0.0000
v -2830.7179 -2943.7949 0.0000
v -2934.5000 -2838.0000 0.0000
v -2934.7179 -2836.2051 0.0000
v -2935.3591 -2834.5146 0.0000
v -2936.3862 -2833.0266 0.0000
v -2937.7395 -2831.8276 0.0000
v -2939.3405 -2830.9874 0.0000
v -2941.0960 -2830.5547 0.0000
v -2942.9040 -2830.5547 0.0000
v -2944.6595 -2830.9874 0.0000
v -2946.2605 -2831.8276 0.0000
v -2947.6138 -2833.0266 0.0000
v -2948.6409 -2834.5146 0.0000
v -2949.2821 -2836.2051 0.0000
v -2949.5000 -2838.0000 0.0000
v -2949.2821 -2839.7949 0.0000
v -2948.6409 -2841.4854 0.0000
v -2947.6138 -2842.9734 0.0000
v -2946.2605 -2844.1724 0.0000
v -2944.6595 -2845.0126 0.0000
v -2942.9040 -2845.4453 0.0000
v -2941.0960 -2845.4453 0.0000
v -2939.3405 -2845.0126 0.0000
v -2937.7395 -2844.1724 0.0000
v -2936.3862 -2842.9734 0.0000
v -2935.3591 -2841.4854 0.0000
v -2934.7179 -2839.7949 0.0000
v -2830.5000 -2838.0000 0.0000
v -2830.7179 -2836.2051 0.0000
v -2831.3591 -2834.5146 0.0000
v -2832.3862 -2833.0266 0.0000
v -2833.7395 -2831.8276 0.0000
v -2835.3405 -2830.9874 0.0000
v -2837.0960 -2830.5547 0.0000
v -2838.9040 -2830.5547 0.0000
v -2840.6595 -2830.9874 0.0000
v -2842.2605 -2831.8276 0.0000
v -2843.6138 -2833.0266 0.0000
v -2844.6409 -2834.5146 0.0000
v -2845.2821 -2836.2051 0.0000
v -2845.5000 -2838.0000 0.0000
v -2845.2821 -2839.7949 0.0000
v -2844.6409 -2841.4854 0.0000
v -2843.6138 -2842.9734 0.0000
v -2842.2605 -2844.1724 0.0000
v -2840.6595 -2845.0126 0.0000
v -2838.9040 -2845.4453 0.0000
v -2837.0960 -2845.4453 0.0000
v -2835.3405 -2845.0126 0.0000
v -2833.7395 -2844.1724 0.0000
v -2832.3862 -2842.9734 0.0000
v -2831.3591 -2841.4854 0.0000
v -2830.7179 -2839.7949 0.0000
v -2820.0000 -2960.0000 0.0000
v -2820.0000 -2960.0000 12.0000
v -2820.0000 -2820.0000 0.0000
v -2820.0000 -2820.0000 12.0000
v -2934.5000 -2942.0000 12.0000
v -2934.7179 -2940.2051 12.0000
v -2935.3591 -2938.5146 12.0000
v -2936.3862 -2937.0266 12.0000
v -2937.7395 -2935.8276 12.0000
v -2939.3405 -2934.9874 12.0000
v -2941.0960 -2934.5547 12.0000
v -2942.9040 -2934.5547 12.0000
v -2944.6595 -2934.9874 12.0000
v -2946.2605 -2935.8276 12.0000
v -2947.6138 -2937.0266 12.0000
v -2948.6409 -2938.5146 12.0000
v -2949.2821 -2940.2051 12.0000
v -2949.5000 -2942.0000 12.0000
v -2949.2821 -2943.7949 12.0000
v -2948.6409 -2945.4854 12.0000
v -2947.6138 -2946.9734 12.0000
v -2946.2605 -2948.1724 12.0000
v -2944.6595 -2949.0126 12.0000
v -2942.9040 -2949.4453 12.0000
v -2941.0960 -2949.4453 12.0000
v -2939.3405 -2949.0126 12.0000
v -2937.7395 -2948.1724 12.0000
v -2936.3862 -2946.9734 12.0000
v -2935.3591 -2945.4854 12.0000
v -2934.7179 -2943.7949 12.0000
v -2934.5000 -2942.0000 12.0000
v -2934.5000 -2942.0000 0.0000
v -2934.5000 -2942.0000 0.0000
v -2934.7179 -2940.2051 0.0000
v -2935.3591 -2938.5146 0.0000
v -2936.3862 -2937.0266 0.0000
v -2937.7395 -2935.8276 0.0000
v -2939.3405 -2934.9874 0.0000
v -2941.0960 -2934.5547 0.0000
v -2942.9040 -2934.5547 0.0000
v -2944.6595 -2934.9874 0.0000
v -2946.2605 -2935.8276 0.0000
v -2947.6138 -2937.0266 0.0000
v -2948.6409 -2938.5146 0.0000
v -2949.2821 -2940.2051 0.0000
v -2949.5000 -2942.0000 0.0000
v -2949.2821 -2943.7949 0.0000
v -2948.6409 -2945.4854 0.0000
v -2947.6138 -2946.9734 0.0000
v -2946.2605 -2948.1724 0.0000
v -2944.6595 -2949.0126 0.0000
v -2942.9040 -2949.4453 0.0000
v -2941.0960 -2949.4453 0.0000
v -2939.3405 -2949.0126 0.0000
v -2937.7395 -2948.1724 0.0000
v -2936.3862 -2946.9734 0.0000
v -2935.3591 -2945.4854 0.0000
v -2934.7179 -2943.7949 0.0000
v -2830.5000 -2942.0000 12.0000
v -2830.7179 -2940.2051 12.0000
v -2831.3591 -2938.5146 12.0000
v -2832.3862 -2937.0266 12.0000
v -2833.7395 -2935.8276 12.0000
v -2835.3405 -2934.9874 12.0000
v -2837.0960 -2934.5547 12.0000
v -2838.9040 -2934.5547 12.0000
v -2840.6595 -2934.9874 12.0000
v -2842.2605 -2935.8276 12.0000
v -2843.6138 -2937.0266 12.0000
v -2844.6409 -2938.5146 12.0000
v -2845.2821 -2940.2051 12.0000
v -2845.5000 -2942.0000 12.0000
v -2845.2821 -2943.7949 12.0000
v -2844.6409 -2945.4854 12.0000
v -2843.6138 -2946.9734 12.0000
v -2842.2605 -2948.1724 12.0000
v -2840.6595 -2949.0126 12.0000
v -2838.9040 -2949.4453 12.0000
v -2837.0960 -2949.4453 12.0000
v -2835.3405 -2949.0126 12.0000
v -2833.7395 -2948.1724 12.0000
v -2832.3862 -2946.9734 12.0000
v -2831.3591 -2945.4854 12.0000
v -2830.7179 -2943.7949 12.0000
v -2830.5000 -2942.0000 12.0000
v -2830.5000 -2942.0000 0.0000
v -2830.5000 -2942.0000 0.0000
v -2830.7179 -2940.2051 0.0000
v -2831.3591 -2938.5146 0.0000
v -2832.3862 -2937.0266 0.0000
v -2833.7395 -2935.8276 0.0000
v -2835.3405 -2934.9874 0.0000
v -2837.0960 -2934.5547 0.0000
v -2838.9040 -2934.5547 0.0000
v -2840.6595 -2934.9874 0.0000
v -2842.2605 -2935.8276 0.0000
v -2843.6138 -2937.0266 0.0000
v -2844.6409 -2938.5146 0.0000
v -2845.2821 -2940.2051 0.0000
v -2845.5000 -2942.0000 0.0000
v -2845.2821 -2943.7949 0.0000
v -2844.6409 -2945.4854 0.0000
v -2843.6138 -2946.9734 0.0000
v -2842.2605 -2948.1724 0.0000
v -2840.6595 -2949.0126 0.0000
v -2838.9040 -2949.4453 0.0000
v -2837.0960 -2949.4453 0.0000
v -2835.3405 -2949.0126 0.0000
v -2833.7395 -2948.1724 0.0000
v -2832.3862 -2946.9734 0.0000
v -2831.3591 -2945.4854 0.0000
v -2830.7179 -2943.7949 0.0000
v -2934.5000 -2838.0000 12.0000
v -2934.7179 -2836.2051 12.0000
v -2935.3591 -2834.5146 12.0000
v -2936.3862 -2833.0266 12.0000
v -2937.7395 -2831.8276 12.0000
v -2939.3405 -2830.9874 12.0000
v -2941.0960 -2830.5547 12.0000
v -2942.9040 -2830.5547 12.0000
v -2944.6595 -2830.9874 12.0000
v -2946.2605 -2831.8276 12.0000
v -2947.6138 -2833.0266 12.0000
v -2948.6409 -2834.5146 12.0000
v -2949.2821 -2836.2051 12.0000
v -2949.5000 -2838.0000 12.0000
v -2949.2821 -2839.7949 12.0000
v -2948.6409 -2841.4854 12.0000
v -2947.6138 -2842.9734 12.0000
v -2946.2605 -2844.1724 12.0000
v -2944.6595 -2845.0126 12.0000
v -2942.9040 -2845.4453 12.0000
v -2941.0960 -2845.4453 12.0000
v -2939.3405 -2845.0126 12.0000
v -2937.7395 -2844.1724 12.0000
v -2936.3862 -2842.9734 12.0000
v -2935.3591 -2841.4854 12.0000
v -2934.7179 -2839.7949 12.0000
v -2934.5000 -2838.0000 12.0000
v -2934.5000 -2838.0000 0.0000
v -2934.5000 -2838.0000 0.0000
v -2934.7179 -2836.2051 0.0000
v -2935.3591 -2834.5146 0.0000
v -2936.3862 -2833.0266 0.0000
v -2937.7395 -2831.8276 0.0000
v -2939.3405 -2830.9874 0.0000
v -2941.0960 -2830.5547 0.0000
v -2942.9040 -2830.5547 0.0000
v -2944.6595 -2830.9874 0.0000
v -2946.2605 -2831.8276 0.0000
v -2947.6138 -2833.0266 0.0000
v -2948.6409 -2834.5146 0.0000
v -2949.2821 -2836.2051 0.0000
v -2949.5000 -2838.0000 0.0000
v -2949.2821 -2839.7949 0.0000
v -2948.6409 -2841.4854 0.0000
v -2947.6138 -2842.9734 0.0000
v -2946.2605 -2844.1724 0.0000
v -2944.6595 -2845.0126 0.0000
v -2942.9040 -2845.4453 0.0000
v -2941.0960 -2845.4453 0.0000
v -2939.3405 -2845.0126 0.0000
v -2937.7395 -2844.1724 0.0000
v -2936.3862 -2842.9734 0.0000
v -2935.3591 -2841.4854 0.0000
v -2934.7179 -2839.7949 0.0000
v -2830.5000 -2838.0000 12.0000
v -2830.7179 -2836.2051 12.0000
v -2831.3591 -2834.5146 12.0000
v -2832.3862 -2833.0266 12.0000
v -2833.7395 -2831.8276 12.0000
v -2835.3405 -2830.9874 12.0000
v -2837.0960 -2830.5547 12.0000
v -2838.9040 -2830.5547 12.0000
v -2840.6595 -2830.9874 12.0000
v -2842.2605 -2831.8276 12.0000
v -2843.6138 -2833.0266 12.0000
v -2844.6409 -2834.5146 12.0000
v -2845.2821 -2836.2051 12.0000
v -2845.5000 -2838.0000 12.0000
v -2845.2821 -2839.7949 12.0000
v -2844.6409 -2841.4854 12.0000
v -2843.6138 -2842.9734 12.0000
v -2842.2605 -2844.1724 12.0000
v -2840.6595 -2845.0126 12.0000
v -2838.9040 -2845.4453 12.0000
v -2837.0960 -2845.4453 12.0000
v -2835.3405 -2845.0126 12.0000
v -2833.7395 -2844.1724 12.0000
v -2832.3862 -2842.9734 12.0000
v -2831.3591 -2841.4854 12.0000
v -2830.7179 -2839.7949 12.0000
v -2830.5000 -2838.0000 12.0000
v -2830.5000 -2838.0000 0.0000
v -2830.5000 -2838.0000 0.0000
v -2830.7179 -2836.2051 0.0000
v -2831.3591 -2834.5146 0.0000
v -2832.3862 -2833.0266 0.0000
v -2833.7395 -2831.8276 0.0000
v -2835.3405 -2830.9874 0.0000
v -2837.0960 -2830.5547 0.0000
v -2838.9040 -2830.5547 0.0000
v -2840.6595 -2830.9874 0.0000
v -2842.2605 -2831.8276 0.0000
v -2843.6138 -2833.0266 0.0000
v -2844.6409 -2834.5146 0.0000
v -2845.2821 -2836.2051 0.0000
v -2845.5000 -2838.0000 0.0000
v -2845.2821 -2839.7949 0.0000
v -2844.6409 -2841.4854 0.0000
v -2843.6138 -2842.9734 0.0000
v -2842.2605 -2844.1724 0.0000
v -2840.6595 -2845.0126 0.0000
v -2838.9040 -2845.4453 0.0000
v -2837.0960 -2845.4453 0.0000
v -2835.3405 -2845.0126 0.0000
v -2833.7395 -2844.1724 0.0000
v -2832.3862 -2842.9734 0.0000
v -2831.3591 -2841.4854 0.0000
v -2830.7179 -2839.7949 0.0000
v -2879.6077 -2908.0000 12.0000
v -2900.3923 -2908.0000 12.0000
v -2910.7846 -2890.0000 12.0000
v -2900.3923 -2872.0000 12.0000
v -2879.6077 -2872.0000 12.0000
v -2869.2154 -2890.0000 12.0000
v -2869.2154 -2890.0000 12.0000
v -2879.6077 -2908.0000 12.0000
v -2869.2154 -2890.0000 64.0000
v -2879.6077 -2908.0000 64.0000
v -2879.6077 -2872.0000 64.0000
v -2869.2154 -2890.0000 64.0000
v -2900.3923 -2872.0000 64.0000
v -2910.7846 -2890.0000 64.0000
v -2900.3923 -2908.0000 64.0000
v -2879.6077 -2908.0000 64.0000
v -2879.6077 -2872.0000 12.0000
v -2869.2154 -2890.0000 12.0000
v -2879.6077 -2872.0000 64.0000
v -2869.2154 -2890.0000 64.0000
v -2900.3923 -2872.0000 12.0000
v -2879.6077 -2872.0000 12.0000
v -2900.3923 -2872.0000 64.0000
v -2879.6077 -2872.0000 64.0000
v -2910.7846 -2890.0000 12.0000
v -2900.3923 -2872.0000 12.0000
v -2910.7846 -2890.0000 64.0000
v -2900.3923 -2872.0000 64.0000
v -2900.3923 -2908.0000 12.0000
v -2910.7846 -2890.0000 12.0000
v -2900.3923 -2908.0000 64.0000
v -2910.7846 -2890.0000 64.0000
v -2879.6077 -2908.0000 12.0000
v -2900.3923 -2908.0000 12.0000
v -2879.6077 -2908.0000 64.0000
v -2900.3923 -2908.0000 64.0000
v -2875.0000 -2890.0000 108.0000
v -2875.4359 -2886.4103 108.0000
v -2876.7182 -2883.0292 108.0000
v -2878.7723 -2880.0532 108.0000
v -2881.4790 -2877.6552 108.0000
v -2884.6809 -2875.9748 108.0000
v -2888.1919 -2875.1094 108.0000
v -2891.8081 -2875.1094 108.0000
v -2895.3191 -2875.9748 108.0000
v -2898.5210 -2877.6552 108.0000
v -2901.2277 -2880.0532 108.0000
v -2903.2818 -2883.0292 108.0000
v -2904.5641 -2886.4103 108.0000
v -2905.0000 -2890.0000 108.0000
v -2904.5641 -2893.5897 108.0000
v -2903.2818 -2896.9708 108.0000
v -2901.2277 -2899.9468 108.0000
v -2898.5210 -2902.3448 108.0000
v -2895.3191 -2904.0252 108.0000
v -2891.8081 -2904.8906 108.0000
v -2888.1919 -2904.8906 108.0000
v -2884.6809 -2904.0252 108.0000
v -2881.4790 -2902.3448 108.0000
v -2878.7723 -2899.9468 108.0000
v -2876.7182 -2896.9708 108.0000
v -2875.4359 -2893.5897 108.0000
v -2875.0000 -2890.0000 108.0000
v -2875.0000 -2890.0000 64.0000
v -2875.0000 -2890.0000 64.0000
v -2875.4359 -2886.4103 64.0000
v -2876.7182 -2883.0292 64.0000
v -2878.7723 -2880.0532 64.0000
v -2881.4790 -2877.6552 64.0000
v -2884.6809 -2875.9748 64.0000
v -2888.1919 -2875.1094 64.0000
v -2891.8081 -2875.1094 64.0000
v -2895.3191 -2875.9748 64.0000
v -2898.5210 -2877.6552 64.0000
v -2901.2277 -2880.0532 64.0000
v -2903.2818 -2883.0292 64.0000
v -2904.5641 -2886.4103 64.0000
v -2905.0000 -2890.0000 64.0000
v -2904.5641 -2893.5897 64.0000
v -2903.2818 -2896.9708 64.0000
v -2901.2277 -2899.9468 64.0000
v -2898.5210 -2902.3448 64.0000
v -2895.3191 -2904.0252 64.0000
v -2891.8081 -2904.8906 64.0000
v -2888.1919 -2904.8906 64.0000
v -2884.6809 -2904.0252 64.0000
v -2881.4790 -2902.3448 64.0000
v -2878.7723 -2899.9468 64.0000
v -2876.7182 -2896.9708 64.0000
v -2875.4359 -2893.5897 64.0000
v -2875.0000 -2890.0000 108.0000
v -2875.4359 -2886.4103 108.0000
v -2876.7182 -2883.0292 108.0000
v -2878.7723 -2880.0532 108.0000
v -2881.4790 -2877.6552 108.0000
v -2884.6809 -2875.9748 108.0000
v -2888.1919 -2875.1094 108.0000
v -2891.8081 -2875.1094 108.0000
v -2895.3191 -2875.9748 108.0000
v -2898.5210 -2877.6552 108.0000
v -2901.2277 -2880.0532 108.0000
v -2903.2818 -2883.0292 108.0000
v -2904.5641 -2886.4103 108.0000
v -2905.0000 -2890.0000 108.0000
v -2904.5641 -2893.5897 108.0000
v -2903.2818 -2896.9708 108.0000
v -2901.2277 -2899.9468 108.0000
v -2898.5210 -2902.3448 108.0000
v -2895.3191 -2904.0252 108.0000
v -2891.8081 -2904.8906 108.0000
v -2888.1919 -2904.8906 108.0000
v -2884.6809 -2904.0252 108.0000
v -2881.4790 -2902.3448 108.0000
v -2878.7723 -2899.9468 108.0000
v -2876.7182 -2896.9708 108.0000
v -2875.4359 -2893.5897 108.0000
v -2875.0000 -2890.0000 64.0000
v -2875.4359 -2886.4103 64.0000
v -2876.7182 -2883.0292 64.0000
v -2878.7723 -2880.0532 64.0000
v -2881.4790 -2877.6552 64.0000
v -2884.6809 -2875.9748 64.0000
v -2888.1919 -2875.1094 64.0000
v -2891.8081 -2875.1094 64.0000
v -2895.3191 -2875.9748 64.0000
v -2898.5210 -2877.6552 64.0000
v -2901.2277 -2880.0532 64.0000
v -2903.2818 -2883.0292 64.0000
v -2904.5641 -2886.4103 64.0000
v -2905.0000 -2890.0000 64.0000
v -2904.5641 -2893.5897 64.0000
v -2903.2818 -2896.9708 64.0000
v -2901.2277 -2899.9468 64.0000
v -2898.5210 -2902.3448 64.0000
v -2895.3191 -2904.0252 64.0000
v -2891.8081 -2904.8906 64.0000
v -2888.1919 -2904.8906 64.0000
v -2884.6809 -2904.0252 64.0000
v -2881.4790 -2902.3448 64.0000
v -2878.7723 -2899.9468 64.0000
v -2876.7182 -2896.9708 64.0000
v -2875.4359 -2893.5897 64.0000
v -2874.1229 -2917.5000 108.0000
v -2905.8771 -2917.5000 108.0000
v -2921.7543 -2890.0000 108.0000
v -2905.8771 -2862.5000 108.0000
v -2874.1229 -2862.5000 108.0000
v -2858.2457 -2890.0000 108.0000
v -2858.2457 -2890.0000 108.0000
v -2874.1229 -2917.5000 108.0000
v -2858.2457 -2890.0000 138.0000
v -2874.1229 -2917.5000 138.0000
v -2874.1229 -2862.5000 138.0000
v -2858.2457 -2890.0000 138.0000
v -2905.8771 -2862.5000 138.0000
v -2921.7543 -2890.0000 138.0000
v -2905.8771 -2917.5000 138.0000
v -2874.1229 -2917.5000 138.0000
v -2874.1229 -2862.5000 108.0000
v -2858.2457 -2890.0000 108.0000
v -2874.1229 -2862.5000 138.0000
v -2858.2457 -2890.0000 138.0000
v -2905.8771 -2862.5000 108.0000
v -2874.1229 -2862.5000 108.0000
v -2905.8771 -2862.5000 138.0000
v -2874.1229 -2862.5000 138.0000
v -2921.7543 -2890.0000 108.0000
v -2905.8771 -2862.5000 108.0000
v -2921.7543 -2890.0000 138.0000
v -2905.8771 -2862.5000 138.0000
v -2905.8771 -2917.5000 108.0000
v -2921.7543 -2890.0000 108.0000
v -2905.8771 -2917.5000 138.0000
v -2921.7543 -2890.0000 138.0000
v -2874.1229 -2917.5000 108.0000
v -2905.8771 -2917.5000 108.0000
v -2874.1229 -2917.5000 138.0000
v -2905.8771 -2917.5000 138.0000
v -2837.0000 -2890.0000 150.0000
v -2837.9578 -2879.9697 150.0000
v -2840.7965 -2870.3019 150.0000
v -2845.4136 -2861.3460 150.0000
v -2851.6421 -2853.4258 150.0000
v -2859.2570 -2846.8275 150.0000
v -2867.9830 -2841.7895 150.0000
v -2877.5048 -2838.4940 150.0000
v -2887.4782 -2837.0600 150.0000
v -2897.5427 -2837.5395 150.0000
v -2907.3346 -2839.9150 150.0000
v -2916.5000 -2844.1007 150.0000
v -2924.7076 -2849.9453 150.0000
v -2931.6608 -2857.2376 150.0000
v -2937.1083 -2865.7140 150.0000
v -2940.8531 -2875.0682 150.0000
v -2942.7600 -2884.9620 150.0000
v -2942.7600 -2895.0380 150.0000
v -2940.8531 -2904.9318 150.0000
v -2937.1083 -2914.2860 150.0000
v -2931.6608 -2922.7624 150.0000
v -2924.7076 -2930.0547 150.0000
v -2916.5000 -2935.8993 150.0000
v -2907.3346 -2940.0850 150.0000
v -2897.5427 -2942.4605 150.0000
v -2887.4782 -2942.9400 150.0000
v -2877.5048 -2941.5060 150.0000
v -2867.9830 -2938.2105 150.0000
v -2859.2570 -2933.1725 150.0000
v -2851.6421 -2926.5742 150.0000
v -2845.4136 -2918.6540 150.0000
v -2840.7965 -2909.6981 150.0000
v -2837.9578 -2900.0303 150.0000
v -2837.0000 -2890.0000 150.0000
v -2837.0000 -2890.0000 138.0000
v -2837.0000 -2890.0000 138.0000
v -2837.9578 -2879.9697 138.0000
v -2840.7965 -2870.3019 138.0000
v -2845.4136 -2861.3460 138.0000
v -2851.6421 -2853.4258 138.0000
v -2859.2570 -2846.8275 138.0000
v -2867.9830 -2841.7895 138.0000
v -2877.5048 -2838.4940 138.0000
v -2887.4782 -2837.0600 138.0000
v -2897.5427 -2837.5395 138.0000
v -2907.3346 -2839.9150 138.0000
v -2916.5000 -2844.1007 138.0000
v -2924.7076 -2849.9453 138.0000
v -2931.6608 -2857.2376 138.0000
v -2937.1083 -2865.7140 138.0000
v -2940.8531 -2875.0682 138.0000
v -2942.7600 -2884.9620 138.0000
v -2942.7600 -2895.0380 138.0000
v -2940.8531 -2904.9318 138.0000
v -2937.1083 -2914.2860 138.0000
v -2931.6608 -2922.7624 138.0000
v -2924.7076 -2930.0547 138.0000
v -2916.5000 -2935.8993 138.0000
v -2907.3346 -2940.0850 138.0000
v -2897.5427 -2942.4605 138.0000
v -2887.4782 -2942.9400 138.0000
v -2877.5048 -2941.5060 138.0000
v -2867.9830 -2938.2105 138.0000
v -2859.2570 -2933.1725 138.0000
v -2851.6421 -2926.5742 138.0000
v -2845.4136 -2918.6540 138.0000
v -2840.7965 -2909.6981 138.0000
v -2837.9578 -2900.0303 138.0000
v -2837.0000 -2890.0000 150.0000
v -2837.9578 -2879.9697 150.0000
v -2840.7965 -2870.3019 150.0000
v -2845.4136 -2861.3460 150.0000
v -2851.6421 -2853.4258 150.0000
v -2859.2570 -2846.8275 150.0000
v -2867.9830 -2841.7895 150.0000
v -2877.5048 -2838.4940 150.0000
v -2887.4782 -2837.0600 150.0000
v -2897.5427 -2837.5395 150.0000
v -2907.3346 -2839.9150 150.0000
v -2916.5000 -2844.1007 150.0000
v -2924.7076 -2849.9453 150.0000
v -2931.6608 -2857.2376 150.0000
v -2937.1083 -2865.7140 150.0000
v -2940.8531 -2875.0682 150.0000
v -2942.7600 -2884.9620 150.0000
v -2942.7600 -2895.0380 150.0000
v -2940.8531 -2904.9318 150.0000
v -2937.1083 -2914.2860 150.0000
v -2931.6608 -2922.7624 150.0000
v -2924.7076 -2930.0547 150.0000
v -2916.5000 -2935.8993 150.0000
v -2907.3346 -2940.0850 150.0000
v -2897.5427 -2942.4605 150.0000
v -2887.4782 -2942.9400 150.0000
v -2877.5048 -2941.5060 150.0000
v -2867.9830 -2938.2105 150.0000
v -2859.2570 -2933.1725 150.0000
v -2851.6421 -2926.5742 150.0000
v -2845.4136 -2918.6540 150.0000
v -2840.7965 -2909.6981 150.0000
v -2837.9578 -2900.0303 150.0000
v -2837.0000 -2890.0000 138.0000
v -2837.9578 -2879.9697 138.0000
v -2840.7965 -2870.3019 138.0000
v -2845.4136 -2861.3460 138.0000
v -2851.6421 -2853.4258 138.0000
v -2859.2570 -2846.8275 138.0000
v -2867.9830 -2841.7895 138.0000
v -2877.5048 -2838.4940 138.0000
v -2887.4782 -2837.0600 138.0000
v -2897.5427 -2837.5395 138.0000
v -2907.3346 -2839.9150 138.0000
v -2916.5000 -2844.1007 138.0000
v -2924.7076 -2849.9453 138.0000
v -2931.6608 -2857.2376 138.0000
v -2937.1083 -2865.7140 138.0000
v -2940.8531 -2875.0682 138.0000
v -2942.7600 -2884.9620 138.0000
v -2942.7600 -2895.0380 138.0000
v -2940.8531 -2904.9318 138.0000
v -2937.1083 -2914.2860 138.0000
v -2931.6608 -2922.7624 138.0000
v -2924.7076 -2930.0547 138.0000
v -2916.5000 -2935.8993 138.0000
v -2907.3346 -2940.0850 138.0000
v -2897.5427 -2942.4605 138.0000
v -2887.4782 -2942.9400 138.0000
v -2877.5048 -2941.5060 138.0000
v -2867.9830 -2938.2105 138.0000
v -2859.2570 -2933.1725 138.0000
v -2851.6421 -2926.5742 138.0000
v -2845.4136 -2918.6540 138.0000
v -2840.7965 -2909.6981 138.0000
v -2837.9578 -2900.0303 138.0000
f 1222 1223 1221
f 1222 1224 1223
f 1228 1225 1226
f 1228 1227 1225
f 1250 1249 1229
f 1248 1229 1249
f 1251 1250 1229
f 1247 1229 1248
f 1252 1251 1229
f 1246 1229 1247
f 1253 1252 1229
f 1245 1229 1246
f 1254 1253 1229
f 1244 1229 1245
f 1301 1244 1243
f 1276 1256 1255
f 1276 1275 1256
f 1302 1243 1242
f 1302 1301 1243
f 1300 1244 1301
f 1274 1256 1275
f 1274 1257 1256
f 1274 1258 1257
f 1303 1242 1241
f 1303 1302 1242
f 1277 1255 1254
f 1277 1276 1255
f 1273 1233 1258
f 1273 1258 1274
f 1304 1241 1240
f 1304 1303 1241
f 1272 1233 1273
f 1305 1240 1239
f 1305 1304 1240
f 1271 1234 1233
f 1271 1233 1272
f 1306 1239 1238
f 1306 1305 1239
f 1270 1235 1234
f 1270 1236 1235
f 1270 1234 1271
f 1307 1238 1237
f 1307 1306 1238
f 1269 1236 1270
f 1231 1254 1229
f 1231 1278 1277
f 1231 1279 1278
f 1231 1280 1279
f 1231 1281 1280
f 1231 1277 1254
f 1230 1229 1244
f 1230 1296 1295
f 1230 1297 1296
f 1230 1298 1297
f 1230 1299 1298
f 1230 1300 1299
f 1230 1244 1300
f 1308 1307 1237
f 1308 1237 1236
f 1308 1236 1269
f 1282 1281 1231
f 1294 1230 1295
f 1283 1282 1231
f 1293 1230 1294
f 1284 1283 1231
f 1292 1230 1293
f 1259 1284 1231
f 1291 1230 1292
f 1260 1259 1231
f 1290 1230 1291
f 1261 1260 1231
f 1327 1308 1269
f 1328 1269 1268
f 1328 1327 1269
f 1326 1308 1327
f 1326 1309 1308
f 1326 1310 1309
f 1329 1267 1266
f 1329 1268 1267
f 1329 1328 1268
f 1325 1310 1326
f 1325 1285 1310
f 1330 1329 1266
f 1324 1285 1325
f 1324 1286 1285
f 1331 1330 1266
f 1331 1266 1265
f 1323 1286 1324
f 1332 1265 1264
f 1332 1331 1265
f 1322 1286 1323
f 1322 1287 1286
f 1333 1263 1262
f 1333 1264 1263
f 1333 1332 1264
f 1321 1288 1287
f 1321 1289 1288
f 1321 1287 1322
f 1334 1262 1261
f 1334 1333 1262
f 1320 1289 1321
f 1335 1334 1261
f 1232 1335 1261
f 1232 1336 1335
f 1232 1311 1336
f 1232 1261 1231
f 1232 1312 1311
f 1232 1313 1312
f 1232 1314 1313
f 1232 1315 1314
f 1232 1316 1315
f 1232 1317 1316
f 1232 1318 1317
f 1232 1319 1318
f 1232 1230 1290
f 1232 1290 1289
f 1232 1289 1319
f 1319 1289 1320
f 1340 1338 1337
f 1340 1337 1339
f 1362 1341 1361
f 1360 1361 1341
f 1363 1341 1362
f 1359 1360 1341
f 1364 1341 1363
f 1358 1359 1341
f 1365 1341 1364
f 1357 1358 1341
f 1366 1341 1365
f 1356 1357 1341
f 1413 1355 1356
f 1388 1367 1368
f 1388 1368 1387
f 1414 1354 1355
f 1414 1355 1413
f 1412 1413 1356
f 1386 1387 1368
f 1386 1368 1369
f 1386 1369 1370
f 1415 1353 1354
f 1415 1354 1414
f 1389 1366 1367
f 1389 1367 1388
f 1385 1370 1345
f 1385 1386 1370
f 1416 1352 1353
f 1416 1353 1415
f 1384 1385 1345
f 1417 1351 1352
f 1417 1352 1416
f 1383 1345 1346
f 1383 1384 1345
f 1418 1350 1351
f 1418 1351 1417
f 1382 1346 1347
f 1382 1347 1348
f 1382 1383 1346
f 1419 1349 1350
f 1419 1350 1418
f 1381 1382 1348
f 1343 1341 1366
f 1343 1389 1390
f 1343 1390 1391
f 1343 1391 1392
f 1343 1392 1393
f 1343 1366 1389
f 1342 1356 1341
f 1342 1407 1408
f 1342 1408 1409
f 1342 1409 1410
f 1342 1410 1411
f 1342 1411 1412
f 1342 1412 1356
f 1420 1349 1419
f 1420 1348 1349
f 1420 1381 1348
f 1394 1343 1393
f 1406 1407 1342
f 1395 1343 1394
f 1405 1406 1342
f 1396 1343 1395
f 1404 1405 1342
f 1371 1343 1396
f 1403 1404 1342
f 1372 1343 1371
f 1402 1403 1342
f 1373 1343 1372
f 1439 1381 1420
f 1440 1380 1381
f 1440 1381 1439
f 1438 1439 1420
f 1438 1420 1421
f 1438 1421 1422
f 1441 1378 1379
f 1441 1379 1380
f 1441 1380 1440
f 1437 1438 1422
f 1437 1422 1397
f 1442 1378 1441
f 1436 1437 1397
f 1436 1397 1398
f 1443 1378 1442
f 1443 1377 1378
f 1435 1436 1398
f 1444 1376 1377
f 1444 1377 1443
f 1434 1435 1398
f 1434 1398 1399
f 1445 1374 1375
f 1445 1375 1376
f 1445 1376 1444
f 1433 1399 1400
f 1433 1400 1401
f 1433 1434 1399
f 1446 1373 1374
f 1446 1374 1445
f 1432 1433 1401
f 1447 1373 1446
f 1344 1373 1447
f 1344 1447 1448
f 1344 1448 1423
f 1344 1343 1373
f 1344 1423 1424
f 1344 1424 1425
f 1344 1425 1426
f 1344 1426 1427
f 1344 1427 1428
f 1344 1428 1429
f 1344 1429 1430
f 1344 1430 1431
f 1344 1402 1342
f 1344 1401 1402
f 1344 1431 1401
f 1431 1432 1401
f 1450 1449 1451
f 1450 1451 1452
f 1454 1480 1453
f 1454 1482 1480
f 1455 1483 1482
f 1455 1484 1483
f 1455 1482 1454
f 1456 1484 1455
f 1457 1485 1484
f 1457 1486 1485
f 1457 1484 1456
f 1458 1487 1486
f 1458 1486 1457
f 1459 1487 1458
f 1460 1488 1487
f 1460 1487 1459
f 1461 1489 1488
f 1461 1490 1489
f 1461 1488 1460
f 1462 1490 1461
f 1463 1491 1490
f 1463 1490 1462
f 1464 1492 1491
f 1464 1493 1492
f 1464 1491 1463
f 1465 1493 1464
f 1466 1493 1465
f 1466 1494 1493
f 1466 1495 1494
f 1467 1495 1466
f 1467 1496 1495
f 1468 1496 1467
f 1469 1496 1468
f 1469 1497 1496
f 1470 1497 1469
f 1470 1498 1497
f 1470 1499 1498
f 1471 1499 1470
f 1471 1500 1499
f 1472 1500 1471
f 1473 1500 1472
f 1473 1501 1500
f 1473 1502 1501
f 1474 1502 1473
f 1475 1502 1474
f 1475 1503 1502
f 1475 1504 1503
f 1476 1504 1475
f 1477 1505 1504
f 1477 1506 1505
f 1477 1504 1476
f 1478 1506 1477
f 1479 1481 1506
f 1479 1506 1478
f 1508 1534 1507
f 1508 1536 1534
f 1509 1537 1536
f 1509 1538 1537
f 1509 1536 1508
f 1510 1538 1509
f 1511 1539 1538
f 1511 1540 1539
f 1511 1538 1510
f 1512 1541 1540
f 1512 1540 1511
f 1513 1541 1512
f 1514 1542 1541
f 1514 1541 1513
f 1515 1543 1542
f 1515 1544 1543
f 1515 1542 1514
f 1516 1544 1515
f 1517 1545 1544
f 1517 1544 1516
f 1518 1546 1545
f 1518 1547 1546
f 1518 1545 1517
f 1519 1547 1518
f 1520 1547 1519
f 1520 1548 1547
f 1520 1549 1548
f 1521 1549 1520
f 1521 1550 1549
f 1522 1550 1521
f 1523 1550 1522
f 1523 1551 1550
f 1524 1551 1523
f 1524 1552 1551
f 1524 1553 1552
f 1525 1553 1524
f 1525 1554 1553
f 1526 1554 1525
f 1527 1554 1526
f 1527 1555 1554
f 1527 1556 1555
f 1528 1556 1527
f 1529 1556 1528
f 1529 1557 1556
f 1529 1558 1557
f 1530 1558 1529
f 1531 1559 1558
f 1531 1560 1559
f 1531 1558 1530
f 1532 1560 1531
f 1533 1535 1560
f 1533 1560 1532
f 1562 1588 1561
f 1562 1590 1588
f 1563 1591 1590
f 1563 1592 1591
f 1563 1590 1562
f 1564 1592 1563
f 1565 1593 1592
f 1565 1594 1593
f 1565 1592 1564
f 1566 1595 1594
f 1566 1594 1565
f 1567 1595 1566
f 1568 1596 1595
f 1568 1595 1567
f 1569 1597 1596
f 1569 1598 1597
f 1569 1596 1568
f 1570 1598 1569
f 1571 1599 1598
f 1571 1598 1570
f 1572 1600 1599
f 1572 1601 1600
f 1572 1599 1571
f 1573 1601 1572
f 1574 1601 1573
f 1574 1602 1601
f 1574 1603 1602
f 1575 1603 1574
f 1575 1604 1603
f 1576 1604 1575
f 1577 1604 1576
f 1577 1605 1604
f 1578 1605 1577
f 1578 1606 1605
f 1578 1607 1606
f 1579 1607 1578
f 1579 1608 1607
f 1580 1608 1579
f 1581 1608 1580
f 1581 1609 1608
f 1581 1610 1609
f 1582 1610 1581
f 1583 1610 1582
f 1583 1611 1610
f 1583 1612 1611
f 1584 1612 1583
f 1585 1613 1612
f 1585 1614 1613
f 1585 1612 1584
f 1586 1614 1585
f 1587 1589 1614
f 1587 1614 1586
f 1616 1642 1615
f 1616 1644 1642
f 1617 1645 1644
f 1617 1646 1645
f 1617 1644 1616
f 1618 1646 1617
f 1619 1647 1646
f 1619 1648 1647
f 1619 1646 1618
f 1620 1649 1648
f 1620 1648 1619
f 1621 1649 1620
f 1622 1650 1649
f 1622 1649 1621
f 1623 1651 1650
f 1623 1652 1651
f 1623 1650 1622
f 1624 1652 1623
f 1625 1653 1652
f 1625 1652 1624
f 1626 1654 1653
f 1626 1655 1654
f 1626 1653 1625
f 1627 1655 1626
f 1628 1655 1627
f 1628 1656 1655
f 1628 1657 1656
f 1629 1657 1628
f 1629 1658 1657
f 1630 1658 1629
f 1631 1658 1630
f 1631 1659 1658
f 1632 1659 1631
f 1632 1660 1659
f 1632 1661 1660
f 1633 1661 1632
f 1633 1662 1661
f 1634 1662 1633
f 1635 1662 1634
f 1635 1663 1662
f 1635 1664 1663
f 1636 1664 1635
f 1637 1664 1636
f 1637 1665 1664
f 1637 1666 1665
f 1638 1666 1637
f 1639 1667 1666
f 1639 1668 1667
f 1639 1666 1638
f 1640 1668 1639
f 1641 1643 1668
f 1641 1668 1640
f 1671 1669 1670
f 1672 1673 1674
f 1672 1674 1669
f 1672 1669 1671
f 1677 1676 1675
f 1677 1678 1676
f 1681 1682 1683
f 1680 1683 1684
f 1680 1681 1683
f 1679 1681 1680
f 1687 1686 1685
f 1687 1688 1686
f 1692 1690 1689
f 1692 1689 1691
f 1695 1694 1693
f 1695 1696 1694
f 1699 1698 1697
f 1699 1700 1698
f 1701 1703 1704
f 1701 1704 1702
f 1706 1705 1732
f 1706 1732 1734
f 1707 1734 1735
f 1707 1735 1736
f 1707 1706 1734
f 1708 1707 1736
f 1709 1736 1737
f 1709 1737 1738
f 1709 1708 1736
f 1710 1709 1738
f 1711 1738 1739
f 1711 1710 1738
f 1712 1739 1740
f 1712 1711 1739
f 1713 1740 1741
f 1713 1712 1740
f 1714 1741 1742
f 1714 1742 1743
f 1714 1713 1741
f 1715 1714 1743
f 1716 1715 1743
f 1716 1743 1744
f 1717 1716 1744
f 1717 1744 1745
f 1717 1745 1746
f 1718 1717 1746
f 1719 1718 1746
f 1719 1746 1747
f 1719 1747 1748
f 1720 1719 1748
f 1721 1720 1748
f 1721 1748 1749
f 1722 1721 1749
f 1722 1749 1750
f 1723 1722 1750
f 1723 1750 1751
f 1723 1751 1752
f 1724 1723 1752
f 1725 1724 1752
f 1725 1752 1753
f 1725 1753 1754
f 1726 1725 1754
f 1727 1726 1754
f 1727 1754 1755
f 1727 1755 1756
f 1728 1727 1756
f 1729 1756 1757
f 1729 1728 1756
f 1730 1757 1758
f 1730 1758 1733
f 1730 1729 1757
f 1731 1730 1733
f 1779 1777 1778
f 1782 1775 1776
f 1782 1776 1777
f 1782 1779 1780
f 1782 1780 1781
f 1782 1777 1779
f 1784 1773 1774
f 1784 1774 1775
f 1784 1782 1783
f 1784 1775 1782
f 1766 1767 1768
f 1766 1768 1769
f 1760 1772 1773
f 1760 1784 1759
f 1760 1773 1784
f 1764 1765 1766
f 1761 1770 1771
f 1761 1771 1772
f 1761 1772 1760
f 1762 1763 1764
f 1762 1769 1770
f 1762 1766 1769
f 1762 1764 1766
f 1762 1770 1761
f 1805 1804 1803
f 1808 1802 1801
f 1808 1803 1802
f 1808 1806 1805
f 1808 1807 1806
f 1808 1805 1803
f 1810 1800 1799
f 1810 1801 1800
f 1810 1809 1808
f 1810 1808 1801
f 1792 1794 1793
f 1792 1795 1794
f 1786 1799 1798
f 1786 1785 1810
f 1786 1810 1799
f 1790 1792 1791
f 1787 1797 1796
f 1787 1798 1797
f 1787 1786 1798
f 1788 1790 1789
f 1788 1796 1795
f 1788 1795 1792
f 1788 1792 1790
f 1788 1787 1796
f 1815 1811 1812
f 1815 1816 1811
f 1814 1812 1813
f 1814 1815 1812
f 1819 1818 1817
f 1819 1820 1818
f 1823 1824 1825
f 1821 1825 1826
f 1821 1826 1822
f 1821 1823 1825
f 1829 1828 1827
f 1829 1830 1828
f 1834 1832 1831
f 1834 1831 1833
f 1837 1836 1835
f 1837 1838 1836
f 1839 1842 1840
f 1841 1842 1839
f 1844 1843 1845
f 1844 1845 1846
f 1848 1847 1881
f 1848 1881 1883
f 1849 1883 1884
f 1849 1848 1883
f 1850 1884 1885
f 1850 1849 1884
f 1851 1885 1886
f 1851 1886 1887
f 1851 1850 1885
f 1852 1851 1887
f 1853 1887 1888
f 1853 1852 1887
f 1854 1888 1889
f 1854 1853 1888
f 1855 1854 1889
f 1855 1889 1890
f 1856 1855 1890
f 1856 1890 1891
f 1857 1856 1891
f 1857 1891 1892
f 1858 1857 1892
f 1858 1892 1893
f 1859 1858 1893
f 1859 1893 1894
f 1860 1859 1894
f 1860 1894 1895
f 1860 1895 1896
f 1861 1860 1896
f 1862 1861 1896
f 1862 1896 1897
f 1863 1862 1897
f 1863 1897 1898
f 1864 1863 1898
f 1864 1898 1899
f 1865 1864 1899
f 1865 1899 1900
f 1866 1865 1900
f 1866 1900 1901
f 1867 1866 1901
f 1867 1901 1902
f 1867 1902 1903
f 1868 1867 1903
f 1869 1903 1904
f 1869 1868 1903
f 1870 1904 1905
f 1870 1869 1904
f 1871 1905 1906
f 1871 1870 1905
f 1872 1906 1907
f 1872 1871 1906
f 1873 1907 1908
f 1873 1872 1907
f 1874 1908 1909
f 1874 1873 1908
f 1875 1909 1910
f 1875 1874 1909
f 1876 1910 1911
f 1876 1875 1910
f 1877 1911 1912
f 1877 1876 1911
f 1878 1912 1913
f 1878 1877 1912
f 1879 1913 1914
f 1879 1878 1913
f 1880 1879 1914
f 1880 1914 1882
f 1932 1933 1934
f 1932 1934 1935
f 1941 1939 1940
f 1930 1931 1932
f 1929 1930 1932
f 1943 1941 1942
f 1928 1929 1932
f 1927 1935 1936
f 1927 1936 1937
f 1927 1937 1938
f 1927 1928 1932
f 1927 1932 1935
f 1946 1943 1944
f 1946 1944 1945
f 1946 1941 1943
f 1925 1926 1927
f 1925 1938 1939
f 1925 1927 1938
f 1916 1947 1915
f 1922 1923 1924
f 1922 1924 1925
f 1922 1925 1939
f 1917 1946 1947
f 1917 1947 1916
f 1918 1941 1946
f 1918 1946 1917
f 1920 1921 1922
f 1920 1939 1941
f 1920 1922 1939
f 1919 1941 1918
f 1919 1920 1941
f 1965 1967 1966
f 1965 1968 1967
f 1974 1973 1972
f 1963 1965 1964
f 1962 1965 1963
f 1976 1975 1974
f 1961 1965 1962
f 1960 1969 1968
f 1960 1970 1969
f 1960 1971 1970
f 1960 1965 1961
f 1960 1968 1965
f 1979 1977 1976
f 1979 1978 1977
f 1979 1976 1974
f 1958 1960 1959
f 1958 1972 1971
f 1958 1971 1960
f 1949 1948 1980
f 1955 1957 1956
f 1955 1958 1957
f 1955 1972 1958
f 1950 1980 1979
f 1950 1949 1980
f 1951 1979 1974
f 1951 1950 1979
f 1953 1955 1954
f 1953 1974 1972
f 1953 1972 1955
f 1952 1951 1974
f 1952 1974 1953

o support_1
usemtl mat_b8bdc2ff
v 2960.0000 -2960.0000 0.0000
v 2960.0000 -2960.0000 12.0000
v 2820.0000 -2960.0000 0.0000
v 2820.0000 -2960.0000 12.0000
v 2960.0000 -2960.0000 0.0000
v 2960.0000 -2820.0000 0.0000
v 2960.0000 -2960.0000 12.0000
v 2960.0000 -2820.0000 12.0000
v 2960.0000 -2960.0000 12.0000
v 2820.0000 -2960.0000 12.0000
v 2960.0000 -2820.0000 12.0000
v 2820.0000 -2820.0000 12.0000
v 2942.0000 -2934.5000 12.0000
v 2940.2051 -2934.7179 12.0000
v 2938.5146 -2935.3591 12.0000
v 2937.0266 -2936.3862 12.0000
v 2935.8276 -2937.7395 12.0000
v 2934.9874 -2939.3405 12.0000
v 2934.5547 -2941.0960 12.0000
v 2934.5547 -2942.9040 12.0000
v 2934.9874 -2944.6595 12.0000
v 2935.8276 -2946.2605 12.0000
v 2937.0266 -2947.6138 12.0000
v 2938.5146 -2948.6409 12.0000
v 2940.2051 -2949.2821 12.0000
v 2942.0000 -2949.5000 12.0000
v 2943.7949 -2949.2821 12.0000
v 2945.4854 -2948.6409 12.0000
v 2946.9734 -2947.6138 12.0000
v 2948.1724 -2946.2605 12.0000
v 2949.0126 -2944.6595 12.0000
v 2949.4453 -2942.9040 12.0000
v 2949.4453 -2941.0960 12.0000
v 2949.0126 -2939.3405 12.0000
v 2948.1724 -2937.7395 12.0000
v 2946.9734 -2936.3862 12.0000
v 2945.4854 -2935.3591 12.0000
v 2943.7949 -2934.7179 12.0000
v 2942.0000 -2830.5000 12.0000
v 2940.2051 -2830.7179 12.0000
v 2938.5146 -2831.3591 12.0000
v 2937.0266 -2832.3862 12.0000
v 2935.8276 -2833.7395 12.0000
v 2934.9874 -2835.3405 12.0000
v 2934.5547 -2837.0960 12.0000
v 2934.5547 -2838.9040 12.0000
v 2934.9874 -2840.6595 12.0000
v 2935.8276 -2842.2605 12.0000
v 2937.0266 -2843.6138 12.0000
v 2938.5146 -2844.6409 12.0000
v 2940.2051 -2845.2821 12.0000
v 2942.0000 -2845.5000 12.0000
v 2943.7949 -2845.2821 12.0000
v 2945.4854 -2844.6409 12.0000
v 2946.9734 -2843.6138 12.0000
v 2948.1724 -2842.2605 12.0000
v 2949.0126 -2840.6595 12.0000
v 2949.4453 -2838.9040 12.0000
v 2949.4453 -2837.0960 12.0000
v 2949.0126 -2835.3405 12.0000
v 2948.1724 -2833.7395 12.0000
v 2946.9734 -2832.3862 12.0000
v 2945.4854 -2831.3591 12.0000
v 2943.7949 -2830.7179 12.0000
v 2838.0000 -2934.5000 12.0000
v 2836.2051 -2934.7179 12.0000
v 2834.5146 -2935.3591 12.0000
v 2833.0266 -2936.3862 12.0000
v 2831.8276 -2937.7395 12.0000
v 2830.9874 -2939.3405 12.0000
v 2830.5547 -2941.0960 12.0000
v 2830.5547 -2942.9040 12.0000
v 2830.9874 -2944.6595 12.0000
v 2831.8276 -2946.2605 12.0000
v 2833.0266 -2947.6138 12.0000
v 2834.5146 -2948.6409 12.0000
v 2836.2051 -2949.2821 12.0000
v 2838.0000 -2949.5000 12.0000
v 2839.7949 -2949.2821 12.0000
v 2841.4854 -2948.6409 12.0000
v 2842.9734 -2947.6138 12.0000
v 2844.1724 -2946.2605 12.0000
v 2845.0126 -2944.6595 12.0000
v 2845.4453 -2942.9040 12.0000
v 2845.4453 -2941.0960 12.0000
v 2845.0126 -2939.3405 12.0000
v 2844.1724 -2937.7395 12.0000
v 2842.9734 -2936.3862 12.0000
v 2841.4854 -2935.3591 12.0000
v 2839.7949 -2934.7179 12.0000
v 2838.0000 -2830.5000 12.0000
v 2836.2051 -2830.7179 12.0000
v 2834.5146 -2831.3591 12.0000
v 2833.0266 -2832.3862 12.0000
v 2831.8276 -2833.7395 12.0000
v 2830.9874 -2835.3405 12.0000
v 2830.5547 -2837.0960 12.0000
v 2830.5547 -2838.9040 12.0000
v 2830.9874 -2840.6595 12.0000
v 2831.8276 -2842.2605 12.0000
v 2833.0266 -2843.6138 12.0000
v 2834.5146 -2844.6409 12.0000
v 2836.2051 -2845.2821 12.0000
v 2838.0000 -2845.5000 12.0000
v 2839.7949 -2845.2821 12.0000
v 2841.4854 -2844.6409 12.0000
v 2842.9734 -2843.6138 12.0000
v 2844.1724 -2842.2605 12.0000
v 2845.0126 -2840.6595 12.0000
v 2845.4453 -2838.9040 12.0000
v 2845.4453 -2837.0960 12.0000
v 2845.0126 -2835.3405 12.0000
v 2844.1724 -2833.7395 12.0000
v 2842.9734 -2832.3862 12.0000
v 2841.4854 -2831.3591 12.0000
v 2839.7949 -2830.7179 12.0000
v 2820.0000 -2960.0000 0.0000
v 2820.0000 -2820.0000 0.0000
v 2820.0000 -2960.0000 12.0000
v 2820.0000 -2820.0000 12.0000
v 2960.0000 -2960.0000 0.0000
v 2820.0000 -2960.0000 0.0000
v 2960.0000 -2820.0000 0.0000
v 2820.0000 -2820.0000 0.0000
v 2942.0000 -2934.5000 0.0000
v 2940.2051 -2934.7179 0.0000
v 2938.5146 -2935.3591 0.0000
v 2937.0266 -2936.3862 0.0000
v 2935.8276 -2937.7395 0.0000
v 2934.9874 -2939.3405 0.0000
v 2934.5547 -2941.0960 0.0000
v 2934.5547 -2942.9040 0.0000
v 2934.9874 -2944.6595 0.0000
v 2935.8276 -2946.2605 0.0000
v 2937.0266 -2947.6138 0.0000
v 2938.5146 -2948.6409 0.0000
v 2940.2051 -2949.2821 0.0000
v 2942.0000 -2949.5000 0.0000
v 2943.7949 -2949.2821 0.0000
v 2945.4854 -2948.6409 0.0000
v 2946.9734 -2947.6138 0.0000
v 2948.1724 -2946.2605 0.0000
v 2949.0126 -2944.6595 0.0000
v 2949.4453 -2942.9040 0.0000
v 2949.4453 -2941.0960 0.0000
v 2949.0126 -2939.3405 0.0000
v 2948.1724 -2937.7395 0.0000
v 2946.9734 -2936.3862 0.0000
v 2945.4854 -2935.3591 0.0000
v 2943.7949 -2934.7179 0.0000
v 2942.0000 -2830.5000 0.0000
v 2940.2051 -2830.7179 0.0000
v 2938.5146 -2831.3591 0.0000
v 2937.0266 -2832.3862 0.0000
v 2935.8276 -2833.7395 0.0000
v 2934.9874 -2835.3405 0.0000
v 2934.5547 -2837.0960 0.0000
v 2934.5547 -2838.9040 0.0000
v 2934.9874 -2840.6595 0.0000
v 2935.8276 -2842.2605 0.0000
v 2937.0266 -2843.6138 0.0000
v 2938.5146 -2844.6409 0.0000
v 2940.2051 -2845.2821 0.0000
v 2942.0000 -2845.5000 0.0000
v 2943.7949 -2845.2821 0.0000
v 2945.4854 -2844.6409 0.0000
v 2946.9734 -2843.6138 0.0000
v 2948.1724 -2842.2605 0.0000
v 2949.0126 -2840.6595 0.0000
v 2949.4453 -2838.9040 0.0000
v 2949.4453 -2837.0960 0.0000
v 2949.0126 -2835.3405 0.0000
v 2948.1724 -2833.7395 0.0000
v 2946.9734 -2832.3862 0.0000
v 2945.4854 -2831.3591 0.0000
v 2943.7949 -2830.7179 0.0000
v 2838.0000 -2934.5000 0.0000
v 2836.2051 -2934.7179 0.0000
v 2834.5146 -2935.3591 0.0000
v 2833.0266 -2936.3862 0.0000
v 2831.8276 -2937.7395 0.0000
v 2830.9874 -2939.3405 0.0000
v 2830.5547 -2941.0960 0.0000
v 2830.5547 -2942.9040 0.0000
v 2830.9874 -2944.6595 0.0000
v 2831.8276 -2946.2605 0.0000
v 2833.0266 -2947.6138 0.0000
v 2834.5146 -2948.6409 0.0000
v 2836.2051 -2949.2821 0.0000
v 2838.0000 -2949.5000 0.0000
v 2839.7949 -2949.2821 0.0000
v 2841.4854 -2948.6409 0.0000
v 2842.9734 -2947.6138 0.0000
v 2844.1724 -2946.2605 0.0000
v 2845.0126 -2944.6595 0.0000
v 2845.4453 -2942.9040 0.0000
v 2845.4453 -2941.0960 0.0000
v 2845.0126 -2939.3405 0.0000
v 2844.1724 -2937.7395 0.0000
v 2842.9734 -2936.3862 0.0000
v 2841.4854 -2935.3591 0.0000
v 2839.7949 -2934.7179 0.0000
v 2838.0000 -2830.5000 0.0000
v 2836.2051 -2830.7179 0.0000
v 2834.5146 -2831.3591 0.0000
v 2833.0266 -2832.3862 0.0000
v 2831.8276 -2833.7395 0.0000
v 2830.9874 -2835.3405 0.0000
v 2830.5547 -2837.0960 0.0000
v 2830.5547 -2838.9040 0.0000
v 2830.9874 -2840.6595 0.0000
v 2831.8276 -2842.2605 0.0000
v 2833.0266 -2843.6138 0.0000
v 2834.5146 -2844.6409 0.0000
v 2836.2051 -2845.2821 0.0000
v 2838.0000 -2845.5000 0.0000
v 2839.7949 -2845.2821 0.0000
v 2841.4854 -2844.6409 0.0000
v 2842.9734 -2843.6138 0.0000
v 2844.1724 -2842.2605 0.0000
v 2845.0126 -2840.6595 0.0000
v 2845.4453 -2838.9040 0.0000
v 2845.4453 -2837.0960 0.0000
v 2845.0126 -2835.3405 0.0000
v 2844.1724 -2833.7395 0.0000
v 2842.9734 -2832.3862 0.0000
v 2841.4854 -2831.3591 0.0000
v 2839.7949 -2830.7179 0.0000
v 2960.0000 -2820.0000 0.0000
v 2960.0000 -2820.0000 12.0000
v 2820.0000 -2820.0000 0.0000
v 2820.0000 -2820.0000 12.0000
v 2942.0000 -2934.5000 12.0000
v 2940.2051 -2934.7179 12.0000
v 2938.5146 -2935.3591 12.0000
v 2937.0266 -2936.3862 12.0000
v 2935.8276 -2937.7395 12.0000
v 2934.9874 -2939.3405 12.0000
v 2934.5547 -2941.0960 12.0000
v 2934.5547 -2942.9040 12.0000
v 2934.9874 -2944.6595 12.0000
v 2935.8276 -2946.2605 12.0000
v 2937.0266 -2947.6138 12.0000
v 2938.5146 -2948.6409 12.0000
v 2940.2051 -2949.2821 12.0000
v 2942.0000 -2949.5000 12.0000
v 2943.7949 -2949.2821 12.0000
v 2945.4854 -2948.6409 12.0000
v 2946.9734 -2947.6138 12.0000
v 2948.1724 -2946.2605 12.0000
v 2949.0126 -2944.6595 12.0000
v 2949.4453 -2942.9040 12.0000
v 2949.4453 -2941.0960 12.0000
v 2949.0126 -2939.3405 12.0000
v 2948.1724 -2937.7395 12.0000
v 2946.9734 -2936.3862 12.0000
v 2945.4854 -2935.3591 12.0000
v 2943.7949 -2934.7179 12.0000
v 2942.0000 -2934.5000 12.0000
v 2942.0000 -2934.5000 0.0000
v 2942.0000 -2934.5000 0.0000
v 2940.2051 -2934.7179 0.0000
v 2938.5146 -2935.3591 0.0000
v 2937.0266 -2936.3862 0.0000
v 2935.8276 -2937.7395 0.0000
v 2934.9874 -2939.3405 0.0000
v 2934.5547 -2941.0960 0.0000
v 2934.5547 -2942.9040 0.0000
v 2934.9874 -2944.6595 0.0000
v 2935.8276 -2946.2605 0.0000
v 2937.0266 -2947.6138 0.0000
v 2938.5146 -2948.6409 0.0000
v 2940.2051 -2949.2821 0.0000
v 2942.0000 -2949.5000 0.0000
v 2943.7949 -2949.2821 0.0000
v 2945.4854 -2948.6409 0.0000
v 2946.9734 -2947.6138 0.0000
v 2948.1724 -2946.2605 0.0000
v 2949.0126 -2944.6595 0.0000
v 2949.4453 -2942.9040 0.0000
v 2949.4453 -2941.0960 0.0000
v 2949.0126 -2939.3405 0.0000
v 2948.1724 -2937.7395 0.0000
v 2946.9734 -2936.3862 0.0000
v 2945.4854 -2935.3591 0.0000
v 2943.7949 -2934.7179 0.0000
v 2942.0000 -2830.5000 12.0000
v 2940.2051 -2830.7179 12.0000
v 2938.5146 -2831.3591 12.0000
v 2937.0266 -2832.3862 12.0000
v 2935.8276 -2833.7395 12.0000
v 2934.9874 -2835.3405 12.0000
v 2934.5547 -2837.0960 12.0000
v 2934.5547 -2838.9040 12.0000
v 2934.9874 -2840.6595 12.0000
v 2935.8276 -2842.2605 12.0000
v 2937.0266 -2843.6138 12.0000
v 2938.5146 -2844.6409 12.0000
v 2940.2051 -2845.2821 12.0000
v 2942.0000 -2845.5000 12.0000
v 2943.7949 -2845.2821 12.0000
v 2945.4854 -2844.6409 12.0000
v 2946.9734 -2843.6138 12.0000
v 2948.1724 -2842.2605 12.0000
v 2949.0126 -2840.6595 12.0000
v 2949.4453 -2838.9040 12.0000
v 2949.4453 -2837.0960 12.0000
v 2949.0126 -2835.3405 12.0000
v 2948.1724 -2833.7395 12.0000
v 2946.9734 -2832.3862 12.0000
v 2945.4854 -2831.3591 12.0000
v 2943.7949 -2830.7179 12.0000
v 2942.0000 -2830.5000 12.0000
v 2942.0000 -2830.5000 0.0000
v 2942.0000 -2830.5000 0.0000
v 2940.2051 -2830.7179 0.0000
v 2938.5146 -2831.3591 0.0000
v 2937.0266 -2832.3862 0.0000
v 2935.8276 -2833.7395 0.0000
v 2934.9874 -2835.3405 0.0000
v 2934.5547 -2837.0960 0.0000
v 2934.5547 -2838.9040 0.0000
v 2934.9874 -2840.6595 0.0000
v 2935.8276 -2842.2605 0.0000
v 2937.0266 -2843.6138 0.0000
v 2938.5146 -2844.6409 0.0000
v 2940.2051 -2845.2821 0.0000
v 2942.0000 -2845.5000 0.0000
v 2943.7949 -2845.2821 0.0000
v 2945.4854 -2844.6409 0.0000
v 2946.9734 -2843.6138 0.0000
v 2948.1724 -2842.2605 0.0000
v 2949.0126 -2840.6595 0.0000
v 2949.4453 -2838.9040 0.0000
v 2949.4453 -2837.0960 0.0000
v 2949.0126 -2835.3405 0.0000
v 2948.1724 -2833.7395 0.0000
v 2946.9734 -2832.3862 0.0000
v 2945.4854 -2831.3591 0.0000
v 2943.7949 -2830.7179 0.0000
v 2838.0000 -2934.5000 12.0000
v 2836.2051 -2934.7179 12.0000
v 2834.5146 -2935.3591 12.0000
v 2833.0266 -2936.3862 12.0000
v 2831.8276 -2937.7395 12.0000
v 2830.9874 -2939.3405 12.0000
v 2830.5547 -2941.0960 12.0000
v 2830.5547 -2942.9040 12.0000
v 2830.9874 -2944.6595 12.0000
v 2831.8276 -2946.2605 12.0000
v 2833.0266 -2947.6138 12.0000
v 2834.5146 -2948.6409 12.0000
v 2836.2051 -2949.2821 12.0000
v 2838.0000 -2949.5000 12.0000
v 2839.7949 -2949.2821 12.0000
v 2841.4854 -2948.6409 12.0000
v 2842.9734 -2947.6138 12.0000
v 2844.1724 -2946.2605 12.0000
v 2845.0126 -2944.6595 12.0000
v 2845.4453 -2942.9040 12.0000
v 2845.4453 -2941.0960 12.0000
v 2845.0126 -2939.3405 12.0000
v 2844.1724 -2937.7395 12.0000
v 2842.9734 -2936.3862 12.0000
v 2841.4854 -2935.3591 12.0000
v 2839.7949 -2934.7179 12.0000
v 2838.0000 -2934.5000 12.0000
v 2838.0000 -2934.5000 0.0000
v 2838.0000 -2934.5000 0.0000
v 2836.2051 -2934.7179 0.0000
v 2834.5146 -2935.3591 0.0000
v 2833.0266 -2936.3862 0.0000
v 2831.8276 -2937.7395 0.0000
v 2830.9874 -2939.3405 0.0000
v 2830.5547 -2941.0960 0.0000
v 2830.5547 -2942.9040 0.0000
v 2830.9874 -2944.6595 0.0000
v 2831.8276 -2946.2605 0.0000
v 2833.0266 -2947.6138 0.0000
v 2834.5146 -2948.6409 0.0000
v 2836.2051 -2949.2821 0.0000
v 2838.0000 -2949.5000 0.0000
v 2839.7949 -2949.2821 0.0000
v 2841.4854 -2948.6409 0.0000
v 2842.9734 -2947.6138 0.0000
v 2844.1724 -2946.2605 0.0000
v 2845.0126 -2944.6595 0.0000
v 2845.4453 -2942.9040 0.0000
v 2845.4453 -2941.0960 0.0000
v 2845.0126 -2939.3405 0.0000
v 2844.1724 -2937.7395 0.0000
v 2842.9734 -2936.3862 0.0000
v 2841.4854 -2935.3591 0.0000
v 2839.7949 -2934.7179 0.0000
v 2838.0000 -2830.5000 12.0000
v 2836.2051 -2830.7179 12.0000
v 2834.5146 -2831.3591 12.0000
v 2833.0266 -2832.3862 12.0000
v 2831.8276 -2833.7395 12.0000
v 2830.9874 -2835.3405 12.0000
v 2830.5547 -2837.0960 12.0000
v 2830.5547 -2838.9040 12.0000
v 2830.9874 -2840.6595 12.0000
v 2831.8276 -2842.2605 12.0000
v 2833.0266 -2843.6138 12.0000
v 2834.5146 -2844.6409 12.0000
v 2836.2051 -2845.2821 12.0000
v 2838.0000 -2845.5000 12.0000
v 2839.7949 -2845.2821 12.0000
v 2841.4854 -2844.6409 12.0000
v 2842.9734 -2843.6138 12.0000
v 2844.1724 -2842.2605 12.0000
v 2845.0126 -2840.6595 12.0000
v 2845.4453 -2838.9040 12.0000
v 2845.4453 -2837.0960 12.0000
v 2845.0126 -2835.3405 12.0000
v 2844.1724 -2833.7395 12.0000
v 2842.9734 -2832.3862 12.0000
v 2841.4854 -2831.3591 12.0000
v 2839.7949 -2830.7179 12.0000
v 2838.0000 -2830.5000 12.0000
v 2838.0000 -2830.5000 0.0000
v 2838.0000 -2830.5000 0.0000
v 2836.2051 -2830.7179 0.0000
v 2834.5146 -2831.3591 0.0000
v 2833.0266 -2832.3862 0.0000
v 2831.8276 -2833.7395 0.0000
v 2830.9874 -2835.3405 0.0000
v 2830.5547 -2837.0960 0.0000
v 2830.5547 -2838.9040 0.0000
v 2830.9874 -2840.6595 0.0000
v 2831.8276 -2842.2605 0.0000
v 2833.0266 -2843.6138 0.0000
v 2834.5146 -2844.6409 0.0000
v 2836.2051 -2845.2821 0.0000
v 2838.0000 -2845.5000 0.0000
v 2839.7949 -2845.2821 0.0000
v 2841.4854 -2844.6409 0.0000
v 2842.9734 -2843.6138 0.0000
v 2844.1724 -2842.2605 0.0000
v 2845.0126 -2840.6595 0.0000
v 2845.4453 -2838.9040 0.0000
v 2845.4453 -2837.0960 0.0000
v 2845.0126 -2835.3405 0.0000
v 2844.1724 -2833.7395 0.0000
v 2842.9734 -2832.3862 0.0000
v 2841.4854 -2831.3591 0.0000
v 2839.7949 -2830.7179 0.0000
v 2908.0000 -2879.6077 12.0000
v 2908.0000 -2900.3923 12.0000
v 2890.0000 -2910.7846 12.0000
v 2872.0000 -2900.3923 12.0000
v 2872.0000 -2879.6077 12.0000
v 2890.0000 -2869.2154 12.0000
v 2890.0000 -2869.2154 12.0000
v 2908.0000 -2879.6077 12.0000
v 2890.0000 -2869.2154 64.0000
v 2908.0000 -2879.6077 64.0000
v 2872.0000 -2879.6077 64.0000
v 2890.0000 -2869.2154 64.0000
v 2872.0000 -2900.3923 64.0000
v 2890.0000 -2910.7846 64.0000
v 2908.0000 -2900.3923 64.0000
v 2908.0000 -2879.6077 64.0000
v 2872.0000 -2879.6077 12.0000
v 2890.0000 -2869.2154 12.0000
v 2872.0000 -2879.6077 64.0000
v 2890.0000 -2869.2154 64.0000
v 2872.0000 -2900.3923 12.0000
v 2872.0000 -2879.6077 12.0000
v 2872.0000 -2900.3923 64.0000
v 2872.0000 -2879.6077 64.0000
v 2890.0000 -2910.7846 12.0000
v 2872.0000 -2900.3923 12.0000
v 2890.0000 -2910.7846 64.0000
v 2872.0000 -2900.3923 64.0000
v 2908.0000 -2900.3923 12.0000
v 2890.0000 -2910.7846 12.0000
v 2908.0000 -2900.3923 64.0000
v 2890.0000 -2910.7846 64.0000
v 2908.0000 -2879.6077 12.0000
v 2908.0000 -2900.3923 12.0000
v 2908.0000 -2879.6077 64.0000
v 2908.0000 -2900.3923 64.0000
v 2890.0000 -2875.0000 108.0000
v 2886.4103 -2875.4359 108.0000
v 2883.0292 -2876.7182 108.0000
v 2880.0532 -2878.7723 108.0000
v 2877.6552 -2881.4790 108.0000
v 2875.9748 -2884.6809 108.0000
v 2875.1094 -2888.1919 108.0000
v 2875.1094 -2891.8081 108.0000
v 2875.9748 -2895.3191 108.0000
v 2877.6552 -2898.5210 108.0000
v 2880.0532 -2901.2277 108.0000
v 2883.0292 -2903.2818 108.0000
v 2886.4103 -2904.5641 108.0000
v 2890.0000 -2905.0000 108.0000
v 2893.5897 -2904.5641 108.0000
v 2896.9708 -2903.2818 108.0000
v 2899.9468 -2901.2277 108.0000
v 2902.3448 -2898.5210 108.0000
v 2904.0252 -2895.3191 108.0000
v 2904.8906 -2891.8081 108.0000
v 2904.8906 -2888.1919 108.0000
v 2904.0252 -2884.6809 108.0000
v 2902.3448 -2881.4790 108.0000
v 2899.9468 -2878.7723 108.0000
v 2896.9708 -2876.7182 108.0000
v 2893.5897 -2875.4359 108.0000
v 2890.0000 -2875.0000 108.0000
v 2890.0000 -2875.0000 64.0000
v 2890.0000 -2875.0000 64.0000
v 2886.4103 -2875.4359 64.0000
v 2883.0292 -2876.7182 64.0000
v 2880.0532 -2878.7723 64.0000
v 2877.6552 -2881.4790 64.0000
v 2875.9748 -2884.6809 64.0000
v 2875.1094 -2888.1919 64.0000
v 2875.1094 -2891.8081 64.0000
v 2875.9748 -2895.3191 64.0000
v 2877.6552 -2898.5210 64.0000
v 2880.0532 -2901.2277 64.0000
v 2883.0292 -2903.2818 64.0000
v 2886.4103 -2904.5641 64.0000
v 2890.0000 -2905.0000 64.0000
v 2893.5897 -2904.5641 64.0000
v 2896.9708 -2903.2818 64.0000
v 2899.9468 -2901.2277 64.0000
v 2902.3448 -2898.5210 64.0000
v 2904.0252 -2895.3191 64.0000
v 2904.8906 -2891.8081 64.0000
v 2904.8906 -2888.1919 64.0000
v 2904.0252 -2884.6809 64.0000
v 2902.3448 -2881.4790 64.0000
v 2899.9468 -2878.7723 64.0000
v 2896.9708 -2876.7182 64.0000
v 2893.5897 -2875.4359 64.0000
v 2890.0000 -2875.0000 108.0000
v 2886.4103 -2875.4359 108.0000
v 2883.0292 -2876.7182 108.0000
v 2880.0532 -2878.7723 108.0000
v 2877.6552 -2881.4790 108.0000
v 2875.9748 -2884.6809 108.0000
v 2875.1094 -2888.1919 108.0000
v 2875.1094 -2891.8081 108.0000
v 2875.9748 -2895.3191 108.0000
v 2877.6552 -2898.5210 108.0000
v 2880.0532 -2901.2277 108.0000
v 2883.0292 -2903.2818 108.0000
v 2886.4103 -2904.5641 108.0000
v 2890.0000 -2905.0000 108.0000
v 2893.5897 -2904.5641 108.0000
v 2896.9708 -2903.2818 108.0000
v 2899.9468 -2901.2277 108.0000
v 2902.3448 -2898.5210 108.0000
v 2904.0252 -2895.3191 108.0000
v 2904.8906 -2891.8081 108.0000
v 2904.8906 -2888.1919 108.0000
v 2904.0252 -2884.6809 108.0000
v 2902.3448 -2881.4790 108.0000
v 2899.9468 -2878.7723 108.0000
v 2896.9708 -2876.7182 108.0000
v 2893.5897 -2875.4359 108.0000
v 2890.0000 -2875.0000 64.0000
v 2886.4103 -2875.4359 64.0000
v 2883.0292 -2876.7182 64.0000
v 2880.0532 -2878.7723 64.0000
v 2877.6552 -2881.4790 64.0000
v 2875.9748 -2884.6809 64.0000
v 2875.1094 -2888.1919 64.0000
v 2875.1094 -2891.8081 64.0000
v 2875.9748 -2895.3191 64.0000
v 2877.6552 -2898.5210 64.0000
v 2880.0532 -2901.2277 64.0000
v 2883.0292 -2903.2818 64.0000
v 2886.4103 -2904.5641 64.0000
v 2890.0000 -2905.0000 64.0000
v 2893.5897 -2904.5641 64.0000
v 2896.9708 -2903.2818 64.0000
v 2899.9468 -2901.2277 64.0000
v 2902.3448 -2898.5210 64.0000
v 2904.0252 -2895.3191 64.0000
v 2904.8906 -2891.8081 64.0000
v 2904.8906 -2888.1919 64.0000
v 2904.0252 -2884.6809 64.0000
v 2902.3448 -2881.4790 64.0000
v 2899.9468 -2878.7723 64.0000
v 2896.9708 -2876.7182 64.0000
v 2893.5897 -2875.4359 64.0000
v 2917.5000 -2874.1229 108.0000
v 2917.5000 -2905.8771 108.0000
v 2890.0000 -2921.7543 108.0000
v 2862.5000 -2905.8771 108.0000
v 2862.5000 -2874.1229 108.0000
v 2890.0000 -2858.2457 108.0000
v 2890.0000 -2858.2457 108.0000
v 2917.5000 -2874.1229 108.0000
v 2890.0000 -2858.2457 138.0000
v 2917.5000 -2874.1229 138.0000
v 2862.5000 -2874.1229 138.0000
v 2890.0000 -2858.2457 138.0000
v 2862.5000 -2905.8771 138.0000
v 2890.0000 -2921.7543 138.0000
v 2917.5000 -2905.8771 138.0000
v 2917.5000 -2874.1229 138.0000
v 2862.5000 -2874.1229 108.0000
v 2890.0000 -2858.2457 108.0000
v 2862.5000 -2874.1229 138.0000
v 2890.0000 -2858.2457 138.0000
v 2862.5000 -2905.8771 108.0000
v 2862.5000 -2874.1229 108.0000
v 2862.5000 -2905.8771 138.0000
v 2862.5000 -2874.1229 138.0000
v 2890.0000 -2921.7543 108.0000
v 2862.5000 -2905.8771 108.0000
v 2890.0000 -2921.7543 138.0000
v 2862.5000 -2905.8771 138.0000
v 2917.5000 -2905.8771 108.0000
v 2890.0000 -2921.7543 108.0000
v 2917.5000 -2905.8771 138.0000
v 2890.0000 -2921.7543 138.0000
v 2917.5000 -2874.1229 108.0000
v 2917.5000 -2905.8771 108.0000
v 2917.5000 -2874.1229 138.0000
v 2917.5000 -2905.8771 138.0000
v 2890.0000 -2837.0000 150.0000
v 2879.9697 -2837.9578 150.0000
v 2870.3019 -2840.7965 150.0000
v 2861.3460 -2845.4136 150.0000
v 2853.4258 -2851.6421 150.0000
v 2846.8275 -2859.2570 150.0000
v 2841.7895 -2867.9830 150.0000
v 2838.4940 -2877.5048 150.0000
v 2837.0600 -2887.4782 150.0000
v 2837.5395 -2897.5427 150.0000
v 2839.9150 -2907.3346 150.0000
v 2844.1007 -2916.5000 150.0000
v 2849.9453 -2924.7076 150.0000
v 2857.2376 -2931.6608 150.0000
v 2865.7140 -2937.1083 150.0000
v 2875.0682 -2940.8531 150.0000
v 2884.9620 -2942.7600 150.0000
v 2895.0380 -2942.7600 150.0000
v 2904.9318 -2940.8531 150.0000
v 2914.2860 -2937.1083 150.0000
v 2922.7624 -2931.6608 150.0000
v 2930.0547 -2924.7076 150.0000
v 2935.8993 -2916.5000 150.0000
v 2940.0850 -2907.3346 150.0000
v 2942.4605 -2897.5427 150.0000
v 2942.9400 -2887.4782 150.0000
v 2941.5060 -2877.5048 150.0000
v 2938.2105 -2867.9830 150.0000
v 2933.1725 -2859.2570 150.0000
v 2926.5742 -2851.6421 150.0000
v 2918.6540 -2845.4136 150.0000
v 2909.6981 -2840.7965 150.0000
v 2900.0303 -2837.9578 150.0000
v 2890.0000 -2837.0000 150.0000
v 2890.0000 -2837.0000 138.0000
v 2890.0000 -2837.0000 138.0000
v 2879.9697 -2837.9578 138.0000
v 2870.3019 -2840.7965 138.0000
v 2861.3460 -2845.4136 138.0000
v 2853.4258 -2851.6421 138.0000
v 2846.8275 -2859.2570 138.0000
v 2841.7895 -2867.9830 138.0000
v 2838.4940 -2877.5048 138.0000
v 2837.0600 -2887.4782 138.0000
v 2837.5395 -2897.5427 138.0000
v 2839.9150 -2907.3346 138.0000
v 2844.1007 -2916.5000 138.0000
v 2849.9453 -2924.7076 138.0000
v 2857.2376 -2931.6608 138.0000
v 2865.7140 -2937.1083 138.0000
v 2875.0682 -2940.8531 138.0000
v 2884.9620 -2942.7600 138.0000
v 2895.0380 -2942.7600 138.0000
v 2904.9318 -2940.8531 138.0000
v 2914.2860 -2937.1083 138.0000
v 2922.7624 -2931.6608 138.0000
v 2930.0547 -2924.7076 138.0000
v 2935.8993 -2916.5000 138.0000
v 2940.0850 -2907.3346 138.0000
v 2942.4605 -2897.5427 138.0000
v 2942.9400 -2887.4782 138.0000
v 2941.5060 -2877.5048 138.0000
v 2938.2105 -2867.9830 138.0000
v 2933.1725 -2859.2570 138.0000
v 2926.5742 -2851.6421 138.0000
v 2918.6540 -2845.4136 138.0000
v 2909.6981 -2840.7965 138.0000
v 2900.0303 -2837.9578 138.0000
v 2890.0000 -2837.0000 150.0000
v 2879.9697 -2837.9578 150.0000
v 2870.3019 -2840.7965 150.0000
v 2861.3460 -2845.4136 150.0000
v 2853.4258 -2851.6421 150.0000
v 2846.8275 -2859.2570 150.0000
v 2841.7895 -2867.9830 150.0000
v 2838.4940 -2877.5048 150.0000
v 2837.0600 -2887.4782 150.0000
v 2837.5395 -2897.5427 150.0000
v 2839.9150 -2907.3346 150.0000
v 2844.1007 -2916.5000 150.0000
v 2849.9453 -2924.7076 150.0000
v 2857.2376 -2931.6608 150.0000
v 2865.7140 -2937.1083 150.0000
v 2875.0682 -2940.8531 150.0000
v 2884.9620 -2942.7600 150.0000
v 2895.0380 -2942.7600 150.0000
v 2904.9318 -2940.8531 150.0000
v 2914.2860 -2937.1083 150.0000
v 2922.7624 -2931.6608 150.0000
v 2930.0547 -2924.7076 150.0000
v 2935.8993 -2916.5000 150.0000
v 2940.0850 -2907.3346 150.0000
v 2942.4605 -2897.5427 150.0000
v 2942.9400 -2887.4782 150.0000
v 2941.5060 -2877.5048 150.0000
v 2938.2105 -2867.9830 150.0000
v 2933.1725 -2859.2570 150.0000
v 2926.5742 -2851.6421 150.0000
v 2918.6540 -2845.4136 150.0000
v 2909.6981 -2840.7965 150.0000
v 2900.0303 -2837.9578 150.0000
v 2890.0000 -2837.0000 138.0000
v 2879.9697 -2837.9578 138.0000
v 2870.3019 -2840.7965 138.0000
v 2861.3460 -2845.4136 138.0000
v 2853.4258 -2851.6421 138.0000
v 2846.8275 -2859.2570 138.0000
v 2841.7895 -2867.9830 138.0000
v 2838.4940 -2877.5048 138.0000
v 2837.0600 -2887.4782 138.0000
v 2837.5395 -2897.5427 138.0000
v 2839.9150 -2907.3346 138.0000
v 2844.1007 -2916.5000 138.0000
v 2849.9453 -2924.7076 138.0000
v 2857.2376 -2931.6608 138.0000
v 2865.7140 -2937.1083 138.0000
v 2875.0682 -2940.8531 138.0000
v 2884.9620 -2942.7600 138.0000
v 2895.0380 -2942.7600 138.0000
v 2904.9318 -2940.8531 138.0000
v 2914.2860 -2937.1083 138.0000
v 2922.7624 -2931.6608 138.0000
v 2930.0547 -2924.7076 138.0000
v 2935.8993 -2916.5000 138.0000
v 2940.0850 -2907.3346 138.0000
v 2942.4605 -2897.5427 138.0000
v 2942.9400 -2887.4782 138.0000
v 2941.5060 -2877.5048 138.0000
v 2938.2105 -2867.9830 138.0000
v 2933.1725 -2859.2570 138.0000
v 2926.5742 -2851.6421 138.0000
v 2918.6540 -2845.4136 138.0000
v 2909.6981 -2840.7965 138.0000
v 2900.0303 -2837.9578 138.0000
f 1982 1983 1981
f 1982 1984 1983
f 1988 1985 1986
f 1988 1987 1985
f 2010 2009 1989
f 2008 1989 2009
f 2011 2010 1989
f 2007 1989 2008
f 2012 2011 1989
f 2006 1989 2007
f 2013 2012 1989
f 2005 1989 2006
f 2014 2013 1989
f 2004 1989 2005
f 2062 2003 2002
f 2062 2061 2003
f 2036 2035 2016
f 2036 2016 2015
f 2060 2004 2003
f 2060 2003 2061
f 2034 2016 2035
f 2034 2017 2016
f 2034 2018 2017
f 2063 2002 2001
f 2063 2062 2002
f 2037 2015 2014
f 2037 2036 2015
f 2033 1993 2018
f 2033 2018 2034
f 2064 2001 2000
f 2064 2063 2001
f 2032 1993 2033
f 2065 2000 1999
f 2065 2064 2000
f 2031 1994 1993
f 2031 1995 1994
f 2031 1993 2032
f 2066 1999 1998
f 2066 2065 1999
f 2030 1996 1995
f 2030 1995 2031
f 2067 2066 1998
f 2067 1998 1997
f 2029 1996 2030
f 1990 1989 2004
f 1990 2056 2055
f 1990 2004 2060
f 1990 2057 2056
f 1990 2058 2057
f 1990 2059 2058
f 1990 2060 2059
f 1991 2014 1989
f 1991 2038 2037
f 1991 2039 2038
f 1991 2040 2039
f 1991 2041 2040
f 1991 2037 2014
f 2068 1997 1996
f 2068 2067 1997
f 2042 2041 1991
f 2054 1990 2055
f 2043 2042 1991
f 2053 1990 2054
f 2044 2043 1991
f 2052 1990 2053
f 2019 2044 1991
f 2051 1990 2052
f 2020 2019 1991
f 2050 1990 2051
f 2021 2020 1991
f 2087 2068 1996
f 2087 1996 2029
f 2088 2087 2029
f 2088 2028 2027
f 2088 2029 2028
f 2086 2068 2087
f 2086 2069 2068
f 2089 2088 2027
f 2085 2069 2086
f 2085 2070 2069
f 2085 2045 2070
f 2090 2089 2027
f 2090 2026 2025
f 2090 2027 2026
f 2084 2045 2085
f 2091 2090 2025
f 2083 2046 2045
f 2083 2045 2084
f 2092 2025 2024
f 2092 2091 2025
f 2082 2047 2046
f 2082 2046 2083
f 2093 2024 2023
f 2093 2092 2024
f 2081 2047 2082
f 2081 2048 2047
f 2081 2049 2048
f 2094 2022 2021
f 2094 2023 2022
f 2094 2093 2023
f 2080 2049 2081
f 2095 2094 2021
f 1992 2096 2095
f 1992 2071 2096
f 1992 2021 1991
f 1992 2072 2071
f 1992 2073 2072
f 1992 2074 2073
f 1992 2075 2074
f 1992 2076 2075
f 1992 2077 2076
f 1992 2078 2077
f 1992 2079 2078
f 1992 2095 2021
f 1992 1990 2050
f 1992 2050 2049
f 1992 2049 2079
f 2079 2049 2080
f 2100 2098 2097
f 2100 2097 2099
f 2122 2101 2121
f 2120 2121 2101
f 2123 2101 2122
f 2119 2120 2101
f 2124 2101 2123
f 2118 2119 2101
f 2125 2101 2124
f 2117 2118 2101
f 2126 2101 2125
f 2116 2117 2101
f 2174 2114 2115
f 2174 2115 2173
f 2148 2128 2147
f 2148 2127 2128
f 2172 2115 2116
f 2172 2173 2115
f 2146 2147 2128
f 2146 2128 2129
f 2146 2129 2130
f 2175 2113 2114
f 2175 2114 2174
f 2149 2126 2127
f 2149 2127 2148
f 2145 2130 2105
f 2145 2146 2130
f 2176 2112 2113
f 2176 2113 2175
f 2144 2145 2105
f 2177 2111 2112
f 2177 2112 2176
f 2143 2105 2106
f 2143 2106 2107
f 2143 2144 2105
f 2178 2110 2111
f 2178 2111 2177
f 2142 2107 2108
f 2142 2143 2107
f 2179 2110 2178
f 2179 2109 2110
f 2141 2142 2108
f 2102 2116 2101
f 2102 2167 2168
f 2102 2172 2116
f 2102 2168 2169
f 2102 2169 2170
f 2102 2170 2171
f 2102 2171 2172
f 2103 2101 2126
f 2103 2149 2150
f 2103 2150 2151
f 2103 2151 2152
f 2103 2152 2153
f 2103 2126 2149
f 2180 2108 2109
f 2180 2109 2179
f 2154 2103 2153
f 2166 2167 2102
f 2155 2103 2154
f 2165 2166 2102
f 2156 2103 2155
f 2164 2165 2102
f 2131 2103 2156
f 2163 2164 2102
f 2132 2103 2131
f 2162 2163 2102
f 2133 2103 2132
f 2199 2108 2180
f 2199 2141 2108
f 2200 2141 2199
f 2200 2139 2140
f 2200 2140 2141
f 2198 2199 2180
f 2198 2180 2181
f 2201 2139 2200
f 2197 2198 2181
f 2197 2181 2182
f 2197 2182 2157
f 2202 2139 2201
f 2202 2137 2138
f 2202 2138 2139
f 2196 2197 2157
f 2203 2137 2202
f 2195 2157 2158
f 2195 2196 2157
f 2204 2136 2137
f 2204 2137 2203
f 2194 2158 2159
f 2194 2195 2158
f 2205 2135 2136
f 2205 2136 2204
f 2193 2194 2159
f 2193 2159 2160
f 2193 2160 2161
f 2206 2133 2134
f 2206 2134 2135
f 2206 2135 2205
f 2192 2193 2161
f 2207 2133 2206
f 2104 2207 2208
f 2104 2208 2183
f 2104 2103 2133
f 2104 2183 2184
f 2104 2184 2185
f 2104 2185 2186
f 2104 2186 2187
f 2104 2187 2188
f 2104 2188 2189
f 2104 2189 2190
f 2104 2190 2191
f 2104 2133 2207
f 2104 2162 2102
f 2104 2161 2162
f 2104 2191 2161
f 2191 2192 2161
f 2210 2209 2211
f 2210 2211 2212
f 2214 2240 2213
f 2214 2242 2240
f 2215 2243 2242
f 2215 2244 2243
f 2215 2242 2214
f 2216 2244 2215
f 2217 2245 2244
f 2217 2246 2245
f 2217 2244 2216
f 2218 2247 2246
f 2218 2246 2217
f 2219 2247 2218
f 2220 2248 2247
f 2220 2247 2219
f 2221 2249 2248
f 2221 2250 2249
f 2221 2248 2220
f 2222 2250 2221
f 2223 2251 2250
f 2223 2250 2222
f 2224 2252 2251
f 2224 2253 2252
f 2224 2251 2223
f 2225 2253 2224
f 2226 2253 2225
f 2226 2254 2253
f 2226 2255 2254
f 2227 2255 2226
f 2227 2256 2255
f 2228 2256 2227
f 2229 2256 2228
f 2229 2257 2256
f 2230 2257 2229
f 2230 2258 2257
f 2230 2259 2258
f 2231 2259 2230
f 2231 2260 2259
f 2232 2260 2231
f 2233 2260 2232
f 2233 2261 2260
f 2233 2262 2261
f 2234 2262 2233
f 2235 2262 2234
f 2235 2263 2262
f 2235 2264 2263
f 2236 2264 2235
f 2237 2265 2264
f 2237 2266 2265
f 2237 2264 2236
f 2238 2266 2237
f 2239 2241 2266
f 2239 2266 2238
f 2268 2294 2267
f 2268 2296 2294
f 2269 2297 2296
f 2269 2298 2297
f 2269 2296 2268
f 2270 2298 2269
f 2271 2299 2298
f 2271 2300 2299
f 2271 2298 2270
f 2272 2301 2300
f 2272 2300 2271
f 2273 2301 2272
f 2274 2302 2301
f 2274 2301 2273
f 2275 2303 2302
f 2275 2304 2303
f 2275 2302 2274
f 2276 2304 2275
f 2277 2305 2304
f 2277 2304 2276
f 2278 2306 2305
f 2278 2307 2306
f 2278 2305 2277
f 2279 2307 2278
f 2280 2307 2279
f 2280 2308 2307
f 2280 2309 2308
f 2281 2309 2280
f 2281 2310 2309
f 2282 2310 2281
f 2283 2310 2282
f 2283 2311 2310
f 2284 2311 2283
f 2284 2312 2311
f 2284 2313 2312
f 2285 2313 2284
f 2285 2314 2313
f 2286 2314 2285
f 2287 2314 2286
f 2287 2315 2314
f 2287 2316 2315
f 2288 2316 2287
f 2289 2316 2288
f 2289 2317 2316
f 2289 2318 2317
f 2290 2318 2289
f 2291 2319 2318
f 2291 2320 2319
f 2291 2318 2290
f 2292 2320 2291
f 2293 2295 2320
f 2293 2320 2292
f 2322 2348 2321
f 2322 2350 2348
f 2323 2351 2350
f 2323 2352 2351
f 2323 2350 2322
f 2324 2352 2323
f 2325 2353 2352
f 2325 2354 2353
f 2325 2352 2324
f 2326 2355 2354
f 2326 2354 2325
f 2327 2355 2326
f 2328 2356 2355
f 2328 2355 2327
f 2329 2357 2356
f 2329 2358 2357
f 2329 2356 2328
f 2330 2358 2329
f 2331 2359 2358
f 2331 2358 2330
f 2332 2360 2359
f 2332 2361 2360
f 2332 2359 2331
f 2333 2361 2332
f 2334 2361 2333
f 2334 2362 2361
f 2334 2363 2362
f 2335 2363 2334
f 2335 2364 2363
f 2336 2364 2335
f 2337 2364 2336
f 2337 2365 2364
f 2338 2365 2337
f 2338 2366 2365
f 2338 2367 2366
f 2339 2367 2338
f 2339 2368 2367
f 2340 2368 2339
f 2341 2368 2340
f 2341 2369 2368
f 2341 2370 2369
f 2342 2370 2341
f 2343 2370 2342
f 2343 2371 2370
f 2343 2372 2371
f 2344 2372 2343
f 2345 2373 2372
f 2345 2374 2373
f 2345 2372 2344
f 2346 2374 2345
f 2347 2349 2374
f 2347 2374 2346
f 2376 2402 2375
f 2376 2404 2402
f 2377 2405 2404
f 2377 2406 2405
f 2377 2404 2376
f 2378 2406 2377
f 2379 2407 2406
f 2379 2408 2407
f 2379 2406 2378
f 2380 2409 2408
f 2380 2408 2379
f 2381 2409 2380
f 2382 2410 2409
f 2382 2409 2381
f 2383 2411 2410
f 2383 2412 2411
f 2383 2410 2382
f 2384 2412 2383
f 2385 2413 2412
f 2385 2412 2384
f 2386 2414 2413
f 2386 2415 2414
f 2386 2413 2385
f 2387 2415 2386
f 2388 2415 2387
f 2388 2416 2415
f 2388 2417 2416
f 2389 2417 2388
f 2389 2418 2417
f 2390 2418 2389
f 2391 2418 2390
f 2391 2419 2418
f 2392 2419 2391
f 2392 2420 2419
f 2392 2421 2420
f 2393 2421 2392
f 2393 2422 2421
f 2394 2422 2393
f 2395 2422 2394
f 2395 2423 2422
f 2395 2424 2423
f 2396 2424 2395
f 2397 2424 2396
f 2397 2425 2424
f 2397 2426 2425
f 2398 2426 2397
f 2399 2427 2426
f 2399 2428 2427
f 2399 2426 2398
f 2400 2428 2399
f 2401 2403 2428
f 2401 2428 2400
f 2431 2429 2430
f 2432 2433 2434
f 2432 2434 2429
f 2432 2429 2431
f 2437 2436 2435
f 2437 2438 2436
f 2441 2442 2443
f 2441 2443 2444
f 2440 2441 2444
f 2439 2441 2440
f 2447 2446 2445
f 2447 2448 2446
f 2452 2450 2449
f 2452 2449 2451
f 2455 2454 2453
f 2455 2456 2454
f 2459 2458 2457
f 2459 2460 2458
f 2461 2463 2464
f 2461 2464 2462
f 2466 2465 2492
f 2466 2492 2494
f 2467 2494 2495
f 2467 2495 2496
f 2467 2466 2494
f 2468 2467 2496
f 2469 2496 2497
f 2469 2497 2498
f 2469 2468 2496
f 2470 2469 2498
f 2471 2498 2499
f 2471 2470 2498
f 2472 2499 2500
f 2472 2471 2499
f 2473 2500 2501
f 2473 2472 2500
f 2474 2501 2502
f 2474 2502 2503
f 2474 2473 2501
f 2475 2474 2503
f 2476 2475 2503
f 2476 2503 2504
f 2477 2476 2504
f 2477 2504 2505
f 2477 2505 2506
f 2478 2477 2506
f 2479 2478 2506
f 2479 2506 2507
f 2479 2507 2508
f 2480 2479 2508
f 2481 2480 2508
f 2481 2508 2509
f 2482 2481 2509
f 2482 2509 2510
f 2483 2482 2510
f 2483 2510 2511
f 2483 2511 2512
f 2484 2483 2512
f 2485 2484 2512
f 2485 2512 2513
f 2485 2513 2514
f 2486 2485 2514
f 2487 2486 2514
f 2487 2514 2515
f 2487 2515 2516
f 2488 2487 2516
f 2489 2516 2517
f 2489 2488 2516
f 2490 2517 2518
f 2490 2518 2493
f 2490 2489 2517
f 2491 2490 2493
f 2539 2537 2538
f 2542 2535 2536
f 2542 2536 2537
f 2542 2539 2540
f 2542 2540 2541
f 2542 2537 2539
f 2544 2533 2534
f 2544 2534 2535
f 2544 2542 2543
f 2544 2535 2542
f 2526 2527 2528
f 2526 2528 2529
f 2520 2532 2533
f 2520 2544 2519
f 2520 2533 2544
f 2524 2525 2526
f 2521 2530 2531
f 2521 2531 2532
f 2521 2532 2520
f 2522 2523 2524
f 2522 2529 2530
f 2522 2526 2529
f 2522 2524 2526
f 2522 2530 2521
f 2565 2564 2563
f 2568 2562 2561
f 2568 2563 2562
f 2568 2566 2565
f 2568 2567 2566
f 2568 2565 2563
f 2570 2560 2559
f 2570 2561 2560
f 2570 2569 2568
f 2570 2568 2561
f 2552 2554 2553
f 2552 2555 2554
f 2546 2559 2558
f 2546 2545 2570
f 2546 2570 2559
f 2550 2552 2551
f 2547 2557 2556
f 2547 2558 2557
f 2547 2546 2558
f 2548 2550 2549
f 2548 2556 2555
f 2548 2555 2552
f 2548 2552 2550
f 2548 2547 2556
f 2575 2571 2572
f 2575 2576 2571
f 2574 2572 2573
f 2574 2575 2572
f 2577 2580 2578
f 2579 2580 2577
f 2583 2584 2585
f 2581 2585 2586
f 2581 2586 2582
f 2581 2583 2585
f 2589 2588 2587
f 2589 2590 2588
f 2594 2592 2591
f 2594 2591 2593
f 2597 2596 2595
f 2597 2598 2596
f 2601 2600 2599
f 2601 2602 2600
f 2604 2603 2605
f 2604 2605 2606
f 2608 2607 2641
f 2608 2641 2643
f 2609 2643 2644
f 2609 2608 2643
f 2610 2644 2645
f 2610 2609 2644
f 2611 2645 2646
f 2611 2646 2647
f 2611 2610 2645
f 2612 2611 2647
f 2613 2647 2648
f 2613 2612 2647
f 2614 2648 2649
f 2614 2613 2648
f 2615 2614 2649
f 2615 2649 2650
f 2616 2615 2650
f 2616 2650 2651
f 2617 2616 2651
f 2617 2651 2652
f 2618 2617 2652
f 2618 2652 2653
f 2619 2618 2653
f 2619 2653 2654
f 2620 2619 2654
f 2620 2654 2655
f 2620 2655 2656
f 2621 2620 2656
f 2622 2621 2656
f 2622 2656 2657
f 2623 2622 2657
f 2623 2657 2658
f 2624 2623 2658
f 2624 2658 2659
f 2625 2624 2659
f 2625 2659 2660
f 2626 2625 2660
f 2626 2660 2661
f 2627 2626 2661
f 2627 2661 2662
f 2627 2662 2663
f 2628 2627 2663
f 2629 2663 2664
f 2629 2628 2663
f 2630 2664 2665
f 2630 2629 2664
f 2631 2665 2666
f 2631 2630 2665
f 2632 2666 2667
f 2632 2631 2666
f 2633 2667 2668
f 2633 2632 2667
f 2634 2668 2669
f 2634 2633 2668
f 2635 2669 2670
f 2635 2634 2669
f 2636 2670 2671
f 2636 2635 2670
f 2637 2671 2672
f 2637 2636 2671
f 2638 2672 2673
f 2638 2637 2672
f 2639 2673 2674
f 2639 2638 2673
f 2640 2639 2674
f 2640 2674 2642
f 2692 2693 2694
f 2692 2694 2695
f 2701 2699 2700
f 2690 2691 2692
f 2689 2690 2692
f 2703 2701 2702
f 2688 2689 2692
f 2687 2695 2696
f 2687 2696 2697
f 2687 2697 2698
f 2687 2688 2692
f 2687 2692 2695
f 2706 2703 2704
f 2706 2704 2705
f 2706 2701 2703
f 2685 2686 2687
f 2685 2698 2699
f 2685 2687 2698
f 2676 2707 2675
f 2682 2683 2684
f 2682 2684 2685
f 2682 2685 2699
f 2677 2706 2707
f 2677 2707 2676
f 2678 2701 2706
f 2678 2706 2677
f 2680 2681 2682
f 2680 2699 2701
f 2680 2682 2699
f 2679 2701 2678
f 2679 2680 2701
f 2725 2727 2726
f 2725 2728 2727
f 2734 2733 2732
f 2723 2725 2724
f 2722 2725 2723
f 2736 2735 2734
f 2721 2725 2722
f 2720 2729 2728
f 2720 2730 2729
f 2720 2731 2730
f 2720 2725 2721
f 2720 2728 2725
f 2739 2737 2736
f 2739 2738 2737
f 2739 2736 2734
f 2718 2720 2719
f 2718 2732 2731
f 2718 2731 2720
f 2709 2708 2740
f 2715 2717 2716
f 2715 2718 2717
f 2715 2732 2718
f 2710 2740 2739
f 2710 2709 2740
f 2711 2739 2734
f 2711 2710 2739
f 2713 2715 2714
f 2713 2734 2732
f 2713 2732 2715
f 2712 2711 2734
f 2712 2734 2713

o support_2
usemtl mat_b8bdc2ff
v 2960.0000 2960.0000 0.0000
v 2960.0000 2960.0000 12.0000
v 2960.0000 2820.0000 0.0000
v 2960.0000 2820.0000 12.0000
v 2960.0000 2960.0000 0.0000
v 2820.0000 2960.0000 0.0000
v 2960.0000 2960.0000 12.0000
v 2820.0000 2960.0000 12.0000
v 2960.0000 2960.0000 12.0000
v 2960.0000 2820.0000 12.0000
v 2820.0000 2960.0000 12.0000
v 2820.0000 2820.0000 12.0000
v 2934.5000 2942.0000 12.0000
v 2934.7179 2940.2051 12.0000
v 2935.3591 2938.5146 12.0000
v 2936.3862 2937.0266 12.0000
v 2937.7395 2935.8276 12.0000
v 2939.3405 2934.9874 12.0000
v 2941.0960 2934.5547 12.0000
v 2942.9040 2934.5547 12.0000
v 2944.6595 2934.9874 12.0000
v 2946.2605 2935.8276 12.0000
v 2947.6138 2937.0266 12.0000
v 2948.6409 2938.5146 12.0000
v 2949.2821 2940.2051 12.0000
v 2949.5000 2942.0000 12.0000
v 2949.2821 2943.7949 12.0000
v 2948.6409 2945.4854 12.0000
v 2947.6138 2946.9734 12.0000
v 2946.2605 2948.1724 12.0000
v 2944.6595 2949.0126 12.0000
v 2942.9040 2949.4453 12.0000
v 2941.0960 2949.4453 12.0000
v 2939.3405 2949.0126 12.0000
v 2937.7395 2948.1724 12.0000
v 2936.3862 2946.9734 12.0000
v 2935.3591 2945.4854 12.0000
v 2934.7179 2943.7949 12.0000
v 2830.5000 2942.0000 12.0000
v 2830.7179 2940.2051 12.0000
v 2831.3591 2938.5146 12.0000
v 2832.3862 2937.0266 12.0000
v 2833.7395 2935.8276 12.0000
v 2835.3405 2934.9874 12.0000
v 2837.0960 2934.5547 12.0000
v 2838.9040 2934.5547 12.0000
v 2840.6595 2934.9874 12.0000
v 2842.2605 2935.8276 12.0000
v 2843.6138 2937.0266 12.0000
v 2844.6409 2938.5146 12.0000
v 2845.2821 2940.2051 12.0000
v 2845.5000 2942.0000 12.0000
v 2845.2821 2943.7949 12.0000
v 2844.6409 2945.4854 12.0000
v 2843.6138 2946.9734 12.0000
v 2842.2605 2948.1724 12.0000
v 2840.6595 2949.0126 12.0000
v 2838.9040 2949.4453 12.0000
v 2837.0960 2949.4453 12.0000
v 2835.3405 2949.0126 12.0000
v 2833.7395 2948.1724 12.0000
v 2832.3862 2946.9734 12.0000
v 2831.3591 2945.4854 12.0000
v 2830.7179 2943.7949 12.0000
v 2934.5000 2838.0000 12.0000
v 2934.7179 2836.2051 12.0000
v 2935.3591 2834.5146 12.0000
v 2936.3862 2833.0266 12.0000
v 2937.7395 2831.8276 12.0000
v 2939.3405 2830.9874 12.0000
v 2941.0960 2830.5547 12.0000
v 2942.9040 2830.5547 12.0000
v 2944.6595 2830.9874 12.0000
v 2946.2605 2831.8276 12.0000
v 2947.6138 2833.0266 12.0000
v 2948.6409 2834.5146 12.0000
v 2949.2821 2836.2051 12.0000
v 2949.5000 2838.0000 12.0000
v 2949.2821 2839.7949 12.0000
v 2948.6409 2841.4854 12.0000
v 2947.6138 2842.9734 12.0000
v 2946.2605 2844.1724 12.0000
v 2944.6595 2845.0126 12.0000
v 2942.9040 2845.4453 12.0000
v 2941.0960 2845.4453 12.0000
v 2939.3405 2845.0126 12.0000
v 2937.7395 2844.1724 12.0000
v 2936.3862 2842.9734 12.0000
v 2935.3591 2841.4854 12.0000
v 2934.7179 2839.7949 12.0000
v 2830.5000 2838.0000 12.0000
v 2830.7179 2836.2051 12.0000
v 2831.3591 2834.5146 12.0000
v 2832.3862 2833.0266 12.0000
v 2833.7395 2831.8276 12.0000
v 2835.3405 2830.9874 12.0000
v 2837.0960 2830.5547 12.0000
v 2838.9040 2830.5547 12.0000
v 2840.6595 2830.9874 12.0000
v 2842.2605 2831.8276 12.0000
v 2843.6138 2833.0266 12.0000
v 2844.6409 2834.5146 12.0000
v 2845.2821 2836.2051 12.0000
v 2845.5000 2838.0000 12.0000
v 2845.2821 2839.7949 12.0000
v 2844.6409 2841.4854 12.0000
v 2843.6138 2842.9734 12.0000
v 2842.2605 2844.1724 12.0000
v 2840.6595 2845.0126 12.0000
v 2838.9040 2845.4453 12.0000
v 2837.0960 2845.4453 12.0000
v 2835.3405 2845.0126 12.0000
v 2833.7395 2844.1724 12.0000
v 2832.3862 2842.9734 12.0000
v 2831.3591 2841.4854 12.0000
v 2830.7179 2839.7949 12.0000
v 2960.0000 2820.0000 0.0000
v 2820.0000 2820.0000 0.0000
v 2960.0000 2820.0000 12.0000
v 2820.0000 2820.0000 12.0000
v 2960.0000 2960.0000 0.0000
v 2960.0000 2820.0000 0.0000
v 2820.0000 2960.0000 0.0000
v 2820.0000 2820.0000 0.0000
v 2934.5000 2942.0000 0.0000
v 2934.7179 2940.2051 0.0000
v 2935.3591 2938.5146 0.0000
v 2936.3862 2937.0266 0.0000
v 2937.7395 2935.8276 0.0000
v 2939.3405 2934.9874 0.0000
v 2941.0960 2934.5547 0.0000
v 2942.9040 2934.5547 0.0000
v 2944.6595 2934.9874 0.0000
v 2946.2605 2935.8276 0.0000
v 2947.6138 2937.0266 0.0000
v 2948.6409 2938.5146 0.0000
v 2949.2821 2940.2051 0.0000
v 2949.5000 2942.0000 0.0000
v 2949.2821 2943.7949 0.0000
v 2948.6409 2945.4854 0.0000
v 2947.6138 2946.9734 0.0000
v 2946.2605 2948.1724 0.0000
v 2944.6595 2949.0126 0.0000
v 2942.9040 2949.4453 0.0000
v 2941.0960 2949.4453 0.0000
v 2939.3405 2949.0126 0.0000
v 2937.7395 2948.1724 0.0000
v 2936.3862 2946.9734 0.0000
v 2935.3591 2945.4854 0.0000
v 2934.7179 2943.7949 0.0000
v 2830.5000 2942.0000 0.0000
v 2830.7179 2940.2051 0.0000
v 2831.3591 2938.5146 0.0000
v 2832.3862 2937.0266 0.0000
v 2833.7395 2935.8276 0.0000
v 2835.3405 2934.9874 0.0000
v 2837.0960 2934.5547 0.0000
v 2838.9040 2934.5547 0.0000
v 2840.6595 2934.9874 0.0000
v 2842.2605 2935.8276 0.0000
v 2843.6138 2937.0266 0.0000
v 2844.6409 2938.5146 0.0000
v 2845.2821 2940.2051 0.0000
v 2845.5000 2942.0000 0.0000
v 2845.2821 2943.7949 0.0000
v 2844.6409 2945.4854 0.0000
v 2843.6138 2946.9734 0.0000
v 2842.2605 2948.1724 0.0000
v 2840.6595 2949.0126 0.0000
v 2838.9040 2949.4453 0.0000
v 2837.0960 2949.4453 0.0000
v 2835.3405 2949.0126 0.0000
v 2833.7395 2948.1724 0.0000
v 2832.3862 2946.9734 0.0000
v 2831.3591 2945.4854 0.0000
v 2830.7179 2943.7949 0.0000
v 2934.5000 2838.0000 0.0000
v 2934.7179 2836.2051 0.0000
v 2935.3591 2834.5146 0.0000
v 2936.3862 2833.0266 0.0000
v 2937.7395 2831.8276 0.0000
v 2939.3405 2830.9874 0.0000
v 2941.0960 2830.5547 0.0000
v 2942.9040 2830.5547 0.0000
v 2944.6595 2830.9874 0.0000
v 2946.2605 2831.8276 0.0000
v 2947.6138 2833.0266 0.0000
v 2948.6409 2834.5146 0.0000
v 2949.2821 2836.2051 0.0000
v 2949.5000 2838.0000 0.0000
v 2949.2821 2839.7949 0.0000
v 2948.6409 2841.4854 0.0000
v 2947.6138 2842.9734 0.0000
v 2946.2605 2844.1724 0.0000
v 2944.6595 2845.0126 0.0000
v 2942.9040 2845.4453 0.0000
v 2941.0960 2845.4453 0.0000
v 2939.3405 2845.0126 0.0000
v 2937.7395 2844.1724 0.0000
v 2936.3862 2842.9734 0.0000
v 2935.3591 2841.4854 0.0000
v 2934.7179 2839.7949 0.0000
v 2830.5000 2838.0000 0.0000
v 2830.7179 2836.2051 0.0000
v 2831.3591 2834.5146 0.0000
v 2832.3862 2833.0266 0.0000
v 2833.7395 2831.8276 0.0000
v 2835.3405 2830.9874 0.0000
v 2837.0960 2830.5547 0.0000
v 2838.9040 2830.5547 0.0000
v 2840.6595 2830.9874 0.0000
v 2842.2605 2831.8276 0.0000
v 2843.6138 2833.0266 0.0000
v 2844.6409 2834.5146 0.0000
v 2845.2821 2836.2051 0.0000
v 2845.5000 2838.0000 0.0000
v 2845.2821 2839.7949 0.0000
v 2844.6409 2841.4854 0.0000
v 2843.6138 2842.9734 0.0000
v 2842.2605 2844.1724 0.0000
v 2840.6595 2845.0126 0.0000
v 2838.9040 2845.4453 0.0000
v 2837.0960 2845.4453 0.0000
v 2835.3405 2845.0126 0.0000
v 2833.7395 2844.1724 0.0000
v 2832.3862 2842.9734 0.0000
v 2831.3591 2841.4854 0.0000
v 2830.7179 2839.7949 0.0000
v 2820.0000 2960.0000 0.0000
v 2820.0000 2960.0000 12.0000
v 2820.0000 2820.0000 0.0000
v 2820.0000 2820.0000 12.0000
v 2934.5000 2942.0000 12.0000
v 2934.7179 2940.2051 12.0000
v 2935.3591 2938.5146 12.0000
v 2936.3862 2937.0266 12.0000
v 2937.7395 2935.8276 12.0000
v 2939.3405 2934.9874 12.0000
v 2941.0960 2934.5547 12.0000
v 2942.9040 2934.5547 12.0000
v 2944.6595 2934.9874 12.0000
v 2946.2605 2935.8276 12.0000
v 2947.6138 2937.0266 12.0000
v 2948.6409 2938.5146 12.0000
v 2949.2821 2940.2051 12.0000
v 2949.5000 2942.0000 12.0000
v 2949.2821 2943.7949 12.0000
v 2948.6409 2945.4854 12.0000
v 2947.6138 2946.9734 12.0000
v 2946.2605 2948.1724 12.0000
v 2944.6595 2949.0126 12.0000
v 2942.9040 2949.4453 12.0000
v 2941.0960 2949.4453 12.0000
v 2939.3405 2949.0126 12.0000
v 2937.7395 2948.1724 12.0000
v 2936.3862 2946.9734 12.0000
v 2935.3591 2945.4854 12.0000
v 2934.7179 2943.7949 12.0000
v 2934.5000 2942.0000 12.0000
v 2934.5000 2942.0000 0.0000
v 2934.5000 2942.0000 0.0000
v 2934.7179 2940.2051 0.0000
v 2935.3591 2938.5146 0.0000
v 2936.3862 2937.0266 0.0000
v 2937.7395 2935.8276 0.0000
v 2939.3405 2934.9874 0.0000
v 2941.0960 2934.5547 0.0000
v 2942.9040 2934.5547 0.0000
v 2944.6595 2934.9874 0.0000
v 2946.2605 2935.8276 0.0000
v 2947.6138 2937.0266 0.0000
v 2948.6409 2938.5146 0.0000
v 2949.2821 2940.2051 0.0000
v 2949.5000 2942.0000 0.0000
v 2949.2821 2943.7949 0.0000
v 2948.6409 2945.4854 0.0000
v 2947.6138 2946.9734 0.0000
v 2946.2605 2948.1724 0.0000
v 2944.6595 2949.0126 0.0000
v 2942.9040 2949.4453 0.0000
v 2941.0960 2949.4453 0.0000
v 2939.3405 2949.0126 0.0000
v 2937.7395 2948.1724 0.0000
v 2936.3862 2946.9734 0.0000
v 2935.3591 2945.4854 0.0000
v 2934.7179 2943.7949 0.0000
v 2830.5000 2942.0000 12.0000
v 2830.7179 2940.2051 12.0000
v 2831.3591 2938.5146 12.0000
v 2832.3862 2937.0266 12.0000
v 2833.7395 2935.8276 12.0000
v 2835.3405 2934.9874 12.0000
v 2837.0960 2934.5547 12.0000
v 2838.9040 2934.5547 12.0000
v 2840.6595 2934.9874 12.0000
v 2842.2605 2935.8276 12.0000
v 2843.6138 2937.0266 12.0000
v 2844.6409 2938.5146 12.0000
v 2845.2821 2940.2051 12.0000
v 2845.5000 2942.0000 12.0000
v 2845.2821 2943.7949 12.0000
v 2844.6409 2945.4854 12.0000
v 2843.6138 2946.9734 12.0000
v 2842.2605 2948.1724 12.0000
v 2840.6595 2949.0126 12.0000
v 2838.9040 2949.4453 12.0000
v 2837.0960 2949.4453 12.0000
v 2835.3405 2949.0126 12.0000
v 2833.7395 2948.1724 12.0000
v 2832.3862 2946.9734 12.0000
v 2831.3591 2945.4854 12.0000
v 2830.7179 2943.7949 12.0000
v 2830.5000 2942.0000 12.0000
v 2830.5000 2942.0000 0.0000
v 2830.5000 2942.0000 0.0000
v 2830.7179 2940.2051 0.0000
v 2831.3591 2938.5146 0.0000
v 2832.3862 2937.0266 0.0000
v 2833.7395 2935.8276 0.0000
v 2835.3405 2934.9874 0.0000
v 2837.0960 2934.5547 0.0000
v 2838.9040 2934.5547 0.0000
v 2840.6595 2934.9874 0.0000
v 2842.2605 2935.8276 0.0000
v 2843.6138 2937.0266 0.0000
v 2844.6409 2938.5146 0.0000
v 2845.2821 2940.2051 0.0000
v 2845.5000 2942.0000 0.0000
v 2845.2821 2943.7949 0.0000
v 2844.6409 2945.4854 0.0000
v 2843.6138 2946.9734 0.0000
v 2842.2605 2948.1724 0.0000
v 2840.6595 2949.0126 0.0000
v 2838.9040 2949.4453 0.0000
v 2837.0960 2949.4453 0.0000
v 2835.3405 2949.0126 0.0000
v 2833.7395 2948.1724 0.0000
v 2832.3862 2946.9734 0.0000
v 2831.3591 2945.4854 0.0000
v 2830.7179 2943.7949 0.0000
v 2934.5000 2838.0000 12.0000
v 2934.7179 2836.2051 12.0000
v 2935.3591 2834.5146 12.0000
v 2936.3862 2833.0266 12.0000
v 2937.7395 2831.8276 12.0000
v 2939.3405 2830.9874 12.0000
v 2941.0960 2830.5547 12.0000
v 2942.9040 2830.5547 12.0000
v 2944.6595 2830.9874 12.0000
v 2946.2605 2831.8276 12.0000
v 2947.6138 2833.0266 12.0000
v 2948.6409 2834.5146 12.0000
v 2949.2821 2836.2051 12.0000
v 2949.5000 2838.0000 12.0000
v 2949.2821 2839.7949 12.0000
v 2948.6409 2841.4854 12.0000
v 2947.6138 2842.9734 12.0000
v 2946.2605 2844.1724 12.0000
v 2944.6595 2845.0126 12.0000
v 2942.9040 2845.4453 12.0000
v 2941.0960 2845.4453 12.0000
v 2939.3405 2845.0126 12.0000
v 2937.7395 2844.1724 12.0000
v 2936.3862 2842.9734 12.0000
v 2935.3591 2841.4854 12.0000
v 2934.7179 2839.7949 12.0000
v 2934.5000 2838.0000 12.0000
v 2934.5000 2838.0000 0.0000
v 2934.5000 2838.0000 0.0000
v 2934.7179 2836.2051 0.0000
v 2935.3591 2834.5146 0.0000
v 2936.3862 2833.0266 0.0000
v 2937.7395 2831.8276 0.0000
v 2939.3405 2830.9874 0.0000
v 2941.0960 2830.5547 0.0000
v 2942.9040 2830.5547 0.0000
v 2944.6595 2830.9874 0.0000
v 2946.2605 2831.8276 0.0000
v 2947.6138 2833.0266 0.0000
v 2948.6409 2834.5146 0.0000
v 2949.2821 2836.2051 0.0000
v 2949.5000 2838.0000 0.0000
v 2949.2821 2839.7949 0.0000
v 2948.6409 2841.4854 0.0000
v 2947.6138 2842.9734 0.0000
v 2946.2605 2844.1724 0.0000
v 2944.6595 2845.0126 0.0000
v 2942.9040 2845.4453 0.0000
v 2941.0960 2845.4453 0.0000
v 2939.3405 2845.0126 0.0000
v 2937.7395 2844.1724 0.0000
v 2936.3862 2842.9734 0.0000
v 2935.3591 2841.4854 0.0000
v 2934.7179 2839.7949 0.0000
v 2830.5000 2838.0000 12.0000
v 2830.7179 2836.2051 12.0000
v 2831.3591 2834.5146 12.0000
v 2832.3862 2833.0266 12.0000
v 2833.7395 2831.8276 12.0000
v 2835.3405 2830.9874 12.0000
v 2837.0960 2830.5547 12.0000
v 2838.9040 2830.5547 12.0000
v 2840.6595 2830.9874 12.0000
v 2842.2605 2831.8276 12.0000
v 2843.6138 2833.0266 12.0000
v 2844.6409 2834.5146 12.0000
v 2845.2821 2836.2051 12.0000
v 2845.5000 2838.0000 12.0000
v 2845.2821 2839.7949 12.0000
v 2844.6409 2841.4854 12.0000
v 2843.6138 2842.9734 12.0000
v 2842.2605 2844.1724 12.0000
v 2840.6595 2845.0126 12.0000
v 2838.9040 2845.4453 12.0000
v 2837.0960 2845.4453 12.0000
v 2835.3405 2845.0126 12.0000
v 2833.7395 2844.1724 12.0000
v 2832.3862 2842.9734 12.0000
v 2831.3591 2841.4854 12.0000
v 2830.7179 2839.7949 12.0000
v 2830.5000 2838.0000 12.0000
v 2830.5000 2838.0000 0.0000
v 2830.5000 2838.0000 0.0000
v 2830.7179 2836.2051 0.0000
v 2831.3591 2834.5146 0.0000
v 2832.3862 2833.0266 0.0000
v 2833.7395 2831.8276 0.0000
v 2835.3405 2830.9874 0.0000
v 2837.0960 2830.5547 0.0000
v 2838.9040 2830.5547 0.0000
v 2840.6595 2830.9874 0.0000
v 2842.2605 2831.8276 0.0000
v 2843.6138 2833.0266 0.0000
v 2844.6409 2834.5146 0.0000
v 2845.2821 2836.2051 0.0000
v 2845.5000 2838.0000 0.0000
v 2845.2821 2839.7949 0.0000
v 2844.6409 2841.4854 0.0000
v 2843.6138 2842.9734 0.0000
v 2842.2605 2844.1724 0.0000
v 2840.6595 2845.0126 0.0000
v 2838.9040 2845.4453 0.0000
v 2837.0960 2845.4453 0.0000
v 2835.3405 2845.0126 0.0000
v 2833.7395 2844.1724 0.0000
v 2832.3862 2842.9734 0.0000
v 2831.3591 2841.4854 0.0000
v 2830.7179 2839.7949 0.0000
v 2879.6077 2908.0000 12.0000
v 2900.3923 2908.0000 12.0000
v 2910.7846 2890.0000 12.0000
v 2900.3923 2872.0000 12.0000
v 2879.6077 2872.0000 12.0000
v 2869.2154 2890.0000 12.0000
v 2869.2154 2890.0000 12.0000
v 2879.6077 2908.0000 12.0000
v 2869.2154 2890.0000 64.0000
v 2879.6077 2908.0000 64.0000
v 2879.6077 2872.0000 64.0000
v 2869.2154 2890.0000 64.0000
v 2900.3923 2872.0000 64.0000
v 2910.7846 2890.0000 64.0000
v 2900.3923 2908.0000 64.0000
v 2879.6077 2908.0000 64.0000
v 2879.6077 2872.0000 12.0000
v 2869.2154 2890.0000 12.0000
v 2879.6077 2872.0000 64.0000
v 2869.2154 2890.0000 64.0000
v 2900.3923 2872.0000 12.0000
v 2879.6077 2872.0000 12.0000
v 2900.3923 2872.0000 64.0000
v 2879.6077 2872.0000 64.0000
v 2910.7846 2890.0000 12.0000
v 2900.3923 2872.0000 12.0000
v 2910.7846 2890.0000 64.0000
v 2900.3923 2872.0000 64.0000
v 2900.3923 2908.0000 12.0000
v 2910.7846 2890.0000 12.0000
v 2900.3923 2908.0000 64.0000
v 2910.7846 2890.0000 64.0000
v 2879.6077 2908.0000 12.0000
v 2900.3923 2908.0000 12.0000
v 2879.6077 2908.0000 64.0000
v 2900.3923 2908.0000 64.0000
v 2875.0000 2890.0000 108.0000
v 2875.4359 2886.4103 108.0000
v 2876.7182 2883.0292 108.0000
v 2878.7723 2880.0532 108.0000
v 2881.4790 2877.6552 108.0000
v 2884.6809 2875.9748 108.0000
v 2888.1919 2875.1094 108.0000
v 2891.8081 2875.1094 108.0000
v 2895.3191 2875.9748 108.0000
v 2898.5210 2877.6552 108.0000
v 2901.2277 2880.0532 108.0000
v 2903.2818 2883.0292 108.0000
v 2904.5641 2886.4103 108.0000
v 2905.0000 2890.0000 108.0000
v 2904.5641 2893.5897 108.0000
v 2903.2818 2896.9708 108.0000
v 2901.2277 2899.9468 108.0000
v 2898.5210 2902.3448 108.0000
v 2895.3191 2904.0252 108.0000
v 2891.8081 2904.8906 108.0000
v 2888.1919 2904.8906 108.0000
v 2884.6809 2904.0252 108.0000
v 2881.4790 2902.3448 108.0000
v 2878.7723 2899.9468 108.0000
v 2876.7182 2896.9708 108.0000
v 2875.4359 2893.5897 108.0000
v 2875.0000 2890.0000 108.0000
v 2875.0000 2890.0000 64.0000
v 2875.0000 2890.0000 64.0000
v 2875.4359 2886.4103 64.0000
v 2876.7182 2883.0292 64.0000
v 2878.7723 2880.0532 64.0000
v 2881.4790 2877.6552 64.0000
v 2884.6809 2875.9748 64.0000
v 2888.1919 2875.1094 64.0000
v 2891.8081 2875.1094 64.0000
v 2895.3191 2875.9748 64.0000
v 2898.5210 2877.6552 64.0000
v 2901.2277 2880.0532 64.0000
v 2903.2818 2883.0292 64.0000
v 2904.5641 2886.4103 64.0000
v 2905.0000 2890.0000 64.0000
v 2904.5641 2893.5897 64.0000
v 2903.2818 2896.9708 64.0000
v 2901.2277 2899.9468 64.0000
v 2898.5210 2902.3448 64.0000
v 2895.3191 2904.0252 64.0000
v 2891.8081 2904.8906 64.0000
v 2888.1919 2904.8906 64.0000
v 2884.6809 2904.0252 64.0000
v 2881.4790 2902.3448 64.0000
v 2878.7723 2899.9468 64.0000
v 2876.7182 2896.9708 64.0000
v 2875.4359 2893.5897 64.0000
v 2875.0000 2890.0000 108.0000
v 2875.4359 2886.4103 108.0000
v 2876.7182 2883.0292 108.0000
v 2878.7723 2880.0532 108.0000
v 2881.4790 2877.6552 108.0000
v 2884.6809 2875.9748 108.0000
v 2888.1919 2875.1094 108.0000
v 2891.8081 2875.1094 108.0000
v 2895.3191 2875.9748 108.0000
v 2898.5210 2877.6552 108.0000
v 2901.2277 2880.0532 108.0000
v 2903.2818 2883.0292 108.0000
v 2904.5641 2886.4103 108.0000
v 2905.0000 2890.0000 108.0000
v 2904.5641 2893.5897 108.0000
v 2903.2818 2896.9708 108.0000
v 2901.2277 2899.9468 108.0000
v 2898.5210 2902.3448 108.0000
v 2895.3191 2904.0252 108.0000
v 2891.8081 2904.8906 108.0000
v 2888.1919 2904.8906 108.0000
v 2884.6809 2904.0252 108.0000
v 2881.4790 2902.3448 108.0000
v 2878.7723 2899.9468 108.0000
v 2876.7182 2896.9708 108.0000
v 2875.4359 2893.5897 108.0000
v 2875.0000 2890.0000 64.0000
v 2875.4359 2886.4103 64.0000
v 2876.7182 2883.0292 64.0000
v 2878.7723 2880.0532 64.0000
v 2881.4790 2877.6552 64.0000
v 2884.6809 2875.9748 64.0000
v 2888.1919 2875.1094 64.0000
v 2891.8081 2875.1094 64.0000
v 2895.3191 2875.9748 64.0000
v 2898.5210 2877.6552 64.0000
v 2901.2277 2880.0532 64.0000
v 2903.2818 2883.0292 64.0000
v 2904.5641 2886.4103 64.0000
v 2905.0000 2890.0000 64.0000
v 2904.5641 2893.5897 64.0000
v 2903.2818 2896.9708 64.0000
v 2901.2277 2899.9468 64.0000
v 2898.5210 2902.3448 64.0000
v 2895.3191 2904.0252 64.0000
v 2891.8081 2904.8906 64.0000
v 2888.1919 2904.8906 64.0000
v 2884.6809 2904.0252 64.0000
v 2881.4790 2902.3448 64.0000
v 2878.7723 2899.9468 64.0000
v 2876.7182 2896.9708 64.0000
v 2875.4359 2893.5897 64.0000
v 2874.1229 2917.5000 108.0000
v 2905.8771 2917.5000 108.0000
v 2921.7543 2890.0000 108.0000
v 2905.8771 2862.5000 108.0000
v 2874.1229 2862.5000 108.0000
v 2858.2457 2890.0000 108.0000
v 2858.2457 2890.0000 108.0000
v 2874.1229 2917.5000 108.0000
v 2858.2457 2890.0000 138.0000
v 2874.1229 2917.5000 138.0000
v 2874.1229 2862.5000 138.0000
v 2858.2457 2890.0000 138.0000
v 2905.8771 2862.5000 138.0000
v 2921.7543 2890.0000 138.0000
v 2905.8771 2917.5000 138.0000
v 2874.1229 2917.5000 138.0000
v 2874.1229 2862.5000 108.0000
v 2858.2457 2890.0000 108.0000
v 2874.1229 2862.5000 138.0000
v 2858.2457 2890.0000 138.0000
v 2905.8771 2862.5000 108.0000
v 2874.1229 2862.5000 108.0000
v 2905.8771 2862.5000 138.0000
v 2874.1229 2862.5000 138.0000
v 2921.7543 2890.0000 108.0000
v 2905.8771 2862.5000 108.0000
v 2921.7543 2890.0000 138.0000
v 2905.8771 2862.5000 138.0000
v 2905.8771 2917.5000 108.0000
v 2921.7543 2890.0000 108.0000
v 2905.8771 2917.5000 138.0000
v 2921.7543 2890.0000 138.0000
v 2874.1229 2917.5000 108.0000
v 2905.8771 2917.5000 108.0000
v 2874.1229 2917.5000 138.0000
v 2905.8771 2917.5000 138.0000
v 2837.0000 2890.0000 150.0000
v 2837.9578 2879.9697 150.0000
v 2840.7965 2870.3019 150.0000
v 2845.4136 2861.3460 150.0000
v 2851.6421 2853.4258 150.0000
v 2859.2570 2846.8275 150.0000
v 2867.9830 2841.7895 150.0000
v 2877.5048 2838.4940 150.0000
v 2887.4782 2837.0600 150.0000
v 2897.5427 2837.5395 150.0000
v 2907.3346 2839.9150 150.0000
v 2916.5000 2844.1007 150.0000
v 2924.7076 2849.9453 150.0000
v 2931.6608 2857.2376 150.0000
v 2937.1083 2865.7140 150.0000
v 2940.8531 2875.0682 150.0000
v 2942.7600 2884.9620 150.0000
v 2942.7600 2895.0380 150.0000
v 2940.8531 2904.9318 150.0000
v 2937.1083 2914.2860 150.0000
v 2931.6608 2922.7624 150.0000
v 2924.7076 2930.0547 150.0000
v 2916.5000 2935.8993 150.0000
v 2907.3346 2940.0850 150.0000
v 2897.5427 2942.4605 150.0000
v 2887.4782 2942.9400 150.0000
v 2877.5048 2941.5060 150.0000
v 2867.9830 2938.2105 150.0000
v 2859.2570 2933.1725 150.0000
v 2851.6421 2926.5742 150.0000
v 2845.4136 2918.6540 150.0000
v 2840.7965 2909.6981 150.0000
v 2837.9578 2900.0303 150.0000
v 2837.0000 2890.0000 150.0000
v 2837.0000 2890.0000 138.0000
v 2837.0000 2890.0000 138.0000
v 2837.9578 2879.9697 138.0000
v 2840.7965 2870.3019 138.0000
v 2845.4136 2861.3460 138.0000
v 2851.6421 2853.4258 138.0000
v 2859.2570 2846.8275 138.0000
v 2867.9830 2841.7895 138.0000
v 2877.5048 2838.4940 138.0000
v 2887.4782 2837.0600 138.0000
v 2897.5427 2837.5395 138.0000
v 2907.3346 2839.9150 138.0000
v 2916.5000 2844.1007 138.0000
v 2924.7076 2849.9453 138.0000
v 2931.6608 2857.2376 138.0000
v 2937.1083 2865.7140 138.0000
v 2940.8531 2875.0682 138.0000
v 2942.7600 2884.9620 138.0000
v 2942.7600 2895.0380 138.0000
v 2940.8531 2904.9318 138.0000
v 2937.1083 2914.2860 138.0000
v 2931.6608 2922.7624 138.0000
v 2924.7076 2930.0547 138.0000
v 2916.5000 2935.8993 138.0000
v 2907.3346 2940.0850 138.0000
v 2897.5427 2942.4605 138.0000
v 2887.4782 2942.9400 138.0000
v 2877.5048 2941.5060 138.0000
v 2867.9830 2938.2105 138.0000
v 2859.2570 2933.1725 138.0000
v 2851.6421 2926.5742 138.0000
v 2845.4136 2918.6540 138.0000
v 2840.7965 2909.6981 138.0000
v 2837.9578 2900.0303 138.0000
v 2837.0000 2890.0000 150.0000
v 2837.9578 2879.9697 150.0000
v 2840.7965 2870.3019 150.0000
v 2845.4136 2861.3460 150.0000
v 2851.6421 2853.4258 150.0000
v 2859.2570 2846.8275 150.0000
v 2867.9830 2841.7895 150.0000
v 2877.5048 2838.4940 150.0000
v 2887.4782 2837.0600 150.0000
v 2897.5427 2837.5395 150.0000
v 2907.3346 2839.9150 150.0000
v 2916.5000 2844.1007 150.0000
v 2924.7076 2849.9453 150.0000
v 2931.6608 2857.2376 150.0000
v 2937.1083 2865.7140 150.0000
v 2940.8531 2875.0682 150.0000
v 2942.7600 2884.9620 150.0000
v 2942.7600 2895.0380 150.0000
v 2940.8531 2904.9318 150.0000
v 2937.1083 2914.2860 150.0000
v 2931.6608 2922.7624 150.0000
v 2924.7076 2930.0547 150.0000
v 2916.5000 2935.8993 150.0000
v 2907.3346 2940.0850 150.0000
v 2897.5427 2942.4605 150.0000
v 2887.4782 2942.9400 150.0000
v 2877.5048 2941.5060 150.0000
v 2867.9830 2938.2105 150.0000
v 2859.2570 2933.1725 150.0000
v 2851.6421 2926.5742 150.0000
v 2845.4136 2918.6540 150.0000
v 2840.7965 2909.6981 150.0000
v 2837.9578 2900.0303 150.0000
v 2837.0000 2890.0000 138.0000
v 2837.9578 2879.9697 138.0000
v 2840.7965 2870.3019 138.0000
v 2845.4136 2861.3460 138.0000
v 2851.6421 2853.4258 138.0000
v 2859.2570 2846.8275 138.0000
v 2867.9830 2841.7895 138.0000
v 2877.5048 2838.4940 138.0000
v 2887.4782 2837.0600 138.0000
v 2897.5427 2837.5395 138.0000
v 2907.3346 2839.9150 138.0000
v 2916.5000 2844.1007 138.0000
v 2924.7076 2849.9453 138.0000
v 2931.6608 2857.2376 138.0000
v 2937.1083 2865.7140 138.0000
v 2940.8531 2875.0682 138.0000
v 2942.7600 2884.9620 138.0000
v 2942.7600 2895.0380 138.0000
v 2940.8531 2904.9318 138.0000
v 2937.1083 2914.2860 138.0000
v 2931.6608 2922.7624 138.0000
v 2924.7076 2930.0547 138.0000
v 2916.5000 2935.8993 138.0000
v 2907.3346 2940.0850 138.0000
v 2897.5427 2942.4605 138.0000
v 2887.4782 2942.9400 138.0000
v 2877.5048 2941.5060 138.0000
v 2867.9830 2938.2105 138.0000
v 2859.2570 2933.1725 138.0000
v 2851.6421 2926.5742 138.0000
v 2845.4136 2918.6540 138.0000
v 2840.7965 2909.6981 138.0000
v 2837.9578 2900.0303 138.0000
f 2742 2743 2741
f 2742 2744 2743
f 2748 2745 2746
f 2748 2747 2745
f 2770 2769 2749
f 2768 2749 2769
f 2771 2770 2749
f 2767 2749 2768
f 2772 2771 2749
f 2766 2749 2767
f 2773 2772 2749
f 2765 2749 2766
f 2774 2773 2749
f 2764 2749 2765
f 2821 2764 2763
f 2822 2763 2762
f 2822 2821 2763
f 2796 2776 2775
f 2796 2795 2776
f 2794 2777 2776
f 2794 2776 2795
f 2820 2764 2821
f 2823 2762 2761
f 2823 2822 2762
f 2797 2774 2749
f 2797 2775 2774
f 2797 2796 2775
f 2793 2778 2777
f 2793 2777 2794
f 2824 2761 2760
f 2824 2823 2761
f 2792 2754 2753
f 2792 2753 2778
f 2792 2778 2793
f 2825 2760 2759
f 2825 2824 2760
f 2791 2755 2754
f 2791 2754 2792
f 2826 2759 2758
f 2826 2825 2759
f 2790 2755 2791
f 2827 2826 2758
f 2827 2758 2757
f 2789 2756 2755
f 2789 2755 2790
f 2750 2749 2764
f 2750 2816 2815
f 2750 2817 2816
f 2750 2818 2817
f 2750 2819 2818
f 2750 2820 2819
f 2750 2764 2820
f 2751 2797 2749
f 2751 2798 2797
f 2751 2799 2798
f 2751 2800 2799
f 2751 2801 2800
f 2828 2827 2757
f 2828 2757 2756
f 2828 2756 2789
f 2802 2801 2751
f 2814 2750 2815
f 2803 2802 2751
f 2813 2750 2814
f 2804 2803 2751
f 2812 2750 2813
f 2779 2804 2751
f 2811 2750 2812
f 2780 2779 2751
f 2810 2750 2811
f 2781 2780 2751
f 2847 2828 2789
f 2848 2847 2789
f 2848 2789 2788
f 2846 2828 2847
f 2846 2829 2828
f 2849 2788 2787
f 2849 2848 2788
f 2845 2829 2846
f 2845 2830 2829
f 2850 2787 2786
f 2850 2849 2787
f 2844 2806 2805
f 2844 2830 2845
f 2844 2805 2830
f 2851 2786 2785
f 2851 2850 2786
f 2843 2807 2806
f 2843 2806 2844
f 2852 2785 2784
f 2852 2851 2785
f 2842 2807 2843
f 2853 2783 2782
f 2853 2784 2783
f 2853 2852 2784
f 2841 2807 2842
f 2841 2808 2807
f 2841 2809 2808
f 2854 2853 2782
f 2854 2782 2781
f 2840 2809 2841
f 2855 2854 2781
f 2752 2855 2781
f 2752 2856 2855
f 2752 2831 2856
f 2752 2781 2751
f 2752 2832 2831
f 2752 2833 2832
f 2752 2834 2833
f 2752 2835 2834
f 2752 2836 2835
f 2752 2837 2836
f 2752 2838 2837
f 2752 2839 2838
f 2752 2750 2810
f 2752 2810 2809
f 2752 2809 2839
f 2839 2809 2840
f 2860 2858 2857
f 2860 2857 2859
f 2882 2861 2881
f 2880 2881 2861
f 2883 2861 2882
f 2879 2880 2861
f 2884 2861 2883
f 2878 2879 2861
f 2885 2861 2884
f 2877 2878 2861
f 2886 2861 2885
f 2876 2877 2861
f 2933 2875 2876
f 2934 2874 2875
f 2934 2875 2933
f 2908 2887 2888
f 2908 2888 2907
f 2906 2888 2889
f 2906 2907 2888
f 2932 2933 2876
f 2935 2873 2874
f 2935 2874 2934
f 2909 2861 2886
f 2909 2886 2887
f 2909 2887 2908
f 2905 2889 2890
f 2905 2906 2889
f 2936 2872 2873
f 2936 2873 2935
f 2904 2865 2866
f 2904 2890 2865
f 2904 2905 2890
f 2937 2871 2872
f 2937 2872 2936
f 2903 2866 2867
f 2903 2904 2866
f 2938 2870 2871
f 2938 2871 2937
f 2902 2903 2867
f 2939 2870 2938
f 2939 2869 2870
f 2901 2867 2868
f 2901 2902 2867
f 2862 2876 2861
f 2862 2927 2928
f 2862 2928 2929
f 2862 2929 2930
f 2862 2930 2931
f 2862 2931 2932
f 2862 2932 2876
f 2863 2861 2909
f 2863 2909 2910
f 2863 2910 2911
f 2863 2911 2912
f 2863 2912 2913
f 2940 2869 2939
f 2940 2868 2869
f 2940 2901 2868
f 2914 2863 2913
f 2926 2927 2862
f 2915 2863 2914
f 2925 2926 2862
f 2916 2863 2915
f 2924 2925 2862
f 2891 2863 2916
f 2923 2924 2862
f 2892 2863 2891
f 2922 2923 2862
f 2893 2863 2892
f 2959 2901 2940
f 2960 2901 2959
f 2960 2900 2901
f 2958 2959 2940
f 2958 2940 2941
f 2961 2899 2900
f 2961 2900 2960
f 2957 2958 2941
f 2957 2941 2942
f 2962 2898 2899
f 2962 2899 2961
f 2956 2917 2918
f 2956 2957 2942
f 2956 2942 2917
f 2963 2897 2898
f 2963 2898 2962
f 2955 2918 2919
f 2955 2956 2918
f 2964 2896 2897
f 2964 2897 2963
f 2954 2955 2919
f 2965 2894 2895
f 2965 2895 2896
f 2965 2896 2964
f 2953 2954 2919
f 2953 2919 2920
f 2953 2920 2921
f 2966 2894 2965
f 2966 2893 2894
f 2952 2953 2921
f 2967 2893 2966
f 2864 2893 2967
f 2864 2967 2968
f 2864 2968 2943
f 2864 2863 2893
f 2864 2943 2944
f 2864 2944 2945
f 2864 2945 2946
f 2864 2946 2947
f 2864 2947 2948
f 2864 2948 2949
f 2864 2949 2950
f 2864 2950 2951
f 2864 2922 2862
f 2864 2921 2922
f 2864 2951 2921
f 2951 2952 2921
f 2970 2969 2971
f 2970 2971 2972
f 2974 3000 2973
f 2974 3002 3000
f 2975 3003 3002
f 2975 3004 3003
f 2975 3002 2974
f 2976 3004 2975
f 2977 3005 3004
f 2977 3006 3005
f 2977 3004 2976
f 2978 3007 3006
f 2978 3006 2977
f 2979 3007 2978
f 2980 3008 3007
f 2980 3007 2979
f 2981 3009 3008
f 2981 3010 3009
f 2981 3008 2980
f 2982 3010 2981
f 2983 3011 3010
f 2983 3010 2982
f 2984 3012 3011
f 2984 3013 3012
f 2984 3011 2983
f 2985 3013 2984
f 2986 3013 2985
f 2986 3014 3013
f 2986 3015 3014
f 2987 3015 2986
f 2987 3016 3015
f 2988 3016 2987
f 2989 3016 2988
f 2989 3017 3016
f 2990 3017 2989
f 2990 3018 3017
f 2990 3019 3018
f 2991 3019 2990
f 2991 3020 3019
f 2992 3020 2991
f 2993 3020 2992
f 2993 3021 3020
f 2993 3022 3021
f 2994 3022 2993
f 2995 3022 2994
f 2995 3023 3022
f 2995 3024 3023
f 2996 3024 2995
f 2997 3025 3024
f 2997 3026 3025
f 2997 3024 2996
f 2998 3026 2997
f 2999 3001 3026
f 2999 3026 2998
f 3028 3054 3027
f 3028 3056 3054
f 3029 3057 3056
f 3029 3058 3057
f 3029 3056 3028
f 3030 3058 3029
f 3031 3059 3058
f 3031 3060 3059
f 3031 3058 3030
f 3032 3061 3060
f 3032 3060 3031
f 3033 3061 3032
f 3034 3062 3061
f 3034 3061 3033
f 3035 3063 3062
f 3035 3064 3063
f 3035 3062 3034
f 3036 3064 3035
f 3037 3065 3064
f 3037 3064 3036
f 3038 3066 3065
f 3038 3067 3066
f 3038 3065 3037
f 3039 3067 3038
f 3040 3067 3039
f 3040 3068 3067
f 3040 3069 3068
f 3041 3069 3040
f 3041 3070 3069
f 3042 3070 3041
f 3043 3070 3042
f 3043 3071 3070
f 3044 3071 3043
f 3044 3072 3071
f 3044 3073 3072
f 3045 3073 3044
f 3045 3074 3073
f 3046 3074 3045
f 3047 3074 3046
f 3047 3075 3074
f 3047 3076 3075
f 3048 3076 3047
f 3049 3076 3048
f 3049 3077 3076
f 3049 3078 3077
f 3050 3078 3049
f 3051 3079 3078
f 3051 3080 3079
f 3051 3078 3050
f 3052 3080 3051
f 3053 3055 3080
f 3053 3080 3052
f 3082 3108 3081
f 3082 3110 3108
f 3083 3111 3110
f 3083 3112 3111
f 3083 3110 3082
f 3084 3112 3083
f 3085 3113 3112
f 3085 3114 3113
f 3085 3112 3084
f 3086 3115 3114
f 3086 3114 3085
f 3087 3115 3086
f 3088 3116 3115
f 3088 3115 3087
f 3089 3117 3116
f 3089 3118 3117
f 3089 3116 3088
f 3090 3118 3089
f 3091 3119 3118
f 3091 3118 3090
f 3092 3120 3119
f 3092 3121 3120
f 3092 3119 3091
f 3093 3121 3092
f 3094 3121 3093
f 3094 3122 3121
f 3094 3123 3122
f 3095 3123 3094
f 3095 3124 3123
f 3096 3124 3095
f 3097 3124 3096
f 3097 3125 3124
f 3098 3125 3097
f 3098 3126 3125
f 3098 3127 3126
f 3099 3127 3098
f 3099 3128 3127
f 3100 3128 3099
f 3101 3128 3100
f 3101 3129 3128
f 3101 3130 3129
f 3102 3130 3101
f 3103 3130 3102
f 3103 3131 3130
f 3103 3132 3131
f 3104 3132 3103
f 3105 3133 3132
f 3105 3134 3133
f 3105 3132 3104
f 3106 3134 3105
f 3107 3109 3134
f 3107 3134 3106
f 3136 3162 3135
f 3136 3164 3162
f 3137 3165 3164
f 3137 3166 3165
f 3137 3164 3136
f 3138 3166 3137
f 3139 3167 3166
f 3139 3168 3167
f 3139 3166 3138
f 3140 3169 3168
f 3140 3168 3139
f 3141 3169 3140
f 3142 3170 3169
f 3142 3169 3141
f 3143 3171 3170
f 3143 3172 3171
f 3143 3170 3142
f 3144 3172 3143
f 3145 3173 3172
f 3145 3172 3144
f 3146 3174 3173
f 3146 3175 3174
f 3146 3173 3145
f 3147 3175 3146
f 3148 3175 3147
f 3148 3176 3175
f 3148 3177 3176
f 3149 3177 3148
f 3149 3178 3177
f 3150 3178 3149
f 3151 3178 3150
f 3151 3179 3178
f 3152 3179 3151
f 3152 3180 3179
f 3152 3181 3180
f 3153 3181 3152
f 3153 3182 3181
f 3154 3182 3153
f 3155 3182 3154
f 3155 3183 3182
f 3155 3184 3183
f 3156 3184 3155
f 3157 3184 3156
f 3157 3185 3184
f 3157 3186 3185
f 3158 3186 3157
f 3159 3187 3186
f 3159 3188 3187
f 3159 3186 3158
f 3160 3188 3159
f 3161 3163 3188
f 3161 3188 3160
f 3191 3189 3190
f 3192 3193 3194
f 3192 3194 3189
f 3192 3189 3191
f 3197 3196 3195
f 3197 3198 3196
f 3201 3202 3203
f 3201 3203 3204
f 3200 3201 3204
f 3199 3201 3200
f 3207 3206 3205
f 3207 3208 3206
f 3212 3210 3209
f 3212 3209 3211
f 3215 3214 3213
f 3215 3216 3214
f 3219 3218 3217
f 3219 3220 3218
f 3221 3223 3224
f 3221 3224 3222
f 3226 3225 3252
f 3226 3252 3254
f 3227 3254 3255
f 3227 3255 3256
f 3227 3226 3254
f 3228 3227 3256
f 3229 3256 3257
f 3229 3257 3258
f 3229 3228 3256
f 3230 3229 3258
f 3231 3258 3259
f 3231 3230 3258
f 3232 3259 3260
f 3232 3231 3259
f 3233 3260 3261
f 3233 3232 3260
f 3234 3261 3262
f 3234 3262 3263
f 3234 3233 3261
f 3235 3234 3263
f 3236 3235 3263
f 3236 3263 3264
f 3237 3236 3264
f 3237 3264 3265
f 3237 3265 3266
f 3238 3237 3266
f 3239 3238 3266
f 3239 3266 3267
f 3239 3267 3268
f 3240 3239 3268
f 3241 3240 3268
f 3241 3268 3269
f 3242 3241 3269
f 3242 3269 3270
f 3243 3242 3270
f 3243 3270 3271
f 3243 3271 3272
f 3244 3243 3272
f 3245 3244 3272
f 3245 3272 3273
f 3245 3273 3274
f 3246 3245 3274
f 3247 3246 3274
f 3247 3274 3275
f 3247 3275 3276
f 3248 3247 3276
f 3249 3276 3277
f 3249 3248 3276
f 3250 3277 3278
f 3250 3278 3253
f 3250 3249 3277
f 3251 3250 3253
f 3299 3297 3298
f 3302 3295 3296
f 3302 3296 3297
f 3302 3299 3300
f 3302 3300 3301
f 3302 3297 3299
f 3304 3293 3294
f 3304 3294 3295
f 3304 3302 3303
f 3304 3295 3302
f 3286 3287 3288
f 3286 3288 3289
f 3280 3292 3293
f 3280 3304 3279
f 3280 3293 3304
f 3284 3285 3286
f 3281 3290 3291
f 3281 3291 3292
f 3281 3292 3280
f 3282 3283 3284
f 3282 3289 3290
f 3282 3286 3289
f 3282 3284 3286
f 3282 3290 3281
f 3325 3324 3323
f 3328 3322 3321
f 3328 3323 3322
f 3328 3326 3325
f 3328 3327 3326
f 3328 3325 3323
f 3330 3320 3319
f 3330 3321 3320
f 3330 3329 3328
f 3330 3328 3321
f 3312 3314 3313
f 3312 3315 3314
f 3306 3319 3318
f 3306 3305 3330
f 3306 3330 3319
f 3310 3312 3311
f 3307 3317 3316
f 3307 3318 3317
f 3307 3306 3318
f 3308 3310 3309
f 3308 3316 3315
f 3308 3315 3312
f 3308 3312 3310
f 3308 3307 3316
f 3335 3331 3332
f 3335 3336 3331
f 3334 3332 3333
f 3334 3335 3332
f 3339 3338 3337
f 3339 3340 3338
f 3343 3344 3345
f 3341 3345 3346
f 3341 3346 3342
f 3341 3343 3345
f 3347 3350 3348
f 3349 3350 3347
f 3354 3352 3351
f 3354 3351 3353
f 3357 3356 3355
f 3357 3358 3356
f 3359 3362 3360
f 3361 3362 3359
f 3364 3363 3365
f 3364 3365 3366
f 3368 3367 3401
f 3368 3401 3403
f 3369 3403 3404
f 3369 3368 3403
f 3370 3404 3405
f 3370 3369 3404
f 3371 3405 3406
f 3371 3406 3407
f 3371 3370 3405
f 3372 3371 3407
f 3373 3407 3408
f 3373 3372 3407
f 3374 3408 3409
f 3374 3373 3408
f 3375 3374 3409
f 3375 3409 3410
f 3376 3375 3410
f 3376 3410 3411
f 3377 3376 3411
f 3377 3411 3412
f 3378 3377 3412
f 3378 3412 3413
f 3379 3378 3413
f 3379 3413 3414
f 3380 3379 3414
f 3380 3414 3415
f 3380 3415 3416
f 3381 3380 3416
f 3382 3381 3416
f 3382 3416 3417
f 3383 3382 3417
f 3383 3417 3418
f 3384 3383 3418
f 3384 3418 3419
f 3385 3384 3419
f 3385 3419 3420
f 3386 3385 3420
f 3386 3420 3421
f 3387 3386 3421
f 3387 3421 3422
f 3387 3422 3423
f 3388 3387 3423
f 3389 3423 3424
f 3389 3388 3423
f 3390 3424 3425
f 3390 3389 3424
f 3391 3425 3426
f 3391 3390 3425
f 3392 3426 3427
f 3392 3391 3426
f 3393 3427 3428
f 3393 3392 3427
f 3394 3428 3429
f 3394 3393 3428
f 3395 3429 3430
f 3395 3394 3429
f 3396 3430 3431
f 3396 3395 3430
f 3397 3431 3432
f 3397 3396 3431
f 3398 3432 3433
f 3398 3397 3432
f 3399 3433 3434
f 3399 3398 3433
f 3400 3399 3434
f 3400 3434 3402
f 3452 3453 3454
f 3452 3454 3455
f 3461 3459 3460
f 3450 3451 3452
f 3449 3450 3452
f 3463 3461 3462
f 3448 3449 3452
f 3447 3455 3456
f 3447 3456 3457
f 3447 3457 3458
f 3447 3448 3452
f 3447 3452 3455
f 3466 3463 3464
f 3466 3464 3465
f 3466 3461 3463
f 3445 3446 3447
f 3445 3458 3459
f 3445 3447 3458
f 3436 3467 3435
f 3442 3443 3444
f 3442 3444 3445
f 3442 3445 3459
f 3437 3466 3467
f 3437 3467 3436
f 3438 3461 3466
f 3438 3466 3437
f 3440 3441 3442
f 3440 3459 3461
f 3440 3442 3459
f 3439 3461 3438
f 3439 3440 3461
f 3485 3487 3486
f 3485 3488 3487
f 3494 3493 3492
f 3483 3485 3484
f 3482 3485 3483
f 3496 3495 3494
f 3481 3485 3482
f 3480 3489 3488
f 3480 3490 3489
f 3480 3491 3490
f 3480 3485 3481
f 3480 3488 3485
f 3499 3497 3496
f 3499 3498 3497
f 3499 3496 3494
f 3478 3480 3479
f 3478 3492 3491
f 3478 3491 3480
f 3469 3468 3500
f 3475 3477 3476
f 3475 3478 3477
f 3475 3492 3478
f 3470 3500 3499
f 3470 3469 3500
f 3471 3499 3494
f 3471 3470 3499
f 3473 3475 3474
f 3473 3494 3492
f 3473 3492 3475
f 3472 3471 3494
f 3472 3494 3473

o support_3
usemtl mat_b8bdc2ff
v -2960.0000 2960.0000 0.0000
v -2960.0000 2960.0000 12.0000
v -2820.0000 2960.0000 0.0000
v -2820.0000 2960.0000 12.0000
v -2960.0000 2960.0000 0.0000
v -2960.0000 2820.0000 0.0000
v -2960.0000 2960.0000 12.0000
v -2960.0000 2820.0000 12.0000
v -2960.0000 2960.0000 12.0000
v -2820.0000 2960.0000 12.0000
v -2960.0000 2820.0000 12.0000
v -2820.0000 2820.0000 12.0000
v -2942.0000 2934.5000 12.0000
v -2940.2051 2934.7179 12.0000
v -2938.5146 2935.3591 12.0000
v -2937.0266 2936.3862 12.0000
v -2935.8276 2937.7395 12.0000
v -2934.9874 2939.3405 12.0000
v -2934.5547 2941.0960 12.0000
v -2934.5547 2942.9040 12.0000
v -2934.9874 2944.6595 12.0000
v -2935.8276 2946.2605 12.0000
v -2937.0266 2947.6138 12.0000
v -2938.5146 2948.6409 12.0000
v -2940.2051 2949.2821 12.0000
v -2942.0000 2949.5000 12.0000
v -2943.7949 2949.2821 12.0000
v -2945.4854 2948.6409 12.0000
v -2946.9734 2947.6138 12.0000
v -2948.1724 2946.2605 12.0000
v -2949.0126 2944.6595 12.0000
v -2949.4453 2942.9040 12.0000
v -2949.4453 2941.0960 12.0000
v -2949.0126 2939.3405 12.0000
v -2948.1724 2937.7395 12.0000
v -2946.9734 2936.3862 12.0000
v -2945.4854 2935.3591 12.0000
v -2943.7949 2934.7179 12.0000
v -2942.0000 2830.5000 12.0000
v -2940.2051 2830.7179 12.0000
v -2938.5146 2831.3591 12.0000
v -2937.0266 2832.3862 12.0000
v -2935.8276 2833.7395 12.0000
v -2934.9874 2835.3405 12.0000
v -2934.5547 2837.0960 12.0000
v -2934.5547 2838.9040 12.0000
v -2934.9874 2840.6595 12.0000
v -2935.8276 2842.2605 12.0000
v -2937.0266 2843.6138 12.0000
v -2938.5146 2844.6409 12.0000
v -2940.2051 2845.2821 12.0000
v -2942.0000 2845.5000 12.0000
v -2943.7949 2845.2821 12.0000
v -2945.4854 2844.6409 12.0000
v -2946.9734 2843.6138 12.0000
v -2948.1724 2842.2605 12.0000
v -2949.0126 2840.6595 12.0000
v -2949.4453 2838.9040 12.0000
v -2949.4453 2837.0960 12.0000
v -2949.0126 2835.3405 12.0000
v -2948.1724 2833.7395 12.0000
v -2946.9734 2832.3862 12.0000
v -2945.4854 2831.3591 12.0000
v -2943.7949 2830.7179 12.0000
v -2838.0000 2934.5000 12.0000
v -2836.2051 2934.7179 12.0000
v -2834.5146 2935.3591 12.0000
v -2833.0266 2936.3862 12.0000
v -2831.8276 2937.7395 12.0000
v -2830.9874 2939.3405 12.0000
v -2830.5547 2941.0960 12.0000
v -2830.5547 2942.9040 12.0000
v -2830.9874 2944.6595 12.0000
v -2831.8276 2946.2605 12.0000
v -2833.0266 2947.6138 12.0000
v -2834.5146 2948.6409 12.0000
v -2836.2051 2949.2821 12.0000
v -2838.0000 2949.5000 12.0000
v -2839.7949 2949.2821 12.0000
v -2841.4854 2948.6409 12.0000
v -2842.9734 2947.6138 12.0000
v -2844.1724 2946.2605 12.0000
v -2845.0126 2944.6595 12.0000
v -2845.4453 2942.9040 12.0000
v -2845.4453 2941.0960 12.0000
v -2845.0126 2939.3405 12.0000
v -2844.1724 2937.7395 12.0000
v -2842.9734 2936.3862 12.0000
v -2841.4854 2935.3591 12.0000
v -2839.7949 2934.7179 12.0000
v -2838.0000 2830.5000 12.0000
v -2836.2051 2830.7179 12.0000
v -2834.5146 2831.3591 12.0000
v -2833.0266 2832.3862 12.0000
v -2831.8276 2833.7395 12.0000
v -2830.9874 2835.3405 12.0000
v -2830.5547 2837.0960 12.0000
v -2830.5547 2838.9040 12.0000
v -2830.9874 2840.6595 12.0000
v -2831.8276 2842.2605 12.0000
v -2833.0266 2843.6138 12.0000
v -2834.5146 2844.6409 12.0000
v -2836.2051 2845.2821 12.0000
v -2838.0000 2845.5000 12.0000
v -2839.7949 2845.2821 12.0000
v -2841.4854 2844.6409 12.0000
v -2842.9734 2843.6138 12.0000
v -2844.1724 2842.2605 12.0000
v -2845.0126 2840.6595 12.0000
v -2845.4453 2838.9040 12.0000
v -2845.4453 2837.0960 12.0000
v -2845.0126 2835.3405 12.0000
v -2844.1724 2833.7395 12.0000
v -2842.9734 2832.3862 12.0000
v -2841.4854 2831.3591 12.0000
v -2839.7949 2830.7179 12.0000
v -2820.0000 2960.0000 0.0000
v -2820.0000 2820.0000 0.0000
v -2820.0000 2960.0000 12.0000
v -2820.0000 2820.0000 12.0000
v -2960.0000 2960.0000 0.0000
v -2820.0000 2960.0000 0.0000
v -2960.0000 2820.0000 0.0000
v -2820.0000 2820.0000 0.0000
v -2942.0000 2934.5000 0.0000
v -2940.2051 2934.7179 0.0000
v -2938.5146 2935.3591 0.0000
v -2937.0266 2936.3862 0.0000
v -2935.8276 2937.7395 0.0000
v -2934.9874 2939.3405 0.0000
v -2934.5547 2941.0960 0.0000
v -2934.5547 2942.9040 0.0000
v -2934.9874 2944.6595 0.0000
v -2935.8276 2946.2605 0.0000
v -2937.0266 2947.6138 0.0000
v -2938.5146 2948.6409 0.0000
v -2940.2051 2949.2821 0.0000
v -2942.0000 2949.5000 0.0000
v -2943.7949 2949.2821 0.0000
v -2945.4854 2948.6409 0.0000
v -2946.9734 2947.6138 0.0000
v -2948.1724 2946.2605 0.0000
v -2949.0126 2944.6595 0.0000
v -2949.4453 2942.9040 0.0000
v -2949.4453 2941.0960 0.0000
v -2949.0126 2939.3405 0.0000
v -2948.1724 2937.7395 0.0000
v -2946.9734 2936.3862 0.0000
v -2945.4854 2935.3591 0.0000
v -2943.7949 2934.7179 0.0000
v -2942.0000 2830.5000 0.0000
v -2940.2051 2830.7179 0.0000
v -2938.5146 2831.3591 0.0000
v -2937.0266 2832.3862 0.0000
v -2935.8276 2833.7395 0.0000
v -2934.9874 2835.3405 0.0000
v -2934.5547 2837.0960 0.0000
v -2934.5547 2838.9040 0.0000
v -2934.9874 2840.6595 0.0000
v -2935.8276 2842.2605 0.0000
v -2937.0266 2843.6138 0.0000
v -2938.5146 2844.6409 0.0000
v -2940.2051 2845.2821 0.0000
v -2942.0000 2845.5000 0.0000
v -2943.7949 2845.2821 0.0000
v -2945.4854 2844.6409 0.0000
v -2946.9734 2843.6138 0.0000
v -2948.1724 2842.2605 0.0000
v -2949.0126 2840.6595 0.0000
v -2949.4453 2838.9040 0.0000
v -2949.4453 2837.0960 0.0000
v -2949.0126 2835.3405 0.0000
v -2948.1724 2833.7395 0.0000
v -2946.9734 2832.3862 0.0000
v -2945.4854 2831.3591 0.0000
v -2943.7949 2830.7179 0.0000
v -2838.0000 2934.5000 0.0000
v -2836.2051 2934.7179 0.0000
v -2834.5146 2935.3591 0.0000
v -2833.0266 2936.3862 0.0000
v -2831.8276 2937.7395 0.0000
v -2830.9874 2939.3405 0.0000
v -2830.5547 2941.0960 0.0000
v -2830.5547 2942.9040 0.0000
v -2830.9874 2944.6595 0.0000
v -2831.8276 2946.2605 0.0000
v -2833.0266 2947.6138 0.0000
v -2834.5146 2948.6409 0.0000
v -2836.2051 2949.2821 0.0000
v -2838.0000 2949.5000 0.0000
v -2839.7949 2949.2821 0.0000
v -2841.4854 2948.6409 0.0000
v -2842.9734 2947.6138 0.0000
v -2844.1724 2946.2605 0.0000
v -2845.0126 2944.6595 0.0000
v -2845.4453 2942.9040 0.0000
v -2845.4453 2941.0960 0.0000
v -2845.0126 2939.3405 0.0000
v -2844.1724 2937.7395 0.0000
v -2842.9734 2936.3862 0.0000
v -2841.4854 2935.3591 0.0000
v -2839.7949 2934.7179 0.0000
v -2838.0000 2830.5000 0.0000
v -2836.2051 2830.7179 0.0000
v -2834.5146 2831.3591 0.0000
v -2833.0266 2832.3862 0.0000
v -2831.8276 2833.7395 0.0000
v -2830.9874 2835.3405 0.0000
v -2830.5547 2837.0960 0.0000
v -2830.5547 2838.9040 0.0000
v -2830.9874 2840.6595 0.0000
v -2831.8276 2842.2605 0.0000
v -2833.0266 2843.6138 0.0000
v -2834.5146 2844.6409 0.0000
v -2836.2051 2845.2821 0.0000
v -2838.0000 2845.5000 0.0000
v -2839.7949 2845.2821 0.0000
v -2841.4854 2844.6409 0.0000
v -2842.9734 2843.6138 0.0000
v -2844.1724 2842.2605 0.0000
v -2845.0126 2840.6595 0.0000
v -2845.4453 2838.9040 0.0000
v -2845.4453 2837.0960 0.0000
v -2845.0126 2835.3405 0.0000
v -2844.1724 2833.7395 0.0000
v -2842.9734 2832.3862 0.0000
v -2841.4854 2831.3591 0.0000
v -2839.7949 2830.7179 0.0000
v -2960.0000 2820.0000 0.0000
v -2960.0000 2820.0000 12.0000
v -2820.0000 2820.0000 0.0000
v -2820.0000 2820.0000 12.0000
v -2942.0000 2934.5000 12.0000
v -2940.2051 2934.7179 12.0000
v -2938.5146 2935.3591 12.0000
v -2937.0266 2936.3862 12.0000
v -2935.8276 2937.7395 12.0000
v -2934.9874 2939.3405 12.0000
v -2934.5547 2941.0960 12.0000
v -2934.5547 2942.9040 12.0000
v -2934.9874 2944.6595 12.0000
v -2935.8276 2946.2605 12.0000
v -2937.0266 2947.6138 12.0000
v -2938.5146 2948.6409 12.0000
v -2940.2051 2949.2821 12.0000
v -2942.0000 2949.5000 12.0000
v -2943.7949 2949.2821 12.0000
v -2945.4854 2948.6409 12.0000
v -2946.9734 2947.6138 12.0000
v -2948.1724 2946.2605 12.0000
v -2949.0126 2944.6595 12.0000
v -2949.4453 2942.9040 12.0000
v -2949.4453 2941.0960 12.0000
v -2949.0126 2939.3405 12.0000
v -2948.1724 2937.7395 12.0000
v -2946.9734 2936.3862 12.0000
v -2945.4854 2935.3591 12.0000
v -2943.7949 2934.7179 12.0000
v -2942.0000 2934.5000 12.0000
v -2942.0000 2934.5000 0.0000
v -2942.0000 2934.5000 0.0000
v -2940.2051 2934.7179 0.0000
v -2938.5146 2935.3591 0.0000
v -2937.0266 2936.3862 0.0000
v -2935.8276 2937.7395 0.0000
v -2934.9874 2939.3405 0.0000
v -2934.5547 2941.0960 0.0000
v -2934.5547 2942.9040 0.0000
v -2934.9874 2944.6595 0.0000
v -2935.8276 2946.2605 0.0000
v -2937.0266 2947.6138 0.0000
v -2938.5146 2948.6409 0.0000
v -2940.2051 2949.2821 0.0000
v -2942.0000 2949.5000 0.0000
v -2943.7949 2949.2821 0.0000
v -2945.4854 2948.6409 0.0000
v -2946.9734 2947.6138 0.0000
v -2948.1724 2946.2605 0.0000
v -2949.0126 2944.6595 0.0000
v -2949.4453 2942.9040 0.0000
v -2949.4453 2941.0960 0.0000
v -2949.0126 2939.3405 0.0000
v -2948.1724 2937.7395 0.0000
v -2946.9734 2936.3862 0.0000
v -2945.4854 2935.3591 0.0000
v -2943.7949 2934.7179 0.0000
v -2942.0000 2830.5000 12.0000
v -2940.2051 2830.7179 12.0000
v -2938.5146 2831.3591 12.0000
v -2937.0266 2832.3862 12.0000
v -2935.8276 2833.7395 12.0000
v -2934.9874 2835.3405 12.0000
v -2934.5547 2837.0960 12.0000
v -2934.5547 2838.9040 12.0000
v -2934.9874 2840.6595 12.0000
v -2935.8276 2842.2605 12.0000
v -2937.0266 2843.6138 12.0000
v -2938.5146 2844.6409 12.0000
v -2940.2051 2845.2821 12.0000
v -2942.0000 2845.5000 12.0000
v -2943.7949 2845.2821 12.0000
v -2945.4854 2844.6409 12.0000
v -2946.9734 2843.6138 12.0000
v -2948.1724 2842.2605 12.0000
v -2949.0126 2840.6595 12.0000
v -2949.4453 2838.9040 12.0000
v -2949.4453 2837.0960 12.0000
v -2949.0126 2835.3405 12.0000
v -2948.1724 2833.7395 12.0000
v -2946.9734 2832.3862 12.0000
v -2945.4854 2831.3591 12.0000
v -2943.7949 2830.7179 12.0000
v -2942.0000 2830.5000 12.0000
v -2942.0000 2830.5000 0.0000
v -2942.0000 2830.5000 0.0000
v -2940.2051 2830.7179 0.0000
v -2938.5146 2831.3591 0.0000
v -2937.0266 2832.3862 0.0000
v -2935.8276 2833.7395 0.0000
v -2934.9874 2835.3405 0.0000
v -2934.5547 2837.0960 0.0000
v -2934.5547 2838.9040 0.0000
v -2934.9874 2840.6595 0.0000
v -2935.8276 2842.2605 0.0000
v -2937.0266 2843.6138 0.0000
v -2938.5146 2844.6409 0.0000
v -2940.2051 2845.2821 0.0000
v -2942.0000 2845.5000 0.0000
v -2943.7949 2845.2821 0.0000
v -2945.4854 2844.6409 0.0000
v -2946.9734 2843.6138 0.0000
v -2948.1724 2842.2605 0.0000
v -2949.0126 2840.6595 0.0000
v -2949.4453 2838.9040 0.0000
v -2949.4453 2837.0960 0.0000
v -2949.0126 2835.3405 0.0000
v -2948.1724 2833.7395 0.0000
v -2946.9734 2832.3862 0.0000
v -2945.4854 2831.3591 0.0000
v -2943.7949 2830.7179 0.0000
v -2838.0000 2934.5000 12.0000
v -2836.2051 2934.7179 12.0000
v -2834.5146 2935.3591 12.0000
v -2833.0266 2936.3862 12.0000
v -2831.8276 2937.7395 12.0000
v -2830.9874 2939.3405 12.0000
v -2830.5547 2941.0960 12.0000
v -2830.5547 2942.9040 12.0000
v -2830.9874 2944.6595 12.0000
v -2831.8276 2946.2605 12.0000
v -2833.0266 2947.6138 12.0000
v -2834.5146 2948.6409 12.0000
v -2836.2051 2949.2821 12.0000
v -2838.0000 2949.5000 12.0000
v -2839.7949 2949.2821 12.0000
v -2841.4854 2948.6409 12.0000
v -2842.9734 2947.6138 12.0000
v -2844.1724 2946.2605 12.0000
v -2845.0126 2944.6595 12.0000
v -2845.4453 2942.9040 12.0000
v -2845.4453 2941.0960 12.0000
v -2845.0126 2939.3405 12.0000
v -2844.1724 2937.7395 12.0000
v -2842.9734 2936.3862 12.0000
v -2841.4854 2935.3591 12.0000
v -2839.7949 2934.7179 12.0000
v -2838.0000 2934.5000 12.0000
v -2838.0000 2934.5000 0.0000
v -2838.0000 2934.5000 0.0000
v -2836.2051 2934.7179 0.0000
v -2834.5146 2935.3591 0.0000
v -2833.0266 2936.3862 0.0000
v -2831.8276 2937.7395 0.0000
v -2830.9874 2939.3405 0.0000
v -2830.5547 2941.0960 0.0000
v -2830.5547 2942.9040 0.0000
v -2830.9874 2944.6595 0.0000
v -2831.8276 2946.2605 0.0000
v -2833.0266 2947.6138 0.0000
v -2834.5146 2948.6409 0.0000
v -2836.2051 2949.2821 0.0000
v -2838.0000 2949.5000 0.0000
v -2839.7949 2949.2821 0.0000
v -2841.4854 2948.6409 0.0000
v -2842.9734 2947.6138 0.0000
v -2844.1724 2946.2605 0.0000
v -2845.0126 2944.6595 0.0000
v -2845.4453 2942.9040 0.0000
v -2845.4453 2941.0960 0.0000
v -2845.0126 2939.3405 0.0000
v -2844.1724 2937.7395 0.0000
v -2842.9734 2936.3862 0.0000
v -2841.4854 2935.3591 0.0000
v -2839.7949 2934.7179 0.0000
v -2838.0000 2830.5000 12.0000
v -2836.2051 2830.7179 12.0000
v -2834.5146 2831.3591 12.0000
v -2833.0266 2832.3862 12.0000
v -2831.8276 2833.7395 12.0000
v -2830.9874 2835.3405 12.0000
v -2830.5547 2837.0960 12.0000
v -2830.5547 2838.9040 12.0000
v -2830.9874 2840.6595 12.0000
v -2831.8276 2842.2605 12.0000
v -2833.0266 2843.6138 12.0000
v -2834.5146 2844.6409 12.0000
v -2836.2051 2845.2821 12.0000
v -2838.0000 2845.5000 12.0000
v -2839.7949 2845.2821 12.0000
v -2841.4854 2844.6409 12.0000
v -2842.9734 2843.6138 12.0000
v -2844.1724 2842.2605 12.0000
v -2845.0126 2840.6595 12.0000
v -2845.4453 2838.9040 12.0000
v -2845.4453 2837.0960 12.0000
v -2845.0126 2835.3405 12.0000
v -2844.1724 2833.7395 12.0000
v -2842.9734 2832.3862 12.0000
v -2841.4854 2831.3591 12.0000
v -2839.7949 2830.7179 12.0000
v -2838.0000 2830.5000 12.0000
v -2838.0000 2830.5000 0.0000
v -2838.0000 2830.5000 0.0000
v -2836.2051 2830.7179 0.0000
v -2834.5146 2831.3591 0.0000
v -2833.0266 2832.3862 0.0000
v -2831.8276 2833.7395 0.0000
v -2830.9874 2835.3405 0.0000
v -2830.5547 2837.0960 0.0000
v -2830.5547 2838.9040 0.0000
v -2830.9874 2840.6595 0.0000
v -2831.8276 2842.2605 0.0000
v -2833.0266 2843.6138 0.0000
v -2834.5146 2844.6409 0.0000
v -2836.2051 2845.2821 0.0000
v -2838.0000 2845.5000 0.0000
v -2839.7949 2845.2821 0.0000
v -2841.4854 2844.6409 0.0000
v -2842.9734 2843.6138 0.0000
v -2844.1724 2842.2605 0.0000
v -2845.0126 2840.6595 0.0000
v -2845.4453 2838.9040 0.0000
v -2845.4453 2837.0960 0.0000
v -2845.0126 2835.3405 0.0000
v -2844.1724 2833.7395 0.0000
v -2842.9734 2832.3862 0.0000
v -2841.4854 2831.3591 0.0000
v -2839.7949 2830.7179 0.0000
v -2908.0000 2879.6077 12.0000
v -2908.0000 2900.3923 12.0000
v -2890.0000 2910.7846 12.0000
v -2872.0000 2900.3923 12.0000
v -2872.0000 2879.6077 12.0000
v -2890.0000 2869.2154 12.0000
v -2890.0000 2869.2154 12.0000
v -2908.0000 2879.6077 12.0000
v -2890.0000 2869.2154 64.0000
v -2908.0000 2879.6077 64.0000
v -2872.0000 2879.6077 64.0000
v -2890.0000 2869.2154 64.0000
v -2872.0000 2900.3923 64.0000
v -2890.0000 2910.7846 64.0000
v -2908.0000 2900.3923 64.0000
v -2908.0000 2879.6077 64.0000
v -2872.0000 2879.6077 12.0000
v -2890.0000 2869.2154 12.0000
v -2872.0000 2879.6077 64.0000
v -2890.0000 2869.2154 64.0000
v -2872.0000 2900.3923 12.0000
v -2872.0000 2879.6077 12.0000
v -2872.0000 2900.3923 64.0000
v -2872.0000 2879.6077 64.0000
v -2890.0000 2910.7846 12.0000
v -2872.0000 2900.3923 12.0000
v -2890.0000 2910.7846 64.0000
v -2872.0000 2900.3923 64.0000
v -2908.0000 2900.3923 12.0000
v -2890.0000 2910.7846 12.0000
v -2908.0000 2900.3923 64.0000
v -2890.0000 2910.7846 64.0000
v -2908.0000 2879.6077 12.0000
v -2908.0000 2900.3923 12.0000
v -2908.0000 2879.6077 64.0000
v -2908.0000 2900.3923 64.0000
v -2890.0000 2875.0000 108.0000
v -2886.4103 2875.4359 108.0000
v -2883.0292 2876.7182 108.0000
v -2880.0532 2878.7723 108.0000
v -2877.6552 2881.4790 108.0000
v -2875.9748 2884.6809 108.0000
v -2875.1094 2888.1919 108.0000
v -2875.1094 2891.8081 108.0000
v -2875.9748 2895.3191 108.0000
v -2877.6552 2898.5210 108.0000
v -2880.0532 2901.2277 108.0000
v -2883.0292 2903.2818 108.0000
v -2886.4103 2904.5641 108.0000
v -2890.0000 2905.0000 108.0000
v -2893.5897 2904.5641 108.0000
v -2896.9708 2903.2818 108.0000
v -2899.9468 2901.2277 108.0000
v -2902.3448 2898.5210 108.0000
v -2904.0252 2895.3191 108.0000
v -2904.8906 2891.8081 108.0000
v -2904.8906 2888.1919 108.0000
v -2904.0252 2884.6809 108.0000
v -2902.3448 2881.4790 108.0000
v -2899.9468 2878.7723 108.0000
v -2896.9708 2876.7182 108.0000
v -2893.5897 2875.4359 108.0000
v -2890.0000 2875.0000 108.0000
v -2890.0000 2875.0000 64.0000
v -2890.0000 2875.0000 64.0000
v -2886.4103 2875.4359 64.0000
v -2883.0292 2876.7182 64.0000
v -2880.0532 2878.7723 64.0000
v -2877.6552 2881.4790 64.0000
v -2875.9748 2884.6809 64.0000
v -2875.1094 2888.1919 64.0000
v -2875.1094 2891.8081 64.0000
v -2875.9748 2895.3191 64.0000
v -2877.6552 2898.5210 64.0000
v -2880.0532 2901.2277 64.0000
v -2883.0292 2903.2818 64.0000
v -2886.4103 2904.5641 64.0000
v -2890.0000 2905.0000 64.0000
v -2893.5897 2904.5641 64.0000
v -2896.9708 2903.2818 64.0000
v -2899.9468 2901.2277 64.0000
v -2902.3448 2898.5210 64.0000
v -2904.0252 2895.3191 64.0000
v -2904.8906 2891.8081 64.0000
v -2904.8906 2888.1919 64.0000
v -2904.0252 2884.6809 64.0000
v -2902.3448 2881.4790 64.0000
v -2899.9468 2878.7723 64.0000
v -2896.9708 2876.7182 64.0000
v -2893.5897 2875.4359 64.0000
v -2890.0000 2875.0000 108.0000
v -2886.4103 2875.4359 108.0000
v -2883.0292 2876.7182 108.0000
v -2880.0532 2878.7723 108.0000
v -2877.6552 2881.4790 108.0000
v -2875.9748 2884.6809 108.0000
v -2875.1094 2888.1919 108.0000
v -2875.1094 2891.8081 108.0000
v -2875.9748 2895.3191 108.0000
v -2877.6552 2898.5210 108.0000
v -2880.0532 2901.2277 108.0000
v -2883.0292 2903.2818 108.0000
v -2886.4103 2904.5641 108.0000
v -2890.0000 2905.0000 108.0000
v -2893.5897 2904.5641 108.0000
v -2896.9708 2903.2818 108.0000
v -2899.9468 2901.2277 108.0000
v -2902.3448 2898.5210 108.0000
v -2904.0252 2895.3191 108.0000
v -2904.8906 2891.8081 108.0000
v -2904.8906 2888.1919 108.0000
v -2904.0252 2884.6809 108.0000
v -2902.3448 2881.4790 108.0000
v -2899.9468 2878.7723 108.0000
v -2896.9708 2876.7182 108.0000
v -2893.5897 2875.4359 108.0000
v -2890.0000 2875.0000 64.0000
v -2886.4103 2875.4359 64.0000
v -2883.0292 2876.7182 64.0000
v -2880.0532 2878.7723 64.0000
v -2877.6552 2881.4790 64.0000
v -2875.9748 2884.6809 64.0000
v -2875.1094 2888.1919 64.0000
v -2875.1094 2891.8081 64.0000
v -2875.9748 2895.3191 64.0000
v -2877.6552 2898.5210 64.0000
v -2880.0532 2901.2277 64.0000
v -2883.0292 2903.2818 64.0000
v -2886.4103 2904.5641 64.0000
v -2890.0000 2905.0000 64.0000
v -2893.5897 2904.5641 64.0000
v -2896.9708 2903.2818 64.0000
v -2899.9468 2901.2277 64.0000
v -2902.3448 2898.5210 64.0000
v -2904.0252 2895.3191 64.0000
v -2904.8906 2891.8081 64.0000
v -2904.8906 2888.1919 64.0000
v -2904.0252 2884.6809 64.0000
v -2902.3448 2881.4790 64.0000
v -2899.9468 2878.7723 64.0000
v -2896.9708 2876.7182 64.0000
v -2893.5897 2875.4359 64.0000
v -2917.5000 2874.1229 108.0000
v -2917.5000 2905.8771 108.0000
v -2890.0000 2921.7543 108.0000
v -2862.5000 2905.8771 108.0000
v -2862.5000 2874.1229 108.0000
v -2890.0000 2858.2457 108.0000
v -2890.0000 2858.2457 108.0000
v -2917.5000 2874.1229 108.0000
v -2890.0000 2858.2457 138.0000
v -2917.5000 2874.1229 138.0000
v -2862.5000 2874.1229 138.0000
v -2890.0000 2858.2457 138.0000
v -2862.5000 2905.8771 138.0000
v -2890.0000 2921.7543 138.0000
v -2917.5000 2905.8771 138.0000
v -2917.5000 2874.1229 138.0000
v -2862.5000 2874.1229 108.0000
v -2890.0000 2858.2457 108.0000
v -2862.5000 2874.1229 138.0000
v -2890.0000 2858.2457 138.0000
v -2862.5000 2905.8771 108.0000
v -2862.5000 2874.1229 108.0000
v -2862.5000 2905.8771 138.0000
v -2862.5000 2874.1229 138.0000
v -2890.0000 2921.7543 108.0000
v -2862.5000 2905.8771 108.0000
v -2890.0000 2921.7543 138.0000
v -2862.5000 2905.8771 138.0000
v -2917.5000 2905.8771 108.0000
v -2890.0000 2921.7543 108.0000
v -2917.5000 2905.8771 138.0000
v -2890.0000 2921.7543 138.0000
v -2917.5000 2874.1229 108.0000
v -2917.5000 2905.8771 108.0000
v -2917.5000 2874.1229 138.0000
v -2917.5000 2905.8771 138.0000
v -2890.0000 2837.0000 150.0000
v -2879.9697 2837.9578 150.0000
v -2870.3019 2840.7965 150.0000
v -2861.3460 2845.4136 150.0000
v -2853.4258 2851.6421 150.0000
v -2846.8275 2859.2570 150.0000
v -2841.7895 2867.9830 150.0000
v -2838.4940 2877.5048 150.0000
v -2837.0600 2887.4782 150.0000
v -2837.5395 2897.5427 150.0000
v -2839.9150 2907.3346 150.0000
v -2844.1007 2916.5000 150.0000
v -2849.9453 2924.7076 150.0000
v -2857.2376 2931.6608 150.0000
v -2865.7140 2937.1083 150.0000
v -2875.0682 2940.8531 150.0000
v -2884.9620 2942.7600 150.0000
v -2895.0380 2942.7600 150.0000
v -2904.9318 2940.8531 150.0000
v -2914.2860 2937.1083 150.0000
v -2922.7624 2931.6608 150.0000
v -2930.0547 2924.7076 150.0000
v -2935.8993 2916.5000 150.0000
v -2940.0850 2907.3346 150.0000
v -2942.4605 2897.5427 150.0000
v -2942.9400 2887.4782 150.0000
v -2941.5060 2877.5048 150.0000
v -2938.2105 2867.9830 150.0000
v -2933.1725 2859.2570 150.0000
v -2926.5742 2851.6421 150.0000
v -2918.6540 2845.4136 150.0000
v -2909.6981 2840.7965 150.0000
v -2900.0303 2837.9578 150.0000
v -2890.0000 2837.0000 150.0000
v -2890.0000 2837.0000 138.0000
v -2890.0000 2837.0000 138.0000
v -2879.9697 2837.9578 138.0000
v -2870.3019 2840.7965 138.0000
v -2861.3460 2845.4136 138.0000
v -2853.4258 2851.6421 138.0000
v -2846.8275 2859.2570 138.0000
v -2841.7895 2867.9830 138.0000
v -2838.4940 2877.5048 138.0000
v -2837.0600 2887.4782 138.0000
v -2837.5395 2897.5427 138.0000
v -2839.9150 2907.3346 138.0000
v -2844.1007 2916.5000 138.0000
v -2849.9453 2924.7076 138.0000
v -2857.2376 2931.6608 138.0000
v -2865.7140 2937.1083 138.0000
v -2875.0682 2940.8531 138.0000
v -2884.9620 2942.7600 138.0000
v -2895.0380 2942.7600 138.0000
v -2904.9318 2940.8531 138.0000
v -2914.2860 2937.1083 138.0000
v -2922.7624 2931.6608 138.0000
v -2930.0547 2924.7076 138.0000
v -2935.8993 2916.5000 138.0000
v -2940.0850 2907.3346 138.0000
v -2942.4605 2897.5427 138.0000
v -2942.9400 2887.4782 138.0000
v -2941.5060 2877.5048 138.0000
v -2938.2105 2867.9830 138.0000
v -2933.1725 2859.2570 138.0000
v -2926.5742 2851.6421 138.0000
v -2918.6540 2845.4136 138.0000
v -2909.6981 2840.7965 138.0000
v -2900.0303 2837.9578 138.0000
v -2890.0000 2837.0000 150.0000
v -2879.9697 2837.9578 150.0000
v -2870.3019 2840.7965 150.0000
v -2861.3460 2845.4136 150.0000
v -2853.4258 2851.6421 150.0000
v -2846.8275 2859.2570 150.0000
v -2841.7895 2867.9830 150.0000
v -2838.4940 2877.5048 150.0000
v -2837.0600 2887.4782 150.0000
v -2837.5395 2897.5427 150.0000
v -2839.9150 2907.3346 150.0000
v -2844.1007 2916.5000 150.0000
v -2849.9453 2924.7076 150.0000
v -2857.2376 2931.6608 150.0000
v -2865.7140 2937.1083 150.0000
v -2875.0682 2940.8531 150.0000
v -2884.9620 2942.7600 150.0000
v -2895.0380 2942.7600 150.0000
v -2904.9318 2940.8531 150.0000
v -2914.2860 2937.1083 150.0000
v -2922.7624 2931.6608 150.0000
v -2930.0547 2924.7076 150.0000
v -2935.8993 2916.5000 150.0000
v -2940.0850 2907.3346 150.0000
v -2942.4605 2897.5427 150.0000
v -2942.9400 2887.4782 150.0000
v -2941.5060 2877.5048 150.0000
v -2938.2105 2867.9830 150.0000
v -2933.1725 2859.2570 150.0000
v -2926.5742 2851.6421 150.0000
v -2918.6540 2845.4136 150.0000
v -2909.6981 2840.7965 150.0000
v -2900.0303 2837.9578 150.0000
v -2890.0000 2837.0000 138.0000
v -2879.9697 2837.9578 138.0000
v -2870.3019 2840.7965 138.0000
v -2861.3460 2845.4136 138.0000
v -2853.4258 2851.6421 138.0000
v -2846.8275 2859.2570 138.0000
v -2841.7895 2867.9830 138.0000
v -2838.4940 2877.5048 138.0000
v -2837.0600 2887.4782 138.0000
v -2837.5395 2897.5427 138.0000
v -2839.9150 2907.3346 138.0000
v -2844.1007 2916.5000 138.0000
v -2849.9453 2924.7076 138.0000
v -2857.2376 2931.6608 138.0000
v -2865.7140 2937.1083 138.0000
v -2875.0682 2940.8531 138.0000
v -2884.9620 2942.7600 138.0000
v -2895.0380 2942.7600 138.0000
v -2904.9318 2940.8531 138.0000
v -2914.2860 2937.1083 138.0000
v -2922.7624 2931.6608 138.0000
v -2930.0547 2924.7076 138.0000
v -2935.8993 2916.5000 138.0000
v -2940.0850 2907.3346 138.0000
v -2942.4605 2897.5427 138.0000
v -2942.9400 2887.4782 138.0000
v -2941.5060 2877.5048 138.0000
v -2938.2105 2867.9830 138.0000
v -2933.1725 2859.2570 138.0000
v -2926.5742 2851.6421 138.0000
v -2918.6540 2845.4136 138.0000
v -2909.6981 2840.7965 138.0000
v -2900.0303 2837.9578 138.0000
f 3502 3503 3501
f 3502 3504 3503
f 3508 3505 3506
f 3508 3507 3505
f 3530 3529 3509
f 3528 3509 3529
f 3531 3530 3509
f 3527 3509 3528
f 3532 3531 3509
f 3526 3509 3527
f 3533 3532 3509
f 3525 3509 3526
f 3534 3533 3509
f 3524 3509 3525
f 3581 3524 3523
f 3582 3522 3521
f 3582 3523 3522
f 3582 3581 3523
f 3556 3536 3535
f 3556 3555 3536
f 3580 3524 3581
f 3554 3536 3555
f 3554 3537 3536
f 3583 3582 3521
f 3557 3535 3534
f 3557 3556 3535
f 3553 3538 3537
f 3553 3537 3554
f 3584 3521 3520
f 3584 3583 3521
f 3552 3513 3538
f 3552 3538 3553
f 3585 3520 3519
f 3585 3584 3520
f 3551 3514 3513
f 3551 3513 3552
f 3586 3519 3518
f 3586 3585 3519
f 3550 3515 3514
f 3550 3514 3551
f 3587 3518 3517
f 3587 3586 3518
f 3549 3516 3515
f 3549 3515 3550
f 3510 3509 3524
f 3510 3576 3575
f 3510 3577 3576
f 3510 3578 3577
f 3510 3579 3578
f 3510 3580 3579
f 3510 3524 3580
f 3511 3534 3509
f 3511 3558 3557
f 3511 3559 3558
f 3511 3560 3559
f 3511 3561 3560
f 3511 3557 3534
f 3588 3587 3517
f 3588 3517 3516
f 3562 3561 3511
f 3574 3510 3575
f 3563 3562 3511
f 3573 3510 3574
f 3564 3563 3511
f 3572 3510 3573
f 3539 3564 3511
f 3571 3510 3572
f 3540 3539 3511
f 3570 3510 3571
f 3541 3540 3511
f 3607 3588 3516
f 3607 3516 3549
f 3608 3549 3548
f 3608 3607 3549
f 3606 3588 3607
f 3606 3589 3588
f 3609 3608 3548
f 3609 3547 3546
f 3609 3548 3547
f 3605 3589 3606
f 3605 3590 3589
f 3610 3609 3546
f 3604 3566 3565
f 3604 3565 3590
f 3604 3590 3605
f 3611 3546 3545
f 3611 3610 3546
f 3603 3566 3604
f 3612 3544 3543
f 3612 3545 3544
f 3612 3611 3545
f 3602 3567 3566
f 3602 3566 3603
f 3613 3612 3543
f 3601 3567 3602
f 3601 3568 3567
f 3601 3569 3568
f 3614 3542 3541
f 3614 3543 3542
f 3614 3613 3543
f 3600 3569 3601
f 3615 3614 3541
f 3512 3615 3541
f 3512 3616 3615
f 3512 3591 3616
f 3512 3541 3511
f 3512 3592 3591
f 3512 3593 3592
f 3512 3594 3593
f 3512 3595 3594
f 3512 3596 3595
f 3512 3597 3596
f 3512 3598 3597
f 3512 3599 3598
f 3512 3510 3599
f 3599 3510 3600
f 3600 3510 3570
f 3600 3570 3569
f 3620 3618 3617
f 3620 3617 3619
f 3642 3621 3641
f 3640 3641 3621
f 3643 3621 3642
f 3639 3640 3621
f 3644 3621 3643
f 3638 3639 3621
f 3645 3621 3644
f 3637 3638 3621
f 3646 3621 3645
f 3636 3637 3621
f 3693 3635 3636
f 3694 3633 3634
f 3694 3634 3635
f 3694 3635 3693
f 3668 3647 3648
f 3668 3648 3667
f 3692 3693 3636
f 3666 3667 3648
f 3666 3648 3649
f 3695 3633 3694
f 3669 3646 3647
f 3669 3647 3668
f 3665 3649 3650
f 3665 3666 3649
f 3696 3632 3633
f 3696 3633 3695
f 3664 3650 3625
f 3664 3665 3650
f 3697 3631 3632
f 3697 3632 3696
f 3663 3625 3626
f 3663 3664 3625
f 3698 3630 3631
f 3698 3631 3697
f 3662 3626 3627
f 3662 3663 3626
f 3699 3629 3630
f 3699 3630 3698
f 3661 3627 3628
f 3661 3662 3627
f 3622 3636 3621
f 3622 3687 3688
f 3622 3688 3689
f 3622 3689 3690
f 3622 3690 3691
f 3622 3691 3692
f 3622 3692 3636
f 3623 3621 3646
f 3623 3669 3670
f 3623 3670 3671
f 3623 3671 3672
f 3623 3672 3673
f 3623 3646 3669
f 3700 3629 3699
f 3700 3628 3629
f 3674 3623 3673
f 3686 3687 3622
f 3675 3623 3674
f 3685 3686 3622
f 3676 3623 3675
f 3684 3685 3622
f 3651 3623 3676
f 3683 3684 3622
f 3652 3623 3651
f 3682 3683 3622
f 3653 3623 3652
f 3719 3628 3700
f 3719 3661 3628
f 3720 3660 3661
f 3720 3661 3719
f 3718 3719 3700
f 3718 3700 3701
f 3721 3660 3720
f 3721 3658 3659
f 3721 3659 3660
f 3717 3718 3701
f 3717 3701 3702
f 3722 3658 3721
f 3716 3677 3678
f 3716 3702 3677
f 3716 3717 3702
f 3723 3657 3658
f 3723 3658 3722
f 3715 3716 3678
f 3724 3655 3656
f 3724 3656 3657
f 3724 3657 3723
f 3714 3678 3679
f 3714 3715 3678
f 3725 3655 3724
f 3713 3714 3679
f 3713 3679 3680
f 3713 3680 3681
f 3726 3653 3654
f 3726 3654 3655
f 3726 3655 3725
f 3712 3713 3681
f 3727 3653 3726
f 3624 3653 3727
f 3624 3727 3728
f 3624 3728 3703
f 3624 3623 3653
f 3624 3703 3704
f 3624 3704 3705
f 3624 3705 3706
f 3624 3706 3707
f 3624 3707 3708
f 3624 3708 3709
f 3624 3709 3710
f 3624 3710 3711
f 3624 3711 3622
f 3711 3712 3622
f 3712 3682 3622
f 3712 3681 3682
f 3730 3729 3731
f 3730 3731 3732
f 3734 3760 3733
f 3734 3762 3760
f 3735 3763 3762
f 3735 3764 3763
f 3735 3762 3734
f 3736 3764 3735
f 3737 3765 3764
f 3737 3766 3765
f 3737 3764 3736
f 3738 3767 3766
f 3738 3766 3737
f 3739 3767 3738
f 3740 3768 3767
f 3740 3767 3739
f 3741 3769 3768
f 3741 3770 3769
f 3741 3768 3740
f 3742 3770 3741
f 3743 3771 3770
f 3743 3770 3742
f 3744 3772 3771
f 3744 3773 3772
f 3744 3771 3743
f 3745 3773 3744
f 3746 3773 3745
f 3746 3774 3773
f 3746 3775 3774
f 3747 3775 3746
f 3747 3776 3775
f 3748 3776 3747
f 3749 3776 3748
f 3749 3777 3776
f 3750 3777 3749
f 3750 3778 3777
f 3750 3779 3778
f 3751 3779 3750
f 3751 3780 3779
f 3752 3780 3751
f 3753 3780 3752
f 3753 3781 3780
f 3753 3782 3781
f 3754 3782 3753
f 3755 3782 3754
f 3755 3783 3782
f 3755 3784 3783
f 3756 3784 3755
f 3757 3785 3784
f 3757 3786 3785
f 3757 3784 3756
f 3758 3786 3757
f 3759 3761 3786
f 3759 3786 3758
f 3788 3814 3787
f 3788 3816 3814
f 3789 3817 3816
f 3789 3818 3817
f 3789 3816 3788
f 3790 3818 3789
f 3791 3819 3818
f 3791 3820 3819
f 3791 3818 3790
f 3792 3821 3820
f 3792 3820 3791
f 3793 3821 3792
f 3794 3822 3821
f 3794 3821 3793
f 3795 3823 3822
f 3795 3824 3823
f 3795 3822 3794
f 3796 3824 3795
f 3797 3825 3824
f 3797 3824 3796
f 3798 3826 3825
f 3798 3827 3826
f 3798 3825 3797
f 3799 3827 3798
f 3800 3827 3799
f 3800 3828 3827
f 3800 3829 3828
f 3801 3829 3800
f 3801 3830 3829
f 3802 3830 3801
f 3803 3830 3802
f 3803 3831 3830
f 3804 3831 3803
f 3804 3832 3831
f 3804 3833 3832
f 3805 3833 3804
f 3805 3834 3833
f 3806 3834 3805
f 3807 3834 3806
f 3807 3835 3834
f 3807 3836 3835
f 3808 3836 3807
f 3809 3836 3808
f 3809 3837 3836
f 3809 3838 3837
f 3810 3838 3809
f 3811 3839 3838
f 3811 3840 3839
f 3811 3838 3810
f 3812 3840 3811
f 3813 3815 3840
f 3813 3840 3812
f 3842 3868 3841
f 3842 3870 3868
f 3843 3871 3870
f 3843 3872 3871
f 3843 3870 3842
f 3844 3872 3843
f 3845 3873 3872
f 3845 3874 3873
f 3845 3872 3844
f 3846 3875 3874
f 3846 3874 3845
f 3847 3875 3846
f 3848 3876 3875
f 3848 3875 3847
f 3849 3877 3876
f 3849 3878 3877
f 3849 3876 3848
f 3850 3878 3849
f 3851 3879 3878
f 3851 3878 3850
f 3852 3880 3879
f 3852 3881 3880
f 3852 3879 3851
f 3853 3881 3852
f 3854 3881 3853
f 3854 3882 3881
f 3854 3883 3882
f 3855 3883 3854
f 3855 3884 3883
f 3856 3884 3855
f 3857 3884 3856
f 3857 3885 3884
f 3858 3885 3857
f 3858 3886 3885
f 3858 3887 3886
f 3859 3887 3858
f 3859 3888 3887
f 3860 3888 3859
f 3861 3888 3860
f 3861 3889 3888
f 3861 3890 3889
f 3862 3890 3861
f 3863 3890 3862
f 3863 3891 3890
f 3863 3892 3891
f 3864 3892 3863
f 3865 3893 3892
f 3865 3894 3893
f 3865 3892 3864
f 3866 3894 3865
f 3867 3869 3894
f 3867 3894 3866
f 3896 3922 3895
f 3896 3924 3922
f 3897 3925 3924
f 3897 3926 3925
f 3897 3924 3896
f 3898 3926 3897
f 3899 3927 3926
f 3899 3928 3927
f 3899 3926 3898
f 3900 3929 3928
f 3900 3928 3899
f 3901 3929 3900
f 3902 3930 3929
f 3902 3929 3901
f 3903 3931 3930
f 3903 3932 3931
f 3903 3930 3902
f 3904 3932 3903
f 3905 3933 3932
f 3905 3932 3904
f 3906 3934 3933
f 3906 3935 3934
f 3906 3933 3905
f 3907 3935 3906
f 3908 3935 3907
f 3908 3936 3935
f 3908 3937 3936
f 3909 3937 3908
f 3909 3938 3937
f 3910 3938 3909
f 3911 3938 3910
f 3911 3939 3938
f 3912 3939 3911
f 3912 3940 3939
f 3912 3941 3940
f 3913 3941 3912
f 3913 3942 3941
f 3914 3942 3913
f 3915 3942 3914
f 3915 3943 3942
f 3915 3944 3943
f 3916 3944 3915
f 3917 3944 3916
f 3917 3945 3944
f 3917 3946 3945
f 3918 3946 3917
f 3919 3947 3946
f 3919 3948 3947
f 3919 3946 3918
f 3920 3948 3919
f 3921 3923 3948
f 3921 3948 3920
f 3951 3949 3950
f 3952 3953 3954
f 3952 3954 3949
f 3952 3949 3951
f 3957 3956 3955
f 3957 3958 3956
f 3961 3962 3963
f 3961 3963 3964
f 3960 3961 3964
f 3959 3961 3960
f 3967 3966 3965
f 3967 3968 3966
f 3972 3970 3969
f 3972 3969 3971
f 3975 3974 3973
f 3975 3976 3974
f 3979 3978 3977
f 3979 3980 3978
f 3981 3983 3984
f 3981 3984 3982
f 3986 3985 4012
f 3986 4012 4014
f 3987 4014 4015
f 3987 4015 4016
f 3987 3986 4014
f 3988 3987 4016
f 3989 4016 4017
f 3989 4017 4018
f 3989 3988 4016
f 3990 3989 4018
f 3991 4018 4019
f 3991 3990 4018
f 3992 4019 4020
f 3992 3991 4019
f 3993 4020 4021
f 3993 3992 4020
f 3994 4021 4022
f 3994 4022 4023
f 3994 3993 4021
f 3995 3994 4023
f 3996 3995 4023
f 3996 4023 4024
f 3997 3996 4024
f 3997 4024 4025
f 3997 4025 4026
f 3998 3997 4026
f 3999 3998 4026
f 3999 4026 4027
f 3999 4027 4028
f 4000 3999 4028
f 4001 4000 4028
f 4001 4028 4029
f 4002 4001 4029
f 4002 4029 4030
f 4003 4002 4030
f 4003 4030 4031
f 4003 4031 4032
f 4004 4003 4032
f 4005 4004 4032
f 4005 4032 4033
f 4005 4033 4034
f 4006 4005 4034
f 4007 4006 4034
f 4007 4034 4035
f 4007 4035 4036
f 4008 4007 4036
f 4009 4036 4037
f 4009 4008 4036
f 4010 4037 4038
f 4010 4038 4013
f 4010 4009 4037
f 4011 4010 4013
f 4059 4057 4058
f 4062 4055 4056
f 4062 4056 4057
f 4062 4059 4060
f 4062 4060 4061
f 4062 4057 4059
f 4064 4053 4054
f 4064 4054 4055
f 4064 4062 4063
f 4064 4055 4062
f 4046 4047 4048
f 4046 4048 4049
f 4040 4052 4053
f 4040 4064 4039
f 4040 4053 4064
f 4044 4045 4046
f 4041 4050 4051
f 4041 4051 4052
f 4041 4052 4040
f 4042 4043 4044
f 4042 4049 4050
f 4042 4046 4049
f 4042 4044 4046
f 4042 4050 4041
f 4085 4084 4083
f 4088 4082 4081
f 4088 4083 4082
f 4088 4086 4085
f 4088 4087 4086
f 4088 4085 4083
f 4090 4080 4079
f 4090 4081 4080
f 4090 4089 4088
f 4090 4088 4081
f 4072 4074 4073
f 4072 4075 4074
f 4066 4079 4078
f 4066 4065 4090
f 4066 4090 4079
f 4070 4072 4071
f 4067 4077 4076
f 4067 4078 4077
f 4067 4066 4078
f 4068 4070 4069
f 4068 4076 4075
f 4068 4075 4072
f 4068 4072 4070
f 4068 4067 4076
f 4095 4091 4092
f 4095 4096 4091
f 4094 4092 4093
f 4094 4095 4092
f 4099 4098 4097
f 4099 4100 4098
f 4103 4104 4105
f 4101 4105 4106
f 4101 4106 4102
f 4101 4103 4105
f 4107 4110 4108
f 4109 4110 4107
f 4114 4112 4111
f 4114 4111 4113
f 4117 4116 4115
f 4117 4118 4116
f 4119 4122 4120
f 4121 4122 4119
f 4124 4123 4125
f 4124 4125 4126
f 4128 4127 4161
f 4128 4161 4163
f 4129 4163 4164
f 4129 4128 4163
f 4130 4164 4165
f 4130 4129 4164
f 4131 4165 4166
f 4131 4166 4167
f 4131 4130 4165
f 4132 4131 4167
f 4133 4167 4168
f 4133 4132 4167
f 4134 4168 4169
f 4134 4133 4168
f 4135 4134 4169
f 4135 4169 4170
f 4136 4135 4170
f 4136 4170 4171
f 4137 4136 4171
f 4137 4171 4172
f 4138 4137 4172
f 4138 4172 4173
f 4139 4138 4173
f 4139 4173 4174
f 4140 4139 4174
f 4140 4174 4175
f 4140 4175 4176
f 4141 4140 4176
f 4142 4141 4176
f 4142 4176 4177
f 4143 4142 4177
f 4143 4177 4178
f 4144 4143 4178
f 4144 4178 4179
f 4145 4144 4179
f 4145 4179 4180
f 4146 4145 4180
f 4146 4180 4181
f 4147 4146 4181
f 4147 4181 4182
f 4147 4182 4183
f 4148 4147 4183
f 4149 4183 4184
f 4149 4148 4183
f 4150 4184 4185
f 4150 4149 4184
f 4151 4185 4186
f 4151 4150 4185
f 4152 4186 4187
f 4152 4151 4186
f 4153 4187 4188
f 4153 4152 4187
f 4154 4188 4189
f 4154 4153 4188
f 4155 4189 4190
f 4155 4154 4189
f 4156 4190 4191
f 4156 4155 4190
f 4157 4191 4192
f 4157 4156 4191
f 4158 4192 4193
f 4158 4157 4192
f 4159 4193 4194
f 4159 4158 4193
f 4160 4159 4194
f 4160 4194 4162
f 4212 4213 4214
f 4212 4214 4215
f 4221 4219 4220
f 4210 4211 4212
f 4209 4210 4212
f 4223 4221 4222
f 4208 4209 4212
f 4207 4215 4216
f 4207 4216 4217
f 4207 4217 4218
f 4207 4208 4212
f 4207 4212 4215
f 4226 4223 4224
f 4226 4224 4225
f 4226 4221 4223
f 4205 4206 4207
f 4205 4218 4219
f 4205 4207 4218
f 4196 4227 4195
f 4202 4203 4204
f 4202 4204 4205
f 4202 4205 4219
f 4197 4226 4227
f 4197 4227 4196
f 4198 4221 4226
f 4198 4226 4197
f 4200 4201 4202
f 4200 4219 4221
f 4200 4202 4219
f 4199 4221 4198
f 4199 4200 4221
f 4245 4247 4246
f 4245 4248 4247
f 4254 4253 4252
f 4243 4245 4244
f 4242 4245 4243
f 4256 4255 4254
f 4241 4245 4242
f 4240 4249 4248
f 4240 4250 4249
f 4240 4251 4250
f 4240 4245 4241
f 4240 4248 4245
f 4259 4257 4256
f 4259 4258 4257
f 4259 4256 4254
f 4238 4240 4239
f 4238 4252 4251
f 4238 4251 4240
f 4229 4228 4260
f 4235 4237 4236
f 4235 4238 4237
f 4235 4252 4238
f 4230 4260 4259
f 4230 4229 4260
f 4231 4259 4254
f 4231 4230 4259
f 4233 4235 4234
f 4233 4254 4252
f 4233 4252 4235
f 4232 4231 4254
f 4232 4254 4233

o support_0_fastener_0
usemtl mat_b8bdc2ff
v -2942.0000 -2936.0000 -100.0000
v -2940.5641 -2936.1743 -100.0000
v -2939.2117 -2936.6873 -100.0000
v -2938.0213 -2937.5089 -100.0000
v -2937.0621 -2938.5916 -100.0000
v -2936.3899 -2939.8724 -100.0000
v -2936.0437 -2941.2768 -100.0000
v -2936.0437 -2942.7232 -100.0000
v -2936.3899 -2944.1276 -100.0000
v -2937.0621 -2945.4084 -100.0000
v -2938.0213 -2946.4911 -100.0000
v -2939.2117 -2947.3127 -100.0000
v -2940.5641 -2947.8256 -100.0000
v -2942.0000 -2948.0000 -100.0000
v -2943.4359 -2947.8256 -100.0000
v -2944.7883 -2947.3127 -100.0000
v -2945.9787 -2946.4911 -100.0000
v -2946.9379 -2945.4084 -100.0000
v -2947.6101 -2944.1276 -100.0000
v -2947.9563 -2942.7232 -100.0000
v -2947.9563 -2941.2768 -100.0000
v -2947.6101 -2939.8724 -100.0000
v -2946.9379 -2938.5916 -100.0000
v -2945.9787 -2937.5089 -100.0000
v -2944.7883 -2936.6873 -100.0000
v -2943.4359 -2936.1743 -100.0000
v -2942.0000 -2936.0000 -100.0000
v -2942.0000 -2936.0000 12.0000
v -2942.0000 -2936.0000 12.0000
v -2940.5641 -2936.1743 12.0000
v -2939.2117 -2936.6873 12.0000
v -2938.0213 -2937.5089 12.0000
v -2937.0621 -2938.5916 12.0000
v -2936.3899 -2939.8724 12.0000
v -2936.0437 -2941.2768 12.0000
v -2936.0437 -2942.7232 12.0000
v -2936.3899 -2944.1276 12.0000
v -2937.0621 -2945.4084 12.0000
v -2938.0213 -2946.4911 12.0000
v -2939.2117 -2947.3127 12.0000
v -2940.5641 -2947.8256 12.0000
v -2942.0000 -2948.0000 12.0000
v -2943.4359 -2947.8256 12.0000
v -2944.7883 -2947.3127 12.0000
v -2945.9787 -2946.4911 12.0000
v -2946.9379 -2945.4084 12.0000
v -2947.6101 -2944.1276 12.0000
v -2947.9563 -2942.7232 12.0000
v -2947.9563 -2941.2768 12.0000
v -2947.6101 -2939.8724 12.0000
v -2946.9379 -2938.5916 12.0000
v -2945.9787 -2937.5089 12.0000
v -2944.7883 -2936.6873 12.0000
v -2943.4359 -2936.1743 12.0000
v -2942.0000 -2936.0000 -100.0000
v -2940.5641 -2936.1743 -100.0000
v -2939.2117 -2936.6873 -100.0000
v -2938.0213 -2937.5089 -100.0000
v -2937.0621 -2938.5916 -100.0000
v -2936.3899 -2939.8724 -100.0000
v -2936.0437 -2941.2768 -100.0000
v -2936.0437 -2942.7232 -100.0000
v -2936.3899 -2944.1276 -100.0000
v -2937.0621 -2945.4084 -100.0000
v -2938.0213 -2946.4911 -100.0000
v -2939.2117 -2947.3127 -100.0000
v -2940.5641 -2947.8256 -100.0000
v -2942.0000 -2948.0000 -100.0000
v -2943.4359 -2947.8256 -100.0000
v -2944.7883 -2947.3127 -100.0000
v -2945.9787 -2946.4911 -100.0000
v -2946.9379 -2945.4084 -100.0000
v -2947.6101 -2944.1276 -100.0000
v -2947.9563 -2942.7232 -100.0000
v -2947.9563 -2941.2768 -100.0000
v -2947.6101 -2939.8724 -100.0000
v -2946.9379 -2938.5916 -100.0000
v -2945.9787 -2937.5089 -100.0000
v -2944.7883 -2936.6873 -100.0000
v -2943.4359 -2936.1743 -100.0000
v -2942.0000 -2936.0000 12.0000
v -2940.5641 -2936.1743 12.0000
v -2939.2117 -2936.6873 12.0000
v -2938.0213 -2937.5089 12.0000
v -2937.0621 -2938.5916 12.0000
v -2936.3899 -2939.8724 12.0000
v -2936.0437 -2941.2768 12.0000
v -2936.0437 -2942.7232 12.0000
v -2936.3899 -2944.1276 12.0000
v -2937.0621 -2945.4084 12.0000
v -2938.0213 -2946.4911 12.0000
v -2939.2117 -2947.3127 12.0000
v -2940.5641 -2947.8256 12.0000
v -2942.0000 -2948.0000 12.0000
v -2943.4359 -2947.8256 12.0000
v -2944.7883 -2947.3127 12.0000
v -2945.9787 -2946.4911 12.0000
v -2946.9379 -2945.4084 12.0000
v -2947.6101 -2944.1276 12.0000
v -2947.9563 -2942.7232 12.0000
v -2947.9563 -2941.2768 12.0000
v -2947.6101 -2939.8724 12.0000
v -2946.9379 -2938.5916 12.0000
v -2945.9787 -2937.5089 12.0000
v -2944.7883 -2936.6873 12.0000
v -2943.4359 -2936.1743 12.0000
f 4261 4288 4290
f 4262 4290 4291
f 4262 4261 4290
f 4263 4262 4291
f 4264 4291 4292
f 4264 4292 4293
f 4264 4263 4291
f 4265 4264 4293
f 4266 4293 4294
f 4266 4265 4293
f 4267 4294 4295
f 4267 4295 4296
f 4267 4266 4294
f 4268 4267 4296
f 4269 4296 4297
f 4269 4268 4296
f 4270 4297 4298
f 4270 4269 4297
f 4271 4298 4299
f 4271 4270 4298
f 4272 4299 4300
f 4272 4271 4299
f 4273 4272 4300
f 4273 4300 4301
f 4274 4273 4301
f 4274 4301 4302
f 4275 4274 4302
f 4275 4302 4303
f 4276 4275 4303
f 4276 4303 4304
f 4277 4276 4304
f 4277 4304 4305
f 4277 4305 4306
f 4278 4277 4306
f 4279 4278 4306
f 4279 4306 4307
f 4280 4279 4307
f 4280 4307 4308
f 4280 4308 4309
f 4281 4280 4309
f 4281 4309 4310
f 4282 4281 4310
f 4282 4310 4311
f 4283 4282 4311
f 4284 4283 4311
f 4284 4311 4312
f 4285 4312 4313
f 4285 4284 4312
f 4286 4313 4314
f 4286 4285 4313
f 4287 4286 4314
f 4287 4314 4289
f 4336 4333 4334
f 4336 4334 4335
f 4337 4331 4332
f 4337 4332 4333
f 4337 4333 4336
f 4338 4331 4337
f 4339 4330 4331
f 4339 4331 4338
f 4323 4324 4325
f 4340 4329 4330
f 4340 4330 4339
f 4315 4328 4329
f 4315 4329 4340
f 4321 4322 4323
f 4316 4327 4328
f 4316 4328 4315
f 4320 4323 4325
f 4320 4321 4323
f 4317 4326 4327
f 4317 4327 4316
f 4318 4319 4320
f 4318 4325 4326
f 4318 4320 4325
f 4318 4326 4317
f 4362 4360 4359
f 4362 4361 4360
f 4363 4358 4357
f 4363 4359 4358
f 4363 4362 4359
f 4364 4363 4357
f 4365 4357 4356
f 4365 4364 4357
f 4349 4351 4350
f 4366 4356 4355
f 4366 4365 4356
f 4341 4355 4354
f 4341 4366 4355
f 4347 4349 4348
f 4342 4354 4353
f 4342 4341 4354
f 4346 4351 4349
f 4346 4349 4347
f 4343 4353 4352
f 4343 4342 4353
f 4344 4346 4345
f 4344 4352 4351
f 4344 4351 4346
f 4344 4343 4352

o support_0_fastener_1
usemtl mat_b8bdc2ff
v -2838.0000 -2936.0000 -100.0000
v -2836.5641 -2936.1743 -100.0000
v -2835.2117 -2936.6873 -100.0000
v -2834.0213 -2937.5089 -100.0000
v -2833.0621 -2938.5916 -100.0000
v -2832.3899 -2939.8724 -100.0000
v -2832.0437 -2941.2768 -100.0000
v -2832.0437 -2942.7232 -100.0000
v -2832.3899 -2944.1276 -100.0000
v -2833.0621 -2945.4084 -100.0000
v -2834.0213 -2946.4911 -100.0000
v -2835.2117 -2947.3127 -100.0000
v -2836.5641 -2947.8256 -100.0000
v -2838.0000 -2948.0000 -100.0000
v -2839.4359 -2947.8256 -100.0000
v -2840.7883 -2947.3127 -100.0000
v -2841.9787 -2946.4911 -100.0000
v -2842.9379 -2945.4084 -100.0000
v -2843.6101 -2944.1276 -100.0000
v -2843.9563 -2942.7232 -100.0000
v -2843.9563 -2941.2768 -100.0000
v -2843.6101 -2939.8724 -100.0000
v -2842.9379 -2938.5916 -100.0000
v -2841.9787 -2937.5089 -100.0000
v -2840.7883 -2936.6873 -100.0000
v -2839.4359 -2936.1743 -100.0000
v -2838.0000 -2936.0000 -100.0000
v -2838.0000 -2936.0000 12.0000
v -2838.0000 -2936.0000 12.0000
v -2836.5641 -2936.1743 12.0000
v -2835.2117 -2936.6873 12.0000
v -2834.0213 -2937.5089 12.0000
v -2833.0621 -2938.5916 12.0000
v -2832.3899 -2939.8724 12.0000
v -2832.0437 -2941.2768 12.0000
v -2832.0437 -2942.7232 12.0000
v -2832.3899 -2944.1276 12.0000
v -2833.0621 -2945.4084 12.0000
v -2834.0213 -2946.4911 12.0000
v -2835.2117 -2947.3127 12.0000
v -2836.5641 -2947.8256 12.0000
v -2838.0000 -2948.0000 12.0000
v -2839.4359 -2947.8256 12.0000
v -2840.7883 -2947.3127 12.0000
v -2841.9787 -2946.4911 12.0000
v -2842.9379 -2945.4084 12.0000
v -2843.6101 -2944.1276 12.0000
v -2843.9563 -2942.7232 12.0000
v -2843.9563 -2941.2768 12.0000
v -2843.6101 -2939.8724 12.0000
v -2842.9379 -2938.5916 12.0000
v -2841.9787 -2937.5089 12.0000
v -2840.7883 -2936.6873 12.0000
v -2839.4359 -2936.1743 12.0000
v -2838.0000 -2936.0000 -100.0000
v -2836.5641 -2936.1743 -100.0000
v -2835.2117 -2936.6873 -100.0000
v -2834.0213 -2937.5089 -100.0000
v -2833.0621 -2938.5916 -100.0000
v -2832.3899 -2939.8724 -100.0000
v -2832.0437 -2941.2768 -100.0000
v -2832.0437 -2942.7232 -100.0000
v -2832.3899 -2944.1276 -100.0000
v -2833.0621 -2945.4084 -100.0000
v -2834.0213 -2946.4911 -100.0000
v -2835.2117 -2947.3127 -100.0000
v -2836.5641 -2947.8256 -100.0000
v -2838.0000 -2948.0000 -100.0000
v -2839.4359 -2947.8256 -100.0000
v -2840.7883 -2947.3127 -100.0000
v -2841.9787 -2946.4911 -100.0000
v -2842.9379 -2945.4084 -100.0000
v -2843.6101 -2944.1276 -100.0000
v -2843.9563 -2942.7232 -100.0000
v -2843.9563 -2941.2768 -100.0000
v -2843.6101 -2939.8724 -100.0000
v -2842.9379 -2938.5916 -100.0000
v -2841.9787 -2937.5089 -100.0000
v -2840.7883 -2936.6873 -100.0000
v -2839.4359 -2936.1743 -100.0000
v -2838.0000 -2936.0000 12.0000
v -2836.5641 -2936.1743 12.0000
v -2835.2117 -2936.6873 12.0000
v -2834.0213 -2937.5089 12.0000
v -2833.0621 -2938.5916 12.0000
v -2832.3899 -2939.8724 12.0000
v -2832.0437 -2941.2768 12.0000
v -2832.0437 -2942.7232 12.0000
v -2832.3899 -2944.1276 12.0000
v -2833.0621 -2945.4084 12.0000
v -2834.0213 -2946.4911 12.0000
v -2835.2117 -2947.3127 12.0000
v -2836.5641 -2947.8256 12.0000
v -2838.0000 -2948.0000 12.0000
v -2839.4359 -2947.8256 12.0000
v -2840.7883 -2947.3127 12.0000
v -2841.9787 -2946.4911 12.0000
v -2842.9379 -2945.4084 12.0000
v -2843.6101 -2944.1276 12.0000
v -2843.9563 -2942.7232 12.0000
v -2843.9563 -2941.2768 12.0000
v -2843.6101 -2939.8724 12.0000
v -2842.9379 -2938.5916 12.0000
v -2841.9787 -2937.5089 12.0000
v -2840.7883 -2936.6873 12.0000
v -2839.4359 -2936.1743 12.0000
f 4367 4394 4396
f 4368 4396 4397
f 4368 4367 4396
f 4369 4368 4397
f 4370 4397 4398
f 4370 4398 4399
f 4370 4369 4397
f 4371 4370 4399
f 4372 4399 4400
f 4372 4371 4399
f 4373 4400 4401
f 4373 4401 4402
f 4373 4372 4400
f 4374 4373 4402
f 4375 4402 4403
f 4375 4374 4402
f 4376 4403 4404
f 4376 4375 4403
f 4377 4404 4405
f 4377 4376 4404
f 4378 4405 4406
f 4378 4377 4405
f 4379 4378 4406
f 4379 4406 4407
f 4380 4379 4407
f 4380 4407 4408
f 4381 4380 4408
f 4381 4408 4409
f 4382 4381 4409
f 4382 4409 4410
f 4383 4382 4410
f 4383 4410 4411
f 4383 4411 4412
f 4384 4383 4412
f 4385 4384 4412
f 4385 4412 4413
f 4386 4385 4413
f 4386 4413 4414
f 4386 4414 4415
f 4387 4386 4415
f 4387 4415 4416
f 4388 4387 4416
f 4388 4416 4417
f 4389 4388 4417
f 4390 4389 4417
f 4390 4417 4418
f 4391 4418 4419
f 4391 4390 4418
f 4392 4419 4420
f 4392 4391 4419
f 4393 4392 4420
f 4393 4420 4395
f 4442 4439 4440
f 4442 4440 4441
f 4443 4437 4438
f 4443 4438 4439
f 4443 4439 4442
f 4444 4437 4443
f 4445 4436 4437
f 4445 4437 4444
f 4429 4430 4431
f 4446 4435 4436
f 4446 4436 4445
f 4421 4434 4435
f 4421 4435 4446
f 4427 4428 4429
f 4422 4433 4434
f 4422 4434 4421
f 4426 4429 4431
f 4426 4427 4429
f 4423 4432 4433
f 4423 4433 4422
f 4424 4425 4426
f 4424 4431 4432
f 4424 4426 4431
f 4424 4432 4423
f 4468 4466 4465
f 4468 4467 4466
f 4469 4464 4463
f 4469 4465 4464
f 4469 4468 4465
f 4470 4469 4463
f 4471 4463 4462
f 4471 4470 4463
f 4455 4457 4456
f 4472 4462 4461
f 4472 4471 4462
f 4447 4461 4460
f 4447 4472 4461
f 4453 4455 4454
f 4448 4460 4459
f 4448 4447 4460
f 4452 4457 4455
f 4452 4455 4453
f 4449 4459 4458
f 4449 4448 4459
f 4450 4452 4451
f 4450 4458 4457
f 4450 4457 4452
f 4450 4449 4458

o support_0_fastener_2
usemtl mat_b8bdc2ff
v -2838.0000 -2832.0000 -100.0000
v -2836.5641 -2832.1743 -100.0000
v -2835.2117 -2832.6873 -100.0000
v -2834.0213 -2833.5089 -100.0000
v -2833.0621 -2834.5916 -100.0000
v -2832.3899 -2835.8724 -100.0000
v -2832.0437 -2837.2768 -100.0000
v -2832.0437 -2838.7232 -100.0000
v -2832.3899 -2840.1276 -100.0000
v -2833.0621 -2841.4084 -100.0000
v -2834.0213 -2842.4911 -100.0000
v -2835.2117 -2843.3127 -100.0000
v -2836.5641 -2843.8256 -100.0000
v -2838.0000 -2844.0000 -100.0000
v -2839.4359 -2843.8256 -100.0000
v -2840.7883 -2843.3127 -100.0000
v -2841.9787 -2842.4911 -100.0000
v -2842.9379 -2841.4084 -100.0000
v -2843.6101 -2840.1276 -100.0000
v -2843.9563 -2838.7232 -100.0000
v -2843.9563 -2837.2768 -100.0000
v -2843.6101 -2835.8724 -100.0000
v -2842.9379 -2834.5916 -100.0000
v -2841.9787 -2833.5089 -100.0000
v -2840.7883 -2832.6873 -100.0000
v -2839.4359 -2832.1743 -100.0000
v -2838.0000 -2832.0000 -100.0000
v -2838.0000 -2832.0000 12.0000
v -2838.0000 -2832.0000 12.0000
v -2836.5641 -2832.1743 12.0000
v -2835.2117 -2832.6873 12.0000
v -2834.0213 -2833.5089 12.0000
v -2833.0621 -2834.5916 12.0000
v -2832.3899 -2835.8724 12.0000
v -2832.0437 -2837.2768 12.0000
v -2832.0437 -2838.7232 12.0000
v -2832.3899 -2840.1276 12.0000
v -2833.0621 -2841.4084 12.0000
v -2834.0213 -2842.4911 12.0000
v -2835.2117 -2843.3127 12.0000
v -2836.5641 -2843.8256 12.0000
v -2838.0000 -2844.0000 12.0000
v -2839.4359 -2843.8256 12.0000
v -2840.7883 -2843.3127 12.0000
v -2841.9787 -2842.4911 12.0000
v -2842.9379 -2841.4084 12.0000
v -2843.6101 -2840.1276 12.0000
v -2843.9563 -2838.7232 12.0000
v -2843.9563 -2837.2768 12.0000
v -2843.6101 -2835.8724 12.0000
v -2842.9379 -2834.5916 12.0000
v -2841.9787 -2833.5089 12.0000
v -2840.7883 -2832.6873 12.0000
v -2839.4359 -2832.1743 12.0000
v -2838.0000 -2832.0000 -100.0000
v -2836.5641 -2832.1743 -100.0000
v -2835.2117 -2832.6873 -100.0000
v -2834.0213 -2833.5089 -100.0000
v -2833.0621 -2834.5916 -100.0000
v -2832.3899 -2835.8724 -100.0000
v -2832.0437 -2837.2768 -100.0000
v -2832.0437 -2838.7232 -100.0000
v -2832.3899 -2840.1276 -100.0000
v -2833.0621 -2841.4084 -100.0000
v -2834.0213 -2842.4911 -100.0000
v -2835.2117 -2843.3127 -100.0000
v -2836.5641 -2843.8256 -100.0000
v -2838.0000 -2844.0000 -100.0000
v -2839.4359 -2843.8256 -100.0000
v -2840.7883 -2843.3127 -100.0000
v -2841.9787 -2842.4911 -100.0000
v -2842.9379 -2841.4084 -100.0000
v -2843.6101 -2840.1276 -100.0000
v -2843.9563 -2838.7232 -100.0000
v -2843.9563 -2837.2768 -100.0000
v -2843.6101 -2835.8724 -100.0000
v -2842.9379 -2834.5916 -100.0000
v -2841.9787 -2833.5089 -100.0000
v -2840.7883 -2832.6873 -100.0000
v -2839.4359 -2832.1743 -100.0000
v -2838.0000 -2832.0000 12.0000
v -2836.5641 -2832.1743 12.0000
v -2835.2117 -2832.6873 12.0000
v -2834.0213 -2833.5089 12.0000
v -2833.0621 -2834.5916 12.0000
v -2832.3899 -2835.8724 12.0000
v -2832.0437 -2837.2768 12.0000
v -2832.0437 -2838.7232 12.0000
v -2832.3899 -2840.1276 12.0000
v -2833.0621 -2841.4084 12.0000
v -2834.0213 -2842.4911 12.0000
v -2835.2117 -2843.3127 12.0000
v -2836.5641 -2843.8256 12.0000
v -2838.0000 -2844.0000 12.0000
v -2839.4359 -2843.8256 12.0000
v -2840.7883 -2843.3127 12.0000
v -2841.9787 -2842.4911 12.0000
v -2842.9379 -2841.4084 12.0000
v -2843.6101 -2840.1276 12.0000
v -2843.9563 -2838.7232 12.0000
v -2843.9563 -2837.2768 12.0000
v -2843.6101 -2835.8724 12.0000
v -2842.9379 -2834.5916 12.0000
v -2841.9787 -2833.5089 12.0000
v -2840.7883 -2832.6873 12.0000
v -2839.4359 -2832.1743 12.0000
f 4473 4500 4502
f 4474 4502 4503
f 4474 4473 4502
f 4475 4474 4503
f 4476 4503 4504
f 4476 4504 4505
f 4476 4475 4503
f 4477 4476 4505
f 4478 4505 4506
f 4478 4477 4505
f 4479 4506 4507
f 4479 4507 4508
f 4479 4478 4506
f 4480 4479 4508
f 4481 4508 4509
f 4481 4480 4508
f 4482 4509 4510
f 4482 4481 4509
f 4483 4510 4511
f 4483 4482 4510
f 4484 4511 4512
f 4484 4483 4511
f 4485 4484 4512
f 4485 4512 4513
f 4486 4485 4513
f 4486 4513 4514
f 4487 4486 4514
f 4487 4514 4515
f 4488 4487 4515
f 4488 4515 4516
f 4489 4488 4516
f 4489 4516 4517
f 4489 4517 4518
f 4490 4489 4518
f 4491 4490 4518
f 4491 4518 4519
f 4492 4491 4519
f 4492 4519 4520
f 4492 4520 4521
f 4493 4492 4521
f 4493 4521 4522
f 4494 4493 4522
f 4494 4522 4523
f 4495 4494 4523
f 4496 4495 4523
f 4496 4523 4524
f 4497 4524 4525
f 4497 4496 4524
f 4498 4525 4526
f 4498 4497 4525
f 4499 4498 4526
f 4499 4526 4501
f 4548 4545 4546
f 4548 4546 4547
f 4549 4543 4544
f 4549 4544 4545
f 4549 4545 4548
f 4550 4543 4549
f 4551 4542 4543
f 4551 4543 4550
f 4535 4536 4537
f 4552 4541 4542
f 4552 4542 4551
f 4527 4540 4541
f 4527 4541 4552
f 4533 4534 4535
f 4528 4539 4540
f 4528 4540 4527
f 4532 4535 4537
f 4532 4533 4535
f 4529 4538 4539
f 4529 4539 4528
f 4530 4531 4532
f 4530 4537 4538
f 4530 4532 4537
f 4530 4538 4529
f 4574 4572 4571
f 4574 4573 4572
f 4575 4570 4569
f 4575 4571 4570
f 4575 4574 4571
f 4576 4575 4569
f 4577 4569 4568
f 4577 4576 4569
f 4561 4563 4562
f 4578 4568 4567
f 4578 4577 4568
f 4553 4567 4566
f 4553 4578 4567
f 4559 4561 4560
f 4554 4566 4565
f 4554 4553 4566
f 4558 4563 4561
f 4558 4561 4559
f 4555 4565 4564
f 4555 4554 4565
f 4556 4558 4557
f 4556 4564 4563
f 4556 4563 4558
f 4556 4555 4564

o support_0_fastener_3
usemtl mat_b8bdc2ff
v -2942.0000 -2832.0000 -100.0000
v -2940.5641 -2832.1743 -100.0000
v -2939.2117 -2832.6873 -100.0000
v -2938.0213 -2833.5089 -100.0000
v -2937.0621 -2834.5916 -100.0000
v -2936.3899 -2835.8724 -100.0000
v -2936.0437 -2837.2768 -100.0000
v -2936.0437 -2838.7232 -100.0000
v -2936.3899 -2840.1276 -100.0000
v -2937.0621 -2841.4084 -100.0000
v -2938.0213 -2842.4911 -100.0000
v -2939.2117 -2843.3127 -100.0000
v -2940.5641 -2843.8256 -100.0000
v -2942.0000 -2844.0000 -100.0000
v -2943.4359 -2843.8256 -100.0000
v -2944.7883 -2843.3127 -100.0000
v -2945.9787 -2842.4911 -100.0000
v -2946.9379 -2841.4084 -100.0000
v -2947.6101 -2840.1276 -100.0000
v -2947.9563 -2838.7232 -100.0000
v -2947.9563 -2837.2768 -100.0000
v -2947.6101 -2835.8724 -100.0000
v -2946.9379 -2834.5916 -100.0000
v -2945.9787 -2833.5089 -100.0000
v -2944.7883 -2832.6873 -100.0000
v -2943.4359 -2832.1743 -100.0000
v -2942.0000 -2832.0000 -100.0000
v -2942.0000 -2832.0000 12.0000
v -2942.0000 -2832.0000 12.0000
v -2940.5641 -2832.1743 12.0000
v -2939.2117 -2832.6873 12.0000
v -2938.0213 -2833.5089 12.0000
v -2937.0621 -2834.5916 12.0000
v -2936.3899 -2835.8724 12.0000
v -2936.0437 -2837.2768 12.0000
v -2936.0437 -2838.7232 12.0000
v -2936.3899 -2840.1276 12.0000
v -2937.0621 -2841.4084 12.0000
v -2938.0213 -2842.4911 12.0000
v -2939.2117 -2843.3127 12.0000
v -2940.5641 -2843.8256 12.0000
v -2942.0000 -2844.0000 12.0000
v -2943.4359 -2843.8256 12.0000
v -2944.7883 -2843.3127 12.0000
v -2945.9787 -2842.4911 12.0000
v -2946.9379 -2841.4084 12.0000
v -2947.6101 -2840.1276 12.0000
v -2947.9563 -2838.7232 12.0000
v -2947.9563 -2837.2768 12.0000
v -2947.6101 -2835.8724 12.0000
v -2946.9379 -2834.5916 12.0000
v -2945.9787 -2833.5089 12.0000
v -2944.7883 -2832.6873 12.0000
v -2943.4359 -2832.1743 12.0000
v -2942.0000 -2832.0000 -100.0000
v -2940.5641 -2832.1743 -100.0000
v -2939.2117 -2832.6873 -100.0000
v -2938.0213 -2833.5089 -100.0000
v -2937.0621 -2834.5916 -100.0000
v -2936.3899 -2835.8724 -100.0000
v -2936.0437 -2837.2768 -100.0000
v -2936.0437 -2838.7232 -100.0000
v -2936.3899 -2840.1276 -100.0000
v -2937.0621 -2841.4084 -100.0000
v -2938.0213 -2842.4911 -100.0000
v -2939.2117 -2843.3127 -100.0000
v -2940.5641 -2843.8256 -100.0000
v -2942.0000 -2844.0000 -100.0000
v -2943.4359 -2843.8256 -100.0000
v -2944.7883 -2843.3127 -100.0000
v -2945.9787 -2842.4911 -100.0000
v -2946.9379 -2841.4084 -100.0000
v -2947.6101 -2840.1276 -100.0000
v -2947.9563 -2838.7232 -100.0000
v -2947.9563 -2837.2768 -100.0000
v -2947.6101 -2835.8724 -100.0000
v -2946.9379 -2834.5916 -100.0000
v -2945.9787 -2833.5089 -100.0000
v -2944.7883 -2832.6873 -100.0000
v -2943.4359 -2832.1743 -100.0000
v -2942.0000 -2832.0000 12.0000
v -2940.5641 -2832.1743 12.0000
v -2939.2117 -2832.6873 12.0000
v -2938.0213 -2833.5089 12.0000
v -2937.0621 -2834.5916 12.0000
v -2936.3899 -2835.8724 12.0000
v -2936.0437 -2837.2768 12.0000
v -2936.0437 -2838.7232 12.0000
v -2936.3899 -2840.1276 12.0000
v -2937.0621 -2841.4084 12.0000
v -2938.0213 -2842.4911 12.0000
v -2939.2117 -2843.3127 12.0000
v -2940.5641 -2843.8256 12.0000
v -2942.0000 -2844.0000 12.0000
v -2943.4359 -2843.8256 12.0000
v -2944.7883 -2843.3127 12.0000
v -2945.9787 -2842.4911 12.0000
v -2946.9379 -2841.4084 12.0000
v -2947.6101 -2840.1276 12.0000
v -2947.9563 -2838.7232 12.0000
v -2947.9563 -2837.2768 12.0000
v -2947.6101 -2835.8724 12.0000
v -2946.9379 -2834.5916 12.0000
v -2945.9787 -2833.5089 12.0000
v -2944.7883 -2832.6873 12.0000
v -2943.4359 -2832.1743 12.0000
f 4579 4606 4608
f 4580 4608 4609
f 4580 4579 4608
f 4581 4580 4609
f 4582 4609 4610
f 4582 4610 4611
f 4582 4581 4609
f 4583 4582 4611
f 4584 4611 4612
f 4584 4583 4611
f 4585 4612 4613
f 4585 4613 4614
f 4585 4584 4612
f 4586 4585 4614
f 4587 4614 4615
f 4587 4586 4614
f 4588 4615 4616
f 4588 4587 4615
f 4589 4616 4617
f 4589 4588 4616
f 4590 4617 4618
f 4590 4589 4617
f 4591 4590 4618
f 4591 4618 4619
f 4592 4591 4619
f 4592 4619 4620
f 4593 4592 4620
f 4593 4620 4621
f 4594 4593 4621
f 4594 4621 4622
f 4595 4594 4622
f 4595 4622 4623
f 4595 4623 4624
f 4596 4595 4624
f 4597 4596 4624
f 4597 4624 4625
f 4598 4597 4625
f 4598 4625 4626
f 4598 4626 4627
f 4599 4598 4627
f 4599 4627 4628
f 4600 4599 4628
f 4600 4628 4629
f 4601 4600 4629
f 4602 4601 4629
f 4602 4629 4630
f 4603 4630 4631
f 4603 4602 4630
f 4604 4631 4632
f 4604 4603 4631
f 4605 4604 4632
f 4605 4632 4607
f 4654 4651 4652
f 4654 4652 4653
f 4655 4649 4650
f 4655 4650 4651
f 4655 4651 4654
f 4656 4649 4655
f 4657 4648 4649
f 4657 4649 4656
f 4641 4642 4643
f 4658 4647 4648
f 4658 4648 4657
f 4633 4646 4647
f 4633 4647 4658
f 4639 4640 4641
f 4634 4645 4646
f 4634 4646 4633
f 4638 4641 4643
f 4638 4639 4641
f 4635 4644 4645
f 4635 4645 4634
f 4636 4637 4638
f 4636 4643 4644
f 4636 4638 4643
f 4636 4644 4635
f 4680 4678 4677
f 4680 4679 4678
f 4681 4676 4675
f 4681 4677 4676
f 4681 4680 4677
f 4682 4681 4675
f 4683 4675 4674
f 4683 4682 4675
f 4667 4669 4668
f 4684 4674 4673
f 4684 4683 4674
f 4659 4673 4672
f 4659 4684 4673
f 4665 4667 4666
f 4660 4672 4671
f 4660 4659 4672
f 4664 4669 4667
f 4664 4667 4665
f 4661 4671 4670
f 4661 4660 4671
f 4662 4664 4663
f 4662 4670 4669
f 4662 4669 4664
f 4662 4661 4670

o support_0_fastener_4
usemtl mat_b8bdc2ff
v -2822.1357 -2890.0000 324.8675
v -2822.2492 -2889.0427 324.8927
v -2822.5830 -2888.1411 324.9667
v -2823.1178 -2887.3475 325.0853
v -2823.8225 -2886.7081 325.2415
v -2824.6561 -2886.2599 325.4263
v -2825.5702 -2886.0292 325.6289
v -2826.5116 -2886.0292 325.8376
v -2827.4257 -2886.2599 326.0403
v -2828.2593 -2886.7081 326.2251
v -2828.9639 -2887.3475 326.3813
v -2829.4987 -2888.1411 326.4999
v -2829.8326 -2889.0427 326.5739
v -2829.9461 -2890.0000 326.5990
v -2829.8326 -2890.9573 326.5739
v -2829.4987 -2891.8589 326.4999
v -2828.9639 -2892.6525 326.3813
v -2828.2593 -2893.2919 326.2251
v -2827.4257 -2893.7401 326.0403
v -2826.5116 -2893.9708 325.8376
v -2825.5702 -2893.9708 325.6289
v -2824.6561 -2893.7401 325.4263
v -2823.8225 -2893.2919 325.2415
v -2823.1178 -2892.6525 325.0853
v -2822.5830 -2891.8589 324.9667
v -2822.2492 -2890.9573 324.8927
v -2822.1357 -2890.0000 324.8675
v -2861.0948 -2890.0000 149.1342
v -2861.0948 -2890.0000 149.1342
v -2861.2083 -2889.0427 149.1594
v -2861.5421 -2888.1411 149.2334
v -2862.0769 -2887.3475 149.3520
v -2862.7816 -2886.7081 149.5082
v -2863.6152 -2886.2599 149.6930
v -2864.5293 -2886.0292 149.8956
v -2865.4707 -2886.0292 150.1044
v -2866.3848 -2886.2599 150.3070
v -2867.2184 -2886.7081 150.4918
v -2867.9231 -2887.3475 150.6480
v -2868.4579 -2888.1411 150.7666
v -2868.7917 -2889.0427 150.8406
v -2868.9052 -2890.0000 150.8658
v -2868.7917 -2890.9573 150.8406
v -2868.4579 -2891.8589 150.7666
v -2867.9231 -2892.6525 150.6480
v -2867.2184 -2893.2919 150.4918
v -2866.3848 -2893.7401 150.3070
v -2865.4707 -2893.9708 150.1044
v -2864.5293 -2893.9708 149.8956
v -2863.6152 -2893.7401 149.6930
v -2862.7816 -2893.2919 149.5082
v -2862.0769 -2892.6525 149.3520
v -2861.5421 -2891.8589 149.2334
v -2861.2083 -2890.9573 149.1594
v -2822.1357 -2890.0000 324.8675
v -2822.2492 -2889.0427 324.8927
v -2822.5830 -2888.1411 324.9667
v -2823.1178 -2887.3475 325.0853
v -2823.8225 -2886.7081 325.2415
v -2824.6561 -2886.2599 325.4263
v -2825.5702 -2886.0292 325.6289
v -2826.5116 -2886.0292 325.8376
v -2827.4257 -2886.2599 326.0403
v -2828.2593 -2886.7081 326.2251
v -2828.9639 -2887.3475 326.3813
v -2829.4987 -2888.1411 326.4999
v -2829.8326 -2889.0427 326.5739
v -2829.9461 -2890.0000 326.5990
v -2829.8326 -2890.9573 326.5739
v -2829.4987 -2891.8589 326.4999
v -2828.9639 -2892.6525 326.3813
v -2828.2593 -2893.2919 326.2251
v -2827.4257 -2893.7401 326.0403
v -2826.5116 -2893.9708 325.8376
v -2825.5702 -2893.9708 325.6289
v -2824.6561 -2893.7401 325.4263
v -2823.8225 -2893.2919 325.2415
v -2823.1178 -2892.6525 325.0853
v -2822.5830 -2891.8589 324.9667
v -2822.2492 -2890.9573 324.8927
v -2861.0948 -2890.0000 149.1342
v -2861.2083 -2889.0427 149.1594
v -2861.5421 -2888.1411 149.2334
v -2862.0769 -2887.3475 149.3520
v -2862.7816 -2886.7081 149.5082
v -2863.6152 -2886.2599 149.6930
v -2864.5293 -2886.0292 149.8956
v -2865.4707 -2886.0292 150.1044
v -2866.3848 -2886.2599 150.3070
v -2867.2184 -2886.7081 150.4918
v -2867.9231 -2887.3475 150.6480
v -2868.4579 -2888.1411 150.7666
v -2868.7917 -2889.0427 150.8406
v -2868.9052 -2890.0000 150.8658
v -2868.7917 -2890.9573 150.8406
v -2868.4579 -2891.8589 150.7666
v -2867.9231 -2892.6525 150.6480
v -2867.2184 -2893.2919 150.4918
v -2866.3848 -2893.7401 150.3070
v -2865.4707 -2893.9708 150.1044
v -2864.5293 -2893.9708 149.8956
v -2863.6152 -2893.7401 149.6930
v -2862.7816 -2893.2919 149.5082
v -2862.0769 -2892.6525 149.3520
v -2861.5421 -2891.8589 149.2334
v -2861.2083 -2890.9573 149.1594
f 4686 4685 4712
f 4686 4712 4714
f 4687 4714 4715
f 4687 4715 4716
f 4687 4686 4714
f 4688 4687 4716
f 4689 4716 4717
f 4689 4688 4716
f 4690 4717 4718
f 4690 4689 4717
f 4691 4718 4719
f 4691 4690 4718
f 4692 4719 4720
f 4692 4691 4719
f 4693 4720 4721
f 4693 4721 4722
f 4693 4692 4720
f 4694 4693 4722
f 4695 4722 4723
f 4695 4694 4722
f 4696 4723 4724
f 4696 4695 4723
f 4697 4696 4724
f 4697 4724 4725
f 4698 4697 4725
f 4698 4725 4726
f 4698 4726 4727
f 4699 4698 4727
f 4700 4699 4727
f 4700 4727 4728
f 4701 4700 4728
f 4701 4728 4729
f 4702 4701 4729
f 4702 4729 4730
f 4703 4702 4730
f 4703 4730 4731
f 4704 4703 4731
f 4704 4731 4732
f 4704 4732 4733
f 4705 4704 4733
f 4706 4705 4733
f 4706 4733 4734
f 4707 4706 4734
f 4707 4734 4735
f 4708 4707 4735
f 4708 4735 4736
f 4709 4736 4737
f 4709 4708 4736
f 4710 4737 4738
f 4710 4709 4737
f 4711 4710 4738
f 4711 4738 4713
f 4760 4757 4758
f 4760 4758 4759
f 4761 4755 4756
f 4761 4756 4757
f 4761 4757 4760
f 4762 4755 4761
f 4763 4754 4755
f 4763 4755 4762
f 4764 4753 4754
f 4764 4754 4763
f 4739 4752 4753
f 4739 4753 4764
f 4740 4751 4752
f 4740 4752 4739
f 4744 4745 4746
f 4744 4746 4747
f 4741 4749 4750
f 4741 4750 4751
f 4741 4751 4740
f 4743 4747 4748
f 4743 4744 4747
f 4742 4748 4749
f 4742 4749 4741
f 4742 4743 4748
f 4785 4784 4783
f 4786 4785 4783
f 4787 4783 4782
f 4787 4786 4783
f 4788 4782 4781
f 4788 4787 4782
f 4789 4781 4780
f 4789 4788 4781
f 4790 4779 4778
f 4790 4780 4779
f 4790 4789 4780
f 4765 4790 4778
f 4771 4773 4772
f 4766 4778 4777
f 4766 4765 4778
f 4770 4773 4771
f 4767 4777 4776
f 4767 4766 4777
f 4769 4774 4773
f 4769 4773 4770
f 4768 4775 4774
f 4768 4776 4775
f 4768 4767 4776
f 4768 4774 4769

o support_0_fastener_5
usemtl mat_b8bdc2ff
v -2921.9796 -2838.5380 326.4875
v -2921.0279 -2838.4043 326.5673
v -2920.1316 -2838.0501 326.5987
v -2919.3427 -2837.4960 326.5797
v -2918.7070 -2836.7741 326.5116
v -2918.2615 -2835.9264 326.3982
v -2918.0321 -2835.0022 326.2462
v -2918.0321 -2834.0552 326.0644
v -2918.2615 -2833.1405 325.8633
v -2918.7070 -2832.3111 325.6547
v -2919.3427 -2831.6153 325.4507
v -2920.1316 -2831.0935 325.2630
v -2921.0279 -2830.7761 325.1027
v -2921.9796 -2830.6815 324.9791
v -2922.9312 -2830.8152 324.8993
v -2923.8275 -2831.1694 324.8679
v -2924.6165 -2831.7236 324.8869
v -2925.2522 -2832.4454 324.9550
v -2925.6977 -2833.2931 325.0683
v -2925.9271 -2834.2173 325.2204
v -2925.9271 -2835.1643 325.4022
v -2925.6977 -2836.0791 325.6032
v -2925.2522 -2836.9084 325.8119
v -2924.6165 -2837.6042 326.0159
v -2923.8275 -2838.1260 326.2035
v -2922.9312 -2838.4434 326.3638
v -2921.9796 -2838.5380 326.4875
v -2902.5000 -2872.2776 150.7542
v -2902.5000 -2872.2776 150.7542
v -2901.5484 -2872.1439 150.8340
v -2900.6520 -2871.7897 150.8654
v -2899.8631 -2871.2356 150.8464
v -2899.2274 -2870.5137 150.7783
v -2898.7819 -2869.6660 150.6649
v -2898.5525 -2868.7418 150.5129
v -2898.5525 -2867.7948 150.3311
v -2898.7819 -2866.8801 150.1300
v -2899.2274 -2866.0507 149.9214
v -2899.8631 -2865.3549 149.7174
v -2900.6520 -2864.8331 149.5298
v -2901.5484 -2864.5157 149.3695
v -2902.5000 -2864.4211 149.2458
v -2903.4516 -2864.5548 149.1660
v -2904.3480 -2864.9090 149.1346
v -2905.1369 -2865.4631 149.1536
v -2905.7726 -2866.1850 149.2217
v -2906.2181 -2867.0327 149.3351
v -2906.4475 -2867.9569 149.4871
v -2906.4475 -2868.9039 149.6689
v -2906.2181 -2869.8187 149.8700
v -2905.7726 -2870.6480 150.0786
v -2905.1369 -2871.3438 150.2826
v -2904.3480 -2871.8656 150.4702
v -2903.4516 -2872.1830 150.6305
v -2921.9796 -2838.5380 326.4875
v -2921.0279 -2838.4043 326.5673
v -2920.1316 -2838.0501 326.5987
v -2919.3427 -2837.4960 326.5797
v -2918.7070 -2836.7741 326.5116
v -2918.2615 -2835.9264 326.3982
v -2918.0321 -2835.0022 326.2462
v -2918.0321 -2834.0552 326.0644
v -2918.2615 -2833.1405 325.8633
v -2918.7070 -2832.3111 325.6547
v -2919.3427 -2831.6153 325.4507
v -2920.1316 -2831.0935 325.2630
v -2921.0279 -2830.7761 325.1027
v -2921.9796 -2830.6815 324.9791
v -2922.9312 -2830.8152 324.8993
v -2923.8275 -2831.1694 324.8679
v -2924.6165 -2831.7236 324.8869
v -2925.2522 -2832.4454 324.9550
v -2925.6977 -2833.2931 325.0683
v -2925.9271 -2834.2173 325.2204
v -2925.9271 -2835.1643 325.4022
v -2925.6977 -2836.0791 325.6032
v -2925.2522 -2836.9084 325.8119
v -2924.6165 -2837.6042 326.0159
v -2923.8275 -2838.1260 326.2035
v -2922.9312 -2838.4434 326.3638
v -2902.5000 -2872.2776 150.7542
v -2901.5484 -2872.1439 150.8340
v -2900.6520 -2871.7897 150.8654
v -2899.8631 -2871.2356 150.8464
v -2899.2274 -2870.5137 150.7783
v -2898.7819 -2869.6660 150.6649
v -2898.5525 -2868.7418 150.5129
v -2898.5525 -2867.7948 150.3311
v -2898.7819 -2866.8801 150.1300
v -2899.2274 -2866.0507 149.9214
v -2899.8631 -2865.3549 149.7174
v -2900.6520 -2864.8331 149.5298
v -2901.5484 -2864.5157 149.3695
v -2902.5000 -2864.4211 149.2458
v -2903.4516 -2864.5548 149.1660
v -2904.3480 -2864.9090 149.1346
v -2905.1369 -2865.4631 149.1536
v -2905.7726 -2866.1850 149.2217
v -2906.2181 -2867.0327 149.3351
v -2906.4475 -2867.9569 149.4871
v -2906.4475 -2868.9039 149.6689
v -2906.2181 -2869.8187 149.8700
v -2905.7726 -2870.6480 150.0786
v -2905.1369 -2871.3438 150.2826
v -2904.3480 -2871.8656 150.4702
v -2903.4516 -2872.1830 150.6305
f 4792 4791 4818
f 4792 4818 4820
f 4793 4820 4821
f 4793 4821 4822
f 4793 4792 4820
f 4794 4793 4822
f 4795 4822 4823
f 4795 4794 4822
f 4796 4823 4824
f 4796 4795 4823
f 4797 4824 4825
f 4797 4796 4824
f 4798 4825 4826
f 4798 4797 4825
f 4799 4826 4827
f 4799 4827 4828
f 4799 4798 4826
f 4800 4799 4828
f 4801 4828 4829
f 4801 4800 4828
f 4802 4829 4830
f 4802 4801 4829
f 4803 4802 4830
f 4803 4830 4831
f 4804 4803 4831
f 4804 4831 4832
f 4804 4832 4833
f 4805 4804 4833
f 4806 4805 4833
f 4806 4833 4834
f 4807 4806 4834
f 4807 4834 4835
f 4808 4807 4835
f 4808 4835 4836
f 4809 4808 4836
f 4809 4836 4837
f 4810 4809 4837
f 4810 4837 4838
f 4810 4838 4839
f 4811 4810 4839
f 4812 4811 4839
f 4812 4839 4840
f 4813 4812 4840
f 4813 4840 4841
f 4814 4813 4841
f 4814 4841 4842
f 4815 4842 4843
f 4815 4814 4842
f 4816 4843 4844
f 4816 4815 4843
f 4817 4816 4844
f 4817 4844 4819
f 4857 4858 4859
f 4857 4859 4860
f 4855 4856 4857
f 4855 4860 4861
f 4855 4861 4862
f 4855 4857 4860
f 4854 4862 4863
f 4854 4855 4862
f 4853 4854 4863
f 4852 4863 4864
f 4852 4853 4863
f 4851 4864 4865
f 4851 4852 4864
f 4846 4869 4870
f 4846 4870 4845
f 4850 4865 4866
f 4850 4851 4865
f 4849 4850 4866
f 4848 4846 4847
f 4848 4866 4867
f 4848 4867 4868
f 4848 4868 4869
f 4848 4869 4846
f 4848 4849 4866
f 4882 4884 4883
f 4882 4885 4884
f 4882 4886 4885
f 4881 4887 4886
f 4881 4886 4882
f 4880 4888 4887
f 4880 4889 4888
f 4880 4887 4881
f 4879 4889 4880
f 4878 4890 4889
f 4878 4889 4879
f 4877 4891 4890
f 4877 4890 4878
f 4872 4896 4895
f 4872 4871 4896
f 4876 4892 4891
f 4876 4891 4877
f 4874 4873 4872
f 4874 4876 4875
f 4874 4893 4892
f 4874 4894 4893
f 4874 4895 4894
f 4874 4872 4895
f 4874 4892 4876

o support_0_fastener_6
usemtl mat_b8bdc2ff
v -2921.9796 -2949.3185 324.9791
v -2921.0279 -2949.2239 325.1027
v -2920.1316 -2948.9065 325.2630
v -2919.3427 -2948.3847 325.4507
v -2918.7070 -2947.6889 325.6547
v -2918.2615 -2946.8595 325.8633
v -2918.0321 -2945.9448 326.0644
v -2918.0321 -2944.9978 326.2462
v -2918.2615 -2944.0736 326.3982
v -2918.7070 -2943.2259 326.5116
v -2919.3427 -2942.5040 326.5797
v -2920.1316 -2941.9499 326.5987
v -2921.0279 -2941.5957 326.5673
v -2921.9796 -2941.4620 326.4875
v -2922.9312 -2941.5566 326.3638
v -2923.8275 -2941.8740 326.2035
v -2924.6165 -2942.3958 326.0159
v -2925.2522 -2943.0916 325.8119
v -2925.6977 -2943.9209 325.6032
v -2925.9271 -2944.8357 325.4022
v -2925.9271 -2945.7827 325.2204
v -2925.6977 -2946.7069 325.0683
v -2925.2522 -2947.5546 324.9550
v -2924.6165 -2948.2764 324.8869
v -2923.8275 -2948.8306 324.8679
v -2922.9312 -2949.1848 324.8993
v -2921.9796 -2949.3185 324.9791
v -2902.5000 -2915.5789 149.2458
v -2902.5000 -2915.5789 149.2458
v -2901.5484 -2915.4843 149.3695
v -2900.6520 -2915.1669 149.5298
v -2899.8631 -2914.6451 149.7174
v -2899.2274 -2913.9493 149.9214
v -2898.7819 -2913.1199 150.1300
v -2898.5525 -2912.2052 150.3311
v -2898.5525 -2911.2582 150.5129
v -2898.7819 -2910.3340 150.6649
v -2899.2274 -2909.4863 150.7783
v -2899.8631 -2908.7644 150.8464
v -2900.6520 -2908.2103 150.8654
v -2901.5484 -2907.8561 150.8340
v -2902.5000 -2907.7224 150.7542
v -2903.4516 -2907.8170 150.6305
v -2904.3480 -2908.1344 150.4702
v -2905.1369 -2908.6562 150.2826
v -2905.7726 -2909.3520 150.0786
v -2906.2181 -2910.1813 149.8700
v -2906.4475 -2911.0961 149.6689
v -2906.4475 -2912.0431 149.4871
v -2906.2181 -2912.9673 149.3351
v -2905.7726 -2913.8150 149.2217
v -2905.1369 -2914.5369 149.1536
v -2904.3480 -2915.0910 149.1346
v -2903.4516 -2915.4452 149.1660
v -2921.9796 -2949.3185 324.9791
v -2921.0279 -2949.2239 325.1027
v -2920.1316 -2948.9065 325.2630
v -2919.3427 -2948.3847 325.4507
v -2918.7070 -2947.6889 325.6547
v -2918.2615 -2946.8595 325.8633
v -2918.0321 -2945.9448 326.0644
v -2918.0321 -2944.9978 326.2462
v -2918.2615 -2944.0736 326.3982
v -2918.7070 -2943.2259 326.5116
v -2919.3427 -2942.5040 326.5797
v -2920.1316 -2941.9499 326.5987
v -2921.0279 -2941.5957 326.5673
v -2921.9796 -2941.4620 326.4875
v -2922.9312 -2941.5566 326.3638
v -2923.8275 -2941.8740 326.2035
v -2924.6165 -2942.3958 326.0159
v -2925.2522 -2943.0916 325.8119
v -2925.6977 -2943.9209 325.6032
v -2925.9271 -2944.8357 325.4022
v -2925.9271 -2945.7827 325.2204
v -2925.6977 -2946.7069 325.0683
v -2925.2522 -2947.5546 324.9550
v -2924.6165 -2948.2764 324.8869
v -2923.8275 -2948.8306 324.8679
v -2922.9312 -2949.1848 324.8993
v -2902.5000 -2915.5789 149.2458
v -2901.5484 -2915.4843 149.3695
v -2900.6520 -2915.1669 149.5298
v -2899.8631 -2914.6451 149.7174
v -2899.2274 -2913.9493 149.9214
v -2898.7819 -2913.1199 150.1300
v -2898.5525 -2912.2052 150.3311
v -2898.5525 -2911.2582 150.5129
v -2898.7819 -2910.3340 150.6649
v -2899.2274 -2909.4863 150.7783
v -2899.8631 -2908.7644 150.8464
v -2900.6520 -2908.2103 150.8654
v -2901.5484 -2907.8561 150.8340
v -2902.5000 -2907.7224 150.7542
v -2903.4516 -2907.8170 150.6305
v -2904.3480 -2908.1344 150.4702
v -2905.1369 -2908.6562 150.2826
v -2905.7726 -2909.3520 150.0786
v -2906.2181 -2910.1813 149.8700
v -2906.4475 -2911.0961 149.6689
v -2906.4475 -2912.0431 149.4871
v -2906.2181 -2912.9673 149.3351
v -2905.7726 -2913.8150 149.2217
v -2905.1369 -2914.5369 149.1536
v -2904.3480 -2915.0910 149.1346
v -2903.4516 -2915.4452 149.1660
f 4898 4897 4924
f 4898 4924 4926
f 4899 4926 4927
f 4899 4927 4928
f 4899 4898 4926
f 4900 4899 4928
f 4901 4928 4929
f 4901 4900 4928
f 4902 4929 4930
f 4902 4901 4929
f 4903 4930 4931
f 4903 4902 4930
f 4904 4931 4932
f 4904 4903 4931
f 4905 4932 4933
f 4905 4933 4934
f 4905 4904 4932
f 4906 4905 4934
f 4907 4934 4935
f 4907 4906 4934
f 4908 4935 4936
f 4908 4907 4935
f 4909 4908 4936
f 4909 4936 4937
f 4910 4909 4937
f 4910 4937 4938
f 4910 4938 4939
f 4911 4910 4939
f 4912 4911 4939
f 4912 4939 4940
f 4913 4912 4940
f 4913 4940 4941
f 4914 4913 4941
f 4914 4941 4942
f 4915 4914 4942
f 4915 4942 4943
f 4916 4915 4943
f 4916 4943 4944
f 4916 4944 4945
f 4917 4916 4945
f 4918 4917 4945
f 4918 4945 4946
f 4919 4918 4946
f 4919 4946 4947
f 4920 4919 4947
f 4920 4947 4948
f 4921 4948 4949
f 4921 4920 4948
f 4922 4949 4950
f 4922 4921 4949
f 4923 4922 4950
f 4923 4950 4925
f 4963 4964 4965
f 4963 4965 4966
f 4961 4962 4963
f 4961 4966 4967
f 4961 4967 4968
f 4961 4963 4966
f 4960 4968 4969
f 4960 4961 4968
f 4959 4960 4969
f 4958 4969 4970
f 4958 4959 4969
f 4957 4970 4971
f 4957 4958 4970
f 4952 4975 4976
f 4952 4976 4951
f 4956 4971 4972
f 4956 4957 4971
f 4955 4956 4972
f 4954 4952 4953
f 4954 4972 4973
f 4954 4973 4974
f 4954 4974 4975
f 4954 4975 4952
f 4954 4955 4972
f 4988 4990 4989
f 4988 4991 4990
f 4988 4992 4991
f 4987 4993 4992
f 4987 4992 4988
f 4986 4994 4993
f 4986 4995 4994
f 4986 4993 4987
f 4985 4995 4986
f 4984 4996 4995
f 4984 4995 4985
f 4983 4997 4996
f 4983 4996 4984
f 4978 5002 5001
f 4978 4977 5002
f 4982 4998 4997
f 4982 4997 4983
f 4980 4979 4978
f 4980 4982 4981
f 4980 4999 4998
f 4980 5000 4999
f 4980 5001 5000
f 4980 4978 5001
f 4980 4998 4982

o support_1_fastener_0
usemtl mat_b8bdc2ff
v 2936.0000 -2942.0000 -100.0000
v 2936.1743 -2940.5641 -100.0000
v 2936.6873 -2939.2117 -100.0000
v 2937.5089 -2938.0213 -100.0000
v 2938.5916 -2937.0621 -100.0000
v 2939.8724 -2936.3899 -100.0000
v 2941.2768 -2936.0437 -100.0000
v 2942.7232 -2936.0437 -100.0000
v 2944.1276 -2936.3899 -100.0000
v 2945.4084 -2937.0621 -100.0000
v 2946.4911 -2938.0213 -100.0000
v 2947.3127 -2939.2117 -100.0000
v 2947.8256 -2940.5641 -100.0000
v 2948.0000 -2942.0000 -100.0000
v 2947.8256 -2943.4359 -100.0000
v 2947.3127 -2944.7883 -100.0000
v 2946.4911 -2945.9787 -100.0000
v 2945.4084 -2946.9379 -100.0000
v 2944.1276 -2947.6101 -100.0000
v 2942.7232 -2947.9563 -100.0000
v 2941.2768 -2947.9563 -100.0000
v 2939.8724 -2947.6101 -100.0000
v 2938.5916 -2946.9379 -100.0000
v 2937.5089 -2945.9787 -100.0000
v 2936.6873 -2944.7883 -100.0000
v 2936.1743 -2943.4359 -100.0000
v 2936.0000 -2942.0000 -100.0000
v 2936.0000 -2942.0000 12.0000
v 2936.0000 -2942.0000 12.0000
v 2936.1743 -2940.5641 12.0000
v 2936.6873 -2939.2117 12.0000
v 2937.5089 -2938.0213 12.0000
v 2938.5916 -2937.0621 12.0000
v 2939.8724 -2936.3899 12.0000
v 2941.2768 -2936.0437 12.0000
v 2942.7232 -2936.0437 12.0000
v 2944.1276 -2936.3899 12.0000
v 2945.4084 -2937.0621 12.0000
v 2946.4911 -2938.0213 12.0000
v 2947.3127 -2939.2117 12.0000
v 2947.8256 -2940.5641 12.0000
v 2948.0000 -2942.0000 12.0000
v 2947.8256 -2943.4359 12.0000
v 2947.3127 -2944.7883 12.0000
v 2946.4911 -2945.9787 12.0000
v 2945.4084 -2946.9379 12.0000
v 2944.1276 -2947.6101 12.0000
v 2942.7232 -2947.9563 12.0000
v 2941.2768 -2947.9563 12.0000
v 2939.8724 -2947.6101 12.0000
v 2938.5916 -2946.9379 12.0000
v 2937.5089 -2945.9787 12.0000
v 2936.6873 -2944.7883 12.0000
v 2936.1743 -2943.4359 12.0000
v 2936.0000 -2942.0000 -100.0000
v 2936.1743 -2940.5641 -100.0000
v 2936.6873 -2939.2117 -100.0000
v 2937.5089 -2938.0213 -100.0000
v 2938.5916 -2937.0621 -100.0000
v 2939.8724 -2936.3899 -100.0000
v 2941.2768 -2936.0437 -100.0000
v 2942.7232 -2936.0437 -100.0000
v 2944.1276 -2936.3899 -100.0000
v 2945.4084 -2937.0621 -100.0000
v 2946.4911 -2938.0213 -100.0000
v 2947.3127 -2939.2117 -100.0000
v 2947.8256 -2940.5641 -100.0000
v 2948.0000 -2942.0000 -100.0000
v 2947.8256 -2943.4359 -100.0000
v 2947.3127 -2944.7883 -100.0000
v 2946.4911 -2945.9787 -100.0000
v 2945.4084 -2946.9379 -100.0000
v 2944.1276 -2947.6101 -100.0000
v 2942.7232 -2947.9563 -100.0000
v 2941.2768 -2947.9563 -100.0000
v 2939.8724 -2947.6101 -100.0000
v 2938.5916 -2946.9379 -100.0000
v 2937.5089 -2945.9787 -100.0000
v 2936.6873 -2944.7883 -100.0000
v 2936.1743 -2943.4359 -100.0000
v 2936.0000 -2942.0000 12.0000
v 2936.1743 -2940.5641 12.0000
v 2936.6873 -2939.2117 12.0000
v 2937.5089 -2938.0213 12.0000
v 2938.5916 -2937.0621 12.0000
v 2939.8724 -2936.3899 12.0000
v 2941.2768 -2936.0437 12.0000
v 2942.7232 -2936.0437 12.0000
v 2944.1276 -2936.3899 12.0000
v 2945.4084 -2937.0621 12.0000
v 2946.4911 -2938.0213 12.0000
v 2947.3127 -2939.2117 12.0000
v 2947.8256 -2940.5641 12.0000
v 2948.0000 -2942.0000 12.0000
v 2947.8256 -2943.4359 12.0000
v 2947.3127 -2944.7883 12.0000
v 2946.4911 -2945.9787 12.0000
v 2945.4084 -2946.9379 12.0000
v 2944.1276 -2947.6101 12.0000
v 2942.7232 -2947.9563 12.0000
v 2941.2768 -2947.9563 12.0000
v 2939.8724 -2947.6101 12.0000
v 2938.5916 -2946.9379 12.0000
v 2937.5089 -2945.9787 12.0000
v 2936.6873 -2944.7883 12.0000
v 2936.1743 -2943.4359 12.0000
f 5003 5030 5032
f 5004 5032 5033
f 5004 5003 5032
f 5005 5004 5033
f 5006 5033 5034
f 5006 5034 5035
f 5006 5005 5033
f 5007 5006 5035
f 5008 5035 5036
f 5008 5007 5035
f 5009 5036 5037
f 5009 5037 5038
f 5009 5008 5036
f 5010 5009 5038
f 5011 5038 5039
f 5011 5010 5038
f 5012 5039 5040
f 5012 5011 5039
f 5013 5040 5041
f 5013 5012 5040
f 5014 5041 5042
f 5014 5013 5041
f 5015 5014 5042
f 5015 5042 5043
f 5016 5015 5043
f 5016 5043 5044
f 5017 5016 5044
f 5017 5044 5045
f 5018 5017 5045
f 5018 5045 5046
f 5019 5018 5046
f 5019 5046 5047
f 5019 5047 5048
f 5020 5019 5048
f 5021 5020 5048
f 5021 5048 5049
f 5022 5021 5049
f 5022 5049 5050
f 5022 5050 5051
f 5023 5022 5051
f 5023 5051 5052
f 5024 5023 5052
f 5024 5052 5053
f 5025 5024 5053
f 5026 5025 5053
f 5026 5053 5054
f 5027 5054 5055
f 5027 5026 5054
f 5028 5055 5056
f 5028 5027 5055
f 5029 5028 5056
f 5029 5056 5031
f 5078 5075 5076
f 5078 5076 5077
f 5079 5073 5074
f 5079 5074 5075
f 5079 5075 5078
f 5080 5073 5079
f 5081 5072 5073
f 5081 5073 5080
f 5065 5066 5067
f 5082 5071 5072
f 5082 5072 5081
f 5057 5070 5071
f 5057 5071 5082
f 5063 5064 5065
f 5058 5069 5070
f 5058 5070 5057
f 5062 5065 5067
f 5062 5063 5065
f 5059 5068 5069
f 5059 5069 5058
f 5060 5061 5062
f 5060 5067 5068
f 5060 5062 5067
f 5060 5068 5059
f 5104 5102 5101
f 5104 5103 5102
f 5105 5100 5099
f 5105 5101 5100
f 5105 5104 5101
f 5106 5105 5099
f 5107 5099 5098
f 5107 5106 5099
f 5091 5093 5092
f 5108 5098 5097
f 5108 5107 5098
f 5083 5097 5096
f 5083 5108 5097
f 5089 5091 5090
f 5084 5096 5095
f 5084 5083 5096
f 5088 5093 5091
f 5088 5091 5089
f 5085 5095 5094
f 5085 5084 5095
f 5086 5088 5087
f 5086 5094 5093
f 5086 5093 5088
f 5086 5085 5094

o support_1_fastener_1
usemtl mat_b8bdc2ff
v 2936.0000 -2838.0000 -100.0000
v 2936.1743 -2836.5641 -100.0000
v 2936.6873 -2835.2117 -100.0000
v 2937.5089 -2834.0213 -100.0000
v 2938.5916 -2833.0621 -100.0000
v 2939.8724 -2832.3899 -100.0000
v 2941.2768 -2832.0437 -100.0000
v 2942.7232 -2832.0437 -100.0000
v 2944.1276 -2832.3899 -100.0000
v 2945.4084 -2833.0621 -100.0000
v 2946.4911 -2834.0213 -100.0000
v 2947.3127 -2835.2117 -100.0000
v 2947.8256 -2836.5641 -100.0000
v 2948.0000 -2838.0000 -100.0000
v 2947.8256 -2839.4359 -100.0000
v 2947.3127 -2840.7883 -100.0000
v 2946.4911 -2841.9787 -100.0000
v 2945.4084 -2842.9379 -100.0000
v 2944.1276 -2843.6101 -100.0000
v 2942.7232 -2843.9563 -100.0000
v 2941.2768 -2843.9563 -100.0000
v 2939.8724 -2843.6101 -100.0000
v 2938.5916 -2842.9379 -100.0000
v 2937.5089 -2841.9787 -100.0000
v 2936.6873 -2840.7883 -100.0000
v 2936.1743 -2839.4359 -100.0000
v 2936.0000 -2838.0000 -100.0000
v 2936.0000 -2838.0000 12.0000
v 2936.0000 -2838.0000 12.0000
v 2936.1743 -2836.5641 12.0000
v 2936.6873 -2835.2117 12.0000
v 2937.5089 -2834.0213 12.0000
v 2938.5916 -2833.0621 12.0000
v 2939.8724 -2832.3899 12.0000
v 2941.2768 -2832.0437 12.0000
v 2942.7232 -2832.0437 12.0000
v 2944.1276 -2832.3899 12.0000
v 2945.4084 -2833.0621 12.0000
v 2946.4911 -2834.0213 12.0000
v 2947.3127 -2835.2117 12.0000
v 2947.8256 -2836.5641 12.0000
v 2948.0000 -2838.0000 12.0000
v 2947.8256 -2839.4359 12.0000
v 2947.3127 -2840.7883 12.0000
v 2946.4911 -2841.9787 12.0000
v 2945.4084 -2842.9379 12.0000
v 2944.1276 -2843.6101 12.0000
v 2942.7232 -2843.9563 12.0000
v 2941.2768 -2843.9563 12.0000
v 2939.8724 -2843.6101 12.0000
v 2938.5916 -2842.9379 12.0000
v 2937.5089 -2841.9787 12.0000
v 2936.6873 -2840.7883 12.0000
v 2936.1743 -2839.4359 12.0000
v 2936.0000 -2838.0000 -100.0000
v 2936.1743 -2836.5641 -100.0000
v 2936.6873 -2835.2117 -100.0000
v 2937.5089 -2834.0213 -100.0000
v 2938.5916 -2833.0621 -100.0000
v 2939.8724 -2832.3899 -100.0000
v 2941.2768 -2832.0437 -100.0000
v 2942.7232 -2832.0437 -100.0000
v 2944.1276 -2832.3899 -100.0000
v 2945.4084 -2833.0621 -100.0000
v 2946.4911 -2834.0213 -100.0000
v 2947.3127 -2835.2117 -100.0000
v 2947.8256 -2836.5641 -100.0000
v 2948.0000 -2838.0000 -100.0000
v 2947.8256 -2839.4359 -100.0000
v 2947.3127 -2840.7883 -100.0000
v 2946.4911 -2841.9787 -100.0000
v 2945.4084 -2842.9379 -100.0000
v 2944.1276 -2843.6101 -100.0000
v 2942.7232 -2843.9563 -100.0000
v 2941.2768 -2843.9563 -100.0000
v 2939.8724 -2843.6101 -100.0000
v 2938.5916 -2842.9379 -100.0000
v 2937.5089 -2841.9787 -100.0000
v 2936.6873 -2840.7883 -100.0000
v 2936.1743 -2839.4359 -100.0000
v 2936.0000 -2838.0000 12.0000
v 2936.1743 -2836.5641 12.0000
v 2936.6873 -2835.2117 12.0000
v 2937.5089 -2834.0213 12.0000
v 2938.5916 -2833.0621 12.0000
v 2939.8724 -2832.3899 12.0000
v 2941.2768 -2832.0437 12.0000
v 2942.7232 -2832.0437 12.0000
v 2944.1276 -2832.3899 12.0000
v 2945.4084 -2833.0621 12.0000
v 2946.4911 -2834.0213 12.0000
v 2947.3127 -2835.2117 12.0000
v 2947.8256 -2836.5641 12.0000
v 2948.0000 -2838.0000 12.0000
v 2947.8256 -2839.4359 12.0000
v 2947.3127 -2840.7883 12.0000
v 2946.4911 -2841.9787 12.0000
v 2945.4084 -2842.9379 12.0000
v 2944.1276 -2843.6101 12.0000
v 2942.7232 -2843.9563 12.0000
v 2941.2768 -2843.9563 12.0000
v 2939.8724 -2843.6101 12.0000
v 2938.5916 -2842.9379 12.0000
v 2937.5089 -2841.9787 12.0000
v 2936.6873 -2840.7883 12.0000
v 2936.1743 -2839.4359 12.0000
f 5109 5136 5138
f 5110 5138 5139
f 5110 5109 5138
f 5111 5110 5139
f 5112 5139 5140
f 5112 5140 5141
f 5112 5111 5139
f 5113 5112 5141
f 5114 5141 5142
f 5114 5113 5141
f 5115 5142 5143
f 5115 5143 5144
f 5115 5114 5142
f 5116 5115 5144
f 5117 5144 5145
f 5117 5116 5144
f 5118 5145 5146
f 5118 5117 5145
f 5119 5146 5147
f 5119 5118 5146
f 5120 5147 5148
f 5120 5119 5147
f 5121 5120 5148
f 5121 5148 5149
f 5122 5121 5149
f 5122 5149 5150
f 5123 5122 5150
f 5123 5150 5151
f 5124 5123 5151
f 5124 5151 5152
f 5125 5124 5152
f 5125 5152 5153
f 5125 5153 5154
f 5126 5125 5154
f 5127 5126 5154
f 5127 5154 5155
f 5128 5127 5155
f 5128 5155 5156
f 5128 5156 5157
f 5129 5128 5157
f 5129 5157 5158
f 5130 5129 5158
f 5130 5158 5159
f 5131 5130 5159
f 5132 5131 5159
f 5132 5159 5160
f 5133 5160 5161
f 5133 5132 5160
f 5134 5161 5162
f 5134 5133 5161
f 5135 5134 5162
f 5135 5162 5137
f 5184 5181 5182
f 5184 5182 5183
f 5185 5179 5180
f 5185 5180 5181
f 5185 5181 5184
f 5186 5179 5185
f 5187 5178 5179
f 5187 5179 5186
f 5171 5172 5173
f 5188 5177 5178
f 5188 5178 5187
f 5163 5176 5177
f 5163 5177 5188
f 5169 5170 5171
f 5164 5175 5176
f 5164 5176 5163
f 5168 5171 5173
f 5168 5169 5171
f 5165 5174 5175
f 5165 5175 5164
f 5166 5167 5168
f 5166 5173 5174
f 5166 5168 5173
f 5166 5174 5165
f 5210 5208 5207
f 5210 5209 5208
f 5211 5206 5205
f 5211 5207 5206
f 5211 5210 5207
f 5212 5211 5205
f 5213 5205 5204
f 5213 5212 5205
f 5197 5199 5198
f 5214 5204 5203
f 5214 5213 5204
f 5189 5203 5202
f 5189 5214 5203
f 5195 5197 5196
f 5190 5202 5201
f 5190 5189 5202
f 5194 5199 5197
f 5194 5197 5195
f 5191 5201 5200
f 5191 5190 5201
f 5192 5194 5193
f 5192 5200 5199
f 5192 5199 5194
f 5192 5191 5200

o support_1_fastener_2
usemtl mat_b8bdc2ff
v 2832.0000 -2838.0000 -100.0000
v 2832.1743 -2836.5641 -100.0000
v 2832.6873 -2835.2117 -100.0000
v 2833.5089 -2834.0213 -100.0000
v 2834.5916 -2833.0621 -100.0000
v 2835.8724 -2832.3899 -100.0000
v 2837.2768 -2832.0437 -100.0000
v 2838.7232 -2832.0437 -100.0000
v 2840.1276 -2832.3899 -100.0000
v 2841.4084 -2833.0621 -100.0000
v 2842.4911 -2834.0213 -100.0000
v 2843.3127 -2835.2117 -100.0000
v 2843.8256 -2836.5641 -100.0000
v 2844.0000 -2838.0000 -100.0000
v 2843.8256 -2839.4359 -100.0000
v 2843.3127 -2840.7883 -100.0000
v 2842.4911 -2841.9787 -100.0000
v 2841.4084 -2842.9379 -100.0000
v 2840.1276 -2843.6101 -100.0000
v 2838.7232 -2843.9563 -100.0000
v 2837.2768 -2843.9563 -100.0000
v 2835.8724 -2843.6101 -100.0000
v 2834.5916 -2842.9379 -100.0000
v 2833.5089 -2841.9787 -100.0000
v 2832.6873 -2840.7883 -100.0000
v 2832.1743 -2839.4359 -100.0000
v 2832.0000 -2838.0000 -100.0000
v 2832.0000 -2838.0000 12.0000
v 2832.0000 -2838.0000 12.0000
v 2832.1743 -2836.5641 12.0000
v 2832.6873 -2835.2117 12.0000
v 2833.5089 -2834.0213 12.0000
v 2834.5916 -2833.0621 12.0000
v 2835.8724 -2832.3899 12.0000
v 2837.2768 -2832.0437 12.0000
v 2838.7232 -2832.0437 12.0000
v 2840.1276 -2832.3899 12.0000
v 2841.4084 -2833.0621 12.0000
v 2842.4911 -2834.0213 12.0000
v 2843.3127 -2835.2117 12.0000
v 2843.8256 -2836.5641 12.0000
v 2844.0000 -2838.0000 12.0000
v 2843.8256 -2839.4359 12.0000
v 2843.3127 -2840.7883 12.0000
v 2842.4911 -2841.9787 12.0000
v 2841.4084 -2842.9379 12.0000
v 2840.1276 -2843.6101 12.0000
v 2838.7232 -2843.9563 12.0000
v 2837.2768 -2843.9563 12.0000
v 2835.8724 -2843.6101 12.0000
v 2834.5916 -2842.9379 12.0000
v 2833.5089 -2841.9787 12.0000
v 2832.6873 -2840.7883 12.0000
v 2832.1743 -2839.4359 12.0000
v 2832.0000 -2838.0000 -100.0000
v 2832.1743 -2836.5641 -100.0000
v 2832.6873 -2835.2117 -100.0000
v 2833.5089 -2834.0213 -100.0000
v 2834.5916 -2833.0621 -100.0000
v 2835.8724 -2832.3899 -100.0000
v 2837.2768 -2832.0437 -100.0000
v 2838.7232 -2832.0437 -100.0000
v 2840.1276 -2832.3899 -100.0000
v 2841.4084 -2833.0621 -100.0000
v 2842.4911 -2834.0213 -100.0000
v 2843.3127 -2835.2117 -100.0000
v 2843.8256 -2836.5641 -100.0000
v 2844.0000 -2838.0000 -100.0000
v 2843.8256 -2839.4359 -100.0000
v 2843.3127 -2840.7883 -100.0000
v 2842.4911 -2841.9787 -100.0000
v 2841.4084 -2842.9379 -100.0000
v 2840.1276 -2843.6101 -100.0000
v 2838.7232 -2843.9563 -100.0000
v 2837.2768 -2843.9563 -100.0000
v 2835.8724 -2843.6101 -100.0000
v 2834.5916 -2842.9379 -100.0000
v 2833.5089 -2841.9787 -100.0000
v 2832.6873 -2840.7883 -100.0000
v 2832.1743 -2839.4359 -100.0000
v 2832.0000 -2838.0000 12.0000
v 2832.1743 -2836.5641 12.0000
v 2832.6873 -2835.2117 12.0000
v 2833.5089 -2834.0213 12.0000
v 2834.5916 -2833.0621 12.0000
v 2835.8724 -2832.3899 12.0000
v 2837.2768 -2832.0437 12.0000
v 2838.7232 -2832.0437 12.0000
v 2840.1276 -2832.3899 12.0000
v 2841.4084 -2833.0621 12.0000
v 2842.4911 -2834.0213 12.0000
v 2843.3127 -2835.2117 12.0000
v 2843.8256 -2836.5641 12.0000
v 2844.0000 -2838.0000 12.0000
v 2843.8256 -2839.4359 12.0000
v 2843.3127 -2840.7883 12.0000
v 2842.4911 -2841.9787 12.0000
v 2841.4084 -2842.9379 12.0000
v 2840.1276 -2843.6101 12.0000
v 2838.7232 -2843.9563 12.0000
v 2837.2768 -2843.9563 12.0000
v 2835.8724 -2843.6101 12.0000
v 2834.5916 -2842.9379 12.0000
v 2833.5089 -2841.9787 12.0000
v 2832.6873 -2840.7883 12.0000
v 2832.1743 -2839.4359 12.0000
f 5215 5242 5244
f 5216 5244 5245
f 5216 5215 5244
f 5217 5216 5245
f 5218 5245 5246
f 5218 5246 5247
f 5218 5217 5245
f 5219 5218 5247
f 5220 5247 5248
f 5220 5219 5247
f 5221 5248 5249
f 5221 5249 5250
f 5221 5220 5248
f 5222 5221 5250
f 5223 5250 5251
f 5223 5222 5250
f 5224 5251 5252
f 5224 5223 5251
f 5225 5252 5253
f 5225 5224 5252
f 5226 5253 5254
f 5226 5225 5253
f 5227 5226 5254
f 5227 5254 5255
f 5228 5227 5255
f 5228 5255 5256
f 5229 5228 5256
f 5229 5256 5257
f 5230 5229 5257
f 5230 5257 5258
f 5231 5230 5258
f 5231 5258 5259
f 5231 5259 5260
f 5232 5231 5260
f 5233 5232 5260
f 5233 5260 5261
f 5234 5233 5261
f 5234 5261 5262
f 5234 5262 5263
f 5235 5234 5263
f 5235 5263 5264
f 5236 5235 5264
f 5236 5264 5265
f 5237 5236 5265
f 5238 5237 5265
f 5238 5265 5266
f 5239 5266 5267
f 5239 5238 5266
f 5240 5267 5268
f 5240 5239 5267
f 5241 5240 5268
f 5241 5268 5243
f 5290 5287 5288
f 5290 5288 5289
f 5291 5285 5286
f 5291 5286 5287
f 5291 5287 5290
f 5292 5285 5291
f 5293 5284 5285
f 5293 5285 5292
f 5277 5278 5279
f 5294 5283 5284
f 5294 5284 5293
f 5269 5282 5283
f 5269 5283 5294
f 5275 5276 5277
f 5270 5281 5282
f 5270 5282 5269
f 5274 5277 5279
f 5274 5275 5277
f 5271 5280 5281
f 5271 5281 5270
f 5272 5273 5274
f 5272 5279 5280
f 5272 5274 5279
f 5272 5280 5271
f 5316 5314 5313
f 5316 5315 5314
f 5317 5312 5311
f 5317 5313 5312
f 5317 5316 5313
f 5318 5317 5311
f 5319 5311 5310
f 5319 5318 5311
f 5303 5305 5304
f 5320 5310 5309
f 5320 5319 5310
f 5295 5309 5308
f 5295 5320 5309
f 5301 5303 5302
f 5296 5308 5307
f 5296 5295 5308
f 5300 5305 5303
f 5300 5303 5301
f 5297 5307 5306
f 5297 5296 5307
f 5298 5300 5299
f 5298 5306 5305
f 5298 5305 5300
f 5298 5297 5306

o support_1_fastener_3
usemtl mat_b8bdc2ff
v 2832.0000 -2942.0000 -100.0000
v 2832.1743 -2940.5641 -100.0000
v 2832.6873 -2939.2117 -100.0000
v 2833.5089 -2938.0213 -100.0000
v 2834.5916 -2937.0621 -100.0000
v 2835.8724 -2936.3899 -100.0000
v 2837.2768 -2936.0437 -100.0000
v 2838.7232 -2936.0437 -100.0000
v 2840.1276 -2936.3899 -100.0000
v 2841.4084 -2937.0621 -100.0000
v 2842.4911 -2938.0213 -100.0000
v 2843.3127 -2939.2117 -100.0000
v 2843.8256 -2940.5641 -100.0000
v 2844.0000 -2942.0000 -100.0000
v 2843.8256 -2943.4359 -100.0000
v 2843.3127 -2944.7883 -100.0000
v 2842.4911 -2945.9787 -100.0000
v 2841.4084 -2946.9379 -100.0000
v 2840.1276 -2947.6101 -100.0000
v 2838.7232 -2947.9563 -100.0000
v 2837.2768 -2947.9563 -100.0000
v 2835.8724 -2947.6101 -100.0000
v 2834.5916 -2946.9379 -100.0000
v 2833.5089 -2945.9787 -100.0000
v 2832.6873 -2944.7883 -100.0000
v 2832.1743 -2943.4359 -100.0000
v 2832.0000 -2942.0000 -100.0000
v 2832.0000 -2942.0000 12.0000
v 2832.0000 -2942.0000 12.0000
v 2832.1743 -2940.5641 12.0000
v 2832.6873 -2939.2117 12.0000
v 2833.5089 -2938.0213 12.0000
v 2834.5916 -2937.0621 12.0000
v 2835.8724 -2936.3899 12.0000
v 2837.2768 -2936.0437 12.0000
v 2838.7232 -2936.0437 12.0000
v 2840.1276 -2936.3899 12.0000
v 2841.4084 -2937.0621 12.0000
v 2842.4911 -2938.0213 12.0000
v 2843.3127 -2939.2117 12.0000
v 2843.8256 -2940.5641 12.0000
v 2844.0000 -2942.0000 12.0000
v 2843.8256 -2943.4359 12.0000
v 2843.3127 -2944.7883 12.0000
v 2842.4911 -2945.9787 12.0000
v 2841.4084 -2946.9379 12.0000
v 2840.1276 -2947.6101 12.0000
v 2838.7232 -2947.9563 12.0000
v 2837.2768 -2947.9563 12.0000
v 2835.8724 -2947.6101 12.0000
v 2834.5916 -2946.9379 12.0000
v 2833.5089 -2945.9787 12.0000
v 2832.6873 -2944.7883 12.0000
v 2832.1743 -2943.4359 12.0000
v 2832.0000 -2942.0000 -100.0000
v 2832.1743 -2940.5641 -100.0000
v 2832.6873 -2939.2117 -100.0000
v 2833.5089 -2938.0213 -100.0000
v 2834.5916 -2937.0621 -100.0000
v 2835.8724 -2936.3899 -100.0000
v 2837.2768 -2936.0437 -100.0000
v 2838.7232 -2936.0437 -100.0000
v 2840.1276 -2936.3899 -100.0000
v 2841.4084 -2937.0621 -100.0000
v 2842.4911 -2938.0213 -100.0000
v 2843.3127 -2939.2117 -100.0000
v 2843.8256 -2940.5641 -100.0000
v 2844.0000 -2942.0000 -100.0000
v 2843.8256 -2943.4359 -100.0000
v 2843.3127 -2944.7883 -100.0000
v 2842.4911 -2945.9787 -100.0000
v 2841.4084 -2946.9379 -100.0000
v 2840.1276 -2947.6101 -100.0000
v 2838.7232 -2947.9563 -100.0000
v 2837.2768 -2947.9563 -100.0000
v 2835.8724 -2947.6101 -100.0000
v 2834.5916 -2946.9379 -100.0000
v 2833.5089 -2945.9787 -100.0000
v 2832.6873 -2944.7883 -100.0000
v 2832.1743 -2943.4359 -100.0000
v 2832.0000 -2942.0000 12.0000
v 2832.1743 -2940.5641 12.0000
v 2832.6873 -2939.2117 12.0000
v 2833.5089 -2938.0213 12.0000
v 2834.5916 -2937.0621 12.0000
v 2835.8724 -2936.3899 12.0000
v 2837.2768 -2936.0437 12.0000
v 2838.7232 -2936.0437 12.0000
v 2840.1276 -2936.3899 12.0000
v 2841.4084 -2937.0621 12.0000
v 2842.4911 -2938.0213 12.0000
v 2843.3127 -2939.2117 12.0000
v 2843.8256 -2940.5641 12.0000
v 2844.0000 -2942.0000 12.0000
v 2843.8256 -2943.4359 12.0000
v 2843.3127 -2944.7883 12.0000
v 2842.4911 -2945.9787 12.0000
v 2841.4084 -2946.9379 12.0000
v 2840.1276 -2947.6101 12.0000
v 2838.7232 -2947.9563 12.0000
v 2837.2768 -2947.9563 12.0000
v 2835.8724 -2947.6101 12.0000
v 2834.5916 -2946.9379 12.0000
v 2833.5089 -2945.9787 12.0000
v 2832.6873 -2944.7883 12.0000
v 2832.1743 -2943.4359 12.0000
f 5321 5348 5350
f 5322 5350 5351
f 5322 5321 5350
f 5323 5322 5351
f 5324 5351 5352
f 5324 5352 5353
f 5324 5323 5351
f 5325 5324 5353
f 5326 5353 5354
f 5326 5325 5353
f 5327 5354 5355
f 5327 5355 5356
f 5327 5326 5354
f 5328 5327 5356
f 5329 5356 5357
f 5329 5328 5356
f 5330 5357 5358
f 5330 5329 5357
f 5331 5358 5359
f 5331 5330 5358
f 5332 5359 5360
f 5332 5331 5359
f 5333 5332 5360
f 5333 5360 5361
f 5334 5333 5361
f 5334 5361 5362
f 5335 5334 5362
f 5335 5362 5363
f 5336 5335 5363
f 5336 5363 5364
f 5337 5336 5364
f 5337 5364 5365
f 5337 5365 5366
f 5338 5337 5366
f 5339 5338 5366
f 5339 5366 5367
f 5340 5339 5367
f 5340 5367 5368
f 5340 5368 5369
f 5341 5340 5369
f 5341 5369 5370
f 5342 5341 5370
f 5342 5370 5371
f 5343 5342 5371
f 5344 5343 5371
f 5344 5371 5372
f 5345 5372 5373
f 5345 5344 5372
f 5346 5373 5374
f 5346 5345 5373
f 5347 5346 5374
f 5347 5374 5349
f 5396 5393 5394
f 5396 5394 5395
f 5397 5391 5392
f 5397 5392 5393
f 5397 5393 5396
f 5398 5391 5397
f 5399 5390 5391
f 5399 5391 5398
f 5383 5384 5385
f 5400 5389 5390
f 5400 5390 5399
f 5375 5388 5389
f 5375 5389 5400
f 5381 5382 5383
f 5376 5387 5388
f 5376 5388 5375
f 5380 5383 5385
f 5380 5381 5383
f 5377 5386 5387
f 5377 5387 5376
f 5378 5379 5380
f 5378 5385 5386
f 5378 5380 5385
f 5378 5386 5377
f 5422 5420 5419
f 5422 5421 5420
f 5423 5418 5417
f 5423 5419 5418
f 5423 5422 5419
f 5424 5423 5417
f 5425 5417 5416
f 5425 5424 5417
f 5409 5411 5410
f 5426 5416 5415
f 5426 5425 5416
f 5401 5415 5414
f 5401 5426 5415
f 5407 5409 5408
f 5402 5414 5413
f 5402 5401 5414
f 5406 5411 5409
f 5406 5409 5407
f 5403 5413 5412
f 5403 5402 5413
f 5404 5406 5405
f 5404 5412 5411
f 5404 5411 5406
f 5404 5403 5412

o support_1_fastener_4
usemtl mat_b8bdc2ff
v 2890.0000 -2822.1357 324.8675
v 2889.0427 -2822.2492 324.8927
v 2888.1411 -2822.5830 324.9667
v 2887.3475 -2823.1178 325.0853
v 2886.7081 -2823.8225 325.2415
v 2886.2599 -2824.6561 325.4263
v 2886.0292 -2825.5702 325.6289
v 2886.0292 -2826.5116 325.8376
v 2886.2599 -2827.4257 326.0403
v 2886.7081 -2828.2593 326.2251
v 2887.3475 -2828.9639 326.3813
v 2888.1411 -2829.4987 326.4999
v 2889.0427 -2829.8326 326.5739
v 2890.0000 -2829.9461 326.5990
v 2890.9573 -2829.8326 326.5739
v 2891.8589 -2829.4987 326.4999
v 2892.6525 -2828.9639 326.3813
v 2893.2919 -2828.2593 326.2251
v 2893.7401 -2827.4257 326.0403
v 2893.9708 -2826.5116 325.8376
v 2893.9708 -2825.5702 325.6289
v 2893.7401 -2824.6561 325.4263
v 2893.2919 -2823.8225 325.2415
v 2892.6525 -2823.1178 325.0853
v 2891.8589 -2822.5830 324.9667
v 2890.9573 -2822.2492 324.8927
v 2890.0000 -2822.1357 324.8675
v 2890.0000 -2861.0948 149.1342
v 2890.0000 -2861.0948 149.1342
v 2889.0427 -2861.2083 149.1594
v 2888.1411 -2861.5421 149.2334
v 2887.3475 -2862.0769 149.3520
v 2886.7081 -2862.7816 149.5082
v 2886.2599 -2863.6152 149.6930
v 2886.0292 -2864.5293 149.8956
v 2886.0292 -2865.4707 150.1044
v 2886.2599 -2866.3848 150.3070
v 2886.7081 -2867.2184 150.4918
v 2887.3475 -2867.9231 150.6480
v 2888.1411 -2868.4579 150.7666
v 2889.0427 -2868.7917 150.8406
v 2890.0000 -2868.9052 150.8658
v 2890.9573 -2868.7917 150.8406
v 2891.8589 -2868.4579 150.7666
v 2892.6525 -2867.9231 150.6480
v 2893.2919 -2867.2184 150.4918
v 2893.7401 -2866.3848 150.3070
v 2893.9708 -2865.4707 150.1044
v 2893.9708 -2864.5293 149.8956
v 2893.7401 -2863.6152 149.6930
v 2893.2919 -2862.7816 149.5082
v 2892.6525 -2862.0769 149.3520
v 2891.8589 -2861.5421 149.2334
v 2890.9573 -2861.2083 149.1594
v 2890.0000 -2822.1357 324.8675
v 2889.0427 -2822.2492 324.8927
v 2888.1411 -2822.5830 324.9667
v 2887.3475 -2823.1178 325.0853
v 2886.7081 -2823.8225 325.2415
v 2886.2599 -2824.6561 325.4263
v 2886.0292 -2825.5702 325.6289
v 2886.0292 -2826.5116 325.8376
v 2886.2599 -2827.4257 326.0403
v 2886.7081 -2828.2593 326.2251
v 2887.3475 -2828.9639 326.3813
v 2888.1411 -2829.4987 326.4999
v 2889.0427 -2829.8326 326.5739
v 2890.0000 -2829.9461 326.5990
v 2890.9573 -2829.8326 326.5739
v 2891.8589 -2829.4987 326.4999
v 2892.6525 -2828.9639 326.3813
v 2893.2919 -2828.2593 326.2251
v 2893.7401 -2827.4257 326.0403
v 2893.9708 -2826.5116 325.8376
v 2893.9708 -2825.5702 325.6289
v 2893.7401 -2824.6561 325.4263
v 2893.2919 -2823.8225 325.2415
v 2892.6525 -2823.1178 325.0853
v 2891.8589 -2822.5830 324.9667
v 2890.9573 -2822.2492 324.8927
v 2890.0000 -2861.0948 149.1342
v 2889.0427 -2861.2083 149.1594
v 2888.1411 -2861.5421 149.2334
v 2887.3475 -2862.0769 149.3520
v 2886.7081 -2862.7816 149.5082
v 2886.2599 -2863.6152 149.6930
v 2886.0292 -2864.5293 149.8956
v 2886.0292 -2865.4707 150.1044
v 2886.2599 -2866.3848 150.3070
v 2886.7081 -2867.2184 150.4918
v 2887.3475 -2867.9231 150.6480
v 2888.1411 -2868.4579 150.7666
v 2889.0427 -2868.7917 150.8406
v 2890.0000 -2868.9052 150.8658
v 2890.9573 -2868.7917 150.8406
v 2891.8589 -2868.4579 150.7666
v 2892.6525 -2867.9231 150.6480
v 2893.2919 -2867.2184 150.4918
v 2893.7401 -2866.3848 150.3070
v 2893.9708 -2865.4707 150.1044
v 2893.9708 -2864.5293 149.8956
v 2893.7401 -2863.6152 149.6930
v 2893.2919 -2862.7816 149.5082
v 2892.6525 -2862.0769 149.3520
v 2891.8589 -2861.5421 149.2334
v 2890.9573 -2861.2083 149.1594
f 5428 5427 5454
f 5428 5454 5456
f 5429 5456 5457
f 5429 5457 5458
f 5429 5428 5456
f 5430 5429 5458
f 5431 5458 5459
f 5431 5430 5458
f 5432 5459 5460
f 5432 5431 5459
f 5433 5460 5461
f 5433 5432 5460
f 5434 5461 5462
f 5434 5433 5461
f 5435 5462 5463
f 5435 5463 5464
f 5435 5434 5462
f 5436 5435 5464
f 5437 5464 5465
f 5437 5436 5464
f 5438 5465 5466
f 5438 5437 5465
f 5439 5438 5466
f 5439 5466 5467
f 5440 5439 5467
f 5440 5467 5468
f 5440 5468 5469
f 5441 5440 5469
f 5442 5441 5469
f 5442 5469 5470
f 5443 5442 5470
f 5443 5470 5471
f 5444 5443 5471
f 5444 5471 5472
f 5445 5444 5472
f 5445 5472 5473
f 5446 5445 5473
f 5446 5473 5474
f 5446 5474 5475
f 5447 5446 5475
f 5448 5447 5475
f 5448 5475 5476
f 5449 5448 5476
f 5449 5476 5477
f 5450 5449 5477
f 5450 5477 5478
f 5451 5478 5479
f 5451 5450 5478
f 5452 5479 5480
f 5452 5451 5479
f 5453 5452 5480
f 5453 5480 5455
f 5502 5499 5500
f 5502 5500 5501
f 5503 5497 5498
f 5503 5498 5499
f 5503 5499 5502
f 5504 5497 5503
f 5505 5496 5497
f 5505 5497 5504
f 5506 5495 5496
f 5506 5496 5505
f 5481 5494 5495
f 5481 5495 5506
f 5482 5493 5494
f 5482 5494 5481
f 5486 5487 5488
f 5486 5488 5489
f 5483 5491 5492
f 5483 5492 5493
f 5483 5493 5482
f 5485 5489 5490
f 5485 5486 5489
f 5484 5490 5491
f 5484 5491 5483
f 5484 5485 5490
f 5527 5526 5525
f 5528 5527 5525
f 5529 5525 5524
f 5529 5528 5525
f 5530 5524 5523
f 5530 5529 5524
f 5531 5523 5522
f 5531 5530 5523
f 5532 5521 5520
f 5532 5522 5521
f 5532 5531 5522
f 5507 5532 5520
f 5513 5515 5514
f 5508 5520 5519
f 5508 5507 5520
f 5512 5515 5513
f 5509 5519 5518
f 5509 5508 5519
f 5511 5516 5515
f 5511 5515 5512
f 5510 5517 5516
f 5510 5518 5517
f 5510 5509 5518
f 5510 5516 5511

o support_1_fastener_5
usemtl mat_b8bdc2ff
v 2838.5380 -2921.9796 326.4875
v 2838.4043 -2921.0279 326.5673
v 2838.0501 -2920.1316 326.5987
v 2837.4960 -2919.3427 326.5797
v 2836.7741 -2918.7070 326.5116
v 2835.9264 -2918.2615 326.3982
v 2835.0022 -2918.0321 326.2462
v 2834.0552 -2918.0321 326.0644
v 2833.1405 -2918.2615 325.8633
v 2832.3111 -2918.7070 325.6547
v 2831.6153 -2919.3427 325.4507
v 2831.0935 -2920.1316 325.2630
v 2830.7761 -2921.0279 325.1027
v 2830.6815 -2921.9796 324.9791
v 2830.8152 -2922.9312 324.8993
v 2831.1694 -2923.8275 324.8679
v 2831.7236 -2924.6165 324.8869
v 2832.4454 -2925.2522 324.9550
v 2833.2931 -2925.6977 325.0683
v 2834.2173 -2925.9271 325.2204
v 2835.1643 -2925.9271 325.4022
v 2836.0791 -2925.6977 325.6032
v 2836.9084 -2925.2522 325.8119
v 2837.6042 -2924.6165 326.0159
v 2838.1260 -2923.8275 326.2035
v 2838.4434 -2922.9312 326.3638
v 2838.5380 -2921.9796 326.4875
v 2872.2776 -2902.5000 150.7542
v 2872.2776 -2902.5000 150.7542
v 2872.1439 -2901.5484 150.8340
v 2871.7897 -2900.6520 150.8654
v 2871.2356 -2899.8631 150.8464
v 2870.5137 -2899.2274 150.7783
v 2869.6660 -2898.7819 150.6649
v 2868.7418 -2898.5525 150.5129
v 2867.7948 -2898.5525 150.3311
v 2866.8801 -2898.7819 150.1300
v 2866.0507 -2899.2274 149.9214
v 2865.3549 -2899.8631 149.7174
v 2864.8331 -2900.6520 149.5298
v 2864.5157 -2901.5484 149.3695
v 2864.4211 -2902.5000 149.2458
v 2864.5548 -2903.4516 149.1660
v 2864.9090 -2904.3480 149.1346
v 2865.4631 -2905.1369 149.1536
v 2866.1850 -2905.7726 149.2217
v 2867.0327 -2906.2181 149.3351
v 2867.9569 -2906.4475 149.4871
v 2868.9039 -2906.4475 149.6689
v 2869.8187 -2906.2181 149.8700
v 2870.6480 -2905.7726 150.0786
v 2871.3438 -2905.1369 150.2826
v 2871.8656 -2904.3480 150.4702
v 2872.1830 -2903.4516 150.6305
v 2838.5380 -2921.9796 326.4875
v 2838.4043 -2921.0279 326.5673
v 2838.0501 -2920.1316 326.5987
v 2837.4960 -2919.3427 326.5797
v 2836.7741 -2918.7070 326.5116
v 2835.9264 -2918.2615 326.3982
v 2835.0022 -2918.0321 326.2462
v 2834.0552 -2918.0321 326.0644
v 2833.1405 -2918.2615 325.8633
v 2832.3111 -2918.7070 325.6547
v 2831.6153 -2919.3427 325.4507
v 2831.0935 -2920.1316 325.2630
v 2830.7761 -2921.0279 325.1027
v 2830.6815 -2921.9796 324.9791
v 2830.8152 -2922.9312 324.8993
v 2831.1694 -2923.8275 324.8679
v 2831.7236 -2924.6165 324.8869
v 2832.4454 -2925.2522 324.9550
v 2833.2931 -2925.6977 325.0683
v 2834.2173 -2925.9271 325.2204
v 2835.1643 -2925.9271 325.4022
v 2836.0791 -2925.6977 325.6032
v 2836.9084 -2925.2522 325.8119
v 2837.6042 -2924.6165 326.0159
v 2838.1260 -2923.8275 326.2035
v 2838.4434 -2922.9312 326.3638
v 2872.2776 -2902.5000 150.7542
v 2872.1439 -2901.5484 150.8340
v 2871.7897 -2900.6520 150.8654
v 2871.2356 -2899.8631 150.8464
v 2870.5137 -2899.2274 150.7783
v 2869.6660 -2898.7819 150.6649
v 2868.7418 -2898.5525 150.5129
v 2867.7948 -2898.5525 150.3311
v 2866.8801 -2898.7819 150.1300
v 2866.0507 -2899.2274 149.9214
v 2865.3549 -2899.8631 149.7174
v 2864.8331 -2900.6520 149.5298
v 2864.5157 -2901.5484 149.3695
v 2864.4211 -2902.5000 149.2458
v 2864.5548 -2903.4516 149.1660
v 2864.9090 -2904.3480 149.1346
v 2865.4631 -2905.1369 149.1536
v 2866.1850 -2905.7726 149.2217
v 2867.0327 -2906.2181 149.3351
v 2867.9569 -2906.4475 149.4871
v 2868.9039 -2906.4475 149.6689
v 2869.8187 -2906.2181 149.8700
v 2870.6480 -2905.7726 150.0786
v 2871.3438 -2905.1369 150.2826
v 2871.8656 -2904.3480 150.4702
v 2872.1830 -2903.4516 150.6305
f 5534 5533 5560
f 5534 5560 5562
f 5535 5562 5563
f 5535 5563 5564
f 5535 5534 5562
f 5536 5535 5564
f 5537 5564 5565
f 5537 5536 5564
f 5538 5565 5566
f 5538 5537 5565
f 5539 5566 5567
f 5539 5538 5566
f 5540 5567 5568
f 5540 5539 5567
f 5541 5568 5569
f 5541 5569 5570
f 5541 5540 5568
f 5542 5541 5570
f 5543 5570 5571
f 5543 5542 5570
f 5544 5571 5572
f 5544 5543 5571
f 5545 5544 5572
f 5545 5572 5573
f 5546 5545 5573
f 5546 5573 5574
f 5546 5574 5575
f 5547 5546 5575
f 5548 5547 5575
f 5548 5575 5576
f 5549 5548 5576
f 5549 5576 5577
f 5550 5549 5577
f 5550 5577 5578
f 5551 5550 5578
f 5551 5578 5579
f 5552 5551 5579
f 5552 5579 5580
f 5552 5580 5581
f 5553 5552 5581
f 5554 5553 5581
f 5554 5581 5582
f 5555 5554 5582
f 5555 5582 5583
f 5556 5555 5583
f 5556 5583 5584
f 5557 5584 5585
f 5557 5556 5584
f 5558 5585 5586
f 5558 5557 5585
f 5559 5558 5586
f 5559 5586 5561
f 5599 5600 5601
f 5599 5601 5602
f 5597 5598 5599
f 5597 5602 5603
f 5597 5603 5604
f 5597 5599 5602
f 5596 5604 5605
f 5596 5597 5604
f 5595 5596 5605
f 5594 5605 5606
f 5594 5595 5605
f 5593 5606 5607
f 5593 5594 5606
f 5588 5611 5612
f 5588 5612 5587
f 5592 5607 5608
f 5592 5593 5607
f 5591 5592 5608
f 5590 5588 5589
f 5590 5608 5609
f 5590 5609 5610
f 5590 5610 5611
f 5590 5611 5588
f 5590 5591 5608
f 5624 5626 5625
f 5624 5627 5626
f 5624 5628 5627
f 5623 5629 5628
f 5623 5628 5624
f 5622 5630 5629
f 5622 5631 5630
f 5622 5629 5623
f 5621 5631 5622
f 5620 5632 5631
f 5620 5631 5621
f 5619 5633 5632
f 5619 5632 5620
f 5614 5638 5637
f 5614 5613 5638
f 5618 5634 5633
f 5618 5633 5619
f 5616 5615 5614
f 5616 5618 5617
f 5616 5635 5634
f 5616 5636 5635
f 5616 5637 5636
f 5616 5614 5637
f 5616 5634 5618

o support_1_fastener_6
usemtl mat_b8bdc2ff
v 2949.3185 -2921.9796 324.9791
v 2949.2239 -2921.0279 325.1027
v 2948.9065 -2920.1316 325.2630
v 2948.3847 -2919.3427 325.4507
v 2947.6889 -2918.7070 325.6547
v 2946.8595 -2918.2615 325.8633
v 2945.9448 -2918.0321 326.0644
v 2944.9978 -2918.0321 326.2462
v 2944.0736 -2918.2615 326.3982
v 2943.2259 -2918.7070 326.5116
v 2942.5040 -2919.3427 326.5797
v 2941.9499 -2920.1316 326.5987
v 2941.5957 -2921.0279 326.5673
v 2941.4620 -2921.9796 326.4875
v 2941.5566 -2922.9312 326.3638
v 2941.8740 -2923.8275 326.2035
v 2942.3958 -2924.6165 326.0159
v 2943.0916 -2925.2522 325.8119
v 2943.9209 -2925.6977 325.6032
v 2944.8357 -2925.9271 325.4022
v 2945.7827 -2925.9271 325.2204
v 2946.7069 -2925.6977 325.0683
v 2947.5546 -2925.2522 324.9550
v 2948.2764 -2924.6165 324.8869
v 2948.8306 -2923.8275 324.8679
v 2949.1848 -2922.9312 324.8993
v 2949.3185 -2921.9796 324.9791
v 2915.5789 -2902.5000 149.2458
v 2915.5789 -2902.5000 149.2458
v 2915.4843 -2901.5484 149.3695
v 2915.1669 -2900.6520 149.5298
v 2914.6451 -2899.8631 149.7174
v 2913.9493 -2899.2274 149.9214
v 2913.1199 -2898.7819 150.1300
v 2912.2052 -2898.5525 150.3311
v 2911.2582 -2898.5525 150.5129
v 2910.3340 -2898.7819 150.6649
v 2909.4863 -2899.2274 150.7783
v 2908.7644 -2899.8631 150.8464
v 2908.2103 -2900.6520 150.8654
v 2907.8561 -2901.5484 150.8340
v 2907.7224 -2902.5000 150.7542
v 2907.8170 -2903.4516 150.6305
v 2908.1344 -2904.3480 150.4702
v 2908.6562 -2905.1369 150.2826
v 2909.3520 -2905.7726 150.0786
v 2910.1813 -2906.2181 149.8700
v 2911.0961 -2906.4475 149.6689
v 2912.0431 -2906.4475 149.4871
v 2912.9673 -2906.2181 149.3351
v 2913.8150 -2905.7726 149.2217
v 2914.5369 -2905.1369 149.1536
v 2915.0910 -2904.3480 149.1346
v 2915.4452 -2903.4516 149.1660
v 2949.3185 -2921.9796 324.9791
v 2949.2239 -2921.0279 325.1027
v 2948.9065 -2920.1316 325.2630
v 2948.3847 -2919.3427 325.4507
v 2947.6889 -2918.7070 325.6547
v 2946.8595 -2918.2615 325.8633
v 2945.9448 -2918.0321 326.0644
v 2944.9978 -2918.0321 326.2462
v 2944.0736 -2918.2615 326.3982
v 2943.2259 -2918.7070 326.5116
v 2942.5040 -2919.3427 326.5797
v 2941.9499 -2920.1316 326.5987
v 2941.5957 -2921.0279 326.5673
v 2941.4620 -2921.9796 326.4875
v 2941.5566 -2922.9312 326.3638
v 2941.8740 -2923.8275 326.2035
v 2942.3958 -2924.6165 326.0159
v 2943.0916 -2925.2522 325.8119
v 2943.9209 -2925.6977 325.6032
v 2944.8357 -2925.9271 325.4022
v 2945.7827 -2925.9271 325.2204
v 2946.7069 -2925.6977 325.0683
v 2947.5546 -2925.2522 324.9550
v 2948.2764 -2924.6165 324.8869
v 2948.8306 -2923.8275 324.8679
v 2949.1848 -2922.9312 324.8993
v 2915.5789 -2902.5000 149.2458
v 2915.4843 -2901.5484 149.3695
v 2915.1669 -2900.6520 149.5298
v 2914.6451 -2899.8631 149.7174
v 2913.9493 -2899.2274 149.9214
v 2913.1199 -2898.7819 150.1300
v 2912.2052 -2898.5525 150.3311
v 2911.2582 -2898.5525 150.5129
v 2910.3340 -2898.7819 150.6649
v 2909.4863 -2899.2274 150.7783
v 2908.7644 -2899.8631 150.8464
v 2908.2103 -2900.6520 150.8654
v 2907.8561 -2901.5484 150.8340
v 2907.7224 -2902.5000 150.7542
v 2907.8170 -2903.4516 150.6305
v 2908.1344 -2904.3480 150.4702
v 2908.6562 -2905.1369 150.2826
v 2909.3520 -2905.7726 150.0786
v 2910.1813 -2906.2181 149.8700
v 2911.0961 -2906.4475 149.6689
v 2912.0431 -2906.4475 149.4871
v 2912.9673 -2906.2181 149.3351
v 2913.8150 -2905.7726 149.2217
v 2914.5369 -2905.1369 149.1536
v 2915.0910 -2904.3480 149.1346
v 2915.4452 -2903.4516 149.1660
f 5640 5639 5666
f 5640 5666 5668
f 5641 5668 5669
f 5641 5669 5670
f 5641 5640 5668
f 5642 5641 5670
f 5643 5670 5671
f 5643 5642 5670
f 5644 5671 5672
f 5644 5643 5671
f 5645 5672 5673
f 5645 5644 5672
f 5646 5673 5674
f 5646 5645 5673
f 5647 5674 5675
f 5647 5675 5676
f 5647 5646 5674
f 5648 5647 5676
f 5649 5676 5677
f 5649 5648 5676
f 5650 5677 5678
f 5650 5649 5677
f 5651 5650 5678
f 5651 5678 5679
f 5652 5651 5679
f 5652 5679 5680
f 5652 5680 5681
f 5653 5652 5681
f 5654 5653 5681
f 5654 5681 5682
f 5655 5654 5682
f 5655 5682 5683
f 5656 5655 5683
f 5656 5683 5684
f 5657 5656 5684
f 5657 5684 5685
f 5658 5657 5685
f 5658 5685 5686
f 5658 5686 5687
f 5659 5658 5687
f 5660 5659 5687
f 5660 5687 5688
f 5661 5660 5688
f 5661 5688 5689
f 5662 5661 5689
f 5662 5689 5690
f 5663 5690 5691
f 5663 5662 5690
f 5664 5691 5692
f 5664 5663 5691
f 5665 5664 5692
f 5665 5692 5667
f 5705 5706 5707
f 5705 5707 5708
f 5703 5704 5705
f 5703 5708 5709
f 5703 5709 5710
f 5703 5705 5708
f 5702 5710 5711
f 5702 5703 5710
f 5701 5702 5711
f 5700 5711 5712
f 5700 5701 5711
f 5699 5712 5713
f 5699 5700 5712
f 5694 5717 5718
f 5694 5718 5693
f 5698 5713 5714
f 5698 5699 5713
f 5697 5698 5714
f 5696 5694 5695
f 5696 5714 5715
f 5696 5715 5716
f 5696 5716 5717
f 5696 5717 5694
f 5696 5697 5714
f 5730 5732 5731
f 5730 5733 5732
f 5730 5734 5733
f 5729 5735 5734
f 5729 5734 5730
f 5728 5736 5735
f 5728 5737 5736
f 5728 5735 5729
f 5727 5737 5728
f 5726 5738 5737
f 5726 5737 5727
f 5725 5739 5738
f 5725 5738 5726
f 5720 5744 5743
f 5720 5719 5744
f 5724 5740 5739
f 5724 5739 5725
f 5722 5721 5720
f 5722 5724 5723
f 5722 5741 5740
f 5722 5742 5741
f 5722 5743 5742
f 5722 5720 5743
f 5722 5740 5724

o support_2_fastener_0
usemtl mat_b8bdc2ff
v 2942.0000 2936.0000 -100.0000
v 2940.5641 2936.1743 -100.0000
v 2939.2117 2936.6873 -100.0000
v 2938.0213 2937.5089 -100.0000
v 2937.0621 2938.5916 -100.0000
v 2936.3899 2939.8724 -100.0000
v 2936.0437 2941.2768 -100.0000
v 2936.0437 2942.7232 -100.0000
v 2936.3899 2944.1276 -100.0000
v 2937.0621 2945.4084 -100.0000
v 2938.0213 2946.4911 -100.0000
v 2939.2117 2947.3127 -100.0000
v 2940.5641 2947.8256 -100.0000
v 2942.0000 2948.0000 -100.0000
v 2943.4359 2947.8256 -100.0000
v 2944.7883 2947.3127 -100.0000
v 2945.9787 2946.4911 -100.0000
v 2946.9379 2945.4084 -100.0000
v 2947.6101 2944.1276 -100.0000
v 2947.9563 2942.7232 -100.0000
v 2947.9563 2941.2768 -100.0000
v 2947.6101 2939.8724 -100.0000
v 2946.9379 2938.5916 -100.0000
v 2945.9787 2937.5089 -100.0000
v 2944.7883 2936.6873 -100.0000
v 2943.4359 2936.1743 -100.0000
v 2942.0000 2936.0000 -100.0000
v 2942.0000 2936.0000 12.0000
v 2942.0000 2936.0000 12.0000
v 2940.5641 2936.1743 12.0000
v 2939.2117 2936.6873 12.0000
v 2938.0213 2937.5089 12.0000
v 2937.0621 2938.5916 12.0000
v 2936.3899 2939.8724 12.0000
v 2936.0437 2941.2768 12.0000
v 2936.0437 2942.7232 12.0000
v 2936.3899 2944.1276 12.0000
v 2937.0621 2945.4084 12.0000
v 2938.0213 2946.4911 12.0000
v 2939.2117 2947.3127 12.0000
v 2940.5641 2947.8256 12.0000
v 2942.0000 2948.0000 12.0000
v 2943.4359 2947.8256 12.0000
v 2944.7883 2947.3127 12.0000
v 2945.9787 2946.4911 12.0000
v 2946.9379 2945.4084 12.0000
v 2947.6101 2944.1276 12.0000
v 2947.9563 2942.7232 12.0000
v 2947.9563 2941.2768 12.0000
v 2947.6101 2939.8724 12.0000
v 2946.9379 2938.5916 12.0000
v 2945.9787 2937.5089 12.0000
v 2944.7883 2936.6873 12.0000
v 2943.4359 2936.1743 12.0000
v 2942.0000 2936.0000 -100.0000
v 2940.5641 2936.1743 -100.0000
v 2939.2117 2936.6873 -100.0000
v 2938.0213 2937.5089 -100.0000
v 2937.0621 2938.5916 -100.0000
v 2936.3899 2939.8724 -100.0000
v 2936.0437 2941.2768 -100.0000
v 2936.0437 2942.7232 -100.0000
v 2936.3899 2944.1276 -100.0000
v 2937.0621 2945.4084 -100.0000
v 2938.0213 2946.4911 -100.0000
v 2939.2117 2947.3127 -100.0000
v 2940.5641 2947.8256 -100.0000
v 2942.0000 2948.0000 -100.0000
v 2943.4359 2947.8256 -100.0000
v 2944.7883 2947.3127 -100.0000
v 2945.9787 2946.4911 -100.0000
v 2946.9379 2945.4084 -100.0000
v 2947.6101 2944.1276 -100.0000
v 2947.9563 2942.7232 -100.0000
v 2947.9563 2941.2768 -100.0000
v 2947.6101 2939.8724 -100.0000
v 2946.9379 2938.5916 -100.0000
v 2945.9787 2937.5089 -100.0000
v 2944.7883 2936.6873 -100.0000
v 2943.4359 2936.1743 -100.0000
v 2942.0000 2936.0000 12.0000
v 2940.5641 2936.1743 12.0000
v 2939.2117 2936.6873 12.0000
v 2938.0213 2937.5089 12.0000
v 2937.0621 2938.5916 12.0000
v 2936.3899 2939.8724 12.0000
v 2936.0437 2941.2768 12.0000
v 2936.0437 2942.7232 12.0000
v 2936.3899 2944.1276 12.0000
v 2937.0621 2945.4084 12.0000
v 2938.0213 2946.4911 12.0000
v 2939.2117 2947.3127 12.0000
v 2940.5641 2947.8256 12.0000
v 2942.0000 2948.0000 12.0000
v 2943.4359 2947.8256 12.0000
v 2944.7883 2947.3127 12.0000
v 2945.9787 2946.4911 12.0000
v 2946.9379 2945.4084 12.0000
v 2947.6101 2944.1276 12.0000
v 2947.9563 2942.7232 12.0000
v 2947.9563 2941.2768 12.0000
v 2947.6101 2939.8724 12.0000
v 2946.9379 2938.5916 12.0000
v 2945.9787 2937.5089 12.0000
v 2944.7883 2936.6873 12.0000
v 2943.4359 2936.1743 12.0000
f 5745 5772 5774
f 5746 5774 5775
f 5746 5745 5774
f 5747 5746 5775
f 5748 5775 5776
f 5748 5776 5777
f 5748 5747 5775
f 5749 5748 5777
f 5750 5777 5778
f 5750 5749 5777
f 5751 5778 5779
f 5751 5779 5780
f 5751 5750 5778
f 5752 5751 5780
f 5753 5780 5781
f 5753 5752 5780
f 5754 5781 5782
f 5754 5753 5781
f 5755 5782 5783
f 5755 5754 5782
f 5756 5783 5784
f 5756 5755 5783
f 5757 5756 5784
f 5757 5784 5785
f 5758 5757 5785
f 5758 5785 5786
f 5759 5758 5786
f 5759 5786 5787
f 5760 5759 5787
f 5760 5787 5788
f 5761 5760 5788
f 5761 5788 5789
f 5761 5789 5790
f 5762 5761 5790
f 5763 5762 5790
f 5763 5790 5791
f 5764 5763 5791
f 5764 5791 5792
f 5764 5792 5793
f 5765 5764 5793
f 5765 5793 5794
f 5766 5765 5794
f 5766 5794 5795
f 5767 5766 5795
f 5768 5767 5795
f 5768 5795 5796
f 5769 5796 5797
f 5769 5768 5796
f 5770 5797 5798
f 5770 5769 5797
f 5771 5770 5798
f 5771 5798 5773
f 5820 5817 5818
f 5820 5818 5819
f 5821 5815 5816
f 5821 5816 5817
f 5821 5817 5820
f 5822 5815 5821
f 5823 5814 5815
f 5823 5815 5822
f 5807 5808 5809
f 5824 5813 5814
f 5824 5814 5823
f 5799 5812 5813
f 5799 5813 5824
f 5805 5806 5807
f 5800 5811 5812
f 5800 5812 5799
f 5804 5807 5809
f 5804 5805 5807
f 5801 5810 5811
f 5801 5811 5800
f 5802 5803 5804
f 5802 5809 5810
f 5802 5804 5809
f 5802 5810 5801
f 5846 5844 5843
f 5846 5845 5844
f 5847 5842 5841
f 5847 5843 5842
f 5847 5846 5843
f 5848 5847 5841
f 5849 5841 5840
f 5849 5848 5841
f 5833 5835 5834
f 5850 5840 5839
f 5850 5849 5840
f 5825 5839 5838
f 5825 5850 5839
f 5831 5833 5832
f 5826 5838 5837
f 5826 5825 5838
f 5830 5835 5833
f 5830 5833 5831
f 5827 5837 5836
f 5827 5826 5837
f 5828 5830 5829
f 5828 5836 5835
f 5828 5835 5830
f 5828 5827 5836

o support_2_fastener_1
usemtl mat_b8bdc2ff
v 2838.0000 2936.0000 -100.0000
v 2836.5641 2936.1743 -100.0000
v 2835.2117 2936.6873 -100.0000
v 2834.0213 2937.5089 -100.0000
v 2833.0621 2938.5916 -100.0000
v 2832.3899 2939.8724 -100.0000
v 2832.0437 2941.2768 -100.0000
v 2832.0437 2942.7232 -100.0000
v 2832.3899 2944.1276 -100.0000
v 2833.0621 2945.4084 -100.0000
v 2834.0213 2946.4911 -100.0000
v 2835.2117 2947.3127 -100.0000
v 2836.5641 2947.8256 -100.0000
v 2838.0000 2948.0000 -100.0000
v 2839.4359 2947.8256 -100.0000
v 2840.7883 2947.3127 -100.0000
v 2841.9787 2946.4911 -100.0000
v 2842.9379 2945.4084 -100.0000
v 2843.6101 2944.1276 -100.0000
v 2843.9563 2942.7232 -100.0000
v 2843.9563 2941.2768 -100.0000
v 2843.6101 2939.8724 -100.0000
v 2842.9379 2938.5916 -100.0000
v 2841.9787 2937.5089 -100.0000
v 2840.7883 2936.6873 -100.0000
v 2839.4359 2936.1743 -100.0000
v 2838.0000 2936.0000 -100.0000
v 2838.0000 2936.0000 12.0000
v 2838.0000 2936.0000 12.0000
v 2836.5641 2936.1743 12.0000
v 2835.2117 2936.6873 12.0000
v 2834.0213 2937.5089 12.0000
v 2833.0621 2938.5916 12.0000
v 2832.3899 2939.8724 12.0000
v 2832.0437 2941.2768 12.0000
v 2832.0437 2942.7232 12.0000
v 2832.3899 2944.1276 12.0000
v 2833.0621 2945.4084 12.0000
v 2834.0213 2946.4911 12.0000
v 2835.2117 2947.3127 12.0000
v 2836.5641 2947.8256 12.0000
v 2838.0000 2948.0000 12.0000
v 2839.4359 2947.8256 12.0000
v 2840.7883 2947.3127 12.0000
v 2841.9787 2946.4911 12.0000
v 2842.9379 2945.4084 12.0000
v 2843.6101 2944.1276 12.0000
v 2843.9563 2942.7232 12.0000
v 2843.9563 2941.2768 12.0000
v 2843.6101 2939.8724 12.0000
v 2842.9379 2938.5916 12.0000
v 2841.9787 2937.5089 12.0000
v 2840.7883 2936.6873 12.0000
v 2839.4359 2936.1743 12.0000
v 2838.0000 2936.0000 -100.0000
v 2836.5641 2936.1743 -100.0000
v 2835.2117 2936.6873 -100.0000
v 2834.0213 2937.5089 -100.0000
v 2833.0621 2938.5916 -100.0000
v 2832.3899 2939.8724 -100.0000
v 2832.0437 2941.2768 -100.0000
v 2832.0437 2942.7232 -100.0000
v 2832.3899 2944.1276 -100.0000
v 2833.0621 2945.4084 -100.0000
v 2834.0213 2946.4911 -100.0000
v 2835.2117 2947.3127 -100.0000
v 2836.5641 2947.8256 -100.0000
v 2838.0000 2948.0000 -100.0000
v 2839.4359 2947.8256 -100.0000
v 2840.7883 2947.3127 -100.0000
v 2841.9787 2946.4911 -100.0000
v 2842.9379 2945.4084 -100.0000
v 2843.6101 2944.1276 -100.0000
v 2843.9563 2942.7232 -100.0000
v 2843.9563 2941.2768 -100.0000
v 2843.6101 2939.8724 -100.0000
v 2842.9379 2938.5916 -100.0000
v 2841.9787 2937.5089 -100.0000
v 2840.7883 2936.6873 -100.0000
v 2839.4359 2936.1743 -100.0000
v 2838.0000 2936.0000 12.0000
v 2836.5641 2936.1743 12.0000
v 2835.2117 2936.6873 12.0000
v 2834.0213 2937.5089 12.0000
v 2833.0621 2938.5916 12.0000
v 2832.3899 2939.8724 12.0000
v 2832.0437 2941.2768 12.0000
v 2832.0437 2942.7232 12.0000
v 2832.3899 2944.1276 12.0000
v 2833.0621 2945.4084 12.0000
v 2834.0213 2946.4911 12.0000
v 2835.2117 2947.3127 12.0000
v 2836.5641 2947.8256 12.0000
v 2838.0000 2948.0000 12.0000
v 2839.4359 2947.8256 12.0000
v 2840.7883 2947.3127 12.0000
v 2841.9787 2946.4911 12.0000
v 2842.9379 2945.4084 12.0000
v 2843.6101 2944.1276 12.0000
v 2843.9563 2942.7232 12.0000
v 2843.9563 2941.2768 12.0000
v 2843.6101 2939.8724 12.0000
v 2842.9379 2938.5916 12.0000
v 2841.9787 2937.5089 12.0000
v 2840.7883 2936.6873 12.0000
v 2839.4359 2936.1743 12.0000
f 5851 5878 5880
f 5852 5880 5881
f 5852 5851 5880
f 5853 5852 5881
f 5854 5881 5882
f 5854 5882 5883
f 5854 5853 5881
f 5855 5854 5883
f 5856 5883 5884
f 5856 5855 5883
f 5857 5884 5885
f 5857 5885 5886
f 5857 5856 5884
f 5858 5857 5886
f 5859 5886 5887
f 5859 5858 5886
f 5860 5887 5888
f 5860 5859 5887
f 5861 5888 5889
f 5861 5860 5888
f 5862 5889 5890
f 5862 5861 5889
f 5863 5862 5890
f 5863 5890 5891
f 5864 5863 5891
f 5864 5891 5892
f 5865 5864 5892
f 5865 5892 5893
f 5866 5865 5893
f 5866 5893 5894
f 5867 5866 5894
f 5867 5894 5895
f 5867 5895 5896
f 5868 5867 5896
f 5869 5868 5896
f 5869 5896 5897
f 5870 5869 5897
f 5870 5897 5898
f 5870 5898 5899
f 5871 5870 5899
f 5871 5899 5900
f 5872 5871 5900
f 5872 5900 5901
f 5873 5872 5901
f 5874 5873 5901
f 5874 5901 5902
f 5875 5902 5903
f 5875 5874 5902
f 5876 5903 5904
f 5876 5875 5903
f 5877 5876 5904
f 5877 5904 5879
f 5926 5923 5924
f 5926 5924 5925
f 5927 5921 5922
f 5927 5922 5923
f 5927 5923 5926
f 5928 5921 5927
f 5929 5920 5921
f 5929 5921 5928
f 5913 5914 5915
f 5930 5919 5920
f 5930 5920 5929
f 5905 5918 5919
f 5905 5919 5930
f 5911 5912 5913
f 5906 5917 5918
f 5906 5918 5905
f 5910 5913 5915
f 5910 5911 5913
f 5907 5916 5917
f 5907 5917 5906
f 5908 5909 5910
f 5908 5915 5916
f 5908 5910 5915
f 5908 5916 5907
f 5952 5950 5949
f 5952 5951 5950
f 5953 5948 5947
f 5953 5949 5948
f 5953 5952 5949
f 5954 5953 5947
f 5955 5947 5946
f 5955 5954 5947
f 5939 5941 5940
f 5956 5946 5945
f 5956 5955 5946
f 5931 5945 5944
f 5931 5956 5945
f 5937 5939 5938
f 5932 5944 5943
f 5932 5931 5944
f 5936 5941 5939
f 5936 5939 5937
f 5933 5943 5942
f 5933 5932 5943
f 5934 5936 5935
f 5934 5942 5941
f 5934 5941 5936
f 5934 5933 5942

o support_2_fastener_2
usemtl mat_b8bdc2ff
v 2838.0000 2832.0000 -100.0000
v 2836.5641 2832.1743 -100.0000
v 2835.2117 2832.6873 -100.0000
v 2834.0213 2833.5089 -100.0000
v 2833.0621 2834.5916 -100.0000
v 2832.3899 2835.8724 -100.0000
v 2832.0437 2837.2768 -100.0000
v 2832.0437 2838.7232 -100.0000
v 2832.3899 2840.1276 -100.0000
v 2833.0621 2841.4084 -100.0000
v 2834.0213 2842.4911 -100.0000
v 2835.2117 2843.3127 -100.0000
v 2836.5641 2843.8256 -100.0000
v 2838.0000 2844.0000 -100.0000
v 2839.4359 2843.8256 -100.0000
v 2840.7883 2843.3127 -100.0000
v 2841.9787 2842.4911 -100.0000
v 2842.9379 2841.4084 -100.0000
v 2843.6101 2840.1276 -100.0000
v 2843.9563 2838.7232 -100.0000
v 2843.9563 2837.2768 -100.0000
v 2843.6101 2835.8724 -100.0000
v 2842.9379 2834.5916 -100.0000
v 2841.9787 2833.5089 -100.0000
v 2840.7883 2832.6873 -100.0000
v 2839.4359 2832.1743 -100.0000
v 2838.0000 2832.0000 -100.0000
v 2838.0000 2832.0000 12.0000
v 2838.0000 2832.0000 12.0000
v 2836.5641 2832.1743 12.0000
v 2835.2117 2832.6873 12.0000
v 2834.0213 2833.5089 12.0000
v 2833.0621 2834.5916 12.0000
v 2832.3899 2835.8724 12.0000
v 2832.0437 2837.2768 12.0000
v 2832.0437 2838.7232 12.0000
v 2832.3899 2840.1276 12.0000
v 2833.0621 2841.4084 12.0000
v 2834.0213 2842.4911 12.0000
v 2835.2117 2843.3127 12.0000
v 2836.5641 2843.8256 12.0000
v 2838.0000 2844.0000 12.0000
v 2839.4359 2843.8256 12.0000
v 2840.7883 2843.3127 12.0000
v 2841.9787 2842.4911 12.0000
v 2842.9379 2841.4084 12.0000
v 2843.6101 2840.1276 12.0000
v 2843.9563 2838.7232 12.0000
v 2843.9563 2837.2768 12.0000
v 2843.6101 2835.8724 12.0000
v 2842.9379 2834.5916 12.0000
v 2841.9787 2833.5089 12.0000
v 2840.7883 2832.6873 12.0000
v 2839.4359 2832.1743 12.0000
v 2838.0000 2832.0000 -100.0000
v 2836.5641 2832.1743 -100.0000
v 2835.2117 2832.6873 -100.0000
v 2834.0213 2833.5089 -100.0000
v 2833.0621 2834.5916 -100.0000
v 2832.3899 2835.8724 -100.0000
v 2832.0437 2837.2768 -100.0000
v 2832.0437 2838.7232 -100.0000
v 2832.3899 2840.1276 -100.0000
v 2833.0621 2841.4084 -100.0000
v 2834.0213 2842.4911 -100.0000
v 2835.2117 2843.3127 -100.0000
v 2836.5641 2843.8256 -100.0000
v 2838.0000 2844.0000 -100.0000
v 2839.4359 2843.8256 -100.0000
v 2840.7883 2843.3127 -100.0000
v 2841.9787 2842.4911 -100.0000
v 2842.9379 2841.4084 -100.0000
v 2843.6101 2840.1276 -100.0000
v 2843.9563 2838.7232 -100.0000
v 2843.9563 2837.2768 -100.0000
v 2843.6101 2835.8724 -100.0000
v 2842.9379 2834.5916 -100.0000
v 2841.9787 2833.5089 -100.0000
v 2840.7883 2832.6873 -100.0000
v 2839.4359 2832.1743 -100.0000
v 2838.0000 2832.0000 12.0000
v 2836.5641 2832.1743 12.0000
v 2835.2117 2832.6873 12.0000
v 2834.0213 2833.5089 12.0000
v 2833.0621 2834.5916 12.0000
v 2832.3899 2835.8724 12.0000
v 2832.0437 2837.2768 12.0000
v 2832.0437 2838.7232 12.0000
v 2832.3899 2840.1276 12.0000
v 2833.0621 2841.4084 12.0000
v 2834.0213 2842.4911 12.0000
v 2835.2117 2843.3127 12.0000
v 2836.5641 2843.8256 12.0000
v 2838.0000 2844.0000 12.0000
v 2839.4359 2843.8256 12.0000
v 2840.7883 2843.3127 12.0000
v 2841.9787 2842.4911 12.0000
v 2842.9379 2841.4084 12.0000
v 2843.6101 2840.1276 12.0000
v 2843.9563 2838.7232 12.0000
v 2843.9563 2837.2768 12.0000
v 2843.6101 2835.8724 12.0000
v 2842.9379 2834.5916 12.0000
v 2841.9787 2833.5089 12.0000
v 2840.7883 2832.6873 12.0000
v 2839.4359 2832.1743 12.0000
f 5957 5984 5986
f 5958 5986 5987
f 5958 5957 5986
f 5959 5958 5987
f 5960 5987 5988
f 5960 5988 5989
f 5960 5959 5987
f 5961 5960 5989
f 5962 5989 5990
f 5962 5961 5989
f 5963 5990 5991
f 5963 5991 5992
f 5963 5962 5990
f 5964 5963 5992
f 5965 5992 5993
f 5965 5964 5992
f 5966 5993 5994
f 5966 5965 5993
f 5967 5994 5995
f 5967 5966 5994
f 5968 5995 5996
f 5968 5967 5995
f 5969 5968 5996
f 5969 5996 5997
f 5970 5969 5997
f 5970 5997 5998
f 5971 5970 5998
f 5971 5998 5999
f 5972 5971 5999
f 5972 5999 6000
f 5973 5972 6000
f 5973 6000 6001
f 5973 6001 6002
f 5974 5973 6002
f 5975 5974 6002
f 5975 6002 6003
f 5976 5975 6003
f 5976 6003 6004
f 5976 6004 6005
f 5977 5976 6005
f 5977 6005 6006
f 5978 5977 6006
f 5978 6006 6007
f 5979 5978 6007
f 5980 5979 6007
f 5980 6007 6008
f 5981 6008 6009
f 5981 5980 6008
f 5982 6009 6010
f 5982 5981 6009
f 5983 5982 6010
f 5983 6010 5985
f 6032 6029 6030
f 6032 6030 6031
f 6033 6027 6028
f 6033 6028 6029
f 6033 6029 6032
f 6034 6027 6033
f 6035 6026 6027
f 6035 6027 6034
f 6019 6020 6021
f 6036 6025 6026
f 6036 6026 6035
f 6011 6024 6025
f 6011 6025 6036
f 6017 6018 6019
f 6012 6023 6024
f 6012 6024 6011
f 6016 6019 6021
f 6016 6017 6019
f 6013 6022 6023
f 6013 6023 6012
f 6014 6015 6016
f 6014 6021 6022
f 6014 6016 6021
f 6014 6022 6013
f 6058 6056 6055
f 6058 6057 6056
f 6059 6054 6053
f 6059 6055 6054
f 6059 6058 6055
f 6060 6059 6053
f 6061 6053 6052
f 6061 6060 6053
f 6045 6047 6046
f 6062 6052 6051
f 6062 6061 6052
f 6037 6051 6050
f 6037 6062 6051
f 6043 6045 6044
f 6038 6050 6049
f 6038 6037 6050
f 6042 6047 6045
f 6042 6045 6043
f 6039 6049 6048
f 6039 6038 6049
f 6040 6042 6041
f 6040 6048 6047
f 6040 6047 6042
f 6040 6039 6048

o support_2_fastener_3
usemtl mat_b8bdc2ff
v 2942.0000 2832.0000 -100.0000
v 2940.5641 2832.1743 -100.0000
v 2939.2117 2832.6873 -100.0000
v 2938.0213 2833.5089 -100.0000
v 2937.0621 2834.5916 -100.0000
v 2936.3899 2835.8724 -100.0000
v 2936.0437 2837.2768 -100.0000
v 2936.0437 2838.7232 -100.0000
v 2936.3899 2840.1276 -100.0000
v 2937.0621 2841.4084 -100.0000
v 2938.0213 2842.4911 -100.0000
v 2939.2117 2843.3127 -100.0000
v 2940.5641 2843.8256 -100.0000
v 2942.0000 2844.0000 -100.0000
v 2943.4359 2843.8256 -100.0000
v 2944.7883 2843.3127 -100.0000
v 2945.9787 2842.4911 -100.0000
v 2946.9379 2841.4084 -100.0000
v 2947.6101 2840.1276 -100.0000
v 2947.9563 2838.7232 -100.0000
v 2947.9563 2837.2768 -100.0000
v 2947.6101 2835.8724 -100.0000
v 2946.9379 2834.5916 -100.0000
v 2945.9787 2833.5089 -100.0000
v 2944.7883 2832.6873 -100.0000
v 2943.4359 2832.1743 -100.0000
v 2942.0000 2832.0000 -100.0000
v 2942.0000 2832.0000 12.0000
v 2942.0000 2832.0000 12.0000
v 2940.5641 2832.1743 12.0000
v 2939.2117 2832.6873 12.0000
v 2938.0213 2833.5089 12.0000
v 2937.0621 2834.5916 12.0000
v 2936.3899 2835.8724 12.0000
v 2936.0437 2837.2768 12.0000
v 2936.0437 2838.7232 12.0000
v 2936.3899 2840.1276 12.0000
v 2937.0621 2841.4084 12.0000
v 2938.0213 2842.4911 12.0000
v 2939.2117 2843.3127 12.0000
v 2940.5641 2843.8256 12.0000
v 2942.0000 2844.0000 12.0000
v 2943.4359 2843.8256 12.0000
v 2944.7883 2843.3127 12.0000
v 2945.9787 2842.4911 12.0000
v 2946.9379 2841.4084 12.0000
v 2947.6101 2840.1276 12.0000
v 2947.9563 2838.7232 12.0000
v 2947.9563 2837.2768 12.0000
v 2947.6101 2835.8724 12.0000
v 2946.9379 2834.5916 12.0000
v 2945.9787 2833.5089 12.0000
v 2944.7883 2832.6873 12.0000
v 2943.4359 2832.1743 12.0000
v 2942.0000 2832.0000 -100.0000
v 2940.5641 2832.1743 -100.0000
v 2939.2117 2832.6873 -100.0000
v 2938.0213 2833.5089 -100.0000
v 2937.0621 2834.5916 -100.0000
v 2936.3899 2835.8724 -100.0000
v 2936.0437 2837.2768 -100.0000
v 2936.0437 2838.7232 -100.0000
v 2936.3899 2840.1276 -100.0000
v 2937.0621 2841.4084 -100.0000
v 2938.0213 2842.4911 -100.0000
v 2939.2117 2843.3127 -100.0000
v 2940.5641 2843.8256 -100.0000
v 2942.0000 2844.0000 -100.0000
v 2943.4359 2843.8256 -100.0000
v 2944.7883 2843.3127 -100.0000
v 2945.9787 2842.4911 -100.0000
v 2946.9379 2841.4084 -100.0000
v 2947.6101 2840.1276 -100.0000
v 2947.9563 2838.7232 -100.0000
v 2947.9563 2837.2768 -100.0000
v 2947.6101 2835.8724 -100.0000
v 2946.9379 2834.5916 -100.0000
v 2945.9787 2833.5089 -100.0000
v 2944.7883 2832.6873 -100.0000
v 2943.4359 2832.1743 -100.0000
v 2942.0000 2832.0000 12.0000
v 2940.5641 2832.1743 12.0000
v 2939.2117 2832.6873 12.0000
v 2938.0213 2833.5089 12.0000
v 2937.0621 2834.5916 12.0000
v 2936.3899 2835.8724 12.0000
v 2936.0437 2837.2768 12.0000
v 2936.0437 2838.7232 12.0000
v 2936.3899 2840.1276 12.0000
v 2937.0621 2841.4084 12.0000
v 2938.0213 2842.4911 12.0000
v 2939.2117 2843.3127 12.0000
v 2940.5641 2843.8256 12.0000
v 2942.0000 2844.0000 12.0000
v 2943.4359 2843.8256 12.0000
v 2944.7883 2843.3127 12.0000
v 2945.9787 2842.4911 12.0000
v 2946.9379 2841.4084 12.0000
v 2947.6101 2840.1276 12.0000
v 2947.9563 2838.7232 12.0000
v 2947.9563 2837.2768 12.0000
v 2947.6101 2835.8724 12.0000
v 2946.9379 2834.5916 12.0000
v 2945.9787 2833.5089 12.0000
v 2944.7883 2832.6873 12.0000
v 2943.4359 2832.1743 12.0000
f 6063 6090 6092
f 6064 6092 6093
f 6064 6063 6092
f 6065 6064 6093
f 6066 6093 6094
f 6066 6094 6095
f 6066 6065 6093
f 6067 6066 6095
f 6068 6095 6096
f 6068 6067 6095
f 6069 6096 6097
f 6069 6097 6098
f 6069 6068 6096
f 6070 6069 6098
f 6071 6098 6099
f 6071 6070 6098
f 6072 6099 6100
f 6072 6071 6099
f 6073 6100 6101
f 6073 6072 6100
f 6074 6101 6102
f 6074 6073 6101
f 6075 6074 6102
f 6075 6102 6103
f 6076 6075 6103
f 6076 6103 6104
f 6077 6076 6104
f 6077 6104 6105
f 6078 6077 6105
f 6078 6105 6106
f 6079 6078 6106
f 6079 6106 6107
f 6079 6107 6108
f 6080 6079 6108
f 6081 6080 6108
f 6081 6108 6109
f 6082 6081 6109
f 6082 6109 6110
f 6082 6110 6111
f 6083 6082 6111
f 6083 6111 6112
f 6084 6083 6112
f 6084 6112 6113
f 6085 6084 6113
f 6086 6085 6113
f 6086 6113 6114
f 6087 6114 6115
f 6087 6086 6114
f 6088 6115 6116
f 6088 6087 6115
f 6089 6088 6116
f 6089 6116 6091
f 6138 6135 6136
f 6138 6136 6137
f 6139 6133 6134
f 6139 6134 6135
f 6139 6135 6138
f 6140 6133 6139
f 6141 6132 6133
f 6141 6133 6140
f 6125 6126 6127
f 6142 6131 6132
f 6142 6132 6141
f 6117 6130 6131
f 6117 6131 6142
f 6123 6124 6125
f 6118 6129 6130
f 6118 6130 6117
f 6122 6125 6127
f 6122 6123 6125
f 6119 6128 6129
f 6119 6129 6118
f 6120 6121 6122
f 6120 6127 6128
f 6120 6122 6127
f 6120 6128 6119
f 6164 6162 6161
f 6164 6163 6162
f 6165 6160 6159
f 6165 6161 6160
f 6165 6164 6161
f 6166 6165 6159
f 6167 6159 6158
f 6167 6166 6159
f 6151 6153 6152
f 6168 6158 6157
f 6168 6167 6158
f 6143 6157 6156
f 6143 6168 6157
f 6149 6151 6150
f 6144 6156 6155
f 6144 6143 6156
f 6148 6153 6151
f 6148 6151 6149
f 6145 6155 6154
f 6145 6144 6155
f 6146 6148 6147
f 6146 6154 6153
f 6146 6153 6148
f 6146 6145 6154

o support_2_fastener_4
usemtl mat_b8bdc2ff
v 2822.1357 2890.0000 324.8675
v 2822.2492 2889.0427 324.8927
v 2822.5830 2888.1411 324.9667
v 2823.1178 2887.3475 325.0853
v 2823.8225 2886.7081 325.2415
v 2824.6561 2886.2599 325.4263
v 2825.5702 2886.0292 325.6289
v 2826.5116 2886.0292 325.8376
v 2827.4257 2886.2599 326.0403
v 2828.2593 2886.7081 326.2251
v 2828.9639 2887.3475 326.3813
v 2829.4987 2888.1411 326.4999
v 2829.8326 2889.0427 326.5739
v 2829.9461 2890.0000 326.5990
v 2829.8326 2890.9573 326.5739
v 2829.4987 2891.8589 326.4999
v 2828.9639 2892.6525 326.3813
v 2828.2593 2893.2919 326.2251
v 2827.4257 2893.7401 326.0403
v 2826.5116 2893.9708 325.8376
v 2825.5702 2893.9708 325.6289
v 2824.6561 2893.7401 325.4263
v 2823.8225 2893.2919 325.2415
v 2823.1178 2892.6525 325.0853
v 2822.5830 2891.8589 324.9667
v 2822.2492 2890.9573 324.8927
v 2822.1357 2890.0000 324.8675
v 2861.0948 2890.0000 149.1342
v 2861.0948 2890.0000 149.1342
v 2861.2083 2889.0427 149.1594
v 2861.5421 2888.1411 149.2334
v 2862.0769 2887.3475 149.3520
v 2862.7816 2886.7081 149.5082
v 2863.6152 2886.2599 149.6930
v 2864.5293 2886.0292 149.8956
v 2865.4707 2886.0292 150.1044
v 2866.3848 2886.2599 150.3070
v 2867.2184 2886.7081 150.4918
v 2867.9231 2887.3475 150.6480
v 2868.4579 2888.1411 150.7666
v 2868.7917 2889.0427 150.8406
v 2868.9052 2890.0000 150.8658
v 2868.7917 2890.9573 150.8406
v 2868.4579 2891.8589 150.7666
v 2867.9231 2892.6525 150.6480
v 2867.2184 2893.2919 150.4918
v 2866.3848 2893.7401 150.3070
v 2865.4707 2893.9708 150.1044
v 2864.5293 2893.9708 149.8956
v 2863.6152 2893.7401 149.6930
v 2862.7816 2893.2919 149.5082
v 2862.0769 2892.6525 149.3520
v 2861.5421 2891.8589 149.2334
v 2861.2083 2890.9573 149.1594
v 2822.1357 2890.0000 324.8675
v 2822.2492 2889.0427 324.8927
v 2822.5830 2888.1411 324.9667
v 2823.1178 2887.3475 325.0853
v 2823.8225 2886.7081 325.2415
v 2824.6561 2886.2599 325.4263
v 2825.5702 2886.0292 325.6289
v 2826.5116 2886.0292 325.8376
v 2827.4257 2886.2599 326.0403
v 2828.2593 2886.7081 326.2251
v 2828.9639 2887.3475 326.3813
v 2829.4987 2888.1411 326.4999
v 2829.8326 2889.0427 326.5739
v 2829.9461 2890.0000 326.5990
v 2829.8326 2890.9573 326.5739
v 2829.4987 2891.8589 326.4999
v 2828.9639 2892.6525 326.3813
v 2828.2593 2893.2919 326.2251
v 2827.4257 2893.7401 326.0403
v 2826.5116 2893.9708 325.8376
v 2825.5702 2893.9708 325.6289
v 2824.6561 2893.7401 325.4263
v 2823.8225 2893.2919 325.2415
v 2823.1178 2892.6525 325.0853
v 2822.5830 2891.8589 324.9667
v 2822.2492 2890.9573 324.8927
v 2861.0948 2890.0000 149.1342
v 2861.2083 2889.0427 149.1594
v 2861.5421 2888.1411 149.2334
v 2862.0769 2887.3475 149.3520
v 2862.7816 2886.7081 149.5082
v 2863.6152 2886.2599 149.6930
v 2864.5293 2886.0292 149.8956
v 2865.4707 2886.0292 150.1044
v 2866.3848 2886.2599 150.3070
v 2867.2184 2886.7081 150.4918
v 2867.9231 2887.3475 150.6480
v 2868.4579 2888.1411 150.7666
v 2868.7917 2889.0427 150.8406
v 2868.9052 2890.0000 150.8658
v 2868.7917 2890.9573 150.8406
v 2868.4579 2891.8589 150.7666
v 2867.9231 2892.6525 150.6480
v 2867.2184 2893.2919 150.4918
v 2866.3848 2893.7401 150.3070
v 2865.4707 2893.9708 150.1044
v 2864.5293 2893.9708 149.8956
v 2863.6152 2893.7401 149.6930
v 2862.7816 2893.2919 149.5082
v 2862.0769 2892.6525 149.3520
v 2861.5421 2891.8589 149.2334
v 2861.2083 2890.9573 149.1594
f 6170 6169 6196
f 6170 6196 6198
f 6171 6198 6199
f 6171 6199 6200
f 6171 6170 6198
f 6172 6171 6200
f 6173 6200 6201
f 6173 6172 6200
f 6174 6201 6202
f 6174 6173 6201
f 6175 6202 6203
f 6175 6174 6202
f 6176 6203 6204
f 6176 6175 6203
f 6177 6204 6205
f 6177 6205 6206
f 6177 6176 6204
f 6178 6177 6206
f 6179 6206 6207
f 6179 6178 6206
f 6180 6207 6208
f 6180 6179 6207
f 6181 6180 6208
f 6181 6208 6209
f 6182 6181 6209
f 6182 6209 6210
f 6182 6210 6211
f 6183 6182 6211
f 6184 6183 6211
f 6184 6211 6212
f 6185 6184 6212
f 6185 6212 6213
f 6186 6185 6213
f 6186 6213 6214
f 6187 6186 6214
f 6187 6214 6215
f 6188 6187 6215
f 6188 6215 6216
f 6188 6216 6217
f 6189 6188 6217
f 6190 6189 6217
f 6190 6217 6218
f 6191 6190 6218
f 6191 6218 6219
f 6192 6191 6219
f 6192 6219 6220
f 6193 6220 6221
f 6193 6192 6220
f 6194 6221 6222
f 6194 6193 6221
f 6195 6194 6222
f 6195 6222 6197
f 6244 6241 6242
f 6244 6242 6243
f 6245 6239 6240
f 6245 6240 6241
f 6245 6241 6244
f 6246 6239 6245
f 6247 6238 6239
f 6247 6239 6246
f 6248 6237 6238
f 6248 6238 6247
f 6223 6236 6237
f 6223 6237 6248
f 6224 6235 6236
f 6224 6236 6223
f 6228 6229 6230
f 6228 6230 6231
f 6225 6233 6234
f 6225 6234 6235
f 6225 6235 6224
f 6227 6231 6232
f 6227 6228 6231
f 6226 6232 6233
f 6226 6233 6225
f 6226 6227 6232
f 6269 6268 6267
f 6270 6269 6267
f 6271 6267 6266
f 6271 6270 6267
f 6272 6266 6265
f 6272 6271 6266
f 6273 6265 6264
f 6273 6272 6265
f 6274 6263 6262
f 6274 6264 6263
f 6274 6273 6264
f 6249 6274 6262
f 6255 6257 6256
f 6250 6262 6261
f 6250 6249 6262
f 6254 6257 6255
f 6251 6261 6260
f 6251 6250 6261
f 6253 6258 6257
f 6253 6257 6254
f 6252 6259 6258
f 6252 6260 6259
f 6252 6251 6260
f 6252 6258 6253

o support_2_fastener_5
usemtl mat_b8bdc2ff
v 2921.9796 2838.5380 326.4875
v 2921.0279 2838.4043 326.5673
v 2920.1316 2838.0501 326.5987
v 2919.3427 2837.4960 326.5797
v 2918.7070 2836.7741 326.5116
v 2918.2615 2835.9264 326.3982
v 2918.0321 2835.0022 326.2462
v 2918.0321 2834.0552 326.0644
v 2918.2615 2833.1405 325.8633
v 2918.7070 2832.3111 325.6547
v 2919.3427 2831.6153 325.4507
v 2920.1316 2831.0935 325.2630
v 2921.0279 2830.7761 325.1027
v 2921.9796 2830.6815 324.9791
v 2922.9312 2830.8152 324.8993
v 2923.8275 2831.1694 324.8679
v 2924.6165 2831.7236 324.8869
v 2925.2522 2832.4454 324.9550
v 2925.6977 2833.2931 325.0683
v 2925.9271 2834.2173 325.2204
v 2925.9271 2835.1643 325.4022
v 2925.6977 2836.0791 325.6032
v 2925.2522 2836.9084 325.8119
v 2924.6165 2837.6042 326.0159
v 2923.8275 2838.1260 326.2035
v 2922.9312 2838.4434 326.3638
v 2921.9796 2838.5380 326.4875
v 2902.5000 2872.2776 150.7542
v 2902.5000 2872.2776 150.7542
v 2901.5484 2872.1439 150.8340
v 2900.6520 2871.7897 150.8654
v 2899.8631 2871.2356 150.8464
v 2899.2274 2870.5137 150.7783
v 2898.7819 2869.6660 150.6649
v 2898.5525 2868.7418 150.5129
v 2898.5525 2867.7948 150.3311
v 2898.7819 2866.8801 150.1300
v 2899.2274 2866.0507 149.9214
v 2899.8631 2865.3549 149.7174
v 2900.6520 2864.8331 149.5298
v 2901.5484 2864.5157 149.3695
v 2902.5000 2864.4211 149.2458
v 2903.4516 2864.5548 149.1660
v 2904.3480 2864.9090 149.1346
v 2905.1369 2865.4631 149.1536
v 2905.7726 2866.1850 149.2217
v 2906.2181 2867.0327 149.3351
v 2906.4475 2867.9569 149.4871
v 2906.4475 2868.9039 149.6689
v 2906.2181 2869.8187 149.8700
v 2905.7726 2870.6480 150.0786
v 2905.1369 2871.3438 150.2826
v 2904.3480 2871.8656 150.4702
v 2903.4516 2872.1830 150.6305
v 2921.9796 2838.5380 326.4875
v 2921.0279 2838.4043 326.5673
v 2920.1316 2838.0501 326.5987
v 2919.3427 2837.4960 326.5797
v 2918.7070 2836.7741 326.5116
v 2918.2615 2835.9264 326.3982
v 2918.0321 2835.0022 326.2462
v 2918.0321 2834.0552 326.0644
v 2918.2615 2833.1405 325.8633
v 2918.7070 2832.3111 325.6547
v 2919.3427 2831.6153 325.4507
v 2920.1316 2831.0935 325.2630
v 2921.0279 2830.7761 325.1027
v 2921.9796 2830.6815 324.9791
v 2922.9312 2830.8152 324.8993
v 2923.8275 2831.1694 324.8679
v 2924.6165 2831.7236 324.8869
v 2925.2522 2832.4454 324.9550
v 2925.6977 2833.2931 325.0683
v 2925.9271 2834.2173 325.2204
v 2925.9271 2835.1643 325.4022
v 2925.6977 2836.0791 325.6032
v 2925.2522 2836.9084 325.8119
v 2924.6165 2837.6042 326.0159
v 2923.8275 2838.1260 326.2035
v 2922.9312 2838.4434 326.3638
v 2902.5000 2872.2776 150.7542
v 2901.5484 2872.1439 150.8340
v 2900.6520 2871.7897 150.8654
v 2899.8631 2871.2356 150.8464
v 2899.2274 2870.5137 150.7783
v 2898.7819 2869.6660 150.6649
v 2898.5525 2868.7418 150.5129
v 2898.5525 2867.7948 150.3311
v 2898.7819 2866.8801 150.1300
v 2899.2274 2866.0507 149.9214
v 2899.8631 2865.3549 149.7174
v 2900.6520 2864.8331 149.5298
v 2901.5484 2864.5157 149.3695
v 2902.5000 2864.4211 149.2458
v 2903.4516 2864.5548 149.1660
v 2904.3480 2864.9090 149.1346
v 2905.1369 2865.4631 149.1536
v 2905.7726 2866.1850 149.2217
v 2906.2181 2867.0327 149.3351
v 2906.4475 2867.9569 149.4871
v 2906.4475 2868.9039 149.6689
v 2906.2181 2869.8187 149.8700
v 2905.7726 2870.6480 150.0786
v 2905.1369 2871.3438 150.2826
v 2904.3480 2871.8656 150.4702
v 2903.4516 2872.1830 150.6305
f 6276 6275 6302
f 6276 6302 6304
f 6277 6304 6305
f 6277 6305 6306
f 6277 6276 6304
f 6278 6277 6306
f 6279 6306 6307
f 6279 6278 6306
f 6280 6307 6308
f 6280 6279 6307
f 6281 6308 6309
f 6281 6280 6308
f 6282 6309 6310
f 6282 6281 6309
f 6283 6310 6311
f 6283 6311 6312
f 6283 6282 6310
f 6284 6283 6312
f 6285 6312 6313
f 6285 6284 6312
f 6286 6313 6314
f 6286 6285 6313
f 6287 6286 6314
f 6287 6314 6315
f 6288 6287 6315
f 6288 6315 6316
f 6288 6316 6317
f 6289 6288 6317
f 6290 6289 6317
f 6290 6317 6318
f 6291 6290 6318
f 6291 6318 6319
f 6292 6291 6319
f 6292 6319 6320
f 6293 6292 6320
f 6293 6320 6321
f 6294 6293 6321
f 6294 6321 6322
f 6294 6322 6323
f 6295 6294 6323
f 6296 6295 6323
f 6296 6323 6324
f 6297 6296 6324
f 6297 6324 6325
f 6298 6297 6325
f 6298 6325 6326
f 6299 6326 6327
f 6299 6298 6326
f 6300 6327 6328
f 6300 6299 6327
f 6301 6300 6328
f 6301 6328 6303
f 6341 6342 6343
f 6341 6343 6344
f 6339 6340 6341
f 6339 6344 6345
f 6339 6345 6346
f 6339 6341 6344
f 6338 6346 6347
f 6338 6339 6346
f 6337 6338 6347
f 6336 6347 6348
f 6336 6337 6347
f 6335 6348 6349
f 6335 6336 6348
f 6330 6353 6354
f 6330 6354 6329
f 6334 6349 6350
f 6334 6335 6349
f 6333 6334 6350
f 6332 6330 6331
f 6332 6350 6351
f 6332 6351 6352
f 6332 6352 6353
f 6332 6353 6330
f 6332 6333 6350
f 6366 6368 6367
f 6366 6369 6368
f 6366 6370 6369
f 6365 6371 6370
f 6365 6370 6366
f 6364 6372 6371
f 6364 6373 6372
f 6364 6371 6365
f 6363 6373 6364
f 6362 6374 6373
f 6362 6373 6363
f 6361 6375 6374
f 6361 6374 6362
f 6356 6380 6379
f 6356 6355 6380
f 6360 6376 6375
f 6360 6375 6361
f 6358 6357 6356
f 6358 6360 6359
f 6358 6377 6376
f 6358 6378 6377
f 6358 6379 6378
f 6358 6356 6379
f 6358 6376 6360

o support_2_fastener_6
usemtl mat_b8bdc2ff
v 2921.9796 2949.3185 324.9791
v 2921.0279 2949.2239 325.1027
v 2920.1316 2948.9065 325.2630
v 2919.3427 2948.3847 325.4507
v 2918.7070 2947.6889 325.6547
v 2918.2615 2946.8595 325.8633
v 2918.0321 2945.9448 326.0644
v 2918.0321 2944.9978 326.2462
v 2918.2615 2944.0736 326.3982
v 2918.7070 2943.2259 326.5116
v 2919.3427 2942.5040 326.5797
v 2920.1316 2941.9499 326.5987
v 2921.0279 2941.5957 326.5673
v 2921.9796 2941.4620 326.4875
v 2922.9312 2941.5566 326.3638
v 2923.8275 2941.8740 326.2035
v 2924.6165 2942.3958 326.0159
v 2925.2522 2943.0916 325.8119
v 2925.6977 2943.9209 325.6032
v 2925.9271 2944.8357 325.4022
v 2925.9271 2945.7827 325.2204
v 2925.6977 2946.7069 325.0683
v 2925.2522 2947.5546 324.9550
v 2924.6165 2948.2764 324.8869
v 2923.8275 2948.8306 324.8679
v 2922.9312 2949.1848 324.8993
v 2921.9796 2949.3185 324.9791
v 2902.5000 2915.5789 149.2458
v 2902.5000 2915.5789 149.2458
v 2901.5484 2915.4843 149.3695
v 2900.6520 2915.1669 149.5298
v 2899.8631 2914.6451 149.7174
v 2899.2274 2913.9493 149.9214
v 2898.7819 2913.1199 150.1300
v 2898.5525 2912.2052 150.3311
v 2898.5525 2911.2582 150.5129
v 2898.7819 2910.3340 150.6649
v 2899.2274 2909.4863 150.7783
v 2899.8631 2908.7644 150.8464
v 2900.6520 2908.2103 150.8654
v 2901.5484 2907.8561 150.8340
v 2902.5000 2907.7224 150.7542
v 2903.4516 2907.8170 150.6305
v 2904.3480 2908.1344 150.4702
v 2905.1369 2908.6562 150.2826
v 2905.7726 2909.3520 150.0786
v 2906.2181 2910.1813 149.8700
v 2906.4475 2911.0961 149.6689
v 2906.4475 2912.0431 149.4871
v 2906.2181 2912.9673 149.3351
v 2905.7726 2913.8150 149.2217
v 2905.1369 2914.5369 149.1536
v 2904.3480 2915.0910 149.1346
v 2903.4516 2915.4452 149.1660
v 2921.9796 2949.3185 324.9791
v 2921.0279 2949.2239 325.1027
v 2920.1316 2948.9065 325.2630
v 2919.3427 2948.3847 325.4507
v 2918.7070 2947.6889 325.6547
v 2918.2615 2946.8595 325.8633
v 2918.0321 2945.9448 326.0644
v 2918.0321 2944.9978 326.2462
v 2918.2615 2944.0736 326.3982
v 2918.7070 2943.2259 326.5116
v 2919.3427 2942.5040 326.5797
v 2920.1316 2941.9499 326.5987
v 2921.0279 2941.5957 326.5673
v 2921.9796 2941.4620 326.4875
v 2922.9312 2941.5566 326.3638
v 2923.8275 2941.8740 326.2035
v 2924.6165 2942.3958 326.0159
v 2925.2522 2943.0916 325.8119
v 2925.6977 2943.9209 325.6032
v 2925.9271 2944.8357 325.4022
v 2925.9271 2945.7827 325.2204
v 2925.6977 2946.7069 325.0683
v 2925.2522 2947.5546 324.9550
v 2924.6165 2948.2764 324.8869
v 2923.8275 2948.8306 324.8679
v 2922.9312 2949.1848 324.8993
v 2902.5000 2915.5789 149.2458
v 2901.5484 2915.4843 149.3695
v 2900.6520 2915.1669 149.5298
v 2899.8631 2914.6451 149.7174
v 2899.2274 2913.9493 149.9214
v 2898.7819 2913.1199 150.1300
v 2898.5525 2912.2052 150.3311
v 2898.5525 2911.2582 150.5129
v 2898.7819 2910.3340 150.6649
v 2899.2274 2909.4863 150.7783
v 2899.8631 2908.7644 150.8464
v 2900.6520 2908.2103 150.8654
v 2901.5484 2907.8561 150.8340
v 2902.5000 2907.7224 150.7542
v 2903.4516 2907.8170 150.6305
v 2904.3480 2908.1344 150.4702
v 2905.1369 2908.6562 150.2826
v 2905.7726 2909.3520 150.0786
v 2906.2181 2910.1813 149.8700
v 2906.4475 2911.0961 149.6689
v 2906.4475 2912.0431 149.4871
v 2906.2181 2912.9673 149.3351
v 2905.7726 2913.8150 149.2217
v 2905.1369 2914.5369 149.1536
v 2904.3480 2915.0910 149.1346
v 2903.4516 2915.4452 149.1660
f 6382 6381 6408
f 6382 6408 6410
f 6383 6410 6411
f 6383 6411 6412
f 6383 6382 6410
f 6384 6383 6412
f 6385 6412 6413
f 6385 6384 6412
f 6386 6413 6414
f 6386 6385 6413
f 6387 6414 6415
f 6387 6386 6414
f 6388 6415 6416
f 6388 6387 6415
f 6389 6416 6417
f 6389 6417 6418
f 6389 6388 6416
f 6390 6389 6418
f 6391 6418 6419
f 6391 6390 6418
f 6392 6419 6420
f 6392 6391 6419
f 6393 6392 6420
f 6393 6420 6421
f 6394 6393 6421
f 6394 6421 6422
f 6394 6422 6423
f 6395 6394 6423
f 6396 6395 6423
f 6396 6423 6424
f 6397 6396 6424
f 6397 6424 6425
f 6398 6397 6425
f 6398 6425 6426
f 6399 6398 6426
f 6399 6426 6427
f 6400 6399 6427
f 6400 6427 6428
f 6400 6428 6429
f 6401 6400 6429
f 6402 6401 6429
f 6402 6429 6430
f 6403 6402 6430
f 6403 6430 6431
f 6404 6403 6431
f 6404 6431 6432
f 6405 6432 6433
f 6405 6404 6432
f 6406 6433 6434
f 6406 6405 6433
f 6407 6406 6434
f 6407 6434 6409
f 6447 6448 6449
f 6447 6449 6450
f 6445 6446 6447
f 6445 6450 6451
f 6445 6451 6452
f 6445 6447 6450
f 6444 6452 6453
f 6444 6445 6452
f 6443 6444 6453
f 6442 6453 6454
f 6442 6443 6453
f 6441 6454 6455
f 6441 6442 6454
f 6436 6459 6460
f 6436 6460 6435
f 6440 6455 6456
f 6440 6441 6455
f 6439 6440 6456
f 6438 6436 6437
f 6438 6456 6457
f 6438 6457 6458
f 6438 6458 6459
f 6438 6459 6436
f 6438 6439 6456
f 6472 6474 6473
f 6472 6475 6474
f 6472 6476 6475
f 6471 6477 6476
f 6471 6476 6472
f 6470 6478 6477
f 6470 6479 6478
f 6470 6477 6471
f 6469 6479 6470
f 6468 6480 6479
f 6468 6479 6469
f 6467 6481 6480
f 6467 6480 6468
f 6462 6486 6485
f 6462 6461 6486
f 6466 6482 6481
f 6466 6481 6467
f 6464 6463 6462
f 6464 6466 6465
f 6464 6483 6482
f 6464 6484 6483
f 6464 6485 6484
f 6464 6462 6485
f 6464 6482 6466

o support_3_fastener_0
usemtl mat_b8bdc2ff
v -2936.0000 2942.0000 -100.0000
v -2936.1743 2940.5641 -100.0000
v -2936.6873 2939.2117 -100.0000
v -2937.5089 2938.0213 -100.0000
v -2938.5916 2937.0621 -100.0000
v -2939.8724 2936.3899 -100.0000
v -2941.2768 2936.0437 -100.0000
v -2942.7232 2936.0437 -100.0000
v -2944.1276 2936.3899 -100.0000
v -2945.4084 2937.0621 -100.0000
v -2946.4911 2938.0213 -100.0000
v -2947.3127 2939.2117 -100.0000
v -2947.8256 2940.5641 -100.0000
v -2948.0000 2942.0000 -100.0000
v -2947.8256 2943.4359 -100.0000
v -2947.3127 2944.7883 -100.0000
v -2946.4911 2945.9787 -100.0000
v -2945.4084 2946.9379 -100.0000
v -2944.1276 2947.6101 -100.0000
v -2942.7232 2947.9563 -100.0000
v -2941.2768 2947.9563 -100.0000
v -2939.8724 2947.6101 -100.0000
v -2938.5916 2946.9379 -100.0000
v -2937.5089 2945.9787 -100.0000
v -2936.6873 2944.7883 -100.0000
v -2936.1743 2943.4359 -100.0000
v -2936.0000 2942.0000 -100.0000
v -2936.0000 2942.0000 12.0000
v -2936.0000 2942.0000 12.0000
v -2936.1743 2940.5641 12.0000
v -2936.6873 2939.2117 12.0000
v -2937.5089 2938.0213 12.0000
v -2938.5916 2937.0621 12.0000
v -2939.8724 2936.3899 12.0000
v -2941.2768 2936.0437 12.0000
v -2942.7232 2936.0437 12.0000
v -2944.1276 2936.3899 12.0000
v -2945.4084 2937.0621 12.0000
v -2946.4911 2938.0213 12.0000
v -2947.3127 2939.2117 12.0000
v -2947.8256 2940.5641 12.0000
v -2948.0000 2942.0000 12.0000
v -2947.8256 2943.4359 12.0000
v -2947.3127 2944.7883 12.0000
v -2946.4911 2945.9787 12.0000
v -2945.4084 2946.9379 12.0000
v -2944.1276 2947.6101 12.0000
v -2942.7232 2947.9563 12.0000
v -2941.2768 2947.9563 12.0000
v -2939.8724 2947.6101 12.0000
v -2938.5916 2946.9379 12.0000
v -2937.5089 2945.9787 12.0000
v -2936.6873 2944.7883 12.0000
v -2936.1743 2943.4359 12.0000
v -2936.0000 2942.0000 -100.0000
v -2936.1743 2940.5641 -100.0000
v -2936.6873 2939.2117 -100.0000
v -2937.5089 2938.0213 -100.0000
v -2938.5916 2937.0621 -100.0000
v -2939.8724 2936.3899 -100.0000
v -2941.2768 2936.0437 -100.0000
v -2942.7232 2936.0437 -100.0000
v -2944.1276 2936.3899 -100.0000
v -2945.4084 2937.0621 -100.0000
v -2946.4911 2938.0213 -100.0000
v -2947.3127 2939.2117 -100.0000
v -2947.8256 2940.5641 -100.0000
v -2948.0000 2942.0000 -100.0000
v -2947.8256 2943.4359 -100.0000
v -2947.3127 2944.7883 -100.0000
v -2946.4911 2945.9787 -100.0000
v -2945.4084 2946.9379 -100.0000
v -2944.1276 2947.6101 -100.0000
v -2942.7232 2947.9563 -100.0000
v -2941.2768 2947.9563 -100.0000
v -2939.8724 2947.6101 -100.0000
v -2938.5916 2946.9379 -100.0000
v -2937.5089 2945.9787 -100.0000
v -2936.6873 2944.7883 -100.0000
v -2936.1743 2943.4359 -100.0000
v -2936.0000 2942.0000 12.0000
v -2936.1743 2940.5641 12.0000
v -2936.6873 2939.2117 12.0000
v -2937.5089 2938.0213 12.0000
v -2938.5916 2937.0621 12.0000
v -2939.8724 2936.3899 12.0000
v -2941.2768 2936.0437 12.0000
v -2942.7232 2936.0437 12.0000
v -2944.1276 2936.3899 12.0000
v -2945.4084 2937.0621 12.0000
v -2946.4911 2938.0213 12.0000
v -2947.3127 2939.2117 12.0000
v -2947.8256 2940.5641 12.0000
v -2948.0000 2942.0000 12.0000
v -2947.8256 2943.4359 12.0000
v -2947.3127 2944.7883 12.0000
v -2946.4911 2945.9787 12.0000
v -2945.4084 2946.9379 12.0000
v -2944.1276 2947.6101 12.0000
v -2942.7232 2947.9563 12.0000
v -2941.2768 2947.9563 12.0000
v -2939.8724 2947.6101 12.0000
v -2938.5916 2946.9379 12.0000
v -2937.5089 2945.9787 12.0000
v -2936.6873 2944.7883 12.0000
v -2936.1743 2943.4359 12.0000
f 6487 6514 6516
f 6488 6516 6517
f 6488 6487 6516
f 6489 6488 6517
f 6490 6517 6518
f 6490 6518 6519
f 6490 6489 6517
f 6491 6490 6519
f 6492 6519 6520
f 6492 6491 6519
f 6493 6520 6521
f 6493 6521 6522
f 6493 6492 6520
f 6494 6493 6522
f 6495 6522 6523
f 6495 6494 6522
f 6496 6523 6524
f 6496 6495 6523
f 6497 6524 6525
f 6497 6496 6524
f 6498 6525 6526
f 6498 6497 6525
f 6499 6498 6526
f 6499 6526 6527
f 6500 6499 6527
f 6500 6527 6528
f 6501 6500 6528
f 6501 6528 6529
f 6502 6501 6529
f 6502 6529 6530
f 6503 6502 6530
f 6503 6530 6531
f 6503 6531 6532
f 6504 6503 6532
f 6505 6504 6532
f 6505 6532 6533
f 6506 6505 6533
f 6506 6533 6534
f 6506 6534 6535
f 6507 6506 6535
f 6507 6535 6536
f 6508 6507 6536
f 6508 6536 6537
f 6509 6508 6537
f 6510 6509 6537
f 6510 6537 6538
f 6511 6538 6539
f 6511 6510 6538
f 6512 6539 6540
f 6512 6511 6539
f 6513 6512 6540
f 6513 6540 6515
f 6562 6559 6560
f 6562 6560 6561
f 6563 6557 6558
f 6563 6558 6559
f 6563 6559 6562
f 6564 6557 6563
f 6565 6556 6557
f 6565 6557 6564
f 6549 6550 6551
f 6566 6555 6556
f 6566 6556 6565
f 6541 6554 6555
f 6541 6555 6566
f 6547 6548 6549
f 6542 6553 6554
f 6542 6554 6541
f 6546 6549 6551
f 6546 6547 6549
f 6543 6552 6553
f 6543 6553 6542
f 6544 6545 6546
f 6544 6551 6552
f 6544 6546 6551
f 6544 6552 6543
f 6588 6586 6585
f 6588 6587 6586
f 6589 6584 6583
f 6589 6585 6584
f 6589 6588 6585
f 6590 6589 6583
f 6591 6583 6582
f 6591 6590 6583
f 6575 6577 6576
f 6592 6582 6581
f 6592 6591 6582
f 6567 6581 6580
f 6567 6592 6581
f 6573 6575 6574
f 6568 6580 6579
f 6568 6567 6580
f 6572 6577 6575
f 6572 6575 6573
f 6569 6579 6578
f 6569 6568 6579
f 6570 6572 6571
f 6570 6578 6577
f 6570 6577 6572
f 6570 6569 6578

o support_3_fastener_1
usemtl mat_b8bdc2ff
v -2936.0000 2838.0000 -100.0000
v -2936.1743 2836.5641 -100.0000
v -2936.6873 2835.2117 -100.0000
v -2937.5089 2834.0213 -100.0000
v -2938.5916 2833.0621 -100.0000
v -2939.8724 2832.3899 -100.0000
v -2941.2768 2832.0437 -100.0000
v -2942.7232 2832.0437 -100.0000
v -2944.1276 2832.3899 -100.0000
v -2945.4084 2833.0621 -100.0000
v -2946.4911 2834.0213 -100.0000
v -2947.3127 2835.2117 -100.0000
v -2947.8256 2836.5641 -100.0000
v -2948.0000 2838.0000 -100.0000
v -2947.8256 2839.4359 -100.0000
v -2947.3127 2840.7883 -100.0000
v -2946.4911 2841.9787 -100.0000
v -2945.4084 2842.9379 -100.0000
v -2944.1276 2843.6101 -100.0000
v -2942.7232 2843.9563 -100.0000
v -2941.2768 2843.9563 -100.0000
v -2939.8724 2843.6101 -100.0000
v -2938.5916 2842.9379 -100.0000
v -2937.5089 2841.9787 -100.0000
v -2936.6873 2840.7883 -100.0000
v -2936.1743 2839.4359 -100.0000
v -2936.0000 2838.0000 -100.0000
v -2936.0000 2838.0000 12.0000
v -2936.0000 2838.0000 12.0000
v -2936.1743 2836.5641 12.0000
v -2936.6873 2835.2117 12.0000
v -2937.5089 2834.0213 12.0000
v -2938.5916 2833.0621 12.0000
v -2939.8724 2832.3899 12.0000
v -2941.2768 2832.0437 12.0000
v -2942.7232 2832.0437 12.0000
v -2944.1276 2832.3899 12.0000
v -2945.4084 2833.0621 12.0000
v -2946.4911 2834.0213 12.0000
v -2947.3127 2835.2117 12.0000
v -2947.8256 2836.5641 12.0000
v -2948.0000 2838.0000 12.0000
v -2947.8256 2839.4359 12.0000
v -2947.3127 2840.7883 12.0000
v -2946.4911 2841.9787 12.0000
v -2945.4084 2842.9379 12.0000
v -2944.1276 2843.6101 12.0000
v -2942.7232 2843.9563 12.0000
v -2941.2768 2843.9563 12.0000
v -2939.8724 2843.6101 12.0000
v -2938.5916 2842.9379 12.0000
v -2937.5089 2841.9787 12.0000
v -2936.6873 2840.7883 12.0000
v -2936.1743 2839.4359 12.0000
v -2936.0000 2838.0000 -100.0000
v -2936.1743 2836.5641 -100.0000
v -2936.6873 2835.2117 -100.0000
v -2937.5089 2834.0213 -100.0000
v -2938.5916 2833.0621 -100.0000
v -2939.8724 2832.3899 -100.0000
v -2941.2768 2832.0437 -100.0000
v -2942.7232 2832.0437 -100.0000
v -2944.1276 2832.3899 -100.0000
v -2945.4084 2833.0621 -100.0000
v -2946.4911 2834.0213 -100.0000
v -2947.3127 2835.2117 -100.0000
v -2947.8256 2836.5641 -100.0000
v -2948.0000 2838.0000 -100.0000
v -2947.8256 2839.4359 -100.0000
v -2947.3127 2840.7883 -100.0000
v -2946.4911 2841.9787 -100.0000
v -2945.4084 2842.9379 -100.0000
v -2944.1276 2843.6101 -100.0000
v -2942.7232 2843.9563 -100.0000
v -2941.2768 2843.9563 -100.0000
v -2939.8724 2843.6101 -100.0000
v -2938.5916 2842.9379 -100.0000
v -2937.5089 2841.9787 -100.0000
v -2936.6873 2840.7883 -100.0000
v -2936.1743 2839.4359 -100.0000
v -2936.0000 2838.0000 12.0000
v -2936.1743 2836.5641 12.0000
v -2936.6873 2835.2117 12.0000
v -2937.5089 2834.0213 12.0000
v -2938.5916 2833.0621 12.0000
v -2939.8724 2832.3899 12.0000
v -2941.2768 2832.0437 12.0000
v -2942.7232 2832.0437 12.0000
v -2944.1276 2832.3899 12.0000
v -2945.4084 2833.0621 12.0000
v -2946.4911 2834.0213 12.0000
v -2947.3127 2835.2117 12.0000
v -2947.8256 2836.5641 12.0000
v -2948.0000 2838.0000 12.0000
v -2947.8256 2839.4359 12.0000
v -2947.3127 2840.7883 12.0000
v -2946.4911 2841.9787 12.0000
v -2945.4084 2842.9379 12.0000
v -2944.1276 2843.6101 12.0000
v -2942.7232 2843.9563 12.0000
v -2941.2768 2843.9563 12.0000
v -2939.8724 2843.6101 12.0000
v -2938.5916 2842.9379 12.0000
v -2937.5089 2841.9787 12.0000
v -2936.6873 2840.7883 12.0000
v -2936.1743 2839.4359 12.0000
f 6593 6620 6622
f 6594 6622 6623
f 6594 6593 6622
f 6595 6594 6623
f 6596 6623 6624
f 6596 6624 6625
f 6596 6595 6623
f 6597 6596 6625
f 6598 6625 6626
f 6598 6597 6625
f 6599 6626 6627
f 6599 6627 6628
f 6599 6598 6626
f 6600 6599 6628
f 6601 6628 6629
f 6601 6600 6628
f 6602 6629 6630
f 6602 6601 6629
f 6603 6630 6631
f 6603 6602 6630
f 6604 6631 6632
f 6604 6603 6631
f 6605 6604 6632
f 6605 6632 6633
f 6606 6605 6633
f 6606 6633 6634
f 6607 6606 6634
f 6607 6634 6635
f 6608 6607 6635
f 6608 6635 6636
f 6609 6608 6636
f 6609 6636 6637
f 6609 6637 6638
f 6610 6609 6638
f 6611 6610 6638
f 6611 6638 6639
f 6612 6611 6639
f 6612 6639 6640
f 6612 6640 6641
f 6613 6612 6641
f 6613 6641 6642
f 6614 6613 6642
f 6614 6642 6643
f 6615 6614 6643
f 6616 6615 6643
f 6616 6643 6644
f 6617 6644 6645
f 6617 6616 6644
f 6618 6645 6646
f 6618 6617 6645
f 6619 6618 6646
f 6619 6646 6621
f 6668 6665 6666
f 6668 6666 6667
f 6669 6663 6664
f 6669 6664 6665
f 6669 6665 6668
f 6670 6663 6669
f 6671 6662 6663
f 6671 6663 6670
f 6655 6656 6657
f 6672 6661 6662
f 6672 6662 6671
f 6647 6660 6661
f 6647 6661 6672
f 6653 6654 6655
f 6648 6659 6660
f 6648 6660 6647
f 6652 6655 6657
f 6652 6653 6655
f 6649 6658 6659
f 6649 6659 6648
f 6650 6651 6652
f 6650 6657 6658
f 6650 6652 6657
f 6650 6658 6649
f 6694 6692 6691
f 6694 6693 6692
f 6695 6690 6689
f 6695 6691 6690
f 6695 6694 6691
f 6696 6695 6689
f 6697 6689 6688
f 6697 6696 6689
f 6681 6683 6682
f 6698 6688 6687
f 6698 6697 6688
f 6673 6687 6686
f 6673 6698 6687
f 6679 6681 6680
f 6674 6686 6685
f 6674 6673 6686
f 6678 6683 6681
f 6678 6681 6679
f 6675 6685 6684
f 6675 6674 6685
f 6676 6678 6677
f 6676 6684 6683
f 6676 6683 6678
f 6676 6675 6684

o support_3_fastener_2
usemtl mat_b8bdc2ff
v -2832.0000 2838.0000 -100.0000
v -2832.1743 2836.5641 -100.0000
v -2832.6873 2835.2117 -100.0000
v -2833.5089 2834.0213 -100.0000
v -2834.5916 2833.0621 -100.0000
v -2835.8724 2832.3899 -100.0000
v -2837.2768 2832.0437 -100.0000
v -2838.7232 2832.0437 -100.0000
v -2840.1276 2832.3899 -100.0000
v -2841.4084 2833.0621 -100.0000
v -2842.4911 2834.0213 -100.0000
v -2843.3127 2835.2117 -100.0000
v -2843.8256 2836.5641 -100.0000
v -2844.0000 2838.0000 -100.0000
v -2843.8256 2839.4359 -100.0000
v -2843.3127 2840.7883 -100.0000
v -2842.4911 2841.9787 -100.0000
v -2841.4084 2842.9379 -100.0000
v -2840.1276 2843.6101 -100.0000
v -2838.7232 2843.9563 -100.0000
v -2837.2768 2843.9563 -100.0000
v -2835.8724 2843.6101 -100.0000
v -2834.5916 2842.9379 -100.0000
v -2833.5089 2841.9787 -100.0000
v -2832.6873 2840.7883 -100.0000
v -2832.1743 2839.4359 -100.0000
v -2832.0000 2838.0000 -100.0000
v -2832.0000 2838.0000 12.0000
v -2832.0000 2838.0000 12.0000
v -2832.1743 2836.5641 12.0000
v -2832.6873 2835.2117 12.0000
v -2833.5089 2834.0213 12.0000
v -2834.5916 2833.0621 12.0000
v -2835.8724 2832.3899 12.0000
v -2837.2768 2832.0437 12.0000
v -2838.7232 2832.0437 12.0000
v -2840.1276 2832.3899 12.0000
v -2841.4084 2833.0621 12.0000
v -2842.4911 2834.0213 12.0000
v -2843.3127 2835.2117 12.0000
v -2843.8256 2836.5641 12.0000
v -2844.0000 2838.0000 12.0000
v -2843.8256 2839.4359 12.0000
v -2843.3127 2840.7883 12.0000
v -2842.4911 2841.9787 12.0000
v -2841.4084 2842.9379 12.0000
v -2840.1276 2843.6101 12.0000
v -2838.7232 2843.9563 12.0000
v -2837.2768 2843.9563 12.0000
v -2835.8724 2843.6101 12.0000
v -2834.5916 2842.9379 12.0000
v -2833.5089 2841.9787 12.0000
v -2832.6873 2840.7883 12.0000
v -2832.1743 2839.4359 12.0000
v -2832.0000 2838.0000 -100.0000
v -2832.1743 2836.5641 -100.0000
v -2832.6873 2835.2117 -100.0000
v -2833.5089 2834.0213 -100.0000
v -2834.5916 2833.0621 -100.0000
v -2835.8724 2832.3899 -100.0000
v -2837.2768 2832.0437 -100.0000
v -2838.7232 2832.0437 -100.0000
v -2840.1276 2832.3899 -100.0000
v -2841.4084 2833.0621 -100.0000
v -2842.4911 2834.0213 -100.0000
v -2843.3127 2835.2117 -100.0000
v -2843.8256 2836.5641 -100.0000
v -2844.0000 2838.0000 -100.0000
v -2843.8256 2839.4359 -100.0000
v -2843.3127 2840.7883 -100.0000
v -2842.4911 2841.9787 -100.0000
v -2841.4084 2842.9379 -100.0000
v -2840.1276 2843.6101 -100.0000
v -2838.7232 2843.9563 -100.0000
v -2837.2768 2843.9563 -100.0000
v -2835.8724 2843.6101 -100.0000
v -2834.5916 2842.9379 -100.0000
v -2833.5089 2841.9787 -100.0000
v -2832.6873 2840.7883 -100.0000
v -2832.1743 2839.4359 -100.0000
v -2832.0000 2838.0000 12.0000
v -2832.1743 2836.5641 12.0000
v -2832.6873 2835.2117 12.0000
v -2833.5089 2834.0213 12.0000
v -2834.5916 2833.0621 12.0000
v -2835.8724 2832.3899 12.0000
v -2837.2768 2832.0437 12.0000
v -2838.7232 2832.0437 12.0000
v -2840.1276 2832.3899 12.0000
v -2841.4084 2833.0621 12.0000
v -2842.4911 2834.0213 12.0000
v -2843.3127 2835.2117 12.0000
v -2843.8256 2836.5641 12.0000
v -2844.0000 2838.0000 12.0000
v -2843.8256 2839.4359 12.0000
v -2843.3127 2840.7883 12.0000
v -2842.4911 2841.9787 12.0000
v -2841.4084 2842.9379 12.0000
v -2840.1276 2843.6101 12.0000
v -2838.7232 2843.9563 12.0000
v -2837.2768 2843.9563 12.0000
v -2835.8724 2843.6101 12.0000
v -2834.5916 2842.9379 12.0000
v -2833.5089 2841.9787 12.0000
v -2832.6873 2840.7883 12.0000
v -2832.1743 2839.4359 12.0000
f 6699 6726 6728
f 6700 6728 6729
f 6700 6699 6728
f 6701 6700 6729
f 6702 6729 6730
f 6702 6730 6731
f 6702 6701 6729
f 6703 6702 6731
f 6704 6731 6732
f 6704 6703 6731
f 6705 6732 6733
f 6705 6733 6734
f 6705 6704 6732
f 6706 6705 6734
f 6707 6734 6735
f 6707 6706 6734
f 6708 6735 6736
f 6708 6707 6735
f 6709 6736 6737
f 6709 6708 6736
f 6710 6737 6738
f 6710 6709 6737
f 6711 6710 6738
f 6711 6738 6739
f 6712 6711 6739
f 6712 6739 6740
f 6713 6712 6740
f 6713 6740 6741
f 6714 6713 6741
f 6714 6741 6742
f 6715 6714 6742
f 6715 6742 6743
f 6715 6743 6744
f 6716 6715 6744
f 6717 6716 6744
f 6717 6744 6745
f 6718 6717 6745
f 6718 6745 6746
f 6718 6746 6747
f 6719 6718 6747
f 6719 6747 6748
f 6720 6719 6748
f 6720 6748 6749
f 6721 6720 6749
f 6722 6721 6749
f 6722 6749 6750
f 6723 6750 6751
f 6723 6722 6750
f 6724 6751 6752
f 6724 6723 6751
f 6725 6724 6752
f 6725 6752 6727
f 6774 6771 6772
f 6774 6772 6773
f 6775 6769 6770
f 6775 6770 6771
f 6775 6771 6774
f 6776 6769 6775
f 6777 6768 6769
f 6777 6769 6776
f 6761 6762 6763
f 6778 6767 6768
f 6778 6768 6777
f 6753 6766 6767
f 6753 6767 6778
f 6759 6760 6761
f 6754 6765 6766
f 6754 6766 6753
f 6758 6761 6763
f 6758 6759 6761
f 6755 6764 6765
f 6755 6765 6754
f 6756 6757 6758
f 6756 6763 6764
f 6756 6758 6763
f 6756 6764 6755
f 6800 6798 6797
f 6800 6799 6798
f 6801 6796 6795
f 6801 6797 6796
f 6801 6800 6797
f 6802 6801 6795
f 6803 6795 6794
f 6803 6802 6795
f 6787 6789 6788
f 6804 6794 6793
f 6804 6803 6794
f 6779 6793 6792
f 6779 6804 6793
f 6785 6787 6786
f 6780 6792 6791
f 6780 6779 6792
f 6784 6789 6787
f 6784 6787 6785
f 6781 6791 6790
f 6781 6780 6791
f 6782 6784 6783
f 6782 6790 6789
f 6782 6789 6784
f 6782 6781 6790

o support_3_fastener_3
usemtl mat_b8bdc2ff
v -2832.0000 2942.0000 -100.0000
v -2832.1743 2940.5641 -100.0000
v -2832.6873 2939.2117 -100.0000
v -2833.5089 2938.0213 -100.0000
v -2834.5916 2937.0621 -100.0000
v -2835.8724 2936.3899 -100.0000
v -2837.2768 2936.0437 -100.0000
v -2838.7232 2936.0437 -100.0000
v -2840.1276 2936.3899 -100.0000
v -2841.4084 2937.0621 -100.0000
v -2842.4911 2938.0213 -100.0000
v -2843.3127 2939.2117 -100.0000
v -2843.8256 2940.5641 -100.0000
v -2844.0000 2942.0000 -100.0000
v -2843.8256 2943.4359 -100.0000
v -2843.3127 2944.7883 -100.0000
v -2842.4911 2945.9787 -100.0000
v -2841.4084 2946.9379 -100.0000
v -2840.1276 2947.6101 -100.0000
v -2838.7232 2947.9563 -100.0000
v -2837.2768 2947.9563 -100.0000
v -2835.8724 2947.6101 -100.0000
v -2834.5916 2946.9379 -100.0000
v -2833.5089 2945.9787 -100.0000
v -2832.6873 2944.7883 -100.0000
v -2832.1743 2943.4359 -100.0000
v -2832.0000 2942.0000 -100.0000
v -2832.0000 2942.0000 12.0000
v -2832.0000 2942.0000 12.0000
v -2832.1743 2940.5641 12.0000
v -2832.6873 2939.2117 12.0000
v -2833.5089 2938.0213 12.0000
v -2834.5916 2937.0621 12.0000
v -2835.8724 2936.3899 12.0000
v -2837.2768 2936.0437 12.0000
v -2838.7232 2936.0437 12.0000
v -2840.1276 2936.3899 12.0000
v -2841.4084 2937.0621 12.0000
v -2842.4911 2938.0213 12.0000
v -2843.3127 2939.2117 12.0000
v -2843.8256 2940.5641 12.0000
v -2844.0000 2942.0000 12.0000
v -2843.8256 2943.4359 12.0000
v -2843.3127 2944.7883 12.0000
v -2842.4911 2945.9787 12.0000
v -2841.4084 2946.9379 12.0000
v -2840.1276 2947.6101 12.0000
v -2838.7232 2947.9563 12.0000
v -2837.2768 2947.9563 12.0000
v -2835.8724 2947.6101 12.0000
v -2834.5916 2946.9379 12.0000
v -2833.5089 2945.9787 12.0000
v -2832.6873 2944.7883 12.0000
v -2832.1743 2943.4359 12.0000
v -2832.0000 2942.0000 -100.0000
v -2832.1743 2940.5641 -100.0000
v -2832.6873 2939.2117 -100.0000
v -2833.5089 2938.0213 -100.0000
v -2834.5916 2937.0621 -100.0000
v -2835.8724 2936.3899 -100.0000
v -2837.2768 2936.0437 -100.0000
v -2838.7232 2936.0437 -100.0000
v -2840.1276 2936.3899 -100.0000
v -2841.4084 2937.0621 -100.0000
v -2842.4911 2938.0213 -100.0000
v -2843.3127 2939.2117 -100.0000
v -2843.8256 2940.5641 -100.0000
v -2844.0000 2942.0000 -100.0000
v -2843.8256 2943.4359 -100.0000
v -2843.3127 2944.7883 -100.0000
v -2842.4911 2945.9787 -100.0000
v -2841.4084 2946.9379 -100.0000
v -2840.1276 2947.6101 -100.0000
v -2838.7232 2947.9563 -100.0000
v -2837.2768 2947.9563 -100.0000
v -2835.8724 2947.6101 -100.0000
v -2834.5916 2946.9379 -100.0000
v -2833.5089 2945.9787 -100.0000
v -2832.6873 2944.7883 -100.0000
v -2832.1743 2943.4359 -100.0000
v -2832.0000 2942.0000 12.0000
v -2832.1743 2940.5641 12.0000
v -2832.6873 2939.2117 12.0000
v -2833.5089 2938.0213 12.0000
v -2834.5916 2937.0621 12.0000
v -2835.8724 2936.3899 12.0000
v -2837.2768 2936.0437 12.0000
v -2838.7232 2936.0437 12.0000
v -2840.1276 2936.3899 12.0000
v -2841.4084 2937.0621 12.0000
v -2842.4911 2938.0213 12.0000
v -2843.3127 2939.2117 12.0000
v -2843.8256 2940.5641 12.0000
v -2844.0000 2942.0000 12.0000
v -2843.8256 2943.4359 12.0000
v -2843.3127 2944.7883 12.0000
v -2842.4911 2945.9787 12.0000
v -2841.4084 2946.9379 12.0000
v -2840.1276 2947.6101 12.0000
v -2838.7232 2947.9563 12.0000
v -2837.2768 2947.9563 12.0000
v -2835.8724 2947.6101 12.0000
v -2834.5916 2946.9379 12.0000
v -2833.5089 2945.9787 12.0000
v -2832.6873 2944.7883 12.0000
v -2832.1743 2943.4359 12.0000
f 6805 6832 6834
f 6806 6834 6835
f 6806 6805 6834
f 6807 6806 6835
f 6808 6835 6836
f 6808 6836 6837
f 6808 6807 6835
f 6809 6808 6837
f 6810 6837 6838
f 6810 6809 6837
f 6811 6838 6839
f 6811 6839 6840
f 6811 6810 6838
f 6812 6811 6840
f 6813 6840 6841
f 6813 6812 6840
f 6814 6841 6842
f 6814 6813 6841
f 6815 6842 6843
f 6815 6814 6842
f 6816 6843 6844
f 6816 6815 6843
f 6817 6816 6844
f 6817 6844 6845
f 6818 6817 6845
f 6818 6845 6846
f 6819 6818 6846
f 6819 6846 6847
f 6820 6819 6847
f 6820 6847 6848
f 6821 6820 6848
f 6821 6848 6849
f 6821 6849 6850
f 6822 6821 6850
f 6823 6822 6850
f 6823 6850 6851
f 6824 6823 6851
f 6824 6851 6852
f 6824 6852 6853
f 6825 6824 6853
f 6825 6853 6854
f 6826 6825 6854
f 6826 6854 6855
f 6827 6826 6855
f 6828 6827 6855
f 6828 6855 6856
f 6829 6856 6857
f 6829 6828 6856
f 6830 6857 6858
f 6830 6829 6857
f 6831 6830 6858
f 6831 6858 6833
f 6880 6877 6878
f 6880 6878 6879
f 6881 6875 6876
f 6881 6876 6877
f 6881 6877 6880
f 6882 6875 6881
f 6883 6874 6875
f 6883 6875 6882
f 6867 6868 6869
f 6884 6873 6874
f 6884 6874 6883
f 6859 6872 6873
f 6859 6873 6884
f 6865 6866 6867
f 6860 6871 6872
f 6860 6872 6859
f 6864 6867 6869
f 6864 6865 6867
f 6861 6870 6871
f 6861 6871 6860
f 6862 6863 6864
f 6862 6869 6870
f 6862 6864 6869
f 6862 6870 6861
f 6906 6904 6903
f 6906 6905 6904
f 6907 6902 6901
f 6907 6903 6902
f 6907 6906 6903
f 6908 6907 6901
f 6909 6901 6900
f 6909 6908 6901
f 6893 6895 6894
f 6910 6900 6899
f 6910 6909 6900
f 6885 6899 6898
f 6885 6910 6899
f 6891 6893 6892
f 6886 6898 6897
f 6886 6885 6898
f 6890 6895 6893
f 6890 6893 6891
f 6887 6897 6896
f 6887 6886 6897
f 6888 6890 6889
f 6888 6896 6895
f 6888 6895 6890
f 6888 6887 6896

o support_3_fastener_4
usemtl mat_b8bdc2ff
v -2890.0000 2822.1357 324.8675
v -2889.0427 2822.2492 324.8927
v -2888.1411 2822.5830 324.9667
v -2887.3475 2823.1178 325.0853
v -2886.7081 2823.8225 325.2415
v -2886.2599 2824.6561 325.4263
v -2886.0292 2825.5702 325.6289
v -2886.0292 2826.5116 325.8376
v -2886.2599 2827.4257 326.0403
v -2886.7081 2828.2593 326.2251
v -2887.3475 2828.9639 326.3813
v -2888.1411 2829.4987 326.4999
v -2889.0427 2829.8326 326.5739
v -2890.0000 2829.9461 326.5990
v -2890.9573 2829.8326 326.5739
v -2891.8589 2829.4987 326.4999
v -2892.6525 2828.9639 326.3813
v -2893.2919 2828.2593 326.2251
v -2893.7401 2827.4257 326.0403
v -2893.9708 2826.5116 325.8376
v -2893.9708 2825.5702 325.6289
v -2893.7401 2824.6561 325.4263
v -2893.2919 2823.8225 325.2415
v -2892.6525 2823.1178 325.0853
v -2891.8589 2822.5830 324.9667
v -2890.9573 2822.2492 324.8927
v -2890.0000 2822.1357 324.8675
v -2890.0000 2861.0948 149.1342
v -2890.0000 2861.0948 149.1342
v -2889.0427 2861.2083 149.1594
v -2888.1411 2861.5421 149.2334
v -2887.3475 2862.0769 149.3520
v -2886.7081 2862.7816 149.5082
v -2886.2599 2863.6152 149.6930
v -2886.0292 2864.5293 149.8956
v -2886.0292 2865.4707 150.1044
v -2886.2599 2866.3848 150.3070
v -2886.7081 2867.2184 150.4918
v -2887.3475 2867.9231 150.6480
v -2888.1411 2868.4579 150.7666
v -2889.0427 2868.7917 150.8406
v -2890.0000 2868.9052 150.8658
v -2890.9573 2868.7917 150.8406
v -2891.8589 2868.4579 150.7666
v -2892.6525 2867.9231 150.6480
v -2893.2919 2867.2184 150.4918
v -2893.7401 2866.3848 150.3070
v -2893.9708 2865.4707 150.1044
v -2893.9708 2864.5293 149.8956
v -2893.7401 2863.6152 149.6930
v -2893.2919 2862.7816 149.5082
v -2892.6525 2862.0769 149.3520
v -2891.8589 2861.5421 149.2334
v -2890.9573 2861.2083 149.1594
v -2890.0000 2822.1357 324.8675
v -2889.0427 2822.2492 324.8927
v -2888.1411 2822.5830 324.9667
v -2887.3475 2823.1178 325.0853
v -2886.7081 2823.8225 325.2415
v -2886.2599 2824.6561 325.4263
v -2886.0292 2825.5702 325.6289
v -2886.0292 2826.5116 325.8376
v -2886.2599 2827.4257 326.0403
v -2886.7081 2828.2593 326.2251
v -2887.3475 2828.9639 326.3813
v -2888.1411 2829.4987 326.4999
v -2889.0427 2829.8326 326.5739
v -2890.0000 2829.9461 326.5990
v -2890.9573 2829.8326 326.5739
v -2891.8589 2829.4987 326.4999
v -2892.6525 2828.9639 326.3813
v -2893.2919 2828.2593 326.2251
v -2893.7401 2827.4257 326.0403
v -2893.9708 2826.5116 325.8376
v -2893.9708 2825.5702 325.6289
v -2893.7401 2824.6561 325.4263
v -2893.2919 2823.8225 325.2415
v -2892.6525 2823.1178 325.0853
v -2891.8589 2822.5830 324.9667
v -2890.9573 2822.2492 324.8927
v -2890.0000 2861.0948 149.1342
v -2889.0427 2861.2083 149.1594
v -2888.1411 2861.5421 149.2334
v -2887.3475 2862.0769 149.3520
v -2886.7081 2862.7816 149.5082
v -2886.2599 2863.6152 149.6930
v -2886.0292 2864.5293 149.8956
v -2886.0292 2865.4707 150.1044
v -2886.2599 2866.3848 150.3070
v -2886.7081 2867.2184 150.4918
v -2887.3475 2867.9231 150.6480
v -2888.1411 2868.4579 150.7666
v -2889.0427 2868.7917 150.8406
v -2890.0000 2868.9052 150.8658
v -2890.9573 2868.7917 150.8406
v -2891.8589 2868.4579 150.7666
v -2892.6525 2867.9231 150.6480
v -2893.2919 2867.2184 150.4918
v -2893.7401 2866.3848 150.3070
v -2893.9708 2865.4707 150.1044
v -2893.9708 2864.5293 149.8956
v -2893.7401 2863.6152 149.6930
v -2893.2919 2862.7816 149.5082
v -2892.6525 2862.0769 149.3520
v -2891.8589 2861.5421 149.2334
v -2890.9573 2861.2083 149.1594
f 6912 6911 6938
f 6912 6938 6940
f 6913 6940 6941
f 6913 6941 6942
f 6913 6912 6940
f 6914 6913 6942
f 6915 6942 6943
f 6915 6914 6942
f 6916 6943 6944
f 6916 6915 6943
f 6917 6944 6945
f 6917 6916 6944
f 6918 6945 6946
f 6918 6917 6945
f 6919 6946 6947
f 6919 6947 6948
f 6919 6918 6946
f 6920 6919 6948
f 6921 6948 6949
f 6921 6920 6948
f 6922 6949 6950
f 6922 6921 6949
f 6923 6922 6950
f 6923 6950 6951
f 6924 6923 6951
f 6924 6951 6952
f 6924 6952 6953
f 6925 6924 6953
f 6926 6925 6953
f 6926 6953 6954
f 6927 6926 6954
f 6927 6954 6955
f 6928 6927 6955
f 6928 6955 6956
f 6929 6928 6956
f 6929 6956 6957
f 6930 6929 6957
f 6930 6957 6958
f 6930 6958 6959
f 6931 6930 6959
f 6932 6931 6959
f 6932 6959 6960
f 6933 6932 6960
f 6933 6960 6961
f 6934 6933 6961
f 6934 6961 6962
f 6935 6962 6963
f 6935 6934 6962
f 6936 6963 6964
f 6936 6935 6963
f 6937 6936 6964
f 6937 6964 6939
f 6986 6983 6984
f 6986 6984 6985
f 6987 6981 6982
f 6987 6982 6983
f 6987 6983 6986
f 6988 6981 6987
f 6989 6980 6981
f 6989 6981 6988
f 6990 6979 6980
f 6990 6980 6989
f 6965 6978 6979
f 6965 6979 6990
f 6966 6977 6978
f 6966 6978 6965
f 6970 6971 6972
f 6970 6972 6973
f 6967 6975 6976
f 6967 6976 6977
f 6967 6977 6966
f 6969 6973 6974
f 6969 6970 6973
f 6968 6974 6975
f 6968 6975 6967
f 6968 6969 6974
f 7011 7010 7009
f 7012 7011 7009
f 7013 7009 7008
f 7013 7012 7009
f 7014 7008 7007
f 7014 7013 7008
f 7015 7007 7006
f 7015 7014 7007
f 7016 7005 7004
f 7016 7006 7005
f 7016 7015 7006
f 6991 7016 7004
f 6997 6999 6998
f 6992 7004 7003
f 6992 6991 7004
f 6996 6999 6997
f 6993 7003 7002
f 6993 6992 7003
f 6995 7000 6999
f 6995 6999 6996
f 6994 7001 7000
f 6994 7002 7001
f 6994 6993 7002
f 6994 7000 6995

o support_3_fastener_5
usemtl mat_b8bdc2ff
v -2838.5380 2921.9796 326.4875
v -2838.4043 2921.0279 326.5673
v -2838.0501 2920.1316 326.5987
v -2837.4960 2919.3427 326.5797
v -2836.7741 2918.7070 326.5116
v -2835.9264 2918.2615 326.3982
v -2835.0022 2918.0321 326.2462
v -2834.0552 2918.0321 326.0644
v -2833.1405 2918.2615 325.8633
v -2832.3111 2918.7070 325.6547
v -2831.6153 2919.3427 325.4507
v -2831.0935 2920.1316 325.2630
v -2830.7761 2921.0279 325.1027
v -2830.6815 2921.9796 324.9791
v -2830.8152 2922.9312 324.8993
v -2831.1694 2923.8275 324.8679
v -2831.7236 2924.6165 324.8869
v -2832.4454 2925.2522 324.9550
v -2833.2931 2925.6977 325.0683
v -2834.2173 2925.9271 325.2204
v -2835.1643 2925.9271 325.4022
v -2836.0791 2925.6977 325.6032
v -2836.9084 2925.2522 325.8119
v -2837.6042 2924.6165 326.0159
v -2838.1260 2923.8275 326.2035
v -2838.4434 2922.9312 326.3638
v -2838.5380 2921.9796 326.4875
v -2872.2776 2902.5000 150.7542
v -2872.2776 2902.5000 150.7542
v -2872.1439 2901.5484 150.8340
v -2871.7897 2900.6520 150.8654
v -2871.2356 2899.8631 150.8464
v -2870.5137 2899.2274 150.7783
v -2869.6660 2898.7819 150.6649
v -2868.7418 2898.5525 150.5129
v -2867.7948 2898.5525 150.3311
v -2866.8801 2898.7819 150.1300
v -2866.0507 2899.2274 149.9214
v -2865.3549 2899.8631 149.7174
v -2864.8331 2900.6520 149.5298
v -2864.5157 2901.5484 149.3695
v -2864.4211 2902.5000 149.2458
v -2864.5548 2903.4516 149.1660
v -2864.9090 2904.3480 149.1346
v -2865.4631 2905.1369 149.1536
v -2866.1850 2905.7726 149.2217
v -2867.0327 2906.2181 149.3351
v -2867.9569 2906.4475 149.4871
v -2868.9039 2906.4475 149.6689
v -2869.8187 2906.2181 149.8700
v -2870.6480 2905.7726 150.0786
v -2871.3438 2905.1369 150.2826
v -2871.8656 2904.3480 150.4702
v -2872.1830 2903.4516 150.6305
v -2838.5380 2921.9796 326.4875
v -2838.4043 2921.0279 326.5673
v -2838.0501 2920.1316 326.5987
v -2837.4960 2919.3427 326.5797
v -2836.7741 2918.7070 326.5116
v -2835.9264 2918.2615 326.3982
v -2835.0022 2918.0321 326.2462
v -2834.0552 2918.0321 326.0644
v -2833.1405 2918.2615 325.8633
v -2832.3111 2918.7070 325.6547
v -2831.6153 2919.3427 325.4507
v -2831.0935 2920.1316 325.2630
v -2830.7761 2921.0279 325.1027
v -2830.6815 2921.9796 324.9791
v -2830.8152 2922.9312 324.8993
v -2831.1694 2923.8275 324.8679
v -2831.7236 2924.6165 324.8869
v -2832.4454 2925.2522 324.9550
v -2833.2931 2925.6977 325.0683
v -2834.2173 2925.9271 325.2204
v -2835.1643 2925.9271 325.4022
v -2836.0791 2925.6977 325.6032
v -2836.9084 2925.2522 325.8119
v -2837.6042 2924.6165 326.0159
v -2838.1260 2923.8275 326.2035
v -2838.4434 2922.9312 326.3638
v -2872.2776 2902.5000 150.7542
v -2872.1439 2901.5484 150.8340
v -2871.7897 2900.6520 150.8654
v -2871.2356 2899.8631 150.8464
v -2870.5137 2899.2274 150.7783
v -2869.6660 2898.7819 150.6649
v -2868.7418 2898.5525 150.5129
v -2867.7948 2898.5525 150.3311
v -2866.8801 2898.7819 150.1300
v -2866.0507 2899.2274 149.9214
v -2865.3549 2899.8631 149.7174
v -2864.8331 2900.6520 149.5298
v -2864.5157 2901.5484 149.3695
v -2864.4211 2902.5000 149.2458
v -2864.5548 2903.4516 149.1660
v -2864.9090 2904.3480 149.1346
v -2865.4631 2905.1369 149.1536
v -2866.1850 2905.7726 149.2217
v -2867.0327 2906.2181 149.3351
v -2867.9569 2906.4475 149.4871
v -2868.9039 2906.4475 149.6689
v -2869.8187 2906.2181 149.8700
v -2870.6480 2905.7726 150.0786
v -2871.3438 2905.1369 150.2826
v -2871.8656 2904.3480 150.4702
v -2872.1830 2903.4516 150.6305
f 7018 7017 7044
f 7018 7044 7046
f 7019 7046 7047
f 7019 7047 7048
f 7019 7018 7046
f 7020 7019 7048
f 7021 7048 7049
f 7021 7020 7048
f 7022 7049 7050
f 7022 7021 7049
f 7023 7050 7051
f 7023 7022 7050
f 7024 7051 7052
f 7024 7023 7051
f 7025 7052 7053
f 7025 7053 7054
f 7025 7024 7052
f 7026 7025 7054
f 7027 7054 7055
f 7027 7026 7054
f 7028 7055 7056
f 7028 7027 7055
f 7029 7028 7056
f 7029 7056 7057
f 7030 7029 7057
f 7030 7057 7058
f 7030 7058 7059
f 7031 7030 7059
f 7032 7031 7059
f 7032 7059 7060
f 7033 7032 7060
f 7033 7060 7061
f 7034 7033 7061
f 7034 7061 7062
f 7035 7034 7062
f 7035 7062 7063
f 7036 7035 7063
f 7036 7063 7064
f 7036 7064 7065
f 7037 7036 7065
f 7038 7037 7065
f 7038 7065 7066
f 7039 7038 7066
f 7039 7066 7067
f 7040 7039 7067
f 7040 7067 7068
f 7041 7068 7069
f 7041 7040 7068
f 7042 7069 7070
f 7042 7041 7069
f 7043 7042 7070
f 7043 7070 7045
f 7083 7084 7085
f 7083 7085 7086
f 7081 7082 7083
f 7081 7086 7087
f 7081 7087 7088
f 7081 7083 7086
f 7080 7088 7089
f 7080 7081 7088
f 7079 7080 7089
f 7078 7089 7090
f 7078 7079 7089
f 7077 7090 7091
f 7077 7078 7090
f 7072 7095 7096
f 7072 7096 7071
f 7076 7091 7092
f 7076 7077 7091
f 7075 7076 7092
f 7074 7072 7073
f 7074 7092 7093
f 7074 7093 7094
f 7074 7094 7095
f 7074 7095 7072
f 7074 7075 7092
f 7108 7110 7109
f 7108 7111 7110
f 7108 7112 7111
f 7107 7113 7112
f 7107 7112 7108
f 7106 7114 7113
f 7106 7115 7114
f 7106 7113 7107
f 7105 7115 7106
f 7104 7116 7115
f 7104 7115 7105
f 7103 7117 7116
f 7103 7116 7104
f 7098 7122 7121
f 7098 7097 7122
f 7102 7118 7117
f 7102 7117 7103
f 7100 7099 7098
f 7100 7102 7101
f 7100 7119 7118
f 7100 7120 7119
f 7100 7121 7120
f 7100 7098 7121
f 7100 7118 7102

o support_3_fastener_6
usemtl mat_b8bdc2ff
v -2949.3185 2921.9796 324.9791
v -2949.2239 2921.0279 325.1027
v -2948.9065 2920.1316 325.2630
v -2948.3847 2919.3427 325.4507
v -2947.6889 2918.7070 325.6547
v -2946.8595 2918.2615 325.8633
v -2945.9448 2918.0321 326.0644
v -2944.9978 2918.0321 326.2462
v -2944.0736 2918.2615 326.3982
v -2943.2259 2918.7070 326.5116
v -2942.5040 2919.3427 326.5797
v -2941.9499 2920.1316 326.5987
v -2941.5957 2921.0279 326.5673
v -2941.4620 2921.9796 326.4875
v -2941.5566 2922.9312 326.3638
v -2941.8740 2923.8275 326.2035
v -2942.3958 2924.6165 326.0159
v -2943.0916 2925.2522 325.8119
v -2943.9209 2925.6977 325.6032
v -2944.8357 2925.9271 325.4022
v -2945.7827 2925.9271 325.2204
v -2946.7069 2925.6977 325.0683
v -2947.5546 2925.2522 324.9550
v -2948.2764 2924.6165 324.8869
v -2948.8306 2923.8275 324.8679
v -2949.1848 2922.9312 324.8993
v -2949.3185 2921.9796 324.9791
v -2915.5789 2902.5000 149.2458
v -2915.5789 2902.5000 149.2458
v -2915.4843 2901.5484 149.3695
v -2915.1669 2900.6520 149.5298
v -2914.6451 2899.8631 149.7174
v -2913.9493 2899.2274 149.9214
v -2913.1199 2898.7819 150.1300
v -2912.2052 2898.5525 150.3311
v -2911.2582 2898.5525 150.5129
v -2910.3340 2898.7819 150.6649
v -2909.4863 2899.2274 150.7783
v -2908.7644 2899.8631 150.8464
v -2908.2103 2900.6520 150.8654
v -2907.8561 2901.5484 150.8340
v -2907.7224 2902.5000 150.7542
v -2907.8170 2903.4516 150.6305
v -2908.1344 2904.3480 150.4702
v -2908.6562 2905.1369 150.2826
v -2909.3520 2905.7726 150.0786
v -2910.1813 2906.2181 149.8700
v -2911.0961 2906.4475 149.6689
v -2912.0431 2906.4475 149.4871
v -2912.9673 2906.2181 149.3351
v -2913.8150 2905.7726 149.2217
v -2914.5369 2905.1369 149.1536
v -2915.0910 2904.3480 149.1346
v -2915.4452 2903.4516 149.1660
v -2949.3185 2921.9796 324.9791
v -2949.2239 2921.0279 325.1027
v -2948.9065 2920.1316 325.2630
v -2948.3847 2919.3427 325.4507
v -2947.6889 2918.7070 325.6547
v -2946.8595 2918.2615 325.8633
v -2945.9448 2918.0321 326.0644
v -2944.9978 2918.0321 326.2462
v -2944.0736 2918.2615 326.3982
v -2943.2259 2918.7070 326.5116
v -2942.5040 2919.3427 326.5797
v -2941.9499 2920.1316 326.5987
v -2941.5957 2921.0279 326.5673
v -2941.4620 2921.9796 326.4875
v -2941.5566 2922.9312 326.3638
v -2941.8740 2923.8275 326.2035
v -2942.3958 2924.6165 326.0159
v -2943.0916 2925.2522 325.8119
v -2943.9209 2925.6977 325.6032
v -2944.8357 2925.9271 325.4022
v -2945.7827 2925.9271 325.2204
v -2946.7069 2925.6977 325.0683
v -2947.5546 2925.2522 324.9550
v -2948.2764 2924.6165 324.8869
v -2948.8306 2923.8275 324.8679
v -2949.1848 2922.9312 324.8993
v -2915.5789 2902.5000 149.2458
v -2915.4843 2901.5484 149.3695
v -2915.1669 2900.6520 149.5298
v -2914.6451 2899.8631 149.7174
v -2913.9493 2899.2274 149.9214
v -2913.1199 2898.7819 150.1300
v -2912.2052 2898.5525 150.3311
v -2911.2582 2898.5525 150.5129
v -2910.3340 2898.7819 150.6649
v -2909.4863 2899.2274 150.7783
v -2908.7644 2899.8631 150.8464
v -2908.2103 2900.6520 150.8654
v -2907.8561 2901.5484 150.8340
v -2907.7224 2902.5000 150.7542
v -2907.8170 2903.4516 150.6305
v -2908.1344 2904.3480 150.4702
v -2908.6562 2905.1369 150.2826
v -2909.3520 2905.7726 150.0786
v -2910.1813 2906.2181 149.8700
v -2911.0961 2906.4475 149.6689
v -2912.0431 2906.4475 149.4871
v -2912.9673 2906.2181 149.3351
v -2913.8150 2905.7726 149.2217
v -2914.5369 2905.1369 149.1536
v -2915.0910 2904.3480 149.1346
v -2915.4452 2903.4516 149.1660
f 7124 7123 7150
f 7124 7150 7152
f 7125 7152 7153
f 7125 7153 7154
f 7125 7124 7152
f 7126 7125 7154
f 7127 7154 7155
f 7127 7126 7154
f 7128 7155 7156
f 7128 7127 7155
f 7129 7156 7157
f 7129 7128 7156
f 7130 7157 7158
f 7130 7129 7157
f 7131 7158 7159
f 7131 7159 7160
f 7131 7130 7158
f 7132 7131 7160
f 7133 7160 7161
f 7133 7132 7160
f 7134 7161 7162
f 7134 7133 7161
f 7135 7134 7162
f 7135 7162 7163
f 7136 7135 7163
f 7136 7163 7164
f 7136 7164 7165
f 7137 7136 7165
f 7138 7137 7165
f 7138 7165 7166
f 7139 7138 7166
f 7139 7166 7167
f 7140 7139 7167
f 7140 7167 7168
f 7141 7140 7168
f 7141 7168 7169
f 7142 7141 7169
f 7142 7169 7170
f 7142 7170 7171
f 7143 7142 7171
f 7144 7143 7171
f 7144 7171 7172
f 7145 7144 7172
f 7145 7172 7173
f 7146 7145 7173
f 7146 7173 7174
f 7147 7174 7175
f 7147 7146 7174
f 7148 7175 7176
f 7148 7147 7175
f 7149 7148 7176
f 7149 7176 7151
f 7189 7190 7191
f 7189 7191 7192
f 7187 7188 7189
f 7187 7192 7193
f 7187 7193 7194
f 7187 7189 7192
f 7186 7194 7195
f 7186 7187 7194
f 7185 7186 7195
f 7184 7195 7196
f 7184 7185 7195
f 7183 7196 7197
f 7183 7184 7196
f 7178 7201 7202
f 7178 7202 7177
f 7182 7197 7198
f 7182 7183 7197
f 7181 7182 7198
f 7180 7178 7179
f 7180 7198 7199
f 7180 7199 7200
f 7180 7200 7201
f 7180 7201 7178
f 7180 7181 7198
f 7214 7216 7215
f 7214 7217 7216
f 7214 7218 7217
f 7213 7219 7218
f 7213 7218 7214
f 7212 7220 7219
f 7212 7221 7220
f 7212 7219 7213
f 7211 7221 7212
f 7210 7222 7221
f 7210 7221 7211
f 7209 7223 7222
f 7209 7222 7210
f 7204 7228 7227
f 7204 7203 7228
f 7208 7224 7223
f 7208 7223 7209
f 7206 7205 7204
f 7206 7208 7207
f 7206 7225 7224
f 7206 7226 7225
f 7206 7227 7226
f 7206 7204 7227
f 7206 7224 7208
