# OBJ
# COMPAS
# version: 2.15.0
# precision: 3
# V F E: 2000 2796 4703

o Mesh 0
v -3040.000 -3040.000 -3650.000
v -3040.000 -3180.000 -3650.000
v -3180.000 -3180.000 -3638.000
v -3180.000 -3180.000 -3650.000
v -3180.000 -3040.000 -3638.000
v -3180.000 -3040.000 -3650.000
v -3040.000 -3040.000 -3638.000
v -3040.000 -3180.000 -3638.000
v -3050.500 -3162.000 -3638.000
v -3054.250 -3168.495 -3638.000
v -3061.750 -3168.495 -3638.000
v -3158.250 -3168.495 -3638.000
v -3154.500 -3162.000 -3638.000
v -3169.500 -3162.000 -3638.000
v -3165.750 -3168.495 -3638.000
v -3158.250 -3155.505 -3638.000
v -3061.750 -3051.505 -3638.000
v -3065.500 -3058.000 -3638.000
v -3050.500 -3058.000 -3638.000
v -3054.250 -3051.505 -3638.000
v -3054.250 -3064.495 -3638.000
v -3061.750 -3064.495 -3638.000
v -3154.500 -3058.000 -3638.000
v -3169.500 -3058.000 -3638.000
v -3165.750 -3064.495 -3638.000
v -3165.750 -3051.505 -3638.000
v -3158.250 -3051.505 -3638.000
v -3099.500 -3128.187 -3638.000
v -3089.000 -3110.000 -3638.000
v -3131.000 -3110.000 -3638.000
v -3099.500 -3091.813 -3638.000
v -3050.500 -3162.000 -3650.000
v -3054.250 -3168.495 -3650.000
v -3061.750 -3168.495 -3650.000
v -3158.250 -3168.495 -3650.000
v -3169.500 -3162.000 -3650.000
v -3165.750 -3168.495 -3650.000
v -3061.750 -3051.505 -3650.000
v -3050.500 -3058.000 -3650.000
v -3054.250 -3051.505 -3650.000
v -3169.500 -3058.000 -3650.000
v -3165.750 -3051.505 -3650.000
v -3158.250 -3051.505 -3650.000
v -3065.500 -3162.000 -3638.000
v -3065.500 -3162.000 -3650.000
v -3061.750 -3155.505 -3638.000
v -3061.750 -3155.505 -3650.000
v -3054.250 -3155.505 -3638.000
v -3054.250 -3155.505 -3650.000
v -3165.750 -3155.505 -3638.000
v -3165.750 -3155.505 -3650.000
v -3158.250 -3155.505 -3650.000
v -3154.500 -3162.000 -3650.000
v -3065.500 -3058.000 -3650.000
v -3054.250 -3064.495 -3650.000
v -3061.750 -3064.495 -3650.000
v -3158.250 -3064.495 -3638.000
v -3158.250 -3064.495 -3650.000
v -3165.750 -3064.495 -3650.000
v -3154.500 -3058.000 -3650.000
v -3057.000 -3110.000 -3512.000
v -3083.500 -3155.899 -3512.000
v -3136.500 -3155.899 -3512.000
v -3163.000 -3110.000 -3512.000
v -3136.500 -3064.101 -3512.000
v -3083.500 -3064.101 -3512.000
v -3057.000 -3110.000 -3500.000
v -3083.500 -3155.899 -3500.000
v -3136.500 -3155.899 -3500.000
v -3163.000 -3110.000 -3500.000
v -3136.500 -3064.101 -3500.000
v -3083.500 -3064.101 -3500.000
v -3078.250 -3110.000 -3512.000
v -3094.125 -3082.504 -3512.000
v -3125.875 -3082.504 -3512.000
v -3141.750 -3110.000 -3512.000
v -3125.875 -3137.496 -3512.000
v -3094.125 -3137.496 -3512.000
v -3094.125 -3082.504 -3542.000
v -3125.875 -3082.504 -3542.000
v -3141.750 -3110.000 -3542.000
v -3125.875 -3137.496 -3542.000
v -3094.125 -3137.496 -3542.000
v -3078.250 -3110.000 -3542.000
v -3095.000 -3110.000 -3542.000
v -3102.500 -3122.990 -3542.000
v -3117.500 -3122.990 -3542.000
v -3125.000 -3110.000 -3542.000
v -3117.500 -3097.010 -3542.000
v -3102.500 -3097.010 -3542.000
v -3095.000 -3110.000 -3586.000
v -3125.000 -3110.000 -3586.000
v -3102.500 -3097.010 -3586.000
v -3099.500 -3128.187 -3586.000
v -3120.500 -3128.187 -3586.000
v -3120.500 -3128.187 -3638.000
v -3131.000 -3110.000 -3586.000
v -3120.500 -3091.813 -3586.000
v -3120.500 -3091.813 -3638.000
v -3099.500 -3091.813 -3586.000
v -3089.000 -3110.000 -3586.000
v -3117.500 -3122.990 -3586.000
v -3102.500 -3122.990 -3586.000
v -3117.500 -3097.010 -3586.000
f 6 5 7
f 1 7 8
f 2 8 3
f 4 3 5
f 24 26 5
f 27 5 26
f 3 14 24
f 25 24 14
f 23 99 18
f 30 57 25
f 23 57 99
f 27 23 17
f 5 27 17
f 99 57 30
f 12 15 3
f 14 3 15
f 16 96 30
f 96 16 13
f 13 12 11
f 44 96 13
f 50 16 30
f 30 25 50
f 12 3 11
f 22 31 29
f 18 31 22
f 19 7 20
f 17 20 7
f 19 21 48
f 7 19 9
f 21 22 29
f 46 28 44
f 29 28 46
f 28 96 44
f 29 46 48
f 8 9 10
f 11 8 10
f 48 21 29
f 4 6 41
f 42 41 6
f 59 51 36
f 6 43 42
f 52 58 56
f 43 38 60
f 6 1 38
f 58 52 51
f 37 4 36
f 52 47 53
f 4 37 35
f 53 45 34
f 35 34 4
f 60 54 56
f 39 40 1
f 38 1 40
f 39 32 49
f 1 2 32
f 55 49 47
f 34 33 2
f 32 2 33
f 45 47 46
f 47 49 48
f 49 32 9
f 32 33 10
f 33 34 11
f 34 45 44
f 53 35 12
f 35 37 15
f 37 36 14
f 36 51 50
f 51 52 16
f 52 53 13
f 54 38 17
f 38 40 20
f 40 39 19
f 39 55 21
f 55 56 22
f 56 54 18
f 60 58 57
f 58 59 25
f 59 41 24
f 41 42 26
f 42 43 27
f 43 60 23
f 61 67 68
f 62 68 69
f 63 69 70
f 64 70 71
f 65 71 72
f 66 72 67
f 62 78 61
f 73 61 78
f 63 78 62
f 66 61 74
f 73 74 61
f 65 66 74
f 64 76 77
f 78 63 77
f 63 64 77
f 65 75 64
f 76 64 75
f 74 75 65
f 73 84 79
f 74 79 80
f 75 80 81
f 76 81 82
f 77 82 83
f 78 83 84
f 87 82 81
f 86 82 87
f 88 87 81
f 80 89 81
f 88 81 89
f 79 89 80
f 84 86 85
f 82 86 83
f 83 86 84
f 79 84 90
f 85 90 84
f 89 79 90
f 91 85 86
f 102 87 88
f 92 88 89
f 93 90 85
f 29 101 94
f 28 94 95
f 96 95 97
f 30 97 98
f 99 98 100
f 31 100 101
f 103 94 101
f 102 94 103
f 91 103 101
f 101 100 93
f 98 93 100
f 91 101 93
f 97 102 92
f 94 102 95
f 95 102 97
f 98 97 104
f 92 104 97
f 93 98 104
f 102 86 87
f 86 102 103
f 90 104 89
f 104 90 93
f 6 7 1
f 1 8 2
f 2 3 4
f 4 5 6
f 3 24 5
f 25 14 50
f 99 31 18
f 23 18 17
f 5 17 7
f 13 11 44
f 3 8 11
f 19 48 9
f 7 9 8
f 4 41 36
f 59 36 41
f 52 56 47
f 38 54 60
f 6 38 43
f 58 51 59
f 47 45 53
f 53 34 35
f 34 2 4
f 60 56 58
f 39 49 55
f 1 32 39
f 55 47 56
f 45 46 44
f 47 48 46
f 49 9 48
f 32 10 9
f 33 11 10
f 34 44 11
f 53 12 13
f 35 15 12
f 37 14 15
f 36 50 14
f 51 16 50
f 52 13 16
f 54 17 18
f 38 20 17
f 40 19 20
f 39 21 19
f 55 22 21
f 56 18 22
f 60 57 23
f 58 25 57
f 59 24 25
f 41 26 24
f 42 27 26
f 43 23 27
f 61 68 62
f 62 69 63
f 63 70 64
f 64 71 65
f 65 72 66
f 66 67 61
f 73 79 74
f 74 80 75
f 75 81 76
f 76 82 77
f 77 83 78
f 78 84 73
f 91 86 103
f 102 88 92
f 92 89 104
f 93 85 91
f 29 94 28
f 28 95 96
f 96 97 30
f 30 98 99
f 99 100 31
f 31 101 29
f 71 67 72
f 70 67 71
f 70 69 67
f 68 67 69
o Mesh 1
v -3040.000 3180.000 -3650.000
v -3040.000 3040.000 -3650.000
v -3180.000 3040.000 -3638.000
v -3180.000 3040.000 -3650.000
v -3180.000 3180.000 -3638.000
v -3180.000 3180.000 -3650.000
v -3040.000 3180.000 -3638.000
v -3040.000 3040.000 -3638.000
v -3050.500 3058.000 -3638.000
v -3054.250 3051.505 -3638.000
v -3061.750 3051.505 -3638.000
v -3158.250 3051.505 -3638.000
v -3154.500 3058.000 -3638.000
v -3169.500 3058.000 -3638.000
v -3165.750 3051.505 -3638.000
v -3158.250 3064.495 -3638.000
v -3061.750 3168.495 -3638.000
v -3065.500 3162.000 -3638.000
v -3050.500 3162.000 -3638.000
v -3054.250 3168.495 -3638.000
v -3054.250 3155.505 -3638.000
v -3061.750 3155.505 -3638.000
v -3154.500 3162.000 -3638.000
v -3169.500 3162.000 -3638.000
v -3165.750 3155.505 -3638.000
v -3165.750 3168.495 -3638.000
v -3158.250 3168.495 -3638.000
v -3099.500 3091.813 -3638.000
v -3089.000 3110.000 -3638.000
v -3131.000 3110.000 -3638.000
v -3099.500 3128.187 -3638.000
v -3050.500 3058.000 -3650.000
v -3054.250 3051.505 -3650.000
v -3061.750 3051.505 -3650.000
v -3158.250 3051.505 -3650.000
v -3169.500 3058.000 -3650.000
v -3165.750 3051.505 -3650.000
v -3061.750 3168.495 -3650.000
v -3050.500 3162.000 -3650.000
v -3054.250 3168.495 -3650.000
v -3169.500 3162.000 -3650.000
v -3165.750 3168.495 -3650.000
v -3158.250 3168.495 -3650.000
v -3065.500 3058.000 -3638.000
v -3065.500 3058.000 -3650.000
v -3061.750 3064.495 -3638.000
v -3061.750 3064.495 -3650.000
v -3054.250 3064.495 -3638.000
v -3054.250 3064.495 -3650.000
v -3165.750 3064.495 -3638.000
v -3165.750 3064.495 -3650.000
v -3158.250 3064.495 -3650.000
v -3154.500 3058.000 -3650.000
v -3065.500 3162.000 -3650.000
v -3054.250 3155.505 -3650.000
v -3061.750 3155.505 -3650.000
v -3158.250 3155.505 -3638.000
v -3158.250 3155.505 -3650.000
v -3165.750 3155.505 -3650.000
v -3154.500 3162.000 -3650.000
v -3057.000 3110.000 -3512.000
v -3083.500 3064.101 -3512.000
v -3136.500 3064.101 -3512.000
v -3163.000 3110.000 -3512.000
v -3136.500 3155.899 -3512.000
v -3083.500 3155.899 -3512.000
v -3057.000 3110.000 -3500.000
v -3083.500 3064.101 -3500.000
v -3136.500 3064.101 -3500.000
v -3163.000 3110.000 -3500.000
v -3136.500 3155.899 -3500.000
v -3083.500 3155.899 -3500.000
v -3078.250 3110.000 -3512.000
v -3094.125 3137.496 -3512.000
v -3125.875 3137.496 -3512.000
v -3141.750 3110.000 -3512.000
v -3125.875 3082.504 -3512.000
v -3094.125 3082.504 -3512.000
v -3094.125 3137.496 -3542.000
v -3125.875 3137.496 -3542.000
v -3141.750 3110.000 -3542.000
v -3125.875 3082.504 -3542.000
v -3094.125 3082.504 -3542.000
v -3078.250 3110.000 -3542.000
v -3095.000 3110.000 -3542.000
v -3102.500 3097.010 -3542.000
v -3117.500 3097.010 -3542.000
v -3125.000 3110.000 -3542.000
v -3117.500 3122.990 -3542.000
v -3102.500 3122.990 -3542.000
v -3095.000 3110.000 -3586.000
v -3125.000 3110.000 -3586.000
v -3102.500 3122.990 -3586.000
v -3099.500 3091.813 -3586.000
v -3120.500 3091.813 -3586.000
v -3120.500 3091.813 -3638.000
v -3131.000 3110.000 -3586.000
v -3120.500 3128.187 -3586.000
v -3120.500 3128.187 -3638.000
v -3099.500 3128.187 -3586.000
v -3089.000 3110.000 -3586.000
v -3117.500 3097.010 -3586.000
v -3102.500 3097.010 -3586.000
v -3117.500 3122.990 -3586.000
f 110 109 111
f 105 111 112
f 106 112 107
f 108 107 109
f 128 130 109
f 131 109 130
f 107 118 128
f 129 128 118
f 127 203 122
f 134 161 129
f 127 161 203
f 131 127 121
f 109 131 121
f 203 161 134
f 116 119 107
f 118 107 119
f 120 200 134
f 200 120 117
f 117 116 115
f 148 200 117
f 154 120 134
f 134 129 154
f 116 107 115
f 126 135 133
f 122 135 126
f 123 111 124
f 121 124 111
f 123 125 152
f 111 123 113
f 125 126 133
f 150 132 148
f 133 132 150
f 132 200 148
f 133 150 152
f 112 113 114
f 115 112 114
f 152 125 133
f 108 110 145
f 146 145 110
f 163 155 140
f 110 147 146
f 156 162 160
f 147 142 164
f 110 105 142
f 162 156 155
f 141 108 140
f 156 151 157
f 108 141 139
f 157 149 138
f 139 138 108
f 164 158 160
f 143 144 105
f 142 105 144
f 143 136 153
f 105 106 136
f 159 153 151
f 138 137 106
f 136 106 137
f 149 151 150
f 151 153 152
f 153 136 113
f 136 137 114
f 137 138 115
f 138 149 148
f 157 139 116
f 139 141 119
f 141 140 118
f 140 155 154
f 155 156 120
f 156 157 117
f 158 142 121
f 142 144 124
f 144 143 123
f 143 159 125
f 159 160 126
f 160 158 122
f 164 162 161
f 162 163 129
f 163 145 128
f 145 146 130
f 146 147 131
f 147 164 127
f 165 171 172
f 166 172 173
f 167 173 174
f 168 174 175
f 169 175 176
f 170 176 171
f 166 182 165
f 177 165 182
f 167 182 166
f 170 165 178
f 177 178 165
f 169 170 178
f 168 180 181
f 182 167 181
f 167 168 181
f 169 179 168
f 180 168 179
f 178 179 169
f 177 188 183
f 178 183 184
f 179 184 185
f 180 185 186
f 181 186 187
f 182 187 188
f 191 186 185
f 190 186 191
f 192 191 185
f 184 193 185
f 192 185 193
f 183 193 184
f 188 190 189
f 186 190 187
f 187 190 188
f 183 188 194
f 189 194 188
f 193 183 194
f 195 189 190
f 206 191 192
f 196 192 193
f 197 194 189
f 133 205 198
f 132 198 199
f 200 199 201
f 134 201 202
f 203 202 204
f 135 204 205
f 207 198 205
f 206 198 207
f 195 207 205
f 205 204 197
f 202 197 204
f 195 205 197
f 201 206 196
f 198 206 199
f 199 206 201
f 202 201 208
f 196 208 201
f 197 202 208
f 206 190 191
f 190 206 207
f 194 208 193
f 208 194 197
f 110 111 105
f 105 112 106
f 106 107 108
f 108 109 110
f 107 128 109
f 129 118 154
f 203 135 122
f 127 122 121
f 109 121 111
f 117 115 148
f 107 112 115
f 123 152 113
f 111 113 112
f 108 145 140
f 163 140 145
f 156 160 151
f 142 158 164
f 110 142 147
f 162 155 163
f 151 149 157
f 157 138 139
f 138 106 108
f 164 160 162
f 143 153 159
f 105 136 143
f 159 151 160
f 149 150 148
f 151 152 150
f 153 113 152
f 136 114 113
f 137 115 114
f 138 148 115
f 157 116 117
f 139 119 116
f 141 118 119
f 140 154 118
f 155 120 154
f 156 117 120
f 158 121 122
f 142 124 121
f 144 123 124
f 143 125 123
f 159 126 125
f 160 122 126
f 164 161 127
f 162 129 161
f 163 128 129
f 145 130 128
f 146 131 130
f 147 127 131
f 165 172 166
f 166 173 167
f 167 174 168
f 168 175 169
f 169 176 170
f 170 171 165
f 177 183 178
f 178 184 179
f 179 185 180
f 180 186 181
f 181 187 182
f 182 188 177
f 195 190 207
f 206 192 196
f 196 193 208
f 197 189 195
f 133 198 132
f 132 199 200
f 200 201 134
f 134 202 203
f 203 204 135
f 135 205 133
f 175 171 176
f 174 171 175
f 174 173 171
f 172 171 173
o Mesh 2
v 3180.000 3180.000 -3650.000
v 3180.000 3040.000 -3650.000
v 3040.000 3040.000 -3638.000
v 3040.000 3040.000 -3650.000
v 3040.000 3180.000 -3638.000
v 3040.000 3180.000 -3650.000
v 3180.000 3180.000 -3638.000
v 3180.000 3040.000 -3638.000
v 3169.500 3058.000 -3638.000
v 3165.750 3051.505 -3638.000
v 3158.250 3051.505 -3638.000
v 3061.750 3051.505 -3638.000
v 3065.500 3058.000 -3638.000
v 3050.500 3058.000 -3638.000
v 3054.250 3051.505 -3638.000
v 3061.750 3064.495 -3638.000
v 3158.250 3168.495 -3638.000
v 3154.500 3162.000 -3638.000
v 3169.500 3162.000 -3638.000
v 3165.750 3168.495 -3638.000
v 3165.750 3155.505 -3638.000
v 3158.250 3155.505 -3638.000
v 3065.500 3162.000 -3638.000
v 3050.500 3162.000 -3638.000
v 3054.250 3155.505 -3638.000
v 3054.250 3168.495 -3638.000
v 3061.750 3168.495 -3638.000
v 3120.500 3091.813 -3638.000
v 3131.000 3110.000 -3638.000
v 3089.000 3110.000 -3638.000
v 3120.500 3128.187 -3638.000
v 3169.500 3058.000 -3650.000
v 3165.750 3051.505 -3650.000
v 3158.250 3051.505 -3650.000
v 3061.750 3051.505 -3650.000
v 3050.500 3058.000 -3650.000
v 3054.250 3051.505 -3650.000
v 3158.250 3168.495 -3650.000
v 3169.500 3162.000 -3650.000
v 3165.750 3168.495 -3650.000
v 3050.500 3162.000 -3650.000
v 3054.250 3168.495 -3650.000
v 3061.750 3168.495 -3650.000
v 3154.500 3058.000 -3638.000
v 3154.500 3058.000 -3650.000
v 3158.250 3064.495 -3638.000
v 3158.250 3064.495 -3650.000
v 3165.750 3064.495 -3638.000
v 3165.750 3064.495 -3650.000
v 3054.250 3064.495 -3638.000
v 3054.250 3064.495 -3650.000
v 3061.750 3064.495 -3650.000
v 3065.500 3058.000 -3650.000
v 3154.500 3162.000 -3650.000
v 3165.750 3155.505 -3650.000
v 3158.250 3155.505 -3650.000
v 3061.750 3155.505 -3638.000
v 3061.750 3155.505 -3650.000
v 3054.250 3155.505 -3650.000
v 3065.500 3162.000 -3650.000
v 3163.000 3110.000 -3512.000
v 3136.500 3064.101 -3512.000
v 3083.500 3064.101 -3512.000
v 3057.000 3110.000 -3512.000
v 3083.500 3155.899 -3512.000
v 3136.500 3155.899 -3512.000
v 3163.000 3110.000 -3500.000
v 3136.500 3064.101 -3500.000
v 3083.500 3064.101 -3500.000
v 3057.000 3110.000 -3500.000
v 3083.500 3155.899 -3500.000
v 3136.500 3155.899 -3500.000
v 3141.750 3110.000 -3512.000
v 3125.875 3137.496 -3512.000
v 3094.125 3137.496 -3512.000
v 3078.250 3110.000 -3512.000
v 3094.125 3082.504 -3512.000
v 3125.875 3082.504 -3512.000
v 3125.875 3137.496 -3542.000
v 3094.125 3137.496 -3542.000
v 3078.250 3110.000 -3542.000
v 3094.125 3082.504 -3542.000
v 3125.875 3082.504 -3542.000
v 3141.750 3110.000 -3542.000
v 3125.000 3110.000 -3542.000
v 3117.500 3097.010 -3542.000
v 3102.500 3097.010 -3542.000
v 3095.000 3110.000 -3542.000
v 3102.500 3122.990 -3542.000
v 3117.500 3122.990 -3542.000
v 3125.000 3110.000 -3586.000
v 3095.000 3110.000 -3586.000
v 3117.500 3122.990 -3586.000
v 3120.500 3091.813 -3586.000
v 3099.500 3091.813 -3586.000
v 3099.500 3091.813 -3638.000
v 3089.000 3110.000 -3586.000
v 3099.500 3128.187 -3586.000
v 3099.500 3128.187 -3638.000
v 3120.500 3128.187 -3586.000
v 3131.000 3110.000 -3586.000
v 3102.500 3097.010 -3586.000
v 3117.500 3097.010 -3586.000
v 3102.500 3122.990 -3586.000
f 214 213 215
f 209 215 216
f 210 216 211
f 212 211 213
f 232 234 213
f 235 213 234
f 211 222 232
f 233 232 222
f 231 307 226
f 238 265 233
f 231 265 307
f 235 231 225
f 213 235 225
f 307 265 238
f 220 223 211
f 222 211 223
f 224 304 238
f 304 224 221
f 221 220 219
f 252 304 221
f 258 224 238
f 238 233 258
f 220 211 219
f 230 239 237
f 226 239 230
f 227 215 228
f 225 228 215
f 227 229 256
f 215 227 217
f 229 230 237
f 254 236 252
f 237 236 254
f 236 304 252
f 237 254 256
f 216 217 218
f 219 216 218
f 256 229 237
f 212 214 249
f 250 249 214
f 267 259 244
f 214 251 250
f 260 266 264
f 251 246 268
f 214 209 246
f 266 260 259
f 245 212 244
f 260 255 261
f 212 245 243
f 261 253 242
f 243 242 212
f 268 262 264
f 247 248 209
f 246 209 248
f 247 240 257
f 209 210 240
f 263 257 255
f 242 241 210
f 240 210 241
f 253 255 254
f 255 257 256
f 257 240 217
f 240 241 218
f 241 242 219
f 242 253 252
f 261 243 220
f 243 245 223
f 245 244 222
f 244 259 258
f 259 260 224
f 260 261 221
f 262 246 225
f 246 248 228
f 248 247 227
f 247 263 229
f 263 264 230
f 264 262 226
f 268 266 265
f 266 267 233
f 267 249 232
f 249 250 234
f 250 251 235
f 251 268 231
f 269 275 276
f 270 276 277
f 271 277 278
f 272 278 279
f 273 279 280
f 274 280 275
f 270 286 269
f 281 269 286
f 271 286 270
f 274 269 282
f 281 282 269
f 273 274 282
f 272 284 285
f 286 271 285
f 271 272 285
f 273 283 272
f 284 272 283
f 282 283 273
f 281 292 287
f 282 287 288
f 283 288 289
f 284 289 290
f 285 290 291
f 286 291 292
f 295 290 289
f 294 290 295
f 296 295 289
f 288 297 289
f 296 289 297
f 287 297 288
f 292 294 293
f 290 294 291
f 291 294 292
f 287 292 298
f 293 298 292
f 297 287 298
f 299 293 294
f 310 295 296
f 300 296 297
f 301 298 293
f 237 309 302
f 236 302 303
f 304 303 305
f 238 305 306
f 307 306 308
f 239 308 309
f 311 302 309
f 310 302 311
f 299 311 309
f 309 308 301
f 306 301 308
f 299 309 301
f 305 310 300
f 302 310 303
f 303 310 305
f 306 305 312
f 300 312 305
f 301 306 312
f 310 294 295
f 294 310 311
f 298 312 297
f 312 298 301
f 214 215 209
f 209 216 210
f 210 211 212
f 212 213 214
f 211 232 213
f 233 222 258
f 307 239 226
f 231 226 225
f 213 225 215
f 221 219 252
f 211 216 219
f 227 256 217
f 215 217 216
f 212 249 244
f 267 244 249
f 260 264 255
f 246 262 268
f 214 246 251
f 266 259 267
f 255 253 261
f 261 242 243
f 242 210 212
f 268 264 266
f 247 257 263
f 209 240 247
f 263 255 264
f 253 254 252
f 255 256 254
f 257 217 256
f 240 218 217
f 241 219 218
f 242 252 219
f 261 220 221
f 243 223 220
f 245 222 223
f 244 258 222
f 259 224 258
f 260 221 224
f 262 225 226
f 246 228 225
f 248 227 228
f 247 229 227
f 263 230 229
f 264 226 230
f 268 265 231
f 266 233 265
f 267 232 233
f 249 234 232
f 250 235 234
f 251 231 235
f 269 276 270
f 270 277 271
f 271 278 272
f 272 279 273
f 273 280 274
f 274 275 269
f 281 287 282
f 282 288 283
f 283 289 284
f 284 290 285
f 285 291 286
f 286 292 281
f 299 294 311
f 310 296 300
f 300 297 312
f 301 293 299
f 237 302 236
f 236 303 304
f 304 305 238
f 238 306 307
f 307 308 239
f 239 309 237
f 279 275 280
f 278 275 279
f 278 277 275
f 276 275 277
o Mesh 3
v 3180.000 -3040.000 -3650.000
v 3180.000 -3180.000 -3650.000
v 3040.000 -3180.000 -3638.000
v 3040.000 -3180.000 -3650.000
v 3040.000 -3040.000 -3638.000
v 3040.000 -3040.000 -3650.000
v 3180.000 -3040.000 -3638.000
v 3180.000 -3180.000 -3638.000
v 3169.500 -3162.000 -3638.000
v 3165.750 -3168.495 -3638.000
v 3158.250 -3168.495 -3638.000
v 3061.750 -3168.495 -3638.000
v 3065.500 -3162.000 -3638.000
v 3050.500 -3162.000 -3638.000
v 3054.250 -3168.495 -3638.000
v 3061.750 -3155.505 -3638.000
v 3158.250 -3051.505 -3638.000
v 3154.500 -3058.000 -3638.000
v 3169.500 -3058.000 -3638.000
v 3165.750 -3051.505 -3638.000
v 3165.750 -3064.495 -3638.000
v 3158.250 -3064.495 -3638.000
v 3065.500 -3058.000 -3638.000
v 3050.500 -3058.000 -3638.000
v 3054.250 -3064.495 -3638.000
v 3054.250 -3051.505 -3638.000
v 3061.750 -3051.505 -3638.000
v 3120.500 -3128.187 -3638.000
v 3131.000 -3110.000 -3638.000
v 3089.000 -3110.000 -3638.000
v 3120.500 -3091.813 -3638.000
v 3169.500 -3162.000 -3650.000
v 3165.750 -3168.495 -3650.000
v 3158.250 -3168.495 -3650.000
v 3061.750 -3168.495 -3650.000
v 3050.500 -3162.000 -3650.000
v 3054.250 -3168.495 -3650.000
v 3158.250 -3051.505 -3650.000
v 3169.500 -3058.000 -3650.000
v 3165.750 -3051.505 -3650.000
v 3050.500 -3058.000 -3650.000
v 3054.250 -3051.505 -3650.000
v 3061.750 -3051.505 -3650.000
v 3154.500 -3162.000 -3638.000
v 3154.500 -3162.000 -3650.000
v 3158.250 -3155.505 -3638.000
v 3158.250 -3155.505 -3650.000
v 3165.750 -3155.505 -3638.000
v 3165.750 -3155.505 -3650.000
v 3054.250 -3155.505 -3638.000
v 3054.250 -3155.505 -3650.000
v 3061.750 -3155.505 -3650.000
v 3065.500 -3162.000 -3650.000
v 3154.500 -3058.000 -3650.000
v 3165.750 -3064.495 -3650.000
v 3158.250 -3064.495 -3650.000
v 3061.750 -3064.495 -3638.000
v 3061.750 -3064.495 -3650.000
v 3054.250 -3064.495 -3650.000
v 3065.500 -3058.000 -3650.000
v 3163.000 -3110.000 -3512.000
v 3136.500 -3155.899 -3512.000
v 3083.500 -3155.899 -3512.000
v 3057.000 -3110.000 -3512.000
v 3083.500 -3064.101 -3512.000
v 3136.500 -3064.101 -3512.000
v 3163.000 -3110.000 -3500.000
v 3136.500 -3155.899 -3500.000
v 3083.500 -3155.899 -3500.000
v 3057.000 -3110.000 -3500.000
v 3083.500 -3064.101 -3500.000
v 3136.500 -3064.101 -3500.000
v 3141.750 -3110.000 -3512.000
v 3125.875 -3082.504 -3512.000
v 3094.125 -3082.504 -3512.000
v 3078.250 -3110.000 -3512.000
v 3094.125 -3137.496 -3512.000
v 3125.875 -3137.496 -3512.000
v 3125.875 -3082.504 -3542.000
v 3094.125 -3082.504 -3542.000
v 3078.250 -3110.000 -3542.000
v 3094.125 -3137.496 -3542.000
v 3125.875 -3137.496 -3542.000
v 3141.750 -3110.000 -3542.000
v 3125.000 -3110.000 -3542.000
v 3117.500 -3122.990 -3542.000
v 3102.500 -3122.990 -3542.000
v 3095.000 -3110.000 -3542.000
v 3102.500 -3097.010 -3542.000
v 3117.500 -3097.010 -3542.000
v 3125.000 -3110.000 -3586.000
v 3095.000 -3110.000 -3586.000
v 3117.500 -3097.010 -3586.000
v 3120.500 -3128.187 -3586.000
v 3099.500 -3128.187 -3586.000
v 3099.500 -3128.187 -3638.000
v 3089.000 -3110.000 -3586.000
v 3099.500 -3091.813 -3586.000
v 3099.500 -3091.813 -3638.000
v 3120.500 -3091.813 -3586.000
v 3131.000 -3110.000 -3586.000
v 3102.500 -3122.990 -3586.000
v 3117.500 -3122.990 -3586.000
v 3102.500 -3097.010 -3586.000
f 318 317 319
f 313 319 320
f 314 320 315
f 316 315 317
f 336 338 317
f 339 317 338
f 315 326 336
f 337 336 326
f 335 411 330
f 342 369 337
f 335 369 411
f 339 335 329
f 317 339 329
f 411 369 342
f 324 327 315
f 326 315 327
f 328 408 342
f 408 328 325
f 325 324 323
f 356 408 325
f 362 328 342
f 342 337 362
f 324 315 323
f 334 343 341
f 330 343 334
f 331 319 332
f 329 332 319
f 331 333 360
f 319 331 321
f 333 334 341
f 358 340 356
f 341 340 358
f 340 408 356
f 341 358 360
f 320 321 322
f 323 320 322
f 360 333 341
f 316 318 353
f 354 353 318
f 371 363 348
f 318 355 354
f 364 370 368
f 355 350 372
f 318 313 350
f 370 364 363
f 349 316 348
f 364 359 365
f 316 349 347
f 365 357 346
f 347 346 316
f 372 366 368
f 351 352 313
f 350 313 352
f 351 344 361
f 313 314 344
f 367 361 359
f 346 345 314
f 344 314 345
f 357 359 358
f 359 361 360
f 361 344 321
f 344 345 322
f 345 346 323
f 346 357 356
f 365 347 324
f 347 349 327
f 349 348 326
f 348 363 362
f 363 364 328
f 364 365 325
f 366 350 329
f 350 352 332
f 352 351 331
f 351 367 333
f 367 368 334
f 368 366 330
f 372 370 369
f 370 371 337
f 371 353 336
f 353 354 338
f 354 355 339
f 355 372 335
f 373 379 380
f 374 380 381
f 375 381 382
f 376 382 383
f 377 383 384
f 378 384 379
f 374 390 373
f 385 373 390
f 375 390 374
f 378 373 386
f 385 386 373
f 377 378 386
f 376 388 389
f 390 375 389
f 375 376 389
f 377 387 376
f 388 376 387
f 386 387 377
f 385 396 391
f 386 391 392
f 387 392 393
f 388 393 394
f 389 394 395
f 390 395 396
f 399 394 393
f 398 394 399
f 400 399 393
f 392 401 393
f 400 393 401
f 391 401 392
f 396 398 397
f 394 398 395
f 395 398 396
f 391 396 402
f 397 402 396
f 401 391 402
f 403 397 398
f 414 399 400
f 404 400 401
f 405 402 397
f 341 413 406
f 340 406 407
f 408 407 409
f 342 409 410
f 411 410 412
f 343 412 413
f 415 406 413
f 414 406 415
f 403 415 413
f 413 412 405
f 410 405 412
f 403 413 405
f 409 414 404
f 406 414 407
f 407 414 409
f 410 409 416
f 404 416 409
f 405 410 416
f 414 398 399
f 398 414 415
f 402 416 401
f 416 402 405
f 318 319 313
f 313 320 314
f 314 315 316
f 316 317 318
f 315 336 317
f 337 326 362
f 411 343 330
f 335 330 329
f 317 329 319
f 325 323 356
f 315 320 323
f 331 360 321
f 319 321 320
f 316 353 348
f 371 348 353
f 364 368 359
f 350 366 372
f 318 350 355
f 370 363 371
f 359 357 365
f 365 346 347
f 346 314 316
f 372 368 370
f 351 361 367
f 313 344 351
f 367 359 368
f 357 358 356
f 359 360 358
f 361 321 360
f 344 322 321
f 345 323 322
f 346 356 323
f 365 324 325
f 347 327 324
f 349 326 327
f 348 362 326
f 363 328 362
f 364 325 328
f 366 329 330
f 350 332 329
f 352 331 332
f 351 333 331
f 367 334 333
f 368 330 334
f 372 369 335
f 370 337 369
f 371 336 337
f 353 338 336
f 354 339 338
f 355 335 339
f 373 380 374
f 374 381 375
f 375 382 376
f 376 383 377
f 377 384 378
f 378 379 373
f 385 391 386
f 386 392 387
f 387 393 388
f 388 394 389
f 389 395 390
f 390 396 385
f 403 398 415
f 414 400 404
f 404 401 416
f 405 397 403
f 341 406 340
f 340 407 408
f 408 409 342
f 342 410 411
f 411 412 343
f 343 413 341
f 383 379 384
f 382 379 383
f 382 381 379
f 380 379 381
o Mesh 4
v -3220.000 -3220.000 -3500.000
v -3220.000 -3000.000 -3500.000
v -3000.000 -3000.000 -3500.000
v -3000.000 -3220.000 -3500.000
v -3220.000 -3220.000 -650.000
v -3000.000 -3220.000 -650.000
v -3000.000 -3000.000 -650.000
v -3220.000 -3000.000 -650.000
f 417 418 419 420
f 417 420 422 421
f 420 419 423 422
f 419 418 424 423
f 418 417 421 424
f 421 422 423 424
o Mesh 5
v -3220.000 3000.000 -3500.000
v -3220.000 3220.000 -3500.000
v -3000.000 3220.000 -3500.000
v -3000.000 3000.000 -3500.000
v -3220.000 3000.000 -650.000
v -3000.000 3000.000 -650.000
v -3000.000 3220.000 -650.000
v -3220.000 3220.000 -650.000
f 425 426 427 428
f 425 428 430 429
f 428 427 431 430
f 427 426 432 431
f 426 425 429 432
f 429 430 431 432
o Mesh 6
v 3000.000 3000.000 -3500.000
v 3000.000 3220.000 -3500.000
v 3220.000 3220.000 -3500.000
v 3220.000 3000.000 -3500.000
v 3000.000 3000.000 -650.000
v 3220.000 3000.000 -650.000
v 3220.000 3220.000 -650.000
v 3000.000 3220.000 -650.000
f 433 434 435 436
f 433 436 438 437
f 436 435 439 438
f 435 434 440 439
f 434 433 437 440
f 437 438 439 440
o Mesh 7
v 3000.000 -3220.000 -3500.000
v 3000.000 -3000.000 -3500.000
v 3220.000 -3000.000 -3500.000
v 3220.000 -3220.000 -3500.000
v 3000.000 -3220.000 -650.000
v 3220.000 -3220.000 -650.000
v 3220.000 -3000.000 -650.000
v 3000.000 -3000.000 -650.000
f 441 442 443 444
f 441 444 446 445
f 444 443 447 446
f 443 442 448 447
f 442 441 445 448
f 445 446 447 448
o Mesh 8
v -3110.000 -3160.000 -428.788
v -3160.000 -3160.000 -428.788
v -3160.000 -3110.000 -428.788
v -3160.000 -3060.000 -428.788
v -3110.000 -3060.000 -428.788
v -3060.000 -3060.000 -428.788
v -3060.000 -3110.000 -428.788
v -3060.000 -3160.000 -428.788
v -3220.000 -3220.000 -504.099
v -3000.000 -3002.200 -650.000
v -3002.200 -3000.000 -650.000
v -3220.000 -3000.000 -650.000
v -3220.000 -3220.000 -650.000
v -2466.954 -3220.000 -504.099
v -2466.954 -2661.421 -504.099
v -2484.298 -2673.003 -428.788
v -2661.421 -2466.954 -504.099
v -3220.000 -2466.954 -504.099
v -3220.000 -3220.000 -504.099
v -3220.000 -3220.000 -428.788
v -3220.000 -3220.000 -650.000
v -3000.000 -3220.000 -650.000
v -2673.003 -2484.298 -428.788
v -3220.000 -3220.000 -428.788
v -3220.000 -2484.298 -428.788
v -2484.298 -3220.000 -428.788
v -3060.000 -3160.000 -533.788
v -3160.000 -3160.000 -533.788
v -3160.000 -3060.000 -533.788
v -3060.000 -3060.000 -533.788
f 469 470 462
f 469 462 457
f 470 458 463
f 470 463 462
f 458 459 465
f 458 465 463
f 459 460 466
f 459 466 465
f 460 461 467
f 460 467 466
f 457 462 474
f 457 474 472
f 462 463 464
f 462 464 474
f 463 465 471
f 463 471 464
f 465 466 473
f 465 473 471
f 466 467 468
f 466 468 473
f 470 469 460
f 459 458 470
f 470 460 459
f 472 474 456
f 474 464 471
f 471 473 474
f 472 449 450
f 472 450 451
f 472 452 473
f 456 449 472
f 473 453 454
f 454 455 474
f 452 453 473
f 472 451 452
f 473 454 474
f 474 455 456
f 478 477 476
f 475 478 476
f 456 475 449
f 478 455 454
f 477 453 452
f 476 451 450
f 476 449 475
f 450 449 476
f 476 477 451
f 477 478 453
f 477 452 451
f 454 453 478
f 475 456 455
f 478 475 455
o Mesh 9
v -2893.368 -2978.221 -356.064
v -2893.368 -2978.221 -9.286
v -2893.368 -2978.221 0.000
v -2898.731 -2983.584 0.000
v -2898.739 -2983.592 0.000
v -2903.417 -2988.270 0.000
v -2907.864 -2992.717 0.000
v -2907.967 -2992.614 0.000
v -2917.503 -2983.078 0.000
v -2944.865 -2955.716 -0.000
v -2944.956 -2955.624 -0.000
v -2992.717 -2907.864 0.000
v -2992.699 -2907.846 0.000
v -2978.221 -2893.368 0.000
v -2978.221 -2893.368 -72.724
v -2978.221 -2893.368 -400.714
v -2978.221 -2893.368 -410.500
v -2895.389 -2976.201 -410.500
v -2893.368 -2978.221 -410.500
v -2871.589 -3220.000 0.000
v -3220.000 -2871.589 0.000
v -3220.000 -3220.000 -428.788
v -2871.589 -3220.000 -428.788
v -2871.589 -3220.000 0.000
v -2871.589 -3170.000 0.000
v -3170.000 -2892.064 0.000
v -3050.000 -2871.589 -410.500
v -3170.000 -2890.017 0.000
v -3050.000 -2871.589 -0.000
v -3170.000 -2871.589 0.000
v -3050.000 -2871.589 -9.286
v -3050.000 -2871.589 -331.336
v -3052.857 -2871.589 -410.500
v -3170.000 -2892.089 -410.500
v -3170.000 -2892.089 0.000
v -3050.000 -2892.089 -410.500
v -3170.000 -2871.589 -97.452
v -3170.000 -2871.589 -410.500
v -3170.000 -2871.589 -400.714
v -3110.000 -3160.000 -428.788
v -2871.589 -3220.000 -428.788
v -3220.000 -2871.589 -428.788
v -3060.000 -3110.000 -428.788
v -3124.979 -3160.000 -428.788
v -3060.000 -3060.000 -428.788
v -3160.000 -3060.000 -428.788
v -3160.000 -3160.000 -323.788
v -3160.000 -3060.000 -323.788
v -3060.000 -3160.000 -323.788
v -3160.000 -3160.000 -428.788
v -3060.000 -3060.000 -323.788
v -3060.000 -3118.970 -428.788
v -3060.000 -3160.000 -428.788
v -3160.000 -3110.000 -428.788
v -3110.000 -3060.000 -428.788
v -2892.064 -3050.000 0.000
v -2871.589 -3170.000 -410.500
v -2871.589 -3050.000 0.000
v -2871.589 -3170.000 -9.286
v -2871.589 -3170.000 -331.336
v -2871.589 -3167.143 -410.500
v -2892.089 -3050.000 -410.500
v -2892.089 -3170.000 -410.500
v -2871.589 -3050.000 -97.452
v -2871.589 -3050.000 -410.500
v -2892.089 -3170.000 0.000
v -2871.589 -3050.000 -400.714
v -2892.089 -3050.000 0.000
v -2892.089 -3169.854 0.000
v -3050.000 -2892.089 0.000
v -3000.000 -2871.589 0.000
v -3050.146 -2892.089 0.000
v -2871.589 -3000.000 -428.788
v -3000.000 -2871.589 -428.788
v -3220.000 -3220.000 0.000
v -2871.589 -3000.000 0.000
v -3164.378 -2892.089 0.000
v -2992.717 -2907.864 -410.500
v -2907.864 -2992.717 -410.500
f 542 551 554
f 538 498 519
f 493 552 549
f 479 554 551
f 515 520 499
f 510 549 552
f 520 500 553
f 520 553 499
f 500 501 502
f 500 502 553
f 522 518 500
f 520 552 551
f 503 544 498
f 553 555 513
f 553 513 499
f 499 513 504
f 499 504 506
f 520 515 517
f 520 511 552
f 520 517 516
f 520 516 511
f 505 510 552
f 511 505 552
f 506 508 499
f 487 488 555
f 488 489 550
f 507 548 549
f 508 515 499
f 507 549 509
f 509 549 510
f 512 514 511
f 517 504 513
f 548 514 550
f 555 512 513
f 511 514 505
f 514 510 505
f 509 510 514
f 504 517 515
f 504 515 506
f 515 508 506
f 512 511 516
f 514 548 509
f 548 507 509
f 512 555 550
f 516 517 512
f 512 517 513
f 512 550 514
f 531 500 518
f 519 530 551
f 519 500 531
f 519 531 530
f 520 551 523
f 528 522 500
f 520 524 500
f 500 524 532
f 533 524 520
f 500 532 528
f 523 533 520
f 530 521 551
f 551 521 523
f 522 525 518
f 523 529 533
f 526 532 524
f 529 527 525
f 526 529 525
f 527 518 525
f 528 525 522
f 527 529 521
f 527 521 530
f 527 530 531
f 531 518 527
f 525 528 532
f 526 524 533
f 526 525 532
f 526 533 529
f 529 523 521
f 553 498 544
f 546 534 554
f 553 546 554
f 554 534 536
f 553 544 547
f 553 547 546
f 551 542 545
f 551 539 519
f 551 545 543
f 535 538 519
f 539 535 519
f 551 543 539
f 536 542 554
f 503 498 537
f 537 498 538
f 540 541 539
f 545 534 546
f 541 547 544
f 539 541 535
f 541 538 535
f 537 538 541
f 534 545 542
f 534 542 536
f 540 539 543
f 541 544 537
f 544 503 537
f 543 545 540
f 540 545 546
f 540 546 547
f 541 540 547
f 492 493 549
f 481 554 480
f 480 554 479
f 548 489 490
f 548 490 549
f 554 481 482
f 549 490 491
f 549 491 492
f 482 483 554
f 489 548 550
f 552 493 494
f 552 494 495
f 551 552 496
f 551 496 497
f 552 495 496
f 551 497 479
f 553 486 487
f 553 487 555
f 486 553 485
f 485 553 554
f 484 485 554
f 483 484 554
f 488 550 555
f 556 557 496
f 494 491 490
f 485 557 486
f 487 556 488
f 496 557 497
f 557 479 497
f 480 479 557
f 491 494 493
f 491 493 492
f 556 496 495
f 557 485 480
f 482 481 480
f 485 484 480
f 484 483 480
f 483 482 480
f 556 487 486
f 488 556 489
f 489 556 490
f 495 494 556
f 556 494 490
f 556 486 557
o Mesh 10
v -3180.000 -3176.000 -427.788
v -3176.000 -3180.000 -427.788
v -3180.000 -3184.000 -427.788
v -3184.000 -3180.000 -427.788
v -3180.000 -3176.000 -427.788
v -3180.000 -3176.000 -748.788
v -3176.000 -3180.000 -748.788
v -3180.000 -3184.000 -748.788
v -3184.000 -3180.000 -748.788
v -3180.000 -3176.000 -748.788
f 558 559 564 563
f 559 560 565 564
f 560 561 566 565
f 561 562 567 566
f 559 558 561
f 561 560 559
f 566 563 564
f 564 565 566
o Mesh 11
v -3040.000 -3176.000 -427.788
v -3036.000 -3180.000 -427.788
v -3040.000 -3184.000 -427.788
v -3044.000 -3180.000 -427.788
v -3040.000 -3176.000 -427.788
v -3040.000 -3176.000 -748.788
v -3036.000 -3180.000 -748.788
v -3040.000 -3184.000 -748.788
v -3044.000 -3180.000 -748.788
v -3040.000 -3176.000 -748.788
f 568 569 574 573
f 569 570 575 574
f 570 571 576 575
f 571 572 577 576
f 569 568 571
f 571 570 569
f 576 573 574
f 574 575 576
o Mesh 12
v -3040.000 -3036.000 -427.788
v -3036.000 -3040.000 -427.788
v -3040.000 -3044.000 -427.788
v -3044.000 -3040.000 -427.788
v -3040.000 -3036.000 -427.788
v -3040.000 -3036.000 -748.788
v -3036.000 -3040.000 -748.788
v -3040.000 -3044.000 -748.788
v -3044.000 -3040.000 -748.788
v -3040.000 -3036.000 -748.788
f 578 579 584 583
f 579 580 585 584
f 580 581 586 585
f 581 582 587 586
f 579 578 581
f 581 580 579
f 586 583 584
f 584 585 586
o Mesh 13
v -3180.000 -3036.000 -427.788
v -3176.000 -3040.000 -427.788
v -3180.000 -3044.000 -427.788
v -3184.000 -3040.000 -427.788
v -3180.000 -3036.000 -427.788
v -3180.000 -3036.000 -748.788
v -3176.000 -3040.000 -748.788
v -3180.000 -3044.000 -748.788
v -3184.000 -3040.000 -748.788
v -3180.000 -3036.000 -748.788
f 588 589 594 593
f 589 590 595 594
f 590 591 596 595
f 591 592 597 596
f 589 588 591
f 591 590 589
f 596 593 594
f 594 595 596
o Mesh 14
v -2893.127 -3106.000 -621.784
v -2896.985 -3110.000 -622.840
v -2893.127 -3114.000 -621.784
v -2889.269 -3110.000 -620.728
v -2893.127 -3106.000 -621.784
v -2977.872 -3106.000 -312.173
v -2981.730 -3110.000 -313.229
v -2977.872 -3114.000 -312.173
v -2974.014 -3110.000 -311.117
v -2977.872 -3106.000 -312.173
f 598 599 604 603
f 599 600 605 604
f 600 601 606 605
f 601 602 607 606
f 599 598 601
f 601 600 599
f 606 603 604
f 604 605 606
o Mesh 15
v -2573.300 -3106.000 -534.243
v -2577.158 -3110.000 -535.299
v -2573.300 -3114.000 -534.243
v -2569.441 -3110.000 -533.187
v -2573.300 -3106.000 -534.243
v -2658.044 -3106.000 -224.632
v -2661.902 -3110.000 -225.688
v -2658.044 -3114.000 -224.632
v -2654.186 -3110.000 -223.576
v -2658.044 -3106.000 -224.632
f 608 609 614 613
f 609 610 615 614
f 610 611 616 615
f 611 612 617 616
f 609 608 611
f 611 610 609
f 616 613 614
f 614 615 616
o Mesh 16
v -3114.000 -2893.127 -621.784
v -3110.000 -2896.985 -622.840
v -3106.000 -2893.127 -621.784
v -3110.000 -2889.269 -620.728
v -3114.000 -2893.127 -621.784
v -3114.000 -2977.872 -312.173
v -3110.000 -2981.730 -313.229
v -3106.000 -2977.872 -312.173
v -3110.000 -2974.014 -311.117
v -3114.000 -2977.872 -312.173
f 618 619 624 623
f 619 620 625 624
f 620 621 626 625
f 621 622 627 626
f 619 618 621
f 621 620 619
f 626 623 624
f 624 625 626
o Mesh 17
v -3114.000 -2573.300 -534.243
v -3110.000 -2577.158 -535.299
v -3106.000 -2573.300 -534.243
v -3110.000 -2569.441 -533.187
v -3114.000 -2573.300 -534.243
v -3114.000 -2658.044 -224.632
v -3110.000 -2661.902 -225.688
v -3106.000 -2658.044 -224.632
v -3110.000 -2654.186 -223.576
v -3114.000 -2658.044 -224.632
f 628 629 634 633
f 629 630 635 634
f 630 631 636 635
f 631 632 637 636
f 629 628 631
f 631 630 629
f 636 633 634
f 634 635 636
o Mesh 18
v -3110.000 -3106.000 -651.000
v -3114.000 -3110.000 -651.000
v -3110.000 -3114.000 -651.000
v -3106.000 -3110.000 -651.000
v -3110.000 -3106.000 -651.000
v -3110.000 -3106.000 -330.000
v -3114.000 -3110.000 -330.000
v -3110.000 -3114.000 -330.000
v -3106.000 -3110.000 -330.000
v -3110.000 -3106.000 -330.000
f 638 639 644 643
f 639 640 645 644
f 640 641 646 645
f 641 642 647 646
f 639 638 641
f 641 640 639
f 646 643 644
f 644 645 646
o Mesh 19
v -3221.000 -3114.000 -396.788
v -3221.000 -3118.000 -392.788
v -3221.000 -3122.000 -396.788
v -3221.000 -3118.000 -400.788
v -3221.000 -3114.000 -396.788
v -2900.000 -3114.000 -396.788
v -2900.000 -3118.000 -392.788
v -2900.000 -3122.000 -396.788
v -2900.000 -3118.000 -400.788
v -2900.000 -3114.000 -396.788
f 648 649 654 653
f 649 650 655 654
f 650 651 656 655
f 651 652 657 656
f 649 648 651
f 651 650 649
f 656 653 654
f 654 655 656
o Mesh 20
v -3106.000 -3221.000 -388.788
v -3102.000 -3221.000 -384.788
v -3098.000 -3221.000 -388.788
v -3102.000 -3221.000 -392.788
v -3106.000 -3221.000 -388.788
v -3106.000 -2900.000 -388.788
v -3102.000 -2900.000 -384.788
v -3098.000 -2900.000 -388.788
v -3102.000 -2900.000 -392.788
v -3106.000 -2900.000 -388.788
f 658 659 664 663
f 659 660 665 664
f 660 661 666 665
f 661 662 667 666
f 659 658 661
f 661 660 659
f 666 663 664
f 664 665 666
o Mesh 21
v -3160.000 -3160.000 -533.788
v -3160.000 -3060.000 -533.788
v -3060.000 -3060.000 -533.788
v -3060.000 -3160.000 -533.788
v -3160.000 -3160.000 -323.788
v -3060.000 -3160.000 -323.788
v -3060.000 -3060.000 -323.788
v -3160.000 -3060.000 -323.788
f 668 669 670 671
f 668 671 673 672
f 671 670 674 673
f 670 669 675 674
f 669 668 672 675
f 672 673 674 675
o Mesh 22
v -2871.089 -3170.000 -410.500
v -2892.089 -3170.000 -410.500
v -2892.089 -3050.000 -410.500
v -2871.089 -3050.000 -410.500
v -2871.089 -3170.000 0.500
v -2871.089 -3050.000 0.500
v -2892.089 -3050.000 0.500
v -2892.089 -3170.000 0.500
f 676 677 678 679
f 676 679 681 680
f 679 678 682 681
f 678 677 683 682
f 677 676 680 683
f 680 681 682 683
o Mesh 23
v -2893.015 -2977.868 -410.500
v -2907.864 -2992.717 -410.500
v -2992.717 -2907.864 -410.500
v -2977.868 -2893.015 -410.500
v -2893.015 -2977.868 0.500
v -2977.868 -2893.015 0.500
v -2992.717 -2907.864 0.500
v -2907.864 -2992.717 0.500
f 684 685 686 687
f 684 687 689 688
f 687 686 690 689
f 686 685 691 690
f 685 684 688 691
f 688 689 690 691
o Mesh 24
v -3050.000 -2871.089 -410.500
v -3050.000 -2892.089 -410.500
v -3170.000 -2892.089 -410.500
v -3170.000 -2871.089 -410.500
v -3050.000 -2871.089 0.500
v -3170.000 -2871.089 0.500
v -3170.000 -2892.089 0.500
v -3050.000 -2892.089 0.500
f 692 693 694 695
f 692 695 697 696
f 695 694 698 697
f 694 693 699 698
f 693 692 696 699
f 696 697 698 699
o Mesh 25
v 3060.000 -3060.000 -428.788
v 3110.000 -3060.000 -428.788
v 3160.000 -3060.000 -428.788
v 3160.000 -3110.000 -428.788
v 3160.000 -3160.000 -428.788
v 3110.000 -3160.000 -428.788
v 3060.000 -3160.000 -428.788
v 3060.000 -3110.000 -428.788
v 3220.000 -3220.000 -504.099
v 3002.200 -3000.000 -650.000
v 3000.000 -3002.200 -650.000
v 3000.000 -3220.000 -650.000
v 3220.000 -3220.000 -650.000
v 3220.000 -2466.954 -504.099
v 2661.421 -2466.954 -504.099
v 2673.003 -2484.298 -428.788
v 2466.954 -2661.421 -504.099
v 2466.954 -3220.000 -504.099
v 3220.000 -3220.000 -504.099
v 3220.000 -3220.000 -428.788
v 3220.000 -3220.000 -650.000
v 3220.000 -3000.000 -650.000
v 2484.298 -2673.003 -428.788
v 2484.298 -3220.000 -428.788
v 3220.000 -2484.298 -428.788
v 3220.000 -3220.000 -428.788
v 3060.000 -3060.000 -533.788
v 3060.000 -3160.000 -533.788
v 3160.000 -3060.000 -533.788
v 3160.000 -3160.000 -533.788
f 720 721 713
f 720 713 708
f 721 709 714
f 721 714 713
f 709 710 716
f 709 716 714
f 710 711 717
f 710 717 716
f 711 712 718
f 711 718 717
f 708 713 724
f 708 724 725
f 713 714 715
f 713 715 724
f 714 716 722
f 714 722 715
f 716 717 723
f 716 723 722
f 717 718 719
f 717 719 723
f 721 720 711
f 710 709 721
f 721 711 710
f 725 724 702
f 724 715 722
f 722 723 724
f 725 702 703
f 700 724 723
f 701 724 700
f 706 707 723
f 725 706 723
f 702 724 701
f 723 707 700
f 725 705 706
f 725 703 704
f 725 704 705
f 726 727 729
f 728 726 729
f 728 703 702
f 726 701 700
f 727 707 706
f 704 729 705
f 726 728 701
f 726 700 707
f 702 701 728
f 727 726 707
f 727 706 705
f 728 729 703
f 727 705 729
f 704 703 729
o Mesh 26
v 3170.000 -2871.589 -331.336
v 3170.000 -2871.589 -9.286
v 3170.000 -2871.589 -0.000
v 3170.000 -2892.089 0.000
v 3169.854 -2892.089 0.000
v 3050.000 -2892.089 0.000
v 3050.000 -2892.064 0.000
v 3050.000 -2871.589 0.000
v 3050.000 -2871.589 -97.452
v 3050.000 -2871.589 -400.714
v 3050.000 -2871.589 -410.500
v 3167.143 -2871.589 -410.500
v 3170.000 -2871.589 -410.500
v 3220.000 -3220.000 -428.788
v 3220.000 -2871.589 -428.788
v 3220.000 -2871.589 0.000
v 2988.270 -2903.417 -0.000
v 2871.589 -3050.000 0.000
v 2978.221 -2893.368 0.000
v 2907.846 -2992.699 0.000
v 2893.368 -2978.221 -400.714
v 2978.221 -2893.368 -410.500
v 2893.368 -2978.221 0.000
v 2978.221 -2893.368 -356.064
v 2976.201 -2895.389 -410.500
v 2992.717 -2907.864 -410.500
v 2893.368 -2978.221 -72.724
v 2893.368 -2978.221 -410.500
v 2992.717 -2907.864 0.000
v 2978.221 -2893.368 -9.286
v 2992.614 -2907.967 0.000
v 2907.864 -2992.717 0.000
v 2907.864 -2992.717 -410.500
v 2871.589 -3220.000 0.000
v 2879.569 -3170.000 -0.000
v 2871.589 -3170.000 -400.714
v 2871.589 -3000.000 -428.788
v 2871.589 -3050.000 -410.500
v 2892.064 -3170.000 0.000
v 2871.589 -3170.000 0.000
v 2871.589 -3050.000 -9.286
v 2871.589 -3000.000 0.000
v 2871.589 -3050.000 -331.336
v 2983.078 -2917.503 0.000
v 2892.089 -3091.555 0.000
v 2890.017 -3170.000 0.000
v 2871.589 -3052.857 -410.500
v 2892.089 -3170.000 -410.500
v 2892.089 -3170.000 0.000
v 2892.089 -3050.000 -410.500
v 2892.089 -3164.378 0.000
v 2871.589 -3170.000 -97.452
v 2871.589 -3170.000 -410.500
v 2892.089 -3050.000 0.000
v 2892.089 -3050.146 0.000
v 3110.000 -3060.000 -428.788
v 2871.589 -3220.000 -428.788
v 3060.000 -3110.000 -428.788
v 3110.000 -3160.000 -428.788
v 3160.000 -3110.000 -428.788
v 3160.000 -3124.979 -428.788
v 3118.970 -3060.000 -428.788
v 3060.000 -3060.000 -428.788
v 3060.000 -3060.000 -323.788
v 3060.000 -3160.000 -428.788
v 3060.000 -3160.000 -323.788
v 3160.000 -3060.000 -428.788
v 3160.000 -3060.000 -323.788
v 3160.000 -3160.000 -428.788
v 3160.000 -3160.000 -323.788
v 3000.000 -2871.589 0.000
v 3220.000 -3220.000 0.000
v 3220.000 -2871.589 -428.788
v 3000.000 -2871.589 -428.788
v 3220.000 -2871.589 0.000
v 3050.000 -2892.089 -410.500
v 3170.000 -2892.089 -410.500
f 738 803 800
f 730 804 802
f 756 766 771
f 753 800 803
f 781 786 763
f 772 771 766
f 786 743 801
f 786 801 763
f 743 744 745
f 743 745 801
f 790 789 743
f 786 766 803
f 801 760 773
f 780 801 773
f 760 801 758
f 758 801 800
f 746 758 800
f 747 783 771
f 800 748 746
f 771 749 752
f 771 761 749
f 766 756 750
f 766 750 757
f 803 766 754
f 766 757 754
f 803 754 751
f 803 751 753
f 752 756 771
f 748 800 759
f 759 800 753
f 762 755 754
f 761 750 749
f 758 755 760
f 749 750 756
f 749 756 752
f 754 755 751
f 755 753 751
f 759 753 755
f 762 754 757
f 758 759 755
f 746 748 759
f 759 758 746
f 773 760 762
f 761 773 762
f 762 760 755
f 750 761 762
f 750 762 757
f 764 769 763
f 774 761 784
f 783 761 771
f 784 761 783
f 786 781 765
f 786 776 766
f 786 765 782
f 767 772 766
f 776 767 766
f 786 782 776
f 801 780 778
f 801 778 763
f 763 768 775
f 763 778 768
f 769 781 763
f 747 771 770
f 770 771 772
f 773 774 780
f 761 774 773
f 763 775 764
f 777 779 776
f 778 765 768
f 779 784 783
f 780 777 778
f 776 779 767
f 779 772 767
f 770 772 779
f 768 765 781
f 768 781 775
f 781 764 775
f 781 769 764
f 777 776 782
f 783 770 779
f 783 747 770
f 777 774 784
f 774 777 780
f 765 778 777
f 765 777 782
f 779 777 784
f 786 792 787
f 792 786 803
f 791 785 803
f 803 785 792
f 786 794 743
f 786 787 794
f 794 788 743
f 798 790 743
f 788 798 743
f 802 743 796
f 802 791 803
f 796 743 789
f 802 796 791
f 790 799 789
f 791 797 785
f 793 787 792
f 795 788 794
f 793 797 799
f 795 793 799
f 793 785 797
f 796 797 791
f 797 789 799
f 798 799 790
f 793 792 785
f 793 795 787
f 795 794 787
f 795 799 788
f 797 796 789
f 798 788 799
f 801 804 733
f 735 736 800
f 801 735 800
f 800 736 737
f 801 734 735
f 733 804 732
f 801 733 734
f 803 738 739
f 803 741 802
f 803 739 740
f 803 740 741
f 742 730 802
f 741 742 802
f 737 738 800
f 732 804 731
f 731 804 730
f 805 806 741
f 739 736 735
f 733 806 734
f 741 806 742
f 806 730 742
f 731 730 806
f 736 739 738
f 736 738 737
f 805 741 740
f 806 733 731
f 733 732 731
f 740 739 805
f 805 739 735
f 805 735 734
f 805 734 806
o Mesh 27
v 3176.000 -3180.000 -427.788
v 3180.000 -3176.000 -427.788
v 3184.000 -3180.000 -427.788
v 3180.000 -3184.000 -427.788
v 3176.000 -3180.000 -427.788
v 3176.000 -3180.000 -748.788
v 3180.000 -3176.000 -748.788
v 3184.000 -3180.000 -748.788
v 3180.000 -3184.000 -748.788
v 3176.000 -3180.000 -748.788
f 807 808 813 812
f 808 809 814 813
f 809 810 815 814
f 810 811 816 815
f 808 807 810
f 810 809 808
f 815 812 813
f 813 814 815
o Mesh 28
v 3176.000 -3040.000 -427.788
v 3180.000 -3036.000 -427.788
v 3184.000 -3040.000 -427.788
v 3180.000 -3044.000 -427.788
v 3176.000 -3040.000 -427.788
v 3176.000 -3040.000 -748.788
v 3180.000 -3036.000 -748.788
v 3184.000 -3040.000 -748.788
v 3180.000 -3044.000 -748.788
v 3176.000 -3040.000 -748.788
f 817 818 823 822
f 818 819 824 823
f 819 820 825 824
f 820 821 826 825
f 818 817 820
f 820 819 818
f 825 822 823
f 823 824 825
o Mesh 29
v 3036.000 -3040.000 -427.788
v 3040.000 -3036.000 -427.788
v 3044.000 -3040.000 -427.788
v 3040.000 -3044.000 -427.788
v 3036.000 -3040.000 -427.788
v 3036.000 -3040.000 -748.788
v 3040.000 -3036.000 -748.788
v 3044.000 -3040.000 -748.788
v 3040.000 -3044.000 -748.788
v 3036.000 -3040.000 -748.788
f 827 828 833 832
f 828 829 834 833
f 829 830 835 834
f 830 831 836 835
f 828 827 830
f 830 829 828
f 835 832 833
f 833 834 835
o Mesh 30
v 3036.000 -3180.000 -427.788
v 3040.000 -3176.000 -427.788
v 3044.000 -3180.000 -427.788
v 3040.000 -3184.000 -427.788
v 3036.000 -3180.000 -427.788
v 3036.000 -3180.000 -748.788
v 3040.000 -3176.000 -748.788
v 3044.000 -3180.000 -748.788
v 3040.000 -3184.000 -748.788
v 3036.000 -3180.000 -748.788
f 837 838 843 842
f 838 839 844 843
f 839 840 845 844
f 840 841 846 845
f 838 837 840
f 840 839 838
f 845 842 843
f 843 844 845
o Mesh 31
v 3106.000 -2893.127 -621.784
v 3110.000 -2896.985 -622.840
v 3114.000 -2893.127 -621.784
v 3110.000 -2889.269 -620.728
v 3106.000 -2893.127 -621.784
v 3106.000 -2977.872 -312.173
v 3110.000 -2981.730 -313.229
v 3114.000 -2977.872 -312.173
v 3110.000 -2974.014 -311.117
v 3106.000 -2977.872 -312.173
f 847 848 853 852
f 848 849 854 853
f 849 850 855 854
f 850 851 856 855
f 848 847 850
f 850 849 848
f 855 852 853
f 853 854 855
o Mesh 32
v 3106.000 -2573.300 -534.243
v 3110.000 -2577.158 -535.299
v 3114.000 -2573.300 -534.243
v 3110.000 -2569.441 -533.187
v 3106.000 -2573.300 -534.243
v 3106.000 -2658.044 -224.632
v 3110.000 -2661.902 -225.688
v 3114.000 -2658.044 -224.632
v 3110.000 -2654.186 -223.576
v 3106.000 -2658.044 -224.632
f 857 858 863 862
f 858 859 864 863
f 859 860 865 864
f 860 861 866 865
f 858 857 860
f 860 859 858
f 865 862 863
f 863 864 865
o Mesh 33
v 2893.127 -3114.000 -621.784
v 2896.985 -3110.000 -622.840
v 2893.127 -3106.000 -621.784
v 2889.269 -3110.000 -620.728
v 2893.127 -3114.000 -621.784
v 2977.872 -3114.000 -312.173
v 2981.730 -3110.000 -313.229
v 2977.872 -3106.000 -312.173
v 2974.014 -3110.000 -311.117
v 2977.872 -3114.000 -312.173
f 867 868 873 872
f 868 869 874 873
f 869 870 875 874
f 870 871 876 875
f 868 867 870
f 870 869 868
f 875 872 873
f 873 874 875
o Mesh 34
v 2573.300 -3114.000 -534.243
v 2577.158 -3110.000 -535.299
v 2573.300 -3106.000 -534.243
v 2569.441 -3110.000 -533.187
v 2573.300 -3114.000 -534.243
v 2658.044 -3114.000 -224.632
v 2661.902 -3110.000 -225.688
v 2658.044 -3106.000 -224.632
v 2654.186 -3110.000 -223.576
v 2658.044 -3114.000 -224.632
f 877 878 883 882
f 878 879 884 883
f 879 880 885 884
f 880 881 886 885
f 878 877 880
f 880 879 878
f 885 882 883
f 883 884 885
o Mesh 35
v 3106.000 -3110.000 -651.000
v 3110.000 -3114.000 -651.000
v 3114.000 -3110.000 -651.000
v 3110.000 -3106.000 -651.000
v 3106.000 -3110.000 -651.000
v 3106.000 -3110.000 -330.000
v 3110.000 -3114.000 -330.000
v 3114.000 -3110.000 -330.000
v 3110.000 -3106.000 -330.000
v 3106.000 -3110.000 -330.000
f 887 888 893 892
f 888 889 894 893
f 889 890 895 894
f 890 891 896 895
f 888 887 890
f 890 889 888
f 895 892 893
f 893 894 895
o Mesh 36
v 3114.000 -3221.000 -396.788
v 3118.000 -3221.000 -392.788
v 3122.000 -3221.000 -396.788
v 3118.000 -3221.000 -400.788
v 3114.000 -3221.000 -396.788
v 3114.000 -2900.000 -396.788
v 3118.000 -2900.000 -392.788
v 3122.000 -2900.000 -396.788
v 3118.000 -2900.000 -400.788
v 3114.000 -2900.000 -396.788
f 897 898 903 902
f 898 899 904 903
f 899 900 905 904
f 900 901 906 905
f 898 897 900
f 900 899 898
f 905 902 903
f 903 904 905
o Mesh 37
v 3221.000 -3106.000 -388.788
v 3221.000 -3102.000 -384.788
v 3221.000 -3098.000 -388.788
v 3221.000 -3102.000 -392.788
v 3221.000 -3106.000 -388.788
v 2900.000 -3106.000 -388.788
v 2900.000 -3102.000 -384.788
v 2900.000 -3098.000 -388.788
v 2900.000 -3102.000 -392.788
v 2900.000 -3106.000 -388.788
f 907 908 913 912
f 908 909 914 913
f 909 910 915 914
f 910 911 916 915
f 908 907 910
f 910 909 908
f 915 912 913
f 913 914 915
o Mesh 38
v 3160.000 -3160.000 -533.788
v 3060.000 -3160.000 -533.788
v 3060.000 -3060.000 -533.788
v 3160.000 -3060.000 -533.788
v 3160.000 -3160.000 -323.788
v 3160.000 -3060.000 -323.788
v 3060.000 -3060.000 -323.788
v 3060.000 -3160.000 -323.788
f 917 918 919 920
f 917 920 922 921
f 920 919 923 922
f 919 918 924 923
f 918 917 921 924
f 921 922 923 924
o Mesh 39
v 3170.000 -2871.089 -410.500
v 3170.000 -2892.089 -410.500
v 3050.000 -2892.089 -410.500
v 3050.000 -2871.089 -410.500
v 3170.000 -2871.089 0.500
v 3050.000 -2871.089 0.500
v 3050.000 -2892.089 0.500
v 3170.000 -2892.089 0.500
f 925 926 927 928
f 925 928 930 929
f 928 927 931 930
f 927 926 932 931
f 926 925 929 932
f 929 930 931 932
o Mesh 40
v 2977.868 -2893.015 -410.500
v 2992.717 -2907.864 -410.500
v 2907.864 -2992.717 -410.500
v 2893.015 -2977.868 -410.500
v 2977.868 -2893.015 0.500
v 2893.015 -2977.868 0.500
v 2907.864 -2992.717 0.500
v 2992.717 -2907.864 0.500
f 933 934 935 936
f 933 936 938 937
f 936 935 939 938
f 935 934 940 939
f 934 933 937 940
f 937 938 939 940
o Mesh 41
v 2871.089 -3050.000 -410.500
v 2892.089 -3050.000 -410.500
v 2892.089 -3170.000 -410.500
v 2871.089 -3170.000 -410.500
v 2871.089 -3050.000 0.500
v 2871.089 -3170.000 0.500
v 2892.089 -3170.000 0.500
v 2892.089 -3050.000 0.500
f 941 942 943 944
f 941 944 946 945
f 944 943 947 946
f 943 942 948 947
f 942 941 945 948
f 945 946 947 948
o Mesh 42
v 3110.000 3060.000 -428.788
v 3060.000 3060.000 -428.788
v 3060.000 3110.000 -428.788
v 3060.000 3160.000 -428.788
v 3110.000 3160.000 -428.788
v 3160.000 3160.000 -428.788
v 3160.000 3110.000 -428.788
v 3160.000 3060.000 -428.788
v 3220.000 3220.000 -504.099
v 3000.000 3002.200 -650.000
v 3002.200 3000.000 -650.000
v 3220.000 3000.000 -650.000
v 3220.000 3220.000 -650.000
v 2466.954 3220.000 -504.099
v 2466.954 2661.421 -504.099
v 2484.298 2673.003 -428.788
v 2661.421 2466.954 -504.099
v 3220.000 2466.954 -504.099
v 3220.000 3220.000 -504.099
v 3220.000 3220.000 -428.788
v 3220.000 3220.000 -650.000
v 3000.000 3220.000 -650.000
v 2673.003 2484.298 -428.788
v 2484.298 3220.000 -428.788
v 3220.000 2484.298 -428.788
v 3220.000 3220.000 -428.788
v 3060.000 3160.000 -533.788
v 3160.000 3060.000 -533.788
v 3060.000 3060.000 -533.788
v 3160.000 3160.000 -533.788
f 969 970 962
f 969 962 957
f 970 958 963
f 970 963 962
f 958 959 965
f 958 965 963
f 959 960 966
f 959 966 965
f 960 961 967
f 960 967 966
f 957 962 972
f 957 972 974
f 962 963 964
f 962 964 972
f 963 965 971
f 963 971 964
f 965 966 973
f 965 973 971
f 966 967 968
f 966 968 973
f 970 969 960
f 959 958 970
f 970 960 959
f 974 972 952
f 972 964 971
f 971 973 972
f 974 954 955
f 951 972 950
f 974 952 953
f 974 953 954
f 950 972 973
f 949 950 973
f 951 952 972
f 956 949 973
f 974 956 973
f 974 955 956
f 977 976 978
f 975 977 978
f 975 953 952
f 977 951 950
f 956 976 949
f 978 955 954
f 975 978 953
f 975 952 951
f 977 949 976
f 950 949 977
f 954 953 978
f 977 975 951
f 978 976 955
f 976 956 955
o Mesh 43
v 3124.979 3160.000 -428.788
v 3110.000 3160.000 -428.788
v 3060.000 3160.000 -428.788
v 3060.000 3118.970 -428.788
v 3060.000 3110.000 -428.788
v 3060.000 3060.000 -428.788
v 3110.000 3060.000 -428.788
v 3160.000 3060.000 -428.788
v 3160.000 3110.000 -428.788
v 3160.000 3160.000 -428.788
v 2871.589 3220.000 0.000
v 2871.589 3220.000 -428.788
v 2871.589 3220.000 0.000
v 2871.589 3170.000 0.000
v 2871.589 3050.000 -400.714
v 2871.589 3170.000 -410.500
v 2892.064 3050.000 0.000
v 3220.000 3220.000 0.000
v 2871.589 3050.000 0.000
v 2871.589 3170.000 -9.286
v 2871.589 3170.000 -331.336
v 2871.589 3167.143 -410.500
v 2892.089 3050.000 -410.500
v 2892.089 3170.000 -410.500
v 2871.589 3050.000 -97.452
v 2871.589 3050.000 -410.500
v 2892.089 3170.000 0.000
v 2892.089 3050.000 0.000
v 2892.089 3169.854 0.000
v 2978.221 2893.368 0.000
v 2893.368 2978.221 -356.064
v 2871.589 3000.000 0.000
v 2903.417 2988.270 -0.000
v 2893.368 2978.221 0.000
v 2992.699 2907.846 0.000
v 2978.221 2893.368 -400.714
v 2893.368 2978.221 -410.500
v 2895.389 2976.201 -410.500
v 2907.864 2992.717 -410.500
v 2978.221 2893.368 -72.724
v 2978.221 2893.368 -410.500
v 2907.864 2992.717 0.000
v 2893.368 2978.221 -9.286
v 2907.967 2992.614 0.000
v 2992.717 2907.864 0.000
v 2992.717 2907.864 -410.500
v 3170.000 2871.589 0.000
v 3050.000 2871.589 -9.286
v 3050.000 2871.589 -331.336
v 3000.000 2871.589 0.000
v 3050.000 2871.589 -0.000
v 3220.000 2871.589 0.000
v 3170.000 2879.569 -0.000
v 3170.000 2892.064 0.000
v 2917.503 2983.078 0.000
v 3091.555 2892.089 0.000
v 3170.000 2890.017 0.000
v 3000.000 2871.589 -428.788
v 3050.000 2871.589 -410.500
v 3052.857 2871.589 -410.500
v 3170.000 2892.089 0.000
v 3050.000 2892.089 -410.500
v 3170.000 2871.589 -97.452
v 3050.146 2892.089 0.000
v 3170.000 2892.089 -410.500
v 3164.378 2892.089 0.000
v 3170.000 2871.589 -410.500
v 3050.000 2892.089 0.000
v 3170.000 2871.589 -400.714
v 3220.000 2871.589 -428.788
v 2871.589 3000.000 -428.788
v 3220.000 3220.000 -428.788
v 2871.589 3220.000 -428.788
v 3160.000 3160.000 -323.788
v 3060.000 3160.000 -323.788
v 3060.000 3060.000 -323.788
v 3160.000 3060.000 -323.788
f 1003 1049 1010
f 999 989 1051
f 1018 1036 1028
f 1009 1010 1049
f 1041 1048 1030
f 1027 1028 1036
f 1048 1050 996
f 1048 996 1030
f 1050 990 991
f 1050 991 996
f 979 980 1050
f 1048 1036 1049
f 992 1005 989
f 1049 1003 993
f 1049 1000 1051
f 1049 993 1004
f 994 999 1051
f 1000 994 1051
f 1049 1004 1000
f 995 997 1010
f 996 989 1005
f 1006 995 1010
f 996 1006 1010
f 996 1005 1007
f 996 1007 1006
f 997 1003 1010
f 992 989 998
f 998 989 999
f 1001 1002 1000
f 1006 993 995
f 1002 1007 1005
f 1000 1002 994
f 1002 999 994
f 998 999 1002
f 995 993 1003
f 995 1003 997
f 1001 1000 1004
f 1005 998 1002
f 1005 992 998
f 993 1006 1001
f 993 1001 1004
f 1001 1006 1007
f 1002 1001 1007
f 1008 1018 1028
f 1012 1010 1021
f 1021 1010 1009
f 996 1020 1022
f 1044 996 1033
f 1020 996 1010
f 1011 1020 1010
f 996 1022 1033
f 1010 1012 1011
f 1028 1013 1008
f 1028 1023 1013
f 1036 1018 1014
f 1036 1014 1019
f 1049 1036 1016
f 1049 1015 1009
f 1049 1016 1015
f 1036 1019 1016
f 1024 1017 1016
f 1023 1014 1013
f 1017 1022 1020
f 1016 1017 1015
f 1017 1009 1015
f 1021 1009 1017
f 1013 1014 1018
f 1013 1018 1008
f 1024 1016 1019
f 1020 1021 1017
f 1011 1012 1021
f 1021 1020 1011
f 1033 1022 1024
f 1023 1033 1024
f 1017 1024 1022
f 1014 1023 1024
f 1014 1024 1019
f 1025 1041 1030
f 1029 1028 1026
f 1026 1028 1027
f 1023 1028 1046
f 1028 1029 1046
f 1030 1031 1025
f 1023 1046 1042
f 1023 1042 1034
f 996 1044 1039
f 996 1039 1030
f 1030 1039 1032
f 1030 1032 1035
f 1033 1034 1044
f 1023 1034 1033
f 1030 1035 1031
f 1048 1041 1047
f 1048 1038 1036
f 1048 1047 1045
f 1037 1027 1036
f 1038 1037 1036
f 1048 1045 1038
f 1043 1040 1038
f 1047 1032 1039
f 1040 1042 1046
f 1038 1040 1037
f 1040 1027 1037
f 1026 1027 1040
f 1032 1047 1041
f 1032 1041 1035
f 1035 1041 1031
f 1031 1041 1025
f 1034 1042 1043
f 1039 1044 1043
f 1044 1034 1043
f 1043 1038 1045
f 1040 1046 1026
f 1046 1029 1026
f 1040 1043 1042
f 1045 1047 1043
f 1043 1047 1039
f 1048 1049 984
f 1048 985 986
f 1050 1048 986
f 984 985 1048
f 982 983 1049
f 1049 983 984
f 1050 988 979
f 1050 986 987
f 1050 987 988
f 1051 1050 981
f 1051 982 1049
f 981 1050 980
f 1051 981 982
f 979 1052 980
f 984 1054 985
f 1055 987 986
f 1054 1053 1052
f 1055 1054 1052
f 1053 980 1052
f 988 1052 979
f 1053 1054 983
f 1053 983 982
f 1053 982 981
f 1053 981 980
f 986 985 1055
f 1055 985 1054
f 1054 984 983
f 1052 988 987
f 1055 1052 987
o Mesh 44
v 3180.000 3176.000 -427.788
v 3176.000 3180.000 -427.788
v 3180.000 3184.000 -427.788
v 3184.000 3180.000 -427.788
v 3180.000 3176.000 -427.788
v 3180.000 3176.000 -748.788
v 3176.000 3180.000 -748.788
v 3180.000 3184.000 -748.788
v 3184.000 3180.000 -748.788
v 3180.000 3176.000 -748.788
f 1056 1057 1062 1061
f 1057 1058 1063 1062
f 1058 1059 1064 1063
f 1059 1060 1065 1064
f 1057 1056 1059
f 1059 1058 1057
f 1064 1061 1062
f 1062 1063 1064
o Mesh 45
v 3040.000 3176.000 -427.788
v 3036.000 3180.000 -427.788
v 3040.000 3184.000 -427.788
v 3044.000 3180.000 -427.788
v 3040.000 3176.000 -427.788
v 3040.000 3176.000 -748.788
v 3036.000 3180.000 -748.788
v 3040.000 3184.000 -748.788
v 3044.000 3180.000 -748.788
v 3040.000 3176.000 -748.788
f 1066 1067 1072 1071
f 1067 1068 1073 1072
f 1068 1069 1074 1073
f 1069 1070 1075 1074
f 1067 1066 1069
f 1069 1068 1067
f 1074 1071 1072
f 1072 1073 1074
o Mesh 46
v 3040.000 3036.000 -427.788
v 3036.000 3040.000 -427.788
v 3040.000 3044.000 -427.788
v 3044.000 3040.000 -427.788
v 3040.000 3036.000 -427.788
v 3040.000 3036.000 -748.788
v 3036.000 3040.000 -748.788
v 3040.000 3044.000 -748.788
v 3044.000 3040.000 -748.788
v 3040.000 3036.000 -748.788
f 1076 1077 1082 1081
f 1077 1078 1083 1082
f 1078 1079 1084 1083
f 1079 1080 1085 1084
f 1077 1076 1079
f 1079 1078 1077
f 1084 1081 1082
f 1082 1083 1084
o Mesh 47
v 3180.000 3036.000 -427.788
v 3176.000 3040.000 -427.788
v 3180.000 3044.000 -427.788
v 3184.000 3040.000 -427.788
v 3180.000 3036.000 -427.788
v 3180.000 3036.000 -748.788
v 3176.000 3040.000 -748.788
v 3180.000 3044.000 -748.788
v 3184.000 3040.000 -748.788
v 3180.000 3036.000 -748.788
f 1086 1087 1092 1091
f 1087 1088 1093 1092
f 1088 1089 1094 1093
f 1089 1090 1095 1094
f 1087 1086 1089
f 1089 1088 1087
f 1094 1091 1092
f 1092 1093 1094
o Mesh 48
v 2893.127 3106.000 -621.784
v 2896.985 3110.000 -622.840
v 2893.127 3114.000 -621.784
v 2889.269 3110.000 -620.728
v 2893.127 3106.000 -621.784
v 2977.872 3106.000 -312.173
v 2981.730 3110.000 -313.229
v 2977.872 3114.000 -312.173
v 2974.014 3110.000 -311.117
v 2977.872 3106.000 -312.173
f 1096 1097 1102 1101
f 1097 1098 1103 1102
f 1098 1099 1104 1103
f 1099 1100 1105 1104
f 1097 1096 1099
f 1099 1098 1097
f 1104 1101 1102
f 1102 1103 1104
o Mesh 49
v 2573.300 3106.000 -534.243
v 2577.158 3110.000 -535.299
v 2573.300 3114.000 -534.243
v 2569.441 3110.000 -533.187
v 2573.300 3106.000 -534.243
v 2658.044 3106.000 -224.632
v 2661.902 3110.000 -225.688
v 2658.044 3114.000 -224.632
v 2654.186 3110.000 -223.576
v 2658.044 3106.000 -224.632
f 1106 1107 1112 1111
f 1107 1108 1113 1112
f 1108 1109 1114 1113
f 1109 1110 1115 1114
f 1107 1106 1109
f 1109 1108 1107
f 1114 1111 1112
f 1112 1113 1114
o Mesh 50
v 3114.000 2893.127 -621.784
v 3110.000 2896.985 -622.840
v 3106.000 2893.127 -621.784
v 3110.000 2889.269 -620.728
v 3114.000 2893.127 -621.784
v 3114.000 2977.872 -312.173
v 3110.000 2981.730 -313.229
v 3106.000 2977.872 -312.173
v 3110.000 2974.014 -311.117
v 3114.000 2977.872 -312.173
f 1116 1117 1122 1121
f 1117 1118 1123 1122
f 1118 1119 1124 1123
f 1119 1120 1125 1124
f 1117 1116 1119
f 1119 1118 1117
f 1124 1121 1122
f 1122 1123 1124
o Mesh 51
v 3114.000 2573.300 -534.243
v 3110.000 2577.158 -535.299
v 3106.000 2573.300 -534.243
v 3110.000 2569.441 -533.187
v 3114.000 2573.300 -534.243
v 3114.000 2658.044 -224.632
v 3110.000 2661.902 -225.688
v 3106.000 2658.044 -224.632
v 3110.000 2654.186 -223.576
v 3114.000 2658.044 -224.632
f 1126 1127 1132 1131
f 1127 1128 1133 1132
f 1128 1129 1134 1133
f 1129 1130 1135 1134
f 1127 1126 1129
f 1129 1128 1127
f 1134 1131 1132
f 1132 1133 1134
o Mesh 52
v 3110.000 3106.000 -651.000
v 3114.000 3110.000 -651.000
v 3110.000 3114.000 -651.000
v 3106.000 3110.000 -651.000
v 3110.000 3106.000 -651.000
v 3110.000 3106.000 -330.000
v 3114.000 3110.000 -330.000
v 3110.000 3114.000 -330.000
v 3106.000 3110.000 -330.000
v 3110.000 3106.000 -330.000
f 1136 1137 1142 1141
f 1137 1138 1143 1142
f 1138 1139 1144 1143
f 1139 1140 1145 1144
f 1137 1136 1139
f 1139 1138 1137
f 1144 1141 1142
f 1142 1143 1144
o Mesh 53
v 3221.000 3114.000 -396.788
v 3221.000 3118.000 -392.788
v 3221.000 3122.000 -396.788
v 3221.000 3118.000 -400.788
v 3221.000 3114.000 -396.788
v 2900.000 3114.000 -396.788
v 2900.000 3118.000 -392.788
v 2900.000 3122.000 -396.788
v 2900.000 3118.000 -400.788
v 2900.000 3114.000 -396.788
f 1146 1147 1152 1151
f 1147 1148 1153 1152
f 1148 1149 1154 1153
f 1149 1150 1155 1154
f 1147 1146 1149
f 1149 1148 1147
f 1154 1151 1152
f 1152 1153 1154
o Mesh 54
v 3106.000 3221.000 -388.788
v 3102.000 3221.000 -384.788
v 3098.000 3221.000 -388.788
v 3102.000 3221.000 -392.788
v 3106.000 3221.000 -388.788
v 3106.000 2900.000 -388.788
v 3102.000 2900.000 -384.788
v 3098.000 2900.000 -388.788
v 3102.000 2900.000 -392.788
v 3106.000 2900.000 -388.788
f 1156 1157 1162 1161
f 1157 1158 1163 1162
f 1158 1159 1164 1163
f 1159 1160 1165 1164
f 1157 1156 1159
f 1159 1158 1157
f 1164 1161 1162
f 1162 1163 1164
o Mesh 55
v 3160.000 3160.000 -533.788
v 3160.000 3060.000 -533.788
v 3060.000 3060.000 -533.788
v 3060.000 3160.000 -533.788
v 3160.000 3160.000 -323.788
v 3060.000 3160.000 -323.788
v 3060.000 3060.000 -323.788
v 3160.000 3060.000 -323.788
f 1166 1167 1168 1169
f 1166 1169 1171 1170
f 1169 1168 1172 1171
f 1168 1167 1173 1172
f 1167 1166 1170 1173
f 1170 1171 1172 1173
o Mesh 56
v 2871.089 3170.000 -410.500
v 2892.089 3170.000 -410.500
v 2892.089 3050.000 -410.500
v 2871.089 3050.000 -410.500
v 2871.089 3170.000 0.500
v 2871.089 3050.000 0.500
v 2892.089 3050.000 0.500
v 2892.089 3170.000 0.500
f 1174 1175 1176 1177
f 1174 1177 1179 1178
f 1177 1176 1180 1179
f 1176 1175 1181 1180
f 1175 1174 1178 1181
f 1178 1179 1180 1181
o Mesh 57
v 2893.015 2977.868 -410.500
v 2907.864 2992.717 -410.500
v 2992.717 2907.864 -410.500
v 2977.868 2893.015 -410.500
v 2893.015 2977.868 0.500
v 2977.868 2893.015 0.500
v 2992.717 2907.864 0.500
v 2907.864 2992.717 0.500
f 1182 1183 1184 1185
f 1182 1185 1187 1186
f 1185 1184 1188 1187
f 1184 1183 1189 1188
f 1183 1182 1186 1189
f 1186 1187 1188 1189
o Mesh 58
v 3050.000 2871.089 -410.500
v 3050.000 2892.089 -410.500
v 3170.000 2892.089 -410.500
v 3170.000 2871.089 -410.500
v 3050.000 2871.089 0.500
v 3170.000 2871.089 0.500
v 3170.000 2892.089 0.500
v 3050.000 2892.089 0.500
f 1190 1191 1192 1193
f 1190 1193 1195 1194
f 1193 1192 1196 1195
f 1192 1191 1197 1196
f 1191 1190 1194 1197
f 1194 1195 1196 1197
o Mesh 59
v -3060.000 3110.000 -428.788
v -3060.000 3060.000 -428.788
v -3110.000 3060.000 -428.788
v -3160.000 3060.000 -428.788
v -3160.000 3110.000 -428.788
v -3160.000 3160.000 -428.788
v -3110.000 3160.000 -428.788
v -3060.000 3160.000 -428.788
v -3220.000 3220.000 -504.099
v -3002.200 3000.000 -650.000
v -3000.000 3002.200 -650.000
v -3000.000 3220.000 -650.000
v -3220.000 3220.000 -650.000
v -3220.000 2466.954 -504.099
v -2661.421 2466.954 -504.099
v -2673.003 2484.298 -428.788
v -2466.954 2661.421 -504.099
v -2466.954 3220.000 -504.099
v -3220.000 3220.000 -504.099
v -3220.000 3220.000 -428.788
v -3220.000 3220.000 -650.000
v -3220.000 3000.000 -650.000
v -2484.298 2673.003 -428.788
v -3220.000 2484.298 -428.788
v -3220.000 3220.000 -428.788
v -2484.298 3220.000 -428.788
v -3160.000 3060.000 -533.788
v -3060.000 3160.000 -533.788
v -3160.000 3160.000 -533.788
v -3060.000 3060.000 -533.788
f 1218 1219 1211
f 1218 1211 1206
f 1219 1207 1212
f 1219 1212 1211
f 1207 1208 1214
f 1207 1214 1212
f 1208 1209 1215
f 1208 1215 1214
f 1209 1210 1216
f 1209 1216 1215
f 1206 1211 1221
f 1206 1221 1222
f 1211 1212 1213
f 1211 1213 1221
f 1212 1214 1220
f 1212 1220 1213
f 1214 1215 1223
f 1214 1223 1220
f 1215 1216 1217
f 1215 1217 1223
f 1219 1218 1209
f 1208 1207 1219
f 1219 1209 1208
f 1222 1221 1201
f 1221 1213 1220
f 1220 1223 1221
f 1222 1203 1204
f 1201 1221 1200
f 1222 1201 1202
f 1222 1202 1203
f 1200 1221 1199
f 1222 1204 1205
f 1199 1221 1223
f 1198 1199 1223
f 1205 1198 1223
f 1222 1205 1223
f 1227 1225 1226
f 1224 1227 1226
f 1224 1202 1201
f 1199 1227 1200
f 1205 1225 1198
f 1226 1204 1203
f 1224 1226 1202
f 1224 1201 1200
f 1227 1198 1225
f 1199 1198 1227
f 1203 1202 1226
f 1226 1225 1204
f 1224 1200 1227
f 1205 1204 1225
o Mesh 60
v -2871.589 3050.000 -331.336
v -2871.589 3050.000 -9.286
v -2871.589 3050.000 0.000
v -2892.089 3050.000 0.000
v -2892.089 3050.146 0.000
v -2892.089 3091.555 0.000
v -2892.089 3164.378 0.000
v -2892.089 3170.000 0.000
v -2892.064 3170.000 0.000
v -2890.017 3170.000 0.000
v -2879.569 3170.000 -0.000
v -2871.589 3170.000 0.000
v -2871.589 3170.000 -97.452
v -2871.589 3170.000 -400.714
v -2871.589 3170.000 -410.500
v -2871.589 3052.857 -410.500
v -2871.589 3050.000 -410.500
v -3220.000 2871.589 0.000
v -3220.000 3220.000 -428.788
v -3220.000 2871.589 -428.788
v -3220.000 2871.589 0.000
v -3170.000 2871.589 -0.000
v -3110.000 3060.000 -428.788
v -3220.000 2871.589 -428.788
v -3160.000 3110.000 -428.788
v -3160.000 3124.979 -428.788
v -3060.000 3060.000 -428.788
v -3060.000 3160.000 -428.788
v -3060.000 3160.000 -323.788
v -3160.000 3160.000 -323.788
v -3160.000 3060.000 -323.788
v -3160.000 3160.000 -428.788
v -3060.000 3060.000 -323.788
v -3118.970 3060.000 -428.788
v -3160.000 3060.000 -428.788
v -3060.000 3110.000 -428.788
v -3110.000 3160.000 -428.788
v -3169.854 2892.089 0.000
v -3050.000 2892.064 0.000
v -3050.000 2871.589 0.000
v -3170.000 2871.589 -9.286
v -3170.000 2871.589 -331.336
v -3170.000 2871.589 -410.500
v -3167.143 2871.589 -410.500
v -3050.000 2892.089 0.000
v -3170.000 2892.089 -410.500
v -3050.000 2871.589 -97.452
v -3050.000 2871.589 -410.500
v -3170.000 2892.089 0.000
v -3050.000 2892.089 -410.500
v -3050.000 2871.589 -400.714
v -3000.000 2871.589 0.000
v -2988.270 2903.417 -0.000
v -2893.368 2978.221 0.000
v -2978.221 2893.368 -356.064
v -2978.221 2893.368 0.000
v -2907.846 2992.699 0.000
v -3000.000 2871.589 -428.788
v -2978.221 2893.368 -410.500
v -2976.201 2895.389 -410.500
v -2992.717 2907.864 -410.500
v -2893.368 2978.221 -72.724
v -2893.368 2978.221 -410.500
v -2992.717 2907.864 0.000
v -2978.221 2893.368 -9.286
v -2992.614 2907.967 0.000
v -2907.864 2992.717 -410.500
v -2893.368 2978.221 -400.714
v -2907.864 2992.717 0.000
v -3220.000 3220.000 0.000
v -2871.589 3220.000 0.000
v -2871.589 3220.000 -428.788
v -2871.589 3000.000 -428.788
v -2871.589 3000.000 0.000
v -2983.078 2917.503 0.000
v -2892.089 3170.000 -410.500
v -2892.089 3050.000 -410.500
f 1274 1285 1279
f 1269 1245 1251
f 1289 1300 1301
f 1282 1279 1285
f 1240 1299 1298
f 1228 1301 1300
f 1299 1246 1297
f 1299 1297 1298
f 1246 1247 1248
f 1246 1248 1297
f 1253 1252 1246
f 1299 1300 1285
f 1249 1276 1245
f 1299 1285 1254
f 1299 1263 1255
f 1246 1299 1255
f 1246 1259 1253
f 1261 1250 1285
f 1246 1264 1259
f 1254 1263 1299
f 1250 1254 1285
f 1246 1255 1264
f 1251 1246 1262
f 1251 1261 1285
f 1262 1246 1252
f 1251 1262 1261
f 1253 1257 1252
f 1254 1260 1263
f 1255 1256 1264
f 1260 1258 1257
f 1256 1260 1257
f 1258 1252 1257
f 1259 1257 1253
f 1258 1260 1250
f 1258 1250 1261
f 1258 1261 1262
f 1258 1262 1252
f 1255 1263 1256
f 1256 1263 1260
f 1257 1259 1264
f 1254 1250 1260
f 1257 1264 1256
f 1297 1245 1276
f 1297 1265 1272
f 1297 1276 1265
f 1272 1266 1279
f 1297 1272 1279
f 1279 1266 1267
f 1267 1274 1279
f 1249 1245 1268
f 1268 1245 1269
f 1285 1274 1278
f 1285 1271 1251
f 1285 1278 1275
f 1270 1269 1251
f 1271 1270 1251
f 1285 1275 1271
f 1277 1273 1271
f 1278 1266 1272
f 1273 1265 1276
f 1271 1273 1270
f 1273 1269 1270
f 1268 1269 1273
f 1266 1278 1274
f 1266 1274 1267
f 1277 1271 1275
f 1273 1276 1268
f 1276 1249 1268
f 1273 1277 1265
f 1272 1265 1277
f 1275 1278 1277
f 1277 1278 1272
f 1297 1291 1293
f 1234 1297 1302
f 1291 1297 1279
f 1280 1291 1279
f 1297 1293 1302
f 1281 1289 1301
f 1283 1279 1292
f 1292 1279 1282
f 1279 1283 1280
f 1301 1296 1284
f 1301 1284 1281
f 1300 1289 1295
f 1300 1295 1290
f 1285 1300 1287
f 1285 1286 1282
f 1285 1287 1286
f 1300 1290 1287
f 1294 1288 1287
f 1295 1284 1296
f 1288 1293 1291
f 1287 1288 1286
f 1288 1282 1286
f 1292 1282 1288
f 1284 1295 1289
f 1284 1289 1281
f 1294 1287 1290
f 1288 1291 1292
f 1280 1283 1292
f 1291 1280 1292
f 1302 1293 1294
f 1296 1302 1294
f 1288 1294 1293
f 1290 1295 1294
f 1294 1295 1296
f 1296 1301 1231
f 1301 1230 1231
f 1298 1238 1239
f 1296 1231 1232
f 1296 1232 1233
f 1297 1234 1235
f 1297 1235 1298
f 1298 1235 1236
f 1298 1236 1237
f 1299 1240 1241
f 1299 1243 1300
f 1299 1241 1242
f 1244 1228 1300
f 1243 1244 1300
f 1299 1242 1243
f 1239 1240 1298
f 1230 1301 1229
f 1229 1301 1228
f 1302 1233 1234
f 1296 1233 1302
f 1298 1237 1238
f 1303 1304 1243
f 1241 1236 1235
f 1304 1232 1231
f 1234 1303 1235
f 1243 1304 1244
f 1304 1228 1244
f 1229 1228 1304
f 1236 1241 1240
f 1236 1240 1237
f 1237 1240 1238
f 1238 1240 1239
f 1303 1233 1232
f 1233 1303 1234
f 1303 1243 1242
f 1304 1231 1229
f 1231 1230 1229
f 1242 1241 1303
f 1303 1241 1235
f 1304 1303 1232
o Mesh 61
v -3176.000 3180.000 -427.788
v -3180.000 3176.000 -427.788
v -3184.000 3180.000 -427.788
v -3180.000 3184.000 -427.788
v -3176.000 3180.000 -427.788
v -3176.000 3180.000 -748.788
v -3180.000 3176.000 -748.788
v -3184.000 3180.000 -748.788
v -3180.000 3184.000 -748.788
v -3176.000 3180.000 -748.788
f 1305 1306 1311 1310
f 1306 1307 1312 1311
f 1307 1308 1313 1312
f 1308 1309 1314 1313
f 1306 1305 1308
f 1308 1307 1306
f 1313 1310 1311
f 1311 1312 1313
o Mesh 62
v -3176.000 3040.000 -427.788
v -3180.000 3036.000 -427.788
v -3184.000 3040.000 -427.788
v -3180.000 3044.000 -427.788
v -3176.000 3040.000 -427.788
v -3176.000 3040.000 -748.788
v -3180.000 3036.000 -748.788
v -3184.000 3040.000 -748.788
v -3180.000 3044.000 -748.788
v -3176.000 3040.000 -748.788
f 1315 1316 1321 1320
f 1316 1317 1322 1321
f 1317 1318 1323 1322
f 1318 1319 1324 1323
f 1316 1315 1318
f 1318 1317 1316
f 1323 1320 1321
f 1321 1322 1323
o Mesh 63
v -3036.000 3040.000 -427.788
v -3040.000 3036.000 -427.788
v -3044.000 3040.000 -427.788
v -3040.000 3044.000 -427.788
v -3036.000 3040.000 -427.788
v -3036.000 3040.000 -748.788
v -3040.000 3036.000 -748.788
v -3044.000 3040.000 -748.788
v -3040.000 3044.000 -748.788
v -3036.000 3040.000 -748.788
f 1325 1326 1331 1330
f 1326 1327 1332 1331
f 1327 1328 1333 1332
f 1328 1329 1334 1333
f 1326 1325 1328
f 1328 1327 1326
f 1333 1330 1331
f 1331 1332 1333
o Mesh 64
v -3036.000 3180.000 -427.788
v -3040.000 3176.000 -427.788
v -3044.000 3180.000 -427.788
v -3040.000 3184.000 -427.788
v -3036.000 3180.000 -427.788
v -3036.000 3180.000 -748.788
v -3040.000 3176.000 -748.788
v -3044.000 3180.000 -748.788
v -3040.000 3184.000 -748.788
v -3036.000 3180.000 -748.788
f 1335 1336 1341 1340
f 1336 1337 1342 1341
f 1337 1338 1343 1342
f 1338 1339 1344 1343
f 1336 1335 1338
f 1338 1337 1336
f 1343 1340 1341
f 1341 1342 1343
o Mesh 65
v -3106.000 2893.127 -621.784
v -3110.000 2896.985 -622.840
v -3114.000 2893.127 -621.784
v -3110.000 2889.269 -620.728
v -3106.000 2893.127 -621.784
v -3106.000 2977.872 -312.173
v -3110.000 2981.730 -313.229
v -3114.000 2977.872 -312.173
v -3110.000 2974.014 -311.117
v -3106.000 2977.872 -312.173
f 1345 1346 1351 1350
f 1346 1347 1352 1351
f 1347 1348 1353 1352
f 1348 1349 1354 1353
f 1346 1345 1348
f 1348 1347 1346
f 1353 1350 1351
f 1351 1352 1353
o Mesh 66
v -3106.000 2573.300 -534.243
v -3110.000 2577.158 -535.299
v -3114.000 2573.300 -534.243
v -3110.000 2569.441 -533.187
v -3106.000 2573.300 -534.243
v -3106.000 2658.044 -224.632
v -3110.000 2661.902 -225.688
v -3114.000 2658.044 -224.632
v -3110.000 2654.186 -223.576
v -3106.000 2658.044 -224.632
f 1355 1356 1361 1360
f 1356 1357 1362 1361
f 1357 1358 1363 1362
f 1358 1359 1364 1363
f 1356 1355 1358
f 1358 1357 1356
f 1363 1360 1361
f 1361 1362 1363
o Mesh 67
v -2893.127 3114.000 -621.784
v -2896.985 3110.000 -622.840
v -2893.127 3106.000 -621.784
v -2889.269 3110.000 -620.728
v -2893.127 3114.000 -621.784
v -2977.872 3114.000 -312.173
v -2981.730 3110.000 -313.229
v -2977.872 3106.000 -312.173
v -2974.014 3110.000 -311.117
v -2977.872 3114.000 -312.173
f 1365 1366 1371 1370
f 1366 1367 1372 1371
f 1367 1368 1373 1372
f 1368 1369 1374 1373
f 1366 1365 1368
f 1368 1367 1366
f 1373 1370 1371
f 1371 1372 1373
o Mesh 68
v -2573.300 3114.000 -534.243
v -2577.158 3110.000 -535.299
v -2573.300 3106.000 -534.243
v -2569.441 3110.000 -533.187
v -2573.300 3114.000 -534.243
v -2658.044 3114.000 -224.632
v -2661.902 3110.000 -225.688
v -2658.044 3106.000 -224.632
v -2654.186 3110.000 -223.576
v -2658.044 3114.000 -224.632
f 1375 1376 1381 1380
f 1376 1377 1382 1381
f 1377 1378 1383 1382
f 1378 1379 1384 1383
f 1376 1375 1378
f 1378 1377 1376
f 1383 1380 1381
f 1381 1382 1383
o Mesh 69
v -3106.000 3110.000 -651.000
v -3110.000 3114.000 -651.000
v -3114.000 3110.000 -651.000
v -3110.000 3106.000 -651.000
v -3106.000 3110.000 -651.000
v -3106.000 3110.000 -330.000
v -3110.000 3114.000 -330.000
v -3114.000 3110.000 -330.000
v -3110.000 3106.000 -330.000
v -3106.000 3110.000 -330.000
f 1385 1386 1391 1390
f 1386 1387 1392 1391
f 1387 1388 1393 1392
f 1388 1389 1394 1393
f 1386 1385 1388
f 1388 1387 1386
f 1393 1390 1391
f 1391 1392 1393
o Mesh 70
v -3114.000 3221.000 -396.788
v -3118.000 3221.000 -392.788
v -3122.000 3221.000 -396.788
v -3118.000 3221.000 -400.788
v -3114.000 3221.000 -396.788
v -3114.000 2900.000 -396.788
v -3118.000 2900.000 -392.788
v -3122.000 2900.000 -396.788
v -3118.000 2900.000 -400.788
v -3114.000 2900.000 -396.788
f 1395 1396 1401 1400
f 1396 1397 1402 1401
f 1397 1398 1403 1402
f 1398 1399 1404 1403
f 1396 1395 1398
f 1398 1397 1396
f 1403 1400 1401
f 1401 1402 1403
o Mesh 71
v -3221.000 3106.000 -388.788
v -3221.000 3102.000 -384.788
v -3221.000 3098.000 -388.788
v -3221.000 3102.000 -392.788
v -3221.000 3106.000 -388.788
v -2900.000 3106.000 -388.788
v -2900.000 3102.000 -384.788
v -2900.000 3098.000 -388.788
v -2900.000 3102.000 -392.788
v -2900.000 3106.000 -388.788
f 1405 1406 1411 1410
f 1406 1407 1412 1411
f 1407 1408 1413 1412
f 1408 1409 1414 1413
f 1406 1405 1408
f 1408 1407 1406
f 1413 1410 1411
f 1411 1412 1413
o Mesh 72
v -3160.000 3160.000 -533.788
v -3060.000 3160.000 -533.788
v -3060.000 3060.000 -533.788
v -3160.000 3060.000 -533.788
v -3160.000 3160.000 -323.788
v -3160.000 3060.000 -323.788
v -3060.000 3060.000 -323.788
v -3060.000 3160.000 -323.788
f 1415 1416 1417 1418
f 1415 1418 1420 1419
f 1418 1417 1421 1420
f 1417 1416 1422 1421
f 1416 1415 1419 1422
f 1419 1420 1421 1422
o Mesh 73
v -3170.000 2871.089 -410.500
v -3170.000 2892.089 -410.500
v -3050.000 2892.089 -410.500
v -3050.000 2871.089 -410.500
v -3170.000 2871.089 0.500
v -3050.000 2871.089 0.500
v -3050.000 2892.089 0.500
v -3170.000 2892.089 0.500
f 1423 1424 1425 1426
f 1423 1426 1428 1427
f 1426 1425 1429 1428
f 1425 1424 1430 1429
f 1424 1423 1427 1430
f 1427 1428 1429 1430
o Mesh 74
v -2977.868 2893.015 -410.500
v -2992.717 2907.864 -410.500
v -2907.864 2992.717 -410.500
v -2893.015 2977.868 -410.500
v -2977.868 2893.015 0.500
v -2893.015 2977.868 0.500
v -2907.864 2992.717 0.500
v -2992.717 2907.864 0.500
f 1431 1432 1433 1434
f 1431 1434 1436 1435
f 1434 1433 1437 1436
f 1433 1432 1438 1437
f 1432 1431 1435 1438
f 1435 1436 1437 1438
o Mesh 75
v -2871.089 3050.000 -410.500
v -2892.089 3050.000 -410.500
v -2892.089 3170.000 -410.500
v -2871.089 3170.000 -410.500
v -2871.089 3050.000 0.500
v -2871.089 3170.000 0.500
v -2892.089 3170.000 0.500
v -2892.089 3050.000 0.500
f 1439 1440 1441 1442
f 1439 1442 1444 1443
f 1442 1441 1445 1444
f 1441 1440 1446 1445
f 1440 1439 1443 1446
f 1443 1444 1445 1446
o Mesh 76
v -2871.589 -3000.000 0.000
v -2871.589 -3000.000 -428.788
v -2484.298 -3000.000 -428.788
v -2466.954 -3000.000 -504.099
v -2000.000 -3000.000 -398.333
v -1500.000 -3000.000 -310.250
v -1000.000 -3000.000 -247.333
v -500.000 -3000.000 -209.583
v -40.000 -3000.000 -198.007
v 40.000 -3000.000 -198.007
v 500.000 -3000.000 -209.583
v 1000.000 -3000.000 -247.333
v 1500.000 -3000.000 -310.250
v 2000.000 -3000.000 -398.333
v 2466.954 -3000.000 -504.099
v 2484.298 -3000.000 -428.788
v 2871.589 -3000.000 -428.788
v 2871.589 -3000.000 0.000
v -2871.589 -3000.000 0.000
v -2871.589 -3220.000 0.000
v -2871.589 -3220.000 -428.788
v -2484.298 -3220.000 -428.788
v -2466.954 -3220.000 -504.099
v -2000.000 -3220.000 -398.333
v -1500.000 -3220.000 -310.250
v -1000.000 -3220.000 -247.333
v -500.000 -3220.000 -209.583
v -40.000 -3220.000 -198.007
v 40.000 -3220.000 -198.007
v 500.000 -3220.000 -209.583
v 1000.000 -3220.000 -247.333
v 1500.000 -3220.000 -310.250
v 2000.000 -3220.000 -398.333
v 2466.954 -3220.000 -504.099
v 2484.298 -3220.000 -428.788
v 2871.589 -3220.000 -428.788
v 2871.589 -3220.000 0.000
v -2871.589 -3220.000 0.000
f 1447 1448 1467 1466
f 1448 1449 1468 1467
f 1449 1450 1469 1468
f 1450 1451 1470 1469
f 1451 1452 1471 1470
f 1452 1453 1472 1471
f 1453 1454 1473 1472
f 1454 1455 1474 1473
f 1455 1456 1475 1474
f 1456 1457 1476 1475
f 1457 1458 1477 1476
f 1458 1459 1478 1477
f 1459 1460 1479 1478
f 1460 1461 1480 1479
f 1461 1462 1481 1480
f 1462 1463 1482 1481
f 1463 1464 1483 1482
f 1464 1465 1484 1483
f 1449 1448 1447
f 1451 1450 1449
f 1462 1461 1460
f 1464 1463 1462
f 1451 1449 1447
f 1462 1460 1459
f 1452 1451 1447
f 1462 1459 1458
f 1453 1452 1447
f 1464 1462 1458
f 1454 1453 1447
f 1464 1458 1457
f 1454 1447 1464
f 1464 1457 1456
f 1455 1454 1464
f 1464 1456 1455
f 1466 1467 1468
f 1468 1469 1470
f 1479 1480 1481
f 1481 1482 1483
f 1466 1468 1470
f 1478 1479 1481
f 1466 1470 1471
f 1477 1478 1481
f 1466 1471 1472
f 1477 1481 1483
f 1466 1472 1473
f 1476 1477 1483
f 1483 1466 1473
f 1475 1476 1483
f 1483 1473 1474
f 1474 1475 1483
o Mesh 77
v 3000.000 -2871.589 0.000
v 3000.000 -2871.589 -428.788
v 3000.000 -2484.298 -428.788
v 3000.000 -2466.954 -504.099
v 3000.000 -2000.000 -398.333
v 3000.000 -1500.000 -310.250
v 3000.000 -1000.000 -247.333
v 3000.000 -500.000 -209.583
v 3000.000 -40.000 -198.007
v 3000.000 40.000 -198.007
v 3000.000 500.000 -209.583
v 3000.000 1000.000 -247.333
v 3000.000 1500.000 -310.250
v 3000.000 2000.000 -398.333
v 3000.000 2466.954 -504.099
v 3000.000 2484.298 -428.788
v 3000.000 2871.589 -428.788
v 3000.000 2871.589 0.000
v 3000.000 -2871.589 0.000
v 3220.000 -2871.589 0.000
v 3220.000 -2871.589 -428.788
v 3220.000 -2484.298 -428.788
v 3220.000 -2466.954 -504.099
v 3220.000 -2000.000 -398.333
v 3220.000 -1500.000 -310.250
v 3220.000 -1000.000 -247.333
v 3220.000 -500.000 -209.583
v 3220.000 -40.000 -198.007
v 3220.000 40.000 -198.007
v 3220.000 500.000 -209.583
v 3220.000 1000.000 -247.333
v 3220.000 1500.000 -310.250
v 3220.000 2000.000 -398.333
v 3220.000 2466.954 -504.099
v 3220.000 2484.298 -428.788
v 3220.000 2871.589 -428.788
v 3220.000 2871.589 0.000
v 3220.000 -2871.589 0.000
f 1485 1486 1505 1504
f 1486 1487 1506 1505
f 1487 1488 1507 1506
f 1488 1489 1508 1507
f 1489 1490 1509 1508
f 1490 1491 1510 1509
f 1491 1492 1511 1510
f 1492 1493 1512 1511
f 1493 1494 1513 1512
f 1494 1495 1514 1513
f 1495 1496 1515 1514
f 1496 1497 1516 1515
f 1497 1498 1517 1516
f 1498 1499 1518 1517
f 1499 1500 1519 1518
f 1500 1501 1520 1519
f 1501 1502 1521 1520
f 1502 1503 1522 1521
f 1487 1486 1485
f 1489 1488 1487
f 1500 1499 1498
f 1502 1501 1500
f 1489 1487 1485
f 1500 1498 1497
f 1490 1489 1485
f 1500 1497 1496
f 1491 1490 1485
f 1502 1500 1496
f 1492 1491 1485
f 1502 1496 1495
f 1492 1485 1502
f 1502 1495 1494
f 1493 1492 1502
f 1502 1494 1493
f 1504 1505 1506
f 1506 1507 1508
f 1517 1518 1519
f 1519 1520 1521
f 1504 1506 1508
f 1516 1517 1519
f 1504 1508 1509
f 1515 1516 1519
f 1504 1509 1510
f 1515 1519 1521
f 1504 1510 1511
f 1514 1515 1521
f 1521 1504 1511
f 1513 1514 1521
f 1521 1511 1512
f 1512 1513 1521
o Mesh 78
v 2871.589 3000.000 0.000
v 2871.589 3000.000 -428.788
v 2484.298 3000.000 -428.788
v 2466.954 3000.000 -504.099
v 2000.000 3000.000 -398.333
v 1500.000 3000.000 -310.250
v 1000.000 3000.000 -247.333
v 500.000 3000.000 -209.583
v 40.000 3000.000 -198.007
v -40.000 3000.000 -198.007
v -500.000 3000.000 -209.583
v -1000.000 3000.000 -247.333
v -1500.000 3000.000 -310.250
v -2000.000 3000.000 -398.333
v -2466.954 3000.000 -504.099
v -2484.298 3000.000 -428.788
v -2871.589 3000.000 -428.788
v -2871.589 3000.000 0.000
v 2871.589 3000.000 0.000
v 2871.589 3220.000 0.000
v 2871.589 3220.000 -428.788
v 2484.298 3220.000 -428.788
v 2466.954 3220.000 -504.099
v 2000.000 3220.000 -398.333
v 1500.000 3220.000 -310.250
v 1000.000 3220.000 -247.333
v 500.000 3220.000 -209.583
v 40.000 3220.000 -198.007
v -40.000 3220.000 -198.007
v -500.000 3220.000 -209.583
v -1000.000 3220.000 -247.333
v -1500.000 3220.000 -310.250
v -2000.000 3220.000 -398.333
v -2466.954 3220.000 -504.099
v -2484.298 3220.000 -428.788
v -2871.589 3220.000 -428.788
v -2871.589 3220.000 0.000
v 2871.589 3220.000 0.000
f 1523 1524 1543 1542
f 1524 1525 1544 1543
f 1525 1526 1545 1544
f 1526 1527 1546 1545
f 1527 1528 1547 1546
f 1528 1529 1548 1547
f 1529 1530 1549 1548
f 1530 1531 1550 1549
f 1531 1532 1551 1550
f 1532 1533 1552 1551
f 1533 1534 1553 1552
f 1534 1535 1554 1553
f 1535 1536 1555 1554
f 1536 1537 1556 1555
f 1537 1538 1557 1556
f 1538 1539 1558 1557
f 1539 1540 1559 1558
f 1540 1541 1560 1559
f 1525 1524 1523
f 1527 1526 1525
f 1538 1537 1536
f 1540 1539 1538
f 1527 1525 1523
f 1538 1536 1535
f 1528 1527 1523
f 1538 1535 1534
f 1529 1528 1523
f 1540 1538 1534
f 1530 1529 1523
f 1540 1534 1533
f 1530 1523 1540
f 1540 1533 1532
f 1531 1530 1540
f 1540 1532 1531
f 1542 1543 1544
f 1544 1545 1546
f 1555 1556 1557
f 1557 1558 1559
f 1542 1544 1546
f 1554 1555 1557
f 1542 1546 1547
f 1553 1554 1557
f 1542 1547 1548
f 1553 1557 1559
f 1542 1548 1549
f 1552 1553 1559
f 1559 1542 1549
f 1551 1552 1559
f 1559 1549 1550
f 1550 1551 1559
o Mesh 79
v -3000.000 2871.589 0.000
v -3000.000 2871.589 -428.788
v -3000.000 2484.298 -428.788
v -3000.000 2466.954 -504.099
v -3000.000 2000.000 -398.333
v -3000.000 1500.000 -310.250
v -3000.000 1000.000 -247.333
v -3000.000 500.000 -209.583
v -3000.000 40.000 -198.007
v -3000.000 -40.000 -198.007
v -3000.000 -500.000 -209.583
v -3000.000 -1000.000 -247.333
v -3000.000 -1500.000 -310.250
v -3000.000 -2000.000 -398.333
v -3000.000 -2466.954 -504.099
v -3000.000 -2484.298 -428.788
v -3000.000 -2871.589 -428.788
v -3000.000 -2871.589 0.000
v -3000.000 2871.589 0.000
v -3220.000 2871.589 0.000
v -3220.000 2871.589 -428.788
v -3220.000 2484.298 -428.788
v -3220.000 2466.954 -504.099
v -3220.000 2000.000 -398.333
v -3220.000 1500.000 -310.250
v -3220.000 1000.000 -247.333
v -3220.000 500.000 -209.583
v -3220.000 40.000 -198.007
v -3220.000 -40.000 -198.007
v -3220.000 -500.000 -209.583
v -3220.000 -1000.000 -247.333
v -3220.000 -1500.000 -310.250
v -3220.000 -2000.000 -398.333
v -3220.000 -2466.954 -504.099
v -3220.000 -2484.298 -428.788
v -3220.000 -2871.589 -428.788
v -3220.000 -2871.589 0.000
v -3220.000 2871.589 0.000
f 1561 1562 1581 1580
f 1562 1563 1582 1581
f 1563 1564 1583 1582
f 1564 1565 1584 1583
f 1565 1566 1585 1584
f 1566 1567 1586 1585
f 1567 1568 1587 1586
f 1568 1569 1588 1587
f 1569 1570 1589 1588
f 1570 1571 1590 1589
f 1571 1572 1591 1590
f 1572 1573 1592 1591
f 1573 1574 1593 1592
f 1574 1575 1594 1593
f 1575 1576 1595 1594
f 1576 1577 1596 1595
f 1577 1578 1597 1596
f 1578 1579 1598 1597
f 1563 1562 1561
f 1565 1564 1563
f 1576 1575 1574
f 1578 1577 1576
f 1565 1563 1561
f 1576 1574 1573
f 1566 1565 1561
f 1576 1573 1572
f 1567 1566 1561
f 1578 1576 1572
f 1568 1567 1561
f 1578 1572 1571
f 1568 1561 1578
f 1578 1571 1570
f 1569 1568 1578
f 1578 1570 1569
f 1580 1581 1582
f 1582 1583 1584
f 1593 1594 1595
f 1595 1596 1597
f 1580 1582 1584
f 1592 1593 1595
f 1580 1584 1585
f 1591 1592 1595
f 1580 1585 1586
f 1591 1595 1597
f 1580 1586 1587
f 1590 1591 1597
f 1597 1580 1587
f 1589 1590 1597
f 1597 1587 1588
f 1588 1589 1597
o Mesh 80
v -40.000 -2960.000 0.000
v -2855.021 -2960.000 0.000
v -2855.021 -2960.000 -428.788
v -2484.298 -2960.000 -428.788
v -2466.954 -2960.000 -504.099
v -2000.000 -2960.000 -398.333
v -1500.000 -2960.000 -310.250
v -1000.000 -2960.000 -247.333
v -500.000 -2960.000 -209.583
v -40.000 -2960.000 -198.007
v -40.000 -2960.000 0.000
v -40.000 -3000.000 0.000
v -2815.021 -3000.000 0.000
v -2815.021 -3000.000 -428.788
v -2484.298 -3000.000 -428.788
v -2466.954 -3000.000 -504.099
v -2000.000 -3000.000 -398.333
v -1500.000 -3000.000 -310.250
v -1000.000 -3000.000 -247.333
v -500.000 -3000.000 -209.583
v -40.000 -3000.000 -198.007
v -40.000 -3000.000 0.000
f 1599 1600 1611 1610
f 1600 1601 1612 1611
f 1601 1602 1613 1612
f 1602 1603 1614 1613
f 1603 1604 1615 1614
f 1604 1605 1616 1615
f 1605 1606 1617 1616
f 1606 1607 1618 1617
f 1607 1608 1619 1618
f 1608 1609 1620 1619
f 1600 1599 1608
f 1602 1601 1600
f 1604 1603 1602
f 1600 1608 1607
f 1604 1602 1600
f 1600 1607 1606
f 1605 1604 1600
f 1600 1606 1605
f 1619 1610 1611
f 1611 1612 1613
f 1613 1614 1615
f 1618 1619 1611
f 1611 1613 1615
f 1617 1618 1611
f 1611 1615 1616
f 1616 1617 1611
o Mesh 81
v -54.420 -1002.149 0.000
v -2907.493 -2907.528 0.000
v -2907.493 -2907.528 -428.788
v -2513.137 -2644.163 -428.788
v -2494.915 -2631.994 -507.916
v -2011.107 -2308.891 -398.333
v -1511.107 -1974.974 -310.250
v -1011.107 -1641.057 -247.333
v -511.107 -1307.140 -209.583
v -54.420 -1002.149 -198.090
v -54.420 -1002.149 0.000
v -25.580 -1030.988 0.000
v -2878.654 -2936.367 0.000
v -2878.654 -2936.367 -428.788
v -2484.298 -2673.003 -428.788
v -2466.404 -2661.053 -506.490
v -1988.893 -2342.155 -398.333
v -1488.893 -2008.238 -310.250
v -988.893 -1674.321 -247.333
v -488.893 -1340.404 -209.583
v -25.580 -1030.988 -197.923
v -25.580 -1030.988 0.000
f 1621 1622 1633 1632
f 1622 1623 1634 1633
f 1623 1624 1635 1634
f 1624 1625 1636 1635
f 1625 1626 1637 1636
f 1626 1627 1638 1637
f 1627 1628 1639 1638
f 1628 1629 1640 1639
f 1629 1630 1641 1640
f 1630 1631 1642 1641
f 1622 1621 1630
f 1624 1623 1622
f 1626 1625 1624
f 1622 1630 1629
f 1626 1624 1622
f 1622 1629 1628
f 1627 1626 1622
f 1622 1628 1627
f 1641 1632 1633
f 1633 1634 1635
f 1635 1636 1637
f 1640 1641 1633
f 1633 1635 1637
f 1639 1640 1633
f 1633 1637 1638
f 1638 1639 1633
o Mesh 82
v -1030.988 -25.580 0.000
v -2936.367 -2878.654 0.000
v -2936.367 -2878.654 -428.788
v -2673.003 -2484.298 -428.788
v -2661.053 -2466.404 -506.490
v -2342.155 -1988.893 -398.333
v -2008.238 -1488.893 -310.250
v -1674.321 -988.893 -247.333
v -1340.404 -488.893 -209.583
v -1030.988 -25.580 -197.923
v -1030.988 -25.580 0.000
v -1002.149 -54.420 0.000
v -2907.528 -2907.493 0.000
v -2907.528 -2907.493 -428.788
v -2644.163 -2513.137 -428.788
v -2631.994 -2494.915 -507.916
v -2308.891 -2011.107 -398.333
v -1974.974 -1511.107 -310.250
v -1641.057 -1011.107 -247.333
v -1307.140 -511.107 -209.583
v -1002.149 -54.420 -198.090
v -1002.149 -54.420 0.000
f 1643 1644 1655 1654
f 1644 1645 1656 1655
f 1645 1646 1657 1656
f 1646 1647 1658 1657
f 1647 1648 1659 1658
f 1648 1649 1660 1659
f 1649 1650 1661 1660
f 1650 1651 1662 1661
f 1651 1652 1663 1662
f 1652 1653 1664 1663
f 1644 1643 1652
f 1646 1645 1644
f 1648 1647 1646
f 1644 1652 1651
f 1648 1646 1644
f 1644 1651 1650
f 1649 1648 1644
f 1644 1650 1649
f 1663 1654 1655
f 1655 1656 1657
f 1657 1658 1659
f 1662 1663 1655
f 1655 1657 1659
f 1661 1662 1655
f 1655 1659 1660
f 1660 1661 1655
o Mesh 83
v -3000.000 -40.000 0.000
v -3000.000 -2815.021 0.000
v -3000.000 -2815.021 -428.788
v -3000.000 -2484.298 -428.788
v -3000.000 -2466.954 -504.099
v -3000.000 -2000.000 -398.333
v -3000.000 -1500.000 -310.250
v -3000.000 -1000.000 -247.333
v -3000.000 -500.000 -209.583
v -3000.000 -40.000 -198.007
v -3000.000 -40.000 0.000
v -2960.000 -40.000 0.000
v -2960.000 -2855.021 0.000
v -2960.000 -2855.021 -428.788
v -2960.000 -2484.298 -428.788
v -2960.000 -2466.954 -504.099
v -2960.000 -2000.000 -398.333
v -2960.000 -1500.000 -310.250
v -2960.000 -1000.000 -247.333
v -2960.000 -500.000 -209.583
v -2960.000 -40.000 -198.007
v -2960.000 -40.000 0.000
f 1665 1666 1677 1676
f 1666 1667 1678 1677
f 1667 1668 1679 1678
f 1668 1669 1680 1679
f 1669 1670 1681 1680
f 1670 1671 1682 1681
f 1671 1672 1683 1682
f 1672 1673 1684 1683
f 1673 1674 1685 1684
f 1674 1675 1686 1685
f 1666 1665 1674
f 1668 1667 1666
f 1670 1669 1668
f 1666 1674 1673
f 1670 1668 1666
f 1666 1673 1672
f 1671 1670 1666
f 1666 1672 1671
f 1685 1676 1677
f 1677 1678 1679
f 1679 1680 1681
f 1684 1685 1677
f 1677 1679 1681
f 1683 1684 1677
f 1677 1681 1682
f 1682 1683 1677
o Mesh 84
v -2466.954 -2960.000 -504.099
v -2000.000 -2960.000 -398.333
v -1500.000 -2960.000 -310.250
v -1000.000 -2960.000 -247.333
v -500.000 -2960.000 -209.583
v -40.000 -2960.000 -198.007
v -40.000 -2960.000 -157.994
v -502.010 -2960.000 -169.621
v -1004.005 -2960.000 -207.522
v -1505.970 -2960.000 -270.686
v -2007.893 -2960.000 -359.108
v -2475.931 -2960.000 -465.119
v -2466.954 -2960.000 -504.099
v -2466.954 -2920.000 -504.099
v -2000.000 -2920.000 -398.333
v -1500.000 -2920.000 -310.250
v -1000.000 -2920.000 -247.333
v -500.000 -2920.000 -209.583
v -40.000 -2920.000 -198.007
v -40.000 -2920.000 -157.994
v -502.010 -2920.000 -169.621
v -1004.005 -2920.000 -207.522
v -1505.970 -2920.000 -270.686
v -2007.893 -2920.000 -359.108
v -2475.931 -2920.000 -465.119
v -2466.954 -2920.000 -504.099
f 1687 1688 1701 1700
f 1688 1689 1702 1701
f 1689 1690 1703 1702
f 1690 1691 1704 1703
f 1691 1692 1705 1704
f 1692 1693 1706 1705
f 1693 1694 1707 1706
f 1694 1695 1708 1707
f 1695 1696 1709 1708
f 1696 1697 1710 1709
f 1697 1698 1711 1710
f 1698 1699 1712 1711
f 1697 1698 1687
f 1695 1696 1697
f 1693 1694 1695
f 1691 1692 1693
f 1697 1687 1688
f 1691 1693 1695
f 1697 1688 1689
f 1690 1691 1695
f 1697 1689 1690
f 1690 1695 1697
f 1700 1711 1710
f 1710 1709 1708
f 1708 1707 1706
f 1706 1705 1704
f 1701 1700 1710
f 1708 1706 1704
f 1702 1701 1710
f 1708 1704 1703
f 1703 1702 1710
f 1710 1708 1703
o Mesh 85
v -2466.404 -2661.053 -506.490
v -1988.893 -2342.155 -398.333
v -1488.893 -2008.238 -310.250
v -988.893 -1674.321 -247.333
v -488.893 -1340.404 -209.583
v -40.000 -1040.619 -198.286
v -40.000 -1040.619 -157.994
v -502.010 -1349.165 -169.621
v -1004.005 -1684.414 -207.522
v -1505.970 -2019.643 -270.686
v -2007.893 -2354.844 -359.108
v -2475.931 -2667.416 -465.119
v -2466.404 -2661.053 -506.490
v -2465.302 -2708.417 -511.272
v -1966.678 -2375.419 -398.333
v -1466.678 -2041.502 -310.250
v -966.678 -1707.585 -247.333
v -466.678 -1373.668 -209.583
v -40.000 -1088.718 -198.845
v -40.000 -1088.718 -157.994
v -502.010 -1397.264 -169.621
v -1004.005 -1732.514 -207.522
v -1505.970 -2067.743 -270.686
v -2007.893 -2402.944 -359.108
v -2475.931 -2715.516 -465.119
v -2465.302 -2708.417 -511.272
f 1713 1714 1727 1726
f 1714 1715 1728 1727
f 1715 1716 1729 1728
f 1716 1717 1730 1729
f 1717 1718 1731 1730
f 1718 1719 1732 1731
f 1719 1720 1733 1732
f 1720 1721 1734 1733
f 1721 1722 1735 1734
f 1722 1723 1736 1735
f 1723 1724 1737 1736
f 1724 1725 1738 1737
f 1723 1724 1713
f 1721 1722 1723
f 1719 1720 1721
f 1717 1718 1719
f 1723 1713 1714
f 1717 1719 1721
f 1723 1714 1715
f 1716 1717 1721
f 1723 1715 1716
f 1716 1721 1723
f 1726 1737 1736
f 1736 1735 1734
f 1734 1733 1732
f 1732 1731 1730
f 1727 1726 1736
f 1734 1732 1730
f 1728 1727 1736
f 1734 1730 1729
f 1729 1728 1736
f 1736 1734 1729
o Mesh 86
v -2494.915 -2631.994 -507.916
v -2011.107 -2308.891 -398.333
v -1511.107 -1974.974 -310.250
v -1011.107 -1641.057 -247.333
v -511.107 -1307.140 -209.583
v -54.420 -1002.149 -198.090
v -54.420 -1002.149 -157.994
v -516.430 -1310.695 -169.621
v -1018.425 -1645.944 -207.522
v -1520.390 -1981.173 -270.686
v -2022.312 -2316.374 -359.108
v -2504.056 -2638.099 -468.223
v -2494.915 -2631.994 -507.916
v -2523.426 -2602.935 -509.342
v -2033.322 -2275.627 -398.333
v -1533.322 -1941.710 -310.250
v -1033.322 -1607.793 -247.333
v -533.322 -1273.876 -209.583
v -83.260 -973.309 -198.257
v -83.260 -973.309 -157.994
v -545.270 -1281.855 -169.621
v -1047.265 -1617.104 -207.522
v -1549.230 -1952.334 -270.686
v -2051.152 -2287.534 -359.108
v -2532.896 -2609.259 -468.223
v -2523.426 -2602.935 -509.342
f 1739 1740 1753 1752
f 1740 1741 1754 1753
f 1741 1742 1755 1754
f 1742 1743 1756 1755
f 1743 1744 1757 1756
f 1744 1745 1758 1757
f 1745 1746 1759 1758
f 1746 1747 1760 1759
f 1747 1748 1761 1760
f 1748 1749 1762 1761
f 1749 1750 1763 1762
f 1750 1751 1764 1763
f 1749 1750 1739
f 1747 1748 1749
f 1745 1746 1747
f 1743 1744 1745
f 1749 1739 1740
f 1743 1745 1747
f 1749 1740 1741
f 1742 1743 1747
f 1749 1741 1742
f 1742 1747 1749
f 1752 1763 1762
f 1762 1761 1760
f 1760 1759 1758
f 1758 1757 1756
f 1753 1752 1762
f 1760 1758 1756
f 1754 1753 1762
f 1760 1756 1755
f 1755 1754 1762
f 1762 1760 1755
o Mesh 87
v -2631.994 -2494.915 -507.916
v -2308.891 -2011.107 -398.333
v -1974.974 -1511.107 -310.250
v -1641.057 -1011.107 -247.333
v -1307.140 -511.107 -209.583
v -1002.149 -54.420 -198.090
v -1002.149 -54.420 -157.994
v -1310.695 -516.430 -169.621
v -1645.944 -1018.425 -207.522
v -1981.173 -1520.390 -270.686
v -2316.374 -2022.312 -359.108
v -2638.099 -2504.056 -468.223
v -2631.994 -2494.915 -507.916
v -2602.935 -2523.426 -509.342
v -2275.627 -2033.322 -398.333
v -1941.710 -1533.322 -310.250
v -1607.793 -1033.322 -247.333
v -1273.876 -533.322 -209.583
v -973.309 -83.260 -198.257
v -973.309 -83.260 -157.994
v -1281.855 -545.270 -169.621
v -1617.104 -1047.265 -207.522
v -1952.334 -1549.230 -270.686
v -2287.534 -2051.152 -359.108
v -2609.259 -2532.896 -468.223
v -2602.935 -2523.426 -509.342
f 1765 1766 1779 1778
f 1766 1767 1780 1779
f 1767 1768 1781 1780
f 1768 1769 1782 1781
f 1769 1770 1783 1782
f 1770 1771 1784 1783
f 1771 1772 1785 1784
f 1772 1773 1786 1785
f 1773 1774 1787 1786
f 1774 1775 1788 1787
f 1775 1776 1789 1788
f 1776 1777 1790 1789
f 1775 1776 1765
f 1773 1774 1775
f 1771 1772 1773
f 1769 1770 1771
f 1775 1765 1766
f 1769 1771 1773
f 1775 1766 1767
f 1768 1769 1773
f 1775 1767 1768
f 1768 1773 1775
f 1778 1789 1788
f 1788 1787 1786
f 1786 1785 1784
f 1784 1783 1782
f 1779 1778 1788
f 1786 1784 1782
f 1780 1779 1788
f 1786 1782 1781
f 1781 1780 1788
f 1788 1786 1781
o Mesh 88
v -2661.053 -2466.404 -506.490
v -2342.155 -1988.893 -398.333
v -2008.238 -1488.893 -310.250
v -1674.321 -988.893 -247.333
v -1340.404 -488.893 -209.583
v -1040.619 -40.000 -198.286
v -1040.619 -40.000 -157.994
v -1349.165 -502.010 -169.621
v -1684.414 -1004.005 -207.522
v -2019.643 -1505.970 -270.686
v -2354.844 -2007.893 -359.108
v -2667.416 -2475.931 -465.119
v -2661.053 -2466.404 -506.490
v -2708.417 -2465.302 -511.272
v -2375.419 -1966.678 -398.333
v -2041.502 -1466.678 -310.250
v -1707.585 -966.678 -247.333
v -1373.668 -466.678 -209.583
v -1088.718 -40.000 -198.845
v -1088.718 -40.000 -157.994
v -1397.264 -502.010 -169.621
v -1732.514 -1004.005 -207.522
v -2067.743 -1505.970 -270.686
v -2402.944 -2007.893 -359.108
v -2715.516 -2475.931 -465.119
v -2708.417 -2465.302 -511.272
f 1791 1792 1805 1804
f 1792 1793 1806 1805
f 1793 1794 1807 1806
f 1794 1795 1808 1807
f 1795 1796 1809 1808
f 1796 1797 1810 1809
f 1797 1798 1811 1810
f 1798 1799 1812 1811
f 1799 1800 1813 1812
f 1800 1801 1814 1813
f 1801 1802 1815 1814
f 1802 1803 1816 1815
f 1801 1802 1791
f 1799 1800 1801
f 1797 1798 1799
f 1795 1796 1797
f 1801 1791 1792
f 1795 1797 1799
f 1801 1792 1793
f 1794 1795 1799
f 1801 1793 1794
f 1794 1799 1801
f 1804 1815 1814
f 1814 1813 1812
f 1812 1811 1810
f 1810 1809 1808
f 1805 1804 1814
f 1812 1810 1808
f 1806 1805 1814
f 1812 1808 1807
f 1807 1806 1814
f 1814 1812 1807
o Mesh 89
v -2960.000 -2466.954 -504.099
v -2960.000 -2000.000 -398.333
v -2960.000 -1500.000 -310.250
v -2960.000 -1000.000 -247.333
v -2960.000 -500.000 -209.583
v -2960.000 -40.000 -198.007
v -2960.000 -40.000 -157.994
v -2960.000 -502.010 -169.621
v -2960.000 -1004.005 -207.522
v -2960.000 -1505.970 -270.686
v -2960.000 -2007.893 -359.108
v -2960.000 -2475.931 -465.119
v -2960.000 -2466.954 -504.099
v -2920.000 -2466.954 -504.099
v -2920.000 -2000.000 -398.333
v -2920.000 -1500.000 -310.250
v -2920.000 -1000.000 -247.333
v -2920.000 -500.000 -209.583
v -2920.000 -40.000 -198.007
v -2920.000 -40.000 -157.994
v -2920.000 -502.010 -169.621
v -2920.000 -1004.005 -207.522
v -2920.000 -1505.970 -270.686
v -2920.000 -2007.893 -359.108
v -2920.000 -2475.931 -465.119
v -2920.000 -2466.954 -504.099
f 1817 1818 1831 1830
f 1818 1819 1832 1831
f 1819 1820 1833 1832
f 1820 1821 1834 1833
f 1821 1822 1835 1834
f 1822 1823 1836 1835
f 1823 1824 1837 1836
f 1824 1825 1838 1837
f 1825 1826 1839 1838
f 1826 1827 1840 1839
f 1827 1828 1841 1840
f 1828 1829 1842 1841
f 1827 1828 1817
f 1825 1826 1827
f 1823 1824 1825
f 1821 1822 1823
f 1827 1817 1818
f 1821 1823 1825
f 1827 1818 1819
f 1820 1821 1825
f 1827 1819 1820
f 1820 1825 1827
f 1830 1841 1840
f 1840 1839 1838
f 1838 1837 1836
f 1836 1835 1834
f 1831 1830 1840
f 1838 1836 1834
f 1832 1831 1840
f 1838 1834 1833
f 1833 1832 1840
f 1840 1838 1833
o Mesh 90
v -2475.931 -2960.000 -465.119
v -2007.893 -2960.000 -359.108
v -1505.970 -2960.000 -270.686
v -1004.005 -2960.000 -207.522
v -502.010 -2960.000 -169.621
v -40.000 -2960.000 -157.994
v -40.000 -2960.000 -117.981
v -504.020 -2960.000 -129.659
v -1008.010 -2960.000 -167.710
v -1511.941 -2960.000 -231.122
v -2015.785 -2960.000 -319.882
v -2484.908 -2960.000 -426.139
v -2475.931 -2960.000 -465.119
v -2475.931 -2667.416 -465.119
v -2007.893 -2354.844 -359.108
v -1505.970 -2019.643 -270.686
v -1004.005 -1684.414 -207.522
v -502.010 -1349.165 -169.621
v -40.000 -1040.619 -157.994
v -40.000 -1040.619 -117.981
v -504.020 -1350.507 -129.659
v -1008.010 -1687.089 -167.710
v -1511.941 -2023.630 -231.122
v -2015.785 -2360.115 -319.882
v -2484.908 -2673.411 -426.139
v -2475.931 -2667.416 -465.119
f 1843 1844 1857 1856
f 1844 1845 1858 1857
f 1845 1846 1859 1858
f 1846 1847 1860 1859
f 1847 1848 1861 1860
f 1848 1849 1862 1861
f 1849 1850 1863 1862
f 1850 1851 1864 1863
f 1851 1852 1865 1864
f 1852 1853 1866 1865
f 1853 1854 1867 1866
f 1854 1855 1868 1867
f 1853 1854 1843
f 1851 1852 1853
f 1849 1850 1851
f 1847 1848 1849
f 1853 1843 1844
f 1847 1849 1851
f 1853 1844 1845
f 1846 1847 1851
f 1853 1845 1846
f 1846 1851 1853
f 1856 1867 1866
f 1866 1865 1864
f 1864 1863 1862
f 1862 1861 1860
f 1857 1856 1866
f 1864 1862 1860
f 1858 1857 1866
f 1864 1860 1859
f 1859 1858 1866
f 1866 1864 1859
o Mesh 91
v -2504.056 -2638.099 -468.223
v -2022.312 -2316.374 -359.108
v -1520.390 -1981.173 -270.686
v -1018.425 -1645.944 -207.522
v -516.430 -1310.695 -169.621
v -54.420 -1002.149 -157.994
v -54.420 -1002.149 -117.981
v -518.440 -1312.037 -129.659
v -1022.430 -1648.619 -167.710
v -1526.361 -1985.161 -231.122
v -2030.205 -2321.645 -319.882
v -2513.033 -2644.093 -429.243
v -2504.056 -2638.099 -468.223
v -2638.099 -2504.056 -468.223
v -2316.374 -2022.312 -359.108
v -1981.173 -1520.390 -270.686
v -1645.944 -1018.425 -207.522
v -1310.695 -516.430 -169.621
v -1002.149 -54.420 -157.994
v -1002.149 -54.420 -117.981
v -1312.037 -518.440 -129.659
v -1648.619 -1022.430 -167.710
v -1985.161 -1526.361 -231.122
v -2321.645 -2030.205 -319.882
v -2644.093 -2513.033 -429.243
v -2638.099 -2504.056 -468.223
f 1869 1870 1883 1882
f 1870 1871 1884 1883
f 1871 1872 1885 1884
f 1872 1873 1886 1885
f 1873 1874 1887 1886
f 1874 1875 1888 1887
f 1875 1876 1889 1888
f 1876 1877 1890 1889
f 1877 1878 1891 1890
f 1878 1879 1892 1891
f 1879 1880 1893 1892
f 1880 1881 1894 1893
f 1879 1880 1869
f 1877 1878 1879
f 1875 1876 1877
f 1873 1874 1875
f 1879 1869 1870
f 1873 1875 1877
f 1879 1870 1871
f 1872 1873 1877
f 1879 1871 1872
f 1872 1877 1879
f 1882 1893 1892
f 1892 1891 1890
f 1890 1889 1888
f 1888 1887 1886
f 1883 1882 1892
f 1890 1888 1886
f 1884 1883 1892
f 1890 1886 1885
f 1885 1884 1892
f 1892 1890 1885
o Mesh 92
v -2667.416 -2475.931 -465.119
v -2354.844 -2007.893 -359.108
v -2019.643 -1505.970 -270.686
v -1684.414 -1004.005 -207.522
v -1349.165 -502.010 -169.621
v -1040.619 -40.000 -157.994
v -1040.619 -40.000 -117.981
v -1350.507 -504.020 -129.659
v -1687.089 -1008.010 -167.710
v -2023.630 -1511.941 -231.122
v -2360.115 -2015.785 -319.882
v -2673.411 -2484.908 -426.139
v -2667.416 -2475.931 -465.119
v -2960.000 -2475.931 -465.119
v -2960.000 -2007.893 -359.108
v -2960.000 -1505.970 -270.686
v -2960.000 -1004.005 -207.522
v -2960.000 -502.010 -169.621
v -2960.000 -40.000 -157.994
v -2960.000 -40.000 -117.981
v -2960.000 -504.020 -129.659
v -2960.000 -1008.010 -167.710
v -2960.000 -1511.941 -231.122
v -2960.000 -2015.785 -319.882
v -2960.000 -2484.908 -426.139
v -2960.000 -2475.931 -465.119
f 1895 1896 1909 1908
f 1896 1897 1910 1909
f 1897 1898 1911 1910
f 1898 1899 1912 1911
f 1899 1900 1913 1912
f 1900 1901 1914 1913
f 1901 1902 1915 1914
f 1902 1903 1916 1915
f 1903 1904 1917 1916
f 1904 1905 1918 1917
f 1905 1906 1919 1918
f 1906 1907 1920 1919
f 1905 1906 1895
f 1903 1904 1905
f 1901 1902 1903
f 1899 1900 1901
f 1905 1895 1896
f 1899 1901 1903
f 1905 1896 1897
f 1898 1899 1903
f 1905 1897 1898
f 1898 1903 1905
f 1908 1919 1918
f 1918 1917 1916
f 1916 1915 1914
f 1914 1913 1912
f 1909 1908 1918
f 1916 1914 1912
f 1910 1909 1918
f 1916 1912 1911
f 1911 1910 1918
f 1918 1916 1911
o Mesh 93
v 0.000 -3000.000 0.000
v 0.000 -1000.000 0.000
v 0.000 -1000.000 -197.000
v 0.000 -3000.000 -197.000
v 0.000 -3000.000 0.000
v -40.000 -3000.000 0.000
v -40.000 -1016.569 0.000
v -40.000 -1016.569 -197.000
v -40.000 -3000.000 -197.000
v -40.000 -3000.000 0.000
f 1921 1922 1927 1926
f 1922 1923 1928 1927
f 1923 1924 1929 1928
f 1924 1925 1930 1929
f 1922 1921 1924
f 1924 1923 1922
f 1929 1926 1927
f 1927 1928 1929
o Mesh 94
v -60.000 -1102.075 -158.497
v -60.000 -2920.000 -158.497
v -60.000 -2920.000 -197.000
v -60.000 -1102.075 -197.000
v -60.000 -1102.075 -158.497
v -40.000 -1088.718 -157.994
v -40.000 -2920.000 -157.994
v -40.000 -2920.000 -197.000
v -40.000 -1088.718 -197.000
v -40.000 -1088.718 -157.994
f 1931 1932 1937 1936
f 1932 1933 1938 1937
f 1933 1934 1939 1938
f 1934 1935 1940 1939
f 1932 1931 1934
f 1934 1933 1932
f 1939 1936 1937
f 1937 1938 1939
o Mesh 95
v 0.000 -1000.000 0.000
v -1000.000 0.000 0.000
v -1000.000 0.000 -197.000
v 0.000 -1000.000 -197.000
v 0.000 -1000.000 0.000
v -40.000 -1016.569 0.000
v -1016.569 -40.000 0.000
v -1016.569 -40.000 -197.000
v -40.000 -1016.569 -197.000
v -40.000 -1016.569 0.000
f 1941 1942 1947 1946
f 1942 1943 1948 1947
f 1943 1944 1949 1948
f 1944 1945 1950 1949
f 1942 1941 1944
f 1944 1943 1942
f 1949 1946 1947
f 1947 1948 1949
o Mesh 96
v -984.634 -100.218 -158.421
v -100.218 -984.634 -158.421
v -100.218 -984.634 -197.000
v -984.634 -100.218 -197.000
v -984.634 -100.218 -158.421
v -973.309 -83.260 -157.994
v -83.260 -973.309 -157.994
v -83.260 -973.309 -197.000
v -973.309 -83.260 -197.000
v -973.309 -83.260 -157.994
f 1951 1952 1957 1956
f 1952 1953 1958 1957
f 1953 1954 1959 1958
f 1954 1955 1960 1959
f 1952 1951 1954
f 1954 1953 1952
f 1959 1956 1957
f 1957 1958 1959
o Mesh 97
v -1000.000 0.000 0.000
v -3000.000 0.000 0.000
v -3000.000 0.000 -197.000
v -1000.000 0.000 -197.000
v -1000.000 0.000 0.000
v -1016.569 -40.000 0.000
v -3000.000 -40.000 0.000
v -3000.000 -40.000 -197.000
v -1016.569 -40.000 -197.000
v -1016.569 -40.000 0.000
f 1961 1962 1967 1966
f 1962 1963 1968 1967
f 1963 1964 1969 1968
f 1964 1965 1970 1969
f 1962 1961 1964
f 1964 1963 1962
f 1969 1966 1967
f 1967 1968 1969
o Mesh 98
v -2920.000 -60.000 -158.497
v -1102.075 -60.000 -158.497
v -1102.075 -60.000 -197.000
v -2920.000 -60.000 -197.000
v -2920.000 -60.000 -158.497
v -2920.000 -40.000 -157.994
v -1088.718 -40.000 -157.994
v -1088.718 -40.000 -197.000
v -2920.000 -40.000 -197.000
v -2920.000 -40.000 -157.994
f 1971 1972 1977 1976
f 1972 1973 1978 1977
f 1973 1974 1979 1978
f 1974 1975 1980 1979
f 1972 1971 1974
f 1974 1973 1972
f 1979 1976 1977
f 1977 1978 1979
o Mesh 99
v -2871.589 -3000.000 0.000
v -2871.589 -3000.000 -428.788
v -3000.000 -2871.589 -428.788
v -3000.000 -2871.589 0.000
v -2871.589 -3000.000 0.000
v -2815.021 -3000.000 0.000
v -2815.021 -3000.000 -428.788
v -3000.000 -2815.021 -428.788
v -3000.000 -2815.021 0.000
v -2815.021 -3000.000 0.000
f 1981 1982 1987 1986
f 1982 1983 1988 1987
f 1983 1984 1989 1988
f 1984 1985 1990 1989
f 1982 1981 1984
f 1984 1983 1982
f 1989 1986 1987
f 1987 1988 1989
o Mesh 100
v 0.000 -1000.000 0.000
v 1000.000 0.000 0.000
v 0.000 1000.000 0.000
v -1000.000 0.000 0.000
v 0.000 -1000.000 0.000
v 0.000 -1000.000 -197.000
v 1000.000 0.000 -197.000
v 0.000 1000.000 -197.000
v -1000.000 0.000 -197.000
v 0.000 -1000.000 -197.000
f 1991 1992 1997 1996
f 1992 1993 1998 1997
f 1993 1994 1999 1998
f 1994 1995 2000 1999
f 1992 1991 1994
f 1994 1993 1992
f 1999 1996 1997
f 1997 1998 1999
