ISO-10303-21;
HEADER;
FILE_DESCRIPTION(('Open CASCADE Model'),'2;1');
FILE_NAME('Open CASCADE Shape Model','2026-04-21T11:03:41',('Author'),(
    'Open CASCADE'),'Open CASCADE STEP processor 7.9','Open CASCADE 7.9'
  ,'Unknown');
FILE_SCHEMA(('AUTOMOTIVE_DESIGN { 1 0 10303 214 1 1 1 1 }'));
ENDSEC;
DATA;
#1 = APPLICATION_PROTOCOL_DEFINITION('international standard',
  'automotive_design',2000,#2);
#2 = APPLICATION_CONTEXT(
  'core data for automotive mechanical design processes');
#3 = SHAPE_DEFINITION_REPRESENTATION(#4,#10);
#4 = PRODUCT_DEFINITION_SHAPE('','',#5);
#5 = PRODUCT_DEFINITION('design','',#6,#9);
#6 = PRODUCT_DEFINITION_FORMATION('','',#7);
#7 = PRODUCT('OCCBrep 6','OCCBrep 6','',(#8));
#8 = PRODUCT_CONTEXT('',#2,'mechanical');
#9 = PRODUCT_DEFINITION_CONTEXT('part definition',#2,'design');
#10 = SHAPE_REPRESENTATION('',(#11,#15,#19,#23,#27,#31,#35,#39),#43);
#11 = AXIS2_PLACEMENT_3D('',#12,#13,#14);
#12 = CARTESIAN_POINT('',(0.,0.,0.));
#13 = DIRECTION('',(0.,0.,1.));
#14 = DIRECTION('',(1.,0.,-0.));
#15 = AXIS2_PLACEMENT_3D('',#16,#17,#18);
#16 = CARTESIAN_POINT('',(0.,0.,0.));
#17 = DIRECTION('',(0.,0.,1.));
#18 = DIRECTION('',(1.,0.,-0.));
#19 = AXIS2_PLACEMENT_3D('',#20,#21,#22);
#20 = CARTESIAN_POINT('',(0.,0.,0.));
#21 = DIRECTION('',(0.,0.,1.));
#22 = DIRECTION('',(1.,0.,-0.));
#23 = AXIS2_PLACEMENT_3D('',#24,#25,#26);
#24 = CARTESIAN_POINT('',(0.,0.,0.));
#25 = DIRECTION('',(0.,0.,1.));
#26 = DIRECTION('',(1.,0.,-0.));
#27 = AXIS2_PLACEMENT_3D('',#28,#29,#30);
#28 = CARTESIAN_POINT('',(0.,0.,0.));
#29 = DIRECTION('',(0.,0.,1.));
#30 = DIRECTION('',(1.,0.,-0.));
#31 = AXIS2_PLACEMENT_3D('',#32,#33,#34);
#32 = CARTESIAN_POINT('',(0.,0.,0.));
#33 = DIRECTION('',(0.,0.,1.));
#34 = DIRECTION('',(1.,0.,-0.));
#35 = AXIS2_PLACEMENT_3D('',#36,#37,#38);
#36 = CARTESIAN_POINT('',(0.,0.,0.));
#37 = DIRECTION('',(0.,0.,1.));
#38 = DIRECTION('',(1.,0.,-0.));
#39 = AXIS2_PLACEMENT_3D('',#40,#41,#42);
#40 = CARTESIAN_POINT('',(0.,0.,0.));
#41 = DIRECTION('',(0.,0.,1.));
#42 = DIRECTION('',(1.,0.,-0.));
#43 = ( GEOMETRIC_REPRESENTATION_CONTEXT(3) 
GLOBAL_UNCERTAINTY_ASSIGNED_CONTEXT((#47)) GLOBAL_UNIT_ASSIGNED_CONTEXT(
(#44,#45,#46)) REPRESENTATION_CONTEXT('Context #1',
  '3D Context with UNIT and UNCERTAINTY') );
#44 = ( LENGTH_UNIT() NAMED_UNIT(*) SI_UNIT(.MILLI.,.METRE.) );
#45 = ( NAMED_UNIT(*) PLANE_ANGLE_UNIT() SI_UNIT($,.RADIAN.) );
#46 = ( NAMED_UNIT(*) SI_UNIT($,.STERADIAN.) SOLID_ANGLE_UNIT() );
#47 = UNCERTAINTY_MEASURE_WITH_UNIT(LENGTH_MEASURE(2.E-02),#44,
  'distance_accuracy_value','confusion accuracy');
#48 = PRODUCT_RELATED_PRODUCT_CATEGORY('part',$,(#7));
#49 = SHAPE_DEFINITION_REPRESENTATION(#50,#56);
#50 = PRODUCT_DEFINITION_SHAPE('','',#51);
#51 = PRODUCT_DEFINITION('design','',#52,#55);
#52 = PRODUCT_DEFINITION_FORMATION('','',#53);
#53 = PRODUCT('OCCBrep 6.1','OCCBrep 6.1','',(#54));
#54 = PRODUCT_CONTEXT('',#2,'mechanical');
#55 = PRODUCT_DEFINITION_CONTEXT('part definition',#2,'design');
#56 = ADVANCED_BREP_SHAPE_REPRESENTATION('',(#11,#57),#1787);
#57 = MANIFOLD_SOLID_BREP('',#58);
#58 = CLOSED_SHELL('',(#59,#167,#234,#301,#368,#435,#516,#583,#650,#717,
    #784,#851,#932,#999,#1066,#1133,#1200,#1267,#1348,#1415,#1482,#1549,
    #1616,#1678,#1733,#1760));
#59 = ADVANCED_FACE('',(#60),#73,.T.);
#60 = FACE_BOUND('',#61,.T.);
#61 = EDGE_LOOP('',(#62,#94,#119,#144));
#62 = ORIENTED_EDGE('',*,*,#63,.T.);
#63 = EDGE_CURVE('',#64,#66,#68,.T.);
#64 = VERTEX_POINT('',#65);
#65 = CARTESIAN_POINT('',(-64.00474229105,21.439272735598,4.18E+03));
#66 = VERTEX_POINT('',#67);
#67 = CARTESIAN_POINT('',(-69.99999999987,31.82336369173,4.18E+03));
#68 = SURFACE_CURVE('',#69,(#72,#83),.PCURVE_S1.);
#69 = B_SPLINE_CURVE_WITH_KNOTS('',1,(#70,#71),.UNSPECIFIED.,.F.,.F.,(2,
    2),(0.,1.199051541763E-02),.PIECEWISE_BEZIER_KNOTS.);
#70 = CARTESIAN_POINT('',(-64.00474229105,21.439272735598,4.18E+03));
#71 = CARTESIAN_POINT('',(-69.99999999987,31.82336369173,4.18E+03));
#72 = PCURVE('',#73,#78);
#73 = PLANE('',#74);
#74 = AXIS2_PLACEMENT_3D('',#75,#76,#77);
#75 = CARTESIAN_POINT('',(-378.7956781939,566.67316748048,1.968E+03));
#76 = DIRECTION('',(-0.866025403784,-0.500000000001,3.986632141928E-14)
  );
#77 = DIRECTION('',(0.500000000001,-0.866025403784,0.));
#78 = DEFINITIONAL_REPRESENTATION('',(#79),#82);
#79 = B_SPLINE_CURVE_WITH_KNOTS('',1,(#80,#81),.UNSPECIFIED.,.F.,.F.,(2,
    2),(0.,1.199051541763E-02),.PIECEWISE_BEZIER_KNOTS.);
#80 = CARTESIAN_POINT('',(629.58187180484,2.212E+03));
#81 = CARTESIAN_POINT('',(617.59135638721,2.212E+03));
#82 = ( GEOMETRIC_REPRESENTATION_CONTEXT(2) 
PARAMETRIC_REPRESENTATION_CONTEXT() REPRESENTATION_CONTEXT('2D SPACE',''
  ) );
#83 = PCURVE('',#84,#89);
#84 = PLANE('',#85);
#85 = AXIS2_PLACEMENT_3D('',#86,#87,#88);
#86 = CARTESIAN_POINT('',(-81.20553118522,81.20551838623,4.18E+03));
#87 = DIRECTION('',(0.,0.,1.));
#88 = DIRECTION('',(1.,0.,0.));
#89 = DEFINITIONAL_REPRESENTATION('',(#90),#93);
#90 = B_SPLINE_CURVE_WITH_KNOTS('',1,(#91,#92),.UNSPECIFIED.,.F.,.F.,(2,
    2),(0.,1.199051541763E-02),.PIECEWISE_BEZIER_KNOTS.);
#91 = CARTESIAN_POINT('',(17.200788894178,-59.76624565063));
#92 = CARTESIAN_POINT('',(11.205531185357,-49.3821546945));
#93 = ( GEOMETRIC_REPRESENTATION_CONTEXT(2) 
PARAMETRIC_REPRESENTATION_CONTEXT() REPRESENTATION_CONTEXT('2D SPACE',''
  ) );
#94 = ORIENTED_EDGE('',*,*,#95,.T.);
#95 = EDGE_CURVE('',#66,#96,#98,.T.);
#96 = VERTEX_POINT('',#97);
#97 = CARTESIAN_POINT('',(-69.99999999993,31.823363691679,2.18E+03));
#98 = SURFACE_CURVE('',#99,(#102,#108),.PCURVE_S1.);
#99 = B_SPLINE_CURVE_WITH_KNOTS('',1,(#100,#101),.UNSPECIFIED.,.F.,.F.,(
    2,2),(0.,2.),.PIECEWISE_BEZIER_KNOTS.);
#100 = CARTESIAN_POINT('',(-69.99999999987,31.82336369173,4.18E+03));
#101 = CARTESIAN_POINT('',(-69.99999999993,31.823363691679,2.18E+03));
#102 = PCURVE('',#73,#103);
#103 = DEFINITIONAL_REPRESENTATION('',(#104),#107);
#104 = B_SPLINE_CURVE_WITH_KNOTS('',1,(#105,#106),.UNSPECIFIED.,.F.,.F.,
  (2,2),(0.,2.),.PIECEWISE_BEZIER_KNOTS.);
#105 = CARTESIAN_POINT('',(617.59135638721,2.212E+03));
#106 = CARTESIAN_POINT('',(617.59135638723,212.));
#107 = ( GEOMETRIC_REPRESENTATION_CONTEXT(2) 
PARAMETRIC_REPRESENTATION_CONTEXT() REPRESENTATION_CONTEXT('2D SPACE',''
  ) );
#108 = PCURVE('',#109,#114);
#109 = PLANE('',#110);
#110 = AXIS2_PLACEMENT_3D('',#111,#112,#113);
#111 = CARTESIAN_POINT('',(-69.99999999987,660.15753033714,1.968E+03));
#112 = DIRECTION('',(-1.,0.,0.));
#113 = DIRECTION('',(0.,0.,-1.));
#114 = DEFINITIONAL_REPRESENTATION('',(#115),#118);
#115 = B_SPLINE_CURVE_WITH_KNOTS('',1,(#116,#117),.UNSPECIFIED.,.F.,.F.,
  (2,2),(0.,2.),.PIECEWISE_BEZIER_KNOTS.);
#116 = CARTESIAN_POINT('',(-2.212E+03,628.33416664541));
#117 = CARTESIAN_POINT('',(-212.,628.33416664546));
#118 = ( GEOMETRIC_REPRESENTATION_CONTEXT(2) 
PARAMETRIC_REPRESENTATION_CONTEXT() REPRESENTATION_CONTEXT('2D SPACE',''
  ) );
#119 = ORIENTED_EDGE('',*,*,#120,.T.);
#120 = EDGE_CURVE('',#96,#121,#123,.T.);
#121 = VERTEX_POINT('',#122);
#122 = CARTESIAN_POINT('',(-64.00474229111,21.439272735548,2.18E+03));
#123 = SURFACE_CURVE('',#124,(#127,#133),.PCURVE_S1.);
#124 = B_SPLINE_CURVE_WITH_KNOTS('',1,(#125,#126),.UNSPECIFIED.,.F.,.F.,
  (2,2),(0.,1.199051541763E-02),.PIECEWISE_BEZIER_KNOTS.);
#125 = CARTESIAN_POINT('',(-69.99999999993,31.823363691679,2.18E+03));
#126 = CARTESIAN_POINT('',(-64.00474229111,21.439272735548,2.18E+03));
#127 = PCURVE('',#73,#128);
#128 = DEFINITIONAL_REPRESENTATION('',(#129),#132);
#129 = B_SPLINE_CURVE_WITH_KNOTS('',1,(#130,#131),.UNSPECIFIED.,.F.,.F.,
  (2,2),(0.,1.199051541763E-02),.PIECEWISE_BEZIER_KNOTS.);
#130 = CARTESIAN_POINT('',(617.59135638723,212.));
#131 = CARTESIAN_POINT('',(629.58187180486,212.));
#132 = ( GEOMETRIC_REPRESENTATION_CONTEXT(2) 
PARAMETRIC_REPRESENTATION_CONTEXT() REPRESENTATION_CONTEXT('2D SPACE',''
  ) );
#133 = PCURVE('',#134,#139);
#134 = PLANE('',#135);
#135 = AXIS2_PLACEMENT_3D('',#136,#137,#138);
#136 = CARTESIAN_POINT('',(-81.20553118529,-81.20554398453,2.18E+03));
#137 = DIRECTION('',(0.,0.,-1.));
#138 = DIRECTION('',(-1.,0.,0.));
#139 = DEFINITIONAL_REPRESENTATION('',(#140),#143);
#140 = B_SPLINE_CURVE_WITH_KNOTS('',1,(#141,#142),.UNSPECIFIED.,.F.,.F.,
  (2,2),(0.,1.199051541763E-02),.PIECEWISE_BEZIER_KNOTS.);
#141 = CARTESIAN_POINT('',(-11.20553118535,113.02890767621));
#142 = CARTESIAN_POINT('',(-17.20078889417,102.64481672008));
#143 = ( GEOMETRIC_REPRESENTATION_CONTEXT(2) 
PARAMETRIC_REPRESENTATION_CONTEXT() REPRESENTATION_CONTEXT('2D SPACE',''
  ) );
#144 = ORIENTED_EDGE('',*,*,#145,.T.);
#145 = EDGE_CURVE('',#121,#64,#146,.T.);
#146 = SURFACE_CURVE('',#147,(#150,#156),.PCURVE_S1.);
#147 = B_SPLINE_CURVE_WITH_KNOTS('',1,(#148,#149),.UNSPECIFIED.,.F.,.F.,
  (2,2),(0.,2.),.PIECEWISE_BEZIER_KNOTS.);
#148 = CARTESIAN_POINT('',(-64.00474229111,21.439272735548,2.18E+03));
#149 = CARTESIAN_POINT('',(-64.00474229105,21.439272735598,4.18E+03));
#150 = PCURVE('',#73,#151);
#151 = DEFINITIONAL_REPRESENTATION('',(#152),#155);
#152 = B_SPLINE_CURVE_WITH_KNOTS('',1,(#153,#154),.UNSPECIFIED.,.F.,.F.,
  (2,2),(0.,2.),.PIECEWISE_BEZIER_KNOTS.);
#153 = CARTESIAN_POINT('',(629.58187180486,212.));
#154 = CARTESIAN_POINT('',(629.58187180484,2.212E+03));
#155 = ( GEOMETRIC_REPRESENTATION_CONTEXT(2) 
PARAMETRIC_REPRESENTATION_CONTEXT() REPRESENTATION_CONTEXT('2D SPACE',''
  ) );
#156 = PCURVE('',#157,#162);
#157 = CYLINDRICAL_SURFACE('',#158,67.500000000013);
#158 = AXIS2_PLACEMENT_3D('',#159,#160,#161);
#159 = CARTESIAN_POINT('',(1.136869603545E-10,-1.279915506668E-05,
    3.18E+03));
#160 = DIRECTION('',(2.631639762074E-14,1.315819881037E-14,1.));
#161 = DIRECTION('',(1.,0.,-2.631639762074E-14));
#162 = DEFINITIONAL_REPRESENTATION('',(#163),#166);
#163 = B_SPLINE_CURVE_WITH_KNOTS('',1,(#164,#165),.UNSPECIFIED.,.F.,.F.,
  (2,2),(0.,2.),.PIECEWISE_BEZIER_KNOTS.);
#164 = CARTESIAN_POINT('',(2.818375203264,-1.E+03));
#165 = CARTESIAN_POINT('',(2.818375203264,999.99999999999));
#166 = ( GEOMETRIC_REPRESENTATION_CONTEXT(2) 
PARAMETRIC_REPRESENTATION_CONTEXT() REPRESENTATION_CONTEXT('2D SPACE',''
  ) );
#167 = ADVANCED_FACE('',(#168),#109,.T.);
#168 = FACE_BOUND('',#169,.T.);
#169 = EDGE_LOOP('',(#170,#190,#215,#233));
#170 = ORIENTED_EDGE('',*,*,#171,.T.);
#171 = EDGE_CURVE('',#66,#172,#174,.T.);
#172 = VERTEX_POINT('',#173);
#173 = CARTESIAN_POINT('',(-69.99999999987,46.672606096648,4.18E+03));
#174 = SURFACE_CURVE('',#175,(#178,#184),.PCURVE_S1.);
#175 = B_SPLINE_CURVE_WITH_KNOTS('',1,(#176,#177),.UNSPECIFIED.,.F.,.F.,
  (2,2),(0.,1.484924240492E-02),.PIECEWISE_BEZIER_KNOTS.);
#176 = CARTESIAN_POINT('',(-69.99999999987,31.82336369173,4.18E+03));
#177 = CARTESIAN_POINT('',(-69.99999999987,46.672606096648,4.18E+03));
#178 = PCURVE('',#109,#179);
#179 = DEFINITIONAL_REPRESENTATION('',(#180),#183);
#180 = B_SPLINE_CURVE_WITH_KNOTS('',1,(#181,#182),.UNSPECIFIED.,.F.,.F.,
  (2,2),(0.,1.484924240492E-02),.PIECEWISE_BEZIER_KNOTS.);
#181 = CARTESIAN_POINT('',(-2.212E+03,628.33416664541));
#182 = CARTESIAN_POINT('',(-2.212E+03,613.48492424049));
#183 = ( GEOMETRIC_REPRESENTATION_CONTEXT(2) 
PARAMETRIC_REPRESENTATION_CONTEXT() REPRESENTATION_CONTEXT('2D SPACE',''
  ) );
#184 = PCURVE('',#84,#185);
#185 = DEFINITIONAL_REPRESENTATION('',(#186),#189);
#186 = B_SPLINE_CURVE_WITH_KNOTS('',1,(#187,#188),.UNSPECIFIED.,.F.,.F.,
  (2,2),(0.,1.484924240492E-02),.PIECEWISE_BEZIER_KNOTS.);
#187 = CARTESIAN_POINT('',(11.205531185357,-49.3821546945));
#188 = CARTESIAN_POINT('',(11.205531185357,-34.53291228958));
#189 = ( GEOMETRIC_REPRESENTATION_CONTEXT(2) 
PARAMETRIC_REPRESENTATION_CONTEXT() REPRESENTATION_CONTEXT('2D SPACE',''
  ) );
#190 = ORIENTED_EDGE('',*,*,#191,.T.);
#191 = EDGE_CURVE('',#172,#192,#194,.T.);
#192 = VERTEX_POINT('',#193);
#193 = CARTESIAN_POINT('',(-69.99999999993,46.672606096597,2.18E+03));
#194 = SURFACE_CURVE('',#195,(#198,#204),.PCURVE_S1.);
#195 = B_SPLINE_CURVE_WITH_KNOTS('',1,(#196,#197),.UNSPECIFIED.,.F.,.F.,
  (2,2),(0.,2.),.PIECEWISE_BEZIER_KNOTS.);
#196 = CARTESIAN_POINT('',(-69.99999999987,46.672606096648,4.18E+03));
#197 = CARTESIAN_POINT('',(-69.99999999993,46.672606096597,2.18E+03));
#198 = PCURVE('',#109,#199);
#199 = DEFINITIONAL_REPRESENTATION('',(#200),#203);
#200 = B_SPLINE_CURVE_WITH_KNOTS('',1,(#201,#202),.UNSPECIFIED.,.F.,.F.,
  (2,2),(0.,2.),.PIECEWISE_BEZIER_KNOTS.);
#201 = CARTESIAN_POINT('',(-2.212E+03,613.48492424049));
#202 = CARTESIAN_POINT('',(-212.,613.48492424055));
#203 = ( GEOMETRIC_REPRESENTATION_CONTEXT(2) 
PARAMETRIC_REPRESENTATION_CONTEXT() REPRESENTATION_CONTEXT('2D SPACE',''
  ) );
#204 = PCURVE('',#205,#210);
#205 = PLANE('',#206);
#206 = AXIS2_PLACEMENT_3D('',#207,#208,#209);
#207 = CARTESIAN_POINT('',(-508.5968068222,-391.9242007257,4.392E+03));
#208 = DIRECTION('',(-0.707106781187,0.707106781187,3.748595745108E-15)
  );
#209 = DIRECTION('',(0.707106781187,0.707106781187,0.));
#210 = DEFINITIONAL_REPRESENTATION('',(#211),#214);
#211 = B_SPLINE_CURVE_WITH_KNOTS('',1,(#212,#213),.UNSPECIFIED.,.F.,.F.,
  (2,2),(0.,2.),.PIECEWISE_BEZIER_KNOTS.);
#212 = CARTESIAN_POINT('',(620.26955262178,212.));
#213 = CARTESIAN_POINT('',(620.2695526217,2.212E+03));
#214 = ( GEOMETRIC_REPRESENTATION_CONTEXT(2) 
PARAMETRIC_REPRESENTATION_CONTEXT() REPRESENTATION_CONTEXT('2D SPACE',''
  ) );
#215 = ORIENTED_EDGE('',*,*,#216,.T.);
#216 = EDGE_CURVE('',#192,#96,#217,.T.);
#217 = SURFACE_CURVE('',#218,(#221,#227),.PCURVE_S1.);
#218 = B_SPLINE_CURVE_WITH_KNOTS('',1,(#219,#220),.UNSPECIFIED.,.F.,.F.,
  (2,2),(0.,1.484924240492E-02),.PIECEWISE_BEZIER_KNOTS.);
#219 = CARTESIAN_POINT('',(-69.99999999993,46.672606096597,2.18E+03));
#220 = CARTESIAN_POINT('',(-69.99999999993,31.823363691679,2.18E+03));
#221 = PCURVE('',#109,#222);
#222 = DEFINITIONAL_REPRESENTATION('',(#223),#226);
#223 = B_SPLINE_CURVE_WITH_KNOTS('',1,(#224,#225),.UNSPECIFIED.,.F.,.F.,
  (2,2),(0.,1.484924240492E-02),.PIECEWISE_BEZIER_KNOTS.);
#224 = CARTESIAN_POINT('',(-212.,613.48492424055));
#225 = CARTESIAN_POINT('',(-212.,628.33416664546));
#226 = ( GEOMETRIC_REPRESENTATION_CONTEXT(2) 
PARAMETRIC_REPRESENTATION_CONTEXT() REPRESENTATION_CONTEXT('2D SPACE',''
  ) );
#227 = PCURVE('',#134,#228);
#228 = DEFINITIONAL_REPRESENTATION('',(#229),#232);
#229 = B_SPLINE_CURVE_WITH_KNOTS('',1,(#230,#231),.UNSPECIFIED.,.F.,.F.,
  (2,2),(0.,1.484924240492E-02),.PIECEWISE_BEZIER_KNOTS.);
#230 = CARTESIAN_POINT('',(-11.20553118535,127.87815008113));
#231 = CARTESIAN_POINT('',(-11.20553118535,113.02890767621));
#232 = ( GEOMETRIC_REPRESENTATION_CONTEXT(2) 
PARAMETRIC_REPRESENTATION_CONTEXT() REPRESENTATION_CONTEXT('2D SPACE',''
  ) );
#233 = ORIENTED_EDGE('',*,*,#95,.F.);
#234 = ADVANCED_FACE('',(#235),#205,.T.);
#235 = FACE_BOUND('',#236,.T.);
#236 = EDGE_LOOP('',(#237,#257,#282,#300));
#237 = ORIENTED_EDGE('',*,*,#238,.T.);
#238 = EDGE_CURVE('',#172,#239,#241,.T.);
#239 = VERTEX_POINT('',#240);
#240 = CARTESIAN_POINT('',(-46.67261889565,69.999987200867,4.18E+03));
#241 = SURFACE_CURVE('',#242,(#245,#251),.PCURVE_S1.);
#242 = B_SPLINE_CURVE_WITH_KNOTS('',1,(#243,#244),.UNSPECIFIED.,.F.,.F.,
  (2,2),(0.,3.298989873223E-02),.PIECEWISE_BEZIER_KNOTS.);
#243 = CARTESIAN_POINT('',(-69.99999999987,46.672606096648,4.18E+03));
#244 = CARTESIAN_POINT('',(-46.67261889565,69.999987200867,4.18E+03));
#245 = PCURVE('',#205,#246);
#246 = DEFINITIONAL_REPRESENTATION('',(#247),#250);
#247 = B_SPLINE_CURVE_WITH_KNOTS('',1,(#248,#249),.UNSPECIFIED.,.F.,.F.,
  (2,2),(0.,3.298989873223E-02),.PIECEWISE_BEZIER_KNOTS.);
#248 = CARTESIAN_POINT('',(620.26955262178,212.));
#249 = CARTESIAN_POINT('',(653.25945135402,211.99999999999));
#250 = ( GEOMETRIC_REPRESENTATION_CONTEXT(2) 
PARAMETRIC_REPRESENTATION_CONTEXT() REPRESENTATION_CONTEXT('2D SPACE',''
  ) );
#251 = PCURVE('',#84,#252);
#252 = DEFINITIONAL_REPRESENTATION('',(#253),#256);
#253 = B_SPLINE_CURVE_WITH_KNOTS('',1,(#254,#255),.UNSPECIFIED.,.F.,.F.,
  (2,2),(0.,3.298989873223E-02),.PIECEWISE_BEZIER_KNOTS.);
#254 = CARTESIAN_POINT('',(11.205531185357,-34.53291228958));
#255 = CARTESIAN_POINT('',(34.532912289576,-11.20553118536));
#256 = ( GEOMETRIC_REPRESENTATION_CONTEXT(2) 
PARAMETRIC_REPRESENTATION_CONTEXT() REPRESENTATION_CONTEXT('2D SPACE',''
  ) );
#257 = ORIENTED_EDGE('',*,*,#258,.T.);
#258 = EDGE_CURVE('',#239,#259,#261,.T.);
#259 = VERTEX_POINT('',#260);
#260 = CARTESIAN_POINT('',(-46.67261889571,69.999987200816,2.18E+03));
#261 = SURFACE_CURVE('',#262,(#265,#271),.PCURVE_S1.);
#262 = B_SPLINE_CURVE_WITH_KNOTS('',1,(#263,#264),.UNSPECIFIED.,.F.,.F.,
  (2,2),(0.,2.),.PIECEWISE_BEZIER_KNOTS.);
#263 = CARTESIAN_POINT('',(-46.67261889565,69.999987200867,4.18E+03));
#264 = CARTESIAN_POINT('',(-46.67261889571,69.999987200816,2.18E+03));
#265 = PCURVE('',#205,#266);
#266 = DEFINITIONAL_REPRESENTATION('',(#267),#270);
#267 = B_SPLINE_CURVE_WITH_KNOTS('',1,(#268,#269),.UNSPECIFIED.,.F.,.F.,
  (2,2),(0.,2.),.PIECEWISE_BEZIER_KNOTS.);
#268 = CARTESIAN_POINT('',(653.25945135402,211.99999999999));
#269 = CARTESIAN_POINT('',(653.25945135394,2.212E+03));
#270 = ( GEOMETRIC_REPRESENTATION_CONTEXT(2) 
PARAMETRIC_REPRESENTATION_CONTEXT() REPRESENTATION_CONTEXT('2D SPACE',''
  ) );
#271 = PCURVE('',#272,#277);
#272 = PLANE('',#273);
#273 = AXIS2_PLACEMENT_3D('',#274,#275,#276);
#274 = CARTESIAN_POINT('',(-660.1575431362,69.999987200869,1.968E+03));
#275 = DIRECTION('',(0.,1.,0.));
#276 = DIRECTION('',(0.,0.,1.));
#277 = DEFINITIONAL_REPRESENTATION('',(#278),#281);
#278 = B_SPLINE_CURVE_WITH_KNOTS('',1,(#279,#280),.UNSPECIFIED.,.F.,.F.,
  (2,2),(0.,2.),.PIECEWISE_BEZIER_KNOTS.);
#279 = CARTESIAN_POINT('',(2.212E+03,613.48492424056));
#280 = CARTESIAN_POINT('',(212.,613.48492424049));
#281 = ( GEOMETRIC_REPRESENTATION_CONTEXT(2) 
PARAMETRIC_REPRESENTATION_CONTEXT() REPRESENTATION_CONTEXT('2D SPACE',''
  ) );
#282 = ORIENTED_EDGE('',*,*,#283,.T.);
#283 = EDGE_CURVE('',#259,#192,#284,.T.);
#284 = SURFACE_CURVE('',#285,(#288,#294),.PCURVE_S1.);
#285 = B_SPLINE_CURVE_WITH_KNOTS('',1,(#286,#287),.UNSPECIFIED.,.F.,.F.,
  (2,2),(0.,3.298989873223E-02),.PIECEWISE_BEZIER_KNOTS.);
#286 = CARTESIAN_POINT('',(-46.67261889571,69.999987200816,2.18E+03));
#287 = CARTESIAN_POINT('',(-69.99999999993,46.672606096597,2.18E+03));
#288 = PCURVE('',#205,#289);
#289 = DEFINITIONAL_REPRESENTATION('',(#290),#293);
#290 = B_SPLINE_CURVE_WITH_KNOTS('',1,(#291,#292),.UNSPECIFIED.,.F.,.F.,
  (2,2),(0.,3.298989873223E-02),.PIECEWISE_BEZIER_KNOTS.);
#291 = CARTESIAN_POINT('',(653.25945135394,2.212E+03));
#292 = CARTESIAN_POINT('',(620.2695526217,2.212E+03));
#293 = ( GEOMETRIC_REPRESENTATION_CONTEXT(2) 
PARAMETRIC_REPRESENTATION_CONTEXT() REPRESENTATION_CONTEXT('2D SPACE',''
  ) );
#294 = PCURVE('',#134,#295);
#295 = DEFINITIONAL_REPRESENTATION('',(#296),#299);
#296 = B_SPLINE_CURVE_WITH_KNOTS('',1,(#297,#298),.UNSPECIFIED.,.F.,.F.,
  (2,2),(0.,3.298989873223E-02),.PIECEWISE_BEZIER_KNOTS.);
#297 = CARTESIAN_POINT('',(-34.53291228957,151.20553118535));
#298 = CARTESIAN_POINT('',(-11.20553118535,127.87815008113));
#299 = ( GEOMETRIC_REPRESENTATION_CONTEXT(2) 
PARAMETRIC_REPRESENTATION_CONTEXT() REPRESENTATION_CONTEXT('2D SPACE',''
  ) );
#300 = ORIENTED_EDGE('',*,*,#191,.F.);
#301 = ADVANCED_FACE('',(#302),#272,.T.);
#302 = FACE_BOUND('',#303,.T.);
#303 = EDGE_LOOP('',(#304,#324,#349,#367));
#304 = ORIENTED_EDGE('',*,*,#305,.T.);
#305 = EDGE_CURVE('',#239,#306,#308,.T.);
#306 = VERTEX_POINT('',#307);
#307 = CARTESIAN_POINT('',(-31.82337649073,69.999987200869,4.18E+03));
#308 = SURFACE_CURVE('',#309,(#312,#318),.PCURVE_S1.);
#309 = B_SPLINE_CURVE_WITH_KNOTS('',1,(#310,#311),.UNSPECIFIED.,.F.,.F.,
  (2,2),(0.,1.484924240492E-02),.PIECEWISE_BEZIER_KNOTS.);
#310 = CARTESIAN_POINT('',(-46.67261889565,69.999987200867,4.18E+03));
#311 = CARTESIAN_POINT('',(-31.82337649073,69.999987200869,4.18E+03));
#312 = PCURVE('',#272,#313);
#313 = DEFINITIONAL_REPRESENTATION('',(#314),#317);
#314 = B_SPLINE_CURVE_WITH_KNOTS('',1,(#315,#316),.UNSPECIFIED.,.F.,.F.,
  (2,2),(0.,1.484924240492E-02),.PIECEWISE_BEZIER_KNOTS.);
#315 = CARTESIAN_POINT('',(2.212E+03,613.48492424056));
#316 = CARTESIAN_POINT('',(2.212E+03,628.33416664547));
#317 = ( GEOMETRIC_REPRESENTATION_CONTEXT(2) 
PARAMETRIC_REPRESENTATION_CONTEXT() REPRESENTATION_CONTEXT('2D SPACE',''
  ) );
#318 = PCURVE('',#84,#319);
#319 = DEFINITIONAL_REPRESENTATION('',(#320),#323);
#320 = B_SPLINE_CURVE_WITH_KNOTS('',1,(#321,#322),.UNSPECIFIED.,.F.,.F.,
  (2,2),(0.,1.484924240492E-02),.PIECEWISE_BEZIER_KNOTS.);
#321 = CARTESIAN_POINT('',(34.532912289576,-11.20553118536));
#322 = CARTESIAN_POINT('',(49.382154694493,-11.20553118536));
#323 = ( GEOMETRIC_REPRESENTATION_CONTEXT(2) 
PARAMETRIC_REPRESENTATION_CONTEXT() REPRESENTATION_CONTEXT('2D SPACE',''
  ) );
#324 = ORIENTED_EDGE('',*,*,#325,.T.);
#325 = EDGE_CURVE('',#306,#326,#328,.T.);
#326 = VERTEX_POINT('',#327);
#327 = CARTESIAN_POINT('',(-31.82337649079,69.999987200817,2.18E+03));
#328 = SURFACE_CURVE('',#329,(#332,#338),.PCURVE_S1.);
#329 = B_SPLINE_CURVE_WITH_KNOTS('',1,(#330,#331),.UNSPECIFIED.,.F.,.F.,
  (2,2),(0.,2.),.PIECEWISE_BEZIER_KNOTS.);
#330 = CARTESIAN_POINT('',(-31.82337649073,69.999987200869,4.18E+03));
#331 = CARTESIAN_POINT('',(-31.82337649079,69.999987200817,2.18E+03));
#332 = PCURVE('',#272,#333);
#333 = DEFINITIONAL_REPRESENTATION('',(#334),#337);
#334 = B_SPLINE_CURVE_WITH_KNOTS('',1,(#335,#336),.UNSPECIFIED.,.F.,.F.,
  (2,2),(0.,2.),.PIECEWISE_BEZIER_KNOTS.);
#335 = CARTESIAN_POINT('',(2.212E+03,628.33416664547));
#336 = CARTESIAN_POINT('',(212.,628.33416664541));
#337 = ( GEOMETRIC_REPRESENTATION_CONTEXT(2) 
PARAMETRIC_REPRESENTATION_CONTEXT() REPRESENTATION_CONTEXT('2D SPACE',''
  ) );
#338 = PCURVE('',#339,#344);
#339 = PLANE('',#340);
#340 = AXIS2_PLACEMENT_3D('',#341,#342,#343);
#341 = CARTESIAN_POINT('',(-564.5470858356,382.49412169671,4.392E+03));
#342 = DIRECTION('',(0.505969911745,0.862551127997,-3.831561156804E-14)
  );
#343 = DIRECTION('',(0.862551127997,-0.505969911745,0.));
#344 = DEFINITIONAL_REPRESENTATION('',(#345),#348);
#345 = B_SPLINE_CURVE_WITH_KNOTS('',1,(#346,#347),.UNSPECIFIED.,.F.,.F.,
  (2,2),(0.,2.),.PIECEWISE_BEZIER_KNOTS.);
#346 = CARTESIAN_POINT('',(617.61406605781,212.));
#347 = CARTESIAN_POINT('',(617.61406605778,2.212E+03));
#348 = ( GEOMETRIC_REPRESENTATION_CONTEXT(2) 
PARAMETRIC_REPRESENTATION_CONTEXT() REPRESENTATION_CONTEXT('2D SPACE',''
  ) );
#349 = ORIENTED_EDGE('',*,*,#350,.T.);
#350 = EDGE_CURVE('',#326,#259,#351,.T.);
#351 = SURFACE_CURVE('',#352,(#355,#361),.PCURVE_S1.);
#352 = B_SPLINE_CURVE_WITH_KNOTS('',1,(#353,#354),.UNSPECIFIED.,.F.,.F.,
  (2,2),(0.,1.484924240492E-02),.PIECEWISE_BEZIER_KNOTS.);
#353 = CARTESIAN_POINT('',(-31.82337649079,69.999987200817,2.18E+03));
#354 = CARTESIAN_POINT('',(-46.67261889571,69.999987200816,2.18E+03));
#355 = PCURVE('',#272,#356);
#356 = DEFINITIONAL_REPRESENTATION('',(#357),#360);
#357 = B_SPLINE_CURVE_WITH_KNOTS('',1,(#358,#359),.UNSPECIFIED.,.F.,.F.,
  (2,2),(0.,1.484924240492E-02),.PIECEWISE_BEZIER_KNOTS.);
#358 = CARTESIAN_POINT('',(212.,628.33416664541));
#359 = CARTESIAN_POINT('',(212.,613.48492424049));
#360 = ( GEOMETRIC_REPRESENTATION_CONTEXT(2) 
PARAMETRIC_REPRESENTATION_CONTEXT() REPRESENTATION_CONTEXT('2D SPACE',''
  ) );
#361 = PCURVE('',#134,#362);
#362 = DEFINITIONAL_REPRESENTATION('',(#363),#366);
#363 = B_SPLINE_CURVE_WITH_KNOTS('',1,(#364,#365),.UNSPECIFIED.,.F.,.F.,
  (2,2),(0.,1.484924240492E-02),.PIECEWISE_BEZIER_KNOTS.);
#364 = CARTESIAN_POINT('',(-49.38215469449,151.20553118535));
#365 = CARTESIAN_POINT('',(-34.53291228957,151.20553118535));
#366 = ( GEOMETRIC_REPRESENTATION_CONTEXT(2) 
PARAMETRIC_REPRESENTATION_CONTEXT() REPRESENTATION_CONTEXT('2D SPACE',''
  ) );
#367 = ORIENTED_EDGE('',*,*,#258,.F.);
#368 = ADVANCED_FACE('',(#369),#339,.T.);
#369 = FACE_BOUND('',#370,.T.);
#370 = EDGE_LOOP('',(#371,#391,#416,#434));
#371 = ORIENTED_EDGE('',*,*,#372,.T.);
#372 = EDGE_CURVE('',#306,#373,#375,.T.);
#373 = VERTEX_POINT('',#374);
#374 = CARTESIAN_POINT('',(-21.5433750055,63.96976907768,4.18E+03));
#375 = SURFACE_CURVE('',#376,(#379,#385),.PCURVE_S1.);
#376 = B_SPLINE_CURVE_WITH_KNOTS('',1,(#377,#378),.UNSPECIFIED.,.F.,.F.,
  (2,2),(0.,1.191813580849E-02),.PIECEWISE_BEZIER_KNOTS.);
#377 = CARTESIAN_POINT('',(-31.82337649073,69.999987200869,4.18E+03));
#378 = CARTESIAN_POINT('',(-21.5433750055,63.96976907768,4.18E+03));
#379 = PCURVE('',#339,#380);
#380 = DEFINITIONAL_REPRESENTATION('',(#381),#384);
#381 = B_SPLINE_CURVE_WITH_KNOTS('',1,(#382,#383),.UNSPECIFIED.,.F.,.F.,
  (2,2),(0.,1.191813580849E-02),.PIECEWISE_BEZIER_KNOTS.);
#382 = CARTESIAN_POINT('',(617.61406605781,212.));
#383 = CARTESIAN_POINT('',(629.5322018663,211.99999999999));
#384 = ( GEOMETRIC_REPRESENTATION_CONTEXT(2) 
PARAMETRIC_REPRESENTATION_CONTEXT() REPRESENTATION_CONTEXT('2D SPACE',''
  ) );
#385 = PCURVE('',#84,#386);
#386 = DEFINITIONAL_REPRESENTATION('',(#387),#390);
#387 = B_SPLINE_CURVE_WITH_KNOTS('',1,(#388,#389),.UNSPECIFIED.,.F.,.F.,
  (2,2),(0.,1.191813580849E-02),.PIECEWISE_BEZIER_KNOTS.);
#388 = CARTESIAN_POINT('',(49.382154694493,-11.20553118536));
#389 = CARTESIAN_POINT('',(59.662156179726,-17.23574930855));
#390 = ( GEOMETRIC_REPRESENTATION_CONTEXT(2) 
PARAMETRIC_REPRESENTATION_CONTEXT() REPRESENTATION_CONTEXT('2D SPACE',''
  ) );
#391 = ORIENTED_EDGE('',*,*,#392,.T.);
#392 = EDGE_CURVE('',#373,#393,#395,.T.);
#393 = VERTEX_POINT('',#394);
#394 = CARTESIAN_POINT('',(-21.54337500556,63.96976907763,2.18E+03));
#395 = SURFACE_CURVE('',#396,(#399,#405),.PCURVE_S1.);
#396 = B_SPLINE_CURVE_WITH_KNOTS('',1,(#397,#398),.UNSPECIFIED.,.F.,.F.,
  (2,2),(0.,2.),.PIECEWISE_BEZIER_KNOTS.);
#397 = CARTESIAN_POINT('',(-21.5433750055,63.96976907768,4.18E+03));
#398 = CARTESIAN_POINT('',(-21.54337500556,63.96976907763,2.18E+03));
#399 = PCURVE('',#339,#400);
#400 = DEFINITIONAL_REPRESENTATION('',(#401),#404);
#401 = B_SPLINE_CURVE_WITH_KNOTS('',1,(#402,#403),.UNSPECIFIED.,.F.,.F.,
  (2,2),(0.,2.),.PIECEWISE_BEZIER_KNOTS.);
#402 = CARTESIAN_POINT('',(629.5322018663,211.99999999999));
#403 = CARTESIAN_POINT('',(629.53220186627,2.212E+03));
#404 = ( GEOMETRIC_REPRESENTATION_CONTEXT(2) 
PARAMETRIC_REPRESENTATION_CONTEXT() REPRESENTATION_CONTEXT('2D SPACE',''
  ) );
#405 = PCURVE('',#406,#411);
#406 = CYLINDRICAL_SURFACE('',#407,67.500000000014);
#407 = AXIS2_PLACEMENT_3D('',#408,#409,#410);
#408 = CARTESIAN_POINT('',(9.992166537725E-11,-1.279917150114E-05,
    3.18E+03));
#409 = DIRECTION('',(2.631639762074E-14,2.631639762074E-14,1.));
#410 = DIRECTION('',(1.,0.,-2.631639762074E-14));
#411 = DEFINITIONAL_REPRESENTATION('',(#412),#415);
#412 = B_SPLINE_CURVE_WITH_KNOTS('',1,(#413,#414),.UNSPECIFIED.,.F.,.F.,
  (2,2),(0.,2.),.PIECEWISE_BEZIER_KNOTS.);
#413 = CARTESIAN_POINT('',(1.895640498511,999.99999999999));
#414 = CARTESIAN_POINT('',(1.895640498511,-1.E+03));
#415 = ( GEOMETRIC_REPRESENTATION_CONTEXT(2) 
PARAMETRIC_REPRESENTATION_CONTEXT() REPRESENTATION_CONTEXT('2D SPACE',''
  ) );
#416 = ORIENTED_EDGE('',*,*,#417,.T.);
#417 = EDGE_CURVE('',#393,#326,#418,.T.);
#418 = SURFACE_CURVE('',#419,(#422,#428),.PCURVE_S1.);
#419 = B_SPLINE_CURVE_WITH_KNOTS('',1,(#420,#421),.UNSPECIFIED.,.F.,.F.,
  (2,2),(0.,1.191813580849E-02),.PIECEWISE_BEZIER_KNOTS.);
#420 = CARTESIAN_POINT('',(-21.54337500556,63.96976907763,2.18E+03));
#421 = CARTESIAN_POINT('',(-31.82337649079,69.999987200817,2.18E+03));
#422 = PCURVE('',#339,#423);
#423 = DEFINITIONAL_REPRESENTATION('',(#424),#427);
#424 = B_SPLINE_CURVE_WITH_KNOTS('',1,(#425,#426),.UNSPECIFIED.,.F.,.F.,
  (2,2),(0.,1.191813580849E-02),.PIECEWISE_BEZIER_KNOTS.);
#425 = CARTESIAN_POINT('',(629.53220186627,2.212E+03));
#426 = CARTESIAN_POINT('',(617.61406605778,2.212E+03));
#427 = ( GEOMETRIC_REPRESENTATION_CONTEXT(2) 
PARAMETRIC_REPRESENTATION_CONTEXT() REPRESENTATION_CONTEXT('2D SPACE',''
  ) );
#428 = PCURVE('',#134,#429);
#429 = DEFINITIONAL_REPRESENTATION('',(#430),#433);
#430 = B_SPLINE_CURVE_WITH_KNOTS('',1,(#431,#432),.UNSPECIFIED.,.F.,.F.,
  (2,2),(0.,1.191813580849E-02),.PIECEWISE_BEZIER_KNOTS.);
#431 = CARTESIAN_POINT('',(-59.66215617972,145.17531306216));
#432 = CARTESIAN_POINT('',(-49.38215469449,151.20553118535));
#433 = ( GEOMETRIC_REPRESENTATION_CONTEXT(2) 
PARAMETRIC_REPRESENTATION_CONTEXT() REPRESENTATION_CONTEXT('2D SPACE',''
  ) );
#434 = ORIENTED_EDGE('',*,*,#325,.F.);
#435 = ADVANCED_FACE('',(#436),#406,.T.);
#436 = FACE_BOUND('',#437,.T.);
#437 = EDGE_LOOP('',(#438,#465,#490,#515));
#438 = ORIENTED_EDGE('',*,*,#439,.T.);
#439 = EDGE_CURVE('',#373,#440,#442,.T.);
#440 = VERTEX_POINT('',#441);
#441 = CARTESIAN_POINT('',(21.439285534849,64.004729492053,4.18E+03));
#442 = SURFACE_CURVE('',#443,(#448,#454),.PCURVE_S1.);
#443 = CIRCLE('',#444,67.500000000006);
#444 = AXIS2_PLACEMENT_3D('',#445,#446,#447);
#445 = CARTESIAN_POINT('',(1.317290956895E-10,-1.279913614951E-05,
    4.18E+03));
#446 = DIRECTION('',(-1.046549148679E-13,1.643418196686E-12,-1.));
#447 = DIRECTION('',(-0.319161111195,0.947700472249,1.590869980023E-12)
  );
#448 = PCURVE('',#406,#449);
#449 = DEFINITIONAL_REPRESENTATION('',(#450),#453);
#450 = B_SPLINE_CURVE_WITH_KNOTS('',1,(#451,#452),.UNSPECIFIED.,.F.,.F.,
  (2,2),(-0.,0.648061622042),.PIECEWISE_BEZIER_KNOTS.);
#451 = CARTESIAN_POINT('',(1.895640498511,999.99999999999));
#452 = CARTESIAN_POINT('',(1.247578876469,999.99999999999));
#453 = ( GEOMETRIC_REPRESENTATION_CONTEXT(2) 
PARAMETRIC_REPRESENTATION_CONTEXT() REPRESENTATION_CONTEXT('2D SPACE',''
  ) );
#454 = PCURVE('',#84,#455);
#455 = DEFINITIONAL_REPRESENTATION('',(#456),#464);
#456 = ( BOUNDED_CURVE() B_SPLINE_CURVE(2,(#457,#458,#459,#460,#461,#462
,#463),.UNSPECIFIED.,.T.,.F.) B_SPLINE_CURVE_WITH_KNOTS((1,2,2,2,2,1),(
    -2.094395102393,0.,2.094395102393,4.188790204786,6.28318530718,
8.377580409573),.UNSPECIFIED.) CURVE() GEOMETRIC_REPRESENTATION_ITEM() 
RATIONAL_B_SPLINE_CURVE((1.,0.5,1.,0.5,1.,0.5,1.)) REPRESENTATION_ITEM(
  '') );
#457 = CARTESIAN_POINT('',(59.662156179726,-17.23574930855));
#458 = CARTESIAN_POINT('',(170.46106853947,20.078470767718));
#459 = CARTESIAN_POINT('',(147.37667486805,-94.53331208564));
#460 = CARTESIAN_POINT('',(124.29228119662,-209.1450949389));
#461 = CARTESIAN_POINT('',(36.577762508306,-131.8475321619));
#462 = CARTESIAN_POINT('',(-51.13675618001,-54.54996938481));
#463 = CARTESIAN_POINT('',(59.662156179726,-17.23574930855));
#464 = ( GEOMETRIC_REPRESENTATION_CONTEXT(2) 
PARAMETRIC_REPRESENTATION_CONTEXT() REPRESENTATION_CONTEXT('2D SPACE',''
  ) );
#465 = ORIENTED_EDGE('',*,*,#466,.T.);
#466 = EDGE_CURVE('',#440,#467,#469,.T.);
#467 = VERTEX_POINT('',#468);
#468 = CARTESIAN_POINT('',(21.439285534787,64.004729492003,2.18E+03));
#469 = SURFACE_CURVE('',#470,(#473,#479),.PCURVE_S1.);
#470 = B_SPLINE_CURVE_WITH_KNOTS('',1,(#471,#472),.UNSPECIFIED.,.F.,.F.,
  (2,2),(0.,2.),.PIECEWISE_BEZIER_KNOTS.);
#471 = CARTESIAN_POINT('',(21.439285534849,64.004729492053,4.18E+03));
#472 = CARTESIAN_POINT('',(21.439285534787,64.004729492003,2.18E+03));
#473 = PCURVE('',#406,#474);
#474 = DEFINITIONAL_REPRESENTATION('',(#475),#478);
#475 = B_SPLINE_CURVE_WITH_KNOTS('',1,(#476,#477),.UNSPECIFIED.,.F.,.F.,
  (2,2),(0.,2.),.PIECEWISE_BEZIER_KNOTS.);
#476 = CARTESIAN_POINT('',(1.247578876469,999.99999999999));
#477 = CARTESIAN_POINT('',(1.247578876469,-1.E+03));
#478 = ( GEOMETRIC_REPRESENTATION_CONTEXT(2) 
PARAMETRIC_REPRESENTATION_CONTEXT() REPRESENTATION_CONTEXT('2D SPACE',''
  ) );
#479 = PCURVE('',#480,#485);
#480 = PLANE('',#481);
#481 = AXIS2_PLACEMENT_3D('',#482,#483,#484);
#482 = CARTESIAN_POINT('',(-513.4105182542,-244.7909487015,4.392E+03));
#483 = DIRECTION('',(-0.5,0.866025403784,-6.007604150473E-15));
#484 = DIRECTION('',(0.866025403784,0.5,0.));
#485 = DEFINITIONAL_REPRESENTATION('',(#486),#489);
#486 = B_SPLINE_CURVE_WITH_KNOTS('',1,(#487,#488),.UNSPECIFIED.,.F.,.F.,
  (2,2),(0.,2.),.PIECEWISE_BEZIER_KNOTS.);
#487 = CARTESIAN_POINT('',(617.59135638726,211.99999999999));
#488 = CARTESIAN_POINT('',(617.59135638718,2.212E+03));
#489 = ( GEOMETRIC_REPRESENTATION_CONTEXT(2) 
PARAMETRIC_REPRESENTATION_CONTEXT() REPRESENTATION_CONTEXT('2D SPACE',''
  ) );
#490 = ORIENTED_EDGE('',*,*,#491,.T.);
#491 = EDGE_CURVE('',#467,#393,#492,.T.);
#492 = SURFACE_CURVE('',#493,(#498,#504),.PCURVE_S1.);
#493 = CIRCLE('',#494,67.500000000006);
#494 = AXIS2_PLACEMENT_3D('',#495,#496,#497);
#495 = CARTESIAN_POINT('',(6.90695128913E-11,-1.279918640081E-05,
    2.18E+03));
#496 = DIRECTION('',(-5.141386202533E-16,6.321162429348E-13,1.));
#497 = DIRECTION('',(0.317619044959,0.948218404314,-5.992209549989E-13)
  );
#498 = PCURVE('',#406,#499);
#499 = DEFINITIONAL_REPRESENTATION('',(#500),#503);
#500 = B_SPLINE_CURVE_WITH_KNOTS('',1,(#501,#502),.UNSPECIFIED.,.F.,.F.,
  (2,2),(0.,0.648061622042),.PIECEWISE_BEZIER_KNOTS.);
#501 = CARTESIAN_POINT('',(1.247578876469,-1.E+03));
#502 = CARTESIAN_POINT('',(1.895640498511,-1.E+03));
#503 = ( GEOMETRIC_REPRESENTATION_CONTEXT(2) 
PARAMETRIC_REPRESENTATION_CONTEXT() REPRESENTATION_CONTEXT('2D SPACE',''
  ) );
#504 = PCURVE('',#134,#505);
#505 = DEFINITIONAL_REPRESENTATION('',(#506),#514);
#506 = ( BOUNDED_CURVE() B_SPLINE_CURVE(2,(#507,#508,#509,#510,#511,#512
,#513),.UNSPECIFIED.,.T.,.F.) B_SPLINE_CURVE_WITH_KNOTS((1,2,2,2,2,1),(
    -2.094395102393,0.,2.094395102393,4.188790204786,6.28318530718,
8.377580409573),.UNSPECIFIED.) CURVE() GEOMETRIC_REPRESENTATION_ITEM() 
RATIONAL_B_SPLINE_CURVE((1.,0.5,1.,0.5,1.,0.5,1.)) REPRESENTATION_ITEM(
  '') );
#507 = CARTESIAN_POINT('',(-102.64481672,145.21027347654));
#508 = CARTESIAN_POINT('',(8.214648853617,182.34420530065));
#509 = CARTESIAN_POINT('',(-15.05615563115,67.770125951811));
#510 = CARTESIAN_POINT('',(-38.32696011592,-46.80395339702));
#511 = CARTESIAN_POINT('',(-125.9156212048,30.636194127703));
#512 = CARTESIAN_POINT('',(-213.5042822937,108.07634165243));
#513 = CARTESIAN_POINT('',(-102.64481672,145.21027347654));
#514 = ( GEOMETRIC_REPRESENTATION_CONTEXT(2) 
PARAMETRIC_REPRESENTATION_CONTEXT() REPRESENTATION_CONTEXT('2D SPACE',''
  ) );
#515 = ORIENTED_EDGE('',*,*,#392,.F.);
#516 = ADVANCED_FACE('',(#517),#480,.T.);
#517 = FACE_BOUND('',#518,.T.);
#518 = EDGE_LOOP('',(#519,#539,#564,#582));
#519 = ORIENTED_EDGE('',*,*,#520,.T.);
#520 = EDGE_CURVE('',#440,#521,#523,.T.);
#521 = VERTEX_POINT('',#522);
#522 = CARTESIAN_POINT('',(31.82337649099,69.999987200871,4.18E+03));
#523 = SURFACE_CURVE('',#524,(#527,#533),.PCURVE_S1.);
#524 = B_SPLINE_CURVE_WITH_KNOTS('',1,(#525,#526),.UNSPECIFIED.,.F.,.F.,
  (2,2),(0.,1.199051541763E-02),.PIECEWISE_BEZIER_KNOTS.);
#525 = CARTESIAN_POINT('',(21.439285534849,64.004729492053,4.18E+03));
#526 = CARTESIAN_POINT('',(31.82337649099,69.999987200871,4.18E+03));
#527 = PCURVE('',#480,#528);
#528 = DEFINITIONAL_REPRESENTATION('',(#529),#532);
#529 = B_SPLINE_CURVE_WITH_KNOTS('',1,(#530,#531),.UNSPECIFIED.,.F.,.F.,
  (2,2),(0.,1.199051541763E-02),.PIECEWISE_BEZIER_KNOTS.);
#530 = CARTESIAN_POINT('',(617.59135638726,211.99999999999));
#531 = CARTESIAN_POINT('',(629.58187180489,212.));
#532 = ( GEOMETRIC_REPRESENTATION_CONTEXT(2) 
PARAMETRIC_REPRESENTATION_CONTEXT() REPRESENTATION_CONTEXT('2D SPACE',''
  ) );
#533 = PCURVE('',#84,#534);
#534 = DEFINITIONAL_REPRESENTATION('',(#535),#538);
#535 = B_SPLINE_CURVE_WITH_KNOTS('',1,(#536,#537),.UNSPECIFIED.,.F.,.F.,
  (2,2),(0.,1.199051541763E-02),.PIECEWISE_BEZIER_KNOTS.);
#536 = CARTESIAN_POINT('',(102.64481672007,-17.20078889417));
#537 = CARTESIAN_POINT('',(113.02890767621,-11.20553118535));
#538 = ( GEOMETRIC_REPRESENTATION_CONTEXT(2) 
PARAMETRIC_REPRESENTATION_CONTEXT() REPRESENTATION_CONTEXT('2D SPACE',''
  ) );
#539 = ORIENTED_EDGE('',*,*,#540,.T.);
#540 = EDGE_CURVE('',#521,#541,#543,.T.);
#541 = VERTEX_POINT('',#542);
#542 = CARTESIAN_POINT('',(31.823376490929,69.999987200822,2.18E+03));
#543 = SURFACE_CURVE('',#544,(#547,#553),.PCURVE_S1.);
#544 = B_SPLINE_CURVE_WITH_KNOTS('',1,(#545,#546),.UNSPECIFIED.,.F.,.F.,
  (2,2),(0.,2.),.PIECEWISE_BEZIER_KNOTS.);
#545 = CARTESIAN_POINT('',(31.82337649099,69.999987200871,4.18E+03));
#546 = CARTESIAN_POINT('',(31.823376490929,69.999987200822,2.18E+03));
#547 = PCURVE('',#480,#548);
#548 = DEFINITIONAL_REPRESENTATION('',(#549),#552);
#549 = B_SPLINE_CURVE_WITH_KNOTS('',1,(#550,#551),.UNSPECIFIED.,.F.,.F.,
  (2,2),(0.,2.),.PIECEWISE_BEZIER_KNOTS.);
#550 = CARTESIAN_POINT('',(629.58187180489,212.));
#551 = CARTESIAN_POINT('',(629.58187180482,2.212E+03));
#552 = ( GEOMETRIC_REPRESENTATION_CONTEXT(2) 
PARAMETRIC_REPRESENTATION_CONTEXT() REPRESENTATION_CONTEXT('2D SPACE',''
  ) );
#553 = PCURVE('',#554,#559);
#554 = PLANE('',#555);
#555 = AXIS2_PLACEMENT_3D('',#556,#557,#558);
#556 = CARTESIAN_POINT('',(-581.6615477495,69.99998720087,1.968E+03));
#557 = DIRECTION('',(0.,1.,0.));
#558 = DIRECTION('',(0.,0.,1.));
#559 = DEFINITIONAL_REPRESENTATION('',(#560),#563);
#560 = B_SPLINE_CURVE_WITH_KNOTS('',1,(#561,#562),.UNSPECIFIED.,.F.,.F.,
  (2,2),(0.,2.),.PIECEWISE_BEZIER_KNOTS.);
#561 = CARTESIAN_POINT('',(2.212E+03,613.48492424055));
#562 = CARTESIAN_POINT('',(212.00000000001,613.48492424049));
#563 = ( GEOMETRIC_REPRESENTATION_CONTEXT(2) 
PARAMETRIC_REPRESENTATION_CONTEXT() REPRESENTATION_CONTEXT('2D SPACE',''
  ) );
#564 = ORIENTED_EDGE('',*,*,#565,.T.);
#565 = EDGE_CURVE('',#541,#467,#566,.T.);
#566 = SURFACE_CURVE('',#567,(#570,#576),.PCURVE_S1.);
#567 = B_SPLINE_CURVE_WITH_KNOTS('',1,(#568,#569),.UNSPECIFIED.,.F.,.F.,
  (2,2),(0.,1.199051541764E-02),.PIECEWISE_BEZIER_KNOTS.);
#568 = CARTESIAN_POINT('',(31.823376490929,69.999987200822,2.18E+03));
#569 = CARTESIAN_POINT('',(21.439285534787,64.004729492003,2.18E+03));
#570 = PCURVE('',#480,#571);
#571 = DEFINITIONAL_REPRESENTATION('',(#572),#575);
#572 = B_SPLINE_CURVE_WITH_KNOTS('',1,(#573,#574),.UNSPECIFIED.,.F.,.F.,
  (2,2),(0.,1.199051541764E-02),.PIECEWISE_BEZIER_KNOTS.);
#573 = CARTESIAN_POINT('',(629.58187180482,2.212E+03));
#574 = CARTESIAN_POINT('',(617.59135638718,2.212E+03));
#575 = ( GEOMETRIC_REPRESENTATION_CONTEXT(2) 
PARAMETRIC_REPRESENTATION_CONTEXT() REPRESENTATION_CONTEXT('2D SPACE',''
  ) );
#576 = PCURVE('',#134,#577);
#577 = DEFINITIONAL_REPRESENTATION('',(#578),#581);
#578 = B_SPLINE_CURVE_WITH_KNOTS('',1,(#579,#580),.UNSPECIFIED.,.F.,.F.,
  (2,2),(0.,1.199051541764E-02),.PIECEWISE_BEZIER_KNOTS.);
#579 = CARTESIAN_POINT('',(-113.0289076762,151.20553118536));
#580 = CARTESIAN_POINT('',(-102.64481672,145.21027347654));
#581 = ( GEOMETRIC_REPRESENTATION_CONTEXT(2) 
PARAMETRIC_REPRESENTATION_CONTEXT() REPRESENTATION_CONTEXT('2D SPACE',''
  ) );
#582 = ORIENTED_EDGE('',*,*,#466,.F.);
#583 = ADVANCED_FACE('',(#584),#554,.T.);
#584 = FACE_BOUND('',#585,.T.);
#585 = EDGE_LOOP('',(#586,#606,#631,#649));
#586 = ORIENTED_EDGE('',*,*,#587,.T.);
#587 = EDGE_CURVE('',#521,#588,#590,.T.);
#588 = VERTEX_POINT('',#589);
#589 = CARTESIAN_POINT('',(46.672618895909,69.999987200873,4.18E+03));
#590 = SURFACE_CURVE('',#591,(#594,#600),.PCURVE_S1.);
#591 = B_SPLINE_CURVE_WITH_KNOTS('',1,(#592,#593),.UNSPECIFIED.,.F.,.F.,
  (2,2),(0.,1.484924240492E-02),.PIECEWISE_BEZIER_KNOTS.);
#592 = CARTESIAN_POINT('',(31.82337649099,69.999987200871,4.18E+03));
#593 = CARTESIAN_POINT('',(46.672618895909,69.999987200873,4.18E+03));
#594 = PCURVE('',#554,#595);
#595 = DEFINITIONAL_REPRESENTATION('',(#596),#599);
#596 = B_SPLINE_CURVE_WITH_KNOTS('',1,(#597,#598),.UNSPECIFIED.,.F.,.F.,
  (2,2),(0.,1.484924240492E-02),.PIECEWISE_BEZIER_KNOTS.);
#597 = CARTESIAN_POINT('',(2.212E+03,613.48492424055));
#598 = CARTESIAN_POINT('',(2.212E+03,628.33416664547));
#599 = ( GEOMETRIC_REPRESENTATION_CONTEXT(2) 
PARAMETRIC_REPRESENTATION_CONTEXT() REPRESENTATION_CONTEXT('2D SPACE',''
  ) );
#600 = PCURVE('',#84,#601);
#601 = DEFINITIONAL_REPRESENTATION('',(#602),#605);
#602 = B_SPLINE_CURVE_WITH_KNOTS('',1,(#603,#604),.UNSPECIFIED.,.F.,.F.,
  (2,2),(0.,1.484924240492E-02),.PIECEWISE_BEZIER_KNOTS.);
#603 = CARTESIAN_POINT('',(113.02890767621,-11.20553118535));
#604 = CARTESIAN_POINT('',(127.87815008113,-11.20553118535));
#605 = ( GEOMETRIC_REPRESENTATION_CONTEXT(2) 
PARAMETRIC_REPRESENTATION_CONTEXT() REPRESENTATION_CONTEXT('2D SPACE',''
  ) );
#606 = ORIENTED_EDGE('',*,*,#607,.T.);
#607 = EDGE_CURVE('',#588,#608,#610,.T.);
#608 = VERTEX_POINT('',#609);
#609 = CARTESIAN_POINT('',(46.672618895847,69.999987200823,2.18E+03));
#610 = SURFACE_CURVE('',#611,(#614,#620),.PCURVE_S1.);
#611 = B_SPLINE_CURVE_WITH_KNOTS('',1,(#612,#613),.UNSPECIFIED.,.F.,.F.,
  (2,2),(0.,2.),.PIECEWISE_BEZIER_KNOTS.);
#612 = CARTESIAN_POINT('',(46.672618895909,69.999987200873,4.18E+03));
#613 = CARTESIAN_POINT('',(46.672618895847,69.999987200823,2.18E+03));
#614 = PCURVE('',#554,#615);
#615 = DEFINITIONAL_REPRESENTATION('',(#616),#619);
#616 = B_SPLINE_CURVE_WITH_KNOTS('',1,(#617,#618),.UNSPECIFIED.,.F.,.F.,
  (2,2),(0.,2.),.PIECEWISE_BEZIER_KNOTS.);
#617 = CARTESIAN_POINT('',(2.212E+03,628.33416664547));
#618 = CARTESIAN_POINT('',(212.,628.33416664541));
#619 = ( GEOMETRIC_REPRESENTATION_CONTEXT(2) 
PARAMETRIC_REPRESENTATION_CONTEXT() REPRESENTATION_CONTEXT('2D SPACE',''
  ) );
#620 = PCURVE('',#621,#626);
#621 = PLANE('',#622);
#622 = AXIS2_PLACEMENT_3D('',#623,#624,#625);
#623 = CARTESIAN_POINT('',(-391.9241879264,508.59679402325,4.392E+03));
#624 = DIRECTION('',(0.707106781187,0.707106781187,-3.97527784383E-14));
#625 = DIRECTION('',(0.707106781187,-0.707106781187,0.));
#626 = DEFINITIONAL_REPRESENTATION('',(#627),#630);
#627 = B_SPLINE_CURVE_WITH_KNOTS('',1,(#628,#629),.UNSPECIFIED.,.F.,.F.,
  (2,2),(0.,2.),.PIECEWISE_BEZIER_KNOTS.);
#628 = CARTESIAN_POINT('',(620.26955262175,212.));
#629 = CARTESIAN_POINT('',(620.26955262174,2.212E+03));
#630 = ( GEOMETRIC_REPRESENTATION_CONTEXT(2) 
PARAMETRIC_REPRESENTATION_CONTEXT() REPRESENTATION_CONTEXT('2D SPACE',''
  ) );
#631 = ORIENTED_EDGE('',*,*,#632,.T.);
#632 = EDGE_CURVE('',#608,#541,#633,.T.);
#633 = SURFACE_CURVE('',#634,(#637,#643),.PCURVE_S1.);
#634 = B_SPLINE_CURVE_WITH_KNOTS('',1,(#635,#636),.UNSPECIFIED.,.F.,.F.,
  (2,2),(0.,1.484924240492E-02),.PIECEWISE_BEZIER_KNOTS.);
#635 = CARTESIAN_POINT('',(46.672618895847,69.999987200823,2.18E+03));
#636 = CARTESIAN_POINT('',(31.823376490929,69.999987200822,2.18E+03));
#637 = PCURVE('',#554,#638);
#638 = DEFINITIONAL_REPRESENTATION('',(#639),#642);
#639 = B_SPLINE_CURVE_WITH_KNOTS('',1,(#640,#641),.UNSPECIFIED.,.F.,.F.,
  (2,2),(0.,1.484924240492E-02),.PIECEWISE_BEZIER_KNOTS.);
#640 = CARTESIAN_POINT('',(212.,628.33416664541));
#641 = CARTESIAN_POINT('',(212.00000000001,613.48492424049));
#642 = ( GEOMETRIC_REPRESENTATION_CONTEXT(2) 
PARAMETRIC_REPRESENTATION_CONTEXT() REPRESENTATION_CONTEXT('2D SPACE',''
  ) );
#643 = PCURVE('',#134,#644);
#644 = DEFINITIONAL_REPRESENTATION('',(#645),#648);
#645 = B_SPLINE_CURVE_WITH_KNOTS('',1,(#646,#647),.UNSPECIFIED.,.F.,.F.,
  (2,2),(0.,1.484924240492E-02),.PIECEWISE_BEZIER_KNOTS.);
#646 = CARTESIAN_POINT('',(-127.8781500811,151.20553118536));
#647 = CARTESIAN_POINT('',(-113.0289076762,151.20553118536));
#648 = ( GEOMETRIC_REPRESENTATION_CONTEXT(2) 
PARAMETRIC_REPRESENTATION_CONTEXT() REPRESENTATION_CONTEXT('2D SPACE',''
  ) );
#649 = ORIENTED_EDGE('',*,*,#540,.F.);
#650 = ADVANCED_FACE('',(#651),#621,.T.);
#651 = FACE_BOUND('',#652,.T.);
#652 = EDGE_LOOP('',(#653,#673,#698,#716));
#653 = ORIENTED_EDGE('',*,*,#654,.T.);
#654 = EDGE_CURVE('',#588,#655,#657,.T.);
#655 = VERTEX_POINT('',#656);
#656 = CARTESIAN_POINT('',(70.000000000128,46.672606096653,4.18E+03));
#657 = SURFACE_CURVE('',#658,(#661,#667),.PCURVE_S1.);
#658 = B_SPLINE_CURVE_WITH_KNOTS('',1,(#659,#660),.UNSPECIFIED.,.F.,.F.,
  (2,2),(0.,3.298989873223E-02),.PIECEWISE_BEZIER_KNOTS.);
#659 = CARTESIAN_POINT('',(46.672618895909,69.999987200873,4.18E+03));
#660 = CARTESIAN_POINT('',(70.000000000128,46.672606096653,4.18E+03));
#661 = PCURVE('',#621,#662);
#662 = DEFINITIONAL_REPRESENTATION('',(#663),#666);
#663 = B_SPLINE_CURVE_WITH_KNOTS('',1,(#664,#665),.UNSPECIFIED.,.F.,.F.,
  (2,2),(0.,3.298989873223E-02),.PIECEWISE_BEZIER_KNOTS.);
#664 = CARTESIAN_POINT('',(620.26955262175,212.));
#665 = CARTESIAN_POINT('',(653.25945135398,212.));
#666 = ( GEOMETRIC_REPRESENTATION_CONTEXT(2) 
PARAMETRIC_REPRESENTATION_CONTEXT() REPRESENTATION_CONTEXT('2D SPACE',''
  ) );
#667 = PCURVE('',#84,#668);
#668 = DEFINITIONAL_REPRESENTATION('',(#669),#672);
#669 = B_SPLINE_CURVE_WITH_KNOTS('',1,(#670,#671),.UNSPECIFIED.,.F.,.F.,
  (2,2),(0.,3.298989873223E-02),.PIECEWISE_BEZIER_KNOTS.);
#670 = CARTESIAN_POINT('',(127.87815008113,-11.20553118535));
#671 = CARTESIAN_POINT('',(151.20553118535,-34.53291228957));
#672 = ( GEOMETRIC_REPRESENTATION_CONTEXT(2) 
PARAMETRIC_REPRESENTATION_CONTEXT() REPRESENTATION_CONTEXT('2D SPACE',''
  ) );
#673 = ORIENTED_EDGE('',*,*,#674,.T.);
#674 = EDGE_CURVE('',#655,#675,#677,.T.);
#675 = VERTEX_POINT('',#676);
#676 = CARTESIAN_POINT('',(70.000000000066,46.672606096601,2.18E+03));
#677 = SURFACE_CURVE('',#678,(#681,#687),.PCURVE_S1.);
#678 = B_SPLINE_CURVE_WITH_KNOTS('',1,(#679,#680),.UNSPECIFIED.,.F.,.F.,
  (2,2),(0.,2.),.PIECEWISE_BEZIER_KNOTS.);
#679 = CARTESIAN_POINT('',(70.000000000128,46.672606096653,4.18E+03));
#680 = CARTESIAN_POINT('',(70.000000000066,46.672606096601,2.18E+03));
#681 = PCURVE('',#621,#682);
#682 = DEFINITIONAL_REPRESENTATION('',(#683),#686);
#683 = B_SPLINE_CURVE_WITH_KNOTS('',1,(#684,#685),.UNSPECIFIED.,.F.,.F.,
  (2,2),(0.,2.),.PIECEWISE_BEZIER_KNOTS.);
#684 = CARTESIAN_POINT('',(653.25945135398,212.));
#685 = CARTESIAN_POINT('',(653.25945135397,2.212E+03));
#686 = ( GEOMETRIC_REPRESENTATION_CONTEXT(2) 
PARAMETRIC_REPRESENTATION_CONTEXT() REPRESENTATION_CONTEXT('2D SPACE',''
  ) );
#687 = PCURVE('',#688,#693);
#688 = PLANE('',#689);
#689 = AXIS2_PLACEMENT_3D('',#690,#691,#692);
#690 = CARTESIAN_POINT('',(70.000000000128,-581.6615605488,1.968E+03));
#691 = DIRECTION('',(1.,0.,0.));
#692 = DIRECTION('',(0.,0.,1.));
#693 = DEFINITIONAL_REPRESENTATION('',(#694),#697);
#694 = B_SPLINE_CURVE_WITH_KNOTS('',1,(#695,#696),.UNSPECIFIED.,.F.,.F.,
  (2,2),(0.,2.),.PIECEWISE_BEZIER_KNOTS.);
#695 = CARTESIAN_POINT('',(2.212E+03,-628.3341666454));
#696 = CARTESIAN_POINT('',(212.,-628.3341666454));
#697 = ( GEOMETRIC_REPRESENTATION_CONTEXT(2) 
PARAMETRIC_REPRESENTATION_CONTEXT() REPRESENTATION_CONTEXT('2D SPACE',''
  ) );
#698 = ORIENTED_EDGE('',*,*,#699,.T.);
#699 = EDGE_CURVE('',#675,#608,#700,.T.);
#700 = SURFACE_CURVE('',#701,(#704,#710),.PCURVE_S1.);
#701 = B_SPLINE_CURVE_WITH_KNOTS('',1,(#702,#703),.UNSPECIFIED.,.F.,.F.,
  (2,2),(0.,3.298989873223E-02),.PIECEWISE_BEZIER_KNOTS.);
#702 = CARTESIAN_POINT('',(70.000000000066,46.672606096601,2.18E+03));
#703 = CARTESIAN_POINT('',(46.672618895847,69.999987200823,2.18E+03));
#704 = PCURVE('',#621,#705);
#705 = DEFINITIONAL_REPRESENTATION('',(#706),#709);
#706 = B_SPLINE_CURVE_WITH_KNOTS('',1,(#707,#708),.UNSPECIFIED.,.F.,.F.,
  (2,2),(0.,3.298989873223E-02),.PIECEWISE_BEZIER_KNOTS.);
#707 = CARTESIAN_POINT('',(653.25945135397,2.212E+03));
#708 = CARTESIAN_POINT('',(620.26955262174,2.212E+03));
#709 = ( GEOMETRIC_REPRESENTATION_CONTEXT(2) 
PARAMETRIC_REPRESENTATION_CONTEXT() REPRESENTATION_CONTEXT('2D SPACE',''
  ) );
#710 = PCURVE('',#134,#711);
#711 = DEFINITIONAL_REPRESENTATION('',(#712),#715);
#712 = B_SPLINE_CURVE_WITH_KNOTS('',1,(#713,#714),.UNSPECIFIED.,.F.,.F.,
  (2,2),(0.,3.298989873223E-02),.PIECEWISE_BEZIER_KNOTS.);
#713 = CARTESIAN_POINT('',(-151.2055311853,127.87815008114));
#714 = CARTESIAN_POINT('',(-127.8781500811,151.20553118536));
#715 = ( GEOMETRIC_REPRESENTATION_CONTEXT(2) 
PARAMETRIC_REPRESENTATION_CONTEXT() REPRESENTATION_CONTEXT('2D SPACE',''
  ) );
#716 = ORIENTED_EDGE('',*,*,#607,.F.);
#717 = ADVANCED_FACE('',(#718),#688,.T.);
#718 = FACE_BOUND('',#719,.T.);
#719 = EDGE_LOOP('',(#720,#740,#765,#783));
#720 = ORIENTED_EDGE('',*,*,#721,.T.);
#721 = EDGE_CURVE('',#655,#722,#724,.T.);
#722 = VERTEX_POINT('',#723);
#723 = CARTESIAN_POINT('',(70.000000000127,31.823363691735,4.18E+03));
#724 = SURFACE_CURVE('',#725,(#728,#734),.PCURVE_S1.);
#725 = B_SPLINE_CURVE_WITH_KNOTS('',1,(#726,#727),.UNSPECIFIED.,.F.,.F.,
  (2,2),(0.,1.484924240492E-02),.PIECEWISE_BEZIER_KNOTS.);
#726 = CARTESIAN_POINT('',(70.000000000128,46.672606096653,4.18E+03));
#727 = CARTESIAN_POINT('',(70.000000000127,31.823363691735,4.18E+03));
#728 = PCURVE('',#688,#729);
#729 = DEFINITIONAL_REPRESENTATION('',(#730),#733);
#730 = B_SPLINE_CURVE_WITH_KNOTS('',1,(#731,#732),.UNSPECIFIED.,.F.,.F.,
  (2,2),(0.,1.484924240492E-02),.PIECEWISE_BEZIER_KNOTS.);
#731 = CARTESIAN_POINT('',(2.212E+03,-628.3341666454));
#732 = CARTESIAN_POINT('',(2.212E+03,-613.4849242405));
#733 = ( GEOMETRIC_REPRESENTATION_CONTEXT(2) 
PARAMETRIC_REPRESENTATION_CONTEXT() REPRESENTATION_CONTEXT('2D SPACE',''
  ) );
#734 = PCURVE('',#84,#735);
#735 = DEFINITIONAL_REPRESENTATION('',(#736),#739);
#736 = B_SPLINE_CURVE_WITH_KNOTS('',1,(#737,#738),.UNSPECIFIED.,.F.,.F.,
  (2,2),(0.,1.484924240492E-02),.PIECEWISE_BEZIER_KNOTS.);
#737 = CARTESIAN_POINT('',(151.20553118535,-34.53291228957));
#738 = CARTESIAN_POINT('',(151.20553118535,-49.38215469449));
#739 = ( GEOMETRIC_REPRESENTATION_CONTEXT(2) 
PARAMETRIC_REPRESENTATION_CONTEXT() REPRESENTATION_CONTEXT('2D SPACE',''
  ) );
#740 = ORIENTED_EDGE('',*,*,#741,.T.);
#741 = EDGE_CURVE('',#722,#742,#744,.T.);
#742 = VERTEX_POINT('',#743);
#743 = CARTESIAN_POINT('',(70.000000000065,31.823363691684,2.18E+03));
#744 = SURFACE_CURVE('',#745,(#748,#754),.PCURVE_S1.);
#745 = B_SPLINE_CURVE_WITH_KNOTS('',1,(#746,#747),.UNSPECIFIED.,.F.,.F.,
  (2,2),(0.,2.),.PIECEWISE_BEZIER_KNOTS.);
#746 = CARTESIAN_POINT('',(70.000000000127,31.823363691735,4.18E+03));
#747 = CARTESIAN_POINT('',(70.000000000065,31.823363691684,2.18E+03));
#748 = PCURVE('',#688,#749);
#749 = DEFINITIONAL_REPRESENTATION('',(#750),#753);
#750 = B_SPLINE_CURVE_WITH_KNOTS('',1,(#751,#752),.UNSPECIFIED.,.F.,.F.,
  (2,2),(0.,2.),.PIECEWISE_BEZIER_KNOTS.);
#751 = CARTESIAN_POINT('',(2.212E+03,-613.4849242405));
#752 = CARTESIAN_POINT('',(212.00000000001,-613.4849242404));
#753 = ( GEOMETRIC_REPRESENTATION_CONTEXT(2) 
PARAMETRIC_REPRESENTATION_CONTEXT() REPRESENTATION_CONTEXT('2D SPACE',''
  ) );
#754 = PCURVE('',#755,#760);
#755 = PLANE('',#756);
#756 = AXIS2_PLACEMENT_3D('',#757,#758,#759);
#757 = CARTESIAN_POINT('',(-248.5243526186,-511.1803471385,1.968E+03));
#758 = DIRECTION('',(0.862551127997,-0.505969911745,-1.356177845023E-14)
  );
#759 = DIRECTION('',(0.505969911745,0.862551127997,1.577721810442E-30));
#760 = DEFINITIONAL_REPRESENTATION('',(#761),#764);
#761 = B_SPLINE_CURVE_WITH_KNOTS('',1,(#762,#763),.UNSPECIFIED.,.F.,.F.,
  (2,2),(0.,2.),.PIECEWISE_BEZIER_KNOTS.);
#762 = CARTESIAN_POINT('',(629.53220186632,2.212E+03));
#763 = CARTESIAN_POINT('',(629.53220186625,212.));
#764 = ( GEOMETRIC_REPRESENTATION_CONTEXT(2) 
PARAMETRIC_REPRESENTATION_CONTEXT() REPRESENTATION_CONTEXT('2D SPACE',''
  ) );
#765 = ORIENTED_EDGE('',*,*,#766,.T.);
#766 = EDGE_CURVE('',#742,#675,#767,.T.);
#767 = SURFACE_CURVE('',#768,(#771,#777),.PCURVE_S1.);
#768 = B_SPLINE_CURVE_WITH_KNOTS('',1,(#769,#770),.UNSPECIFIED.,.F.,.F.,
  (2,2),(0.,1.484924240492E-02),.PIECEWISE_BEZIER_KNOTS.);
#769 = CARTESIAN_POINT('',(70.000000000065,31.823363691684,2.18E+03));
#770 = CARTESIAN_POINT('',(70.000000000066,46.672606096601,2.18E+03));
#771 = PCURVE('',#688,#772);
#772 = DEFINITIONAL_REPRESENTATION('',(#773),#776);
#773 = B_SPLINE_CURVE_WITH_KNOTS('',1,(#774,#775),.UNSPECIFIED.,.F.,.F.,
  (2,2),(0.,1.484924240492E-02),.PIECEWISE_BEZIER_KNOTS.);
#774 = CARTESIAN_POINT('',(212.00000000001,-613.4849242404));
#775 = CARTESIAN_POINT('',(212.,-628.3341666454));
#776 = ( GEOMETRIC_REPRESENTATION_CONTEXT(2) 
PARAMETRIC_REPRESENTATION_CONTEXT() REPRESENTATION_CONTEXT('2D SPACE',''
  ) );
#777 = PCURVE('',#134,#778);
#778 = DEFINITIONAL_REPRESENTATION('',(#779),#782);
#779 = B_SPLINE_CURVE_WITH_KNOTS('',1,(#780,#781),.UNSPECIFIED.,.F.,.F.,
  (2,2),(0.,1.484924240492E-02),.PIECEWISE_BEZIER_KNOTS.);
#780 = CARTESIAN_POINT('',(-151.2055311853,113.02890767622));
#781 = CARTESIAN_POINT('',(-151.2055311853,127.87815008114));
#782 = ( GEOMETRIC_REPRESENTATION_CONTEXT(2) 
PARAMETRIC_REPRESENTATION_CONTEXT() REPRESENTATION_CONTEXT('2D SPACE',''
  ) );
#783 = ORIENTED_EDGE('',*,*,#674,.F.);
#784 = ADVANCED_FACE('',(#785),#755,.T.);
#785 = FACE_BOUND('',#786,.T.);
#786 = EDGE_LOOP('',(#787,#807,#832,#850));
#787 = ORIENTED_EDGE('',*,*,#788,.T.);
#788 = EDGE_CURVE('',#722,#789,#791,.T.);
#789 = VERTEX_POINT('',#790);
#790 = CARTESIAN_POINT('',(63.969781876942,21.543362206493,4.18E+03));
#791 = SURFACE_CURVE('',#792,(#795,#801),.PCURVE_S1.);
#792 = B_SPLINE_CURVE_WITH_KNOTS('',1,(#793,#794),.UNSPECIFIED.,.F.,.F.,
  (2,2),(0.,1.19181358085E-02),.PIECEWISE_BEZIER_KNOTS.);
#793 = CARTESIAN_POINT('',(70.000000000127,31.823363691735,4.18E+03));
#794 = CARTESIAN_POINT('',(63.969781876942,21.543362206493,4.18E+03));
#795 = PCURVE('',#755,#796);
#796 = DEFINITIONAL_REPRESENTATION('',(#797),#800);
#797 = B_SPLINE_CURVE_WITH_KNOTS('',1,(#798,#799),.UNSPECIFIED.,.F.,.F.,
  (2,2),(0.,1.19181358085E-02),.PIECEWISE_BEZIER_KNOTS.);
#798 = CARTESIAN_POINT('',(629.53220186632,2.212E+03));
#799 = CARTESIAN_POINT('',(617.61406605783,2.212E+03));
#800 = ( GEOMETRIC_REPRESENTATION_CONTEXT(2) 
PARAMETRIC_REPRESENTATION_CONTEXT() REPRESENTATION_CONTEXT('2D SPACE',''
  ) );
#801 = PCURVE('',#84,#802);
#802 = DEFINITIONAL_REPRESENTATION('',(#803),#806);
#803 = B_SPLINE_CURVE_WITH_KNOTS('',1,(#804,#805),.UNSPECIFIED.,.F.,.F.,
  (2,2),(0.,1.19181358085E-02),.PIECEWISE_BEZIER_KNOTS.);
#804 = CARTESIAN_POINT('',(151.20553118535,-49.38215469449));
#805 = CARTESIAN_POINT('',(145.17531306217,-59.66215617973));
#806 = ( GEOMETRIC_REPRESENTATION_CONTEXT(2) 
PARAMETRIC_REPRESENTATION_CONTEXT() REPRESENTATION_CONTEXT('2D SPACE',''
  ) );
#807 = ORIENTED_EDGE('',*,*,#808,.T.);
#808 = EDGE_CURVE('',#789,#809,#811,.T.);
#809 = VERTEX_POINT('',#810);
#810 = CARTESIAN_POINT('',(63.96978187688,21.543362206442,2.18E+03));
#811 = SURFACE_CURVE('',#812,(#815,#821),.PCURVE_S1.);
#812 = B_SPLINE_CURVE_WITH_KNOTS('',1,(#813,#814),.UNSPECIFIED.,.F.,.F.,
  (2,2),(0.,2.),.PIECEWISE_BEZIER_KNOTS.);
#813 = CARTESIAN_POINT('',(63.969781876942,21.543362206493,4.18E+03));
#814 = CARTESIAN_POINT('',(63.96978187688,21.543362206442,2.18E+03));
#815 = PCURVE('',#755,#816);
#816 = DEFINITIONAL_REPRESENTATION('',(#817),#820);
#817 = B_SPLINE_CURVE_WITH_KNOTS('',1,(#818,#819),.UNSPECIFIED.,.F.,.F.,
  (2,2),(0.,2.),.PIECEWISE_BEZIER_KNOTS.);
#818 = CARTESIAN_POINT('',(617.61406605783,2.212E+03));
#819 = CARTESIAN_POINT('',(617.61406605775,211.99999999996));
#820 = ( GEOMETRIC_REPRESENTATION_CONTEXT(2) 
PARAMETRIC_REPRESENTATION_CONTEXT() REPRESENTATION_CONTEXT('2D SPACE',''
  ) );
#821 = PCURVE('',#822,#827);
#822 = CYLINDRICAL_SURFACE('',#823,67.5);
#823 = AXIS2_PLACEMENT_3D('',#824,#825,#826);
#824 = CARTESIAN_POINT('',(9.946535725933E-11,-1.27991559425E-05,
    3.18E+03));
#825 = DIRECTION('',(3.947459643112E-14,3.947459643112E-14,1.));
#826 = DIRECTION('',(1.,0.,-3.947459643112E-14));
#827 = DEFINITIONAL_REPRESENTATION('',(#828),#831);
#828 = B_SPLINE_CURVE_WITH_KNOTS('',1,(#829,#830),.UNSPECIFIED.,.F.,.F.,
  (2,2),(0.,2.),.PIECEWISE_BEZIER_KNOTS.);
#829 = CARTESIAN_POINT('',(0.324844171716,999.99999999999));
#830 = CARTESIAN_POINT('',(0.324844171716,-999.9999999998));
#831 = ( GEOMETRIC_REPRESENTATION_CONTEXT(2) 
PARAMETRIC_REPRESENTATION_CONTEXT() REPRESENTATION_CONTEXT('2D SPACE',''
  ) );
#832 = ORIENTED_EDGE('',*,*,#833,.T.);
#833 = EDGE_CURVE('',#809,#742,#834,.T.);
#834 = SURFACE_CURVE('',#835,(#838,#844),.PCURVE_S1.);
#835 = B_SPLINE_CURVE_WITH_KNOTS('',1,(#836,#837),.UNSPECIFIED.,.F.,.F.,
  (2,2),(0.,1.19181358085E-02),.PIECEWISE_BEZIER_KNOTS.);
#836 = CARTESIAN_POINT('',(63.96978187688,21.543362206442,2.18E+03));
#837 = CARTESIAN_POINT('',(70.000000000065,31.823363691684,2.18E+03));
#838 = PCURVE('',#755,#839);
#839 = DEFINITIONAL_REPRESENTATION('',(#840),#843);
#840 = B_SPLINE_CURVE_WITH_KNOTS('',1,(#841,#842),.UNSPECIFIED.,.F.,.F.,
  (2,2),(0.,1.19181358085E-02),.PIECEWISE_BEZIER_KNOTS.);
#841 = CARTESIAN_POINT('',(617.61406605775,211.99999999996));
#842 = CARTESIAN_POINT('',(629.53220186625,212.));
#843 = ( GEOMETRIC_REPRESENTATION_CONTEXT(2) 
PARAMETRIC_REPRESENTATION_CONTEXT() REPRESENTATION_CONTEXT('2D SPACE',''
  ) );
#844 = PCURVE('',#134,#845);
#845 = DEFINITIONAL_REPRESENTATION('',(#846),#849);
#846 = B_SPLINE_CURVE_WITH_KNOTS('',1,(#847,#848),.UNSPECIFIED.,.F.,.F.,
  (2,2),(0.,1.19181358085E-02),.PIECEWISE_BEZIER_KNOTS.);
#847 = CARTESIAN_POINT('',(-145.1753130621,102.74890619098));
#848 = CARTESIAN_POINT('',(-151.2055311853,113.02890767622));
#849 = ( GEOMETRIC_REPRESENTATION_CONTEXT(2) 
PARAMETRIC_REPRESENTATION_CONTEXT() REPRESENTATION_CONTEXT('2D SPACE',''
  ) );
#850 = ORIENTED_EDGE('',*,*,#741,.F.);
#851 = ADVANCED_FACE('',(#852),#822,.T.);
#852 = FACE_BOUND('',#853,.T.);
#853 = EDGE_LOOP('',(#854,#881,#906,#931));
#854 = ORIENTED_EDGE('',*,*,#855,.T.);
#855 = EDGE_CURVE('',#789,#856,#858,.T.);
#856 = VERTEX_POINT('',#857);
#857 = CARTESIAN_POINT('',(64.004742291315,-21.43929833384,4.18E+03));
#858 = SURFACE_CURVE('',#859,(#864,#870),.PCURVE_S1.);
#859 = CIRCLE('',#860,67.499999999998);
#860 = AXIS2_PLACEMENT_3D('',#861,#862,#863);
#861 = CARTESIAN_POINT('',(1.328040700662E-10,-1.27991354007E-05,
    4.18E+03));
#862 = DIRECTION('',(-5.943220435711E-12,1.627593937362E-12,-1.));
#863 = DIRECTION('',(0.947700472249,0.319161111195,-5.112928123982E-12)
  );
#864 = PCURVE('',#822,#865);
#865 = DEFINITIONAL_REPRESENTATION('',(#866),#869);
#866 = B_SPLINE_CURVE_WITH_KNOTS('',1,(#867,#868),.UNSPECIFIED.,.F.,.F.,
  (2,2),(-0.,0.648061622042),.PIECEWISE_BEZIER_KNOTS.);
#867 = CARTESIAN_POINT('',(0.324844171716,999.99999999999));
#868 = CARTESIAN_POINT('',(-0.323217450326,999.99999999992));
#869 = ( GEOMETRIC_REPRESENTATION_CONTEXT(2) 
PARAMETRIC_REPRESENTATION_CONTEXT() REPRESENTATION_CONTEXT('2D SPACE',''
  ) );
#870 = PCURVE('',#84,#871);
#871 = DEFINITIONAL_REPRESENTATION('',(#872),#880);
#872 = ( BOUNDED_CURVE() B_SPLINE_CURVE(2,(#873,#874,#875,#876,#877,#878
,#879),.UNSPECIFIED.,.T.,.F.) B_SPLINE_CURVE_WITH_KNOTS((1,2,2,2,2,1),(
    -2.094395102393,0.,2.094395102393,4.188790204786,6.28318530718,
8.377580409573),.UNSPECIFIED.) CURVE() GEOMETRIC_REPRESENTATION_ITEM() 
RATIONAL_B_SPLINE_CURVE((1.,0.5,1.,0.5,1.,0.5,1.)) REPRESENTATION_ITEM(
  '') );
#873 = CARTESIAN_POINT('',(145.17531306217,-59.66215617973));
#874 = CARTESIAN_POINT('',(182.48953313842,-170.4610685394));
#875 = CARTESIAN_POINT('',(67.877750285086,-147.376674868));
#876 = CARTESIAN_POINT('',(-46.73403256825,-124.2922811966));
#877 = CARTESIAN_POINT('',(30.563530208828,-36.57776250831));
#878 = CARTESIAN_POINT('',(107.86109298591,51.136756179995));
#879 = CARTESIAN_POINT('',(145.17531306217,-59.66215617973));
#880 = ( GEOMETRIC_REPRESENTATION_CONTEXT(2) 
PARAMETRIC_REPRESENTATION_CONTEXT() REPRESENTATION_CONTEXT('2D SPACE',''
  ) );
#881 = ORIENTED_EDGE('',*,*,#882,.T.);
#882 = EDGE_CURVE('',#856,#883,#885,.T.);
#883 = VERTEX_POINT('',#884);
#884 = CARTESIAN_POINT('',(64.00474229125,-21.4392983339,2.18E+03));
#885 = SURFACE_CURVE('',#886,(#889,#895),.PCURVE_S1.);
#886 = B_SPLINE_CURVE_WITH_KNOTS('',1,(#887,#888),.UNSPECIFIED.,.F.,.F.,
  (2,2),(0.,2.),.PIECEWISE_BEZIER_KNOTS.);
#887 = CARTESIAN_POINT('',(64.004742291315,-21.43929833384,4.18E+03));
#888 = CARTESIAN_POINT('',(64.00474229125,-21.4392983339,2.18E+03));
#889 = PCURVE('',#822,#890);
#890 = DEFINITIONAL_REPRESENTATION('',(#891),#894);
#891 = B_SPLINE_CURVE_WITH_KNOTS('',1,(#892,#893),.UNSPECIFIED.,.F.,.F.,
  (2,2),(0.,2.),.PIECEWISE_BEZIER_KNOTS.);
#892 = CARTESIAN_POINT('',(-0.323217450326,999.99999999997));
#893 = CARTESIAN_POINT('',(-0.323217450325,-999.9999999998));
#894 = ( GEOMETRIC_REPRESENTATION_CONTEXT(2) 
PARAMETRIC_REPRESENTATION_CONTEXT() REPRESENTATION_CONTEXT('2D SPACE',''
  ) );
#895 = PCURVE('',#896,#901);
#896 = PLANE('',#897);
#897 = AXIS2_PLACEMENT_3D('',#898,#899,#900);
#898 = CARTESIAN_POINT('',(378.79567819365,-566.673193079,1.968E+03));
#899 = DIRECTION('',(0.866025403784,0.5,-3.986632141928E-14));
#900 = DIRECTION('',(-0.5,0.866025403784,0.));
#901 = DEFINITIONAL_REPRESENTATION('',(#902),#905);
#902 = B_SPLINE_CURVE_WITH_KNOTS('',1,(#903,#904),.UNSPECIFIED.,.F.,.F.,
  (2,2),(0.,2.),.PIECEWISE_BEZIER_KNOTS.);
#903 = CARTESIAN_POINT('',(629.58187180486,2.212E+03));
#904 = CARTESIAN_POINT('',(629.58187180485,211.99999999992));
#905 = ( GEOMETRIC_REPRESENTATION_CONTEXT(2) 
PARAMETRIC_REPRESENTATION_CONTEXT() REPRESENTATION_CONTEXT('2D SPACE',''
  ) );
#906 = ORIENTED_EDGE('',*,*,#907,.T.);
#907 = EDGE_CURVE('',#883,#809,#908,.T.);
#908 = SURFACE_CURVE('',#909,(#914,#920),.PCURVE_S1.);
#909 = CIRCLE('',#910,67.499999999973);
#910 = AXIS2_PLACEMENT_3D('',#911,#912,#913);
#911 = CARTESIAN_POINT('',(9.546102457527E-11,-1.279918254913E-05,
    2.18E+03));
#912 = DIRECTION('',(-4.423385106486E-12,-1.76000759608E-12,1.));
#913 = DIRECTION('',(0.948218404314,-0.317619044959,3.63532323555E-12));
#914 = PCURVE('',#822,#915);
#915 = DEFINITIONAL_REPRESENTATION('',(#916),#919);
#916 = B_SPLINE_CURVE_WITH_KNOTS('',1,(#917,#918),.UNSPECIFIED.,.F.,.F.,
  (2,2),(0.,0.648061622042),.PIECEWISE_BEZIER_KNOTS.);
#917 = CARTESIAN_POINT('',(-0.323217450325,-1.E+03));
#918 = CARTESIAN_POINT('',(0.324844171717,-999.9999999999));
#919 = ( GEOMETRIC_REPRESENTATION_CONTEXT(2) 
PARAMETRIC_REPRESENTATION_CONTEXT() REPRESENTATION_CONTEXT('2D SPACE',''
  ) );
#920 = PCURVE('',#134,#921);
#921 = DEFINITIONAL_REPRESENTATION('',(#922),#930);
#922 = ( BOUNDED_CURVE() B_SPLINE_CURVE(2,(#923,#924,#925,#926,#927,#928
,#929),.UNSPECIFIED.,.T.,.F.) B_SPLINE_CURVE_WITH_KNOTS((1,2,2,2,2,1),(
    -2.094395102393,0.,2.094395102393,4.188790204786,6.28318530718,
8.377580409573),.UNSPECIFIED.) CURVE() GEOMETRIC_REPRESENTATION_ITEM() 
RATIONAL_B_SPLINE_CURVE((1.,0.5,1.,0.5,1.,0.5,1.)) REPRESENTATION_ITEM(
  '') );
#923 = CARTESIAN_POINT('',(-145.2102734765,59.766245650637));
#924 = CARTESIAN_POINT('',(-182.3442053006,170.62571122427));
#925 = CARTESIAN_POINT('',(-67.77012595186,147.35490673953));
#926 = CARTESIAN_POINT('',(46.803953396925,124.08410225479));
#927 = CARTESIAN_POINT('',(-30.63619412775,36.495441165899));
#928 = CARTESIAN_POINT('',(-108.0763416524,-51.09321992299));
#929 = CARTESIAN_POINT('',(-145.2102734765,59.766245650637));
#930 = ( GEOMETRIC_REPRESENTATION_CONTEXT(2) 
PARAMETRIC_REPRESENTATION_CONTEXT() REPRESENTATION_CONTEXT('2D SPACE',''
  ) );
#931 = ORIENTED_EDGE('',*,*,#808,.F.);
#932 = ADVANCED_FACE('',(#933),#896,.T.);
#933 = FACE_BOUND('',#934,.T.);
#934 = EDGE_LOOP('',(#935,#955,#980,#998));
#935 = ORIENTED_EDGE('',*,*,#936,.T.);
#936 = EDGE_CURVE('',#856,#937,#939,.T.);
#937 = VERTEX_POINT('',#938);
#938 = CARTESIAN_POINT('',(70.000000000132,-31.82338928999,4.18E+03));
#939 = SURFACE_CURVE('',#940,(#943,#949),.PCURVE_S1.);
#940 = B_SPLINE_CURVE_WITH_KNOTS('',1,(#941,#942),.UNSPECIFIED.,.F.,.F.,
  (2,2),(0.,1.199051541764E-02),.PIECEWISE_BEZIER_KNOTS.);
#941 = CARTESIAN_POINT('',(64.004742291315,-21.43929833384,4.18E+03));
#942 = CARTESIAN_POINT('',(70.000000000132,-31.82338928999,4.18E+03));
#943 = PCURVE('',#896,#944);
#944 = DEFINITIONAL_REPRESENTATION('',(#945),#948);
#945 = B_SPLINE_CURVE_WITH_KNOTS('',1,(#946,#947),.UNSPECIFIED.,.F.,.F.,
  (2,2),(0.,1.199051541764E-02),.PIECEWISE_BEZIER_KNOTS.);
#946 = CARTESIAN_POINT('',(629.58187180486,2.212E+03));
#947 = CARTESIAN_POINT('',(617.59135638723,2.212E+03));
#948 = ( GEOMETRIC_REPRESENTATION_CONTEXT(2) 
PARAMETRIC_REPRESENTATION_CONTEXT() REPRESENTATION_CONTEXT('2D SPACE',''
  ) );
#949 = PCURVE('',#84,#950);
#950 = DEFINITIONAL_REPRESENTATION('',(#951),#954);
#951 = B_SPLINE_CURVE_WITH_KNOTS('',1,(#952,#953),.UNSPECIFIED.,.F.,.F.,
  (2,2),(0.,1.199051541764E-02),.PIECEWISE_BEZIER_KNOTS.);
#952 = CARTESIAN_POINT('',(145.21027347654,-102.64481672));
#953 = CARTESIAN_POINT('',(151.20553118536,-113.0289076762));
#954 = ( GEOMETRIC_REPRESENTATION_CONTEXT(2) 
PARAMETRIC_REPRESENTATION_CONTEXT() REPRESENTATION_CONTEXT('2D SPACE',''
  ) );
#955 = ORIENTED_EDGE('',*,*,#956,.T.);
#956 = EDGE_CURVE('',#937,#957,#959,.T.);
#957 = VERTEX_POINT('',#958);
#958 = CARTESIAN_POINT('',(70.000000000068,-31.82338929004,2.18E+03));
#959 = SURFACE_CURVE('',#960,(#963,#969),.PCURVE_S1.);
#960 = B_SPLINE_CURVE_WITH_KNOTS('',1,(#961,#962),.UNSPECIFIED.,.F.,.F.,
  (2,2),(0.,2.),.PIECEWISE_BEZIER_KNOTS.);
#961 = CARTESIAN_POINT('',(70.000000000132,-31.82338928999,4.18E+03));
#962 = CARTESIAN_POINT('',(70.000000000068,-31.82338929004,2.18E+03));
#963 = PCURVE('',#896,#964);
#964 = DEFINITIONAL_REPRESENTATION('',(#965),#968);
#965 = B_SPLINE_CURVE_WITH_KNOTS('',1,(#966,#967),.UNSPECIFIED.,.F.,.F.,
  (2,2),(0.,2.),.PIECEWISE_BEZIER_KNOTS.);
#966 = CARTESIAN_POINT('',(617.59135638723,2.212E+03));
#967 = CARTESIAN_POINT('',(617.59135638721,212.));
#968 = ( GEOMETRIC_REPRESENTATION_CONTEXT(2) 
PARAMETRIC_REPRESENTATION_CONTEXT() REPRESENTATION_CONTEXT('2D SPACE',''
  ) );
#969 = PCURVE('',#970,#975);
#970 = PLANE('',#971);
#971 = AXIS2_PLACEMENT_3D('',#972,#973,#974);
#972 = CARTESIAN_POINT('',(70.00000000013,-660.1575559354,1.968E+03));
#973 = DIRECTION('',(1.,0.,0.));
#974 = DIRECTION('',(0.,0.,1.));
#975 = DEFINITIONAL_REPRESENTATION('',(#976),#979);
#976 = B_SPLINE_CURVE_WITH_KNOTS('',1,(#977,#978),.UNSPECIFIED.,.F.,.F.,
  (2,2),(0.,2.),.PIECEWISE_BEZIER_KNOTS.);
#977 = CARTESIAN_POINT('',(2.212E+03,-628.3341666454));
#978 = CARTESIAN_POINT('',(212.,-628.3341666454));
#979 = ( GEOMETRIC_REPRESENTATION_CONTEXT(2) 
PARAMETRIC_REPRESENTATION_CONTEXT() REPRESENTATION_CONTEXT('2D SPACE',''
  ) );
#980 = ORIENTED_EDGE('',*,*,#981,.T.);
#981 = EDGE_CURVE('',#957,#883,#982,.T.);
#982 = SURFACE_CURVE('',#983,(#986,#992),.PCURVE_S1.);
#983 = B_SPLINE_CURVE_WITH_KNOTS('',1,(#984,#985),.UNSPECIFIED.,.F.,.F.,
  (2,2),(0.,1.199051541763E-02),.PIECEWISE_BEZIER_KNOTS.);
#984 = CARTESIAN_POINT('',(70.000000000068,-31.82338929004,2.18E+03));
#985 = CARTESIAN_POINT('',(64.00474229125,-21.4392983339,2.18E+03));
#986 = PCURVE('',#896,#987);
#987 = DEFINITIONAL_REPRESENTATION('',(#988),#991);
#988 = B_SPLINE_CURVE_WITH_KNOTS('',1,(#989,#990),.UNSPECIFIED.,.F.,.F.,
  (2,2),(0.,1.199051541763E-02),.PIECEWISE_BEZIER_KNOTS.);
#989 = CARTESIAN_POINT('',(617.59135638721,212.));
#990 = CARTESIAN_POINT('',(629.58187180485,211.99999999992));
#991 = ( GEOMETRIC_REPRESENTATION_CONTEXT(2) 
PARAMETRIC_REPRESENTATION_CONTEXT() REPRESENTATION_CONTEXT('2D SPACE',''
  ) );
#992 = PCURVE('',#134,#993);
#993 = DEFINITIONAL_REPRESENTATION('',(#994),#997);
#994 = B_SPLINE_CURVE_WITH_KNOTS('',1,(#995,#996),.UNSPECIFIED.,.F.,.F.,
  (2,2),(0.,1.199051541763E-02),.PIECEWISE_BEZIER_KNOTS.);
#995 = CARTESIAN_POINT('',(-151.2055311853,49.382154694496));
#996 = CARTESIAN_POINT('',(-145.2102734765,59.766245650637));
#997 = ( GEOMETRIC_REPRESENTATION_CONTEXT(2) 
PARAMETRIC_REPRESENTATION_CONTEXT() REPRESENTATION_CONTEXT('2D SPACE',''
  ) );
#998 = ORIENTED_EDGE('',*,*,#882,.F.);
#999 = ADVANCED_FACE('',(#1000),#970,.T.);
#1000 = FACE_BOUND('',#1001,.T.);
#1001 = EDGE_LOOP('',(#1002,#1022,#1047,#1065));
#1002 = ORIENTED_EDGE('',*,*,#1003,.T.);
#1003 = EDGE_CURVE('',#937,#1004,#1006,.T.);
#1004 = VERTEX_POINT('',#1005);
#1005 = CARTESIAN_POINT('',(70.000000000131,-46.6726316949,4.18E+03));
#1006 = SURFACE_CURVE('',#1007,(#1010,#1016),.PCURVE_S1.);
#1007 = B_SPLINE_CURVE_WITH_KNOTS('',1,(#1008,#1009),.UNSPECIFIED.,.F.,
  .F.,(2,2),(0.,1.484924240492E-02),.PIECEWISE_BEZIER_KNOTS.);
#1008 = CARTESIAN_POINT('',(70.000000000132,-31.82338928999,4.18E+03));
#1009 = CARTESIAN_POINT('',(70.000000000131,-46.6726316949,4.18E+03));
#1010 = PCURVE('',#970,#1011);
#1011 = DEFINITIONAL_REPRESENTATION('',(#1012),#1015);
#1012 = B_SPLINE_CURVE_WITH_KNOTS('',1,(#1013,#1014),.UNSPECIFIED.,.F.,
  .F.,(2,2),(0.,1.484924240492E-02),.PIECEWISE_BEZIER_KNOTS.);
#1013 = CARTESIAN_POINT('',(2.212E+03,-628.3341666454));
#1014 = CARTESIAN_POINT('',(2.212E+03,-613.4849242405));
#1015 = ( GEOMETRIC_REPRESENTATION_CONTEXT(2) 
PARAMETRIC_REPRESENTATION_CONTEXT() REPRESENTATION_CONTEXT('2D SPACE',''
  ) );
#1016 = PCURVE('',#84,#1017);
#1017 = DEFINITIONAL_REPRESENTATION('',(#1018),#1021);
#1018 = B_SPLINE_CURVE_WITH_KNOTS('',1,(#1019,#1020),.UNSPECIFIED.,.F.,
  .F.,(2,2),(0.,1.484924240492E-02),.PIECEWISE_BEZIER_KNOTS.);
#1019 = CARTESIAN_POINT('',(151.20553118536,-113.0289076762));
#1020 = CARTESIAN_POINT('',(151.20553118536,-127.8781500811));
#1021 = ( GEOMETRIC_REPRESENTATION_CONTEXT(2) 
PARAMETRIC_REPRESENTATION_CONTEXT() REPRESENTATION_CONTEXT('2D SPACE',''
  ) );
#1022 = ORIENTED_EDGE('',*,*,#1023,.T.);
#1023 = EDGE_CURVE('',#1004,#1024,#1026,.T.);
#1024 = VERTEX_POINT('',#1025);
#1025 = CARTESIAN_POINT('',(70.000000000068,-46.67263169495,2.18E+03));
#1026 = SURFACE_CURVE('',#1027,(#1030,#1036),.PCURVE_S1.);
#1027 = B_SPLINE_CURVE_WITH_KNOTS('',1,(#1028,#1029),.UNSPECIFIED.,.F.,
  .F.,(2,2),(0.,2.),.PIECEWISE_BEZIER_KNOTS.);
#1028 = CARTESIAN_POINT('',(70.000000000131,-46.6726316949,4.18E+03));
#1029 = CARTESIAN_POINT('',(70.000000000068,-46.67263169495,2.18E+03));
#1030 = PCURVE('',#970,#1031);
#1031 = DEFINITIONAL_REPRESENTATION('',(#1032),#1035);
#1032 = B_SPLINE_CURVE_WITH_KNOTS('',1,(#1033,#1034),.UNSPECIFIED.,.F.,
  .F.,(2,2),(0.,2.),.PIECEWISE_BEZIER_KNOTS.);
#1033 = CARTESIAN_POINT('',(2.212E+03,-613.4849242405));
#1034 = CARTESIAN_POINT('',(212.,-613.4849242404));
#1035 = ( GEOMETRIC_REPRESENTATION_CONTEXT(2) 
PARAMETRIC_REPRESENTATION_CONTEXT() REPRESENTATION_CONTEXT('2D SPACE',''
  ) );
#1036 = PCURVE('',#1037,#1042);
#1037 = PLANE('',#1038);
#1038 = AXIS2_PLACEMENT_3D('',#1039,#1040,#1041);
#1039 = CARTESIAN_POINT('',(508.59680682249,391.92417512744,4.392E+03));
#1040 = DIRECTION('',(0.707106781187,-0.707106781187,-3.611212654973E-15
    ));
#1041 = DIRECTION('',(-0.707106781187,-0.707106781187,0.));
#1042 = DEFINITIONAL_REPRESENTATION('',(#1043),#1046);
#1043 = B_SPLINE_CURVE_WITH_KNOTS('',1,(#1044,#1045),.UNSPECIFIED.,.F.,
  .F.,(2,2),(0.,2.),.PIECEWISE_BEZIER_KNOTS.);
#1044 = CARTESIAN_POINT('',(620.2695526217,212.));
#1045 = CARTESIAN_POINT('',(620.26955262178,2.212E+03));
#1046 = ( GEOMETRIC_REPRESENTATION_CONTEXT(2) 
PARAMETRIC_REPRESENTATION_CONTEXT() REPRESENTATION_CONTEXT('2D SPACE',''
  ) );
#1047 = ORIENTED_EDGE('',*,*,#1048,.T.);
#1048 = EDGE_CURVE('',#1024,#957,#1049,.T.);
#1049 = SURFACE_CURVE('',#1050,(#1053,#1059),.PCURVE_S1.);
#1050 = B_SPLINE_CURVE_WITH_KNOTS('',1,(#1051,#1052),.UNSPECIFIED.,.F.,
  .F.,(2,2),(0.,1.484924240492E-02),.PIECEWISE_BEZIER_KNOTS.);
#1051 = CARTESIAN_POINT('',(70.000000000068,-46.67263169495,2.18E+03));
#1052 = CARTESIAN_POINT('',(70.000000000068,-31.82338929004,2.18E+03));
#1053 = PCURVE('',#970,#1054);
#1054 = DEFINITIONAL_REPRESENTATION('',(#1055),#1058);
#1055 = B_SPLINE_CURVE_WITH_KNOTS('',1,(#1056,#1057),.UNSPECIFIED.,.F.,
  .F.,(2,2),(0.,1.484924240492E-02),.PIECEWISE_BEZIER_KNOTS.);
#1056 = CARTESIAN_POINT('',(212.,-613.4849242404));
#1057 = CARTESIAN_POINT('',(212.,-628.3341666454));
#1058 = ( GEOMETRIC_REPRESENTATION_CONTEXT(2) 
PARAMETRIC_REPRESENTATION_CONTEXT() REPRESENTATION_CONTEXT('2D SPACE',''
  ) );
#1059 = PCURVE('',#134,#1060);
#1060 = DEFINITIONAL_REPRESENTATION('',(#1061),#1064);
#1061 = B_SPLINE_CURVE_WITH_KNOTS('',1,(#1062,#1063),.UNSPECIFIED.,.F.,
  .F.,(2,2),(0.,1.484924240492E-02),.PIECEWISE_BEZIER_KNOTS.);
#1062 = CARTESIAN_POINT('',(-151.2055311853,34.53291228958));
#1063 = CARTESIAN_POINT('',(-151.2055311853,49.382154694496));
#1064 = ( GEOMETRIC_REPRESENTATION_CONTEXT(2) 
PARAMETRIC_REPRESENTATION_CONTEXT() REPRESENTATION_CONTEXT('2D SPACE',''
  ) );
#1065 = ORIENTED_EDGE('',*,*,#956,.F.);
#1066 = ADVANCED_FACE('',(#1067),#1037,.T.);
#1067 = FACE_BOUND('',#1068,.T.);
#1068 = EDGE_LOOP('',(#1069,#1089,#1114,#1132));
#1069 = ORIENTED_EDGE('',*,*,#1070,.T.);
#1070 = EDGE_CURVE('',#1004,#1071,#1073,.T.);
#1071 = VERTEX_POINT('',#1072);
#1072 = CARTESIAN_POINT('',(46.672618895914,-70.00001279912,4.18E+03));
#1073 = SURFACE_CURVE('',#1074,(#1077,#1083),.PCURVE_S1.);
#1074 = B_SPLINE_CURVE_WITH_KNOTS('',1,(#1075,#1076),.UNSPECIFIED.,.F.,
  .F.,(2,2),(0.,3.298989873223E-02),.PIECEWISE_BEZIER_KNOTS.);
#1075 = CARTESIAN_POINT('',(70.000000000131,-46.6726316949,4.18E+03));
#1076 = CARTESIAN_POINT('',(46.672618895914,-70.00001279912,4.18E+03));
#1077 = PCURVE('',#1037,#1078);
#1078 = DEFINITIONAL_REPRESENTATION('',(#1079),#1082);
#1079 = B_SPLINE_CURVE_WITH_KNOTS('',1,(#1080,#1081),.UNSPECIFIED.,.F.,
  .F.,(2,2),(0.,3.298989873223E-02),.PIECEWISE_BEZIER_KNOTS.);
#1080 = CARTESIAN_POINT('',(620.2695526217,212.));
#1081 = CARTESIAN_POINT('',(653.25945135393,211.99999999999));
#1082 = ( GEOMETRIC_REPRESENTATION_CONTEXT(2) 
PARAMETRIC_REPRESENTATION_CONTEXT() REPRESENTATION_CONTEXT('2D SPACE',''
  ) );
#1083 = PCURVE('',#84,#1084);
#1084 = DEFINITIONAL_REPRESENTATION('',(#1085),#1088);
#1085 = B_SPLINE_CURVE_WITH_KNOTS('',1,(#1086,#1087),.UNSPECIFIED.,.F.,
  .F.,(2,2),(0.,3.298989873223E-02),.PIECEWISE_BEZIER_KNOTS.);
#1086 = CARTESIAN_POINT('',(151.20553118536,-127.8781500811));
#1087 = CARTESIAN_POINT('',(127.87815008114,-151.2055311853));
#1088 = ( GEOMETRIC_REPRESENTATION_CONTEXT(2) 
PARAMETRIC_REPRESENTATION_CONTEXT() REPRESENTATION_CONTEXT('2D SPACE',''
  ) );
#1089 = ORIENTED_EDGE('',*,*,#1090,.T.);
#1090 = EDGE_CURVE('',#1071,#1091,#1093,.T.);
#1091 = VERTEX_POINT('',#1092);
#1092 = CARTESIAN_POINT('',(46.67261889585,-70.00001279917,2.18E+03));
#1093 = SURFACE_CURVE('',#1094,(#1097,#1103),.PCURVE_S1.);
#1094 = B_SPLINE_CURVE_WITH_KNOTS('',1,(#1095,#1096),.UNSPECIFIED.,.F.,
  .F.,(2,2),(0.,2.),.PIECEWISE_BEZIER_KNOTS.);
#1095 = CARTESIAN_POINT('',(46.672618895914,-70.00001279912,4.18E+03));
#1096 = CARTESIAN_POINT('',(46.67261889585,-70.00001279917,2.18E+03));
#1097 = PCURVE('',#1037,#1098);
#1098 = DEFINITIONAL_REPRESENTATION('',(#1099),#1102);
#1099 = B_SPLINE_CURVE_WITH_KNOTS('',1,(#1100,#1101),.UNSPECIFIED.,.F.,
  .F.,(2,2),(0.,2.),.PIECEWISE_BEZIER_KNOTS.);
#1100 = CARTESIAN_POINT('',(653.25945135393,211.99999999999));
#1101 = CARTESIAN_POINT('',(653.25945135402,2.212E+03));
#1102 = ( GEOMETRIC_REPRESENTATION_CONTEXT(2) 
PARAMETRIC_REPRESENTATION_CONTEXT() REPRESENTATION_CONTEXT('2D SPACE',''
  ) );
#1103 = PCURVE('',#1104,#1109);
#1104 = PLANE('',#1105);
#1105 = AXIS2_PLACEMENT_3D('',#1106,#1107,#1108);
#1106 = CARTESIAN_POINT('',(-581.6615477495,-70.00001279912,4.392E+03));
#1107 = DIRECTION('',(0.,-1.,0.));
#1108 = DIRECTION('',(0.,0.,-1.));
#1109 = DEFINITIONAL_REPRESENTATION('',(#1110),#1113);
#1110 = B_SPLINE_CURVE_WITH_KNOTS('',1,(#1111,#1112),.UNSPECIFIED.,.F.,
  .F.,(2,2),(0.,2.),.PIECEWISE_BEZIER_KNOTS.);
#1111 = CARTESIAN_POINT('',(211.99999999999,628.33416664548));
#1112 = CARTESIAN_POINT('',(2.212E+03,628.33416664541));
#1113 = ( GEOMETRIC_REPRESENTATION_CONTEXT(2) 
PARAMETRIC_REPRESENTATION_CONTEXT() REPRESENTATION_CONTEXT('2D SPACE',''
  ) );
#1114 = ORIENTED_EDGE('',*,*,#1115,.T.);
#1115 = EDGE_CURVE('',#1091,#1024,#1116,.T.);
#1116 = SURFACE_CURVE('',#1117,(#1120,#1126),.PCURVE_S1.);
#1117 = B_SPLINE_CURVE_WITH_KNOTS('',1,(#1118,#1119),.UNSPECIFIED.,.F.,
  .F.,(2,2),(0.,3.298989873223E-02),.PIECEWISE_BEZIER_KNOTS.);
#1118 = CARTESIAN_POINT('',(46.67261889585,-70.00001279917,2.18E+03));
#1119 = CARTESIAN_POINT('',(70.000000000068,-46.67263169495,2.18E+03));
#1120 = PCURVE('',#1037,#1121);
#1121 = DEFINITIONAL_REPRESENTATION('',(#1122),#1125);
#1122 = B_SPLINE_CURVE_WITH_KNOTS('',1,(#1123,#1124),.UNSPECIFIED.,.F.,
  .F.,(2,2),(0.,3.298989873223E-02),.PIECEWISE_BEZIER_KNOTS.);
#1123 = CARTESIAN_POINT('',(653.25945135402,2.212E+03));
#1124 = CARTESIAN_POINT('',(620.26955262178,2.212E+03));
#1125 = ( GEOMETRIC_REPRESENTATION_CONTEXT(2) 
PARAMETRIC_REPRESENTATION_CONTEXT() REPRESENTATION_CONTEXT('2D SPACE',''
  ) );
#1126 = PCURVE('',#134,#1127);
#1127 = DEFINITIONAL_REPRESENTATION('',(#1128),#1131);
#1128 = B_SPLINE_CURVE_WITH_KNOTS('',1,(#1129,#1130),.UNSPECIFIED.,.F.,
  .F.,(2,2),(0.,3.298989873223E-02),.PIECEWISE_BEZIER_KNOTS.);
#1129 = CARTESIAN_POINT('',(-127.8781500811,11.205531185361));
#1130 = CARTESIAN_POINT('',(-151.2055311853,34.53291228958));
#1131 = ( GEOMETRIC_REPRESENTATION_CONTEXT(2) 
PARAMETRIC_REPRESENTATION_CONTEXT() REPRESENTATION_CONTEXT('2D SPACE',''
  ) );
#1132 = ORIENTED_EDGE('',*,*,#1023,.F.);
#1133 = ADVANCED_FACE('',(#1134),#1104,.T.);
#1134 = FACE_BOUND('',#1135,.T.);
#1135 = EDGE_LOOP('',(#1136,#1156,#1181,#1199));
#1136 = ORIENTED_EDGE('',*,*,#1137,.T.);
#1137 = EDGE_CURVE('',#1071,#1138,#1140,.T.);
#1138 = VERTEX_POINT('',#1139);
#1139 = CARTESIAN_POINT('',(31.823376490993,-70.00001279912,4.18E+03));
#1140 = SURFACE_CURVE('',#1141,(#1144,#1150),.PCURVE_S1.);
#1141 = B_SPLINE_CURVE_WITH_KNOTS('',1,(#1142,#1143),.UNSPECIFIED.,.F.,
  .F.,(2,2),(0.,1.484924240492E-02),.PIECEWISE_BEZIER_KNOTS.);
#1142 = CARTESIAN_POINT('',(46.672618895914,-70.00001279912,4.18E+03));
#1143 = CARTESIAN_POINT('',(31.823376490993,-70.00001279912,4.18E+03));
#1144 = PCURVE('',#1104,#1145);
#1145 = DEFINITIONAL_REPRESENTATION('',(#1146),#1149);
#1146 = B_SPLINE_CURVE_WITH_KNOTS('',1,(#1147,#1148),.UNSPECIFIED.,.F.,
  .F.,(2,2),(0.,1.484924240492E-02),.PIECEWISE_BEZIER_KNOTS.);
#1147 = CARTESIAN_POINT('',(211.99999999999,628.33416664548));
#1148 = CARTESIAN_POINT('',(211.99999999999,613.48492424056));
#1149 = ( GEOMETRIC_REPRESENTATION_CONTEXT(2) 
PARAMETRIC_REPRESENTATION_CONTEXT() REPRESENTATION_CONTEXT('2D SPACE',''
  ) );
#1150 = PCURVE('',#84,#1151);
#1151 = DEFINITIONAL_REPRESENTATION('',(#1152),#1155);
#1152 = B_SPLINE_CURVE_WITH_KNOTS('',1,(#1153,#1154),.UNSPECIFIED.,.F.,
  .F.,(2,2),(0.,1.484924240492E-02),.PIECEWISE_BEZIER_KNOTS.);
#1153 = CARTESIAN_POINT('',(127.87815008114,-151.2055311853));
#1154 = CARTESIAN_POINT('',(113.02890767622,-151.2055311853));
#1155 = ( GEOMETRIC_REPRESENTATION_CONTEXT(2) 
PARAMETRIC_REPRESENTATION_CONTEXT() REPRESENTATION_CONTEXT('2D SPACE',''
  ) );
#1156 = ORIENTED_EDGE('',*,*,#1157,.T.);
#1157 = EDGE_CURVE('',#1138,#1158,#1160,.T.);
#1158 = VERTEX_POINT('',#1159);
#1159 = CARTESIAN_POINT('',(31.823376490931,-70.00001279917,2.18E+03));
#1160 = SURFACE_CURVE('',#1161,(#1164,#1170),.PCURVE_S1.);
#1161 = B_SPLINE_CURVE_WITH_KNOTS('',1,(#1162,#1163),.UNSPECIFIED.,.F.,
  .F.,(2,2),(0.,2.),.PIECEWISE_BEZIER_KNOTS.);
#1162 = CARTESIAN_POINT('',(31.823376490993,-70.00001279912,4.18E+03));
#1163 = CARTESIAN_POINT('',(31.823376490931,-70.00001279917,2.18E+03));
#1164 = PCURVE('',#1104,#1165);
#1165 = DEFINITIONAL_REPRESENTATION('',(#1166),#1169);
#1166 = B_SPLINE_CURVE_WITH_KNOTS('',1,(#1167,#1168),.UNSPECIFIED.,.F.,
  .F.,(2,2),(0.,2.),.PIECEWISE_BEZIER_KNOTS.);
#1167 = CARTESIAN_POINT('',(211.99999999999,613.48492424056));
#1168 = CARTESIAN_POINT('',(2.212E+03,613.48492424049));
#1169 = ( GEOMETRIC_REPRESENTATION_CONTEXT(2) 
PARAMETRIC_REPRESENTATION_CONTEXT() REPRESENTATION_CONTEXT('2D SPACE',''
  ) );
#1170 = PCURVE('',#1171,#1176);
#1171 = PLANE('',#1172);
#1172 = AXIS2_PLACEMENT_3D('',#1173,#1174,#1175);
#1173 = CARTESIAN_POINT('',(564.54708583587,-382.4941472948,4.392E+03));
#1174 = DIRECTION('',(-0.505969911745,-0.862551127997,3.855341322015E-14
    ));
#1175 = DIRECTION('',(-0.862551127997,0.505969911745,0.));
#1176 = DEFINITIONAL_REPRESENTATION('',(#1177),#1180);
#1177 = B_SPLINE_CURVE_WITH_KNOTS('',1,(#1178,#1179),.UNSPECIFIED.,.F.,
  .F.,(2,2),(0.,2.),.PIECEWISE_BEZIER_KNOTS.);
#1178 = CARTESIAN_POINT('',(617.61406605778,211.99999999999));
#1179 = CARTESIAN_POINT('',(617.61406605781,2.212E+03));
#1180 = ( GEOMETRIC_REPRESENTATION_CONTEXT(2) 
PARAMETRIC_REPRESENTATION_CONTEXT() REPRESENTATION_CONTEXT('2D SPACE',''
  ) );
#1181 = ORIENTED_EDGE('',*,*,#1182,.T.);
#1182 = EDGE_CURVE('',#1158,#1091,#1183,.T.);
#1183 = SURFACE_CURVE('',#1184,(#1187,#1193),.PCURVE_S1.);
#1184 = B_SPLINE_CURVE_WITH_KNOTS('',1,(#1185,#1186),.UNSPECIFIED.,.F.,
  .F.,(2,2),(0.,1.484924240492E-02),.PIECEWISE_BEZIER_KNOTS.);
#1185 = CARTESIAN_POINT('',(31.823376490931,-70.00001279917,2.18E+03));
#1186 = CARTESIAN_POINT('',(46.67261889585,-70.00001279917,2.18E+03));
#1187 = PCURVE('',#1104,#1188);
#1188 = DEFINITIONAL_REPRESENTATION('',(#1189),#1192);
#1189 = B_SPLINE_CURVE_WITH_KNOTS('',1,(#1190,#1191),.UNSPECIFIED.,.F.,
  .F.,(2,2),(0.,1.484924240492E-02),.PIECEWISE_BEZIER_KNOTS.);
#1190 = CARTESIAN_POINT('',(2.212E+03,613.48492424049));
#1191 = CARTESIAN_POINT('',(2.212E+03,628.33416664541));
#1192 = ( GEOMETRIC_REPRESENTATION_CONTEXT(2) 
PARAMETRIC_REPRESENTATION_CONTEXT() REPRESENTATION_CONTEXT('2D SPACE',''
  ) );
#1193 = PCURVE('',#134,#1194);
#1194 = DEFINITIONAL_REPRESENTATION('',(#1195),#1198);
#1195 = B_SPLINE_CURVE_WITH_KNOTS('',1,(#1196,#1197),.UNSPECIFIED.,.F.,
  .F.,(2,2),(0.,1.484924240492E-02),.PIECEWISE_BEZIER_KNOTS.);
#1196 = CARTESIAN_POINT('',(-113.0289076762,11.20553118536));
#1197 = CARTESIAN_POINT('',(-127.8781500811,11.205531185361));
#1198 = ( GEOMETRIC_REPRESENTATION_CONTEXT(2) 
PARAMETRIC_REPRESENTATION_CONTEXT() REPRESENTATION_CONTEXT('2D SPACE',''
  ) );
#1199 = ORIENTED_EDGE('',*,*,#1090,.F.);
#1200 = ADVANCED_FACE('',(#1201),#1171,.T.);
#1201 = FACE_BOUND('',#1202,.T.);
#1202 = EDGE_LOOP('',(#1203,#1223,#1248,#1266));
#1203 = ORIENTED_EDGE('',*,*,#1204,.T.);
#1204 = EDGE_CURVE('',#1138,#1205,#1207,.T.);
#1205 = VERTEX_POINT('',#1206);
#1206 = CARTESIAN_POINT('',(21.543375005763,-63.96979467594,4.18E+03));
#1207 = SURFACE_CURVE('',#1208,(#1211,#1217),.PCURVE_S1.);
#1208 = B_SPLINE_CURVE_WITH_KNOTS('',1,(#1209,#1210),.UNSPECIFIED.,.F.,
  .F.,(2,2),(0.,1.191813580849E-02),.PIECEWISE_BEZIER_KNOTS.);
#1209 = CARTESIAN_POINT('',(31.823376490993,-70.00001279912,4.18E+03));
#1210 = CARTESIAN_POINT('',(21.543375005763,-63.96979467594,4.18E+03));
#1211 = PCURVE('',#1171,#1212);
#1212 = DEFINITIONAL_REPRESENTATION('',(#1213),#1216);
#1213 = B_SPLINE_CURVE_WITH_KNOTS('',1,(#1214,#1215),.UNSPECIFIED.,.F.,
  .F.,(2,2),(0.,1.191813580849E-02),.PIECEWISE_BEZIER_KNOTS.);
#1214 = CARTESIAN_POINT('',(617.61406605778,211.99999999999));
#1215 = CARTESIAN_POINT('',(629.53220186627,211.99999999999));
#1216 = ( GEOMETRIC_REPRESENTATION_CONTEXT(2) 
PARAMETRIC_REPRESENTATION_CONTEXT() REPRESENTATION_CONTEXT('2D SPACE',''
  ) );
#1217 = PCURVE('',#84,#1218);
#1218 = DEFINITIONAL_REPRESENTATION('',(#1219),#1222);
#1219 = B_SPLINE_CURVE_WITH_KNOTS('',1,(#1220,#1221),.UNSPECIFIED.,.F.,
  .F.,(2,2),(0.,1.191813580849E-02),.PIECEWISE_BEZIER_KNOTS.);
#1220 = CARTESIAN_POINT('',(113.02890767622,-151.2055311853));
#1221 = CARTESIAN_POINT('',(102.74890619099,-145.1753130621));
#1222 = ( GEOMETRIC_REPRESENTATION_CONTEXT(2) 
PARAMETRIC_REPRESENTATION_CONTEXT() REPRESENTATION_CONTEXT('2D SPACE',''
  ) );
#1223 = ORIENTED_EDGE('',*,*,#1224,.T.);
#1224 = EDGE_CURVE('',#1205,#1225,#1227,.T.);
#1225 = VERTEX_POINT('',#1226);
#1226 = CARTESIAN_POINT('',(21.5433750057,-63.96979467599,2.18E+03));
#1227 = SURFACE_CURVE('',#1228,(#1231,#1237),.PCURVE_S1.);
#1228 = B_SPLINE_CURVE_WITH_KNOTS('',1,(#1229,#1230),.UNSPECIFIED.,.F.,
  .F.,(2,2),(0.,2.),.PIECEWISE_BEZIER_KNOTS.);
#1229 = CARTESIAN_POINT('',(21.543375005763,-63.96979467594,4.18E+03));
#1230 = CARTESIAN_POINT('',(21.5433750057,-63.96979467599,2.18E+03));
#1231 = PCURVE('',#1171,#1232);
#1232 = DEFINITIONAL_REPRESENTATION('',(#1233),#1236);
#1233 = B_SPLINE_CURVE_WITH_KNOTS('',1,(#1234,#1235),.UNSPECIFIED.,.F.,
  .F.,(2,2),(0.,2.),.PIECEWISE_BEZIER_KNOTS.);
#1234 = CARTESIAN_POINT('',(629.53220186627,211.99999999999));
#1235 = CARTESIAN_POINT('',(629.5322018663,2.212E+03));
#1236 = ( GEOMETRIC_REPRESENTATION_CONTEXT(2) 
PARAMETRIC_REPRESENTATION_CONTEXT() REPRESENTATION_CONTEXT('2D SPACE',''
  ) );
#1237 = PCURVE('',#1238,#1243);
#1238 = CYLINDRICAL_SURFACE('',#1239,67.500000000001);
#1239 = AXIS2_PLACEMENT_3D('',#1240,#1241,#1242);
#1240 = CARTESIAN_POINT('',(9.858708678737E-11,-1.279915506914E-05,
    3.18E+03));
#1241 = DIRECTION('',(3.289549702593E-14,3.289549702593E-14,1.));
#1242 = DIRECTION('',(1.,0.,-3.289549702593E-14));
#1243 = DEFINITIONAL_REPRESENTATION('',(#1244),#1247);
#1244 = B_SPLINE_CURVE_WITH_KNOTS('',1,(#1245,#1246),.UNSPECIFIED.,.F.,
  .F.,(2,2),(0.,2.),.PIECEWISE_BEZIER_KNOTS.);
#1245 = CARTESIAN_POINT('',(5.037233152101,999.99999999999));
#1246 = CARTESIAN_POINT('',(5.037233152101,-1.E+03));
#1247 = ( GEOMETRIC_REPRESENTATION_CONTEXT(2) 
PARAMETRIC_REPRESENTATION_CONTEXT() REPRESENTATION_CONTEXT('2D SPACE',''
  ) );
#1248 = ORIENTED_EDGE('',*,*,#1249,.T.);
#1249 = EDGE_CURVE('',#1225,#1158,#1250,.T.);
#1250 = SURFACE_CURVE('',#1251,(#1254,#1260),.PCURVE_S1.);
#1251 = B_SPLINE_CURVE_WITH_KNOTS('',1,(#1252,#1253),.UNSPECIFIED.,.F.,
  .F.,(2,2),(0.,1.191813580849E-02),.PIECEWISE_BEZIER_KNOTS.);
#1252 = CARTESIAN_POINT('',(21.5433750057,-63.96979467599,2.18E+03));
#1253 = CARTESIAN_POINT('',(31.823376490931,-70.00001279917,2.18E+03));
#1254 = PCURVE('',#1171,#1255);
#1255 = DEFINITIONAL_REPRESENTATION('',(#1256),#1259);
#1256 = B_SPLINE_CURVE_WITH_KNOTS('',1,(#1257,#1258),.UNSPECIFIED.,.F.,
  .F.,(2,2),(0.,1.191813580849E-02),.PIECEWISE_BEZIER_KNOTS.);
#1257 = CARTESIAN_POINT('',(629.5322018663,2.212E+03));
#1258 = CARTESIAN_POINT('',(617.61406605781,2.212E+03));
#1259 = ( GEOMETRIC_REPRESENTATION_CONTEXT(2) 
PARAMETRIC_REPRESENTATION_CONTEXT() REPRESENTATION_CONTEXT('2D SPACE',''
  ) );
#1260 = PCURVE('',#134,#1261);
#1261 = DEFINITIONAL_REPRESENTATION('',(#1262),#1265);
#1262 = B_SPLINE_CURVE_WITH_KNOTS('',1,(#1263,#1264),.UNSPECIFIED.,.F.,
  .F.,(2,2),(0.,1.191813580849E-02),.PIECEWISE_BEZIER_KNOTS.);
#1263 = CARTESIAN_POINT('',(-102.7489061909,17.235749308548));
#1264 = CARTESIAN_POINT('',(-113.0289076762,11.20553118536));
#1265 = ( GEOMETRIC_REPRESENTATION_CONTEXT(2) 
PARAMETRIC_REPRESENTATION_CONTEXT() REPRESENTATION_CONTEXT('2D SPACE',''
  ) );
#1266 = ORIENTED_EDGE('',*,*,#1157,.F.);
#1267 = ADVANCED_FACE('',(#1268),#1238,.T.);
#1268 = FACE_BOUND('',#1269,.T.);
#1269 = EDGE_LOOP('',(#1270,#1297,#1322,#1347));
#1270 = ORIENTED_EDGE('',*,*,#1271,.T.);
#1271 = EDGE_CURVE('',#1205,#1272,#1274,.T.);
#1272 = VERTEX_POINT('',#1273);
#1273 = CARTESIAN_POINT('',(-21.43928553458,-64.00475509031,4.18E+03));
#1274 = SURFACE_CURVE('',#1275,(#1280,#1286),.PCURVE_S1.);
#1275 = CIRCLE('',#1276,67.500000000013);
#1276 = AXIS2_PLACEMENT_3D('',#1277,#1278,#1279);
#1277 = CARTESIAN_POINT('',(1.28986219021E-10,-1.279911788046E-05,
    4.18E+03));
#1278 = DIRECTION('',(8.429976714903E-14,-2.022704749436E-12,-1.));
#1279 = DIRECTION('',(0.319161111195,-0.947700472249,1.943823453617E-12)
  );
#1280 = PCURVE('',#1238,#1281);
#1281 = DEFINITIONAL_REPRESENTATION('',(#1282),#1285);
#1282 = B_SPLINE_CURVE_WITH_KNOTS('',1,(#1283,#1284),.UNSPECIFIED.,.F.,
  .F.,(2,2),(-0.,0.648061622042),.PIECEWISE_BEZIER_KNOTS.);
#1283 = CARTESIAN_POINT('',(5.037233152101,999.99999999999));
#1284 = CARTESIAN_POINT('',(4.389171530059,999.99999999999));
#1285 = ( GEOMETRIC_REPRESENTATION_CONTEXT(2) 
PARAMETRIC_REPRESENTATION_CONTEXT() REPRESENTATION_CONTEXT('2D SPACE',''
  ) );
#1286 = PCURVE('',#84,#1287);
#1287 = DEFINITIONAL_REPRESENTATION('',(#1288),#1296);
#1288 = ( BOUNDED_CURVE() B_SPLINE_CURVE(2,(#1289,#1290,#1291,#1292,
#1293,#1294,#1295),.UNSPECIFIED.,.T.,.F.) B_SPLINE_CURVE_WITH_KNOTS((1,2
    ,2,2,2,1),(-2.094395102393,0.,2.094395102393,4.188790204786,
6.28318530718,8.377580409573),.UNSPECIFIED.) CURVE() 
GEOMETRIC_REPRESENTATION_ITEM() RATIONAL_B_SPLINE_CURVE((1.,0.5,1.,0.5,
1.,0.5,1.)) REPRESENTATION_ITEM('') );
#1289 = CARTESIAN_POINT('',(102.74890619099,-145.1753130621));
#1290 = CARTESIAN_POINT('',(-8.050006168765,-182.4895331384));
#1291 = CARTESIAN_POINT('',(15.034387502663,-67.87775028507));
#1292 = CARTESIAN_POINT('',(38.11878117409,46.734032568299));
#1293 = CARTESIAN_POINT('',(125.83329986241,-30.5635302088));
#1294 = CARTESIAN_POINT('',(213.54781855074,-107.8610929859));
#1295 = CARTESIAN_POINT('',(102.74890619099,-145.1753130621));
#1296 = ( GEOMETRIC_REPRESENTATION_CONTEXT(2) 
PARAMETRIC_REPRESENTATION_CONTEXT() REPRESENTATION_CONTEXT('2D SPACE',''
  ) );
#1297 = ORIENTED_EDGE('',*,*,#1298,.T.);
#1298 = EDGE_CURVE('',#1272,#1299,#1301,.T.);
#1299 = VERTEX_POINT('',#1300);
#1300 = CARTESIAN_POINT('',(-21.43928553465,-64.00475509036,2.18E+03));
#1301 = SURFACE_CURVE('',#1302,(#1305,#1311),.PCURVE_S1.);
#1302 = B_SPLINE_CURVE_WITH_KNOTS('',1,(#1303,#1304),.UNSPECIFIED.,.F.,
  .F.,(2,2),(0.,2.),.PIECEWISE_BEZIER_KNOTS.);
#1303 = CARTESIAN_POINT('',(-21.43928553458,-64.00475509031,4.18E+03));
#1304 = CARTESIAN_POINT('',(-21.43928553465,-64.00475509036,2.18E+03));
#1305 = PCURVE('',#1238,#1306);
#1306 = DEFINITIONAL_REPRESENTATION('',(#1307),#1310);
#1307 = B_SPLINE_CURVE_WITH_KNOTS('',1,(#1308,#1309),.UNSPECIFIED.,.F.,
  .F.,(2,2),(0.,2.),.PIECEWISE_BEZIER_KNOTS.);
#1308 = CARTESIAN_POINT('',(4.389171530059,999.99999999999));
#1309 = CARTESIAN_POINT('',(4.389171530059,-1.E+03));
#1310 = ( GEOMETRIC_REPRESENTATION_CONTEXT(2) 
PARAMETRIC_REPRESENTATION_CONTEXT() REPRESENTATION_CONTEXT('2D SPACE',''
  ) );
#1311 = PCURVE('',#1312,#1317);
#1312 = PLANE('',#1313);
#1313 = AXIS2_PLACEMENT_3D('',#1314,#1315,#1316);
#1314 = CARTESIAN_POINT('',(513.41051825441,244.79092310325,4.392E+03));
#1315 = DIRECTION('',(0.5,-0.866025403784,6.744087516178E-15));
#1316 = DIRECTION('',(-0.866025403784,-0.5,0.));
#1317 = DEFINITIONAL_REPRESENTATION('',(#1318),#1321);
#1318 = B_SPLINE_CURVE_WITH_KNOTS('',1,(#1319,#1320),.UNSPECIFIED.,.F.,
  .F.,(2,2),(0.,2.),.PIECEWISE_BEZIER_KNOTS.);
#1319 = CARTESIAN_POINT('',(617.59135638718,211.99999999999));
#1320 = CARTESIAN_POINT('',(617.59135638726,2.212E+03));
#1321 = ( GEOMETRIC_REPRESENTATION_CONTEXT(2) 
PARAMETRIC_REPRESENTATION_CONTEXT() REPRESENTATION_CONTEXT('2D SPACE',''
  ) );
#1322 = ORIENTED_EDGE('',*,*,#1323,.T.);
#1323 = EDGE_CURVE('',#1299,#1225,#1324,.T.);
#1324 = SURFACE_CURVE('',#1325,(#1330,#1336),.PCURVE_S1.);
#1325 = CIRCLE('',#1326,67.50000000003);
#1326 = AXIS2_PLACEMENT_3D('',#1327,#1328,#1329);
#1327 = CARTESIAN_POINT('',(6.417737850552E-11,-1.279915033002E-05,
    2.18E+03));
#1328 = DIRECTION('',(4.113108962237E-16,-5.05692994348E-13,1.));
#1329 = DIRECTION('',(-0.317619044959,-0.948218404314,
    -4.793767639993E-13));
#1330 = PCURVE('',#1238,#1331);
#1331 = DEFINITIONAL_REPRESENTATION('',(#1332),#1335);
#1332 = B_SPLINE_CURVE_WITH_KNOTS('',1,(#1333,#1334),.UNSPECIFIED.,.F.,
  .F.,(2,2),(0.,0.648061622042),.PIECEWISE_BEZIER_KNOTS.);
#1333 = CARTESIAN_POINT('',(4.389171530059,-1.E+03));
#1334 = CARTESIAN_POINT('',(5.037233152101,-1.E+03));
#1335 = ( GEOMETRIC_REPRESENTATION_CONTEXT(2) 
PARAMETRIC_REPRESENTATION_CONTEXT() REPRESENTATION_CONTEXT('2D SPACE',''
  ) );
#1336 = PCURVE('',#134,#1337);
#1337 = DEFINITIONAL_REPRESENTATION('',(#1338),#1346);
#1338 = ( BOUNDED_CURVE() B_SPLINE_CURVE(2,(#1339,#1340,#1341,#1342,
#1343,#1344,#1345),.UNSPECIFIED.,.T.,.F.) B_SPLINE_CURVE_WITH_KNOTS((1,2
    ,2,2,2,1),(-2.094395102393,0.,2.094395102393,4.188790204786,
6.28318530718,8.377580409573),.UNSPECIFIED.) CURVE() 
GEOMETRIC_REPRESENTATION_ITEM() RATIONAL_B_SPLINE_CURVE((1.,0.5,1.,0.5,
1.,0.5,1.)) REPRESENTATION_ITEM('') );
#1339 = CARTESIAN_POINT('',(-59.76624565063,17.200788894173));
#1340 = CARTESIAN_POINT('',(-170.6257112243,-19.93314292993));
#1341 = CARTESIAN_POINT('',(-147.3549067395,94.640936418944));
#1342 = CARTESIAN_POINT('',(-124.0841022547,209.21501576782));
#1343 = CARTESIAN_POINT('',(-36.49544116584,131.77486824304));
#1344 = CARTESIAN_POINT('',(51.0932199231,54.334720718278));
#1345 = CARTESIAN_POINT('',(-59.76624565063,17.200788894173));
#1346 = ( GEOMETRIC_REPRESENTATION_CONTEXT(2) 
PARAMETRIC_REPRESENTATION_CONTEXT() REPRESENTATION_CONTEXT('2D SPACE',''
  ) );
#1347 = ORIENTED_EDGE('',*,*,#1224,.F.);
#1348 = ADVANCED_FACE('',(#1349),#1312,.T.);
#1349 = FACE_BOUND('',#1350,.T.);
#1350 = EDGE_LOOP('',(#1351,#1371,#1396,#1414));
#1351 = ORIENTED_EDGE('',*,*,#1352,.T.);
#1352 = EDGE_CURVE('',#1272,#1353,#1355,.T.);
#1353 = VERTEX_POINT('',#1354);
#1354 = CARTESIAN_POINT('',(-31.82337649073,-70.00001279913,4.18E+03));
#1355 = SURFACE_CURVE('',#1356,(#1359,#1365),.PCURVE_S1.);
#1356 = B_SPLINE_CURVE_WITH_KNOTS('',1,(#1357,#1358),.UNSPECIFIED.,.F.,
  .F.,(2,2),(0.,1.199051541764E-02),.PIECEWISE_BEZIER_KNOTS.);
#1357 = CARTESIAN_POINT('',(-21.43928553458,-64.00475509031,4.18E+03));
#1358 = CARTESIAN_POINT('',(-31.82337649073,-70.00001279913,4.18E+03));
#1359 = PCURVE('',#1312,#1360);
#1360 = DEFINITIONAL_REPRESENTATION('',(#1361),#1364);
#1361 = B_SPLINE_CURVE_WITH_KNOTS('',1,(#1362,#1363),.UNSPECIFIED.,.F.,
  .F.,(2,2),(0.,1.199051541764E-02),.PIECEWISE_BEZIER_KNOTS.);
#1362 = CARTESIAN_POINT('',(617.59135638718,211.99999999999));
#1363 = CARTESIAN_POINT('',(629.58187180482,211.99999999999));
#1364 = ( GEOMETRIC_REPRESENTATION_CONTEXT(2) 
PARAMETRIC_REPRESENTATION_CONTEXT() REPRESENTATION_CONTEXT('2D SPACE',''
  ) );
#1365 = PCURVE('',#84,#1366);
#1366 = DEFINITIONAL_REPRESENTATION('',(#1367),#1370);
#1367 = B_SPLINE_CURVE_WITH_KNOTS('',1,(#1368,#1369),.UNSPECIFIED.,.F.,
  .F.,(2,2),(0.,1.199051541764E-02),.PIECEWISE_BEZIER_KNOTS.);
#1368 = CARTESIAN_POINT('',(59.766245650641,-145.2102734765));
#1369 = CARTESIAN_POINT('',(49.382154694498,-151.2055311853));
#1370 = ( GEOMETRIC_REPRESENTATION_CONTEXT(2) 
PARAMETRIC_REPRESENTATION_CONTEXT() REPRESENTATION_CONTEXT('2D SPACE',''
  ) );
#1371 = ORIENTED_EDGE('',*,*,#1372,.T.);
#1372 = EDGE_CURVE('',#1353,#1373,#1375,.T.);
#1373 = VERTEX_POINT('',#1374);
#1374 = CARTESIAN_POINT('',(-31.82337649079,-70.00001279918,2.18E+03));
#1375 = SURFACE_CURVE('',#1376,(#1379,#1385),.PCURVE_S1.);
#1376 = B_SPLINE_CURVE_WITH_KNOTS('',1,(#1377,#1378),.UNSPECIFIED.,.F.,
  .F.,(2,2),(0.,2.),.PIECEWISE_BEZIER_KNOTS.);
#1377 = CARTESIAN_POINT('',(-31.82337649073,-70.00001279913,4.18E+03));
#1378 = CARTESIAN_POINT('',(-31.82337649079,-70.00001279918,2.18E+03));
#1379 = PCURVE('',#1312,#1380);
#1380 = DEFINITIONAL_REPRESENTATION('',(#1381),#1384);
#1381 = B_SPLINE_CURVE_WITH_KNOTS('',1,(#1382,#1383),.UNSPECIFIED.,.F.,
  .F.,(2,2),(0.,2.),.PIECEWISE_BEZIER_KNOTS.);
#1382 = CARTESIAN_POINT('',(629.58187180482,211.99999999999));
#1383 = CARTESIAN_POINT('',(629.58187180489,2.212E+03));
#1384 = ( GEOMETRIC_REPRESENTATION_CONTEXT(2) 
PARAMETRIC_REPRESENTATION_CONTEXT() REPRESENTATION_CONTEXT('2D SPACE',''
  ) );
#1385 = PCURVE('',#1386,#1391);
#1386 = PLANE('',#1387);
#1387 = AXIS2_PLACEMENT_3D('',#1388,#1389,#1390);
#1388 = CARTESIAN_POINT('',(-660.1575431362,-70.00001279913,4.392E+03));
#1389 = DIRECTION('',(0.,-1.,0.));
#1390 = DIRECTION('',(0.,0.,-1.));
#1391 = DEFINITIONAL_REPRESENTATION('',(#1392),#1395);
#1392 = B_SPLINE_CURVE_WITH_KNOTS('',1,(#1393,#1394),.UNSPECIFIED.,.F.,
  .F.,(2,2),(0.,2.),.PIECEWISE_BEZIER_KNOTS.);
#1393 = CARTESIAN_POINT('',(211.99999999999,628.33416664547));
#1394 = CARTESIAN_POINT('',(2.212E+03,628.33416664541));
#1395 = ( GEOMETRIC_REPRESENTATION_CONTEXT(2) 
PARAMETRIC_REPRESENTATION_CONTEXT() REPRESENTATION_CONTEXT('2D SPACE',''
  ) );
#1396 = ORIENTED_EDGE('',*,*,#1397,.T.);
#1397 = EDGE_CURVE('',#1373,#1299,#1398,.T.);
#1398 = SURFACE_CURVE('',#1399,(#1402,#1408),.PCURVE_S1.);
#1399 = B_SPLINE_CURVE_WITH_KNOTS('',1,(#1400,#1401),.UNSPECIFIED.,.F.,
  .F.,(2,2),(0.,1.199051541763E-02),.PIECEWISE_BEZIER_KNOTS.);
#1400 = CARTESIAN_POINT('',(-31.82337649079,-70.00001279918,2.18E+03));
#1401 = CARTESIAN_POINT('',(-21.43928553465,-64.00475509036,2.18E+03));
#1402 = PCURVE('',#1312,#1403);
#1403 = DEFINITIONAL_REPRESENTATION('',(#1404),#1407);
#1404 = B_SPLINE_CURVE_WITH_KNOTS('',1,(#1405,#1406),.UNSPECIFIED.,.F.,
  .F.,(2,2),(0.,1.199051541763E-02),.PIECEWISE_BEZIER_KNOTS.);
#1405 = CARTESIAN_POINT('',(629.58187180489,2.212E+03));
#1406 = CARTESIAN_POINT('',(617.59135638726,2.212E+03));
#1407 = ( GEOMETRIC_REPRESENTATION_CONTEXT(2) 
PARAMETRIC_REPRESENTATION_CONTEXT() REPRESENTATION_CONTEXT('2D SPACE',''
  ) );
#1408 = PCURVE('',#134,#1409);
#1409 = DEFINITIONAL_REPRESENTATION('',(#1410),#1413);
#1410 = B_SPLINE_CURVE_WITH_KNOTS('',1,(#1411,#1412),.UNSPECIFIED.,.F.,
  .F.,(2,2),(0.,1.199051541763E-02),.PIECEWISE_BEZIER_KNOTS.);
#1411 = CARTESIAN_POINT('',(-49.38215469449,11.205531185357));
#1412 = CARTESIAN_POINT('',(-59.76624565063,17.200788894173));
#1413 = ( GEOMETRIC_REPRESENTATION_CONTEXT(2) 
PARAMETRIC_REPRESENTATION_CONTEXT() REPRESENTATION_CONTEXT('2D SPACE',''
  ) );
#1414 = ORIENTED_EDGE('',*,*,#1298,.F.);
#1415 = ADVANCED_FACE('',(#1416),#1386,.T.);
#1416 = FACE_BOUND('',#1417,.T.);
#1417 = EDGE_LOOP('',(#1418,#1438,#1463,#1481));
#1418 = ORIENTED_EDGE('',*,*,#1419,.T.);
#1419 = EDGE_CURVE('',#1353,#1420,#1422,.T.);
#1420 = VERTEX_POINT('',#1421);
#1421 = CARTESIAN_POINT('',(-46.67261889564,-70.00001279913,4.18E+03));
#1422 = SURFACE_CURVE('',#1423,(#1426,#1432),.PCURVE_S1.);
#1423 = B_SPLINE_CURVE_WITH_KNOTS('',1,(#1424,#1425),.UNSPECIFIED.,.F.,
  .F.,(2,2),(0.,1.484924240492E-02),.PIECEWISE_BEZIER_KNOTS.);
#1424 = CARTESIAN_POINT('',(-31.82337649073,-70.00001279913,4.18E+03));
#1425 = CARTESIAN_POINT('',(-46.67261889564,-70.00001279913,4.18E+03));
#1426 = PCURVE('',#1386,#1427);
#1427 = DEFINITIONAL_REPRESENTATION('',(#1428),#1431);
#1428 = B_SPLINE_CURVE_WITH_KNOTS('',1,(#1429,#1430),.UNSPECIFIED.,.F.,
  .F.,(2,2),(0.,1.484924240492E-02),.PIECEWISE_BEZIER_KNOTS.);
#1429 = CARTESIAN_POINT('',(211.99999999999,628.33416664547));
#1430 = CARTESIAN_POINT('',(211.99999999999,613.48492424055));
#1431 = ( GEOMETRIC_REPRESENTATION_CONTEXT(2) 
PARAMETRIC_REPRESENTATION_CONTEXT() REPRESENTATION_CONTEXT('2D SPACE',''
  ) );
#1432 = PCURVE('',#84,#1433);
#1433 = DEFINITIONAL_REPRESENTATION('',(#1434),#1437);
#1434 = B_SPLINE_CURVE_WITH_KNOTS('',1,(#1435,#1436),.UNSPECIFIED.,.F.,
  .F.,(2,2),(0.,1.484924240492E-02),.PIECEWISE_BEZIER_KNOTS.);
#1435 = CARTESIAN_POINT('',(49.382154694498,-151.2055311853));
#1436 = CARTESIAN_POINT('',(34.532912289579,-151.2055311853));
#1437 = ( GEOMETRIC_REPRESENTATION_CONTEXT(2) 
PARAMETRIC_REPRESENTATION_CONTEXT() REPRESENTATION_CONTEXT('2D SPACE',''
  ) );
#1438 = ORIENTED_EDGE('',*,*,#1439,.T.);
#1439 = EDGE_CURVE('',#1420,#1440,#1442,.T.);
#1440 = VERTEX_POINT('',#1441);
#1441 = CARTESIAN_POINT('',(-46.67261889571,-70.00001279918,2.18E+03));
#1442 = SURFACE_CURVE('',#1443,(#1446,#1452),.PCURVE_S1.);
#1443 = B_SPLINE_CURVE_WITH_KNOTS('',1,(#1444,#1445),.UNSPECIFIED.,.F.,
  .F.,(2,2),(0.,2.),.PIECEWISE_BEZIER_KNOTS.);
#1444 = CARTESIAN_POINT('',(-46.67261889564,-70.00001279913,4.18E+03));
#1445 = CARTESIAN_POINT('',(-46.67261889571,-70.00001279918,2.18E+03));
#1446 = PCURVE('',#1386,#1447);
#1447 = DEFINITIONAL_REPRESENTATION('',(#1448),#1451);
#1448 = B_SPLINE_CURVE_WITH_KNOTS('',1,(#1449,#1450),.UNSPECIFIED.,.F.,
  .F.,(2,2),(0.,2.),.PIECEWISE_BEZIER_KNOTS.);
#1449 = CARTESIAN_POINT('',(211.99999999999,613.48492424055));
#1450 = CARTESIAN_POINT('',(2.212E+03,613.48492424049));
#1451 = ( GEOMETRIC_REPRESENTATION_CONTEXT(2) 
PARAMETRIC_REPRESENTATION_CONTEXT() REPRESENTATION_CONTEXT('2D SPACE',''
  ) );
#1452 = PCURVE('',#1453,#1458);
#1453 = PLANE('',#1454);
#1454 = AXIS2_PLACEMENT_3D('',#1455,#1456,#1457);
#1455 = CARTESIAN_POINT('',(391.92418792676,-508.5968196214,4.392E+03));
#1456 = DIRECTION('',(-0.707106781187,-0.707106781187,4.017474078657E-14
    ));
#1457 = DIRECTION('',(-0.707106781187,0.707106781187,0.));
#1458 = DEFINITIONAL_REPRESENTATION('',(#1459),#1462);
#1459 = B_SPLINE_CURVE_WITH_KNOTS('',1,(#1460,#1461),.UNSPECIFIED.,.F.,
  .F.,(2,2),(0.,2.),.PIECEWISE_BEZIER_KNOTS.);
#1460 = CARTESIAN_POINT('',(620.26955262174,211.99999999999));
#1461 = CARTESIAN_POINT('',(620.26955262175,2.212E+03));
#1462 = ( GEOMETRIC_REPRESENTATION_CONTEXT(2) 
PARAMETRIC_REPRESENTATION_CONTEXT() REPRESENTATION_CONTEXT('2D SPACE',''
  ) );
#1463 = ORIENTED_EDGE('',*,*,#1464,.T.);
#1464 = EDGE_CURVE('',#1440,#1373,#1465,.T.);
#1465 = SURFACE_CURVE('',#1466,(#1469,#1475),.PCURVE_S1.);
#1466 = B_SPLINE_CURVE_WITH_KNOTS('',1,(#1467,#1468),.UNSPECIFIED.,.F.,
  .F.,(2,2),(0.,1.484924240492E-02),.PIECEWISE_BEZIER_KNOTS.);
#1467 = CARTESIAN_POINT('',(-46.67261889571,-70.00001279918,2.18E+03));
#1468 = CARTESIAN_POINT('',(-31.82337649079,-70.00001279918,2.18E+03));
#1469 = PCURVE('',#1386,#1470);
#1470 = DEFINITIONAL_REPRESENTATION('',(#1471),#1474);
#1471 = B_SPLINE_CURVE_WITH_KNOTS('',1,(#1472,#1473),.UNSPECIFIED.,.F.,
  .F.,(2,2),(0.,1.484924240492E-02),.PIECEWISE_BEZIER_KNOTS.);
#1472 = CARTESIAN_POINT('',(2.212E+03,613.48492424049));
#1473 = CARTESIAN_POINT('',(2.212E+03,628.33416664541));
#1474 = ( GEOMETRIC_REPRESENTATION_CONTEXT(2) 
PARAMETRIC_REPRESENTATION_CONTEXT() REPRESENTATION_CONTEXT('2D SPACE',''
  ) );
#1475 = PCURVE('',#134,#1476);
#1476 = DEFINITIONAL_REPRESENTATION('',(#1477),#1480);
#1477 = B_SPLINE_CURVE_WITH_KNOTS('',1,(#1478,#1479),.UNSPECIFIED.,.F.,
  .F.,(2,2),(0.,1.484924240492E-02),.PIECEWISE_BEZIER_KNOTS.);
#1478 = CARTESIAN_POINT('',(-34.53291228957,11.205531185355));
#1479 = CARTESIAN_POINT('',(-49.38215469449,11.205531185357));
#1480 = ( GEOMETRIC_REPRESENTATION_CONTEXT(2) 
PARAMETRIC_REPRESENTATION_CONTEXT() REPRESENTATION_CONTEXT('2D SPACE',''
  ) );
#1481 = ORIENTED_EDGE('',*,*,#1372,.F.);
#1482 = ADVANCED_FACE('',(#1483),#1453,.T.);
#1483 = FACE_BOUND('',#1484,.T.);
#1484 = EDGE_LOOP('',(#1485,#1505,#1530,#1548));
#1485 = ORIENTED_EDGE('',*,*,#1486,.T.);
#1486 = EDGE_CURVE('',#1420,#1487,#1489,.T.);
#1487 = VERTEX_POINT('',#1488);
#1488 = CARTESIAN_POINT('',(-69.99999999986,-46.67263169491,4.18E+03));
#1489 = SURFACE_CURVE('',#1490,(#1493,#1499),.PCURVE_S1.);
#1490 = B_SPLINE_CURVE_WITH_KNOTS('',1,(#1491,#1492),.UNSPECIFIED.,.F.,
  .F.,(2,2),(0.,3.298989873223E-02),.PIECEWISE_BEZIER_KNOTS.);
#1491 = CARTESIAN_POINT('',(-46.67261889564,-70.00001279913,4.18E+03));
#1492 = CARTESIAN_POINT('',(-69.99999999986,-46.67263169491,4.18E+03));
#1493 = PCURVE('',#1453,#1494);
#1494 = DEFINITIONAL_REPRESENTATION('',(#1495),#1498);
#1495 = B_SPLINE_CURVE_WITH_KNOTS('',1,(#1496,#1497),.UNSPECIFIED.,.F.,
  .F.,(2,2),(0.,3.298989873223E-02),.PIECEWISE_BEZIER_KNOTS.);
#1496 = CARTESIAN_POINT('',(620.26955262174,211.99999999999));
#1497 = CARTESIAN_POINT('',(653.25945135397,211.99999999999));
#1498 = ( GEOMETRIC_REPRESENTATION_CONTEXT(2) 
PARAMETRIC_REPRESENTATION_CONTEXT() REPRESENTATION_CONTEXT('2D SPACE',''
  ) );
#1499 = PCURVE('',#84,#1500);
#1500 = DEFINITIONAL_REPRESENTATION('',(#1501),#1504);
#1501 = B_SPLINE_CURVE_WITH_KNOTS('',1,(#1502,#1503),.UNSPECIFIED.,.F.,
  .F.,(2,2),(0.,3.298989873223E-02),.PIECEWISE_BEZIER_KNOTS.);
#1502 = CARTESIAN_POINT('',(34.532912289579,-151.2055311853));
#1503 = CARTESIAN_POINT('',(11.20553118536,-127.8781500811));
#1504 = ( GEOMETRIC_REPRESENTATION_CONTEXT(2) 
PARAMETRIC_REPRESENTATION_CONTEXT() REPRESENTATION_CONTEXT('2D SPACE',''
  ) );
#1505 = ORIENTED_EDGE('',*,*,#1506,.T.);
#1506 = EDGE_CURVE('',#1487,#1507,#1509,.T.);
#1507 = VERTEX_POINT('',#1508);
#1508 = CARTESIAN_POINT('',(-69.99999999993,-46.67263169496,2.18E+03));
#1509 = SURFACE_CURVE('',#1510,(#1513,#1519),.PCURVE_S1.);
#1510 = B_SPLINE_CURVE_WITH_KNOTS('',1,(#1511,#1512),.UNSPECIFIED.,.F.,
  .F.,(2,2),(0.,2.),.PIECEWISE_BEZIER_KNOTS.);
#1511 = CARTESIAN_POINT('',(-69.99999999986,-46.67263169491,4.18E+03));
#1512 = CARTESIAN_POINT('',(-69.99999999993,-46.67263169496,2.18E+03));
#1513 = PCURVE('',#1453,#1514);
#1514 = DEFINITIONAL_REPRESENTATION('',(#1515),#1518);
#1515 = B_SPLINE_CURVE_WITH_KNOTS('',1,(#1516,#1517),.UNSPECIFIED.,.F.,
  .F.,(2,2),(0.,2.),.PIECEWISE_BEZIER_KNOTS.);
#1516 = CARTESIAN_POINT('',(653.25945135397,211.99999999999));
#1517 = CARTESIAN_POINT('',(653.25945135398,2.212E+03));
#1518 = ( GEOMETRIC_REPRESENTATION_CONTEXT(2) 
PARAMETRIC_REPRESENTATION_CONTEXT() REPRESENTATION_CONTEXT('2D SPACE',''
  ) );
#1519 = PCURVE('',#1520,#1525);
#1520 = PLANE('',#1521);
#1521 = AXIS2_PLACEMENT_3D('',#1522,#1523,#1524);
#1522 = CARTESIAN_POINT('',(-69.99999999986,581.6615349505,1.968E+03));
#1523 = DIRECTION('',(-1.,0.,0.));
#1524 = DIRECTION('',(0.,0.,-1.));
#1525 = DEFINITIONAL_REPRESENTATION('',(#1526),#1529);
#1526 = B_SPLINE_CURVE_WITH_KNOTS('',1,(#1527,#1528),.UNSPECIFIED.,.F.,
  .F.,(2,2),(0.,2.),.PIECEWISE_BEZIER_KNOTS.);
#1527 = CARTESIAN_POINT('',(-2.212E+03,628.33416664541));
#1528 = CARTESIAN_POINT('',(-212.,628.33416664546));
#1529 = ( GEOMETRIC_REPRESENTATION_CONTEXT(2) 
PARAMETRIC_REPRESENTATION_CONTEXT() REPRESENTATION_CONTEXT('2D SPACE',''
  ) );
#1530 = ORIENTED_EDGE('',*,*,#1531,.T.);
#1531 = EDGE_CURVE('',#1507,#1440,#1532,.T.);
#1532 = SURFACE_CURVE('',#1533,(#1536,#1542),.PCURVE_S1.);
#1533 = B_SPLINE_CURVE_WITH_KNOTS('',1,(#1534,#1535),.UNSPECIFIED.,.F.,
  .F.,(2,2),(0.,3.298989873223E-02),.PIECEWISE_BEZIER_KNOTS.);
#1534 = CARTESIAN_POINT('',(-69.99999999993,-46.67263169496,2.18E+03));
#1535 = CARTESIAN_POINT('',(-46.67261889571,-70.00001279918,2.18E+03));
#1536 = PCURVE('',#1453,#1537);
#1537 = DEFINITIONAL_REPRESENTATION('',(#1538),#1541);
#1538 = B_SPLINE_CURVE_WITH_KNOTS('',1,(#1539,#1540),.UNSPECIFIED.,.F.,
  .F.,(2,2),(0.,3.298989873223E-02),.PIECEWISE_BEZIER_KNOTS.);
#1539 = CARTESIAN_POINT('',(653.25945135398,2.212E+03));
#1540 = CARTESIAN_POINT('',(620.26955262175,2.212E+03));
#1541 = ( GEOMETRIC_REPRESENTATION_CONTEXT(2) 
PARAMETRIC_REPRESENTATION_CONTEXT() REPRESENTATION_CONTEXT('2D SPACE',''
  ) );
#1542 = PCURVE('',#134,#1543);
#1543 = DEFINITIONAL_REPRESENTATION('',(#1544),#1547);
#1544 = B_SPLINE_CURVE_WITH_KNOTS('',1,(#1545,#1546),.UNSPECIFIED.,.F.,
  .F.,(2,2),(0.,3.298989873223E-02),.PIECEWISE_BEZIER_KNOTS.);
#1545 = CARTESIAN_POINT('',(-11.20553118535,34.532912289574));
#1546 = CARTESIAN_POINT('',(-34.53291228957,11.205531185355));
#1547 = ( GEOMETRIC_REPRESENTATION_CONTEXT(2) 
PARAMETRIC_REPRESENTATION_CONTEXT() REPRESENTATION_CONTEXT('2D SPACE',''
  ) );
#1548 = ORIENTED_EDGE('',*,*,#1439,.F.);
#1549 = ADVANCED_FACE('',(#1550),#1520,.T.);
#1550 = FACE_BOUND('',#1551,.T.);
#1551 = EDGE_LOOP('',(#1552,#1572,#1597,#1615));
#1552 = ORIENTED_EDGE('',*,*,#1553,.T.);
#1553 = EDGE_CURVE('',#1487,#1554,#1556,.T.);
#1554 = VERTEX_POINT('',#1555);
#1555 = CARTESIAN_POINT('',(-69.99999999986,-31.82338928999,4.18E+03));
#1556 = SURFACE_CURVE('',#1557,(#1560,#1566),.PCURVE_S1.);
#1557 = B_SPLINE_CURVE_WITH_KNOTS('',1,(#1558,#1559),.UNSPECIFIED.,.F.,
  .F.,(2,2),(0.,1.484924240492E-02),.PIECEWISE_BEZIER_KNOTS.);
#1558 = CARTESIAN_POINT('',(-69.99999999986,-46.67263169491,4.18E+03));
#1559 = CARTESIAN_POINT('',(-69.99999999986,-31.82338928999,4.18E+03));
#1560 = PCURVE('',#1520,#1561);
#1561 = DEFINITIONAL_REPRESENTATION('',(#1562),#1565);
#1562 = B_SPLINE_CURVE_WITH_KNOTS('',1,(#1563,#1564),.UNSPECIFIED.,.F.,
  .F.,(2,2),(0.,1.484924240492E-02),.PIECEWISE_BEZIER_KNOTS.);
#1563 = CARTESIAN_POINT('',(-2.212E+03,628.33416664541));
#1564 = CARTESIAN_POINT('',(-2.212E+03,613.48492424049));
#1565 = ( GEOMETRIC_REPRESENTATION_CONTEXT(2) 
PARAMETRIC_REPRESENTATION_CONTEXT() REPRESENTATION_CONTEXT('2D SPACE',''
  ) );
#1566 = PCURVE('',#84,#1567);
#1567 = DEFINITIONAL_REPRESENTATION('',(#1568),#1571);
#1568 = B_SPLINE_CURVE_WITH_KNOTS('',1,(#1569,#1570),.UNSPECIFIED.,.F.,
  .F.,(2,2),(0.,1.484924240492E-02),.PIECEWISE_BEZIER_KNOTS.);
#1569 = CARTESIAN_POINT('',(11.20553118536,-127.8781500811));
#1570 = CARTESIAN_POINT('',(11.20553118536,-113.0289076762));
#1571 = ( GEOMETRIC_REPRESENTATION_CONTEXT(2) 
PARAMETRIC_REPRESENTATION_CONTEXT() REPRESENTATION_CONTEXT('2D SPACE',''
  ) );
#1572 = ORIENTED_EDGE('',*,*,#1573,.T.);
#1573 = EDGE_CURVE('',#1554,#1574,#1576,.T.);
#1574 = VERTEX_POINT('',#1575);
#1575 = CARTESIAN_POINT('',(-69.99999999993,-31.82338929004,2.18E+03));
#1576 = SURFACE_CURVE('',#1577,(#1580,#1586),.PCURVE_S1.);
#1577 = B_SPLINE_CURVE_WITH_KNOTS('',1,(#1578,#1579),.UNSPECIFIED.,.F.,
  .F.,(2,2),(0.,2.),.PIECEWISE_BEZIER_KNOTS.);
#1578 = CARTESIAN_POINT('',(-69.99999999986,-31.82338928999,4.18E+03));
#1579 = CARTESIAN_POINT('',(-69.99999999993,-31.82338929004,2.18E+03));
#1580 = PCURVE('',#1520,#1581);
#1581 = DEFINITIONAL_REPRESENTATION('',(#1582),#1585);
#1582 = B_SPLINE_CURVE_WITH_KNOTS('',1,(#1583,#1584),.UNSPECIFIED.,.F.,
  .F.,(2,2),(0.,2.),.PIECEWISE_BEZIER_KNOTS.);
#1583 = CARTESIAN_POINT('',(-2.212E+03,613.48492424049));
#1584 = CARTESIAN_POINT('',(-212.,613.48492424054));
#1585 = ( GEOMETRIC_REPRESENTATION_CONTEXT(2) 
PARAMETRIC_REPRESENTATION_CONTEXT() REPRESENTATION_CONTEXT('2D SPACE',''
  ) );
#1586 = PCURVE('',#1587,#1592);
#1587 = PLANE('',#1588);
#1588 = AXIS2_PLACEMENT_3D('',#1589,#1590,#1591);
#1589 = CARTESIAN_POINT('',(248.52435261871,511.18032154031,1.968E+03));
#1590 = DIRECTION('',(-0.862551127997,0.505969911745,1.349778057336E-14)
  );
#1591 = DIRECTION('',(-0.505969911745,-0.862551127997,
    -1.577721810442E-30));
#1592 = DEFINITIONAL_REPRESENTATION('',(#1593),#1596);
#1593 = B_SPLINE_CURVE_WITH_KNOTS('',1,(#1594,#1595),.UNSPECIFIED.,.F.,
  .F.,(2,2),(0.,2.),.PIECEWISE_BEZIER_KNOTS.);
#1594 = CARTESIAN_POINT('',(629.53220186625,2.212E+03));
#1595 = CARTESIAN_POINT('',(629.53220186632,212.));
#1596 = ( GEOMETRIC_REPRESENTATION_CONTEXT(2) 
PARAMETRIC_REPRESENTATION_CONTEXT() REPRESENTATION_CONTEXT('2D SPACE',''
  ) );
#1597 = ORIENTED_EDGE('',*,*,#1598,.T.);
#1598 = EDGE_CURVE('',#1574,#1507,#1599,.T.);
#1599 = SURFACE_CURVE('',#1600,(#1603,#1609),.PCURVE_S1.);
#1600 = B_SPLINE_CURVE_WITH_KNOTS('',1,(#1601,#1602),.UNSPECIFIED.,.F.,
  .F.,(2,2),(0.,1.484924240492E-02),.PIECEWISE_BEZIER_KNOTS.);
#1601 = CARTESIAN_POINT('',(-69.99999999993,-31.82338929004,2.18E+03));
#1602 = CARTESIAN_POINT('',(-69.99999999993,-46.67263169496,2.18E+03));
#1603 = PCURVE('',#1520,#1604);
#1604 = DEFINITIONAL_REPRESENTATION('',(#1605),#1608);
#1605 = B_SPLINE_CURVE_WITH_KNOTS('',1,(#1606,#1607),.UNSPECIFIED.,.F.,
  .F.,(2,2),(0.,1.484924240492E-02),.PIECEWISE_BEZIER_KNOTS.);
#1606 = CARTESIAN_POINT('',(-212.,613.48492424054));
#1607 = CARTESIAN_POINT('',(-212.,628.33416664546));
#1608 = ( GEOMETRIC_REPRESENTATION_CONTEXT(2) 
PARAMETRIC_REPRESENTATION_CONTEXT() REPRESENTATION_CONTEXT('2D SPACE',''
  ) );
#1609 = PCURVE('',#134,#1610);
#1610 = DEFINITIONAL_REPRESENTATION('',(#1611),#1614);
#1611 = B_SPLINE_CURVE_WITH_KNOTS('',1,(#1612,#1613),.UNSPECIFIED.,.F.,
  .F.,(2,2),(0.,1.484924240492E-02),.PIECEWISE_BEZIER_KNOTS.);
#1612 = CARTESIAN_POINT('',(-11.20553118535,49.382154694491));
#1613 = CARTESIAN_POINT('',(-11.20553118535,34.532912289574));
#1614 = ( GEOMETRIC_REPRESENTATION_CONTEXT(2) 
PARAMETRIC_REPRESENTATION_CONTEXT() REPRESENTATION_CONTEXT('2D SPACE',''
  ) );
#1615 = ORIENTED_EDGE('',*,*,#1506,.F.);
#1616 = ADVANCED_FACE('',(#1617),#1587,.T.);
#1617 = FACE_BOUND('',#1618,.T.);
#1618 = EDGE_LOOP('',(#1619,#1639,#1659,#1677));
#1619 = ORIENTED_EDGE('',*,*,#1620,.T.);
#1620 = EDGE_CURVE('',#1554,#1621,#1623,.T.);
#1621 = VERTEX_POINT('',#1622);
#1622 = CARTESIAN_POINT('',(-63.96978187668,-21.54338780475,4.18E+03));
#1623 = SURFACE_CURVE('',#1624,(#1627,#1633),.PCURVE_S1.);
#1624 = B_SPLINE_CURVE_WITH_KNOTS('',1,(#1625,#1626),.UNSPECIFIED.,.F.,
  .F.,(2,2),(0.,1.19181358085E-02),.PIECEWISE_BEZIER_KNOTS.);
#1625 = CARTESIAN_POINT('',(-69.99999999986,-31.82338928999,4.18E+03));
#1626 = CARTESIAN_POINT('',(-63.96978187668,-21.54338780475,4.18E+03));
#1627 = PCURVE('',#1587,#1628);
#1628 = DEFINITIONAL_REPRESENTATION('',(#1629),#1632);
#1629 = B_SPLINE_CURVE_WITH_KNOTS('',1,(#1630,#1631),.UNSPECIFIED.,.F.,
  .F.,(2,2),(0.,1.19181358085E-02),.PIECEWISE_BEZIER_KNOTS.);
#1630 = CARTESIAN_POINT('',(629.53220186625,2.212E+03));
#1631 = CARTESIAN_POINT('',(617.61406605775,2.212E+03));
#1632 = ( GEOMETRIC_REPRESENTATION_CONTEXT(2) 
PARAMETRIC_REPRESENTATION_CONTEXT() REPRESENTATION_CONTEXT('2D SPACE',''
  ) );
#1633 = PCURVE('',#84,#1634);
#1634 = DEFINITIONAL_REPRESENTATION('',(#1635),#1638);
#1635 = B_SPLINE_CURVE_WITH_KNOTS('',1,(#1636,#1637),.UNSPECIFIED.,.F.,
  .F.,(2,2),(0.,1.19181358085E-02),.PIECEWISE_BEZIER_KNOTS.);
#1636 = CARTESIAN_POINT('',(11.20553118536,-113.0289076762));
#1637 = CARTESIAN_POINT('',(17.235749308546,-102.7489061909));
#1638 = ( GEOMETRIC_REPRESENTATION_CONTEXT(2) 
PARAMETRIC_REPRESENTATION_CONTEXT() REPRESENTATION_CONTEXT('2D SPACE',''
  ) );
#1639 = ORIENTED_EDGE('',*,*,#1640,.T.);
#1640 = EDGE_CURVE('',#1621,#1641,#1643,.T.);
#1641 = VERTEX_POINT('',#1642);
#1642 = CARTESIAN_POINT('',(-63.96978187674,-21.5433878048,2.18E+03));
#1643 = SURFACE_CURVE('',#1644,(#1647,#1653),.PCURVE_S1.);
#1644 = B_SPLINE_CURVE_WITH_KNOTS('',1,(#1645,#1646),.UNSPECIFIED.,.F.,
  .F.,(2,2),(0.,2.),.PIECEWISE_BEZIER_KNOTS.);
#1645 = CARTESIAN_POINT('',(-63.96978187668,-21.54338780475,4.18E+03));
#1646 = CARTESIAN_POINT('',(-63.96978187674,-21.5433878048,2.18E+03));
#1647 = PCURVE('',#1587,#1648);
#1648 = DEFINITIONAL_REPRESENTATION('',(#1649),#1652);
#1649 = B_SPLINE_CURVE_WITH_KNOTS('',1,(#1650,#1651),.UNSPECIFIED.,.F.,
  .F.,(2,2),(0.,2.),.PIECEWISE_BEZIER_KNOTS.);
#1650 = CARTESIAN_POINT('',(617.61406605775,2.212E+03));
#1651 = CARTESIAN_POINT('',(617.61406605783,212.00000000001));
#1652 = ( GEOMETRIC_REPRESENTATION_CONTEXT(2) 
PARAMETRIC_REPRESENTATION_CONTEXT() REPRESENTATION_CONTEXT('2D SPACE',''
  ) );
#1653 = PCURVE('',#157,#1654);
#1654 = DEFINITIONAL_REPRESENTATION('',(#1655),#1658);
#1655 = B_SPLINE_CURVE_WITH_KNOTS('',1,(#1656,#1657),.UNSPECIFIED.,.F.,
  .F.,(2,2),(0.,2.),.PIECEWISE_BEZIER_KNOTS.);
#1656 = CARTESIAN_POINT('',(3.466436825306,999.99999999999));
#1657 = CARTESIAN_POINT('',(3.466436825306,-1.E+03));
#1658 = ( GEOMETRIC_REPRESENTATION_CONTEXT(2) 
PARAMETRIC_REPRESENTATION_CONTEXT() REPRESENTATION_CONTEXT('2D SPACE',''
  ) );
#1659 = ORIENTED_EDGE('',*,*,#1660,.T.);
#1660 = EDGE_CURVE('',#1641,#1574,#1661,.T.);
#1661 = SURFACE_CURVE('',#1662,(#1665,#1671),.PCURVE_S1.);
#1662 = B_SPLINE_CURVE_WITH_KNOTS('',1,(#1663,#1664),.UNSPECIFIED.,.F.,
  .F.,(2,2),(0.,1.19181358085E-02),.PIECEWISE_BEZIER_KNOTS.);
#1663 = CARTESIAN_POINT('',(-63.96978187674,-21.5433878048,2.18E+03));
#1664 = CARTESIAN_POINT('',(-69.99999999993,-31.82338929004,2.18E+03));
#1665 = PCURVE('',#1587,#1666);
#1666 = DEFINITIONAL_REPRESENTATION('',(#1667),#1670);
#1667 = B_SPLINE_CURVE_WITH_KNOTS('',1,(#1668,#1669),.UNSPECIFIED.,.F.,
  .F.,(2,2),(0.,1.19181358085E-02),.PIECEWISE_BEZIER_KNOTS.);
#1668 = CARTESIAN_POINT('',(617.61406605783,212.00000000001));
#1669 = CARTESIAN_POINT('',(629.53220186632,212.));
#1670 = ( GEOMETRIC_REPRESENTATION_CONTEXT(2) 
PARAMETRIC_REPRESENTATION_CONTEXT() REPRESENTATION_CONTEXT('2D SPACE',''
  ) );
#1671 = PCURVE('',#134,#1672);
#1672 = DEFINITIONAL_REPRESENTATION('',(#1673),#1676);
#1673 = B_SPLINE_CURVE_WITH_KNOTS('',1,(#1674,#1675),.UNSPECIFIED.,.F.,
  .F.,(2,2),(0.,1.19181358085E-02),.PIECEWISE_BEZIER_KNOTS.);
#1674 = CARTESIAN_POINT('',(-17.23574930854,59.662156179735));
#1675 = CARTESIAN_POINT('',(-11.20553118535,49.382154694491));
#1676 = ( GEOMETRIC_REPRESENTATION_CONTEXT(2) 
PARAMETRIC_REPRESENTATION_CONTEXT() REPRESENTATION_CONTEXT('2D SPACE',''
  ) );
#1677 = ORIENTED_EDGE('',*,*,#1573,.F.);
#1678 = ADVANCED_FACE('',(#1679),#157,.T.);
#1679 = FACE_BOUND('',#1680,.T.);
#1680 = EDGE_LOOP('',(#1681,#1706,#1707,#1732));
#1681 = ORIENTED_EDGE('',*,*,#1682,.T.);
#1682 = EDGE_CURVE('',#1621,#64,#1683,.T.);
#1683 = SURFACE_CURVE('',#1684,(#1689,#1695),.PCURVE_S1.);
#1684 = CIRCLE('',#1685,67.500000000018);
#1685 = AXIS2_PLACEMENT_3D('',#1686,#1687,#1688);
#1686 = CARTESIAN_POINT('',(1.484998610134E-10,-1.279912894229E-05,
    4.18E+03));
#1687 = DIRECTION('',(-1.390571699512E-12,-1.044492594196E-13,-1.));
#1688 = DIRECTION('',(-0.947700472249,-0.319161111194,1.351181598024E-12
    ));
#1689 = PCURVE('',#157,#1690);
#1690 = DEFINITIONAL_REPRESENTATION('',(#1691),#1694);
#1691 = B_SPLINE_CURVE_WITH_KNOTS('',1,(#1692,#1693),.UNSPECIFIED.,.F.,
  .F.,(2,2),(-0.,0.648061622042),.PIECEWISE_BEZIER_KNOTS.);
#1692 = CARTESIAN_POINT('',(3.466436825306,999.99999999999));
#1693 = CARTESIAN_POINT('',(2.818375203264,999.99999999999));
#1694 = ( GEOMETRIC_REPRESENTATION_CONTEXT(2) 
PARAMETRIC_REPRESENTATION_CONTEXT() REPRESENTATION_CONTEXT('2D SPACE',''
  ) );
#1695 = PCURVE('',#84,#1696);
#1696 = DEFINITIONAL_REPRESENTATION('',(#1697),#1705);
#1697 = ( BOUNDED_CURVE() B_SPLINE_CURVE(2,(#1698,#1699,#1700,#1701,
#1702,#1703,#1704),.UNSPECIFIED.,.T.,.F.) B_SPLINE_CURVE_WITH_KNOTS((1,2
    ,2,2,2,1),(-2.094395102393,0.,2.094395102393,4.188790204786,
6.28318530718,8.377580409573),.UNSPECIFIED.) CURVE() 
GEOMETRIC_REPRESENTATION_ITEM() RATIONAL_B_SPLINE_CURVE((1.,0.5,1.,0.5,
1.,0.5,1.)) REPRESENTATION_ITEM('') );
#1698 = CARTESIAN_POINT('',(17.235749308546,-102.7489061909));
#1699 = CARTESIAN_POINT('',(-20.0784707677,8.050006168786));
#1700 = CARTESIAN_POINT('',(94.533312085666,-15.03438750266));
#1701 = CARTESIAN_POINT('',(209.14509493904,-38.1187811741));
#1702 = CARTESIAN_POINT('',(131.84753216192,-125.8332998624));
#1703 = CARTESIAN_POINT('',(54.5499693848,-213.5478185507));
#1704 = CARTESIAN_POINT('',(17.235749308546,-102.7489061909));
#1705 = ( GEOMETRIC_REPRESENTATION_CONTEXT(2) 
PARAMETRIC_REPRESENTATION_CONTEXT() REPRESENTATION_CONTEXT('2D SPACE',''
  ) );
#1706 = ORIENTED_EDGE('',*,*,#145,.F.);
#1707 = ORIENTED_EDGE('',*,*,#1708,.T.);
#1708 = EDGE_CURVE('',#121,#1641,#1709,.T.);
#1709 = SURFACE_CURVE('',#1710,(#1715,#1721),.PCURVE_S1.);
#1710 = CIRCLE('',#1711,67.50000000002);
#1711 = AXIS2_PLACEMENT_3D('',#1712,#1713,#1714);
#1712 = CARTESIAN_POINT('',(8.980167307214E-11,-1.279917926324E-05,
    2.18E+03));
#1713 = DIRECTION('',(-5.056929943479E-13,-4.113108961395E-16,1.));
#1714 = DIRECTION('',(-0.948218404314,0.317619044959,-4.793767639992E-13
    ));
#1715 = PCURVE('',#157,#1716);
#1716 = DEFINITIONAL_REPRESENTATION('',(#1717),#1720);
#1717 = B_SPLINE_CURVE_WITH_KNOTS('',1,(#1718,#1719),.UNSPECIFIED.,.F.,
  .F.,(2,2),(0.,0.648061622042),.PIECEWISE_BEZIER_KNOTS.);
#1718 = CARTESIAN_POINT('',(2.818375203264,-1.E+03));
#1719 = CARTESIAN_POINT('',(3.466436825306,-1.E+03));
#1720 = ( GEOMETRIC_REPRESENTATION_CONTEXT(2) 
PARAMETRIC_REPRESENTATION_CONTEXT() REPRESENTATION_CONTEXT('2D SPACE',''
  ) );
#1721 = PCURVE('',#134,#1722);
#1722 = DEFINITIONAL_REPRESENTATION('',(#1723),#1731);
#1723 = ( BOUNDED_CURVE() B_SPLINE_CURVE(2,(#1724,#1725,#1726,#1727,
#1728,#1729,#1730),.UNSPECIFIED.,.T.,.F.) B_SPLINE_CURVE_WITH_KNOTS((1,2
    ,2,2,2,1),(-2.094395102393,0.,2.094395102393,4.188790204786,
6.28318530718,8.377580409573),.UNSPECIFIED.) CURVE() 
GEOMETRIC_REPRESENTATION_ITEM() RATIONAL_B_SPLINE_CURVE((1.,0.5,1.,0.5,
1.,0.5,1.)) REPRESENTATION_ITEM('') );
#1724 = CARTESIAN_POINT('',(-17.20078889417,102.64481672008));
#1725 = CARTESIAN_POINT('',(19.933142929946,-8.214648853627));
#1726 = CARTESIAN_POINT('',(-94.64093641891,15.056155631139));
#1727 = CARTESIAN_POINT('',(-209.2150157677,38.326960115905));
#1728 = CARTESIAN_POINT('',(-131.774868243,125.91562120485));
#1729 = CARTESIAN_POINT('',(-54.3347207183,213.5042822938));
#1730 = CARTESIAN_POINT('',(-17.20078889417,102.64481672008));
#1731 = ( GEOMETRIC_REPRESENTATION_CONTEXT(2) 
PARAMETRIC_REPRESENTATION_CONTEXT() REPRESENTATION_CONTEXT('2D SPACE',''
  ) );
#1732 = ORIENTED_EDGE('',*,*,#1640,.F.);
#1733 = ADVANCED_FACE('',(#1734),#84,.T.);
#1734 = FACE_BOUND('',#1735,.T.);
#1735 = EDGE_LOOP('',(#1736,#1737,#1738,#1739,#1740,#1741,#1742,#1743,
    #1744,#1745,#1746,#1747,#1748,#1749,#1750,#1751,#1752,#1753,#1754,
    #1755,#1756,#1757,#1758,#1759));
#1736 = ORIENTED_EDGE('',*,*,#1682,.F.);
#1737 = ORIENTED_EDGE('',*,*,#1620,.F.);
#1738 = ORIENTED_EDGE('',*,*,#1553,.F.);
#1739 = ORIENTED_EDGE('',*,*,#1486,.F.);
#1740 = ORIENTED_EDGE('',*,*,#1419,.F.);
#1741 = ORIENTED_EDGE('',*,*,#1352,.F.);
#1742 = ORIENTED_EDGE('',*,*,#1271,.F.);
#1743 = ORIENTED_EDGE('',*,*,#1204,.F.);
#1744 = ORIENTED_EDGE('',*,*,#1137,.F.);
#1745 = ORIENTED_EDGE('',*,*,#1070,.F.);
#1746 = ORIENTED_EDGE('',*,*,#1003,.F.);
#1747 = ORIENTED_EDGE('',*,*,#936,.F.);
#1748 = ORIENTED_EDGE('',*,*,#855,.F.);
#1749 = ORIENTED_EDGE('',*,*,#788,.F.);
#1750 = ORIENTED_EDGE('',*,*,#721,.F.);
#1751 = ORIENTED_EDGE('',*,*,#654,.F.);
#1752 = ORIENTED_EDGE('',*,*,#587,.F.);
#1753 = ORIENTED_EDGE('',*,*,#520,.F.);
#1754 = ORIENTED_EDGE('',*,*,#439,.F.);
#1755 = ORIENTED_EDGE('',*,*,#372,.F.);
#1756 = ORIENTED_EDGE('',*,*,#305,.F.);
#1757 = ORIENTED_EDGE('',*,*,#238,.F.);
#1758 = ORIENTED_EDGE('',*,*,#171,.F.);
#1759 = ORIENTED_EDGE('',*,*,#63,.F.);
#1760 = ADVANCED_FACE('',(#1761),#134,.T.);
#1761 = FACE_BOUND('',#1762,.T.);
#1762 = EDGE_LOOP('',(#1763,#1764,#1765,#1766,#1767,#1768,#1769,#1770,
    #1771,#1772,#1773,#1774,#1775,#1776,#1777,#1778,#1779,#1780,#1781,
    #1782,#1783,#1784,#1785,#1786));
#1763 = ORIENTED_EDGE('',*,*,#216,.F.);
#1764 = ORIENTED_EDGE('',*,*,#283,.F.);
#1765 = ORIENTED_EDGE('',*,*,#350,.F.);
#1766 = ORIENTED_EDGE('',*,*,#417,.F.);
#1767 = ORIENTED_EDGE('',*,*,#491,.F.);
#1768 = ORIENTED_EDGE('',*,*,#565,.F.);
#1769 = ORIENTED_EDGE('',*,*,#632,.F.);
#1770 = ORIENTED_EDGE('',*,*,#699,.F.);
#1771 = ORIENTED_EDGE('',*,*,#766,.F.);
#1772 = ORIENTED_EDGE('',*,*,#833,.F.);
#1773 = ORIENTED_EDGE('',*,*,#907,.F.);
#1774 = ORIENTED_EDGE('',*,*,#981,.F.);
#1775 = ORIENTED_EDGE('',*,*,#1048,.F.);
#1776 = ORIENTED_EDGE('',*,*,#1115,.F.);
#1777 = ORIENTED_EDGE('',*,*,#1182,.F.);
#1778 = ORIENTED_EDGE('',*,*,#1249,.F.);
#1779 = ORIENTED_EDGE('',*,*,#1323,.F.);
#1780 = ORIENTED_EDGE('',*,*,#1397,.F.);
#1781 = ORIENTED_EDGE('',*,*,#1464,.F.);
#1782 = ORIENTED_EDGE('',*,*,#1531,.F.);
#1783 = ORIENTED_EDGE('',*,*,#1598,.F.);
#1784 = ORIENTED_EDGE('',*,*,#1660,.F.);
#1785 = ORIENTED_EDGE('',*,*,#1708,.F.);
#1786 = ORIENTED_EDGE('',*,*,#120,.F.);
#1787 = ( GEOMETRIC_REPRESENTATION_CONTEXT(3) 
GLOBAL_UNCERTAINTY_ASSIGNED_CONTEXT((#1791)) 
GLOBAL_UNIT_ASSIGNED_CONTEXT((#1788,#1789,#1790)) REPRESENTATION_CONTEXT
('Context #1','3D Context with UNIT and UNCERTAINTY') );
#1788 = ( LENGTH_UNIT() NAMED_UNIT(*) SI_UNIT(.MILLI.,.METRE.) );
#1789 = ( NAMED_UNIT(*) PLANE_ANGLE_UNIT() SI_UNIT($,.RADIAN.) );
#1790 = ( NAMED_UNIT(*) SI_UNIT($,.STERADIAN.) SOLID_ANGLE_UNIT() );
#1791 = UNCERTAINTY_MEASURE_WITH_UNIT(LENGTH_MEASURE(1.E-04),#1788,
  'distance_accuracy_value','confusion accuracy');
#1792 = CONTEXT_DEPENDENT_SHAPE_REPRESENTATION(#1793,#1795);
#1793 = ( REPRESENTATION_RELATIONSHIP('','',#56,#10) 
REPRESENTATION_RELATIONSHIP_WITH_TRANSFORMATION(#1794) 
SHAPE_REPRESENTATION_RELATIONSHIP() );
#1794 = ITEM_DEFINED_TRANSFORMATION('','',#11,#15);
#1795 = PRODUCT_DEFINITION_SHAPE('Placement','Placement of an item',
  #1796);
#1796 = NEXT_ASSEMBLY_USAGE_OCCURRENCE('56','','',#5,#51,$);
#1797 = PRODUCT_RELATED_PRODUCT_CATEGORY('part',$,(#53));
#1798 = SHAPE_DEFINITION_REPRESENTATION(#1799,#1805);
#1799 = PRODUCT_DEFINITION_SHAPE('','',#1800);
#1800 = PRODUCT_DEFINITION('design','',#1801,#1804);
#1801 = PRODUCT_DEFINITION_FORMATION('','',#1802);
#1802 = PRODUCT('OCCBrep 6.2','OCCBrep 6.2','',(#1803));
#1803 = PRODUCT_CONTEXT('',#2,'mechanical');
#1804 = PRODUCT_DEFINITION_CONTEXT('part definition',#2,'design');
#1805 = ADVANCED_BREP_SHAPE_REPRESENTATION('',(#11,#1806),#3613);
#1806 = MANIFOLD_SOLID_BREP('',#1807);
#1807 = CLOSED_SHELL('',(#1808,#1916,#1983,#2050,#2117,#2184,#2261,#2328
    ,#2395,#2462,#2529,#2596,#2673,#2750,#2817,#2884,#2951,#3018,#3085,
    #3162,#3229,#3296,#3363,#3425,#3466,#3552,#3582,#3586));
#1808 = ADVANCED_FACE('',(#1809),#1822,.T.);
#1809 = FACE_BOUND('',#1810,.T.);
#1810 = EDGE_LOOP('',(#1811,#1843,#1868,#1893));
#1811 = ORIENTED_EDGE('',*,*,#1812,.T.);
#1812 = EDGE_CURVE('',#1813,#1815,#1817,.T.);
#1813 = VERTEX_POINT('',#1814);
#1814 = CARTESIAN_POINT('',(-69.99999999986,-31.82338928999,4.18E+03));
#1815 = VERTEX_POINT('',#1816);
#1816 = CARTESIAN_POINT('',(-69.99999999977,-31.82338928991,7.182E+03));
#1817 = SURFACE_CURVE('',#1818,(#1821,#1832),.PCURVE_S1.);
#1818 = B_SPLINE_CURVE_WITH_KNOTS('',1,(#1819,#1820),.UNSPECIFIED.,.F.,
  .F.,(2,2),(0.,3.002),.PIECEWISE_BEZIER_KNOTS.);
#1819 = CARTESIAN_POINT('',(-69.99999999986,-31.82338928999,4.18E+03));
#1820 = CARTESIAN_POINT('',(-69.99999999977,-31.82338928991,7.182E+03));
#1821 = PCURVE('',#1822,#1827);
#1822 = PLANE('',#1823);
#1823 = AXIS2_PLACEMENT_3D('',#1824,#1825,#1826);
#1824 = CARTESIAN_POINT('',(248.52435261887,511.18032154035,3.8678E+03)
  );
#1825 = DIRECTION('',(-0.862551127997,0.505969911745,1.351573602565E-14)
  );
#1826 = DIRECTION('',(-0.505969911745,-0.862551127997,0.));
#1827 = DEFINITIONAL_REPRESENTATION('',(#1828),#1831);
#1828 = B_SPLINE_CURVE_WITH_KNOTS('',1,(#1829,#1830),.UNSPECIFIED.,.F.,
  .F.,(2,2),(0.,3.002),.PIECEWISE_BEZIER_KNOTS.);
#1829 = CARTESIAN_POINT('',(629.53220186637,312.19999999999));
#1830 = CARTESIAN_POINT('',(629.53220186625,3.3142E+03));
#1831 = ( GEOMETRIC_REPRESENTATION_CONTEXT(2) 
PARAMETRIC_REPRESENTATION_CONTEXT() REPRESENTATION_CONTEXT('2D SPACE',''
  ) );
#1832 = PCURVE('',#1833,#1838);
#1833 = PLANE('',#1834);
#1834 = AXIS2_PLACEMENT_3D('',#1835,#1836,#1837);
#1835 = CARTESIAN_POINT('',(-69.99999999986,581.66153495058,3.8678E+03)
  );
#1836 = DIRECTION('',(-1.,0.,0.));
#1837 = DIRECTION('',(0.,0.,-1.));
#1838 = DEFINITIONAL_REPRESENTATION('',(#1839),#1842);
#1839 = B_SPLINE_CURVE_WITH_KNOTS('',1,(#1840,#1841),.UNSPECIFIED.,.F.,
  .F.,(2,2),(0.,3.002),.PIECEWISE_BEZIER_KNOTS.);
#1840 = CARTESIAN_POINT('',(-312.1999999999,613.48492424057));
#1841 = CARTESIAN_POINT('',(-3.3142E+03,613.4849242405));
#1842 = ( GEOMETRIC_REPRESENTATION_CONTEXT(2) 
PARAMETRIC_REPRESENTATION_CONTEXT() REPRESENTATION_CONTEXT('2D SPACE',''
  ) );
#1843 = ORIENTED_EDGE('',*,*,#1844,.T.);
#1844 = EDGE_CURVE('',#1815,#1845,#1847,.T.);
#1845 = VERTEX_POINT('',#1846);
#1846 = CARTESIAN_POINT('',(-63.96978187659,-21.54338780467,7.182E+03));
#1847 = SURFACE_CURVE('',#1848,(#1851,#1857),.PCURVE_S1.);
#1848 = B_SPLINE_CURVE_WITH_KNOTS('',1,(#1849,#1850),.UNSPECIFIED.,.F.,
  .F.,(2,2),(0.,1.19181358085E-02),.PIECEWISE_BEZIER_KNOTS.);
#1849 = CARTESIAN_POINT('',(-69.99999999977,-31.82338928991,7.182E+03));
#1850 = CARTESIAN_POINT('',(-63.96978187659,-21.54338780467,7.182E+03));
#1851 = PCURVE('',#1822,#1852);
#1852 = DEFINITIONAL_REPRESENTATION('',(#1853),#1856);
#1853 = B_SPLINE_CURVE_WITH_KNOTS('',1,(#1854,#1855),.UNSPECIFIED.,.F.,
  .F.,(2,2),(0.,1.19181358085E-02),.PIECEWISE_BEZIER_KNOTS.);
#1854 = CARTESIAN_POINT('',(629.53220186625,3.3142E+03));
#1855 = CARTESIAN_POINT('',(617.61406605776,3.3142E+03));
#1856 = ( GEOMETRIC_REPRESENTATION_CONTEXT(2) 
PARAMETRIC_REPRESENTATION_CONTEXT() REPRESENTATION_CONTEXT('2D SPACE',''
  ) );
#1857 = PCURVE('',#1858,#1863);
#1858 = PLANE('',#1859);
#1859 = AXIS2_PLACEMENT_3D('',#1860,#1861,#1862);
#1860 = CARTESIAN_POINT('',(716.99958789512,-716.9999563536,7.182E+03));
#1861 = DIRECTION('',(0.,0.,-1.));
#1862 = DIRECTION('',(-1.,0.,0.));
#1863 = DEFINITIONAL_REPRESENTATION('',(#1864),#1867);
#1864 = B_SPLINE_CURVE_WITH_KNOTS('',1,(#1865,#1866),.UNSPECIFIED.,.F.,
  .F.,(2,2),(0.,1.19181358085E-02),.PIECEWISE_BEZIER_KNOTS.);
#1865 = CARTESIAN_POINT('',(786.9995878949,685.17656706376));
#1866 = CARTESIAN_POINT('',(780.96936977171,695.456568549));
#1867 = ( GEOMETRIC_REPRESENTATION_CONTEXT(2) 
PARAMETRIC_REPRESENTATION_CONTEXT() REPRESENTATION_CONTEXT('2D SPACE',''
  ) );
#1868 = ORIENTED_EDGE('',*,*,#1869,.T.);
#1869 = EDGE_CURVE('',#1845,#1870,#1872,.T.);
#1870 = VERTEX_POINT('',#1871);
#1871 = CARTESIAN_POINT('',(-63.96978187668,-21.54338780475,4.18E+03));
#1872 = SURFACE_CURVE('',#1873,(#1876,#1882),.PCURVE_S1.);
#1873 = B_SPLINE_CURVE_WITH_KNOTS('',1,(#1874,#1875),.UNSPECIFIED.,.F.,
  .F.,(2,2),(0.,3.002),.PIECEWISE_BEZIER_KNOTS.);
#1874 = CARTESIAN_POINT('',(-63.96978187659,-21.54338780467,7.182E+03));
#1875 = CARTESIAN_POINT('',(-63.96978187668,-21.54338780475,4.18E+03));
#1876 = PCURVE('',#1822,#1877);
#1877 = DEFINITIONAL_REPRESENTATION('',(#1878),#1881);
#1878 = B_SPLINE_CURVE_WITH_KNOTS('',1,(#1879,#1880),.UNSPECIFIED.,.F.,
  .F.,(2,2),(0.,3.002),.PIECEWISE_BEZIER_KNOTS.);
#1879 = CARTESIAN_POINT('',(617.61406605776,3.3142E+03));
#1880 = CARTESIAN_POINT('',(617.61406605787,312.19999999999));
#1881 = ( GEOMETRIC_REPRESENTATION_CONTEXT(2) 
PARAMETRIC_REPRESENTATION_CONTEXT() REPRESENTATION_CONTEXT('2D SPACE',''
  ) );
#1882 = PCURVE('',#1883,#1888);
#1883 = CYLINDRICAL_SURFACE('',#1884,67.500000000013);
#1884 = AXIS2_PLACEMENT_3D('',#1885,#1886,#1887);
#1885 = CARTESIAN_POINT('',(1.914016305208E-10,-1.279909289593E-05,
    5.681E+03));
#1886 = DIRECTION('',(2.631639762074E-14,2.631639762074E-14,1.));
#1887 = DIRECTION('',(1.,0.,-2.631639762074E-14));
#1888 = DEFINITIONAL_REPRESENTATION('',(#1889),#1892);
#1889 = B_SPLINE_CURVE_WITH_KNOTS('',1,(#1890,#1891),.UNSPECIFIED.,.F.,
  .F.,(2,2),(0.,3.002),.PIECEWISE_BEZIER_KNOTS.);
#1890 = CARTESIAN_POINT('',(3.466436825306,1.501E+03));
#1891 = CARTESIAN_POINT('',(3.466436825306,-1.501E+03));
#1892 = ( GEOMETRIC_REPRESENTATION_CONTEXT(2) 
PARAMETRIC_REPRESENTATION_CONTEXT() REPRESENTATION_CONTEXT('2D SPACE',''
  ) );
#1893 = ORIENTED_EDGE('',*,*,#1894,.T.);
#1894 = EDGE_CURVE('',#1870,#1813,#1895,.T.);
#1895 = SURFACE_CURVE('',#1896,(#1899,#1905),.PCURVE_S1.);
#1896 = B_SPLINE_CURVE_WITH_KNOTS('',1,(#1897,#1898),.UNSPECIFIED.,.F.,
  .F.,(2,2),(0.,1.19181358085E-02),.PIECEWISE_BEZIER_KNOTS.);
#1897 = CARTESIAN_POINT('',(-63.96978187668,-21.54338780475,4.18E+03));
#1898 = CARTESIAN_POINT('',(-69.99999999986,-31.82338928999,4.18E+03));
#1899 = PCURVE('',#1822,#1900);
#1900 = DEFINITIONAL_REPRESENTATION('',(#1901),#1904);
#1901 = B_SPLINE_CURVE_WITH_KNOTS('',1,(#1902,#1903),.UNSPECIFIED.,.F.,
  .F.,(2,2),(0.,1.19181358085E-02),.PIECEWISE_BEZIER_KNOTS.);
#1902 = CARTESIAN_POINT('',(617.61406605787,312.19999999999));
#1903 = CARTESIAN_POINT('',(629.53220186637,312.19999999999));
#1904 = ( GEOMETRIC_REPRESENTATION_CONTEXT(2) 
PARAMETRIC_REPRESENTATION_CONTEXT() REPRESENTATION_CONTEXT('2D SPACE',''
  ) );
#1905 = PCURVE('',#1906,#1911);
#1906 = PLANE('',#1907);
#1907 = AXIS2_PLACEMENT_3D('',#1908,#1909,#1910);
#1908 = CARTESIAN_POINT('',(-81.20553118522,-81.20554398448,4.18E+03));
#1909 = DIRECTION('',(0.,0.,-1.));
#1910 = DIRECTION('',(-1.,0.,0.));
#1911 = DEFINITIONAL_REPRESENTATION('',(#1912),#1915);
#1912 = B_SPLINE_CURVE_WITH_KNOTS('',1,(#1913,#1914),.UNSPECIFIED.,.F.,
  .F.,(2,2),(0.,1.19181358085E-02),.PIECEWISE_BEZIER_KNOTS.);
#1913 = CARTESIAN_POINT('',(-17.23574930854,59.662156179734));
#1914 = CARTESIAN_POINT('',(-11.20553118536,49.382154694493));
#1915 = ( GEOMETRIC_REPRESENTATION_CONTEXT(2) 
PARAMETRIC_REPRESENTATION_CONTEXT() REPRESENTATION_CONTEXT('2D SPACE',''
  ) );
#1916 = ADVANCED_FACE('',(#1917),#1833,.T.);
#1917 = FACE_BOUND('',#1918,.T.);
#1918 = EDGE_LOOP('',(#1919,#1946,#1964,#1965));
#1919 = ORIENTED_EDGE('',*,*,#1920,.T.);
#1920 = EDGE_CURVE('',#1921,#1923,#1925,.T.);
#1921 = VERTEX_POINT('',#1922);
#1922 = CARTESIAN_POINT('',(-69.99999999986,-46.67263169491,4.18E+03));
#1923 = VERTEX_POINT('',#1924);
#1924 = CARTESIAN_POINT('',(-69.99999999977,-46.67263169483,7.182E+03));
#1925 = SURFACE_CURVE('',#1926,(#1929,#1935),.PCURVE_S1.);
#1926 = B_SPLINE_CURVE_WITH_KNOTS('',1,(#1927,#1928),.UNSPECIFIED.,.F.,
  .F.,(2,2),(0.,3.002),.PIECEWISE_BEZIER_KNOTS.);
#1927 = CARTESIAN_POINT('',(-69.99999999986,-46.67263169491,4.18E+03));
#1928 = CARTESIAN_POINT('',(-69.99999999977,-46.67263169483,7.182E+03));
#1929 = PCURVE('',#1833,#1930);
#1930 = DEFINITIONAL_REPRESENTATION('',(#1931),#1934);
#1931 = B_SPLINE_CURVE_WITH_KNOTS('',1,(#1932,#1933),.UNSPECIFIED.,.F.,
  .F.,(2,2),(0.,3.002),.PIECEWISE_BEZIER_KNOTS.);
#1932 = CARTESIAN_POINT('',(-312.1999999999,628.33416664549));
#1933 = CARTESIAN_POINT('',(-3.3142E+03,628.33416664541));
#1934 = ( GEOMETRIC_REPRESENTATION_CONTEXT(2) 
PARAMETRIC_REPRESENTATION_CONTEXT() REPRESENTATION_CONTEXT('2D SPACE',''
  ) );
#1935 = PCURVE('',#1936,#1941);
#1936 = PLANE('',#1937);
#1937 = AXIS2_PLACEMENT_3D('',#1938,#1939,#1940);
#1938 = CARTESIAN_POINT('',(391.92418792686,-508.5968196214,7.4942E+03)
  );
#1939 = DIRECTION('',(-0.707106781187,-0.707106781187,4.058198351804E-14
    ));
#1940 = DIRECTION('',(-0.707106781187,0.707106781187,3.155443620884E-30)
  );
#1941 = DEFINITIONAL_REPRESENTATION('',(#1942),#1945);
#1942 = B_SPLINE_CURVE_WITH_KNOTS('',1,(#1943,#1944),.UNSPECIFIED.,.F.,
  .F.,(2,2),(0.,3.002),.PIECEWISE_BEZIER_KNOTS.);
#1943 = CARTESIAN_POINT('',(653.25945135401,3.3142E+03));
#1944 = CARTESIAN_POINT('',(653.259451354,312.2));
#1945 = ( GEOMETRIC_REPRESENTATION_CONTEXT(2) 
PARAMETRIC_REPRESENTATION_CONTEXT() REPRESENTATION_CONTEXT('2D SPACE',''
  ) );
#1946 = ORIENTED_EDGE('',*,*,#1947,.T.);
#1947 = EDGE_CURVE('',#1923,#1815,#1948,.T.);
#1948 = SURFACE_CURVE('',#1949,(#1952,#1958),.PCURVE_S1.);
#1949 = B_SPLINE_CURVE_WITH_KNOTS('',1,(#1950,#1951),.UNSPECIFIED.,.F.,
  .F.,(2,2),(0.,1.484924240492E-02),.PIECEWISE_BEZIER_KNOTS.);
#1950 = CARTESIAN_POINT('',(-69.99999999977,-46.67263169483,7.182E+03));
#1951 = CARTESIAN_POINT('',(-69.99999999977,-31.82338928991,7.182E+03));
#1952 = PCURVE('',#1833,#1953);
#1953 = DEFINITIONAL_REPRESENTATION('',(#1954),#1957);
#1954 = B_SPLINE_CURVE_WITH_KNOTS('',1,(#1955,#1956),.UNSPECIFIED.,.F.,
  .F.,(2,2),(0.,1.484924240492E-02),.PIECEWISE_BEZIER_KNOTS.);
#1955 = CARTESIAN_POINT('',(-3.3142E+03,628.33416664541));
#1956 = CARTESIAN_POINT('',(-3.3142E+03,613.4849242405));
#1957 = ( GEOMETRIC_REPRESENTATION_CONTEXT(2) 
PARAMETRIC_REPRESENTATION_CONTEXT() REPRESENTATION_CONTEXT('2D SPACE',''
  ) );
#1958 = PCURVE('',#1858,#1959);
#1959 = DEFINITIONAL_REPRESENTATION('',(#1960),#1963);
#1960 = B_SPLINE_CURVE_WITH_KNOTS('',1,(#1961,#1962),.UNSPECIFIED.,.F.,
  .F.,(2,2),(0.,1.484924240492E-02),.PIECEWISE_BEZIER_KNOTS.);
#1961 = CARTESIAN_POINT('',(786.99958789489,670.32732465884));
#1962 = CARTESIAN_POINT('',(786.9995878949,685.17656706376));
#1963 = ( GEOMETRIC_REPRESENTATION_CONTEXT(2) 
PARAMETRIC_REPRESENTATION_CONTEXT() REPRESENTATION_CONTEXT('2D SPACE',''
  ) );
#1964 = ORIENTED_EDGE('',*,*,#1812,.F.);
#1965 = ORIENTED_EDGE('',*,*,#1966,.T.);
#1966 = EDGE_CURVE('',#1813,#1921,#1967,.T.);
#1967 = SURFACE_CURVE('',#1968,(#1971,#1977),.PCURVE_S1.);
#1968 = B_SPLINE_CURVE_WITH_KNOTS('',1,(#1969,#1970),.UNSPECIFIED.,.F.,
  .F.,(2,2),(0.,1.484924240492E-02),.PIECEWISE_BEZIER_KNOTS.);
#1969 = CARTESIAN_POINT('',(-69.99999999986,-31.82338928999,4.18E+03));
#1970 = CARTESIAN_POINT('',(-69.99999999986,-46.67263169491,4.18E+03));
#1971 = PCURVE('',#1833,#1972);
#1972 = DEFINITIONAL_REPRESENTATION('',(#1973),#1976);
#1973 = B_SPLINE_CURVE_WITH_KNOTS('',1,(#1974,#1975),.UNSPECIFIED.,.F.,
  .F.,(2,2),(0.,1.484924240492E-02),.PIECEWISE_BEZIER_KNOTS.);
#1974 = CARTESIAN_POINT('',(-312.1999999999,613.48492424057));
#1975 = CARTESIAN_POINT('',(-312.1999999999,628.33416664549));
#1976 = ( GEOMETRIC_REPRESENTATION_CONTEXT(2) 
PARAMETRIC_REPRESENTATION_CONTEXT() REPRESENTATION_CONTEXT('2D SPACE',''
  ) );
#1977 = PCURVE('',#1906,#1978);
#1978 = DEFINITIONAL_REPRESENTATION('',(#1979),#1982);
#1979 = B_SPLINE_CURVE_WITH_KNOTS('',1,(#1980,#1981),.UNSPECIFIED.,.F.,
  .F.,(2,2),(0.,1.484924240492E-02),.PIECEWISE_BEZIER_KNOTS.);
#1980 = CARTESIAN_POINT('',(-11.20553118536,49.382154694493));
#1981 = CARTESIAN_POINT('',(-11.20553118536,34.532912289576));
#1982 = ( GEOMETRIC_REPRESENTATION_CONTEXT(2) 
PARAMETRIC_REPRESENTATION_CONTEXT() REPRESENTATION_CONTEXT('2D SPACE',''
  ) );
#1983 = ADVANCED_FACE('',(#1984),#1936,.T.);
#1984 = FACE_BOUND('',#1985,.T.);
#1985 = EDGE_LOOP('',(#1986,#2013,#2031,#2032));
#1986 = ORIENTED_EDGE('',*,*,#1987,.T.);
#1987 = EDGE_CURVE('',#1988,#1990,#1992,.T.);
#1988 = VERTEX_POINT('',#1989);
#1989 = CARTESIAN_POINT('',(-46.67261889564,-70.00001279913,4.18E+03));
#1990 = VERTEX_POINT('',#1991);
#1991 = CARTESIAN_POINT('',(-46.67261889555,-70.00001279905,7.182E+03));
#1992 = SURFACE_CURVE('',#1993,(#1996,#2002),.PCURVE_S1.);
#1993 = B_SPLINE_CURVE_WITH_KNOTS('',1,(#1994,#1995),.UNSPECIFIED.,.F.,
  .F.,(2,2),(0.,3.002),.PIECEWISE_BEZIER_KNOTS.);
#1994 = CARTESIAN_POINT('',(-46.67261889564,-70.00001279913,4.18E+03));
#1995 = CARTESIAN_POINT('',(-46.67261889555,-70.00001279905,7.182E+03));
#1996 = PCURVE('',#1936,#1997);
#1997 = DEFINITIONAL_REPRESENTATION('',(#1998),#2001);
#1998 = B_SPLINE_CURVE_WITH_KNOTS('',1,(#1999,#2000),.UNSPECIFIED.,.F.,
  .F.,(2,2),(0.,3.002),.PIECEWISE_BEZIER_KNOTS.);
#1999 = CARTESIAN_POINT('',(620.26955262177,3.3142E+03));
#2000 = CARTESIAN_POINT('',(620.26955262176,312.2));
#2001 = ( GEOMETRIC_REPRESENTATION_CONTEXT(2) 
PARAMETRIC_REPRESENTATION_CONTEXT() REPRESENTATION_CONTEXT('2D SPACE',''
  ) );
#2002 = PCURVE('',#2003,#2008);
#2003 = PLANE('',#2004);
#2004 = AXIS2_PLACEMENT_3D('',#2005,#2006,#2007);
#2005 = CARTESIAN_POINT('',(-660.1575431361,-70.00001279913,7.4942E+03)
  );
#2006 = DIRECTION('',(0.,-1.,0.));
#2007 = DIRECTION('',(0.,0.,-1.));
#2008 = DEFINITIONAL_REPRESENTATION('',(#2009),#2012);
#2009 = B_SPLINE_CURVE_WITH_KNOTS('',1,(#2010,#2011),.UNSPECIFIED.,.F.,
  .F.,(2,2),(0.,3.002),.PIECEWISE_BEZIER_KNOTS.);
#2010 = CARTESIAN_POINT('',(3.3142E+03,613.4849242405));
#2011 = CARTESIAN_POINT('',(312.2,613.48492424059));
#2012 = ( GEOMETRIC_REPRESENTATION_CONTEXT(2) 
PARAMETRIC_REPRESENTATION_CONTEXT() REPRESENTATION_CONTEXT('2D SPACE',''
  ) );
#2013 = ORIENTED_EDGE('',*,*,#2014,.T.);
#2014 = EDGE_CURVE('',#1990,#1923,#2015,.T.);
#2015 = SURFACE_CURVE('',#2016,(#2019,#2025),.PCURVE_S1.);
#2016 = B_SPLINE_CURVE_WITH_KNOTS('',1,(#2017,#2018),.UNSPECIFIED.,.F.,
  .F.,(2,2),(0.,3.298989873223E-02),.PIECEWISE_BEZIER_KNOTS.);
#2017 = CARTESIAN_POINT('',(-46.67261889555,-70.00001279905,7.182E+03));
#2018 = CARTESIAN_POINT('',(-69.99999999977,-46.67263169483,7.182E+03));
#2019 = PCURVE('',#1936,#2020);
#2020 = DEFINITIONAL_REPRESENTATION('',(#2021),#2024);
#2021 = B_SPLINE_CURVE_WITH_KNOTS('',1,(#2022,#2023),.UNSPECIFIED.,.F.,
  .F.,(2,2),(0.,3.298989873223E-02),.PIECEWISE_BEZIER_KNOTS.);
#2022 = CARTESIAN_POINT('',(620.26955262176,312.2));
#2023 = CARTESIAN_POINT('',(653.259451354,312.2));
#2024 = ( GEOMETRIC_REPRESENTATION_CONTEXT(2) 
PARAMETRIC_REPRESENTATION_CONTEXT() REPRESENTATION_CONTEXT('2D SPACE',''
  ) );
#2025 = PCURVE('',#1858,#2026);
#2026 = DEFINITIONAL_REPRESENTATION('',(#2027),#2030);
#2027 = B_SPLINE_CURVE_WITH_KNOTS('',1,(#2028,#2029),.UNSPECIFIED.,.F.,
  .F.,(2,2),(0.,3.298989873223E-02),.PIECEWISE_BEZIER_KNOTS.);
#2028 = CARTESIAN_POINT('',(763.67220679067,646.99994355463));
#2029 = CARTESIAN_POINT('',(786.99958789489,670.32732465884));
#2030 = ( GEOMETRIC_REPRESENTATION_CONTEXT(2) 
PARAMETRIC_REPRESENTATION_CONTEXT() REPRESENTATION_CONTEXT('2D SPACE',''
  ) );
#2031 = ORIENTED_EDGE('',*,*,#1920,.F.);
#2032 = ORIENTED_EDGE('',*,*,#2033,.T.);
#2033 = EDGE_CURVE('',#1921,#1988,#2034,.T.);
#2034 = SURFACE_CURVE('',#2035,(#2038,#2044),.PCURVE_S1.);
#2035 = B_SPLINE_CURVE_WITH_KNOTS('',1,(#2036,#2037),.UNSPECIFIED.,.F.,
  .F.,(2,2),(0.,3.298989873223E-02),.PIECEWISE_BEZIER_KNOTS.);
#2036 = CARTESIAN_POINT('',(-69.99999999986,-46.67263169491,4.18E+03));
#2037 = CARTESIAN_POINT('',(-46.67261889564,-70.00001279913,4.18E+03));
#2038 = PCURVE('',#1936,#2039);
#2039 = DEFINITIONAL_REPRESENTATION('',(#2040),#2043);
#2040 = B_SPLINE_CURVE_WITH_KNOTS('',1,(#2041,#2042),.UNSPECIFIED.,.F.,
  .F.,(2,2),(0.,3.298989873223E-02),.PIECEWISE_BEZIER_KNOTS.);
#2041 = CARTESIAN_POINT('',(653.25945135401,3.3142E+03));
#2042 = CARTESIAN_POINT('',(620.26955262177,3.3142E+03));
#2043 = ( GEOMETRIC_REPRESENTATION_CONTEXT(2) 
PARAMETRIC_REPRESENTATION_CONTEXT() REPRESENTATION_CONTEXT('2D SPACE',''
  ) );
#2044 = PCURVE('',#1906,#2045);
#2045 = DEFINITIONAL_REPRESENTATION('',(#2046),#2049);
#2046 = B_SPLINE_CURVE_WITH_KNOTS('',1,(#2047,#2048),.UNSPECIFIED.,.F.,
  .F.,(2,2),(0.,3.298989873223E-02),.PIECEWISE_BEZIER_KNOTS.);
#2047 = CARTESIAN_POINT('',(-11.20553118536,34.532912289576));
#2048 = CARTESIAN_POINT('',(-34.53291228957,11.205531185357));
#2049 = ( GEOMETRIC_REPRESENTATION_CONTEXT(2) 
PARAMETRIC_REPRESENTATION_CONTEXT() REPRESENTATION_CONTEXT('2D SPACE',''
  ) );
#2050 = ADVANCED_FACE('',(#2051),#2003,.T.);
#2051 = FACE_BOUND('',#2052,.T.);
#2052 = EDGE_LOOP('',(#2053,#2080,#2098,#2099));
#2053 = ORIENTED_EDGE('',*,*,#2054,.T.);
#2054 = EDGE_CURVE('',#2055,#2057,#2059,.T.);
#2055 = VERTEX_POINT('',#2056);
#2056 = CARTESIAN_POINT('',(-31.82337649073,-70.00001279913,4.18E+03));
#2057 = VERTEX_POINT('',#2058);
#2058 = CARTESIAN_POINT('',(-31.82337649063,-70.00001279905,7.182E+03));
#2059 = SURFACE_CURVE('',#2060,(#2063,#2069),.PCURVE_S1.);
#2060 = B_SPLINE_CURVE_WITH_KNOTS('',1,(#2061,#2062),.UNSPECIFIED.,.F.,
  .F.,(2,2),(0.,3.002),.PIECEWISE_BEZIER_KNOTS.);
#2061 = CARTESIAN_POINT('',(-31.82337649073,-70.00001279913,4.18E+03));
#2062 = CARTESIAN_POINT('',(-31.82337649063,-70.00001279905,7.182E+03));
#2063 = PCURVE('',#2003,#2064);
#2064 = DEFINITIONAL_REPRESENTATION('',(#2065),#2068);
#2065 = B_SPLINE_CURVE_WITH_KNOTS('',1,(#2066,#2067),.UNSPECIFIED.,.F.,
  .F.,(2,2),(0.,3.002),.PIECEWISE_BEZIER_KNOTS.);
#2066 = CARTESIAN_POINT('',(3.3142E+03,628.33416664541));
#2067 = CARTESIAN_POINT('',(312.2,628.33416664551));
#2068 = ( GEOMETRIC_REPRESENTATION_CONTEXT(2) 
PARAMETRIC_REPRESENTATION_CONTEXT() REPRESENTATION_CONTEXT('2D SPACE',''
  ) );
#2069 = PCURVE('',#2070,#2075);
#2070 = PLANE('',#2071);
#2071 = AXIS2_PLACEMENT_3D('',#2072,#2073,#2074);
#2072 = CARTESIAN_POINT('',(513.41051825454,244.79092310327,7.4942E+03)
  );
#2073 = DIRECTION('',(0.5,-0.866025403785,6.571180103575E-15));
#2074 = DIRECTION('',(-0.866025403785,-0.5,0.));
#2075 = DEFINITIONAL_REPRESENTATION('',(#2076),#2079);
#2076 = B_SPLINE_CURVE_WITH_KNOTS('',1,(#2077,#2078),.UNSPECIFIED.,.F.,
  .F.,(2,2),(0.,3.002),.PIECEWISE_BEZIER_KNOTS.);
#2077 = CARTESIAN_POINT('',(629.58187180494,3.3142E+03));
#2078 = CARTESIAN_POINT('',(629.58187180482,312.20000000001));
#2079 = ( GEOMETRIC_REPRESENTATION_CONTEXT(2) 
PARAMETRIC_REPRESENTATION_CONTEXT() REPRESENTATION_CONTEXT('2D SPACE',''
  ) );
#2080 = ORIENTED_EDGE('',*,*,#2081,.T.);
#2081 = EDGE_CURVE('',#2057,#1990,#2082,.T.);
#2082 = SURFACE_CURVE('',#2083,(#2086,#2092),.PCURVE_S1.);
#2083 = B_SPLINE_CURVE_WITH_KNOTS('',1,(#2084,#2085),.UNSPECIFIED.,.F.,
  .F.,(2,2),(0.,1.484924240492E-02),.PIECEWISE_BEZIER_KNOTS.);
#2084 = CARTESIAN_POINT('',(-31.82337649063,-70.00001279905,7.182E+03));
#2085 = CARTESIAN_POINT('',(-46.67261889555,-70.00001279905,7.182E+03));
#2086 = PCURVE('',#2003,#2087);
#2087 = DEFINITIONAL_REPRESENTATION('',(#2088),#2091);
#2088 = B_SPLINE_CURVE_WITH_KNOTS('',1,(#2089,#2090),.UNSPECIFIED.,.F.,
  .F.,(2,2),(0.,1.484924240492E-02),.PIECEWISE_BEZIER_KNOTS.);
#2089 = CARTESIAN_POINT('',(312.2,628.33416664551));
#2090 = CARTESIAN_POINT('',(312.2,613.48492424059));
#2091 = ( GEOMETRIC_REPRESENTATION_CONTEXT(2) 
PARAMETRIC_REPRESENTATION_CONTEXT() REPRESENTATION_CONTEXT('2D SPACE',''
  ) );
#2092 = PCURVE('',#1858,#2093);
#2093 = DEFINITIONAL_REPRESENTATION('',(#2094),#2097);
#2094 = B_SPLINE_CURVE_WITH_KNOTS('',1,(#2095,#2096),.UNSPECIFIED.,.F.,
  .F.,(2,2),(0.,1.484924240492E-02),.PIECEWISE_BEZIER_KNOTS.);
#2095 = CARTESIAN_POINT('',(748.82296438576,646.99994355463));
#2096 = CARTESIAN_POINT('',(763.67220679067,646.99994355463));
#2097 = ( GEOMETRIC_REPRESENTATION_CONTEXT(2) 
PARAMETRIC_REPRESENTATION_CONTEXT() REPRESENTATION_CONTEXT('2D SPACE',''
  ) );
#2098 = ORIENTED_EDGE('',*,*,#1987,.F.);
#2099 = ORIENTED_EDGE('',*,*,#2100,.T.);
#2100 = EDGE_CURVE('',#1988,#2055,#2101,.T.);
#2101 = SURFACE_CURVE('',#2102,(#2105,#2111),.PCURVE_S1.);
#2102 = B_SPLINE_CURVE_WITH_KNOTS('',1,(#2103,#2104),.UNSPECIFIED.,.F.,
  .F.,(2,2),(0.,1.484924240492E-02),.PIECEWISE_BEZIER_KNOTS.);
#2103 = CARTESIAN_POINT('',(-46.67261889564,-70.00001279913,4.18E+03));
#2104 = CARTESIAN_POINT('',(-31.82337649073,-70.00001279913,4.18E+03));
#2105 = PCURVE('',#2003,#2106);
#2106 = DEFINITIONAL_REPRESENTATION('',(#2107),#2110);
#2107 = B_SPLINE_CURVE_WITH_KNOTS('',1,(#2108,#2109),.UNSPECIFIED.,.F.,
  .F.,(2,2),(0.,1.484924240492E-02),.PIECEWISE_BEZIER_KNOTS.);
#2108 = CARTESIAN_POINT('',(3.3142E+03,613.4849242405));
#2109 = CARTESIAN_POINT('',(3.3142E+03,628.33416664541));
#2110 = ( GEOMETRIC_REPRESENTATION_CONTEXT(2) 
PARAMETRIC_REPRESENTATION_CONTEXT() REPRESENTATION_CONTEXT('2D SPACE',''
  ) );
#2111 = PCURVE('',#1906,#2112);
#2112 = DEFINITIONAL_REPRESENTATION('',(#2113),#2116);
#2113 = B_SPLINE_CURVE_WITH_KNOTS('',1,(#2114,#2115),.UNSPECIFIED.,.F.,
  .F.,(2,2),(0.,1.484924240492E-02),.PIECEWISE_BEZIER_KNOTS.);
#2114 = CARTESIAN_POINT('',(-34.53291228957,11.205531185357));
#2115 = CARTESIAN_POINT('',(-49.38215469449,11.205531185357));
#2116 = ( GEOMETRIC_REPRESENTATION_CONTEXT(2) 
PARAMETRIC_REPRESENTATION_CONTEXT() REPRESENTATION_CONTEXT('2D SPACE',''
  ) );
#2117 = ADVANCED_FACE('',(#2118),#2070,.T.);
#2118 = FACE_BOUND('',#2119,.T.);
#2119 = EDGE_LOOP('',(#2120,#2147,#2165,#2166));
#2120 = ORIENTED_EDGE('',*,*,#2121,.T.);
#2121 = EDGE_CURVE('',#2122,#2124,#2126,.T.);
#2122 = VERTEX_POINT('',#2123);
#2123 = CARTESIAN_POINT('',(-21.43928553458,-64.00475509031,4.18E+03));
#2124 = VERTEX_POINT('',#2125);
#2125 = CARTESIAN_POINT('',(-21.43928553449,-64.00475509023,7.182E+03));
#2126 = SURFACE_CURVE('',#2127,(#2130,#2136),.PCURVE_S1.);
#2127 = B_SPLINE_CURVE_WITH_KNOTS('',1,(#2128,#2129),.UNSPECIFIED.,.F.,
  .F.,(2,2),(0.,3.002),.PIECEWISE_BEZIER_KNOTS.);
#2128 = CARTESIAN_POINT('',(-21.43928553458,-64.00475509031,4.18E+03));
#2129 = CARTESIAN_POINT('',(-21.43928553449,-64.00475509023,7.182E+03));
#2130 = PCURVE('',#2070,#2131);
#2131 = DEFINITIONAL_REPRESENTATION('',(#2132),#2135);
#2132 = B_SPLINE_CURVE_WITH_KNOTS('',1,(#2133,#2134),.UNSPECIFIED.,.F.,
  .F.,(2,2),(0.,3.002),.PIECEWISE_BEZIER_KNOTS.);
#2133 = CARTESIAN_POINT('',(617.5913563873,3.3142E+03));
#2134 = CARTESIAN_POINT('',(617.59135638718,312.2));
#2135 = ( GEOMETRIC_REPRESENTATION_CONTEXT(2) 
PARAMETRIC_REPRESENTATION_CONTEXT() REPRESENTATION_CONTEXT('2D SPACE',''
  ) );
#2136 = PCURVE('',#2137,#2142);
#2137 = CYLINDRICAL_SURFACE('',#2138,67.500000000001);
#2138 = AXIS2_PLACEMENT_3D('',#2139,#2140,#2141);
#2139 = CARTESIAN_POINT('',(1.749573652844E-10,-1.2799090661E-05,
    5.681E+03));
#2140 = DIRECTION('',(3.947459643112E-14,2.631639762074E-14,1.));
#2141 = DIRECTION('',(1.,0.,-3.947459643112E-14));
#2142 = DEFINITIONAL_REPRESENTATION('',(#2143),#2146);
#2143 = B_SPLINE_CURVE_WITH_KNOTS('',1,(#2144,#2145),.UNSPECIFIED.,.F.,
  .F.,(2,2),(0.,3.002),.PIECEWISE_BEZIER_KNOTS.);
#2144 = CARTESIAN_POINT('',(4.389171530059,-1.501E+03));
#2145 = CARTESIAN_POINT('',(4.389171530059,1.501E+03));
#2146 = ( GEOMETRIC_REPRESENTATION_CONTEXT(2) 
PARAMETRIC_REPRESENTATION_CONTEXT() REPRESENTATION_CONTEXT('2D SPACE',''
  ) );
#2147 = ORIENTED_EDGE('',*,*,#2148,.T.);
#2148 = EDGE_CURVE('',#2124,#2057,#2149,.T.);
#2149 = SURFACE_CURVE('',#2150,(#2153,#2159),.PCURVE_S1.);
#2150 = B_SPLINE_CURVE_WITH_KNOTS('',1,(#2151,#2152),.UNSPECIFIED.,.F.,
  .F.,(2,2),(0.,1.199051541764E-02),.PIECEWISE_BEZIER_KNOTS.);
#2151 = CARTESIAN_POINT('',(-21.43928553449,-64.00475509023,7.182E+03));
#2152 = CARTESIAN_POINT('',(-31.82337649063,-70.00001279905,7.182E+03));
#2153 = PCURVE('',#2070,#2154);
#2154 = DEFINITIONAL_REPRESENTATION('',(#2155),#2158);
#2155 = B_SPLINE_CURVE_WITH_KNOTS('',1,(#2156,#2157),.UNSPECIFIED.,.F.,
  .F.,(2,2),(0.,1.199051541764E-02),.PIECEWISE_BEZIER_KNOTS.);
#2156 = CARTESIAN_POINT('',(617.59135638718,312.2));
#2157 = CARTESIAN_POINT('',(629.58187180482,312.20000000001));
#2158 = ( GEOMETRIC_REPRESENTATION_CONTEXT(2) 
PARAMETRIC_REPRESENTATION_CONTEXT() REPRESENTATION_CONTEXT('2D SPACE',''
  ) );
#2159 = PCURVE('',#1858,#2160);
#2160 = DEFINITIONAL_REPRESENTATION('',(#2161),#2164);
#2161 = B_SPLINE_CURVE_WITH_KNOTS('',1,(#2162,#2163),.UNSPECIFIED.,.F.,
  .F.,(2,2),(0.,1.199051541764E-02),.PIECEWISE_BEZIER_KNOTS.);
#2162 = CARTESIAN_POINT('',(738.43887342961,652.99520126344));
#2163 = CARTESIAN_POINT('',(748.82296438576,646.99994355463));
#2164 = ( GEOMETRIC_REPRESENTATION_CONTEXT(2) 
PARAMETRIC_REPRESENTATION_CONTEXT() REPRESENTATION_CONTEXT('2D SPACE',''
  ) );
#2165 = ORIENTED_EDGE('',*,*,#2054,.F.);
#2166 = ORIENTED_EDGE('',*,*,#2167,.T.);
#2167 = EDGE_CURVE('',#2055,#2122,#2168,.T.);
#2168 = SURFACE_CURVE('',#2169,(#2172,#2178),.PCURVE_S1.);
#2169 = B_SPLINE_CURVE_WITH_KNOTS('',1,(#2170,#2171),.UNSPECIFIED.,.F.,
  .F.,(2,2),(0.,1.199051541764E-02),.PIECEWISE_BEZIER_KNOTS.);
#2170 = CARTESIAN_POINT('',(-31.82337649073,-70.00001279913,4.18E+03));
#2171 = CARTESIAN_POINT('',(-21.43928553458,-64.00475509031,4.18E+03));
#2172 = PCURVE('',#2070,#2173);
#2173 = DEFINITIONAL_REPRESENTATION('',(#2174),#2177);
#2174 = B_SPLINE_CURVE_WITH_KNOTS('',1,(#2175,#2176),.UNSPECIFIED.,.F.,
  .F.,(2,2),(0.,1.199051541764E-02),.PIECEWISE_BEZIER_KNOTS.);
#2175 = CARTESIAN_POINT('',(629.58187180494,3.3142E+03));
#2176 = CARTESIAN_POINT('',(617.5913563873,3.3142E+03));
#2177 = ( GEOMETRIC_REPRESENTATION_CONTEXT(2) 
PARAMETRIC_REPRESENTATION_CONTEXT() REPRESENTATION_CONTEXT('2D SPACE',''
  ) );
#2178 = PCURVE('',#1906,#2179);
#2179 = DEFINITIONAL_REPRESENTATION('',(#2180),#2183);
#2180 = B_SPLINE_CURVE_WITH_KNOTS('',1,(#2181,#2182),.UNSPECIFIED.,.F.,
  .F.,(2,2),(0.,1.199051541764E-02),.PIECEWISE_BEZIER_KNOTS.);
#2181 = CARTESIAN_POINT('',(-49.38215469449,11.205531185357));
#2182 = CARTESIAN_POINT('',(-59.76624565064,17.200788894174));
#2183 = ( GEOMETRIC_REPRESENTATION_CONTEXT(2) 
PARAMETRIC_REPRESENTATION_CONTEXT() REPRESENTATION_CONTEXT('2D SPACE',''
  ) );
#2184 = ADVANCED_FACE('',(#2185),#2137,.T.);
#2185 = FACE_BOUND('',#2186,.T.);
#2186 = EDGE_LOOP('',(#2187,#2214,#2235,#2236));
#2187 = ORIENTED_EDGE('',*,*,#2188,.T.);
#2188 = EDGE_CURVE('',#2189,#2191,#2193,.T.);
#2189 = VERTEX_POINT('',#2190);
#2190 = CARTESIAN_POINT('',(21.543375005762,-63.96979467594,4.18E+03));
#2191 = VERTEX_POINT('',#2192);
#2192 = CARTESIAN_POINT('',(21.543375005855,-63.96979467586,7.182E+03));
#2193 = SURFACE_CURVE('',#2194,(#2197,#2203),.PCURVE_S1.);
#2194 = B_SPLINE_CURVE_WITH_KNOTS('',1,(#2195,#2196),.UNSPECIFIED.,.F.,
  .F.,(2,2),(0.,3.002),.PIECEWISE_BEZIER_KNOTS.);
#2195 = CARTESIAN_POINT('',(21.543375005762,-63.96979467594,4.18E+03));
#2196 = CARTESIAN_POINT('',(21.543375005855,-63.96979467586,7.182E+03));
#2197 = PCURVE('',#2137,#2198);
#2198 = DEFINITIONAL_REPRESENTATION('',(#2199),#2202);
#2199 = B_SPLINE_CURVE_WITH_KNOTS('',1,(#2200,#2201),.UNSPECIFIED.,.F.,
  .F.,(2,2),(0.,3.002),.PIECEWISE_BEZIER_KNOTS.);
#2200 = CARTESIAN_POINT('',(5.037233152101,-1.501E+03));
#2201 = CARTESIAN_POINT('',(5.037233152101,1.501E+03));
#2202 = ( GEOMETRIC_REPRESENTATION_CONTEXT(2) 
PARAMETRIC_REPRESENTATION_CONTEXT() REPRESENTATION_CONTEXT('2D SPACE',''
  ) );
#2203 = PCURVE('',#2204,#2209);
#2204 = PLANE('',#2205);
#2205 = AXIS2_PLACEMENT_3D('',#2206,#2207,#2208);
#2206 = CARTESIAN_POINT('',(564.54708583597,-382.4941472948,7.4942E+03)
  );
#2207 = DIRECTION('',(-0.505969911745,-0.862551127997,3.748250359643E-14
    ));
#2208 = DIRECTION('',(-0.862551127997,0.505969911745,0.));
#2209 = DEFINITIONAL_REPRESENTATION('',(#2210),#2213);
#2210 = B_SPLINE_CURVE_WITH_KNOTS('',1,(#2211,#2212),.UNSPECIFIED.,.F.,
  .F.,(2,2),(0.,3.002),.PIECEWISE_BEZIER_KNOTS.);
#2211 = CARTESIAN_POINT('',(629.53220186633,3.3142E+03));
#2212 = CARTESIAN_POINT('',(629.53220186629,312.2));
#2213 = ( GEOMETRIC_REPRESENTATION_CONTEXT(2) 
PARAMETRIC_REPRESENTATION_CONTEXT() REPRESENTATION_CONTEXT('2D SPACE',''
  ) );
#2214 = ORIENTED_EDGE('',*,*,#2215,.T.);
#2215 = EDGE_CURVE('',#2191,#2124,#2216,.T.);
#2216 = SURFACE_CURVE('',#2217,(#2222,#2228),.PCURVE_S1.);
#2217 = CIRCLE('',#2218,67.500000000008);
#2218 = AXIS2_PLACEMENT_3D('',#2219,#2220,#2221);
#2219 = CARTESIAN_POINT('',(2.222526667915E-10,-1.279904405808E-05,
    7.182E+03));
#2220 = DIRECTION('',(3.701798065822E-15,-4.55123694913E-12,-1.));
#2221 = DIRECTION('',(0.319161111195,-0.947700472249,4.314390875992E-12)
  );
#2222 = PCURVE('',#2137,#2223);
#2223 = DEFINITIONAL_REPRESENTATION('',(#2224),#2227);
#2224 = B_SPLINE_CURVE_WITH_KNOTS('',1,(#2225,#2226),.UNSPECIFIED.,.F.,
  .F.,(2,2),(-0.,0.648061622042),.PIECEWISE_BEZIER_KNOTS.);
#2225 = CARTESIAN_POINT('',(5.037233152101,1.501E+03));
#2226 = CARTESIAN_POINT('',(4.389171530059,1.501E+03));
#2227 = ( GEOMETRIC_REPRESENTATION_CONTEXT(2) 
PARAMETRIC_REPRESENTATION_CONTEXT() REPRESENTATION_CONTEXT('2D SPACE',''
  ) );
#2228 = PCURVE('',#1858,#2229);
#2229 = DEFINITIONAL_REPRESENTATION('',(#2230),#2234);
#2230 = CIRCLE('',#2231,67.500000000008);
#2231 = AXIS2_PLACEMENT_2D('',#2232,#2233);
#2232 = CARTESIAN_POINT('',(716.9995878949,716.99994355464));
#2233 = DIRECTION('',(-0.319161111195,-0.947700472249));
#2234 = ( GEOMETRIC_REPRESENTATION_CONTEXT(2) 
PARAMETRIC_REPRESENTATION_CONTEXT() REPRESENTATION_CONTEXT('2D SPACE',''
  ) );
#2235 = ORIENTED_EDGE('',*,*,#2121,.F.);
#2236 = ORIENTED_EDGE('',*,*,#2237,.T.);
#2237 = EDGE_CURVE('',#2122,#2189,#2238,.T.);
#2238 = SURFACE_CURVE('',#2239,(#2244,#2250),.PCURVE_S1.);
#2239 = CIRCLE('',#2240,67.500000000021);
#2240 = AXIS2_PLACEMENT_3D('',#2241,#2242,#2243);
#2241 = CARTESIAN_POINT('',(1.29891751647E-10,-1.279910959904E-05,
    4.18E+03));
#2242 = DIRECTION('',(-1.262439952754E-13,2.78121062698E-12,1.));
#2243 = DIRECTION('',(-0.317619044959,-0.948218404314,2.597097605565E-12
    ));
#2244 = PCURVE('',#2137,#2245);
#2245 = DEFINITIONAL_REPRESENTATION('',(#2246),#2249);
#2246 = B_SPLINE_CURVE_WITH_KNOTS('',1,(#2247,#2248),.UNSPECIFIED.,.F.,
  .F.,(2,2),(0.,0.648061622042),.PIECEWISE_BEZIER_KNOTS.);
#2247 = CARTESIAN_POINT('',(4.389171530059,-1.501E+03));
#2248 = CARTESIAN_POINT('',(5.037233152101,-1.501E+03));
#2249 = ( GEOMETRIC_REPRESENTATION_CONTEXT(2) 
PARAMETRIC_REPRESENTATION_CONTEXT() REPRESENTATION_CONTEXT('2D SPACE',''
  ) );
#2250 = PCURVE('',#1906,#2251);
#2251 = DEFINITIONAL_REPRESENTATION('',(#2252),#2260);
#2252 = ( BOUNDED_CURVE() B_SPLINE_CURVE(2,(#2253,#2254,#2255,#2256,
#2257,#2258,#2259),.UNSPECIFIED.,.T.,.F.) B_SPLINE_CURVE_WITH_KNOTS((1,2
    ,2,2,2,1),(-2.094395102393,0.,2.094395102393,4.188790204786,
6.28318530718,8.377580409573),.UNSPECIFIED.) CURVE() 
GEOMETRIC_REPRESENTATION_ITEM() RATIONAL_B_SPLINE_CURVE((1.,0.5,1.,0.5,
1.,0.5,1.)) REPRESENTATION_ITEM('') );
#2253 = CARTESIAN_POINT('',(-59.76624565064,17.200788894174));
#2254 = CARTESIAN_POINT('',(-170.6257112243,-19.93314292993));
#2255 = CARTESIAN_POINT('',(-147.3549067395,94.640936418929));
#2256 = CARTESIAN_POINT('',(-124.0841022547,209.21501576779));
#2257 = CARTESIAN_POINT('',(-36.49544116585,131.77486824303));
#2258 = CARTESIAN_POINT('',(51.09321992308,54.334720718282));
#2259 = CARTESIAN_POINT('',(-59.76624565064,17.200788894174));
#2260 = ( GEOMETRIC_REPRESENTATION_CONTEXT(2) 
PARAMETRIC_REPRESENTATION_CONTEXT() REPRESENTATION_CONTEXT('2D SPACE',''
  ) );
#2261 = ADVANCED_FACE('',(#2262),#2204,.T.);
#2262 = FACE_BOUND('',#2263,.T.);
#2263 = EDGE_LOOP('',(#2264,#2291,#2309,#2310));
#2264 = ORIENTED_EDGE('',*,*,#2265,.T.);
#2265 = EDGE_CURVE('',#2266,#2268,#2270,.T.);
#2266 = VERTEX_POINT('',#2267);
#2267 = CARTESIAN_POINT('',(31.823376490993,-70.00001279912,4.18E+03));
#2268 = VERTEX_POINT('',#2269);
#2269 = CARTESIAN_POINT('',(31.823376491087,-70.00001279905,7.182E+03));
#2270 = SURFACE_CURVE('',#2271,(#2274,#2280),.PCURVE_S1.);
#2271 = B_SPLINE_CURVE_WITH_KNOTS('',1,(#2272,#2273),.UNSPECIFIED.,.F.,
  .F.,(2,2),(0.,3.002),.PIECEWISE_BEZIER_KNOTS.);
#2272 = CARTESIAN_POINT('',(31.823376490993,-70.00001279912,4.18E+03));
#2273 = CARTESIAN_POINT('',(31.823376491087,-70.00001279905,7.182E+03));
#2274 = PCURVE('',#2204,#2275);
#2275 = DEFINITIONAL_REPRESENTATION('',(#2276),#2279);
#2276 = B_SPLINE_CURVE_WITH_KNOTS('',1,(#2277,#2278),.UNSPECIFIED.,.F.,
  .F.,(2,2),(0.,3.002),.PIECEWISE_BEZIER_KNOTS.);
#2277 = CARTESIAN_POINT('',(617.61406605784,3.3142E+03));
#2278 = CARTESIAN_POINT('',(617.6140660578,312.20000000001));
#2279 = ( GEOMETRIC_REPRESENTATION_CONTEXT(2) 
PARAMETRIC_REPRESENTATION_CONTEXT() REPRESENTATION_CONTEXT('2D SPACE',''
  ) );
#2280 = PCURVE('',#2281,#2286);
#2281 = PLANE('',#2282);
#2282 = AXIS2_PLACEMENT_3D('',#2283,#2284,#2285);
#2283 = CARTESIAN_POINT('',(-581.6615477495,-70.00001279912,7.4942E+03)
  );
#2284 = DIRECTION('',(0.,-1.,0.));
#2285 = DIRECTION('',(0.,0.,-1.));
#2286 = DEFINITIONAL_REPRESENTATION('',(#2287),#2290);
#2287 = B_SPLINE_CURVE_WITH_KNOTS('',1,(#2288,#2289),.UNSPECIFIED.,.F.,
  .F.,(2,2),(0.,3.002),.PIECEWISE_BEZIER_KNOTS.);
#2288 = CARTESIAN_POINT('',(3.3142E+03,613.4849242405));
#2289 = CARTESIAN_POINT('',(312.2,613.48492424059));
#2290 = ( GEOMETRIC_REPRESENTATION_CONTEXT(2) 
PARAMETRIC_REPRESENTATION_CONTEXT() REPRESENTATION_CONTEXT('2D SPACE',''
  ) );
#2291 = ORIENTED_EDGE('',*,*,#2292,.T.);
#2292 = EDGE_CURVE('',#2268,#2191,#2293,.T.);
#2293 = SURFACE_CURVE('',#2294,(#2297,#2303),.PCURVE_S1.);
#2294 = B_SPLINE_CURVE_WITH_KNOTS('',1,(#2295,#2296),.UNSPECIFIED.,.F.,
  .F.,(2,2),(0.,1.191813580849E-02),.PIECEWISE_BEZIER_KNOTS.);
#2295 = CARTESIAN_POINT('',(31.823376491087,-70.00001279905,7.182E+03));
#2296 = CARTESIAN_POINT('',(21.543375005855,-63.96979467586,7.182E+03));
#2297 = PCURVE('',#2204,#2298);
#2298 = DEFINITIONAL_REPRESENTATION('',(#2299),#2302);
#2299 = B_SPLINE_CURVE_WITH_KNOTS('',1,(#2300,#2301),.UNSPECIFIED.,.F.,
  .F.,(2,2),(0.,1.191813580849E-02),.PIECEWISE_BEZIER_KNOTS.);
#2300 = CARTESIAN_POINT('',(617.6140660578,312.20000000001));
#2301 = CARTESIAN_POINT('',(629.53220186629,312.2));
#2302 = ( GEOMETRIC_REPRESENTATION_CONTEXT(2) 
PARAMETRIC_REPRESENTATION_CONTEXT() REPRESENTATION_CONTEXT('2D SPACE',''
  ) );
#2303 = PCURVE('',#1858,#2304);
#2304 = DEFINITIONAL_REPRESENTATION('',(#2305),#2308);
#2305 = B_SPLINE_CURVE_WITH_KNOTS('',1,(#2306,#2307),.UNSPECIFIED.,.F.,
  .F.,(2,2),(0.,1.191813580849E-02),.PIECEWISE_BEZIER_KNOTS.);
#2306 = CARTESIAN_POINT('',(685.17621140403,646.99994355463));
#2307 = CARTESIAN_POINT('',(695.45621288926,653.03016167782));
#2308 = ( GEOMETRIC_REPRESENTATION_CONTEXT(2) 
PARAMETRIC_REPRESENTATION_CONTEXT() REPRESENTATION_CONTEXT('2D SPACE',''
  ) );
#2309 = ORIENTED_EDGE('',*,*,#2188,.F.);
#2310 = ORIENTED_EDGE('',*,*,#2311,.T.);
#2311 = EDGE_CURVE('',#2189,#2266,#2312,.T.);
#2312 = SURFACE_CURVE('',#2313,(#2316,#2322),.PCURVE_S1.);
#2313 = B_SPLINE_CURVE_WITH_KNOTS('',1,(#2314,#2315),.UNSPECIFIED.,.F.,
  .F.,(2,2),(0.,1.191813580849E-02),.PIECEWISE_BEZIER_KNOTS.);
#2314 = CARTESIAN_POINT('',(21.543375005762,-63.96979467594,4.18E+03));
#2315 = CARTESIAN_POINT('',(31.823376490993,-70.00001279912,4.18E+03));
#2316 = PCURVE('',#2204,#2317);
#2317 = DEFINITIONAL_REPRESENTATION('',(#2318),#2321);
#2318 = B_SPLINE_CURVE_WITH_KNOTS('',1,(#2319,#2320),.UNSPECIFIED.,.F.,
  .F.,(2,2),(0.,1.191813580849E-02),.PIECEWISE_BEZIER_KNOTS.);
#2319 = CARTESIAN_POINT('',(629.53220186633,3.3142E+03));
#2320 = CARTESIAN_POINT('',(617.61406605784,3.3142E+03));
#2321 = ( GEOMETRIC_REPRESENTATION_CONTEXT(2) 
PARAMETRIC_REPRESENTATION_CONTEXT() REPRESENTATION_CONTEXT('2D SPACE',''
  ) );
#2322 = PCURVE('',#1906,#2323);
#2323 = DEFINITIONAL_REPRESENTATION('',(#2324),#2327);
#2324 = B_SPLINE_CURVE_WITH_KNOTS('',1,(#2325,#2326),.UNSPECIFIED.,.F.,
  .F.,(2,2),(0.,1.191813580849E-02),.PIECEWISE_BEZIER_KNOTS.);
#2325 = CARTESIAN_POINT('',(-102.7489061909,17.235749308548));
#2326 = CARTESIAN_POINT('',(-113.0289076762,11.205531185361));
#2327 = ( GEOMETRIC_REPRESENTATION_CONTEXT(2) 
PARAMETRIC_REPRESENTATION_CONTEXT() REPRESENTATION_CONTEXT('2D SPACE',''
  ) );
#2328 = ADVANCED_FACE('',(#2329),#2281,.T.);
#2329 = FACE_BOUND('',#2330,.T.);
#2330 = EDGE_LOOP('',(#2331,#2358,#2376,#2377));
#2331 = ORIENTED_EDGE('',*,*,#2332,.T.);
#2332 = EDGE_CURVE('',#2333,#2335,#2337,.T.);
#2333 = VERTEX_POINT('',#2334);
#2334 = CARTESIAN_POINT('',(46.672618895914,-70.00001279912,4.18E+03));
#2335 = VERTEX_POINT('',#2336);
#2336 = CARTESIAN_POINT('',(46.672618896008,-70.00001279905,7.182E+03));
#2337 = SURFACE_CURVE('',#2338,(#2341,#2347),.PCURVE_S1.);
#2338 = B_SPLINE_CURVE_WITH_KNOTS('',1,(#2339,#2340),.UNSPECIFIED.,.F.,
  .F.,(2,2),(0.,3.002),.PIECEWISE_BEZIER_KNOTS.);
#2339 = CARTESIAN_POINT('',(46.672618895914,-70.00001279912,4.18E+03));
#2340 = CARTESIAN_POINT('',(46.672618896008,-70.00001279905,7.182E+03));
#2341 = PCURVE('',#2281,#2342);
#2342 = DEFINITIONAL_REPRESENTATION('',(#2343),#2346);
#2343 = B_SPLINE_CURVE_WITH_KNOTS('',1,(#2344,#2345),.UNSPECIFIED.,.F.,
  .F.,(2,2),(0.,3.002),.PIECEWISE_BEZIER_KNOTS.);
#2344 = CARTESIAN_POINT('',(3.3142E+03,628.33416664542));
#2345 = CARTESIAN_POINT('',(312.2,628.33416664551));
#2346 = ( GEOMETRIC_REPRESENTATION_CONTEXT(2) 
PARAMETRIC_REPRESENTATION_CONTEXT() REPRESENTATION_CONTEXT('2D SPACE',''
  ) );
#2347 = PCURVE('',#2348,#2353);
#2348 = PLANE('',#2349);
#2349 = AXIS2_PLACEMENT_3D('',#2350,#2351,#2352);
#2350 = CARTESIAN_POINT('',(-391.9241879264,-508.5968196214,3.8678E+03)
  );
#2351 = DIRECTION('',(0.707106781187,-0.707106781187,-4.067520775778E-15
    ));
#2352 = DIRECTION('',(0.707106781187,0.707106781187,0.));
#2353 = DEFINITIONAL_REPRESENTATION('',(#2354),#2357);
#2354 = B_SPLINE_CURVE_WITH_KNOTS('',1,(#2355,#2356),.UNSPECIFIED.,.F.,
  .F.,(2,2),(0.,3.002),.PIECEWISE_BEZIER_KNOTS.);
#2355 = CARTESIAN_POINT('',(620.26955262171,312.2));
#2356 = CARTESIAN_POINT('',(620.26955262183,3.3142E+03));
#2357 = ( GEOMETRIC_REPRESENTATION_CONTEXT(2) 
PARAMETRIC_REPRESENTATION_CONTEXT() REPRESENTATION_CONTEXT('2D SPACE',''
  ) );
#2358 = ORIENTED_EDGE('',*,*,#2359,.T.);
#2359 = EDGE_CURVE('',#2335,#2268,#2360,.T.);
#2360 = SURFACE_CURVE('',#2361,(#2364,#2370),.PCURVE_S1.);
#2361 = B_SPLINE_CURVE_WITH_KNOTS('',1,(#2362,#2363),.UNSPECIFIED.,.F.,
  .F.,(2,2),(0.,1.484924240492E-02),.PIECEWISE_BEZIER_KNOTS.);
#2362 = CARTESIAN_POINT('',(46.672618896008,-70.00001279905,7.182E+03));
#2363 = CARTESIAN_POINT('',(31.823376491087,-70.00001279905,7.182E+03));
#2364 = PCURVE('',#2281,#2365);
#2365 = DEFINITIONAL_REPRESENTATION('',(#2366),#2369);
#2366 = B_SPLINE_CURVE_WITH_KNOTS('',1,(#2367,#2368),.UNSPECIFIED.,.F.,
  .F.,(2,2),(0.,1.484924240492E-02),.PIECEWISE_BEZIER_KNOTS.);
#2367 = CARTESIAN_POINT('',(312.2,628.33416664551));
#2368 = CARTESIAN_POINT('',(312.2,613.48492424059));
#2369 = ( GEOMETRIC_REPRESENTATION_CONTEXT(2) 
PARAMETRIC_REPRESENTATION_CONTEXT() REPRESENTATION_CONTEXT('2D SPACE',''
  ) );
#2370 = PCURVE('',#1858,#2371);
#2371 = DEFINITIONAL_REPRESENTATION('',(#2372),#2375);
#2372 = B_SPLINE_CURVE_WITH_KNOTS('',1,(#2373,#2374),.UNSPECIFIED.,.F.,
  .F.,(2,2),(0.,1.484924240492E-02),.PIECEWISE_BEZIER_KNOTS.);
#2373 = CARTESIAN_POINT('',(670.32696899911,646.99994355463));
#2374 = CARTESIAN_POINT('',(685.17621140403,646.99994355463));
#2375 = ( GEOMETRIC_REPRESENTATION_CONTEXT(2) 
PARAMETRIC_REPRESENTATION_CONTEXT() REPRESENTATION_CONTEXT('2D SPACE',''
  ) );
#2376 = ORIENTED_EDGE('',*,*,#2265,.F.);
#2377 = ORIENTED_EDGE('',*,*,#2378,.T.);
#2378 = EDGE_CURVE('',#2266,#2333,#2379,.T.);
#2379 = SURFACE_CURVE('',#2380,(#2383,#2389),.PCURVE_S1.);
#2380 = B_SPLINE_CURVE_WITH_KNOTS('',1,(#2381,#2382),.UNSPECIFIED.,.F.,
  .F.,(2,2),(0.,1.484924240492E-02),.PIECEWISE_BEZIER_KNOTS.);
#2381 = CARTESIAN_POINT('',(31.823376490993,-70.00001279912,4.18E+03));
#2382 = CARTESIAN_POINT('',(46.672618895914,-70.00001279912,4.18E+03));
#2383 = PCURVE('',#2281,#2384);
#2384 = DEFINITIONAL_REPRESENTATION('',(#2385),#2388);
#2385 = B_SPLINE_CURVE_WITH_KNOTS('',1,(#2386,#2387),.UNSPECIFIED.,.F.,
  .F.,(2,2),(0.,1.484924240492E-02),.PIECEWISE_BEZIER_KNOTS.);
#2386 = CARTESIAN_POINT('',(3.3142E+03,613.4849242405));
#2387 = CARTESIAN_POINT('',(3.3142E+03,628.33416664542));
#2388 = ( GEOMETRIC_REPRESENTATION_CONTEXT(2) 
PARAMETRIC_REPRESENTATION_CONTEXT() REPRESENTATION_CONTEXT('2D SPACE',''
  ) );
#2389 = PCURVE('',#1906,#2390);
#2390 = DEFINITIONAL_REPRESENTATION('',(#2391),#2394);
#2391 = B_SPLINE_CURVE_WITH_KNOTS('',1,(#2392,#2393),.UNSPECIFIED.,.F.,
  .F.,(2,2),(0.,1.484924240492E-02),.PIECEWISE_BEZIER_KNOTS.);
#2392 = CARTESIAN_POINT('',(-113.0289076762,11.205531185361));
#2393 = CARTESIAN_POINT('',(-127.8781500811,11.205531185362));
#2394 = ( GEOMETRIC_REPRESENTATION_CONTEXT(2) 
PARAMETRIC_REPRESENTATION_CONTEXT() REPRESENTATION_CONTEXT('2D SPACE',''
  ) );
#2395 = ADVANCED_FACE('',(#2396),#2348,.T.);
#2396 = FACE_BOUND('',#2397,.T.);
#2397 = EDGE_LOOP('',(#2398,#2425,#2443,#2444));
#2398 = ORIENTED_EDGE('',*,*,#2399,.T.);
#2399 = EDGE_CURVE('',#2400,#2402,#2404,.T.);
#2400 = VERTEX_POINT('',#2401);
#2401 = CARTESIAN_POINT('',(70.000000000131,-46.6726316949,4.18E+03));
#2402 = VERTEX_POINT('',#2403);
#2403 = CARTESIAN_POINT('',(70.000000000226,-46.67263169483,7.182E+03));
#2404 = SURFACE_CURVE('',#2405,(#2408,#2414),.PCURVE_S1.);
#2405 = B_SPLINE_CURVE_WITH_KNOTS('',1,(#2406,#2407),.UNSPECIFIED.,.F.,
  .F.,(2,2),(0.,3.002),.PIECEWISE_BEZIER_KNOTS.);
#2406 = CARTESIAN_POINT('',(70.000000000131,-46.6726316949,4.18E+03));
#2407 = CARTESIAN_POINT('',(70.000000000226,-46.67263169483,7.182E+03));
#2408 = PCURVE('',#2348,#2409);
#2409 = DEFINITIONAL_REPRESENTATION('',(#2410),#2413);
#2410 = B_SPLINE_CURVE_WITH_KNOTS('',1,(#2411,#2412),.UNSPECIFIED.,.F.,
  .F.,(2,2),(0.,3.002),.PIECEWISE_BEZIER_KNOTS.);
#2411 = CARTESIAN_POINT('',(653.25945135394,312.19999999999));
#2412 = CARTESIAN_POINT('',(653.25945135406,3.3142E+03));
#2413 = ( GEOMETRIC_REPRESENTATION_CONTEXT(2) 
PARAMETRIC_REPRESENTATION_CONTEXT() REPRESENTATION_CONTEXT('2D SPACE',''
  ) );
#2414 = PCURVE('',#2415,#2420);
#2415 = PLANE('',#2416);
#2416 = AXIS2_PLACEMENT_3D('',#2417,#2418,#2419);
#2417 = CARTESIAN_POINT('',(70.00000000013,-660.1575559354,3.8678E+03));
#2418 = DIRECTION('',(1.,0.,0.));
#2419 = DIRECTION('',(0.,0.,1.));
#2420 = DEFINITIONAL_REPRESENTATION('',(#2421),#2424);
#2421 = B_SPLINE_CURVE_WITH_KNOTS('',1,(#2422,#2423),.UNSPECIFIED.,.F.,
  .F.,(2,2),(0.,3.002),.PIECEWISE_BEZIER_KNOTS.);
#2422 = CARTESIAN_POINT('',(312.19999999999,-613.4849242404));
#2423 = CARTESIAN_POINT('',(3.3142E+03,-613.4849242405));
#2424 = ( GEOMETRIC_REPRESENTATION_CONTEXT(2) 
PARAMETRIC_REPRESENTATION_CONTEXT() REPRESENTATION_CONTEXT('2D SPACE',''
  ) );
#2425 = ORIENTED_EDGE('',*,*,#2426,.T.);
#2426 = EDGE_CURVE('',#2402,#2335,#2427,.T.);
#2427 = SURFACE_CURVE('',#2428,(#2431,#2437),.PCURVE_S1.);
#2428 = B_SPLINE_CURVE_WITH_KNOTS('',1,(#2429,#2430),.UNSPECIFIED.,.F.,
  .F.,(2,2),(0.,3.298989873223E-02),.PIECEWISE_BEZIER_KNOTS.);
#2429 = CARTESIAN_POINT('',(70.000000000226,-46.67263169483,7.182E+03));
#2430 = CARTESIAN_POINT('',(46.672618896008,-70.00001279905,7.182E+03));
#2431 = PCURVE('',#2348,#2432);
#2432 = DEFINITIONAL_REPRESENTATION('',(#2433),#2436);
#2433 = B_SPLINE_CURVE_WITH_KNOTS('',1,(#2434,#2435),.UNSPECIFIED.,.F.,
  .F.,(2,2),(0.,3.298989873223E-02),.PIECEWISE_BEZIER_KNOTS.);
#2434 = CARTESIAN_POINT('',(653.25945135406,3.3142E+03));
#2435 = CARTESIAN_POINT('',(620.26955262183,3.3142E+03));
#2436 = ( GEOMETRIC_REPRESENTATION_CONTEXT(2) 
PARAMETRIC_REPRESENTATION_CONTEXT() REPRESENTATION_CONTEXT('2D SPACE',''
  ) );
#2437 = PCURVE('',#1858,#2438);
#2438 = DEFINITIONAL_REPRESENTATION('',(#2439),#2442);
#2439 = B_SPLINE_CURVE_WITH_KNOTS('',1,(#2440,#2441),.UNSPECIFIED.,.F.,
  .F.,(2,2),(0.,3.298989873223E-02),.PIECEWISE_BEZIER_KNOTS.);
#2440 = CARTESIAN_POINT('',(646.99958789489,670.32732465885));
#2441 = CARTESIAN_POINT('',(670.32696899911,646.99994355463));
#2442 = ( GEOMETRIC_REPRESENTATION_CONTEXT(2) 
PARAMETRIC_REPRESENTATION_CONTEXT() REPRESENTATION_CONTEXT('2D SPACE',''
  ) );
#2443 = ORIENTED_EDGE('',*,*,#2332,.F.);
#2444 = ORIENTED_EDGE('',*,*,#2445,.T.);
#2445 = EDGE_CURVE('',#2333,#2400,#2446,.T.);
#2446 = SURFACE_CURVE('',#2447,(#2450,#2456),.PCURVE_S1.);
#2447 = B_SPLINE_CURVE_WITH_KNOTS('',1,(#2448,#2449),.UNSPECIFIED.,.F.,
  .F.,(2,2),(0.,3.298989873223E-02),.PIECEWISE_BEZIER_KNOTS.);
#2448 = CARTESIAN_POINT('',(46.672618895914,-70.00001279912,4.18E+03));
#2449 = CARTESIAN_POINT('',(70.000000000131,-46.6726316949,4.18E+03));
#2450 = PCURVE('',#2348,#2451);
#2451 = DEFINITIONAL_REPRESENTATION('',(#2452),#2455);
#2452 = B_SPLINE_CURVE_WITH_KNOTS('',1,(#2453,#2454),.UNSPECIFIED.,.F.,
  .F.,(2,2),(0.,3.298989873223E-02),.PIECEWISE_BEZIER_KNOTS.);
#2453 = CARTESIAN_POINT('',(620.26955262171,312.2));
#2454 = CARTESIAN_POINT('',(653.25945135394,312.19999999999));
#2455 = ( GEOMETRIC_REPRESENTATION_CONTEXT(2) 
PARAMETRIC_REPRESENTATION_CONTEXT() REPRESENTATION_CONTEXT('2D SPACE',''
  ) );
#2456 = PCURVE('',#1906,#2457);
#2457 = DEFINITIONAL_REPRESENTATION('',(#2458),#2461);
#2458 = B_SPLINE_CURVE_WITH_KNOTS('',1,(#2459,#2460),.UNSPECIFIED.,.F.,
  .F.,(2,2),(0.,3.298989873223E-02),.PIECEWISE_BEZIER_KNOTS.);
#2459 = CARTESIAN_POINT('',(-127.8781500811,11.205531185362));
#2460 = CARTESIAN_POINT('',(-151.2055311853,34.53291228958));
#2461 = ( GEOMETRIC_REPRESENTATION_CONTEXT(2) 
PARAMETRIC_REPRESENTATION_CONTEXT() REPRESENTATION_CONTEXT('2D SPACE',''
  ) );
#2462 = ADVANCED_FACE('',(#2463),#2415,.T.);
#2463 = FACE_BOUND('',#2464,.T.);
#2464 = EDGE_LOOP('',(#2465,#2492,#2510,#2511));
#2465 = ORIENTED_EDGE('',*,*,#2466,.T.);
#2466 = EDGE_CURVE('',#2467,#2469,#2471,.T.);
#2467 = VERTEX_POINT('',#2468);
#2468 = CARTESIAN_POINT('',(70.000000000132,-31.82338928999,4.18E+03));
#2469 = VERTEX_POINT('',#2470);
#2470 = CARTESIAN_POINT('',(70.000000000223,-31.82338928991,7.182E+03));
#2471 = SURFACE_CURVE('',#2472,(#2475,#2481),.PCURVE_S1.);
#2472 = B_SPLINE_CURVE_WITH_KNOTS('',1,(#2473,#2474),.UNSPECIFIED.,.F.,
  .F.,(2,2),(0.,3.002),.PIECEWISE_BEZIER_KNOTS.);
#2473 = CARTESIAN_POINT('',(70.000000000132,-31.82338928999,4.18E+03));
#2474 = CARTESIAN_POINT('',(70.000000000223,-31.82338928991,7.182E+03));
#2475 = PCURVE('',#2415,#2476);
#2476 = DEFINITIONAL_REPRESENTATION('',(#2477),#2480);
#2477 = B_SPLINE_CURVE_WITH_KNOTS('',1,(#2478,#2479),.UNSPECIFIED.,.F.,
  .F.,(2,2),(0.,3.002),.PIECEWISE_BEZIER_KNOTS.);
#2478 = CARTESIAN_POINT('',(312.19999999999,-628.3341666454));
#2479 = CARTESIAN_POINT('',(3.3142E+03,-628.3341666454));
#2480 = ( GEOMETRIC_REPRESENTATION_CONTEXT(2) 
PARAMETRIC_REPRESENTATION_CONTEXT() REPRESENTATION_CONTEXT('2D SPACE',''
  ) );
#2481 = PCURVE('',#2482,#2487);
#2482 = PLANE('',#2483);
#2483 = AXIS2_PLACEMENT_3D('',#2484,#2485,#2486);
#2484 = CARTESIAN_POINT('',(378.7956781938,-566.6731930789,3.8678E+03));
#2485 = DIRECTION('',(0.866025403784,0.5,-3.978033253073E-14));
#2486 = DIRECTION('',(-0.5,0.866025403784,0.));
#2487 = DEFINITIONAL_REPRESENTATION('',(#2488),#2491);
#2488 = B_SPLINE_CURVE_WITH_KNOTS('',1,(#2489,#2490),.UNSPECIFIED.,.F.,
  .F.,(2,2),(0.,3.002),.PIECEWISE_BEZIER_KNOTS.);
#2489 = CARTESIAN_POINT('',(617.59135638723,312.19999999999));
#2490 = CARTESIAN_POINT('',(617.59135638725,3.3142E+03));
#2491 = ( GEOMETRIC_REPRESENTATION_CONTEXT(2) 
PARAMETRIC_REPRESENTATION_CONTEXT() REPRESENTATION_CONTEXT('2D SPACE',''
  ) );
#2492 = ORIENTED_EDGE('',*,*,#2493,.T.);
#2493 = EDGE_CURVE('',#2469,#2402,#2494,.T.);
#2494 = SURFACE_CURVE('',#2495,(#2498,#2504),.PCURVE_S1.);
#2495 = B_SPLINE_CURVE_WITH_KNOTS('',1,(#2496,#2497),.UNSPECIFIED.,.F.,
  .F.,(2,2),(0.,1.484924240492E-02),.PIECEWISE_BEZIER_KNOTS.);
#2496 = CARTESIAN_POINT('',(70.000000000223,-31.82338928991,7.182E+03));
#2497 = CARTESIAN_POINT('',(70.000000000226,-46.67263169483,7.182E+03));
#2498 = PCURVE('',#2415,#2499);
#2499 = DEFINITIONAL_REPRESENTATION('',(#2500),#2503);
#2500 = B_SPLINE_CURVE_WITH_KNOTS('',1,(#2501,#2502),.UNSPECIFIED.,.F.,
  .F.,(2,2),(0.,1.484924240492E-02),.PIECEWISE_BEZIER_KNOTS.);
#2501 = CARTESIAN_POINT('',(3.3142E+03,-628.3341666454));
#2502 = CARTESIAN_POINT('',(3.3142E+03,-613.4849242405));
#2503 = ( GEOMETRIC_REPRESENTATION_CONTEXT(2) 
PARAMETRIC_REPRESENTATION_CONTEXT() REPRESENTATION_CONTEXT('2D SPACE',''
  ) );
#2504 = PCURVE('',#1858,#2505);
#2505 = DEFINITIONAL_REPRESENTATION('',(#2506),#2509);
#2506 = B_SPLINE_CURVE_WITH_KNOTS('',1,(#2507,#2508),.UNSPECIFIED.,.F.,
  .F.,(2,2),(0.,1.484924240492E-02),.PIECEWISE_BEZIER_KNOTS.);
#2507 = CARTESIAN_POINT('',(646.9995878949,685.17656706377));
#2508 = CARTESIAN_POINT('',(646.99958789489,670.32732465885));
#2509 = ( GEOMETRIC_REPRESENTATION_CONTEXT(2) 
PARAMETRIC_REPRESENTATION_CONTEXT() REPRESENTATION_CONTEXT('2D SPACE',''
  ) );
#2510 = ORIENTED_EDGE('',*,*,#2399,.F.);
#2511 = ORIENTED_EDGE('',*,*,#2512,.T.);
#2512 = EDGE_CURVE('',#2400,#2467,#2513,.T.);
#2513 = SURFACE_CURVE('',#2514,(#2517,#2523),.PCURVE_S1.);
#2514 = B_SPLINE_CURVE_WITH_KNOTS('',1,(#2515,#2516),.UNSPECIFIED.,.F.,
  .F.,(2,2),(0.,1.484924240492E-02),.PIECEWISE_BEZIER_KNOTS.);
#2515 = CARTESIAN_POINT('',(70.000000000131,-46.6726316949,4.18E+03));
#2516 = CARTESIAN_POINT('',(70.000000000132,-31.82338928999,4.18E+03));
#2517 = PCURVE('',#2415,#2518);
#2518 = DEFINITIONAL_REPRESENTATION('',(#2519),#2522);
#2519 = B_SPLINE_CURVE_WITH_KNOTS('',1,(#2520,#2521),.UNSPECIFIED.,.F.,
  .F.,(2,2),(0.,1.484924240492E-02),.PIECEWISE_BEZIER_KNOTS.);
#2520 = CARTESIAN_POINT('',(312.19999999999,-613.4849242404));
#2521 = CARTESIAN_POINT('',(312.19999999999,-628.3341666454));
#2522 = ( GEOMETRIC_REPRESENTATION_CONTEXT(2) 
PARAMETRIC_REPRESENTATION_CONTEXT() REPRESENTATION_CONTEXT('2D SPACE',''
  ) );
#2523 = PCURVE('',#1906,#2524);
#2524 = DEFINITIONAL_REPRESENTATION('',(#2525),#2528);
#2525 = B_SPLINE_CURVE_WITH_KNOTS('',1,(#2526,#2527),.UNSPECIFIED.,.F.,
  .F.,(2,2),(0.,1.484924240492E-02),.PIECEWISE_BEZIER_KNOTS.);
#2526 = CARTESIAN_POINT('',(-151.2055311853,34.53291228958));
#2527 = CARTESIAN_POINT('',(-151.2055311853,49.382154694499));
#2528 = ( GEOMETRIC_REPRESENTATION_CONTEXT(2) 
PARAMETRIC_REPRESENTATION_CONTEXT() REPRESENTATION_CONTEXT('2D SPACE',''
  ) );
#2529 = ADVANCED_FACE('',(#2530),#2482,.T.);
#2530 = FACE_BOUND('',#2531,.T.);
#2531 = EDGE_LOOP('',(#2532,#2559,#2577,#2578));
#2532 = ORIENTED_EDGE('',*,*,#2533,.T.);
#2533 = EDGE_CURVE('',#2534,#2536,#2538,.T.);
#2534 = VERTEX_POINT('',#2535);
#2535 = CARTESIAN_POINT('',(64.004742291314,-21.43929833384,4.18E+03));
#2536 = VERTEX_POINT('',#2537);
#2537 = CARTESIAN_POINT('',(64.004742291408,-21.43929833377,7.182E+03));
#2538 = SURFACE_CURVE('',#2539,(#2542,#2548),.PCURVE_S1.);
#2539 = B_SPLINE_CURVE_WITH_KNOTS('',1,(#2540,#2541),.UNSPECIFIED.,.F.,
  .F.,(2,2),(0.,3.002),.PIECEWISE_BEZIER_KNOTS.);
#2540 = CARTESIAN_POINT('',(64.004742291314,-21.43929833384,4.18E+03));
#2541 = CARTESIAN_POINT('',(64.004742291408,-21.43929833377,7.182E+03));
#2542 = PCURVE('',#2482,#2543);
#2543 = DEFINITIONAL_REPRESENTATION('',(#2544),#2547);
#2544 = B_SPLINE_CURVE_WITH_KNOTS('',1,(#2545,#2546),.UNSPECIFIED.,.F.,
  .F.,(2,2),(0.,3.002),.PIECEWISE_BEZIER_KNOTS.);
#2545 = CARTESIAN_POINT('',(629.58187180486,312.19999999992));
#2546 = CARTESIAN_POINT('',(629.58187180488,3.3142E+03));
#2547 = ( GEOMETRIC_REPRESENTATION_CONTEXT(2) 
PARAMETRIC_REPRESENTATION_CONTEXT() REPRESENTATION_CONTEXT('2D SPACE',''
  ) );
#2548 = PCURVE('',#2549,#2554);
#2549 = CYLINDRICAL_SURFACE('',#2550,67.500000000001);
#2550 = AXIS2_PLACEMENT_3D('',#2551,#2552,#2553);
#2551 = CARTESIAN_POINT('',(1.767457987279E-10,-1.279909245434E-05,
    5.681E+03));
#2552 = DIRECTION('',(6.579099405186E-15,4.60536958363E-14,1.));
#2553 = DIRECTION('',(0.,1.,-4.60536958363E-14));
#2554 = DEFINITIONAL_REPRESENTATION('',(#2555),#2558);
#2555 = B_SPLINE_CURVE_WITH_KNOTS('',1,(#2556,#2557),.UNSPECIFIED.,.F.,
  .F.,(2,2),(0.,3.002),.PIECEWISE_BEZIER_KNOTS.);
#2556 = CARTESIAN_POINT('',(4.389171530059,-1.501E+03));
#2557 = CARTESIAN_POINT('',(4.389171530059,1.501E+03));
#2558 = ( GEOMETRIC_REPRESENTATION_CONTEXT(2) 
PARAMETRIC_REPRESENTATION_CONTEXT() REPRESENTATION_CONTEXT('2D SPACE',''
  ) );
#2559 = ORIENTED_EDGE('',*,*,#2560,.T.);
#2560 = EDGE_CURVE('',#2536,#2469,#2561,.T.);
#2561 = SURFACE_CURVE('',#2562,(#2565,#2571),.PCURVE_S1.);
#2562 = B_SPLINE_CURVE_WITH_KNOTS('',1,(#2563,#2564),.UNSPECIFIED.,.F.,
  .F.,(2,2),(0.,1.199051541763E-02),.PIECEWISE_BEZIER_KNOTS.);
#2563 = CARTESIAN_POINT('',(64.004742291408,-21.43929833377,7.182E+03));
#2564 = CARTESIAN_POINT('',(70.000000000223,-31.82338928991,7.182E+03));
#2565 = PCURVE('',#2482,#2566);
#2566 = DEFINITIONAL_REPRESENTATION('',(#2567),#2570);
#2567 = B_SPLINE_CURVE_WITH_KNOTS('',1,(#2568,#2569),.UNSPECIFIED.,.F.,
  .F.,(2,2),(0.,1.199051541763E-02),.PIECEWISE_BEZIER_KNOTS.);
#2568 = CARTESIAN_POINT('',(629.58187180488,3.3142E+03));
#2569 = CARTESIAN_POINT('',(617.59135638725,3.3142E+03));
#2570 = ( GEOMETRIC_REPRESENTATION_CONTEXT(2) 
PARAMETRIC_REPRESENTATION_CONTEXT() REPRESENTATION_CONTEXT('2D SPACE',''
  ) );
#2571 = PCURVE('',#1858,#2572);
#2572 = DEFINITIONAL_REPRESENTATION('',(#2573),#2576);
#2573 = B_SPLINE_CURVE_WITH_KNOTS('',1,(#2574,#2575),.UNSPECIFIED.,.F.,
  .F.,(2,2),(0.,1.199051541763E-02),.PIECEWISE_BEZIER_KNOTS.);
#2574 = CARTESIAN_POINT('',(652.99484560371,695.56065801991));
#2575 = CARTESIAN_POINT('',(646.9995878949,685.17656706377));
#2576 = ( GEOMETRIC_REPRESENTATION_CONTEXT(2) 
PARAMETRIC_REPRESENTATION_CONTEXT() REPRESENTATION_CONTEXT('2D SPACE',''
  ) );
#2577 = ORIENTED_EDGE('',*,*,#2466,.F.);
#2578 = ORIENTED_EDGE('',*,*,#2579,.T.);
#2579 = EDGE_CURVE('',#2467,#2534,#2580,.T.);
#2580 = SURFACE_CURVE('',#2581,(#2584,#2590),.PCURVE_S1.);
#2581 = B_SPLINE_CURVE_WITH_KNOTS('',1,(#2582,#2583),.UNSPECIFIED.,.F.,
  .F.,(2,2),(0.,1.199051541763E-02),.PIECEWISE_BEZIER_KNOTS.);
#2582 = CARTESIAN_POINT('',(70.000000000132,-31.82338928999,4.18E+03));
#2583 = CARTESIAN_POINT('',(64.004742291314,-21.43929833384,4.18E+03));
#2584 = PCURVE('',#2482,#2585);
#2585 = DEFINITIONAL_REPRESENTATION('',(#2586),#2589);
#2586 = B_SPLINE_CURVE_WITH_KNOTS('',1,(#2587,#2588),.UNSPECIFIED.,.F.,
  .F.,(2,2),(0.,1.199051541763E-02),.PIECEWISE_BEZIER_KNOTS.);
#2587 = CARTESIAN_POINT('',(617.59135638723,312.19999999999));
#2588 = CARTESIAN_POINT('',(629.58187180486,312.19999999992));
#2589 = ( GEOMETRIC_REPRESENTATION_CONTEXT(2) 
PARAMETRIC_REPRESENTATION_CONTEXT() REPRESENTATION_CONTEXT('2D SPACE',''
  ) );
#2590 = PCURVE('',#1906,#2591);
#2591 = DEFINITIONAL_REPRESENTATION('',(#2592),#2595);
#2592 = B_SPLINE_CURVE_WITH_KNOTS('',1,(#2593,#2594),.UNSPECIFIED.,.F.,
  .F.,(2,2),(0.,1.199051541763E-02),.PIECEWISE_BEZIER_KNOTS.);
#2593 = CARTESIAN_POINT('',(-151.2055311853,49.382154694499));
#2594 = CARTESIAN_POINT('',(-145.2102734765,59.76624565064));
#2595 = ( GEOMETRIC_REPRESENTATION_CONTEXT(2) 
PARAMETRIC_REPRESENTATION_CONTEXT() REPRESENTATION_CONTEXT('2D SPACE',''
  ) );
#2596 = ADVANCED_FACE('',(#2597),#2549,.T.);
#2597 = FACE_BOUND('',#2598,.T.);
#2598 = EDGE_LOOP('',(#2599,#2626,#2647,#2648));
#2599 = ORIENTED_EDGE('',*,*,#2600,.T.);
#2600 = EDGE_CURVE('',#2601,#2603,#2605,.T.);
#2601 = VERTEX_POINT('',#2602);
#2602 = CARTESIAN_POINT('',(63.969781876942,21.543362206493,4.18E+03));
#2603 = VERTEX_POINT('',#2604);
#2604 = CARTESIAN_POINT('',(63.969781877037,21.543362206568,7.182E+03));
#2605 = SURFACE_CURVE('',#2606,(#2609,#2615),.PCURVE_S1.);
#2606 = B_SPLINE_CURVE_WITH_KNOTS('',1,(#2607,#2608),.UNSPECIFIED.,.F.,
  .F.,(2,2),(0.,3.002),.PIECEWISE_BEZIER_KNOTS.);
#2607 = CARTESIAN_POINT('',(63.969781876942,21.543362206493,4.18E+03));
#2608 = CARTESIAN_POINT('',(63.969781877037,21.543362206568,7.182E+03));
#2609 = PCURVE('',#2549,#2610);
#2610 = DEFINITIONAL_REPRESENTATION('',(#2611),#2614);
#2611 = B_SPLINE_CURVE_WITH_KNOTS('',1,(#2612,#2613),.UNSPECIFIED.,.F.,
  .F.,(2,2),(0.,3.002),.PIECEWISE_BEZIER_KNOTS.);
#2612 = CARTESIAN_POINT('',(5.037233152101,-1.501E+03));
#2613 = CARTESIAN_POINT('',(5.0372331521,1.501E+03));
#2614 = ( GEOMETRIC_REPRESENTATION_CONTEXT(2) 
PARAMETRIC_REPRESENTATION_CONTEXT() REPRESENTATION_CONTEXT('2D SPACE',''
  ) );
#2615 = PCURVE('',#2616,#2621);
#2616 = PLANE('',#2617);
#2617 = AXIS2_PLACEMENT_3D('',#2618,#2619,#2620);
#2618 = CARTESIAN_POINT('',(-248.5243526185,-511.1803471384,3.8678E+03)
  );
#2619 = DIRECTION('',(0.862551127997,-0.505969911745,-1.36156448071E-14)
  );
#2620 = DIRECTION('',(0.505969911745,0.862551127997,0.));
#2621 = DEFINITIONAL_REPRESENTATION('',(#2622),#2625);
#2622 = B_SPLINE_CURVE_WITH_KNOTS('',1,(#2623,#2624),.UNSPECIFIED.,.F.,
  .F.,(2,2),(0.,3.002),.PIECEWISE_BEZIER_KNOTS.);
#2623 = CARTESIAN_POINT('',(617.61406605776,312.19999999992));
#2624 = CARTESIAN_POINT('',(617.61406605787,3.3142E+03));
#2625 = ( GEOMETRIC_REPRESENTATION_CONTEXT(2) 
PARAMETRIC_REPRESENTATION_CONTEXT() REPRESENTATION_CONTEXT('2D SPACE',''
  ) );
#2626 = ORIENTED_EDGE('',*,*,#2627,.T.);
#2627 = EDGE_CURVE('',#2603,#2536,#2628,.T.);
#2628 = SURFACE_CURVE('',#2629,(#2634,#2640),.PCURVE_S1.);
#2629 = CIRCLE('',#2630,67.500000000019);
#2630 = AXIS2_PLACEMENT_3D('',#2631,#2632,#2633);
#2631 = CARTESIAN_POINT('',(2.037389148141E-10,-1.279905672443E-05,
    7.182E+03));
#2632 = DIRECTION('',(5.689062993406E-12,-1.6036383309E-14,-1.));
#2633 = DIRECTION('',(0.947700472249,0.319161111194,5.386409495589E-12)
  );
#2634 = PCURVE('',#2549,#2635);
#2635 = DEFINITIONAL_REPRESENTATION('',(#2636),#2639);
#2636 = B_SPLINE_CURVE_WITH_KNOTS('',1,(#2637,#2638),.UNSPECIFIED.,.F.,
  .F.,(2,2),(-0.,0.648061622042),.PIECEWISE_BEZIER_KNOTS.);
#2637 = CARTESIAN_POINT('',(5.0372331521,1.501E+03));
#2638 = CARTESIAN_POINT('',(4.389171530059,1.501E+03));
#2639 = ( GEOMETRIC_REPRESENTATION_CONTEXT(2) 
PARAMETRIC_REPRESENTATION_CONTEXT() REPRESENTATION_CONTEXT('2D SPACE',''
  ) );
#2640 = PCURVE('',#1858,#2641);
#2641 = DEFINITIONAL_REPRESENTATION('',(#2642),#2646);
#2642 = CIRCLE('',#2643,67.500000000019);
#2643 = AXIS2_PLACEMENT_2D('',#2644,#2645);
#2644 = CARTESIAN_POINT('',(716.99958789491,716.99994355462));
#2645 = DIRECTION('',(-0.947700472249,0.319161111194));
#2646 = ( GEOMETRIC_REPRESENTATION_CONTEXT(2) 
PARAMETRIC_REPRESENTATION_CONTEXT() REPRESENTATION_CONTEXT('2D SPACE',''
  ) );
#2647 = ORIENTED_EDGE('',*,*,#2533,.F.);
#2648 = ORIENTED_EDGE('',*,*,#2649,.T.);
#2649 = EDGE_CURVE('',#2534,#2601,#2650,.T.);
#2650 = SURFACE_CURVE('',#2651,(#2656,#2662),.PCURVE_S1.);
#2651 = CIRCLE('',#2652,67.500000000015);
#2652 = AXIS2_PLACEMENT_3D('',#2653,#2654,#2655);
#2653 = CARTESIAN_POINT('',(1.144668650859E-10,-1.279913368599E-05,
    4.179999999999E+03));
#2654 = DIRECTION('',(-7.331203858935E-12,-1.659054479279E-12,1.));
#2655 = DIRECTION('',(0.948218404314,-0.317619044959,6.424635125576E-12)
  );
#2656 = PCURVE('',#2549,#2657);
#2657 = DEFINITIONAL_REPRESENTATION('',(#2658),#2661);
#2658 = B_SPLINE_CURVE_WITH_KNOTS('',1,(#2659,#2660),.UNSPECIFIED.,.F.,
  .F.,(2,2),(0.,0.648061622042),.PIECEWISE_BEZIER_KNOTS.);
#2659 = CARTESIAN_POINT('',(4.389171530059,-1.501E+03));
#2660 = CARTESIAN_POINT('',(5.037233152101,-1.501E+03));
#2661 = ( GEOMETRIC_REPRESENTATION_CONTEXT(2) 
PARAMETRIC_REPRESENTATION_CONTEXT() REPRESENTATION_CONTEXT('2D SPACE',''
  ) );
#2662 = PCURVE('',#1906,#2663);
#2663 = DEFINITIONAL_REPRESENTATION('',(#2664),#2672);
#2664 = ( BOUNDED_CURVE() B_SPLINE_CURVE(2,(#2665,#2666,#2667,#2668,
#2669,#2670,#2671),.UNSPECIFIED.,.T.,.F.) B_SPLINE_CURVE_WITH_KNOTS((1,2
    ,2,2,2,1),(-2.094395102393,0.,2.094395102393,4.188790204786,
6.28318530718,8.377580409573),.UNSPECIFIED.) CURVE() 
GEOMETRIC_REPRESENTATION_ITEM() RATIONAL_B_SPLINE_CURVE((1.,0.5,1.,0.5,
1.,0.5,1.)) REPRESENTATION_ITEM('') );
#2665 = CARTESIAN_POINT('',(-145.2102734765,59.76624565064));
#2666 = CARTESIAN_POINT('',(-182.3442053006,170.62571122435));
#2667 = CARTESIAN_POINT('',(-67.77012595179,147.35490673956));
#2668 = CARTESIAN_POINT('',(46.803953397057,124.08410225478));
#2669 = CARTESIAN_POINT('',(-30.63619412769,36.495441165858));
#2670 = CARTESIAN_POINT('',(-108.0763416524,-51.09321992307));
#2671 = CARTESIAN_POINT('',(-145.2102734765,59.76624565064));
#2672 = ( GEOMETRIC_REPRESENTATION_CONTEXT(2) 
PARAMETRIC_REPRESENTATION_CONTEXT() REPRESENTATION_CONTEXT('2D SPACE',''
  ) );
#2673 = ADVANCED_FACE('',(#2674),#1883,.T.);
#2674 = FACE_BOUND('',#2675,.T.);
#2675 = EDGE_LOOP('',(#2676,#2677,#2700,#2725));
#2676 = ORIENTED_EDGE('',*,*,#1869,.F.);
#2677 = ORIENTED_EDGE('',*,*,#2678,.T.);
#2678 = EDGE_CURVE('',#1845,#2679,#2681,.T.);
#2679 = VERTEX_POINT('',#2680);
#2680 = CARTESIAN_POINT('',(-64.00474229095,21.439272735675,7.182E+03));
#2681 = SURFACE_CURVE('',#2682,(#2687,#2693),.PCURVE_S1.);
#2682 = CIRCLE('',#2683,67.500000000018);
#2683 = AXIS2_PLACEMENT_3D('',#2684,#2685,#2686);
#2684 = CARTESIAN_POINT('',(2.412582399147E-10,-1.279905442466E-05,
    7.182E+03));
#2685 = DIRECTION('',(-4.551236949131E-12,-3.70179806507E-15,-1.));
#2686 = DIRECTION('',(-0.947700472249,-0.319161111194,4.314390875993E-12
    ));
#2687 = PCURVE('',#1883,#2688);
#2688 = DEFINITIONAL_REPRESENTATION('',(#2689),#2692);
#2689 = B_SPLINE_CURVE_WITH_KNOTS('',1,(#2690,#2691),.UNSPECIFIED.,.F.,
  .F.,(2,2),(0.,0.648061622042),.PIECEWISE_BEZIER_KNOTS.);
#2690 = CARTESIAN_POINT('',(3.466436825306,1.501E+03));
#2691 = CARTESIAN_POINT('',(2.818375203264,1.501E+03));
#2692 = ( GEOMETRIC_REPRESENTATION_CONTEXT(2) 
PARAMETRIC_REPRESENTATION_CONTEXT() REPRESENTATION_CONTEXT('2D SPACE',''
  ) );
#2693 = PCURVE('',#1858,#2694);
#2694 = DEFINITIONAL_REPRESENTATION('',(#2695),#2699);
#2695 = CIRCLE('',#2696,67.500000000018);
#2696 = AXIS2_PLACEMENT_2D('',#2697,#2698);
#2697 = CARTESIAN_POINT('',(716.99958789488,716.99994355463));
#2698 = DIRECTION('',(0.947700472249,-0.319161111194));
#2699 = ( GEOMETRIC_REPRESENTATION_CONTEXT(2) 
PARAMETRIC_REPRESENTATION_CONTEXT() REPRESENTATION_CONTEXT('2D SPACE',''
  ) );
#2700 = ORIENTED_EDGE('',*,*,#2701,.T.);
#2701 = EDGE_CURVE('',#2679,#2702,#2704,.T.);
#2702 = VERTEX_POINT('',#2703);
#2703 = CARTESIAN_POINT('',(-64.00474229105,21.439272735598,4.18E+03));
#2704 = SURFACE_CURVE('',#2705,(#2708,#2714),.PCURVE_S1.);
#2705 = B_SPLINE_CURVE_WITH_KNOTS('',1,(#2706,#2707),.UNSPECIFIED.,.F.,
  .F.,(2,2),(0.,3.002),.PIECEWISE_BEZIER_KNOTS.);
#2706 = CARTESIAN_POINT('',(-64.00474229095,21.439272735675,7.182E+03));
#2707 = CARTESIAN_POINT('',(-64.00474229105,21.439272735598,4.18E+03));
#2708 = PCURVE('',#1883,#2709);
#2709 = DEFINITIONAL_REPRESENTATION('',(#2710),#2713);
#2710 = B_SPLINE_CURVE_WITH_KNOTS('',1,(#2711,#2712),.UNSPECIFIED.,.F.,
  .F.,(2,2),(0.,3.002),.PIECEWISE_BEZIER_KNOTS.);
#2711 = CARTESIAN_POINT('',(2.818375203264,1.501E+03));
#2712 = CARTESIAN_POINT('',(2.818375203264,-1.501E+03));
#2713 = ( GEOMETRIC_REPRESENTATION_CONTEXT(2) 
PARAMETRIC_REPRESENTATION_CONTEXT() REPRESENTATION_CONTEXT('2D SPACE',''
  ) );
#2714 = PCURVE('',#2715,#2720);
#2715 = PLANE('',#2716);
#2716 = AXIS2_PLACEMENT_3D('',#2717,#2718,#2719);
#2717 = CARTESIAN_POINT('',(-378.7956781938,566.67316748059,3.8678E+03)
  );
#2718 = DIRECTION('',(-0.866025403784,-0.500000000001,3.921904729399E-14
    ));
#2719 = DIRECTION('',(0.500000000001,-0.866025403784,0.));
#2720 = DEFINITIONAL_REPRESENTATION('',(#2721),#2724);
#2721 = B_SPLINE_CURVE_WITH_KNOTS('',1,(#2722,#2723),.UNSPECIFIED.,.F.,
  .F.,(2,2),(0.,3.002),.PIECEWISE_BEZIER_KNOTS.);
#2722 = CARTESIAN_POINT('',(629.58187180486,3.3142E+03));
#2723 = CARTESIAN_POINT('',(629.58187180488,312.19999999999));
#2724 = ( GEOMETRIC_REPRESENTATION_CONTEXT(2) 
PARAMETRIC_REPRESENTATION_CONTEXT() REPRESENTATION_CONTEXT('2D SPACE',''
  ) );
#2725 = ORIENTED_EDGE('',*,*,#2726,.T.);
#2726 = EDGE_CURVE('',#2702,#1870,#2727,.T.);
#2727 = SURFACE_CURVE('',#2728,(#2733,#2739),.PCURVE_S1.);
#2728 = CIRCLE('',#2729,67.500000000015);
#2729 = AXIS2_PLACEMENT_3D('',#2730,#2731,#2732);
#2730 = CARTESIAN_POINT('',(1.457525422702E-10,-1.279912939011E-05,
    4.18E+03));
#2731 = DIRECTION('',(3.286903621328E-12,1.266553061712E-13,1.));
#2732 = DIRECTION('',(-0.948218404314,0.317619044959,3.076474369563E-12)
  );
#2733 = PCURVE('',#1883,#2734);
#2734 = DEFINITIONAL_REPRESENTATION('',(#2735),#2738);
#2735 = B_SPLINE_CURVE_WITH_KNOTS('',1,(#2736,#2737),.UNSPECIFIED.,.F.,
  .F.,(2,2),(0.,0.648061622042),.PIECEWISE_BEZIER_KNOTS.);
#2736 = CARTESIAN_POINT('',(2.818375203264,-1.501E+03));
#2737 = CARTESIAN_POINT('',(3.466436825306,-1.501E+03));
#2738 = ( GEOMETRIC_REPRESENTATION_CONTEXT(2) 
PARAMETRIC_REPRESENTATION_CONTEXT() REPRESENTATION_CONTEXT('2D SPACE',''
  ) );
#2739 = PCURVE('',#1906,#2740);
#2740 = DEFINITIONAL_REPRESENTATION('',(#2741),#2749);
#2741 = ( BOUNDED_CURVE() B_SPLINE_CURVE(2,(#2742,#2743,#2744,#2745,
#2746,#2747,#2748),.UNSPECIFIED.,.T.,.F.) B_SPLINE_CURVE_WITH_KNOTS((1,2
    ,2,2,2,1),(-2.094395102393,0.,2.094395102393,4.188790204786,
6.28318530718,8.377580409573),.UNSPECIFIED.) CURVE() 
GEOMETRIC_REPRESENTATION_ITEM() RATIONAL_B_SPLINE_CURVE((1.,0.5,1.,0.5,
1.,0.5,1.)) REPRESENTATION_ITEM('') );
#2742 = CARTESIAN_POINT('',(-17.20078889417,102.64481672008));
#2743 = CARTESIAN_POINT('',(19.933142929945,-8.214648853617));
#2744 = CARTESIAN_POINT('',(-94.64093641891,15.056155631144));
#2745 = CARTESIAN_POINT('',(-209.2150157677,38.326960115906));
#2746 = CARTESIAN_POINT('',(-131.774868243,125.91562120484));
#2747 = CARTESIAN_POINT('',(-54.3347207183,213.50428229379));
#2748 = CARTESIAN_POINT('',(-17.20078889417,102.64481672008));
#2749 = ( GEOMETRIC_REPRESENTATION_CONTEXT(2) 
PARAMETRIC_REPRESENTATION_CONTEXT() REPRESENTATION_CONTEXT('2D SPACE',''
  ) );
#2750 = ADVANCED_FACE('',(#2751),#2715,.T.);
#2751 = FACE_BOUND('',#2752,.T.);
#2752 = EDGE_LOOP('',(#2753,#2754,#2774,#2799));
#2753 = ORIENTED_EDGE('',*,*,#2701,.F.);
#2754 = ORIENTED_EDGE('',*,*,#2755,.T.);
#2755 = EDGE_CURVE('',#2679,#2756,#2758,.T.);
#2756 = VERTEX_POINT('',#2757);
#2757 = CARTESIAN_POINT('',(-69.99999999977,31.823363691807,7.182E+03));
#2758 = SURFACE_CURVE('',#2759,(#2762,#2768),.PCURVE_S1.);
#2759 = B_SPLINE_CURVE_WITH_KNOTS('',1,(#2760,#2761),.UNSPECIFIED.,.F.,
  .F.,(2,2),(0.,1.199051541763E-02),.PIECEWISE_BEZIER_KNOTS.);
#2760 = CARTESIAN_POINT('',(-64.00474229095,21.439272735675,7.182E+03));
#2761 = CARTESIAN_POINT('',(-69.99999999977,31.823363691807,7.182E+03));
#2762 = PCURVE('',#2715,#2763);
#2763 = DEFINITIONAL_REPRESENTATION('',(#2764),#2767);
#2764 = B_SPLINE_CURVE_WITH_KNOTS('',1,(#2765,#2766),.UNSPECIFIED.,.F.,
  .F.,(2,2),(0.,1.199051541763E-02),.PIECEWISE_BEZIER_KNOTS.);
#2765 = CARTESIAN_POINT('',(629.58187180486,3.3142E+03));
#2766 = CARTESIAN_POINT('',(617.59135638723,3.3142E+03));
#2767 = ( GEOMETRIC_REPRESENTATION_CONTEXT(2) 
PARAMETRIC_REPRESENTATION_CONTEXT() REPRESENTATION_CONTEXT('2D SPACE',''
  ) );
#2768 = PCURVE('',#1858,#2769);
#2769 = DEFINITIONAL_REPRESENTATION('',(#2770),#2773);
#2770 = B_SPLINE_CURVE_WITH_KNOTS('',1,(#2771,#2772),.UNSPECIFIED.,.F.,
  .F.,(2,2),(0.,1.199051541763E-02),.PIECEWISE_BEZIER_KNOTS.);
#2771 = CARTESIAN_POINT('',(781.00433018608,738.43922908936));
#2772 = CARTESIAN_POINT('',(786.9995878949,748.82332004549));
#2773 = ( GEOMETRIC_REPRESENTATION_CONTEXT(2) 
PARAMETRIC_REPRESENTATION_CONTEXT() REPRESENTATION_CONTEXT('2D SPACE',''
  ) );
#2774 = ORIENTED_EDGE('',*,*,#2775,.T.);
#2775 = EDGE_CURVE('',#2756,#2776,#2778,.T.);
#2776 = VERTEX_POINT('',#2777);
#2777 = CARTESIAN_POINT('',(-69.99999999987,31.82336369173,4.18E+03));
#2778 = SURFACE_CURVE('',#2779,(#2782,#2788),.PCURVE_S1.);
#2779 = B_SPLINE_CURVE_WITH_KNOTS('',1,(#2780,#2781),.UNSPECIFIED.,.F.,
  .F.,(2,2),(0.,3.002),.PIECEWISE_BEZIER_KNOTS.);
#2780 = CARTESIAN_POINT('',(-69.99999999977,31.823363691807,7.182E+03));
#2781 = CARTESIAN_POINT('',(-69.99999999987,31.82336369173,4.18E+03));
#2782 = PCURVE('',#2715,#2783);
#2783 = DEFINITIONAL_REPRESENTATION('',(#2784),#2787);
#2784 = B_SPLINE_CURVE_WITH_KNOTS('',1,(#2785,#2786),.UNSPECIFIED.,.F.,
  .F.,(2,2),(0.,3.002),.PIECEWISE_BEZIER_KNOTS.);
#2785 = CARTESIAN_POINT('',(617.59135638723,3.3142E+03));
#2786 = CARTESIAN_POINT('',(617.59135638725,312.19999999999));
#2787 = ( GEOMETRIC_REPRESENTATION_CONTEXT(2) 
PARAMETRIC_REPRESENTATION_CONTEXT() REPRESENTATION_CONTEXT('2D SPACE',''
  ) );
#2788 = PCURVE('',#2789,#2794);
#2789 = PLANE('',#2790);
#2790 = AXIS2_PLACEMENT_3D('',#2791,#2792,#2793);
#2791 = CARTESIAN_POINT('',(-69.99999999987,660.15753033722,3.8678E+03)
  );
#2792 = DIRECTION('',(-1.,0.,0.));
#2793 = DIRECTION('',(0.,0.,-1.));
#2794 = DEFINITIONAL_REPRESENTATION('',(#2795),#2798);
#2795 = B_SPLINE_CURVE_WITH_KNOTS('',1,(#2796,#2797),.UNSPECIFIED.,.F.,
  .F.,(2,2),(0.,3.002),.PIECEWISE_BEZIER_KNOTS.);
#2796 = CARTESIAN_POINT('',(-3.3142E+03,628.33416664541));
#2797 = CARTESIAN_POINT('',(-312.2,628.33416664549));
#2798 = ( GEOMETRIC_REPRESENTATION_CONTEXT(2) 
PARAMETRIC_REPRESENTATION_CONTEXT() REPRESENTATION_CONTEXT('2D SPACE',''
  ) );
#2799 = ORIENTED_EDGE('',*,*,#2800,.T.);
#2800 = EDGE_CURVE('',#2776,#2702,#2801,.T.);
#2801 = SURFACE_CURVE('',#2802,(#2805,#2811),.PCURVE_S1.);
#2802 = B_SPLINE_CURVE_WITH_KNOTS('',1,(#2803,#2804),.UNSPECIFIED.,.F.,
  .F.,(2,2),(0.,1.199051541763E-02),.PIECEWISE_BEZIER_KNOTS.);
#2803 = CARTESIAN_POINT('',(-69.99999999987,31.82336369173,4.18E+03));
#2804 = CARTESIAN_POINT('',(-64.00474229105,21.439272735598,4.18E+03));
#2805 = PCURVE('',#2715,#2806);
#2806 = DEFINITIONAL_REPRESENTATION('',(#2807),#2810);
#2807 = B_SPLINE_CURVE_WITH_KNOTS('',1,(#2808,#2809),.UNSPECIFIED.,.F.,
  .F.,(2,2),(0.,1.199051541763E-02),.PIECEWISE_BEZIER_KNOTS.);
#2808 = CARTESIAN_POINT('',(617.59135638725,312.19999999999));
#2809 = CARTESIAN_POINT('',(629.58187180488,312.19999999999));
#2810 = ( GEOMETRIC_REPRESENTATION_CONTEXT(2) 
PARAMETRIC_REPRESENTATION_CONTEXT() REPRESENTATION_CONTEXT('2D SPACE',''
  ) );
#2811 = PCURVE('',#1906,#2812);
#2812 = DEFINITIONAL_REPRESENTATION('',(#2813),#2816);
#2813 = B_SPLINE_CURVE_WITH_KNOTS('',1,(#2814,#2815),.UNSPECIFIED.,.F.,
  .F.,(2,2),(0.,1.199051541763E-02),.PIECEWISE_BEZIER_KNOTS.);
#2814 = CARTESIAN_POINT('',(-11.20553118535,113.02890767621));
#2815 = CARTESIAN_POINT('',(-17.20078889417,102.64481672008));
#2816 = ( GEOMETRIC_REPRESENTATION_CONTEXT(2) 
PARAMETRIC_REPRESENTATION_CONTEXT() REPRESENTATION_CONTEXT('2D SPACE',''
  ) );
#2817 = ADVANCED_FACE('',(#2818),#2789,.T.);
#2818 = FACE_BOUND('',#2819,.T.);
#2819 = EDGE_LOOP('',(#2820,#2821,#2841,#2866));
#2820 = ORIENTED_EDGE('',*,*,#2775,.F.);
#2821 = ORIENTED_EDGE('',*,*,#2822,.T.);
#2822 = EDGE_CURVE('',#2756,#2823,#2825,.T.);
#2823 = VERTEX_POINT('',#2824);
#2824 = CARTESIAN_POINT('',(-69.99999999977,46.672606096726,7.182E+03));
#2825 = SURFACE_CURVE('',#2826,(#2829,#2835),.PCURVE_S1.);
#2826 = B_SPLINE_CURVE_WITH_KNOTS('',1,(#2827,#2828),.UNSPECIFIED.,.F.,
  .F.,(2,2),(0.,1.484924240492E-02),.PIECEWISE_BEZIER_KNOTS.);
#2827 = CARTESIAN_POINT('',(-69.99999999977,31.823363691807,7.182E+03));
#2828 = CARTESIAN_POINT('',(-69.99999999977,46.672606096726,7.182E+03));
#2829 = PCURVE('',#2789,#2830);
#2830 = DEFINITIONAL_REPRESENTATION('',(#2831),#2834);
#2831 = B_SPLINE_CURVE_WITH_KNOTS('',1,(#2832,#2833),.UNSPECIFIED.,.F.,
  .F.,(2,2),(0.,1.484924240492E-02),.PIECEWISE_BEZIER_KNOTS.);
#2832 = CARTESIAN_POINT('',(-3.3142E+03,628.33416664541));
#2833 = CARTESIAN_POINT('',(-3.3142E+03,613.48492424049));
#2834 = ( GEOMETRIC_REPRESENTATION_CONTEXT(2) 
PARAMETRIC_REPRESENTATION_CONTEXT() REPRESENTATION_CONTEXT('2D SPACE',''
  ) );
#2835 = PCURVE('',#1858,#2836);
#2836 = DEFINITIONAL_REPRESENTATION('',(#2837),#2840);
#2837 = B_SPLINE_CURVE_WITH_KNOTS('',1,(#2838,#2839),.UNSPECIFIED.,.F.,
  .F.,(2,2),(0.,1.484924240492E-02),.PIECEWISE_BEZIER_KNOTS.);
#2838 = CARTESIAN_POINT('',(786.9995878949,748.82332004549));
#2839 = CARTESIAN_POINT('',(786.9995878949,763.67256245041));
#2840 = ( GEOMETRIC_REPRESENTATION_CONTEXT(2) 
PARAMETRIC_REPRESENTATION_CONTEXT() REPRESENTATION_CONTEXT('2D SPACE',''
  ) );
#2841 = ORIENTED_EDGE('',*,*,#2842,.T.);
#2842 = EDGE_CURVE('',#2823,#2843,#2845,.T.);
#2843 = VERTEX_POINT('',#2844);
#2844 = CARTESIAN_POINT('',(-69.99999999987,46.672606096648,4.18E+03));
#2845 = SURFACE_CURVE('',#2846,(#2849,#2855),.PCURVE_S1.);
#2846 = B_SPLINE_CURVE_WITH_KNOTS('',1,(#2847,#2848),.UNSPECIFIED.,.F.,
  .F.,(2,2),(0.,3.002),.PIECEWISE_BEZIER_KNOTS.);
#2847 = CARTESIAN_POINT('',(-69.99999999977,46.672606096726,7.182E+03));
#2848 = CARTESIAN_POINT('',(-69.99999999987,46.672606096648,4.18E+03));
#2849 = PCURVE('',#2789,#2850);
#2850 = DEFINITIONAL_REPRESENTATION('',(#2851),#2854);
#2851 = B_SPLINE_CURVE_WITH_KNOTS('',1,(#2852,#2853),.UNSPECIFIED.,.F.,
  .F.,(2,2),(0.,3.002),.PIECEWISE_BEZIER_KNOTS.);
#2852 = CARTESIAN_POINT('',(-3.3142E+03,613.48492424049));
#2853 = CARTESIAN_POINT('',(-312.1999999999,613.48492424057));
#2854 = ( GEOMETRIC_REPRESENTATION_CONTEXT(2) 
PARAMETRIC_REPRESENTATION_CONTEXT() REPRESENTATION_CONTEXT('2D SPACE',''
  ) );
#2855 = PCURVE('',#2856,#2861);
#2856 = PLANE('',#2857);
#2857 = AXIS2_PLACEMENT_3D('',#2858,#2859,#2860);
#2858 = CARTESIAN_POINT('',(391.92418792676,508.59679402333,3.8678E+03)
  );
#2859 = DIRECTION('',(-0.707106781187,0.707106781187,4.170558093379E-15)
  );
#2860 = DIRECTION('',(-0.707106781187,-0.707106781187,0.));
#2861 = DEFINITIONAL_REPRESENTATION('',(#2862),#2865);
#2862 = B_SPLINE_CURVE_WITH_KNOTS('',1,(#2863,#2864),.UNSPECIFIED.,.F.,
  .F.,(2,2),(0.,3.002),.PIECEWISE_BEZIER_KNOTS.);
#2863 = CARTESIAN_POINT('',(653.25945135394,3.3142E+03));
#2864 = CARTESIAN_POINT('',(653.25945135406,312.19999999999));
#2865 = ( GEOMETRIC_REPRESENTATION_CONTEXT(2) 
PARAMETRIC_REPRESENTATION_CONTEXT() REPRESENTATION_CONTEXT('2D SPACE',''
  ) );
#2866 = ORIENTED_EDGE('',*,*,#2867,.T.);
#2867 = EDGE_CURVE('',#2843,#2776,#2868,.T.);
#2868 = SURFACE_CURVE('',#2869,(#2872,#2878),.PCURVE_S1.);
#2869 = B_SPLINE_CURVE_WITH_KNOTS('',1,(#2870,#2871),.UNSPECIFIED.,.F.,
  .F.,(2,2),(0.,1.484924240492E-02),.PIECEWISE_BEZIER_KNOTS.);
#2870 = CARTESIAN_POINT('',(-69.99999999987,46.672606096648,4.18E+03));
#2871 = CARTESIAN_POINT('',(-69.99999999987,31.82336369173,4.18E+03));
#2872 = PCURVE('',#2789,#2873);
#2873 = DEFINITIONAL_REPRESENTATION('',(#2874),#2877);
#2874 = B_SPLINE_CURVE_WITH_KNOTS('',1,(#2875,#2876),.UNSPECIFIED.,.F.,
  .F.,(2,2),(0.,1.484924240492E-02),.PIECEWISE_BEZIER_KNOTS.);
#2875 = CARTESIAN_POINT('',(-312.1999999999,613.48492424057));
#2876 = CARTESIAN_POINT('',(-312.2,628.33416664549));
#2877 = ( GEOMETRIC_REPRESENTATION_CONTEXT(2) 
PARAMETRIC_REPRESENTATION_CONTEXT() REPRESENTATION_CONTEXT('2D SPACE',''
  ) );
#2878 = PCURVE('',#1906,#2879);
#2879 = DEFINITIONAL_REPRESENTATION('',(#2880),#2883);
#2880 = B_SPLINE_CURVE_WITH_KNOTS('',1,(#2881,#2882),.UNSPECIFIED.,.F.,
  .F.,(2,2),(0.,1.484924240492E-02),.PIECEWISE_BEZIER_KNOTS.);
#2881 = CARTESIAN_POINT('',(-11.20553118535,127.87815008113));
#2882 = CARTESIAN_POINT('',(-11.20553118535,113.02890767621));
#2883 = ( GEOMETRIC_REPRESENTATION_CONTEXT(2) 
PARAMETRIC_REPRESENTATION_CONTEXT() REPRESENTATION_CONTEXT('2D SPACE',''
  ) );
#2884 = ADVANCED_FACE('',(#2885),#2856,.T.);
#2885 = FACE_BOUND('',#2886,.T.);
#2886 = EDGE_LOOP('',(#2887,#2888,#2908,#2933));
#2887 = ORIENTED_EDGE('',*,*,#2842,.F.);
#2888 = ORIENTED_EDGE('',*,*,#2889,.T.);
#2889 = EDGE_CURVE('',#2823,#2890,#2892,.T.);
#2890 = VERTEX_POINT('',#2891);
#2891 = CARTESIAN_POINT('',(-46.67261889556,69.999987200945,7.182E+03));
#2892 = SURFACE_CURVE('',#2893,(#2896,#2902),.PCURVE_S1.);
#2893 = B_SPLINE_CURVE_WITH_KNOTS('',1,(#2894,#2895),.UNSPECIFIED.,.F.,
  .F.,(2,2),(0.,3.298989873223E-02),.PIECEWISE_BEZIER_KNOTS.);
#2894 = CARTESIAN_POINT('',(-69.99999999977,46.672606096726,7.182E+03));
#2895 = CARTESIAN_POINT('',(-46.67261889556,69.999987200945,7.182E+03));
#2896 = PCURVE('',#2856,#2897);
#2897 = DEFINITIONAL_REPRESENTATION('',(#2898),#2901);
#2898 = B_SPLINE_CURVE_WITH_KNOTS('',1,(#2899,#2900),.UNSPECIFIED.,.F.,
  .F.,(2,2),(0.,3.298989873223E-02),.PIECEWISE_BEZIER_KNOTS.);
#2899 = CARTESIAN_POINT('',(653.25945135394,3.3142E+03));
#2900 = CARTESIAN_POINT('',(620.26955262171,3.3142E+03));
#2901 = ( GEOMETRIC_REPRESENTATION_CONTEXT(2) 
PARAMETRIC_REPRESENTATION_CONTEXT() REPRESENTATION_CONTEXT('2D SPACE',''
  ) );
#2902 = PCURVE('',#1858,#2903);
#2903 = DEFINITIONAL_REPRESENTATION('',(#2904),#2907);
#2904 = B_SPLINE_CURVE_WITH_KNOTS('',1,(#2905,#2906),.UNSPECIFIED.,.F.,
  .F.,(2,2),(0.,3.298989873223E-02),.PIECEWISE_BEZIER_KNOTS.);
#2905 = CARTESIAN_POINT('',(786.9995878949,763.67256245041));
#2906 = CARTESIAN_POINT('',(763.67220679068,786.99994355463));
#2907 = ( GEOMETRIC_REPRESENTATION_CONTEXT(2) 
PARAMETRIC_REPRESENTATION_CONTEXT() REPRESENTATION_CONTEXT('2D SPACE',''
  ) );
#2908 = ORIENTED_EDGE('',*,*,#2909,.T.);
#2909 = EDGE_CURVE('',#2890,#2910,#2912,.T.);
#2910 = VERTEX_POINT('',#2911);
#2911 = CARTESIAN_POINT('',(-46.67261889565,69.999987200867,4.18E+03));
#2912 = SURFACE_CURVE('',#2913,(#2916,#2922),.PCURVE_S1.);
#2913 = B_SPLINE_CURVE_WITH_KNOTS('',1,(#2914,#2915),.UNSPECIFIED.,.F.,
  .F.,(2,2),(0.,3.002),.PIECEWISE_BEZIER_KNOTS.);
#2914 = CARTESIAN_POINT('',(-46.67261889556,69.999987200945,7.182E+03));
#2915 = CARTESIAN_POINT('',(-46.67261889565,69.999987200867,4.18E+03));
#2916 = PCURVE('',#2856,#2917);
#2917 = DEFINITIONAL_REPRESENTATION('',(#2918),#2921);
#2918 = B_SPLINE_CURVE_WITH_KNOTS('',1,(#2919,#2920),.UNSPECIFIED.,.F.,
  .F.,(2,2),(0.,3.002),.PIECEWISE_BEZIER_KNOTS.);
#2919 = CARTESIAN_POINT('',(620.26955262171,3.3142E+03));
#2920 = CARTESIAN_POINT('',(620.26955262183,312.2));
#2921 = ( GEOMETRIC_REPRESENTATION_CONTEXT(2) 
PARAMETRIC_REPRESENTATION_CONTEXT() REPRESENTATION_CONTEXT('2D SPACE',''
  ) );
#2922 = PCURVE('',#2923,#2928);
#2923 = PLANE('',#2924);
#2924 = AXIS2_PLACEMENT_3D('',#2925,#2926,#2927);
#2925 = CARTESIAN_POINT('',(-660.1575431361,69.99998720087,3.8678E+03));
#2926 = DIRECTION('',(0.,1.,0.));
#2927 = DIRECTION('',(0.,0.,1.));
#2928 = DEFINITIONAL_REPRESENTATION('',(#2929),#2932);
#2929 = B_SPLINE_CURVE_WITH_KNOTS('',1,(#2930,#2931),.UNSPECIFIED.,.F.,
  .F.,(2,2),(0.,3.002),.PIECEWISE_BEZIER_KNOTS.);
#2930 = CARTESIAN_POINT('',(3.3142E+03,613.48492424059));
#2931 = CARTESIAN_POINT('',(312.2,613.4849242405));
#2932 = ( GEOMETRIC_REPRESENTATION_CONTEXT(2) 
PARAMETRIC_REPRESENTATION_CONTEXT() REPRESENTATION_CONTEXT('2D SPACE',''
  ) );
#2933 = ORIENTED_EDGE('',*,*,#2934,.T.);
#2934 = EDGE_CURVE('',#2910,#2843,#2935,.T.);
#2935 = SURFACE_CURVE('',#2936,(#2939,#2945),.PCURVE_S1.);
#2936 = B_SPLINE_CURVE_WITH_KNOTS('',1,(#2937,#2938),.UNSPECIFIED.,.F.,
  .F.,(2,2),(0.,3.298989873223E-02),.PIECEWISE_BEZIER_KNOTS.);
#2937 = CARTESIAN_POINT('',(-46.67261889565,69.999987200867,4.18E+03));
#2938 = CARTESIAN_POINT('',(-69.99999999987,46.672606096648,4.18E+03));
#2939 = PCURVE('',#2856,#2940);
#2940 = DEFINITIONAL_REPRESENTATION('',(#2941),#2944);
#2941 = B_SPLINE_CURVE_WITH_KNOTS('',1,(#2942,#2943),.UNSPECIFIED.,.F.,
  .F.,(2,2),(0.,3.298989873223E-02),.PIECEWISE_BEZIER_KNOTS.);
#2942 = CARTESIAN_POINT('',(620.26955262183,312.2));
#2943 = CARTESIAN_POINT('',(653.25945135406,312.19999999999));
#2944 = ( GEOMETRIC_REPRESENTATION_CONTEXT(2) 
PARAMETRIC_REPRESENTATION_CONTEXT() REPRESENTATION_CONTEXT('2D SPACE',''
  ) );
#2945 = PCURVE('',#1906,#2946);
#2946 = DEFINITIONAL_REPRESENTATION('',(#2947),#2950);
#2947 = B_SPLINE_CURVE_WITH_KNOTS('',1,(#2948,#2949),.UNSPECIFIED.,.F.,
  .F.,(2,2),(0.,3.298989873223E-02),.PIECEWISE_BEZIER_KNOTS.);
#2948 = CARTESIAN_POINT('',(-34.53291228957,151.20553118535));
#2949 = CARTESIAN_POINT('',(-11.20553118535,127.87815008113));
#2950 = ( GEOMETRIC_REPRESENTATION_CONTEXT(2) 
PARAMETRIC_REPRESENTATION_CONTEXT() REPRESENTATION_CONTEXT('2D SPACE',''
  ) );
#2951 = ADVANCED_FACE('',(#2952),#2923,.T.);
#2952 = FACE_BOUND('',#2953,.T.);
#2953 = EDGE_LOOP('',(#2954,#2955,#2975,#3000));
#2954 = ORIENTED_EDGE('',*,*,#2909,.F.);
#2955 = ORIENTED_EDGE('',*,*,#2956,.T.);
#2956 = EDGE_CURVE('',#2890,#2957,#2959,.T.);
#2957 = VERTEX_POINT('',#2958);
#2958 = CARTESIAN_POINT('',(-31.82337649064,69.999987200945,7.182E+03));
#2959 = SURFACE_CURVE('',#2960,(#2963,#2969),.PCURVE_S1.);
#2960 = B_SPLINE_CURVE_WITH_KNOTS('',1,(#2961,#2962),.UNSPECIFIED.,.F.,
  .F.,(2,2),(0.,1.484924240492E-02),.PIECEWISE_BEZIER_KNOTS.);
#2961 = CARTESIAN_POINT('',(-46.67261889556,69.999987200945,7.182E+03));
#2962 = CARTESIAN_POINT('',(-31.82337649064,69.999987200945,7.182E+03));
#2963 = PCURVE('',#2923,#2964);
#2964 = DEFINITIONAL_REPRESENTATION('',(#2965),#2968);
#2965 = B_SPLINE_CURVE_WITH_KNOTS('',1,(#2966,#2967),.UNSPECIFIED.,.F.,
  .F.,(2,2),(0.,1.484924240492E-02),.PIECEWISE_BEZIER_KNOTS.);
#2966 = CARTESIAN_POINT('',(3.3142E+03,613.48492424059));
#2967 = CARTESIAN_POINT('',(3.3142E+03,628.33416664551));
#2968 = ( GEOMETRIC_REPRESENTATION_CONTEXT(2) 
PARAMETRIC_REPRESENTATION_CONTEXT() REPRESENTATION_CONTEXT('2D SPACE',''
  ) );
#2969 = PCURVE('',#1858,#2970);
#2970 = DEFINITIONAL_REPRESENTATION('',(#2971),#2974);
#2971 = B_SPLINE_CURVE_WITH_KNOTS('',1,(#2972,#2973),.UNSPECIFIED.,.F.,
  .F.,(2,2),(0.,1.484924240492E-02),.PIECEWISE_BEZIER_KNOTS.);
#2972 = CARTESIAN_POINT('',(763.67220679068,786.99994355463));
#2973 = CARTESIAN_POINT('',(748.82296438576,786.99994355463));
#2974 = ( GEOMETRIC_REPRESENTATION_CONTEXT(2) 
PARAMETRIC_REPRESENTATION_CONTEXT() REPRESENTATION_CONTEXT('2D SPACE',''
  ) );
#2975 = ORIENTED_EDGE('',*,*,#2976,.T.);
#2976 = EDGE_CURVE('',#2957,#2977,#2979,.T.);
#2977 = VERTEX_POINT('',#2978);
#2978 = CARTESIAN_POINT('',(-31.82337649073,69.999987200869,4.18E+03));
#2979 = SURFACE_CURVE('',#2980,(#2983,#2989),.PCURVE_S1.);
#2980 = B_SPLINE_CURVE_WITH_KNOTS('',1,(#2981,#2982),.UNSPECIFIED.,.F.,
  .F.,(2,2),(0.,3.002),.PIECEWISE_BEZIER_KNOTS.);
#2981 = CARTESIAN_POINT('',(-31.82337649064,69.999987200945,7.182E+03));
#2982 = CARTESIAN_POINT('',(-31.82337649073,69.999987200869,4.18E+03));
#2983 = PCURVE('',#2923,#2984);
#2984 = DEFINITIONAL_REPRESENTATION('',(#2985),#2988);
#2985 = B_SPLINE_CURVE_WITH_KNOTS('',1,(#2986,#2987),.UNSPECIFIED.,.F.,
  .F.,(2,2),(0.,3.002),.PIECEWISE_BEZIER_KNOTS.);
#2986 = CARTESIAN_POINT('',(3.3142E+03,628.33416664551));
#2987 = CARTESIAN_POINT('',(312.19999999999,628.33416664541));
#2988 = ( GEOMETRIC_REPRESENTATION_CONTEXT(2) 
PARAMETRIC_REPRESENTATION_CONTEXT() REPRESENTATION_CONTEXT('2D SPACE',''
  ) );
#2989 = PCURVE('',#2990,#2995);
#2990 = PLANE('',#2991);
#2991 = AXIS2_PLACEMENT_3D('',#2992,#2993,#2994);
#2992 = CARTESIAN_POINT('',(-564.5470858355,382.49412169683,7.4942E+03)
  );
#2993 = DIRECTION('',(0.505969911745,0.862551127997,-3.788006553763E-14)
  );
#2994 = DIRECTION('',(0.862551127997,-0.505969911745,3.155443620884E-30)
  );
#2995 = DEFINITIONAL_REPRESENTATION('',(#2996),#2999);
#2996 = B_SPLINE_CURVE_WITH_KNOTS('',1,(#2997,#2998),.UNSPECIFIED.,.F.,
  .F.,(2,2),(0.,3.002),.PIECEWISE_BEZIER_KNOTS.);
#2997 = CARTESIAN_POINT('',(617.61406605784,312.2));
#2998 = CARTESIAN_POINT('',(617.6140660578,3.3142E+03));
#2999 = ( GEOMETRIC_REPRESENTATION_CONTEXT(2) 
PARAMETRIC_REPRESENTATION_CONTEXT() REPRESENTATION_CONTEXT('2D SPACE',''
  ) );
#3000 = ORIENTED_EDGE('',*,*,#3001,.T.);
#3001 = EDGE_CURVE('',#2977,#2910,#3002,.T.);
#3002 = SURFACE_CURVE('',#3003,(#3006,#3012),.PCURVE_S1.);
#3003 = B_SPLINE_CURVE_WITH_KNOTS('',1,(#3004,#3005),.UNSPECIFIED.,.F.,
  .F.,(2,2),(0.,1.484924240492E-02),.PIECEWISE_BEZIER_KNOTS.);
#3004 = CARTESIAN_POINT('',(-31.82337649073,69.999987200869,4.18E+03));
#3005 = CARTESIAN_POINT('',(-46.67261889565,69.999987200867,4.18E+03));
#3006 = PCURVE('',#2923,#3007);
#3007 = DEFINITIONAL_REPRESENTATION('',(#3008),#3011);
#3008 = B_SPLINE_CURVE_WITH_KNOTS('',1,(#3009,#3010),.UNSPECIFIED.,.F.,
  .F.,(2,2),(0.,1.484924240492E-02),.PIECEWISE_BEZIER_KNOTS.);
#3009 = CARTESIAN_POINT('',(312.19999999999,628.33416664541));
#3010 = CARTESIAN_POINT('',(312.2,613.4849242405));
#3011 = ( GEOMETRIC_REPRESENTATION_CONTEXT(2) 
PARAMETRIC_REPRESENTATION_CONTEXT() REPRESENTATION_CONTEXT('2D SPACE',''
  ) );
#3012 = PCURVE('',#1906,#3013);
#3013 = DEFINITIONAL_REPRESENTATION('',(#3014),#3017);
#3014 = B_SPLINE_CURVE_WITH_KNOTS('',1,(#3015,#3016),.UNSPECIFIED.,.F.,
  .F.,(2,2),(0.,1.484924240492E-02),.PIECEWISE_BEZIER_KNOTS.);
#3015 = CARTESIAN_POINT('',(-49.38215469449,151.20553118535));
#3016 = CARTESIAN_POINT('',(-34.53291228957,151.20553118535));
#3017 = ( GEOMETRIC_REPRESENTATION_CONTEXT(2) 
PARAMETRIC_REPRESENTATION_CONTEXT() REPRESENTATION_CONTEXT('2D SPACE',''
  ) );
#3018 = ADVANCED_FACE('',(#3019),#2990,.T.);
#3019 = FACE_BOUND('',#3020,.T.);
#3020 = EDGE_LOOP('',(#3021,#3022,#3042,#3067));
#3021 = ORIENTED_EDGE('',*,*,#2976,.F.);
#3022 = ORIENTED_EDGE('',*,*,#3023,.T.);
#3023 = EDGE_CURVE('',#2957,#3024,#3026,.T.);
#3024 = VERTEX_POINT('',#3025);
#3025 = CARTESIAN_POINT('',(-21.5433750054,63.969769077754,7.182E+03));
#3026 = SURFACE_CURVE('',#3027,(#3030,#3036),.PCURVE_S1.);
#3027 = B_SPLINE_CURVE_WITH_KNOTS('',1,(#3028,#3029),.UNSPECIFIED.,.F.,
  .F.,(2,2),(0.,1.19181358085E-02),.PIECEWISE_BEZIER_KNOTS.);
#3028 = CARTESIAN_POINT('',(-31.82337649064,69.999987200945,7.182E+03));
#3029 = CARTESIAN_POINT('',(-21.5433750054,63.969769077754,7.182E+03));
#3030 = PCURVE('',#2990,#3031);
#3031 = DEFINITIONAL_REPRESENTATION('',(#3032),#3035);
#3032 = B_SPLINE_CURVE_WITH_KNOTS('',1,(#3033,#3034),.UNSPECIFIED.,.F.,
  .F.,(2,2),(0.,1.19181358085E-02),.PIECEWISE_BEZIER_KNOTS.);
#3033 = CARTESIAN_POINT('',(617.61406605784,312.2));
#3034 = CARTESIAN_POINT('',(629.53220186633,312.2));
#3035 = ( GEOMETRIC_REPRESENTATION_CONTEXT(2) 
PARAMETRIC_REPRESENTATION_CONTEXT() REPRESENTATION_CONTEXT('2D SPACE',''
  ) );
#3036 = PCURVE('',#1858,#3037);
#3037 = DEFINITIONAL_REPRESENTATION('',(#3038),#3041);
#3038 = B_SPLINE_CURVE_WITH_KNOTS('',1,(#3039,#3040),.UNSPECIFIED.,.F.,
  .F.,(2,2),(0.,1.19181358085E-02),.PIECEWISE_BEZIER_KNOTS.);
#3039 = CARTESIAN_POINT('',(748.82296438576,786.99994355463));
#3040 = CARTESIAN_POINT('',(738.54296290052,780.96972543143));
#3041 = ( GEOMETRIC_REPRESENTATION_CONTEXT(2) 
PARAMETRIC_REPRESENTATION_CONTEXT() REPRESENTATION_CONTEXT('2D SPACE',''
  ) );
#3042 = ORIENTED_EDGE('',*,*,#3043,.T.);
#3043 = EDGE_CURVE('',#3024,#3044,#3046,.T.);
#3044 = VERTEX_POINT('',#3045);
#3045 = CARTESIAN_POINT('',(-21.5433750055,63.969769077679,4.18E+03));
#3046 = SURFACE_CURVE('',#3047,(#3050,#3056),.PCURVE_S1.);
#3047 = B_SPLINE_CURVE_WITH_KNOTS('',1,(#3048,#3049),.UNSPECIFIED.,.F.,
  .F.,(2,2),(0.,3.002),.PIECEWISE_BEZIER_KNOTS.);
#3048 = CARTESIAN_POINT('',(-21.5433750054,63.969769077754,7.182E+03));
#3049 = CARTESIAN_POINT('',(-21.5433750055,63.969769077679,4.18E+03));
#3050 = PCURVE('',#2990,#3051);
#3051 = DEFINITIONAL_REPRESENTATION('',(#3052),#3055);
#3052 = B_SPLINE_CURVE_WITH_KNOTS('',1,(#3053,#3054),.UNSPECIFIED.,.F.,
  .F.,(2,2),(0.,3.002),.PIECEWISE_BEZIER_KNOTS.);
#3053 = CARTESIAN_POINT('',(629.53220186633,312.2));
#3054 = CARTESIAN_POINT('',(629.53220186629,3.3142E+03));
#3055 = ( GEOMETRIC_REPRESENTATION_CONTEXT(2) 
PARAMETRIC_REPRESENTATION_CONTEXT() REPRESENTATION_CONTEXT('2D SPACE',''
  ) );
#3056 = PCURVE('',#3057,#3062);
#3057 = CYLINDRICAL_SURFACE('',#3058,67.500000000013);
#3058 = AXIS2_PLACEMENT_3D('',#3059,#3060,#3061);
#3059 = CARTESIAN_POINT('',(1.771800274235E-10,-1.279910710772E-05,
    5.681E+03));
#3060 = DIRECTION('',(1.315819881037E-14,2.631639762074E-14,1.));
#3061 = DIRECTION('',(0.,1.,-2.631639762074E-14));
#3062 = DEFINITIONAL_REPRESENTATION('',(#3063),#3066);
#3063 = B_SPLINE_CURVE_WITH_KNOTS('',1,(#3064,#3065),.UNSPECIFIED.,.F.,
  .F.,(2,2),(0.,3.002),.PIECEWISE_BEZIER_KNOTS.);
#3064 = CARTESIAN_POINT('',(0.324844171716,1.501E+03));
#3065 = CARTESIAN_POINT('',(0.324844171717,-1.501E+03));
#3066 = ( GEOMETRIC_REPRESENTATION_CONTEXT(2) 
PARAMETRIC_REPRESENTATION_CONTEXT() REPRESENTATION_CONTEXT('2D SPACE',''
  ) );
#3067 = ORIENTED_EDGE('',*,*,#3068,.T.);
#3068 = EDGE_CURVE('',#3044,#2977,#3069,.T.);
#3069 = SURFACE_CURVE('',#3070,(#3073,#3079),.PCURVE_S1.);
#3070 = B_SPLINE_CURVE_WITH_KNOTS('',1,(#3071,#3072),.UNSPECIFIED.,.F.,
  .F.,(2,2),(0.,1.191813580849E-02),.PIECEWISE_BEZIER_KNOTS.);
#3071 = CARTESIAN_POINT('',(-21.5433750055,63.969769077679,4.18E+03));
#3072 = CARTESIAN_POINT('',(-31.82337649073,69.999987200869,4.18E+03));
#3073 = PCURVE('',#2990,#3074);
#3074 = DEFINITIONAL_REPRESENTATION('',(#3075),#3078);
#3075 = B_SPLINE_CURVE_WITH_KNOTS('',1,(#3076,#3077),.UNSPECIFIED.,.F.,
  .F.,(2,2),(0.,1.191813580849E-02),.PIECEWISE_BEZIER_KNOTS.);
#3076 = CARTESIAN_POINT('',(629.53220186629,3.3142E+03));
#3077 = CARTESIAN_POINT('',(617.6140660578,3.3142E+03));
#3078 = ( GEOMETRIC_REPRESENTATION_CONTEXT(2) 
PARAMETRIC_REPRESENTATION_CONTEXT() REPRESENTATION_CONTEXT('2D SPACE',''
  ) );
#3079 = PCURVE('',#1906,#3080);
#3080 = DEFINITIONAL_REPRESENTATION('',(#3081),#3084);
#3081 = B_SPLINE_CURVE_WITH_KNOTS('',1,(#3082,#3083),.UNSPECIFIED.,.F.,
  .F.,(2,2),(0.,1.191813580849E-02),.PIECEWISE_BEZIER_KNOTS.);
#3082 = CARTESIAN_POINT('',(-59.66215617972,145.17531306216));
#3083 = CARTESIAN_POINT('',(-49.38215469449,151.20553118535));
#3084 = ( GEOMETRIC_REPRESENTATION_CONTEXT(2) 
PARAMETRIC_REPRESENTATION_CONTEXT() REPRESENTATION_CONTEXT('2D SPACE',''
  ) );
#3085 = ADVANCED_FACE('',(#3086),#3057,.T.);
#3086 = FACE_BOUND('',#3087,.T.);
#3087 = EDGE_LOOP('',(#3088,#3089,#3112,#3137));
#3088 = ORIENTED_EDGE('',*,*,#3043,.F.);
#3089 = ORIENTED_EDGE('',*,*,#3090,.T.);
#3090 = EDGE_CURVE('',#3024,#3091,#3093,.T.);
#3091 = VERTEX_POINT('',#3092);
#3092 = CARTESIAN_POINT('',(21.439285534943,64.004729492129,7.182E+03));
#3093 = SURFACE_CURVE('',#3094,(#3099,#3105),.PCURVE_S1.);
#3094 = CIRCLE('',#3095,67.500000000009);
#3095 = AXIS2_PLACEMENT_3D('',#3096,#3097,#3098);
#3096 = CARTESIAN_POINT('',(2.280375573998E-10,-1.279906478198E-05,
    7.182E+03));
#3097 = DIRECTION('',(1.583072786041E-14,5.941909490576E-12,-1.));
#3098 = DIRECTION('',(-0.319161111195,0.947700472249,5.626097877585E-12)
  );
#3099 = PCURVE('',#3057,#3100);
#3100 = DEFINITIONAL_REPRESENTATION('',(#3101),#3104);
#3101 = B_SPLINE_CURVE_WITH_KNOTS('',1,(#3102,#3103),.UNSPECIFIED.,.F.,
  .F.,(2,2),(0.,0.648061622042),.PIECEWISE_BEZIER_KNOTS.);
#3102 = CARTESIAN_POINT('',(0.324844171716,1.501E+03));
#3103 = CARTESIAN_POINT('',(-0.323217450326,1.501E+03));
#3104 = ( GEOMETRIC_REPRESENTATION_CONTEXT(2) 
PARAMETRIC_REPRESENTATION_CONTEXT() REPRESENTATION_CONTEXT('2D SPACE',''
  ) );
#3105 = PCURVE('',#1858,#3106);
#3106 = DEFINITIONAL_REPRESENTATION('',(#3107),#3111);
#3107 = CIRCLE('',#3108,67.500000000009);
#3108 = AXIS2_PLACEMENT_2D('',#3109,#3110);
#3109 = CARTESIAN_POINT('',(716.99958789489,716.99994355462));
#3110 = DIRECTION('',(0.319161111195,0.947700472249));
#3111 = ( GEOMETRIC_REPRESENTATION_CONTEXT(2) 
PARAMETRIC_REPRESENTATION_CONTEXT() REPRESENTATION_CONTEXT('2D SPACE',''
  ) );
#3112 = ORIENTED_EDGE('',*,*,#3113,.T.);
#3113 = EDGE_CURVE('',#3091,#3114,#3116,.T.);
#3114 = VERTEX_POINT('',#3115);
#3115 = CARTESIAN_POINT('',(21.439285534849,64.004729492053,4.18E+03));
#3116 = SURFACE_CURVE('',#3117,(#3120,#3126),.PCURVE_S1.);
#3117 = B_SPLINE_CURVE_WITH_KNOTS('',1,(#3118,#3119),.UNSPECIFIED.,.F.,
  .F.,(2,2),(0.,3.002),.PIECEWISE_BEZIER_KNOTS.);
#3118 = CARTESIAN_POINT('',(21.439285534943,64.004729492129,7.182E+03));
#3119 = CARTESIAN_POINT('',(21.439285534849,64.004729492053,4.18E+03));
#3120 = PCURVE('',#3057,#3121);
#3121 = DEFINITIONAL_REPRESENTATION('',(#3122),#3125);
#3122 = B_SPLINE_CURVE_WITH_KNOTS('',1,(#3123,#3124),.UNSPECIFIED.,.F.,
  .F.,(2,2),(0.,3.002),.PIECEWISE_BEZIER_KNOTS.);
#3123 = CARTESIAN_POINT('',(-0.323217450326,1.501E+03));
#3124 = CARTESIAN_POINT('',(-0.323217450325,-1.501E+03));
#3125 = ( GEOMETRIC_REPRESENTATION_CONTEXT(2) 
PARAMETRIC_REPRESENTATION_CONTEXT() REPRESENTATION_CONTEXT('2D SPACE',''
  ) );
#3126 = PCURVE('',#3127,#3132);
#3127 = PLANE('',#3128);
#3128 = AXIS2_PLACEMENT_3D('',#3129,#3130,#3131);
#3129 = CARTESIAN_POINT('',(-513.4105182541,-244.7909487014,7.4942E+03)
  );
#3130 = DIRECTION('',(-0.5,0.866025403784,-6.771843091794E-15));
#3131 = DIRECTION('',(0.866025403784,0.5,-7.88860905221E-31));
#3132 = DEFINITIONAL_REPRESENTATION('',(#3133),#3136);
#3133 = B_SPLINE_CURVE_WITH_KNOTS('',1,(#3134,#3135),.UNSPECIFIED.,.F.,
  .F.,(2,2),(0.,3.002),.PIECEWISE_BEZIER_KNOTS.);
#3134 = CARTESIAN_POINT('',(617.5913563873,312.2));
#3135 = CARTESIAN_POINT('',(617.59135638718,3.3142E+03));
#3136 = ( GEOMETRIC_REPRESENTATION_CONTEXT(2) 
PARAMETRIC_REPRESENTATION_CONTEXT() REPRESENTATION_CONTEXT('2D SPACE',''
  ) );
#3137 = ORIENTED_EDGE('',*,*,#3138,.T.);
#3138 = EDGE_CURVE('',#3114,#3044,#3139,.T.);
#3139 = SURFACE_CURVE('',#3140,(#3145,#3151),.PCURVE_S1.);
#3140 = CIRCLE('',#3141,67.500000000016);
#3141 = AXIS2_PLACEMENT_3D('',#3142,#3143,#3144);
#3142 = CARTESIAN_POINT('',(1.317795826023E-10,-1.279914743594E-05,
    4.18E+03));
#3143 = DIRECTION('',(1.046549148679E-13,-1.643418196686E-12,1.));
#3144 = DIRECTION('',(0.317619044959,0.948218404314,1.525078985971E-12)
  );
#3145 = PCURVE('',#3057,#3146);
#3146 = DEFINITIONAL_REPRESENTATION('',(#3147),#3150);
#3147 = B_SPLINE_CURVE_WITH_KNOTS('',1,(#3148,#3149),.UNSPECIFIED.,.F.,
  .F.,(2,2),(0.,0.648061622042),.PIECEWISE_BEZIER_KNOTS.);
#3148 = CARTESIAN_POINT('',(-0.323217450325,-1.501E+03));
#3149 = CARTESIAN_POINT('',(0.324844171717,-1.501E+03));
#3150 = ( GEOMETRIC_REPRESENTATION_CONTEXT(2) 
PARAMETRIC_REPRESENTATION_CONTEXT() REPRESENTATION_CONTEXT('2D SPACE',''
  ) );
#3151 = PCURVE('',#1906,#3152);
#3152 = DEFINITIONAL_REPRESENTATION('',(#3153),#3161);
#3153 = ( BOUNDED_CURVE() B_SPLINE_CURVE(2,(#3154,#3155,#3156,#3157,
#3158,#3159,#3160),.UNSPECIFIED.,.T.,.F.) B_SPLINE_CURVE_WITH_KNOTS((1,2
    ,2,2,2,1),(-2.094395102393,0.,2.094395102393,4.188790204786,
6.28318530718,8.377580409573),.UNSPECIFIED.) CURVE() 
GEOMETRIC_REPRESENTATION_ITEM() RATIONAL_B_SPLINE_CURVE((1.,0.5,1.,0.5,
1.,0.5,1.)) REPRESENTATION_ITEM('') );
#3154 = CARTESIAN_POINT('',(-102.64481672,145.21027347654));
#3155 = CARTESIAN_POINT('',(8.214648853634,182.34420530064));
#3156 = CARTESIAN_POINT('',(-15.05615563114,67.770125951795));
#3157 = CARTESIAN_POINT('',(-38.32696011592,-46.80395339705));
#3158 = CARTESIAN_POINT('',(-125.9156212048,30.636194127688));
#3159 = CARTESIAN_POINT('',(-213.5042822937,108.07634165243));
#3160 = CARTESIAN_POINT('',(-102.64481672,145.21027347654));
#3161 = ( GEOMETRIC_REPRESENTATION_CONTEXT(2) 
PARAMETRIC_REPRESENTATION_CONTEXT() REPRESENTATION_CONTEXT('2D SPACE',''
  ) );
#3162 = ADVANCED_FACE('',(#3163),#3127,.T.);
#3163 = FACE_BOUND('',#3164,.T.);
#3164 = EDGE_LOOP('',(#3165,#3166,#3186,#3211));
#3165 = ORIENTED_EDGE('',*,*,#3113,.F.);
#3166 = ORIENTED_EDGE('',*,*,#3167,.T.);
#3167 = EDGE_CURVE('',#3091,#3168,#3170,.T.);
#3168 = VERTEX_POINT('',#3169);
#3169 = CARTESIAN_POINT('',(31.823376491084,69.999987200948,7.182E+03));
#3170 = SURFACE_CURVE('',#3171,(#3174,#3180),.PCURVE_S1.);
#3171 = B_SPLINE_CURVE_WITH_KNOTS('',1,(#3172,#3173),.UNSPECIFIED.,.F.,
  .F.,(2,2),(0.,1.199051541764E-02),.PIECEWISE_BEZIER_KNOTS.);
#3172 = CARTESIAN_POINT('',(21.439285534943,64.004729492129,7.182E+03));
#3173 = CARTESIAN_POINT('',(31.823376491084,69.999987200948,7.182E+03));
#3174 = PCURVE('',#3127,#3175);
#3175 = DEFINITIONAL_REPRESENTATION('',(#3176),#3179);
#3176 = B_SPLINE_CURVE_WITH_KNOTS('',1,(#3177,#3178),.UNSPECIFIED.,.F.,
  .F.,(2,2),(0.,1.199051541764E-02),.PIECEWISE_BEZIER_KNOTS.);
#3177 = CARTESIAN_POINT('',(617.5913563873,312.2));
#3178 = CARTESIAN_POINT('',(629.58187180494,312.2));
#3179 = ( GEOMETRIC_REPRESENTATION_CONTEXT(2) 
PARAMETRIC_REPRESENTATION_CONTEXT() REPRESENTATION_CONTEXT('2D SPACE',''
  ) );
#3180 = PCURVE('',#1858,#3181);
#3181 = DEFINITIONAL_REPRESENTATION('',(#3182),#3185);
#3182 = B_SPLINE_CURVE_WITH_KNOTS('',1,(#3183,#3184),.UNSPECIFIED.,.F.,
  .F.,(2,2),(0.,1.199051541764E-02),.PIECEWISE_BEZIER_KNOTS.);
#3183 = CARTESIAN_POINT('',(695.56030236018,781.00468584581));
#3184 = CARTESIAN_POINT('',(685.17621140403,786.99994355463));
#3185 = ( GEOMETRIC_REPRESENTATION_CONTEXT(2) 
PARAMETRIC_REPRESENTATION_CONTEXT() REPRESENTATION_CONTEXT('2D SPACE',''
  ) );
#3186 = ORIENTED_EDGE('',*,*,#3187,.T.);
#3187 = EDGE_CURVE('',#3168,#3188,#3190,.T.);
#3188 = VERTEX_POINT('',#3189);
#3189 = CARTESIAN_POINT('',(31.82337649099,69.999987200871,4.18E+03));
#3190 = SURFACE_CURVE('',#3191,(#3194,#3200),.PCURVE_S1.);
#3191 = B_SPLINE_CURVE_WITH_KNOTS('',1,(#3192,#3193),.UNSPECIFIED.,.F.,
  .F.,(2,2),(0.,3.002),.PIECEWISE_BEZIER_KNOTS.);
#3192 = CARTESIAN_POINT('',(31.823376491084,69.999987200948,7.182E+03));
#3193 = CARTESIAN_POINT('',(31.82337649099,69.999987200871,4.18E+03));
#3194 = PCURVE('',#3127,#3195);
#3195 = DEFINITIONAL_REPRESENTATION('',(#3196),#3199);
#3196 = B_SPLINE_CURVE_WITH_KNOTS('',1,(#3197,#3198),.UNSPECIFIED.,.F.,
  .F.,(2,2),(0.,3.002),.PIECEWISE_BEZIER_KNOTS.);
#3197 = CARTESIAN_POINT('',(629.58187180494,312.2));
#3198 = CARTESIAN_POINT('',(629.58187180482,3.3142E+03));
#3199 = ( GEOMETRIC_REPRESENTATION_CONTEXT(2) 
PARAMETRIC_REPRESENTATION_CONTEXT() REPRESENTATION_CONTEXT('2D SPACE',''
  ) );
#3200 = PCURVE('',#3201,#3206);
#3201 = PLANE('',#3202);
#3202 = AXIS2_PLACEMENT_3D('',#3203,#3204,#3205);
#3203 = CARTESIAN_POINT('',(-581.6615477495,69.999987200872,3.8678E+03)
  );
#3204 = DIRECTION('',(0.,1.,0.));
#3205 = DIRECTION('',(0.,0.,1.));
#3206 = DEFINITIONAL_REPRESENTATION('',(#3207),#3210);
#3207 = B_SPLINE_CURVE_WITH_KNOTS('',1,(#3208,#3209),.UNSPECIFIED.,.F.,
  .F.,(2,2),(0.,3.002),.PIECEWISE_BEZIER_KNOTS.);
#3208 = CARTESIAN_POINT('',(3.3142E+03,613.48492424059));
#3209 = CARTESIAN_POINT('',(312.19999999999,613.4849242405));
#3210 = ( GEOMETRIC_REPRESENTATION_CONTEXT(2) 
PARAMETRIC_REPRESENTATION_CONTEXT() REPRESENTATION_CONTEXT('2D SPACE',''
  ) );
#3211 = ORIENTED_EDGE('',*,*,#3212,.T.);
#3212 = EDGE_CURVE('',#3188,#3114,#3213,.T.);
#3213 = SURFACE_CURVE('',#3214,(#3217,#3223),.PCURVE_S1.);
#3214 = B_SPLINE_CURVE_WITH_KNOTS('',1,(#3215,#3216),.UNSPECIFIED.,.F.,
  .F.,(2,2),(0.,1.199051541764E-02),.PIECEWISE_BEZIER_KNOTS.);
#3215 = CARTESIAN_POINT('',(31.82337649099,69.999987200871,4.18E+03));
#3216 = CARTESIAN_POINT('',(21.439285534849,64.004729492053,4.18E+03));
#3217 = PCURVE('',#3127,#3218);
#3218 = DEFINITIONAL_REPRESENTATION('',(#3219),#3222);
#3219 = B_SPLINE_CURVE_WITH_KNOTS('',1,(#3220,#3221),.UNSPECIFIED.,.F.,
  .F.,(2,2),(0.,1.199051541764E-02),.PIECEWISE_BEZIER_KNOTS.);
#3220 = CARTESIAN_POINT('',(629.58187180482,3.3142E+03));
#3221 = CARTESIAN_POINT('',(617.59135638718,3.3142E+03));
#3222 = ( GEOMETRIC_REPRESENTATION_CONTEXT(2) 
PARAMETRIC_REPRESENTATION_CONTEXT() REPRESENTATION_CONTEXT('2D SPACE',''
  ) );
#3223 = PCURVE('',#1906,#3224);
#3224 = DEFINITIONAL_REPRESENTATION('',(#3225),#3228);
#3225 = B_SPLINE_CURVE_WITH_KNOTS('',1,(#3226,#3227),.UNSPECIFIED.,.F.,
  .F.,(2,2),(0.,1.199051541764E-02),.PIECEWISE_BEZIER_KNOTS.);
#3226 = CARTESIAN_POINT('',(-113.0289076762,151.20553118536));
#3227 = CARTESIAN_POINT('',(-102.64481672,145.21027347654));
#3228 = ( GEOMETRIC_REPRESENTATION_CONTEXT(2) 
PARAMETRIC_REPRESENTATION_CONTEXT() REPRESENTATION_CONTEXT('2D SPACE',''
  ) );
#3229 = ADVANCED_FACE('',(#3230),#3201,.T.);
#3230 = FACE_BOUND('',#3231,.T.);
#3231 = EDGE_LOOP('',(#3232,#3233,#3253,#3278));
#3232 = ORIENTED_EDGE('',*,*,#3187,.F.);
#3233 = ORIENTED_EDGE('',*,*,#3234,.T.);
#3234 = EDGE_CURVE('',#3168,#3235,#3237,.T.);
#3235 = VERTEX_POINT('',#3236);
#3236 = CARTESIAN_POINT('',(46.672618896003,69.999987200949,7.182E+03));
#3237 = SURFACE_CURVE('',#3238,(#3241,#3247),.PCURVE_S1.);
#3238 = B_SPLINE_CURVE_WITH_KNOTS('',1,(#3239,#3240),.UNSPECIFIED.,.F.,
  .F.,(2,2),(0.,1.484924240492E-02),.PIECEWISE_BEZIER_KNOTS.);
#3239 = CARTESIAN_POINT('',(31.823376491084,69.999987200948,7.182E+03));
#3240 = CARTESIAN_POINT('',(46.672618896003,69.999987200949,7.182E+03));
#3241 = PCURVE('',#3201,#3242);
#3242 = DEFINITIONAL_REPRESENTATION('',(#3243),#3246);
#3243 = B_SPLINE_CURVE_WITH_KNOTS('',1,(#3244,#3245),.UNSPECIFIED.,.F.,
  .F.,(2,2),(0.,1.484924240492E-02),.PIECEWISE_BEZIER_KNOTS.);
#3244 = CARTESIAN_POINT('',(3.3142E+03,613.48492424059));
#3245 = CARTESIAN_POINT('',(3.3142E+03,628.33416664551));
#3246 = ( GEOMETRIC_REPRESENTATION_CONTEXT(2) 
PARAMETRIC_REPRESENTATION_CONTEXT() REPRESENTATION_CONTEXT('2D SPACE',''
  ) );
#3247 = PCURVE('',#1858,#3248);
#3248 = DEFINITIONAL_REPRESENTATION('',(#3249),#3252);
#3249 = B_SPLINE_CURVE_WITH_KNOTS('',1,(#3250,#3251),.UNSPECIFIED.,.F.,
  .F.,(2,2),(0.,1.484924240492E-02),.PIECEWISE_BEZIER_KNOTS.);
#3250 = CARTESIAN_POINT('',(685.17621140403,786.99994355463));
#3251 = CARTESIAN_POINT('',(670.32696899912,786.99994355463));
#3252 = ( GEOMETRIC_REPRESENTATION_CONTEXT(2) 
PARAMETRIC_REPRESENTATION_CONTEXT() REPRESENTATION_CONTEXT('2D SPACE',''
  ) );
#3253 = ORIENTED_EDGE('',*,*,#3254,.T.);
#3254 = EDGE_CURVE('',#3235,#3255,#3257,.T.);
#3255 = VERTEX_POINT('',#3256);
#3256 = CARTESIAN_POINT('',(46.672618895909,69.999987200873,4.18E+03));
#3257 = SURFACE_CURVE('',#3258,(#3261,#3267),.PCURVE_S1.);
#3258 = B_SPLINE_CURVE_WITH_KNOTS('',1,(#3259,#3260),.UNSPECIFIED.,.F.,
  .F.,(2,2),(0.,3.002),.PIECEWISE_BEZIER_KNOTS.);
#3259 = CARTESIAN_POINT('',(46.672618896003,69.999987200949,7.182E+03));
#3260 = CARTESIAN_POINT('',(46.672618895909,69.999987200873,4.18E+03));
#3261 = PCURVE('',#3201,#3262);
#3262 = DEFINITIONAL_REPRESENTATION('',(#3263),#3266);
#3263 = B_SPLINE_CURVE_WITH_KNOTS('',1,(#3264,#3265),.UNSPECIFIED.,.F.,
  .F.,(2,2),(0.,3.002),.PIECEWISE_BEZIER_KNOTS.);
#3264 = CARTESIAN_POINT('',(3.3142E+03,628.33416664551));
#3265 = CARTESIAN_POINT('',(312.19999999999,628.33416664542));
#3266 = ( GEOMETRIC_REPRESENTATION_CONTEXT(2) 
PARAMETRIC_REPRESENTATION_CONTEXT() REPRESENTATION_CONTEXT('2D SPACE',''
  ) );
#3267 = PCURVE('',#3268,#3273);
#3268 = PLANE('',#3269);
#3269 = AXIS2_PLACEMENT_3D('',#3270,#3271,#3272);
#3270 = CARTESIAN_POINT('',(-391.9241879264,508.59679402335,7.4942E+03)
  );
#3271 = DIRECTION('',(0.707106781187,0.707106781187,-4.038081542177E-14)
  );
#3272 = DIRECTION('',(0.707106781187,-0.707106781187,0.));
#3273 = DEFINITIONAL_REPRESENTATION('',(#3274),#3277);
#3274 = B_SPLINE_CURVE_WITH_KNOTS('',1,(#3275,#3276),.UNSPECIFIED.,.F.,
  .F.,(2,2),(0.,3.002),.PIECEWISE_BEZIER_KNOTS.);
#3275 = CARTESIAN_POINT('',(620.26955262177,312.19999999999));
#3276 = CARTESIAN_POINT('',(620.26955262176,3.3142E+03));
#3277 = ( GEOMETRIC_REPRESENTATION_CONTEXT(2) 
PARAMETRIC_REPRESENTATION_CONTEXT() REPRESENTATION_CONTEXT('2D SPACE',''
  ) );
#3278 = ORIENTED_EDGE('',*,*,#3279,.T.);
#3279 = EDGE_CURVE('',#3255,#3188,#3280,.T.);
#3280 = SURFACE_CURVE('',#3281,(#3284,#3290),.PCURVE_S1.);
#3281 = B_SPLINE_CURVE_WITH_KNOTS('',1,(#3282,#3283),.UNSPECIFIED.,.F.,
  .F.,(2,2),(0.,1.484924240492E-02),.PIECEWISE_BEZIER_KNOTS.);
#3282 = CARTESIAN_POINT('',(46.672618895909,69.999987200873,4.18E+03));
#3283 = CARTESIAN_POINT('',(31.82337649099,69.999987200871,4.18E+03));
#3284 = PCURVE('',#3201,#3285);
#3285 = DEFINITIONAL_REPRESENTATION('',(#3286),#3289);
#3286 = B_SPLINE_CURVE_WITH_KNOTS('',1,(#3287,#3288),.UNSPECIFIED.,.F.,
  .F.,(2,2),(0.,1.484924240492E-02),.PIECEWISE_BEZIER_KNOTS.);
#3287 = CARTESIAN_POINT('',(312.19999999999,628.33416664542));
#3288 = CARTESIAN_POINT('',(312.19999999999,613.4849242405));
#3289 = ( GEOMETRIC_REPRESENTATION_CONTEXT(2) 
PARAMETRIC_REPRESENTATION_CONTEXT() REPRESENTATION_CONTEXT('2D SPACE',''
  ) );
#3290 = PCURVE('',#1906,#3291);
#3291 = DEFINITIONAL_REPRESENTATION('',(#3292),#3295);
#3292 = B_SPLINE_CURVE_WITH_KNOTS('',1,(#3293,#3294),.UNSPECIFIED.,.F.,
  .F.,(2,2),(0.,1.484924240492E-02),.PIECEWISE_BEZIER_KNOTS.);
#3293 = CARTESIAN_POINT('',(-127.8781500811,151.20553118536));
#3294 = CARTESIAN_POINT('',(-113.0289076762,151.20553118536));
#3295 = ( GEOMETRIC_REPRESENTATION_CONTEXT(2) 
PARAMETRIC_REPRESENTATION_CONTEXT() REPRESENTATION_CONTEXT('2D SPACE',''
  ) );
#3296 = ADVANCED_FACE('',(#3297),#3268,.T.);
#3297 = FACE_BOUND('',#3298,.T.);
#3298 = EDGE_LOOP('',(#3299,#3300,#3320,#3345));
#3299 = ORIENTED_EDGE('',*,*,#3254,.F.);
#3300 = ORIENTED_EDGE('',*,*,#3301,.T.);
#3301 = EDGE_CURVE('',#3235,#3302,#3304,.T.);
#3302 = VERTEX_POINT('',#3303);
#3303 = CARTESIAN_POINT('',(70.000000000221,46.672606096729,7.182E+03));
#3304 = SURFACE_CURVE('',#3305,(#3308,#3314),.PCURVE_S1.);
#3305 = B_SPLINE_CURVE_WITH_KNOTS('',1,(#3306,#3307),.UNSPECIFIED.,.F.,
  .F.,(2,2),(0.,3.298989873223E-02),.PIECEWISE_BEZIER_KNOTS.);
#3306 = CARTESIAN_POINT('',(46.672618896003,69.999987200949,7.182E+03));
#3307 = CARTESIAN_POINT('',(70.000000000221,46.672606096729,7.182E+03));
#3308 = PCURVE('',#3268,#3309);
#3309 = DEFINITIONAL_REPRESENTATION('',(#3310),#3313);
#3310 = B_SPLINE_CURVE_WITH_KNOTS('',1,(#3311,#3312),.UNSPECIFIED.,.F.,
  .F.,(2,2),(0.,3.298989873223E-02),.PIECEWISE_BEZIER_KNOTS.);
#3311 = CARTESIAN_POINT('',(620.26955262177,312.19999999999));
#3312 = CARTESIAN_POINT('',(653.25945135401,312.19999999999));
#3313 = ( GEOMETRIC_REPRESENTATION_CONTEXT(2) 
PARAMETRIC_REPRESENTATION_CONTEXT() REPRESENTATION_CONTEXT('2D SPACE',''
  ) );
#3314 = PCURVE('',#1858,#3315);
#3315 = DEFINITIONAL_REPRESENTATION('',(#3316),#3319);
#3316 = B_SPLINE_CURVE_WITH_KNOTS('',1,(#3317,#3318),.UNSPECIFIED.,.F.,
  .F.,(2,2),(0.,3.298989873223E-02),.PIECEWISE_BEZIER_KNOTS.);
#3317 = CARTESIAN_POINT('',(670.32696899912,786.99994355463));
#3318 = CARTESIAN_POINT('',(646.9995878949,763.67256245041));
#3319 = ( GEOMETRIC_REPRESENTATION_CONTEXT(2) 
PARAMETRIC_REPRESENTATION_CONTEXT() REPRESENTATION_CONTEXT('2D SPACE',''
  ) );
#3320 = ORIENTED_EDGE('',*,*,#3321,.T.);
#3321 = EDGE_CURVE('',#3302,#3322,#3324,.T.);
#3322 = VERTEX_POINT('',#3323);
#3323 = CARTESIAN_POINT('',(70.000000000128,46.672606096653,4.18E+03));
#3324 = SURFACE_CURVE('',#3325,(#3328,#3334),.PCURVE_S1.);
#3325 = B_SPLINE_CURVE_WITH_KNOTS('',1,(#3326,#3327),.UNSPECIFIED.,.F.,
  .F.,(2,2),(0.,3.002),.PIECEWISE_BEZIER_KNOTS.);
#3326 = CARTESIAN_POINT('',(70.000000000221,46.672606096729,7.182E+03));
#3327 = CARTESIAN_POINT('',(70.000000000128,46.672606096653,4.18E+03));
#3328 = PCURVE('',#3268,#3329);
#3329 = DEFINITIONAL_REPRESENTATION('',(#3330),#3333);
#3330 = B_SPLINE_CURVE_WITH_KNOTS('',1,(#3331,#3332),.UNSPECIFIED.,.F.,
  .F.,(2,2),(0.,3.002),.PIECEWISE_BEZIER_KNOTS.);
#3331 = CARTESIAN_POINT('',(653.25945135401,312.19999999999));
#3332 = CARTESIAN_POINT('',(653.25945135399,3.3142E+03));
#3333 = ( GEOMETRIC_REPRESENTATION_CONTEXT(2) 
PARAMETRIC_REPRESENTATION_CONTEXT() REPRESENTATION_CONTEXT('2D SPACE',''
  ) );
#3334 = PCURVE('',#3335,#3340);
#3335 = PLANE('',#3336);
#3336 = AXIS2_PLACEMENT_3D('',#3337,#3338,#3339);
#3337 = CARTESIAN_POINT('',(70.000000000128,-581.6615605487,3.8678E+03)
  );
#3338 = DIRECTION('',(1.,0.,0.));
#3339 = DIRECTION('',(0.,0.,1.));
#3340 = DEFINITIONAL_REPRESENTATION('',(#3341),#3344);
#3341 = B_SPLINE_CURVE_WITH_KNOTS('',1,(#3342,#3343),.UNSPECIFIED.,.F.,
  .F.,(2,2),(0.,3.002),.PIECEWISE_BEZIER_KNOTS.);
#3342 = CARTESIAN_POINT('',(3.3142E+03,-628.3341666454));
#3343 = CARTESIAN_POINT('',(312.19999999999,-628.3341666454));
#3344 = ( GEOMETRIC_REPRESENTATION_CONTEXT(2) 
PARAMETRIC_REPRESENTATION_CONTEXT() REPRESENTATION_CONTEXT('2D SPACE',''
  ) );
#3345 = ORIENTED_EDGE('',*,*,#3346,.T.);
#3346 = EDGE_CURVE('',#3322,#3255,#3347,.T.);
#3347 = SURFACE_CURVE('',#3348,(#3351,#3357),.PCURVE_S1.);
#3348 = B_SPLINE_CURVE_WITH_KNOTS('',1,(#3349,#3350),.UNSPECIFIED.,.F.,
  .F.,(2,2),(0.,3.298989873223E-02),.PIECEWISE_BEZIER_KNOTS.);
#3349 = CARTESIAN_POINT('',(70.000000000128,46.672606096653,4.18E+03));
#3350 = CARTESIAN_POINT('',(46.672618895909,69.999987200873,4.18E+03));
#3351 = PCURVE('',#3268,#3352);
#3352 = DEFINITIONAL_REPRESENTATION('',(#3353),#3356);
#3353 = B_SPLINE_CURVE_WITH_KNOTS('',1,(#3354,#3355),.UNSPECIFIED.,.F.,
  .F.,(2,2),(0.,3.298989873223E-02),.PIECEWISE_BEZIER_KNOTS.);
#3354 = CARTESIAN_POINT('',(653.25945135399,3.3142E+03));
#3355 = CARTESIAN_POINT('',(620.26955262176,3.3142E+03));
#3356 = ( GEOMETRIC_REPRESENTATION_CONTEXT(2) 
PARAMETRIC_REPRESENTATION_CONTEXT() REPRESENTATION_CONTEXT('2D SPACE',''
  ) );
#3357 = PCURVE('',#1906,#3358);
#3358 = DEFINITIONAL_REPRESENTATION('',(#3359),#3362);
#3359 = B_SPLINE_CURVE_WITH_KNOTS('',1,(#3360,#3361),.UNSPECIFIED.,.F.,
  .F.,(2,2),(0.,3.298989873223E-02),.PIECEWISE_BEZIER_KNOTS.);
#3360 = CARTESIAN_POINT('',(-151.2055311853,127.87815008114));
#3361 = CARTESIAN_POINT('',(-127.8781500811,151.20553118536));
#3362 = ( GEOMETRIC_REPRESENTATION_CONTEXT(2) 
PARAMETRIC_REPRESENTATION_CONTEXT() REPRESENTATION_CONTEXT('2D SPACE',''
  ) );
#3363 = ADVANCED_FACE('',(#3364),#3335,.T.);
#3364 = FACE_BOUND('',#3365,.T.);
#3365 = EDGE_LOOP('',(#3366,#3367,#3387,#3407));
#3366 = ORIENTED_EDGE('',*,*,#3321,.F.);
#3367 = ORIENTED_EDGE('',*,*,#3368,.T.);
#3368 = EDGE_CURVE('',#3302,#3369,#3371,.T.);
#3369 = VERTEX_POINT('',#3370);
#3370 = CARTESIAN_POINT('',(70.000000000221,31.823363691812,7.182E+03));
#3371 = SURFACE_CURVE('',#3372,(#3375,#3381),.PCURVE_S1.);
#3372 = B_SPLINE_CURVE_WITH_KNOTS('',1,(#3373,#3374),.UNSPECIFIED.,.F.,
  .F.,(2,2),(0.,1.484924240492E-02),.PIECEWISE_BEZIER_KNOTS.);
#3373 = CARTESIAN_POINT('',(70.000000000221,46.672606096729,7.182E+03));
#3374 = CARTESIAN_POINT('',(70.000000000221,31.823363691812,7.182E+03));
#3375 = PCURVE('',#3335,#3376);
#3376 = DEFINITIONAL_REPRESENTATION('',(#3377),#3380);
#3377 = B_SPLINE_CURVE_WITH_KNOTS('',1,(#3378,#3379),.UNSPECIFIED.,.F.,
  .F.,(2,2),(0.,1.484924240492E-02),.PIECEWISE_BEZIER_KNOTS.);
#3378 = CARTESIAN_POINT('',(3.3142E+03,-628.3341666454));
#3379 = CARTESIAN_POINT('',(3.3142E+03,-613.4849242405));
#3380 = ( GEOMETRIC_REPRESENTATION_CONTEXT(2) 
PARAMETRIC_REPRESENTATION_CONTEXT() REPRESENTATION_CONTEXT('2D SPACE',''
  ) );
#3381 = PCURVE('',#1858,#3382);
#3382 = DEFINITIONAL_REPRESENTATION('',(#3383),#3386);
#3383 = B_SPLINE_CURVE_WITH_KNOTS('',1,(#3384,#3385),.UNSPECIFIED.,.F.,
  .F.,(2,2),(0.,1.484924240492E-02),.PIECEWISE_BEZIER_KNOTS.);
#3384 = CARTESIAN_POINT('',(646.9995878949,763.67256245041));
#3385 = CARTESIAN_POINT('',(646.9995878949,748.82332004549));
#3386 = ( GEOMETRIC_REPRESENTATION_CONTEXT(2) 
PARAMETRIC_REPRESENTATION_CONTEXT() REPRESENTATION_CONTEXT('2D SPACE',''
  ) );
#3387 = ORIENTED_EDGE('',*,*,#3388,.T.);
#3388 = EDGE_CURVE('',#3369,#3389,#3391,.T.);
#3389 = VERTEX_POINT('',#3390);
#3390 = CARTESIAN_POINT('',(70.000000000127,31.823363691735,4.18E+03));
#3391 = SURFACE_CURVE('',#3392,(#3395,#3401),.PCURVE_S1.);
#3392 = B_SPLINE_CURVE_WITH_KNOTS('',1,(#3393,#3394),.UNSPECIFIED.,.F.,
  .F.,(2,2),(0.,3.002),.PIECEWISE_BEZIER_KNOTS.);
#3393 = CARTESIAN_POINT('',(70.000000000221,31.823363691812,7.182E+03));
#3394 = CARTESIAN_POINT('',(70.000000000127,31.823363691735,4.18E+03));
#3395 = PCURVE('',#3335,#3396);
#3396 = DEFINITIONAL_REPRESENTATION('',(#3397),#3400);
#3397 = B_SPLINE_CURVE_WITH_KNOTS('',1,(#3398,#3399),.UNSPECIFIED.,.F.,
  .F.,(2,2),(0.,3.002),.PIECEWISE_BEZIER_KNOTS.);
#3398 = CARTESIAN_POINT('',(3.3142E+03,-613.4849242405));
#3399 = CARTESIAN_POINT('',(312.19999999999,-613.4849242404));
#3400 = ( GEOMETRIC_REPRESENTATION_CONTEXT(2) 
PARAMETRIC_REPRESENTATION_CONTEXT() REPRESENTATION_CONTEXT('2D SPACE',''
  ) );
#3401 = PCURVE('',#2616,#3402);
#3402 = DEFINITIONAL_REPRESENTATION('',(#3403),#3406);
#3403 = B_SPLINE_CURVE_WITH_KNOTS('',1,(#3404,#3405),.UNSPECIFIED.,.F.,
  .F.,(2,2),(0.,3.002),.PIECEWISE_BEZIER_KNOTS.);
#3404 = CARTESIAN_POINT('',(629.53220186637,3.3142E+03));
#3405 = CARTESIAN_POINT('',(629.53220186625,312.19999999999));
#3406 = ( GEOMETRIC_REPRESENTATION_CONTEXT(2) 
PARAMETRIC_REPRESENTATION_CONTEXT() REPRESENTATION_CONTEXT('2D SPACE',''
  ) );
#3407 = ORIENTED_EDGE('',*,*,#3408,.T.);
#3408 = EDGE_CURVE('',#3389,#3322,#3409,.T.);
#3409 = SURFACE_CURVE('',#3410,(#3413,#3419),.PCURVE_S1.);
#3410 = B_SPLINE_CURVE_WITH_KNOTS('',1,(#3411,#3412),.UNSPECIFIED.,.F.,
  .F.,(2,2),(0.,1.484924240492E-02),.PIECEWISE_BEZIER_KNOTS.);
#3411 = CARTESIAN_POINT('',(70.000000000127,31.823363691735,4.18E+03));
#3412 = CARTESIAN_POINT('',(70.000000000128,46.672606096653,4.18E+03));
#3413 = PCURVE('',#3335,#3414);
#3414 = DEFINITIONAL_REPRESENTATION('',(#3415),#3418);
#3415 = B_SPLINE_CURVE_WITH_KNOTS('',1,(#3416,#3417),.UNSPECIFIED.,.F.,
  .F.,(2,2),(0.,1.484924240492E-02),.PIECEWISE_BEZIER_KNOTS.);
#3416 = CARTESIAN_POINT('',(312.19999999999,-613.4849242404));
#3417 = CARTESIAN_POINT('',(312.19999999999,-628.3341666454));
#3418 = ( GEOMETRIC_REPRESENTATION_CONTEXT(2) 
PARAMETRIC_REPRESENTATION_CONTEXT() REPRESENTATION_CONTEXT('2D SPACE',''
  ) );
#3419 = PCURVE('',#1906,#3420);
#3420 = DEFINITIONAL_REPRESENTATION('',(#3421),#3424);
#3421 = B_SPLINE_CURVE_WITH_KNOTS('',1,(#3422,#3423),.UNSPECIFIED.,.F.,
  .F.,(2,2),(0.,1.484924240492E-02),.PIECEWISE_BEZIER_KNOTS.);
#3422 = CARTESIAN_POINT('',(-151.2055311853,113.02890767622));
#3423 = CARTESIAN_POINT('',(-151.2055311853,127.87815008114));
#3424 = ( GEOMETRIC_REPRESENTATION_CONTEXT(2) 
PARAMETRIC_REPRESENTATION_CONTEXT() REPRESENTATION_CONTEXT('2D SPACE',''
  ) );
#3425 = ADVANCED_FACE('',(#3426),#2616,.T.);
#3426 = FACE_BOUND('',#3427,.T.);
#3427 = EDGE_LOOP('',(#3428,#3429,#3447,#3448));
#3428 = ORIENTED_EDGE('',*,*,#3388,.F.);
#3429 = ORIENTED_EDGE('',*,*,#3430,.T.);
#3430 = EDGE_CURVE('',#3369,#2603,#3431,.T.);
#3431 = SURFACE_CURVE('',#3432,(#3435,#3441),.PCURVE_S1.);
#3432 = B_SPLINE_CURVE_WITH_KNOTS('',1,(#3433,#3434),.UNSPECIFIED.,.F.,
  .F.,(2,2),(0.,1.19181358085E-02),.PIECEWISE_BEZIER_KNOTS.);
#3433 = CARTESIAN_POINT('',(70.000000000221,31.823363691812,7.182E+03));
#3434 = CARTESIAN_POINT('',(63.969781877037,21.543362206568,7.182E+03));
#3435 = PCURVE('',#2616,#3436);
#3436 = DEFINITIONAL_REPRESENTATION('',(#3437),#3440);
#3437 = B_SPLINE_CURVE_WITH_KNOTS('',1,(#3438,#3439),.UNSPECIFIED.,.F.,
  .F.,(2,2),(0.,1.19181358085E-02),.PIECEWISE_BEZIER_KNOTS.);
#3438 = CARTESIAN_POINT('',(629.53220186637,3.3142E+03));
#3439 = CARTESIAN_POINT('',(617.61406605787,3.3142E+03));
#3440 = ( GEOMETRIC_REPRESENTATION_CONTEXT(2) 
PARAMETRIC_REPRESENTATION_CONTEXT() REPRESENTATION_CONTEXT('2D SPACE',''
  ) );
#3441 = PCURVE('',#1858,#3442);
#3442 = DEFINITIONAL_REPRESENTATION('',(#3443),#3446);
#3443 = B_SPLINE_CURVE_WITH_KNOTS('',1,(#3444,#3445),.UNSPECIFIED.,.F.,
  .F.,(2,2),(0.,1.19181358085E-02),.PIECEWISE_BEZIER_KNOTS.);
#3444 = CARTESIAN_POINT('',(646.9995878949,748.82332004549));
#3445 = CARTESIAN_POINT('',(653.02980601808,738.54331856025));
#3446 = ( GEOMETRIC_REPRESENTATION_CONTEXT(2) 
PARAMETRIC_REPRESENTATION_CONTEXT() REPRESENTATION_CONTEXT('2D SPACE',''
  ) );
#3447 = ORIENTED_EDGE('',*,*,#2600,.F.);
#3448 = ORIENTED_EDGE('',*,*,#3449,.T.);
#3449 = EDGE_CURVE('',#2601,#3389,#3450,.T.);
#3450 = SURFACE_CURVE('',#3451,(#3454,#3460),.PCURVE_S1.);
#3451 = B_SPLINE_CURVE_WITH_KNOTS('',1,(#3452,#3453),.UNSPECIFIED.,.F.,
  .F.,(2,2),(0.,1.19181358085E-02),.PIECEWISE_BEZIER_KNOTS.);
#3452 = CARTESIAN_POINT('',(63.969781876942,21.543362206493,4.18E+03));
#3453 = CARTESIAN_POINT('',(70.000000000127,31.823363691735,4.18E+03));
#3454 = PCURVE('',#2616,#3455);
#3455 = DEFINITIONAL_REPRESENTATION('',(#3456),#3459);
#3456 = B_SPLINE_CURVE_WITH_KNOTS('',1,(#3457,#3458),.UNSPECIFIED.,.F.,
  .F.,(2,2),(0.,1.19181358085E-02),.PIECEWISE_BEZIER_KNOTS.);
#3457 = CARTESIAN_POINT('',(617.61406605776,312.19999999992));
#3458 = CARTESIAN_POINT('',(629.53220186625,312.19999999999));
#3459 = ( GEOMETRIC_REPRESENTATION_CONTEXT(2) 
PARAMETRIC_REPRESENTATION_CONTEXT() REPRESENTATION_CONTEXT('2D SPACE',''
  ) );
#3460 = PCURVE('',#1906,#3461);
#3461 = DEFINITIONAL_REPRESENTATION('',(#3462),#3465);
#3462 = B_SPLINE_CURVE_WITH_KNOTS('',1,(#3463,#3464),.UNSPECIFIED.,.F.,
  .F.,(2,2),(0.,1.19181358085E-02),.PIECEWISE_BEZIER_KNOTS.);
#3463 = CARTESIAN_POINT('',(-145.1753130621,102.74890619098));
#3464 = CARTESIAN_POINT('',(-151.2055311853,113.02890767622));
#3465 = ( GEOMETRIC_REPRESENTATION_CONTEXT(2) 
PARAMETRIC_REPRESENTATION_CONTEXT() REPRESENTATION_CONTEXT('2D SPACE',''
  ) );
#3466 = ADVANCED_FACE('',(#3467),#3480,.T.);
#3467 = FACE_BOUND('',#3468,.T.);
#3468 = EDGE_LOOP('',(#3469,#3501,#3521,#3551));
#3469 = ORIENTED_EDGE('',*,*,#3470,.T.);
#3470 = EDGE_CURVE('',#3471,#3471,#3473,.T.);
#3471 = VERTEX_POINT('',#3472);
#3472 = CARTESIAN_POINT('',(-87.49965657885,-3.684587875225E-04,
    7.182E+03));
#3473 = SURFACE_CURVE('',#3474,(#3479,#3490),.PCURVE_S1.);
#3474 = CIRCLE('',#3475,87.499656579079);
#3475 = AXIS2_PLACEMENT_3D('',#3476,#3477,#3478);
#3476 = CARTESIAN_POINT('',(2.244888854772E-10,-3.684587868569E-04,
    7.182E+03));
#3477 = DIRECTION('',(3.552727622583E-14,-1.522597552536E-14,1.));
#3478 = DIRECTION('',(-1.,-7.606836464268E-15,3.552727622583E-14));
#3479 = PCURVE('',#3480,#3485);
#3480 = CYLINDRICAL_SURFACE('',#3481,87.49965657908);
#3481 = AXIS2_PLACEMENT_3D('',#3482,#3483,#3484);
#3482 = CARTESIAN_POINT('',(2.244864225057E-10,-3.684587859271E-04,
    7.186999997334E+03));
#3483 = DIRECTION('',(3.045195105071E-14,1.015065035024E-14,1.));
#3484 = DIRECTION('',(1.,0.,-3.045195105071E-14));
#3485 = DEFINITIONAL_REPRESENTATION('',(#3486),#3489);
#3486 = B_SPLINE_CURVE_WITH_KNOTS('',1,(#3487,#3488),.UNSPECIFIED.,.F.,
  .F.,(2,2),(0.,6.28318530718),.PIECEWISE_BEZIER_KNOTS.);
#3487 = CARTESIAN_POINT('',(-3.14159265359,-4.999997333739));
#3488 = CARTESIAN_POINT('',(3.14159265359,-4.999997333739));
#3489 = ( GEOMETRIC_REPRESENTATION_CONTEXT(2) 
PARAMETRIC_REPRESENTATION_CONTEXT() REPRESENTATION_CONTEXT('2D SPACE',''
  ) );
#3490 = PCURVE('',#1858,#3491);
#3491 = DEFINITIONAL_REPRESENTATION('',(#3492),#3500);
#3492 = ( BOUNDED_CURVE() B_SPLINE_CURVE(2,(#3493,#3494,#3495,#3496,
#3497,#3498,#3499),.UNSPECIFIED.,.T.,.F.) B_SPLINE_CURVE_WITH_KNOTS((1,2
    ,2,2,2,1),(-2.094395102393,0.,2.094395102393,4.188790204786,
6.28318530718,8.377580409573),.UNSPECIFIED.) CURVE() 
GEOMETRIC_REPRESENTATION_ITEM() RATIONAL_B_SPLINE_CURVE((1.,0.5,1.,0.5,
1.,0.5,1.)) REPRESENTATION_ITEM('') );
#3493 = CARTESIAN_POINT('',(804.49924447397,716.99958789489));
#3494 = CARTESIAN_POINT('',(804.49924447397,565.4457370551));
#3495 = CARTESIAN_POINT('',(673.24975960535,641.222662475));
#3496 = CARTESIAN_POINT('',(542.00027473673,716.99958789489));
#3497 = CARTESIAN_POINT('',(673.24975960535,792.77651331479));
#3498 = CARTESIAN_POINT('',(804.49924447397,868.55343873469));
#3499 = CARTESIAN_POINT('',(804.49924447397,716.99958789489));
#3500 = ( GEOMETRIC_REPRESENTATION_CONTEXT(2) 
PARAMETRIC_REPRESENTATION_CONTEXT() REPRESENTATION_CONTEXT('2D SPACE',''
  ) );
#3501 = ORIENTED_EDGE('',*,*,#3502,.T.);
#3502 = EDGE_CURVE('',#3471,#3503,#3505,.T.);
#3503 = VERTEX_POINT('',#3504);
#3504 = CARTESIAN_POINT('',(-87.49965657885,-3.684587879577E-04,
    7.191999994667E+03));
#3505 = SEAM_CURVE('',#3506,(#3509,#3515),.PCURVE_S1.);
#3506 = B_SPLINE_CURVE_WITH_KNOTS('',1,(#3507,#3508),.UNSPECIFIED.,.F.,
  .F.,(2,2),(1.299999946676E-02,2.299999413424E-02),
  .PIECEWISE_BEZIER_KNOTS.);
#3507 = CARTESIAN_POINT('',(-87.49965657885,-3.684587875225E-04,
    7.182E+03));
#3508 = CARTESIAN_POINT('',(-87.49965657885,-3.684587879577E-04,
    7.191999994667E+03));
#3509 = PCURVE('',#3480,#3510);
#3510 = DEFINITIONAL_REPRESENTATION('',(#3511),#3514);
#3511 = B_SPLINE_CURVE_WITH_KNOTS('',1,(#3512,#3513),.UNSPECIFIED.,.F.,
  .F.,(2,2),(1.299999946676E-02,2.299999413424E-02),
  .PIECEWISE_BEZIER_KNOTS.);
#3512 = CARTESIAN_POINT('',(3.14159265359,-4.999997333742));
#3513 = CARTESIAN_POINT('',(3.14159265359,4.999997333735));
#3514 = ( GEOMETRIC_REPRESENTATION_CONTEXT(2) 
PARAMETRIC_REPRESENTATION_CONTEXT() REPRESENTATION_CONTEXT('2D SPACE',''
  ) );
#3515 = PCURVE('',#3480,#3516);
#3516 = DEFINITIONAL_REPRESENTATION('',(#3517),#3520);
#3517 = B_SPLINE_CURVE_WITH_KNOTS('',1,(#3518,#3519),.UNSPECIFIED.,.F.,
  .F.,(2,2),(1.299999946676E-02,2.299999413424E-02),
  .PIECEWISE_BEZIER_KNOTS.);
#3518 = CARTESIAN_POINT('',(-3.14159265359,-4.999997333742));
#3519 = CARTESIAN_POINT('',(-3.14159265359,4.999997333735));
#3520 = ( GEOMETRIC_REPRESENTATION_CONTEXT(2) 
PARAMETRIC_REPRESENTATION_CONTEXT() REPRESENTATION_CONTEXT('2D SPACE',''
  ) );
#3521 = ORIENTED_EDGE('',*,*,#3522,.T.);
#3522 = EDGE_CURVE('',#3503,#3503,#3523,.T.);
#3523 = SURFACE_CURVE('',#3524,(#3529,#3535),.PCURVE_S1.);
#3524 = CIRCLE('',#3525,87.49965657908);
#3525 = AXIS2_PLACEMENT_3D('',#3526,#3527,#3528);
#3526 = CARTESIAN_POINT('',(2.247023210438E-10,-3.684587848476E-04,
    7.191999994667E+03));
#3527 = DIRECTION('',(-3.045195105071E-14,3.045195105071E-14,-1.));
#3528 = DIRECTION('',(-1.,-3.554414192805E-14,3.045195105071E-14));
#3529 = PCURVE('',#3480,#3530);
#3530 = DEFINITIONAL_REPRESENTATION('',(#3531),#3534);
#3531 = B_SPLINE_CURVE_WITH_KNOTS('',1,(#3532,#3533),.UNSPECIFIED.,.F.,
  .F.,(2,2),(0.,6.28318530718),.PIECEWISE_BEZIER_KNOTS.);
#3532 = CARTESIAN_POINT('',(3.14159265359,4.999997333741));
#3533 = CARTESIAN_POINT('',(-3.14159265359,4.999997333741));
#3534 = ( GEOMETRIC_REPRESENTATION_CONTEXT(2) 
PARAMETRIC_REPRESENTATION_CONTEXT() REPRESENTATION_CONTEXT('2D SPACE',''
  ) );
#3535 = PCURVE('',#3536,#3541);
#3536 = PLANE('',#3537);
#3537 = AXIS2_PLACEMENT_3D('',#3538,#3539,#3540);
#3538 = CARTESIAN_POINT('',(-716.9995878946,-716.9999563536,
    7.191999994667E+03));
#3539 = DIRECTION('',(0.,0.,1.));
#3540 = DIRECTION('',(1.,0.,0.));
#3541 = DEFINITIONAL_REPRESENTATION('',(#3542),#3550);
#3542 = ( BOUNDED_CURVE() B_SPLINE_CURVE(2,(#3543,#3544,#3545,#3546,
#3547,#3548,#3549),.UNSPECIFIED.,.T.,.F.) B_SPLINE_CURVE_WITH_KNOTS((1,2
    ,2,2,2,1),(-2.094395102393,0.,2.094395102393,4.188790204786,
6.28318530718,8.377580409573),.UNSPECIFIED.) CURVE() 
GEOMETRIC_REPRESENTATION_ITEM() RATIONAL_B_SPLINE_CURVE((1.,0.5,1.,0.5,
1.,0.5,1.)) REPRESENTATION_ITEM('') );
#3543 = CARTESIAN_POINT('',(629.49993131581,716.99958789489));
#3544 = CARTESIAN_POINT('',(629.49993131581,868.55343873469));
#3545 = CARTESIAN_POINT('',(760.74941618443,792.7765133148));
#3546 = CARTESIAN_POINT('',(891.99890105305,716.9995878949));
#3547 = CARTESIAN_POINT('',(760.74941618444,641.222662475));
#3548 = CARTESIAN_POINT('',(629.49993131582,565.4457370551));
#3549 = CARTESIAN_POINT('',(629.49993131581,716.99958789489));
#3550 = ( GEOMETRIC_REPRESENTATION_CONTEXT(2) 
PARAMETRIC_REPRESENTATION_CONTEXT() REPRESENTATION_CONTEXT('2D SPACE',''
  ) );
#3551 = ORIENTED_EDGE('',*,*,#3502,.F.);
#3552 = ADVANCED_FACE('',(#3553,#3556),#1858,.T.);
#3553 = FACE_BOUND('',#3554,.T.);
#3554 = EDGE_LOOP('',(#3555));
#3555 = ORIENTED_EDGE('',*,*,#3470,.F.);
#3556 = FACE_BOUND('',#3557,.T.);
#3557 = EDGE_LOOP('',(#3558,#3559,#3560,#3561,#3562,#3563,#3564,#3565,
    #3566,#3567,#3568,#3569,#3570,#3571,#3572,#3573,#3574,#3575,#3576,
    #3577,#3578,#3579,#3580,#3581));
#3558 = ORIENTED_EDGE('',*,*,#2560,.F.);
#3559 = ORIENTED_EDGE('',*,*,#2627,.F.);
#3560 = ORIENTED_EDGE('',*,*,#3430,.F.);
#3561 = ORIENTED_EDGE('',*,*,#3368,.F.);
#3562 = ORIENTED_EDGE('',*,*,#3301,.F.);
#3563 = ORIENTED_EDGE('',*,*,#3234,.F.);
#3564 = ORIENTED_EDGE('',*,*,#3167,.F.);
#3565 = ORIENTED_EDGE('',*,*,#3090,.F.);
#3566 = ORIENTED_EDGE('',*,*,#3023,.F.);
#3567 = ORIENTED_EDGE('',*,*,#2956,.F.);
#3568 = ORIENTED_EDGE('',*,*,#2889,.F.);
#3569 = ORIENTED_EDGE('',*,*,#2822,.F.);
#3570 = ORIENTED_EDGE('',*,*,#2755,.F.);
#3571 = ORIENTED_EDGE('',*,*,#2678,.F.);
#3572 = ORIENTED_EDGE('',*,*,#1844,.F.);
#3573 = ORIENTED_EDGE('',*,*,#1947,.F.);
#3574 = ORIENTED_EDGE('',*,*,#2014,.F.);
#3575 = ORIENTED_EDGE('',*,*,#2081,.F.);
#3576 = ORIENTED_EDGE('',*,*,#2148,.F.);
#3577 = ORIENTED_EDGE('',*,*,#2215,.F.);
#3578 = ORIENTED_EDGE('',*,*,#2292,.F.);
#3579 = ORIENTED_EDGE('',*,*,#2359,.F.);
#3580 = ORIENTED_EDGE('',*,*,#2426,.F.);
#3581 = ORIENTED_EDGE('',*,*,#2493,.F.);
#3582 = ADVANCED_FACE('',(#3583),#3536,.T.);
#3583 = FACE_BOUND('',#3584,.T.);
#3584 = EDGE_LOOP('',(#3585));
#3585 = ORIENTED_EDGE('',*,*,#3522,.F.);
#3586 = ADVANCED_FACE('',(#3587),#1906,.T.);
#3587 = FACE_BOUND('',#3588,.T.);
#3588 = EDGE_LOOP('',(#3589,#3590,#3591,#3592,#3593,#3594,#3595,#3596,
    #3597,#3598,#3599,#3600,#3601,#3602,#3603,#3604,#3605,#3606,#3607,
    #3608,#3609,#3610,#3611,#3612));
#3589 = ORIENTED_EDGE('',*,*,#2726,.F.);
#3590 = ORIENTED_EDGE('',*,*,#2800,.F.);
#3591 = ORIENTED_EDGE('',*,*,#2867,.F.);
#3592 = ORIENTED_EDGE('',*,*,#2934,.F.);
#3593 = ORIENTED_EDGE('',*,*,#3001,.F.);
#3594 = ORIENTED_EDGE('',*,*,#3068,.F.);
#3595 = ORIENTED_EDGE('',*,*,#3138,.F.);
#3596 = ORIENTED_EDGE('',*,*,#3212,.F.);
#3597 = ORIENTED_EDGE('',*,*,#3279,.F.);
#3598 = ORIENTED_EDGE('',*,*,#3346,.F.);
#3599 = ORIENTED_EDGE('',*,*,#3408,.F.);
#3600 = ORIENTED_EDGE('',*,*,#3449,.F.);
#3601 = ORIENTED_EDGE('',*,*,#2649,.F.);
#3602 = ORIENTED_EDGE('',*,*,#2579,.F.);
#3603 = ORIENTED_EDGE('',*,*,#2512,.F.);
#3604 = ORIENTED_EDGE('',*,*,#2445,.F.);
#3605 = ORIENTED_EDGE('',*,*,#2378,.F.);
#3606 = ORIENTED_EDGE('',*,*,#2311,.F.);
#3607 = ORIENTED_EDGE('',*,*,#2237,.F.);
#3608 = ORIENTED_EDGE('',*,*,#2167,.F.);
#3609 = ORIENTED_EDGE('',*,*,#2100,.F.);
#3610 = ORIENTED_EDGE('',*,*,#2033,.F.);
#3611 = ORIENTED_EDGE('',*,*,#1966,.F.);
#3612 = ORIENTED_EDGE('',*,*,#1894,.F.);
#3613 = ( GEOMETRIC_REPRESENTATION_CONTEXT(3) 
GLOBAL_UNCERTAINTY_ASSIGNED_CONTEXT((#3617)) 
GLOBAL_UNIT_ASSIGNED_CONTEXT((#3614,#3615,#3616)) REPRESENTATION_CONTEXT
('Context #1','3D Context with UNIT and UNCERTAINTY') );
#3614 = ( LENGTH_UNIT() NAMED_UNIT(*) SI_UNIT(.MILLI.,.METRE.) );
#3615 = ( NAMED_UNIT(*) PLANE_ANGLE_UNIT() SI_UNIT($,.RADIAN.) );
#3616 = ( NAMED_UNIT(*) SI_UNIT($,.STERADIAN.) SOLID_ANGLE_UNIT() );
#3617 = UNCERTAINTY_MEASURE_WITH_UNIT(LENGTH_MEASURE(1.E-04),#3614,
  'distance_accuracy_value','confusion accuracy');
#3618 = CONTEXT_DEPENDENT_SHAPE_REPRESENTATION(#3619,#3621);
#3619 = ( REPRESENTATION_RELATIONSHIP('','',#1805,#10) 
REPRESENTATION_RELATIONSHIP_WITH_TRANSFORMATION(#3620) 
SHAPE_REPRESENTATION_RELATIONSHIP() );
#3620 = ITEM_DEFINED_TRANSFORMATION('','',#11,#19);
#3621 = PRODUCT_DEFINITION_SHAPE('Placement','Placement of an item',
  #3622);
#3622 = NEXT_ASSEMBLY_USAGE_OCCURRENCE('57','','',#5,#1800,$);
#3623 = PRODUCT_RELATED_PRODUCT_CATEGORY('part',$,(#1802));
#3624 = SHAPE_DEFINITION_REPRESENTATION(#3625,#3631);
#3625 = PRODUCT_DEFINITION_SHAPE('','',#3626);
#3626 = PRODUCT_DEFINITION('design','',#3627,#3630);
#3627 = PRODUCT_DEFINITION_FORMATION('','',#3628);
#3628 = PRODUCT('OCCBrep 6.3','OCCBrep 6.3','',(#3629));
#3629 = PRODUCT_CONTEXT('',#2,'mechanical');
#3630 = PRODUCT_DEFINITION_CONTEXT('part definition',#2,'design');
#3631 = ADVANCED_BREP_SHAPE_REPRESENTATION('',(#11,#3632),#5362);
#3632 = MANIFOLD_SOLID_BREP('',#3633);
#3633 = CLOSED_SHELL('',(#3634,#3742,#3809,#3876,#3943,#4010,#4091,#4158
    ,#4225,#4292,#4359,#4426,#4507,#4574,#4641,#4708,#4775,#4842,#4923,
    #4990,#5057,#5124,#5191,#5253,#5308,#5335));
#3634 = ADVANCED_FACE('',(#3635),#3648,.T.);
#3635 = FACE_BOUND('',#3636,.T.);
#3636 = EDGE_LOOP('',(#3637,#3669,#3694,#3719));
#3637 = ORIENTED_EDGE('',*,*,#3638,.T.);
#3638 = EDGE_CURVE('',#3639,#3641,#3643,.T.);
#3639 = VERTEX_POINT('',#3640);
#3640 = CARTESIAN_POINT('',(-64.00474229111,21.439272735547,2.18E+03));
#3641 = VERTEX_POINT('',#3642);
#3642 = CARTESIAN_POINT('',(-69.99999999993,31.823363691679,2.18E+03));
#3643 = SURFACE_CURVE('',#3644,(#3647,#3658),.PCURVE_S1.);
#3644 = B_SPLINE_CURVE_WITH_KNOTS('',1,(#3645,#3646),.UNSPECIFIED.,.F.,
  .F.,(2,2),(0.,1.199051541763E-02),.PIECEWISE_BEZIER_KNOTS.);
#3645 = CARTESIAN_POINT('',(-64.00474229111,21.439272735547,2.18E+03));
#3646 = CARTESIAN_POINT('',(-69.99999999993,31.823363691679,2.18E+03));
#3647 = PCURVE('',#3648,#3653);
#3648 = PLANE('',#3649);
#3649 = AXIS2_PLACEMENT_3D('',#3650,#3651,#3652);
#3650 = CARTESIAN_POINT('',(-378.7956781939,566.67316748044,
    -32.00000000001));
#3651 = DIRECTION('',(-0.866025403784,-0.500000000001,3.932170287687E-14
    ));
#3652 = DIRECTION('',(0.500000000001,-0.866025403784,-3.155443620884E-30
    ));
#3653 = DEFINITIONAL_REPRESENTATION('',(#3654),#3657);
#3654 = B_SPLINE_CURVE_WITH_KNOTS('',1,(#3655,#3656),.UNSPECIFIED.,.F.,
  .F.,(2,2),(0.,1.199051541763E-02),.PIECEWISE_BEZIER_KNOTS.);
#3655 = CARTESIAN_POINT('',(629.58187180484,2.212E+03));
#3656 = CARTESIAN_POINT('',(617.59135638721,2.212E+03));
#3657 = ( GEOMETRIC_REPRESENTATION_CONTEXT(2) 
PARAMETRIC_REPRESENTATION_CONTEXT() REPRESENTATION_CONTEXT('2D SPACE',''
  ) );
#3658 = PCURVE('',#3659,#3664);
#3659 = PLANE('',#3660);
#3660 = AXIS2_PLACEMENT_3D('',#3661,#3662,#3663);
#3661 = CARTESIAN_POINT('',(-81.20553118529,81.205518386177,2.18E+03));
#3662 = DIRECTION('',(0.,0.,1.));
#3663 = DIRECTION('',(1.,0.,0.));
#3664 = DEFINITIONAL_REPRESENTATION('',(#3665),#3668);
#3665 = B_SPLINE_CURVE_WITH_KNOTS('',1,(#3666,#3667),.UNSPECIFIED.,.F.,
  .F.,(2,2),(0.,1.199051541763E-02),.PIECEWISE_BEZIER_KNOTS.);
#3666 = CARTESIAN_POINT('',(17.200788894179,-59.76624565063));
#3667 = CARTESIAN_POINT('',(11.205531185357,-49.38215469449));
#3668 = ( GEOMETRIC_REPRESENTATION_CONTEXT(2) 
PARAMETRIC_REPRESENTATION_CONTEXT() REPRESENTATION_CONTEXT('2D SPACE',''
  ) );
#3669 = ORIENTED_EDGE('',*,*,#3670,.T.);
#3670 = EDGE_CURVE('',#3641,#3671,#3673,.T.);
#3671 = VERTEX_POINT('',#3672);
#3672 = CARTESIAN_POINT('',(-69.99999999999,31.82336369163,
    179.99999999998));
#3673 = SURFACE_CURVE('',#3674,(#3677,#3683),.PCURVE_S1.);
#3674 = B_SPLINE_CURVE_WITH_KNOTS('',1,(#3675,#3676),.UNSPECIFIED.,.F.,
  .F.,(2,2),(0.,2.),.PIECEWISE_BEZIER_KNOTS.);
#3675 = CARTESIAN_POINT('',(-69.99999999993,31.823363691679,2.18E+03));
#3676 = CARTESIAN_POINT('',(-69.99999999999,31.82336369163,
    179.99999999998));
#3677 = PCURVE('',#3648,#3678);
#3678 = DEFINITIONAL_REPRESENTATION('',(#3679),#3682);
#3679 = B_SPLINE_CURVE_WITH_KNOTS('',1,(#3680,#3681),.UNSPECIFIED.,.F.,
  .F.,(2,2),(0.,2.),.PIECEWISE_BEZIER_KNOTS.);
#3680 = CARTESIAN_POINT('',(617.59135638721,2.212E+03));
#3681 = CARTESIAN_POINT('',(617.59135638723,212.));
#3682 = ( GEOMETRIC_REPRESENTATION_CONTEXT(2) 
PARAMETRIC_REPRESENTATION_CONTEXT() REPRESENTATION_CONTEXT('2D SPACE',''
  ) );
#3683 = PCURVE('',#3684,#3689);
#3684 = PLANE('',#3685);
#3685 = AXIS2_PLACEMENT_3D('',#3686,#3687,#3688);
#3686 = CARTESIAN_POINT('',(-69.99999999993,660.15753033709,
    -32.00000000001));
#3687 = DIRECTION('',(-1.,0.,0.));
#3688 = DIRECTION('',(0.,0.,-1.));
#3689 = DEFINITIONAL_REPRESENTATION('',(#3690),#3693);
#3690 = B_SPLINE_CURVE_WITH_KNOTS('',1,(#3691,#3692),.UNSPECIFIED.,.F.,
  .F.,(2,2),(0.,2.),.PIECEWISE_BEZIER_KNOTS.);
#3691 = CARTESIAN_POINT('',(-2.212E+03,628.33416664541));
#3692 = CARTESIAN_POINT('',(-212.,628.33416664546));
#3693 = ( GEOMETRIC_REPRESENTATION_CONTEXT(2) 
PARAMETRIC_REPRESENTATION_CONTEXT() REPRESENTATION_CONTEXT('2D SPACE',''
  ) );
#3694 = ORIENTED_EDGE('',*,*,#3695,.T.);
#3695 = EDGE_CURVE('',#3671,#3696,#3698,.T.);
#3696 = VERTEX_POINT('',#3697);
#3697 = CARTESIAN_POINT('',(-64.00474229117,21.439272735498,
    179.99999999998));
#3698 = SURFACE_CURVE('',#3699,(#3702,#3708),.PCURVE_S1.);
#3699 = B_SPLINE_CURVE_WITH_KNOTS('',1,(#3700,#3701),.UNSPECIFIED.,.F.,
  .F.,(2,2),(0.,1.199051541763E-02),.PIECEWISE_BEZIER_KNOTS.);
#3700 = CARTESIAN_POINT('',(-69.99999999999,31.82336369163,
    179.99999999998));
#3701 = CARTESIAN_POINT('',(-64.00474229117,21.439272735498,
    179.99999999998));
#3702 = PCURVE('',#3648,#3703);
#3703 = DEFINITIONAL_REPRESENTATION('',(#3704),#3707);
#3704 = B_SPLINE_CURVE_WITH_KNOTS('',1,(#3705,#3706),.UNSPECIFIED.,.F.,
  .F.,(2,2),(0.,1.199051541763E-02),.PIECEWISE_BEZIER_KNOTS.);
#3705 = CARTESIAN_POINT('',(617.59135638723,212.));
#3706 = CARTESIAN_POINT('',(629.58187180485,212.));
#3707 = ( GEOMETRIC_REPRESENTATION_CONTEXT(2) 
PARAMETRIC_REPRESENTATION_CONTEXT() REPRESENTATION_CONTEXT('2D SPACE',''
  ) );
#3708 = PCURVE('',#3709,#3714);
#3709 = PLANE('',#3710);
#3710 = AXIS2_PLACEMENT_3D('',#3711,#3712,#3713);
#3711 = CARTESIAN_POINT('',(697.44663742243,-697.4466502216,
    179.99999999998));
#3712 = DIRECTION('',(0.,0.,-1.));
#3713 = DIRECTION('',(-1.,0.,0.));
#3714 = DEFINITIONAL_REPRESENTATION('',(#3715),#3718);
#3715 = B_SPLINE_CURVE_WITH_KNOTS('',1,(#3716,#3717),.UNSPECIFIED.,.F.,
  .F.,(2,2),(0.,1.199051541763E-02),.PIECEWISE_BEZIER_KNOTS.);
#3716 = CARTESIAN_POINT('',(767.44663742243,729.27001391329));
#3717 = CARTESIAN_POINT('',(761.45137971361,718.88592295716));
#3718 = ( GEOMETRIC_REPRESENTATION_CONTEXT(2) 
PARAMETRIC_REPRESENTATION_CONTEXT() REPRESENTATION_CONTEXT('2D SPACE',''
  ) );
#3719 = ORIENTED_EDGE('',*,*,#3720,.T.);
#3720 = EDGE_CURVE('',#3696,#3639,#3721,.T.);
#3721 = SURFACE_CURVE('',#3722,(#3725,#3731),.PCURVE_S1.);
#3722 = B_SPLINE_CURVE_WITH_KNOTS('',1,(#3723,#3724),.UNSPECIFIED.,.F.,
  .F.,(2,2),(0.,2.),.PIECEWISE_BEZIER_KNOTS.);
#3723 = CARTESIAN_POINT('',(-64.00474229117,21.439272735498,
    179.99999999998));
#3724 = CARTESIAN_POINT('',(-64.00474229111,21.439272735547,2.18E+03));
#3725 = PCURVE('',#3648,#3726);
#3726 = DEFINITIONAL_REPRESENTATION('',(#3727),#3730);
#3727 = B_SPLINE_CURVE_WITH_KNOTS('',1,(#3728,#3729),.UNSPECIFIED.,.F.,
  .F.,(2,2),(0.,2.),.PIECEWISE_BEZIER_KNOTS.);
#3728 = CARTESIAN_POINT('',(629.58187180485,212.));
#3729 = CARTESIAN_POINT('',(629.58187180484,2.212E+03));
#3730 = ( GEOMETRIC_REPRESENTATION_CONTEXT(2) 
PARAMETRIC_REPRESENTATION_CONTEXT() REPRESENTATION_CONTEXT('2D SPACE',''
  ) );
#3731 = PCURVE('',#3732,#3737);
#3732 = CYLINDRICAL_SURFACE('',#3733,67.500000000014);
#3733 = AXIS2_PLACEMENT_3D('',#3734,#3735,#3736);
#3734 = CARTESIAN_POINT('',(5.151620553017E-11,-1.279920702693E-05,
    1.18E+03));
#3735 = DIRECTION('',(2.960594732333E-14,2.302684791815E-14,1.));
#3736 = DIRECTION('',(1.,0.,-2.960594732333E-14));
#3737 = DEFINITIONAL_REPRESENTATION('',(#3738),#3741);
#3738 = B_SPLINE_CURVE_WITH_KNOTS('',1,(#3739,#3740),.UNSPECIFIED.,.F.,
  .F.,(2,2),(0.,2.),.PIECEWISE_BEZIER_KNOTS.);
#3739 = CARTESIAN_POINT('',(2.818375203264,-1.E+03));
#3740 = CARTESIAN_POINT('',(2.818375203264,999.99999999999));
#3741 = ( GEOMETRIC_REPRESENTATION_CONTEXT(2) 
PARAMETRIC_REPRESENTATION_CONTEXT() REPRESENTATION_CONTEXT('2D SPACE',''
  ) );
#3742 = ADVANCED_FACE('',(#3743),#3684,.T.);
#3743 = FACE_BOUND('',#3744,.T.);
#3744 = EDGE_LOOP('',(#3745,#3765,#3790,#3808));
#3745 = ORIENTED_EDGE('',*,*,#3746,.T.);
#3746 = EDGE_CURVE('',#3641,#3747,#3749,.T.);
#3747 = VERTEX_POINT('',#3748);
#3748 = CARTESIAN_POINT('',(-69.99999999993,46.672606096597,2.18E+03));
#3749 = SURFACE_CURVE('',#3750,(#3753,#3759),.PCURVE_S1.);
#3750 = B_SPLINE_CURVE_WITH_KNOTS('',1,(#3751,#3752),.UNSPECIFIED.,.F.,
  .F.,(2,2),(0.,1.484924240492E-02),.PIECEWISE_BEZIER_KNOTS.);
#3751 = CARTESIAN_POINT('',(-69.99999999993,31.823363691679,2.18E+03));
#3752 = CARTESIAN_POINT('',(-69.99999999993,46.672606096597,2.18E+03));
#3753 = PCURVE('',#3684,#3754);
#3754 = DEFINITIONAL_REPRESENTATION('',(#3755),#3758);
#3755 = B_SPLINE_CURVE_WITH_KNOTS('',1,(#3756,#3757),.UNSPECIFIED.,.F.,
  .F.,(2,2),(0.,1.484924240492E-02),.PIECEWISE_BEZIER_KNOTS.);
#3756 = CARTESIAN_POINT('',(-2.212E+03,628.33416664541));
#3757 = CARTESIAN_POINT('',(-2.212E+03,613.48492424049));
#3758 = ( GEOMETRIC_REPRESENTATION_CONTEXT(2) 
PARAMETRIC_REPRESENTATION_CONTEXT() REPRESENTATION_CONTEXT('2D SPACE',''
  ) );
#3759 = PCURVE('',#3659,#3760);
#3760 = DEFINITIONAL_REPRESENTATION('',(#3761),#3764);
#3761 = B_SPLINE_CURVE_WITH_KNOTS('',1,(#3762,#3763),.UNSPECIFIED.,.F.,
  .F.,(2,2),(0.,1.484924240492E-02),.PIECEWISE_BEZIER_KNOTS.);
#3762 = CARTESIAN_POINT('',(11.205531185357,-49.38215469449));
#3763 = CARTESIAN_POINT('',(11.205531185357,-34.53291228958));
#3764 = ( GEOMETRIC_REPRESENTATION_CONTEXT(2) 
PARAMETRIC_REPRESENTATION_CONTEXT() REPRESENTATION_CONTEXT('2D SPACE',''
  ) );
#3765 = ORIENTED_EDGE('',*,*,#3766,.T.);
#3766 = EDGE_CURVE('',#3747,#3767,#3769,.T.);
#3767 = VERTEX_POINT('',#3768);
#3768 = CARTESIAN_POINT('',(-69.99999999999,46.672606096547,
    179.99999999998));
#3769 = SURFACE_CURVE('',#3770,(#3773,#3779),.PCURVE_S1.);
#3770 = B_SPLINE_CURVE_WITH_KNOTS('',1,(#3771,#3772),.UNSPECIFIED.,.F.,
  .F.,(2,2),(0.,2.),.PIECEWISE_BEZIER_KNOTS.);
#3771 = CARTESIAN_POINT('',(-69.99999999993,46.672606096597,2.18E+03));
#3772 = CARTESIAN_POINT('',(-69.99999999999,46.672606096547,
    179.99999999998));
#3773 = PCURVE('',#3684,#3774);
#3774 = DEFINITIONAL_REPRESENTATION('',(#3775),#3778);
#3775 = B_SPLINE_CURVE_WITH_KNOTS('',1,(#3776,#3777),.UNSPECIFIED.,.F.,
  .F.,(2,2),(0.,2.),.PIECEWISE_BEZIER_KNOTS.);
#3776 = CARTESIAN_POINT('',(-2.212E+03,613.48492424049));
#3777 = CARTESIAN_POINT('',(-212.,613.48492424054));
#3778 = ( GEOMETRIC_REPRESENTATION_CONTEXT(2) 
PARAMETRIC_REPRESENTATION_CONTEXT() REPRESENTATION_CONTEXT('2D SPACE',''
  ) );
#3779 = PCURVE('',#3780,#3785);
#3780 = PLANE('',#3781);
#3781 = AXIS2_PLACEMENT_3D('',#3782,#3783,#3784);
#3782 = CARTESIAN_POINT('',(391.92418792662,508.59679402319,
    -32.00000000001));
#3783 = DIRECTION('',(-0.707106781187,0.707106781187,3.621025732839E-15)
  );
#3784 = DIRECTION('',(-0.707106781187,-0.707106781187,0.));
#3785 = DEFINITIONAL_REPRESENTATION('',(#3786),#3789);
#3786 = B_SPLINE_CURVE_WITH_KNOTS('',1,(#3787,#3788),.UNSPECIFIED.,.F.,
  .F.,(2,2),(0.,2.),.PIECEWISE_BEZIER_KNOTS.);
#3787 = CARTESIAN_POINT('',(653.25945135394,2.212E+03));
#3788 = CARTESIAN_POINT('',(653.25945135402,212.));
#3789 = ( GEOMETRIC_REPRESENTATION_CONTEXT(2) 
PARAMETRIC_REPRESENTATION_CONTEXT() REPRESENTATION_CONTEXT('2D SPACE',''
  ) );
#3790 = ORIENTED_EDGE('',*,*,#3791,.T.);
#3791 = EDGE_CURVE('',#3767,#3671,#3792,.T.);
#3792 = SURFACE_CURVE('',#3793,(#3796,#3802),.PCURVE_S1.);
#3793 = B_SPLINE_CURVE_WITH_KNOTS('',1,(#3794,#3795),.UNSPECIFIED.,.F.,
  .F.,(2,2),(0.,1.484924240492E-02),.PIECEWISE_BEZIER_KNOTS.);
#3794 = CARTESIAN_POINT('',(-69.99999999999,46.672606096547,
    179.99999999998));
#3795 = CARTESIAN_POINT('',(-69.99999999999,31.82336369163,
    179.99999999998));
#3796 = PCURVE('',#3684,#3797);
#3797 = DEFINITIONAL_REPRESENTATION('',(#3798),#3801);
#3798 = B_SPLINE_CURVE_WITH_KNOTS('',1,(#3799,#3800),.UNSPECIFIED.,.F.,
  .F.,(2,2),(0.,1.484924240492E-02),.PIECEWISE_BEZIER_KNOTS.);
#3799 = CARTESIAN_POINT('',(-212.,613.48492424054));
#3800 = CARTESIAN_POINT('',(-212.,628.33416664546));
#3801 = ( GEOMETRIC_REPRESENTATION_CONTEXT(2) 
PARAMETRIC_REPRESENTATION_CONTEXT() REPRESENTATION_CONTEXT('2D SPACE',''
  ) );
#3802 = PCURVE('',#3709,#3803);
#3803 = DEFINITIONAL_REPRESENTATION('',(#3804),#3807);
#3804 = B_SPLINE_CURVE_WITH_KNOTS('',1,(#3805,#3806),.UNSPECIFIED.,.F.,
  .F.,(2,2),(0.,1.484924240492E-02),.PIECEWISE_BEZIER_KNOTS.);
#3805 = CARTESIAN_POINT('',(767.44663742243,744.11925631821));
#3806 = CARTESIAN_POINT('',(767.44663742243,729.27001391329));
#3807 = ( GEOMETRIC_REPRESENTATION_CONTEXT(2) 
PARAMETRIC_REPRESENTATION_CONTEXT() REPRESENTATION_CONTEXT('2D SPACE',''
  ) );
#3808 = ORIENTED_EDGE('',*,*,#3670,.F.);
#3809 = ADVANCED_FACE('',(#3810),#3780,.T.);
#3810 = FACE_BOUND('',#3811,.T.);
#3811 = EDGE_LOOP('',(#3812,#3832,#3857,#3875));
#3812 = ORIENTED_EDGE('',*,*,#3813,.T.);
#3813 = EDGE_CURVE('',#3747,#3814,#3816,.T.);
#3814 = VERTEX_POINT('',#3815);
#3815 = CARTESIAN_POINT('',(-46.67261889571,69.999987200816,2.18E+03));
#3816 = SURFACE_CURVE('',#3817,(#3820,#3826),.PCURVE_S1.);
#3817 = B_SPLINE_CURVE_WITH_KNOTS('',1,(#3818,#3819),.UNSPECIFIED.,.F.,
  .F.,(2,2),(0.,3.298989873223E-02),.PIECEWISE_BEZIER_KNOTS.);
#3818 = CARTESIAN_POINT('',(-69.99999999993,46.672606096597,2.18E+03));
#3819 = CARTESIAN_POINT('',(-46.67261889571,69.999987200816,2.18E+03));
#3820 = PCURVE('',#3780,#3821);
#3821 = DEFINITIONAL_REPRESENTATION('',(#3822),#3825);
#3822 = B_SPLINE_CURVE_WITH_KNOTS('',1,(#3823,#3824),.UNSPECIFIED.,.F.,
  .F.,(2,2),(0.,3.298989873223E-02),.PIECEWISE_BEZIER_KNOTS.);
#3823 = CARTESIAN_POINT('',(653.25945135394,2.212E+03));
#3824 = CARTESIAN_POINT('',(620.2695526217,2.212E+03));
#3825 = ( GEOMETRIC_REPRESENTATION_CONTEXT(2) 
PARAMETRIC_REPRESENTATION_CONTEXT() REPRESENTATION_CONTEXT('2D SPACE',''
  ) );
#3826 = PCURVE('',#3659,#3827);
#3827 = DEFINITIONAL_REPRESENTATION('',(#3828),#3831);
#3828 = B_SPLINE_CURVE_WITH_KNOTS('',1,(#3829,#3830),.UNSPECIFIED.,.F.,
  .F.,(2,2),(0.,3.298989873223E-02),.PIECEWISE_BEZIER_KNOTS.);
#3829 = CARTESIAN_POINT('',(11.205531185357,-34.53291228958));
#3830 = CARTESIAN_POINT('',(34.532912289576,-11.20553118536));
#3831 = ( GEOMETRIC_REPRESENTATION_CONTEXT(2) 
PARAMETRIC_REPRESENTATION_CONTEXT() REPRESENTATION_CONTEXT('2D SPACE',''
  ) );
#3832 = ORIENTED_EDGE('',*,*,#3833,.T.);
#3833 = EDGE_CURVE('',#3814,#3834,#3836,.T.);
#3834 = VERTEX_POINT('',#3835);
#3835 = CARTESIAN_POINT('',(-46.67261889577,69.999987200766,
    179.99999999998));
#3836 = SURFACE_CURVE('',#3837,(#3840,#3846),.PCURVE_S1.);
#3837 = B_SPLINE_CURVE_WITH_KNOTS('',1,(#3838,#3839),.UNSPECIFIED.,.F.,
  .F.,(2,2),(0.,2.),.PIECEWISE_BEZIER_KNOTS.);
#3838 = CARTESIAN_POINT('',(-46.67261889571,69.999987200816,2.18E+03));
#3839 = CARTESIAN_POINT('',(-46.67261889577,69.999987200766,
    179.99999999998));
#3840 = PCURVE('',#3780,#3841);
#3841 = DEFINITIONAL_REPRESENTATION('',(#3842),#3845);
#3842 = B_SPLINE_CURVE_WITH_KNOTS('',1,(#3843,#3844),.UNSPECIFIED.,.F.,
  .F.,(2,2),(0.,2.),.PIECEWISE_BEZIER_KNOTS.);
#3843 = CARTESIAN_POINT('',(620.2695526217,2.212E+03));
#3844 = CARTESIAN_POINT('',(620.26955262178,212.));
#3845 = ( GEOMETRIC_REPRESENTATION_CONTEXT(2) 
PARAMETRIC_REPRESENTATION_CONTEXT() REPRESENTATION_CONTEXT('2D SPACE',''
  ) );
#3846 = PCURVE('',#3847,#3852);
#3847 = PLANE('',#3848);
#3848 = AXIS2_PLACEMENT_3D('',#3849,#3850,#3851);
#3849 = CARTESIAN_POINT('',(-660.1575431362,69.999987200818,
    -32.00000000001));
#3850 = DIRECTION('',(0.,1.,0.));
#3851 = DIRECTION('',(0.,0.,1.));
#3852 = DEFINITIONAL_REPRESENTATION('',(#3853),#3856);
#3853 = B_SPLINE_CURVE_WITH_KNOTS('',1,(#3854,#3855),.UNSPECIFIED.,.F.,
  .F.,(2,2),(0.,2.),.PIECEWISE_BEZIER_KNOTS.);
#3854 = CARTESIAN_POINT('',(2.212E+03,613.48492424056));
#3855 = CARTESIAN_POINT('',(212.,613.48492424049));
#3856 = ( GEOMETRIC_REPRESENTATION_CONTEXT(2) 
PARAMETRIC_REPRESENTATION_CONTEXT() REPRESENTATION_CONTEXT('2D SPACE',''
  ) );
#3857 = ORIENTED_EDGE('',*,*,#3858,.T.);
#3858 = EDGE_CURVE('',#3834,#3767,#3859,.T.);
#3859 = SURFACE_CURVE('',#3860,(#3863,#3869),.PCURVE_S1.);
#3860 = B_SPLINE_CURVE_WITH_KNOTS('',1,(#3861,#3862),.UNSPECIFIED.,.F.,
  .F.,(2,2),(0.,3.298989873223E-02),.PIECEWISE_BEZIER_KNOTS.);
#3861 = CARTESIAN_POINT('',(-46.67261889577,69.999987200766,
    179.99999999998));
#3862 = CARTESIAN_POINT('',(-69.99999999999,46.672606096547,
    179.99999999998));
#3863 = PCURVE('',#3780,#3864);
#3864 = DEFINITIONAL_REPRESENTATION('',(#3865),#3868);
#3865 = B_SPLINE_CURVE_WITH_KNOTS('',1,(#3866,#3867),.UNSPECIFIED.,.F.,
  .F.,(2,2),(0.,3.298989873223E-02),.PIECEWISE_BEZIER_KNOTS.);
#3866 = CARTESIAN_POINT('',(620.26955262178,212.));
#3867 = CARTESIAN_POINT('',(653.25945135402,212.));
#3868 = ( GEOMETRIC_REPRESENTATION_CONTEXT(2) 
PARAMETRIC_REPRESENTATION_CONTEXT() REPRESENTATION_CONTEXT('2D SPACE',''
  ) );
#3869 = PCURVE('',#3709,#3870);
#3870 = DEFINITIONAL_REPRESENTATION('',(#3871),#3874);
#3871 = B_SPLINE_CURVE_WITH_KNOTS('',1,(#3872,#3873),.UNSPECIFIED.,.F.,
  .F.,(2,2),(0.,3.298989873223E-02),.PIECEWISE_BEZIER_KNOTS.);
#3872 = CARTESIAN_POINT('',(744.11925631821,767.44663742242));
#3873 = CARTESIAN_POINT('',(767.44663742243,744.11925631821));
#3874 = ( GEOMETRIC_REPRESENTATION_CONTEXT(2) 
PARAMETRIC_REPRESENTATION_CONTEXT() REPRESENTATION_CONTEXT('2D SPACE',''
  ) );
#3875 = ORIENTED_EDGE('',*,*,#3766,.F.);
#3876 = ADVANCED_FACE('',(#3877),#3847,.T.);
#3877 = FACE_BOUND('',#3878,.T.);
#3878 = EDGE_LOOP('',(#3879,#3899,#3924,#3942));
#3879 = ORIENTED_EDGE('',*,*,#3880,.T.);
#3880 = EDGE_CURVE('',#3814,#3881,#3883,.T.);
#3881 = VERTEX_POINT('',#3882);
#3882 = CARTESIAN_POINT('',(-31.82337649079,69.999987200817,2.18E+03));
#3883 = SURFACE_CURVE('',#3884,(#3887,#3893),.PCURVE_S1.);
#3884 = B_SPLINE_CURVE_WITH_KNOTS('',1,(#3885,#3886),.UNSPECIFIED.,.F.,
  .F.,(2,2),(0.,1.484924240492E-02),.PIECEWISE_BEZIER_KNOTS.);
#3885 = CARTESIAN_POINT('',(-46.67261889571,69.999987200816,2.18E+03));
#3886 = CARTESIAN_POINT('',(-31.82337649079,69.999987200817,2.18E+03));
#3887 = PCURVE('',#3847,#3888);
#3888 = DEFINITIONAL_REPRESENTATION('',(#3889),#3892);
#3889 = B_SPLINE_CURVE_WITH_KNOTS('',1,(#3890,#3891),.UNSPECIFIED.,.F.,
  .F.,(2,2),(0.,1.484924240492E-02),.PIECEWISE_BEZIER_KNOTS.);
#3890 = CARTESIAN_POINT('',(2.212E+03,613.48492424056));
#3891 = CARTESIAN_POINT('',(2.212E+03,628.33416664547));
#3892 = ( GEOMETRIC_REPRESENTATION_CONTEXT(2) 
PARAMETRIC_REPRESENTATION_CONTEXT() REPRESENTATION_CONTEXT('2D SPACE',''
  ) );
#3893 = PCURVE('',#3659,#3894);
#3894 = DEFINITIONAL_REPRESENTATION('',(#3895),#3898);
#3895 = B_SPLINE_CURVE_WITH_KNOTS('',1,(#3896,#3897),.UNSPECIFIED.,.F.,
  .F.,(2,2),(0.,1.484924240492E-02),.PIECEWISE_BEZIER_KNOTS.);
#3896 = CARTESIAN_POINT('',(34.532912289576,-11.20553118536));
#3897 = CARTESIAN_POINT('',(49.382154694494,-11.20553118536));
#3898 = ( GEOMETRIC_REPRESENTATION_CONTEXT(2) 
PARAMETRIC_REPRESENTATION_CONTEXT() REPRESENTATION_CONTEXT('2D SPACE',''
  ) );
#3899 = ORIENTED_EDGE('',*,*,#3900,.T.);
#3900 = EDGE_CURVE('',#3881,#3901,#3903,.T.);
#3901 = VERTEX_POINT('',#3902);
#3902 = CARTESIAN_POINT('',(-31.82337649086,69.999987200767,
    179.99999999998));
#3903 = SURFACE_CURVE('',#3904,(#3907,#3913),.PCURVE_S1.);
#3904 = B_SPLINE_CURVE_WITH_KNOTS('',1,(#3905,#3906),.UNSPECIFIED.,.F.,
  .F.,(2,2),(0.,2.),.PIECEWISE_BEZIER_KNOTS.);
#3905 = CARTESIAN_POINT('',(-31.82337649079,69.999987200817,2.18E+03));
#3906 = CARTESIAN_POINT('',(-31.82337649086,69.999987200767,
    179.99999999998));
#3907 = PCURVE('',#3847,#3908);
#3908 = DEFINITIONAL_REPRESENTATION('',(#3909),#3912);
#3909 = B_SPLINE_CURVE_WITH_KNOTS('',1,(#3910,#3911),.UNSPECIFIED.,.F.,
  .F.,(2,2),(0.,2.),.PIECEWISE_BEZIER_KNOTS.);
#3910 = CARTESIAN_POINT('',(2.212E+03,628.33416664547));
#3911 = CARTESIAN_POINT('',(212.,628.33416664541));
#3912 = ( GEOMETRIC_REPRESENTATION_CONTEXT(2) 
PARAMETRIC_REPRESENTATION_CONTEXT() REPRESENTATION_CONTEXT('2D SPACE',''
  ) );
#3913 = PCURVE('',#3914,#3919);
#3914 = PLANE('',#3915);
#3915 = AXIS2_PLACEMENT_3D('',#3916,#3917,#3918);
#3916 = CARTESIAN_POINT('',(-564.5470858356,382.49412169664,2.392E+03));
#3917 = DIRECTION('',(0.505969911745,0.862551127997,-3.731963353041E-14)
  );
#3918 = DIRECTION('',(0.862551127997,-0.505969911745,-6.310887241768E-30
    ));
#3919 = DEFINITIONAL_REPRESENTATION('',(#3920),#3923);
#3920 = B_SPLINE_CURVE_WITH_KNOTS('',1,(#3921,#3922),.UNSPECIFIED.,.F.,
  .F.,(2,2),(0.,2.),.PIECEWISE_BEZIER_KNOTS.);
#3921 = CARTESIAN_POINT('',(617.61406605781,212.));
#3922 = CARTESIAN_POINT('',(617.61406605778,2.212E+03));
#3923 = ( GEOMETRIC_REPRESENTATION_CONTEXT(2) 
PARAMETRIC_REPRESENTATION_CONTEXT() REPRESENTATION_CONTEXT('2D SPACE',''
  ) );
#3924 = ORIENTED_EDGE('',*,*,#3925,.T.);
#3925 = EDGE_CURVE('',#3901,#3834,#3926,.T.);
#3926 = SURFACE_CURVE('',#3927,(#3930,#3936),.PCURVE_S1.);
#3927 = B_SPLINE_CURVE_WITH_KNOTS('',1,(#3928,#3929),.UNSPECIFIED.,.F.,
  .F.,(2,2),(0.,1.484924240492E-02),.PIECEWISE_BEZIER_KNOTS.);
#3928 = CARTESIAN_POINT('',(-31.82337649086,69.999987200767,
    179.99999999998));
#3929 = CARTESIAN_POINT('',(-46.67261889577,69.999987200766,
    179.99999999998));
#3930 = PCURVE('',#3847,#3931);
#3931 = DEFINITIONAL_REPRESENTATION('',(#3932),#3935);
#3932 = B_SPLINE_CURVE_WITH_KNOTS('',1,(#3933,#3934),.UNSPECIFIED.,.F.,
  .F.,(2,2),(0.,1.484924240492E-02),.PIECEWISE_BEZIER_KNOTS.);
#3933 = CARTESIAN_POINT('',(212.,628.33416664541));
#3934 = CARTESIAN_POINT('',(212.,613.48492424049));
#3935 = ( GEOMETRIC_REPRESENTATION_CONTEXT(2) 
PARAMETRIC_REPRESENTATION_CONTEXT() REPRESENTATION_CONTEXT('2D SPACE',''
  ) );
#3936 = PCURVE('',#3709,#3937);
#3937 = DEFINITIONAL_REPRESENTATION('',(#3938),#3941);
#3938 = B_SPLINE_CURVE_WITH_KNOTS('',1,(#3939,#3940),.UNSPECIFIED.,.F.,
  .F.,(2,2),(0.,1.484924240492E-02),.PIECEWISE_BEZIER_KNOTS.);
#3939 = CARTESIAN_POINT('',(729.27001391329,767.44663742242));
#3940 = CARTESIAN_POINT('',(744.11925631821,767.44663742242));
#3941 = ( GEOMETRIC_REPRESENTATION_CONTEXT(2) 
PARAMETRIC_REPRESENTATION_CONTEXT() REPRESENTATION_CONTEXT('2D SPACE',''
  ) );
#3942 = ORIENTED_EDGE('',*,*,#3833,.F.);
#3943 = ADVANCED_FACE('',(#3944),#3914,.T.);
#3944 = FACE_BOUND('',#3945,.T.);
#3945 = EDGE_LOOP('',(#3946,#3966,#3991,#4009));
#3946 = ORIENTED_EDGE('',*,*,#3947,.T.);
#3947 = EDGE_CURVE('',#3881,#3948,#3950,.T.);
#3948 = VERTEX_POINT('',#3949);
#3949 = CARTESIAN_POINT('',(-21.54337500556,63.969769077629,2.18E+03));
#3950 = SURFACE_CURVE('',#3951,(#3954,#3960),.PCURVE_S1.);
#3951 = B_SPLINE_CURVE_WITH_KNOTS('',1,(#3952,#3953),.UNSPECIFIED.,.F.,
  .F.,(2,2),(0.,1.191813580849E-02),.PIECEWISE_BEZIER_KNOTS.);
#3952 = CARTESIAN_POINT('',(-31.82337649079,69.999987200817,2.18E+03));
#3953 = CARTESIAN_POINT('',(-21.54337500556,63.969769077629,2.18E+03));
#3954 = PCURVE('',#3914,#3955);
#3955 = DEFINITIONAL_REPRESENTATION('',(#3956),#3959);
#3956 = B_SPLINE_CURVE_WITH_KNOTS('',1,(#3957,#3958),.UNSPECIFIED.,.F.,
  .F.,(2,2),(0.,1.191813580849E-02),.PIECEWISE_BEZIER_KNOTS.);
#3957 = CARTESIAN_POINT('',(617.61406605781,212.));
#3958 = CARTESIAN_POINT('',(629.5322018663,212.));
#3959 = ( GEOMETRIC_REPRESENTATION_CONTEXT(2) 
PARAMETRIC_REPRESENTATION_CONTEXT() REPRESENTATION_CONTEXT('2D SPACE',''
  ) );
#3960 = PCURVE('',#3659,#3961);
#3961 = DEFINITIONAL_REPRESENTATION('',(#3962),#3965);
#3962 = B_SPLINE_CURVE_WITH_KNOTS('',1,(#3963,#3964),.UNSPECIFIED.,.F.,
  .F.,(2,2),(0.,1.191813580849E-02),.PIECEWISE_BEZIER_KNOTS.);
#3963 = CARTESIAN_POINT('',(49.382154694494,-11.20553118536));
#3964 = CARTESIAN_POINT('',(59.662156179727,-17.23574930854));
#3965 = ( GEOMETRIC_REPRESENTATION_CONTEXT(2) 
PARAMETRIC_REPRESENTATION_CONTEXT() REPRESENTATION_CONTEXT('2D SPACE',''
  ) );
#3966 = ORIENTED_EDGE('',*,*,#3967,.T.);
#3967 = EDGE_CURVE('',#3948,#3968,#3970,.T.);
#3968 = VERTEX_POINT('',#3969);
#3969 = CARTESIAN_POINT('',(-21.54337500562,63.969769077578,
    179.99999999998));
#3970 = SURFACE_CURVE('',#3971,(#3974,#3980),.PCURVE_S1.);
#3971 = B_SPLINE_CURVE_WITH_KNOTS('',1,(#3972,#3973),.UNSPECIFIED.,.F.,
  .F.,(2,2),(0.,2.),.PIECEWISE_BEZIER_KNOTS.);
#3972 = CARTESIAN_POINT('',(-21.54337500556,63.969769077629,2.18E+03));
#3973 = CARTESIAN_POINT('',(-21.54337500562,63.969769077578,
    179.99999999998));
#3974 = PCURVE('',#3914,#3975);
#3975 = DEFINITIONAL_REPRESENTATION('',(#3976),#3979);
#3976 = B_SPLINE_CURVE_WITH_KNOTS('',1,(#3977,#3978),.UNSPECIFIED.,.F.,
  .F.,(2,2),(0.,2.),.PIECEWISE_BEZIER_KNOTS.);
#3977 = CARTESIAN_POINT('',(629.5322018663,212.));
#3978 = CARTESIAN_POINT('',(629.53220186627,2.212E+03));
#3979 = ( GEOMETRIC_REPRESENTATION_CONTEXT(2) 
PARAMETRIC_REPRESENTATION_CONTEXT() REPRESENTATION_CONTEXT('2D SPACE',''
  ) );
#3980 = PCURVE('',#3981,#3986);
#3981 = CYLINDRICAL_SURFACE('',#3982,67.500000000015);
#3982 = AXIS2_PLACEMENT_3D('',#3983,#3984,#3985);
#3983 = CARTESIAN_POINT('',(3.552824841452E-11,-1.27992221268E-05,
    1.18E+03));
#3984 = DIRECTION('',(3.947459643111E-14,2.631639762074E-14,1.));
#3985 = DIRECTION('',(1.,0.,-3.947459643111E-14));
#3986 = DEFINITIONAL_REPRESENTATION('',(#3987),#3990);
#3987 = B_SPLINE_CURVE_WITH_KNOTS('',1,(#3988,#3989),.UNSPECIFIED.,.F.,
  .F.,(2,2),(0.,2.),.PIECEWISE_BEZIER_KNOTS.);
#3988 = CARTESIAN_POINT('',(1.895640498511,999.99999999999));
#3989 = CARTESIAN_POINT('',(1.895640498511,-1.E+03));
#3990 = ( GEOMETRIC_REPRESENTATION_CONTEXT(2) 
PARAMETRIC_REPRESENTATION_CONTEXT() REPRESENTATION_CONTEXT('2D SPACE',''
  ) );
#3991 = ORIENTED_EDGE('',*,*,#3992,.T.);
#3992 = EDGE_CURVE('',#3968,#3901,#3993,.T.);
#3993 = SURFACE_CURVE('',#3994,(#3997,#4003),.PCURVE_S1.);
#3994 = B_SPLINE_CURVE_WITH_KNOTS('',1,(#3995,#3996),.UNSPECIFIED.,.F.,
  .F.,(2,2),(0.,1.191813580849E-02),.PIECEWISE_BEZIER_KNOTS.);
#3995 = CARTESIAN_POINT('',(-21.54337500562,63.969769077578,
    179.99999999998));
#3996 = CARTESIAN_POINT('',(-31.82337649086,69.999987200767,
    179.99999999998));
#3997 = PCURVE('',#3914,#3998);
#3998 = DEFINITIONAL_REPRESENTATION('',(#3999),#4002);
#3999 = B_SPLINE_CURVE_WITH_KNOTS('',1,(#4000,#4001),.UNSPECIFIED.,.F.,
  .F.,(2,2),(0.,1.191813580849E-02),.PIECEWISE_BEZIER_KNOTS.);
#4000 = CARTESIAN_POINT('',(629.53220186627,2.212E+03));
#4001 = CARTESIAN_POINT('',(617.61406605778,2.212E+03));
#4002 = ( GEOMETRIC_REPRESENTATION_CONTEXT(2) 
PARAMETRIC_REPRESENTATION_CONTEXT() REPRESENTATION_CONTEXT('2D SPACE',''
  ) );
#4003 = PCURVE('',#3709,#4004);
#4004 = DEFINITIONAL_REPRESENTATION('',(#4005),#4008);
#4005 = B_SPLINE_CURVE_WITH_KNOTS('',1,(#4006,#4007),.UNSPECIFIED.,.F.,
  .F.,(2,2),(0.,1.191813580849E-02),.PIECEWISE_BEZIER_KNOTS.);
#4006 = CARTESIAN_POINT('',(718.99001242806,761.41641929924));
#4007 = CARTESIAN_POINT('',(729.27001391329,767.44663742242));
#4008 = ( GEOMETRIC_REPRESENTATION_CONTEXT(2) 
PARAMETRIC_REPRESENTATION_CONTEXT() REPRESENTATION_CONTEXT('2D SPACE',''
  ) );
#4009 = ORIENTED_EDGE('',*,*,#3900,.F.);
#4010 = ADVANCED_FACE('',(#4011),#3981,.T.);
#4011 = FACE_BOUND('',#4012,.T.);
#4012 = EDGE_LOOP('',(#4013,#4040,#4065,#4090));
#4013 = ORIENTED_EDGE('',*,*,#4014,.T.);
#4014 = EDGE_CURVE('',#3948,#4015,#4017,.T.);
#4015 = VERTEX_POINT('',#4016);
#4016 = CARTESIAN_POINT('',(21.439285534787,64.004729492003,2.18E+03));
#4017 = SURFACE_CURVE('',#4018,(#4023,#4029),.PCURVE_S1.);
#4018 = CIRCLE('',#4019,67.500000000022);
#4019 = AXIS2_PLACEMENT_3D('',#4020,#4021,#4022);
#4020 = CARTESIAN_POINT('',(6.994928810351E-11,-1.279920371964E-05,
    2.18E+03));
#4021 = DIRECTION('',(-1.850899032959E-15,2.275618474566E-12,-1.));
#4022 = DIRECTION('',(-0.319161111194,0.947700472249,2.157195437997E-12)
  );
#4023 = PCURVE('',#3981,#4024);
#4024 = DEFINITIONAL_REPRESENTATION('',(#4025),#4028);
#4025 = B_SPLINE_CURVE_WITH_KNOTS('',1,(#4026,#4027),.UNSPECIFIED.,.F.,
  .F.,(2,2),(0.,0.648061622042),.PIECEWISE_BEZIER_KNOTS.);
#4026 = CARTESIAN_POINT('',(1.895640498511,999.99999999998));
#4027 = CARTESIAN_POINT('',(1.247578876469,999.99999999998));
#4028 = ( GEOMETRIC_REPRESENTATION_CONTEXT(2) 
PARAMETRIC_REPRESENTATION_CONTEXT() REPRESENTATION_CONTEXT('2D SPACE',''
  ) );
#4029 = PCURVE('',#3659,#4030);
#4030 = DEFINITIONAL_REPRESENTATION('',(#4031),#4039);
#4031 = ( BOUNDED_CURVE() B_SPLINE_CURVE(2,(#4032,#4033,#4034,#4035,
#4036,#4037,#4038),.UNSPECIFIED.,.T.,.F.) B_SPLINE_CURVE_WITH_KNOTS((1,2
    ,2,2,2,1),(-2.094395102393,0.,2.094395102393,4.188790204786,
6.28318530718,8.377580409573),.UNSPECIFIED.) CURVE() 
GEOMETRIC_REPRESENTATION_ITEM() RATIONAL_B_SPLINE_CURVE((1.,0.5,1.,0.5,
1.,0.5,1.)) REPRESENTATION_ITEM('') );
#4032 = CARTESIAN_POINT('',(59.662156179727,-17.23574930854));
#4033 = CARTESIAN_POINT('',(170.4610685395,20.078470767719));
#4034 = CARTESIAN_POINT('',(147.37667486806,-94.53331208566));
#4035 = CARTESIAN_POINT('',(124.29228119662,-209.145094939));
#4036 = CARTESIAN_POINT('',(36.577762508291,-131.8475321619));
#4037 = CARTESIAN_POINT('',(-51.13675618004,-54.54996938481));
#4038 = CARTESIAN_POINT('',(59.662156179727,-17.23574930854));
#4039 = ( GEOMETRIC_REPRESENTATION_CONTEXT(2) 
PARAMETRIC_REPRESENTATION_CONTEXT() REPRESENTATION_CONTEXT('2D SPACE',''
  ) );
#4040 = ORIENTED_EDGE('',*,*,#4041,.T.);
#4041 = EDGE_CURVE('',#4015,#4042,#4044,.T.);
#4042 = VERTEX_POINT('',#4043);
#4043 = CARTESIAN_POINT('',(21.439285534725,64.004729491953,
    179.99999999998));
#4044 = SURFACE_CURVE('',#4045,(#4048,#4054),.PCURVE_S1.);
#4045 = B_SPLINE_CURVE_WITH_KNOTS('',1,(#4046,#4047),.UNSPECIFIED.,.F.,
  .F.,(2,2),(0.,2.),.PIECEWISE_BEZIER_KNOTS.);
#4046 = CARTESIAN_POINT('',(21.439285534787,64.004729492003,2.18E+03));
#4047 = CARTESIAN_POINT('',(21.439285534725,64.004729491953,
    179.99999999998));
#4048 = PCURVE('',#3981,#4049);
#4049 = DEFINITIONAL_REPRESENTATION('',(#4050),#4053);
#4050 = B_SPLINE_CURVE_WITH_KNOTS('',1,(#4051,#4052),.UNSPECIFIED.,.F.,
  .F.,(2,2),(0.,2.),.PIECEWISE_BEZIER_KNOTS.);
#4051 = CARTESIAN_POINT('',(1.247578876469,999.99999999999));
#4052 = CARTESIAN_POINT('',(1.247578876469,-1.E+03));
#4053 = ( GEOMETRIC_REPRESENTATION_CONTEXT(2) 
PARAMETRIC_REPRESENTATION_CONTEXT() REPRESENTATION_CONTEXT('2D SPACE',''
  ) );
#4054 = PCURVE('',#4055,#4060);
#4055 = PLANE('',#4056);
#4056 = AXIS2_PLACEMENT_3D('',#4057,#4058,#4059);
#4057 = CARTESIAN_POINT('',(-513.4105182542,-244.7909487015,2.392E+03));
#4058 = DIRECTION('',(-0.5,0.866025403784,-6.990533855198E-15));
#4059 = DIRECTION('',(0.866025403784,0.5,0.));
#4060 = DEFINITIONAL_REPRESENTATION('',(#4061),#4064);
#4061 = B_SPLINE_CURVE_WITH_KNOTS('',1,(#4062,#4063),.UNSPECIFIED.,.F.,
  .F.,(2,2),(0.,2.),.PIECEWISE_BEZIER_KNOTS.);
#4062 = CARTESIAN_POINT('',(617.59135638726,212.));
#4063 = CARTESIAN_POINT('',(617.59135638718,2.212E+03));
#4064 = ( GEOMETRIC_REPRESENTATION_CONTEXT(2) 
PARAMETRIC_REPRESENTATION_CONTEXT() REPRESENTATION_CONTEXT('2D SPACE',''
  ) );
#4065 = ORIENTED_EDGE('',*,*,#4066,.T.);
#4066 = EDGE_CURVE('',#4042,#3968,#4067,.T.);
#4067 = SURFACE_CURVE('',#4068,(#4073,#4079),.PCURVE_S1.);
#4068 = CIRCLE('',#4069,67.500000000014);
#4069 = AXIS2_PLACEMENT_3D('',#4070,#4071,#4072);
#4070 = CARTESIAN_POINT('',(9.562237371343E-12,-1.279924612394E-05,
    179.99999999998));
#4071 = DIRECTION('',(2.32080243559E-14,4.742762608262E-14,1.));
#4072 = DIRECTION('',(0.317619044959,0.948218404314,-5.234305845576E-14)
  );
#4073 = PCURVE('',#3981,#4074);
#4074 = DEFINITIONAL_REPRESENTATION('',(#4075),#4078);
#4075 = B_SPLINE_CURVE_WITH_KNOTS('',1,(#4076,#4077),.UNSPECIFIED.,.F.,
  .F.,(2,2),(0.,0.648061622042),.PIECEWISE_BEZIER_KNOTS.);
#4076 = CARTESIAN_POINT('',(1.247578876469,-1.E+03));
#4077 = CARTESIAN_POINT('',(1.895640498511,-1.E+03));
#4078 = ( GEOMETRIC_REPRESENTATION_CONTEXT(2) 
PARAMETRIC_REPRESENTATION_CONTEXT() REPRESENTATION_CONTEXT('2D SPACE',''
  ) );
#4079 = PCURVE('',#3709,#4080);
#4080 = DEFINITIONAL_REPRESENTATION('',(#4081),#4089);
#4081 = ( BOUNDED_CURVE() B_SPLINE_CURVE(2,(#4082,#4083,#4084,#4085,
#4086,#4087,#4088),.UNSPECIFIED.,.T.,.F.) B_SPLINE_CURVE_WITH_KNOTS((1,2
    ,2,2,2,1),(-2.094395102393,0.,2.094395102393,4.188790204786,
6.28318530718,8.377580409573),.UNSPECIFIED.) CURVE() 
GEOMETRIC_REPRESENTATION_ITEM() RATIONAL_B_SPLINE_CURVE((1.,0.5,1.,0.5,
1.,0.5,1.)) REPRESENTATION_ITEM('') );
#4082 = CARTESIAN_POINT('',(676.00735188771,761.45137971361));
#4083 = CARTESIAN_POINT('',(786.86681746142,798.58531153771));
#4084 = CARTESIAN_POINT('',(763.59601297664,684.01123218886));
#4085 = CARTESIAN_POINT('',(740.32520849185,569.43715284001));
#4086 = CARTESIAN_POINT('',(652.73654740293,646.87730036476));
#4087 = CARTESIAN_POINT('',(565.147886314,724.31744788951));
#4088 = CARTESIAN_POINT('',(676.00735188771,761.45137971361));
#4089 = ( GEOMETRIC_REPRESENTATION_CONTEXT(2) 
PARAMETRIC_REPRESENTATION_CONTEXT() REPRESENTATION_CONTEXT('2D SPACE',''
  ) );
#4090 = ORIENTED_EDGE('',*,*,#3967,.F.);
#4091 = ADVANCED_FACE('',(#4092),#4055,.T.);
#4092 = FACE_BOUND('',#4093,.T.);
#4093 = EDGE_LOOP('',(#4094,#4114,#4139,#4157));
#4094 = ORIENTED_EDGE('',*,*,#4095,.T.);
#4095 = EDGE_CURVE('',#4015,#4096,#4098,.T.);
#4096 = VERTEX_POINT('',#4097);
#4097 = CARTESIAN_POINT('',(31.823376490929,69.999987200822,2.18E+03));
#4098 = SURFACE_CURVE('',#4099,(#4102,#4108),.PCURVE_S1.);
#4099 = B_SPLINE_CURVE_WITH_KNOTS('',1,(#4100,#4101),.UNSPECIFIED.,.F.,
  .F.,(2,2),(0.,1.199051541764E-02),.PIECEWISE_BEZIER_KNOTS.);
#4100 = CARTESIAN_POINT('',(21.439285534787,64.004729492003,2.18E+03));
#4101 = CARTESIAN_POINT('',(31.823376490929,69.999987200822,2.18E+03));
#4102 = PCURVE('',#4055,#4103);
#4103 = DEFINITIONAL_REPRESENTATION('',(#4104),#4107);
#4104 = B_SPLINE_CURVE_WITH_KNOTS('',1,(#4105,#4106),.UNSPECIFIED.,.F.,
  .F.,(2,2),(0.,1.199051541764E-02),.PIECEWISE_BEZIER_KNOTS.);
#4105 = CARTESIAN_POINT('',(617.59135638726,212.));
#4106 = CARTESIAN_POINT('',(629.5818718049,212.));
#4107 = ( GEOMETRIC_REPRESENTATION_CONTEXT(2) 
PARAMETRIC_REPRESENTATION_CONTEXT() REPRESENTATION_CONTEXT('2D SPACE',''
  ) );
#4108 = PCURVE('',#3659,#4109);
#4109 = DEFINITIONAL_REPRESENTATION('',(#4110),#4113);
#4110 = B_SPLINE_CURVE_WITH_KNOTS('',1,(#4111,#4112),.UNSPECIFIED.,.F.,
  .F.,(2,2),(0.,1.199051541764E-02),.PIECEWISE_BEZIER_KNOTS.);
#4111 = CARTESIAN_POINT('',(102.64481672007,-17.20078889417));
#4112 = CARTESIAN_POINT('',(113.02890767622,-11.20553118535));
#4113 = ( GEOMETRIC_REPRESENTATION_CONTEXT(2) 
PARAMETRIC_REPRESENTATION_CONTEXT() REPRESENTATION_CONTEXT('2D SPACE',''
  ) );
#4114 = ORIENTED_EDGE('',*,*,#4115,.T.);
#4115 = EDGE_CURVE('',#4096,#4116,#4118,.T.);
#4116 = VERTEX_POINT('',#4117);
#4117 = CARTESIAN_POINT('',(31.823376490865,69.999987200771,
    179.99999999998));
#4118 = SURFACE_CURVE('',#4119,(#4122,#4128),.PCURVE_S1.);
#4119 = B_SPLINE_CURVE_WITH_KNOTS('',1,(#4120,#4121),.UNSPECIFIED.,.F.,
  .F.,(2,2),(0.,2.),.PIECEWISE_BEZIER_KNOTS.);
#4120 = CARTESIAN_POINT('',(31.823376490929,69.999987200822,2.18E+03));
#4121 = CARTESIAN_POINT('',(31.823376490865,69.999987200771,
    179.99999999998));
#4122 = PCURVE('',#4055,#4123);
#4123 = DEFINITIONAL_REPRESENTATION('',(#4124),#4127);
#4124 = B_SPLINE_CURVE_WITH_KNOTS('',1,(#4125,#4126),.UNSPECIFIED.,.F.,
  .F.,(2,2),(0.,2.),.PIECEWISE_BEZIER_KNOTS.);
#4125 = CARTESIAN_POINT('',(629.5818718049,212.));
#4126 = CARTESIAN_POINT('',(629.58187180481,2.212E+03));
#4127 = ( GEOMETRIC_REPRESENTATION_CONTEXT(2) 
PARAMETRIC_REPRESENTATION_CONTEXT() REPRESENTATION_CONTEXT('2D SPACE',''
  ) );
#4128 = PCURVE('',#4129,#4134);
#4129 = PLANE('',#4130);
#4130 = AXIS2_PLACEMENT_3D('',#4131,#4132,#4133);
#4131 = CARTESIAN_POINT('',(-581.6615477496,69.99998720082,
    -32.00000000002));
#4132 = DIRECTION('',(0.,1.,0.));
#4133 = DIRECTION('',(0.,0.,1.));
#4134 = DEFINITIONAL_REPRESENTATION('',(#4135),#4138);
#4135 = B_SPLINE_CURVE_WITH_KNOTS('',1,(#4136,#4137),.UNSPECIFIED.,.F.,
  .F.,(2,2),(0.,2.),.PIECEWISE_BEZIER_KNOTS.);
#4136 = CARTESIAN_POINT('',(2.212E+03,613.48492424056));
#4137 = CARTESIAN_POINT('',(212.,613.48492424049));
#4138 = ( GEOMETRIC_REPRESENTATION_CONTEXT(2) 
PARAMETRIC_REPRESENTATION_CONTEXT() REPRESENTATION_CONTEXT('2D SPACE',''
  ) );
#4139 = ORIENTED_EDGE('',*,*,#4140,.T.);
#4140 = EDGE_CURVE('',#4116,#4042,#4141,.T.);
#4141 = SURFACE_CURVE('',#4142,(#4145,#4151),.PCURVE_S1.);
#4142 = B_SPLINE_CURVE_WITH_KNOTS('',1,(#4143,#4144),.UNSPECIFIED.,.F.,
  .F.,(2,2),(0.,1.199051541764E-02),.PIECEWISE_BEZIER_KNOTS.);
#4143 = CARTESIAN_POINT('',(31.823376490865,69.999987200771,
    179.99999999998));
#4144 = CARTESIAN_POINT('',(21.439285534725,64.004729491953,
    179.99999999998));
#4145 = PCURVE('',#4055,#4146);
#4146 = DEFINITIONAL_REPRESENTATION('',(#4147),#4150);
#4147 = B_SPLINE_CURVE_WITH_KNOTS('',1,(#4148,#4149),.UNSPECIFIED.,.F.,
  .F.,(2,2),(0.,1.199051541764E-02),.PIECEWISE_BEZIER_KNOTS.);
#4148 = CARTESIAN_POINT('',(629.58187180481,2.212E+03));
#4149 = CARTESIAN_POINT('',(617.59135638718,2.212E+03));
#4150 = ( GEOMETRIC_REPRESENTATION_CONTEXT(2) 
PARAMETRIC_REPRESENTATION_CONTEXT() REPRESENTATION_CONTEXT('2D SPACE',''
  ) );
#4151 = PCURVE('',#3709,#4152);
#4152 = DEFINITIONAL_REPRESENTATION('',(#4153),#4156);
#4153 = B_SPLINE_CURVE_WITH_KNOTS('',1,(#4154,#4155),.UNSPECIFIED.,.F.,
  .F.,(2,2),(0.,1.199051541764E-02),.PIECEWISE_BEZIER_KNOTS.);
#4154 = CARTESIAN_POINT('',(665.62326093157,767.44663742243));
#4155 = CARTESIAN_POINT('',(676.00735188771,761.45137971361));
#4156 = ( GEOMETRIC_REPRESENTATION_CONTEXT(2) 
PARAMETRIC_REPRESENTATION_CONTEXT() REPRESENTATION_CONTEXT('2D SPACE',''
  ) );
#4157 = ORIENTED_EDGE('',*,*,#4041,.F.);
#4158 = ADVANCED_FACE('',(#4159),#4129,.T.);
#4159 = FACE_BOUND('',#4160,.T.);
#4160 = EDGE_LOOP('',(#4161,#4181,#4206,#4224));
#4161 = ORIENTED_EDGE('',*,*,#4162,.T.);
#4162 = EDGE_CURVE('',#4096,#4163,#4165,.T.);
#4163 = VERTEX_POINT('',#4164);
#4164 = CARTESIAN_POINT('',(46.672618895847,69.999987200823,2.18E+03));
#4165 = SURFACE_CURVE('',#4166,(#4169,#4175),.PCURVE_S1.);
#4166 = B_SPLINE_CURVE_WITH_KNOTS('',1,(#4167,#4168),.UNSPECIFIED.,.F.,
  .F.,(2,2),(0.,1.484924240492E-02),.PIECEWISE_BEZIER_KNOTS.);
#4167 = CARTESIAN_POINT('',(31.823376490929,69.999987200822,2.18E+03));
#4168 = CARTESIAN_POINT('',(46.672618895847,69.999987200823,2.18E+03));
#4169 = PCURVE('',#4129,#4170);
#4170 = DEFINITIONAL_REPRESENTATION('',(#4171),#4174);
#4171 = B_SPLINE_CURVE_WITH_KNOTS('',1,(#4172,#4173),.UNSPECIFIED.,.F.,
  .F.,(2,2),(0.,1.484924240492E-02),.PIECEWISE_BEZIER_KNOTS.);
#4172 = CARTESIAN_POINT('',(2.212E+03,613.48492424056));
#4173 = CARTESIAN_POINT('',(2.212E+03,628.33416664547));
#4174 = ( GEOMETRIC_REPRESENTATION_CONTEXT(2) 
PARAMETRIC_REPRESENTATION_CONTEXT() REPRESENTATION_CONTEXT('2D SPACE',''
  ) );
#4175 = PCURVE('',#3659,#4176);
#4176 = DEFINITIONAL_REPRESENTATION('',(#4177),#4180);
#4177 = B_SPLINE_CURVE_WITH_KNOTS('',1,(#4178,#4179),.UNSPECIFIED.,.F.,
  .F.,(2,2),(0.,1.484924240492E-02),.PIECEWISE_BEZIER_KNOTS.);
#4178 = CARTESIAN_POINT('',(113.02890767622,-11.20553118535));
#4179 = CARTESIAN_POINT('',(127.87815008113,-11.20553118535));
#4180 = ( GEOMETRIC_REPRESENTATION_CONTEXT(2) 
PARAMETRIC_REPRESENTATION_CONTEXT() REPRESENTATION_CONTEXT('2D SPACE',''
  ) );
#4181 = ORIENTED_EDGE('',*,*,#4182,.T.);
#4182 = EDGE_CURVE('',#4163,#4183,#4185,.T.);
#4183 = VERTEX_POINT('',#4184);
#4184 = CARTESIAN_POINT('',(46.672618895784,69.99998720077,
    179.99999999997));
#4185 = SURFACE_CURVE('',#4186,(#4189,#4195),.PCURVE_S1.);
#4186 = B_SPLINE_CURVE_WITH_KNOTS('',1,(#4187,#4188),.UNSPECIFIED.,.F.,
  .F.,(2,2),(0.,2.),.PIECEWISE_BEZIER_KNOTS.);
#4187 = CARTESIAN_POINT('',(46.672618895847,69.999987200823,2.18E+03));
#4188 = CARTESIAN_POINT('',(46.672618895784,69.99998720077,
    179.99999999997));
#4189 = PCURVE('',#4129,#4190);
#4190 = DEFINITIONAL_REPRESENTATION('',(#4191),#4194);
#4191 = B_SPLINE_CURVE_WITH_KNOTS('',1,(#4192,#4193),.UNSPECIFIED.,.F.,
  .F.,(2,2),(0.,2.),.PIECEWISE_BEZIER_KNOTS.);
#4192 = CARTESIAN_POINT('',(2.212E+03,628.33416664547));
#4193 = CARTESIAN_POINT('',(212.,628.33416664541));
#4194 = ( GEOMETRIC_REPRESENTATION_CONTEXT(2) 
PARAMETRIC_REPRESENTATION_CONTEXT() REPRESENTATION_CONTEXT('2D SPACE',''
  ) );
#4195 = PCURVE('',#4196,#4201);
#4196 = PLANE('',#4197);
#4197 = AXIS2_PLACEMENT_3D('',#4198,#4199,#4200);
#4198 = CARTESIAN_POINT('',(508.59680682238,-391.9242007258,
    -32.00000000002));
#4199 = DIRECTION('',(0.707106781187,0.707106781187,-3.98999746063E-14)
  );
#4200 = DIRECTION('',(-0.707106781187,0.707106781187,0.));
#4201 = DEFINITIONAL_REPRESENTATION('',(#4202),#4205);
#4202 = B_SPLINE_CURVE_WITH_KNOTS('',1,(#4203,#4204),.UNSPECIFIED.,.F.,
  .F.,(2,2),(0.,2.),.PIECEWISE_BEZIER_KNOTS.);
#4203 = CARTESIAN_POINT('',(653.25945135397,2.212E+03));
#4204 = CARTESIAN_POINT('',(653.25945135398,212.));
#4205 = ( GEOMETRIC_REPRESENTATION_CONTEXT(2) 
PARAMETRIC_REPRESENTATION_CONTEXT() REPRESENTATION_CONTEXT('2D SPACE',''
  ) );
#4206 = ORIENTED_EDGE('',*,*,#4207,.T.);
#4207 = EDGE_CURVE('',#4183,#4116,#4208,.T.);
#4208 = SURFACE_CURVE('',#4209,(#4212,#4218),.PCURVE_S1.);
#4209 = B_SPLINE_CURVE_WITH_KNOTS('',1,(#4210,#4211),.UNSPECIFIED.,.F.,
  .F.,(2,2),(0.,1.484924240492E-02),.PIECEWISE_BEZIER_KNOTS.);
#4210 = CARTESIAN_POINT('',(46.672618895784,69.99998720077,
    179.99999999997));
#4211 = CARTESIAN_POINT('',(31.823376490865,69.999987200771,
    179.99999999998));
#4212 = PCURVE('',#4129,#4213);
#4213 = DEFINITIONAL_REPRESENTATION('',(#4214),#4217);
#4214 = B_SPLINE_CURVE_WITH_KNOTS('',1,(#4215,#4216),.UNSPECIFIED.,.F.,
  .F.,(2,2),(0.,1.484924240492E-02),.PIECEWISE_BEZIER_KNOTS.);
#4215 = CARTESIAN_POINT('',(212.,628.33416664541));
#4216 = CARTESIAN_POINT('',(212.,613.48492424049));
#4217 = ( GEOMETRIC_REPRESENTATION_CONTEXT(2) 
PARAMETRIC_REPRESENTATION_CONTEXT() REPRESENTATION_CONTEXT('2D SPACE',''
  ) );
#4218 = PCURVE('',#3709,#4219);
#4219 = DEFINITIONAL_REPRESENTATION('',(#4220),#4223);
#4220 = B_SPLINE_CURVE_WITH_KNOTS('',1,(#4221,#4222),.UNSPECIFIED.,.F.,
  .F.,(2,2),(0.,1.484924240492E-02),.PIECEWISE_BEZIER_KNOTS.);
#4221 = CARTESIAN_POINT('',(650.77401852665,767.44663742243));
#4222 = CARTESIAN_POINT('',(665.62326093157,767.44663742243));
#4223 = ( GEOMETRIC_REPRESENTATION_CONTEXT(2) 
PARAMETRIC_REPRESENTATION_CONTEXT() REPRESENTATION_CONTEXT('2D SPACE',''
  ) );
#4224 = ORIENTED_EDGE('',*,*,#4115,.F.);
#4225 = ADVANCED_FACE('',(#4226),#4196,.T.);
#4226 = FACE_BOUND('',#4227,.T.);
#4227 = EDGE_LOOP('',(#4228,#4248,#4273,#4291));
#4228 = ORIENTED_EDGE('',*,*,#4229,.T.);
#4229 = EDGE_CURVE('',#4163,#4230,#4232,.T.);
#4230 = VERTEX_POINT('',#4231);
#4231 = CARTESIAN_POINT('',(70.000000000066,46.672606096601,2.18E+03));
#4232 = SURFACE_CURVE('',#4233,(#4236,#4242),.PCURVE_S1.);
#4233 = B_SPLINE_CURVE_WITH_KNOTS('',1,(#4234,#4235),.UNSPECIFIED.,.F.,
  .F.,(2,2),(0.,3.298989873223E-02),.PIECEWISE_BEZIER_KNOTS.);
#4234 = CARTESIAN_POINT('',(46.672618895847,69.999987200823,2.18E+03));
#4235 = CARTESIAN_POINT('',(70.000000000066,46.672606096601,2.18E+03));
#4236 = PCURVE('',#4196,#4237);
#4237 = DEFINITIONAL_REPRESENTATION('',(#4238),#4241);
#4238 = B_SPLINE_CURVE_WITH_KNOTS('',1,(#4239,#4240),.UNSPECIFIED.,.F.,
  .F.,(2,2),(0.,3.298989873223E-02),.PIECEWISE_BEZIER_KNOTS.);
#4239 = CARTESIAN_POINT('',(653.25945135397,2.212E+03));
#4240 = CARTESIAN_POINT('',(620.26955262174,2.212E+03));
#4241 = ( GEOMETRIC_REPRESENTATION_CONTEXT(2) 
PARAMETRIC_REPRESENTATION_CONTEXT() REPRESENTATION_CONTEXT('2D SPACE',''
  ) );
#4242 = PCURVE('',#3659,#4243);
#4243 = DEFINITIONAL_REPRESENTATION('',(#4244),#4247);
#4244 = B_SPLINE_CURVE_WITH_KNOTS('',1,(#4245,#4246),.UNSPECIFIED.,.F.,
  .F.,(2,2),(0.,3.298989873223E-02),.PIECEWISE_BEZIER_KNOTS.);
#4245 = CARTESIAN_POINT('',(127.87815008113,-11.20553118535));
#4246 = CARTESIAN_POINT('',(151.20553118535,-34.53291228957));
#4247 = ( GEOMETRIC_REPRESENTATION_CONTEXT(2) 
PARAMETRIC_REPRESENTATION_CONTEXT() REPRESENTATION_CONTEXT('2D SPACE',''
  ) );
#4248 = ORIENTED_EDGE('',*,*,#4249,.T.);
#4249 = EDGE_CURVE('',#4230,#4250,#4252,.T.);
#4250 = VERTEX_POINT('',#4251);
#4251 = CARTESIAN_POINT('',(70.000000000004,46.672606096552,
    179.99999999998));
#4252 = SURFACE_CURVE('',#4253,(#4256,#4262),.PCURVE_S1.);
#4253 = B_SPLINE_CURVE_WITH_KNOTS('',1,(#4254,#4255),.UNSPECIFIED.,.F.,
  .F.,(2,2),(0.,2.),.PIECEWISE_BEZIER_KNOTS.);
#4254 = CARTESIAN_POINT('',(70.000000000066,46.672606096601,2.18E+03));
#4255 = CARTESIAN_POINT('',(70.000000000004,46.672606096552,
    179.99999999998));
#4256 = PCURVE('',#4196,#4257);
#4257 = DEFINITIONAL_REPRESENTATION('',(#4258),#4261);
#4258 = B_SPLINE_CURVE_WITH_KNOTS('',1,(#4259,#4260),.UNSPECIFIED.,.F.,
  .F.,(2,2),(0.,2.),.PIECEWISE_BEZIER_KNOTS.);
#4259 = CARTESIAN_POINT('',(620.26955262174,2.212E+03));
#4260 = CARTESIAN_POINT('',(620.26955262175,212.));
#4261 = ( GEOMETRIC_REPRESENTATION_CONTEXT(2) 
PARAMETRIC_REPRESENTATION_CONTEXT() REPRESENTATION_CONTEXT('2D SPACE',''
  ) );
#4262 = PCURVE('',#4263,#4268);
#4263 = PLANE('',#4264);
#4264 = AXIS2_PLACEMENT_3D('',#4265,#4266,#4267);
#4265 = CARTESIAN_POINT('',(70.000000000066,-581.6615605488,
    -32.00000000002));
#4266 = DIRECTION('',(1.,0.,0.));
#4267 = DIRECTION('',(0.,0.,1.));
#4268 = DEFINITIONAL_REPRESENTATION('',(#4269),#4272);
#4269 = B_SPLINE_CURVE_WITH_KNOTS('',1,(#4270,#4271),.UNSPECIFIED.,.F.,
  .F.,(2,2),(0.,2.),.PIECEWISE_BEZIER_KNOTS.);
#4270 = CARTESIAN_POINT('',(2.212E+03,-628.3341666454));
#4271 = CARTESIAN_POINT('',(212.,-628.3341666454));
#4272 = ( GEOMETRIC_REPRESENTATION_CONTEXT(2) 
PARAMETRIC_REPRESENTATION_CONTEXT() REPRESENTATION_CONTEXT('2D SPACE',''
  ) );
#4273 = ORIENTED_EDGE('',*,*,#4274,.T.);
#4274 = EDGE_CURVE('',#4250,#4183,#4275,.T.);
#4275 = SURFACE_CURVE('',#4276,(#4279,#4285),.PCURVE_S1.);
#4276 = B_SPLINE_CURVE_WITH_KNOTS('',1,(#4277,#4278),.UNSPECIFIED.,.F.,
  .F.,(2,2),(0.,3.298989873223E-02),.PIECEWISE_BEZIER_KNOTS.);
#4277 = CARTESIAN_POINT('',(70.000000000004,46.672606096552,
    179.99999999998));
#4278 = CARTESIAN_POINT('',(46.672618895784,69.99998720077,
    179.99999999997));
#4279 = PCURVE('',#4196,#4280);
#4280 = DEFINITIONAL_REPRESENTATION('',(#4281),#4284);
#4281 = B_SPLINE_CURVE_WITH_KNOTS('',1,(#4282,#4283),.UNSPECIFIED.,.F.,
  .F.,(2,2),(0.,3.298989873223E-02),.PIECEWISE_BEZIER_KNOTS.);
#4282 = CARTESIAN_POINT('',(620.26955262175,212.));
#4283 = CARTESIAN_POINT('',(653.25945135398,212.));
#4284 = ( GEOMETRIC_REPRESENTATION_CONTEXT(2) 
PARAMETRIC_REPRESENTATION_CONTEXT() REPRESENTATION_CONTEXT('2D SPACE',''
  ) );
#4285 = PCURVE('',#3709,#4286);
#4286 = DEFINITIONAL_REPRESENTATION('',(#4287),#4290);
#4287 = B_SPLINE_CURVE_WITH_KNOTS('',1,(#4288,#4289),.UNSPECIFIED.,.F.,
  .F.,(2,2),(0.,3.298989873223E-02),.PIECEWISE_BEZIER_KNOTS.);
#4288 = CARTESIAN_POINT('',(627.44663742243,744.11925631821));
#4289 = CARTESIAN_POINT('',(650.77401852665,767.44663742243));
#4290 = ( GEOMETRIC_REPRESENTATION_CONTEXT(2) 
PARAMETRIC_REPRESENTATION_CONTEXT() REPRESENTATION_CONTEXT('2D SPACE',''
  ) );
#4291 = ORIENTED_EDGE('',*,*,#4182,.F.);
#4292 = ADVANCED_FACE('',(#4293),#4263,.T.);
#4293 = FACE_BOUND('',#4294,.T.);
#4294 = EDGE_LOOP('',(#4295,#4315,#4340,#4358));
#4295 = ORIENTED_EDGE('',*,*,#4296,.T.);
#4296 = EDGE_CURVE('',#4230,#4297,#4299,.T.);
#4297 = VERTEX_POINT('',#4298);
#4298 = CARTESIAN_POINT('',(70.000000000065,31.823363691684,2.18E+03));
#4299 = SURFACE_CURVE('',#4300,(#4303,#4309),.PCURVE_S1.);
#4300 = B_SPLINE_CURVE_WITH_KNOTS('',1,(#4301,#4302),.UNSPECIFIED.,.F.,
  .F.,(2,2),(0.,1.484924240492E-02),.PIECEWISE_BEZIER_KNOTS.);
#4301 = CARTESIAN_POINT('',(70.000000000066,46.672606096601,2.18E+03));
#4302 = CARTESIAN_POINT('',(70.000000000065,31.823363691684,2.18E+03));
#4303 = PCURVE('',#4263,#4304);
#4304 = DEFINITIONAL_REPRESENTATION('',(#4305),#4308);
#4305 = B_SPLINE_CURVE_WITH_KNOTS('',1,(#4306,#4307),.UNSPECIFIED.,.F.,
  .F.,(2,2),(0.,1.484924240492E-02),.PIECEWISE_BEZIER_KNOTS.);
#4306 = CARTESIAN_POINT('',(2.212E+03,-628.3341666454));
#4307 = CARTESIAN_POINT('',(2.212E+03,-613.4849242405));
#4308 = ( GEOMETRIC_REPRESENTATION_CONTEXT(2) 
PARAMETRIC_REPRESENTATION_CONTEXT() REPRESENTATION_CONTEXT('2D SPACE',''
  ) );
#4309 = PCURVE('',#3659,#4310);
#4310 = DEFINITIONAL_REPRESENTATION('',(#4311),#4314);
#4311 = B_SPLINE_CURVE_WITH_KNOTS('',1,(#4312,#4313),.UNSPECIFIED.,.F.,
  .F.,(2,2),(0.,1.484924240492E-02),.PIECEWISE_BEZIER_KNOTS.);
#4312 = CARTESIAN_POINT('',(151.20553118535,-34.53291228957));
#4313 = CARTESIAN_POINT('',(151.20553118535,-49.38215469449));
#4314 = ( GEOMETRIC_REPRESENTATION_CONTEXT(2) 
PARAMETRIC_REPRESENTATION_CONTEXT() REPRESENTATION_CONTEXT('2D SPACE',''
  ) );
#4315 = ORIENTED_EDGE('',*,*,#4316,.T.);
#4316 = EDGE_CURVE('',#4297,#4317,#4319,.T.);
#4317 = VERTEX_POINT('',#4318);
#4318 = CARTESIAN_POINT('',(70.000000000003,31.823363691632,
    179.99999999998));
#4319 = SURFACE_CURVE('',#4320,(#4323,#4329),.PCURVE_S1.);
#4320 = B_SPLINE_CURVE_WITH_KNOTS('',1,(#4321,#4322),.UNSPECIFIED.,.F.,
  .F.,(2,2),(0.,2.),.PIECEWISE_BEZIER_KNOTS.);
#4321 = CARTESIAN_POINT('',(70.000000000065,31.823363691684,2.18E+03));
#4322 = CARTESIAN_POINT('',(70.000000000003,31.823363691632,
    179.99999999998));
#4323 = PCURVE('',#4263,#4324);
#4324 = DEFINITIONAL_REPRESENTATION('',(#4325),#4328);
#4325 = B_SPLINE_CURVE_WITH_KNOTS('',1,(#4326,#4327),.UNSPECIFIED.,.F.,
  .F.,(2,2),(0.,2.),.PIECEWISE_BEZIER_KNOTS.);
#4326 = CARTESIAN_POINT('',(2.212E+03,-613.4849242405));
#4327 = CARTESIAN_POINT('',(212.,-613.4849242404));
#4328 = ( GEOMETRIC_REPRESENTATION_CONTEXT(2) 
PARAMETRIC_REPRESENTATION_CONTEXT() REPRESENTATION_CONTEXT('2D SPACE',''
  ) );
#4329 = PCURVE('',#4330,#4335);
#4330 = PLANE('',#4331);
#4331 = AXIS2_PLACEMENT_3D('',#4332,#4333,#4334);
#4332 = CARTESIAN_POINT('',(-248.5243526186,-511.1803471386,
    -32.00000000002));
#4333 = DIRECTION('',(0.862551127997,-0.505969911745,-1.378346343158E-14
    ));
#4334 = DIRECTION('',(0.505969911745,0.862551127997,0.));
#4335 = DEFINITIONAL_REPRESENTATION('',(#4336),#4339);
#4336 = B_SPLINE_CURVE_WITH_KNOTS('',1,(#4337,#4338),.UNSPECIFIED.,.F.,
  .F.,(2,2),(0.,2.),.PIECEWISE_BEZIER_KNOTS.);
#4337 = CARTESIAN_POINT('',(629.53220186632,2.212E+03));
#4338 = CARTESIAN_POINT('',(629.53220186625,212.));
#4339 = ( GEOMETRIC_REPRESENTATION_CONTEXT(2) 
PARAMETRIC_REPRESENTATION_CONTEXT() REPRESENTATION_CONTEXT('2D SPACE',''
  ) );
#4340 = ORIENTED_EDGE('',*,*,#4341,.T.);
#4341 = EDGE_CURVE('',#4317,#4250,#4342,.T.);
#4342 = SURFACE_CURVE('',#4343,(#4346,#4352),.PCURVE_S1.);
#4343 = B_SPLINE_CURVE_WITH_KNOTS('',1,(#4344,#4345),.UNSPECIFIED.,.F.,
  .F.,(2,2),(0.,1.484924240492E-02),.PIECEWISE_BEZIER_KNOTS.);
#4344 = CARTESIAN_POINT('',(70.000000000003,31.823363691632,
    179.99999999998));
#4345 = CARTESIAN_POINT('',(70.000000000004,46.672606096552,
    179.99999999998));
#4346 = PCURVE('',#4263,#4347);
#4347 = DEFINITIONAL_REPRESENTATION('',(#4348),#4351);
#4348 = B_SPLINE_CURVE_WITH_KNOTS('',1,(#4349,#4350),.UNSPECIFIED.,.F.,
  .F.,(2,2),(0.,1.484924240492E-02),.PIECEWISE_BEZIER_KNOTS.);
#4349 = CARTESIAN_POINT('',(212.,-613.4849242404));
#4350 = CARTESIAN_POINT('',(212.,-628.3341666454));
#4351 = ( GEOMETRIC_REPRESENTATION_CONTEXT(2) 
PARAMETRIC_REPRESENTATION_CONTEXT() REPRESENTATION_CONTEXT('2D SPACE',''
  ) );
#4352 = PCURVE('',#3709,#4353);
#4353 = DEFINITIONAL_REPRESENTATION('',(#4354),#4357);
#4354 = B_SPLINE_CURVE_WITH_KNOTS('',1,(#4355,#4356),.UNSPECIFIED.,.F.,
  .F.,(2,2),(0.,1.484924240492E-02),.PIECEWISE_BEZIER_KNOTS.);
#4355 = CARTESIAN_POINT('',(627.44663742243,729.27001391329));
#4356 = CARTESIAN_POINT('',(627.44663742243,744.11925631821));
#4357 = ( GEOMETRIC_REPRESENTATION_CONTEXT(2) 
PARAMETRIC_REPRESENTATION_CONTEXT() REPRESENTATION_CONTEXT('2D SPACE',''
  ) );
#4358 = ORIENTED_EDGE('',*,*,#4249,.F.);
#4359 = ADVANCED_FACE('',(#4360),#4330,.T.);
#4360 = FACE_BOUND('',#4361,.T.);
#4361 = EDGE_LOOP('',(#4362,#4382,#4407,#4425));
#4362 = ORIENTED_EDGE('',*,*,#4363,.T.);
#4363 = EDGE_CURVE('',#4297,#4364,#4366,.T.);
#4364 = VERTEX_POINT('',#4365);
#4365 = CARTESIAN_POINT('',(63.96978187688,21.543362206442,2.18E+03));
#4366 = SURFACE_CURVE('',#4367,(#4370,#4376),.PCURVE_S1.);
#4367 = B_SPLINE_CURVE_WITH_KNOTS('',1,(#4368,#4369),.UNSPECIFIED.,.F.,
  .F.,(2,2),(0.,1.19181358085E-02),.PIECEWISE_BEZIER_KNOTS.);
#4368 = CARTESIAN_POINT('',(70.000000000065,31.823363691684,2.18E+03));
#4369 = CARTESIAN_POINT('',(63.96978187688,21.543362206442,2.18E+03));
#4370 = PCURVE('',#4330,#4371);
#4371 = DEFINITIONAL_REPRESENTATION('',(#4372),#4375);
#4372 = B_SPLINE_CURVE_WITH_KNOTS('',1,(#4373,#4374),.UNSPECIFIED.,.F.,
  .F.,(2,2),(0.,1.19181358085E-02),.PIECEWISE_BEZIER_KNOTS.);
#4373 = CARTESIAN_POINT('',(629.53220186632,2.212E+03));
#4374 = CARTESIAN_POINT('',(617.61406605783,2.212E+03));
#4375 = ( GEOMETRIC_REPRESENTATION_CONTEXT(2) 
PARAMETRIC_REPRESENTATION_CONTEXT() REPRESENTATION_CONTEXT('2D SPACE',''
  ) );
#4376 = PCURVE('',#3659,#4377);
#4377 = DEFINITIONAL_REPRESENTATION('',(#4378),#4381);
#4378 = B_SPLINE_CURVE_WITH_KNOTS('',1,(#4379,#4380),.UNSPECIFIED.,.F.,
  .F.,(2,2),(0.,1.19181358085E-02),.PIECEWISE_BEZIER_KNOTS.);
#4379 = CARTESIAN_POINT('',(151.20553118535,-49.38215469449));
#4380 = CARTESIAN_POINT('',(145.17531306217,-59.66215617973));
#4381 = ( GEOMETRIC_REPRESENTATION_CONTEXT(2) 
PARAMETRIC_REPRESENTATION_CONTEXT() REPRESENTATION_CONTEXT('2D SPACE',''
  ) );
#4382 = ORIENTED_EDGE('',*,*,#4383,.T.);
#4383 = EDGE_CURVE('',#4364,#4384,#4386,.T.);
#4384 = VERTEX_POINT('',#4385);
#4385 = CARTESIAN_POINT('',(63.969781876818,21.543362206392,
    179.99999999998));
#4386 = SURFACE_CURVE('',#4387,(#4390,#4396),.PCURVE_S1.);
#4387 = B_SPLINE_CURVE_WITH_KNOTS('',1,(#4388,#4389),.UNSPECIFIED.,.F.,
  .F.,(2,2),(0.,2.),.PIECEWISE_BEZIER_KNOTS.);
#4388 = CARTESIAN_POINT('',(63.96978187688,21.543362206442,2.18E+03));
#4389 = CARTESIAN_POINT('',(63.969781876818,21.543362206392,
    179.99999999998));
#4390 = PCURVE('',#4330,#4391);
#4391 = DEFINITIONAL_REPRESENTATION('',(#4392),#4395);
#4392 = B_SPLINE_CURVE_WITH_KNOTS('',1,(#4393,#4394),.UNSPECIFIED.,.F.,
  .F.,(2,2),(0.,2.),.PIECEWISE_BEZIER_KNOTS.);
#4393 = CARTESIAN_POINT('',(617.61406605783,2.212E+03));
#4394 = CARTESIAN_POINT('',(617.61406605775,212.));
#4395 = ( GEOMETRIC_REPRESENTATION_CONTEXT(2) 
PARAMETRIC_REPRESENTATION_CONTEXT() REPRESENTATION_CONTEXT('2D SPACE',''
  ) );
#4396 = PCURVE('',#4397,#4402);
#4397 = CYLINDRICAL_SURFACE('',#4398,67.5);
#4398 = AXIS2_PLACEMENT_3D('',#4399,#4400,#4401);
#4399 = CARTESIAN_POINT('',(3.687018681377E-11,-1.27992083566E-05,
    1.18E+03));
#4400 = DIRECTION('',(2.631639762074E-14,2.631639762074E-14,1.));
#4401 = DIRECTION('',(1.,0.,-2.631639762074E-14));
#4402 = DEFINITIONAL_REPRESENTATION('',(#4403),#4406);
#4403 = B_SPLINE_CURVE_WITH_KNOTS('',1,(#4404,#4405),.UNSPECIFIED.,.F.,
  .F.,(2,2),(0.,2.),.PIECEWISE_BEZIER_KNOTS.);
#4404 = CARTESIAN_POINT('',(0.324844171716,999.99999999999));
#4405 = CARTESIAN_POINT('',(0.324844171716,-999.9999999998));
#4406 = ( GEOMETRIC_REPRESENTATION_CONTEXT(2) 
PARAMETRIC_REPRESENTATION_CONTEXT() REPRESENTATION_CONTEXT('2D SPACE',''
  ) );
#4407 = ORIENTED_EDGE('',*,*,#4408,.T.);
#4408 = EDGE_CURVE('',#4384,#4317,#4409,.T.);
#4409 = SURFACE_CURVE('',#4410,(#4413,#4419),.PCURVE_S1.);
#4410 = B_SPLINE_CURVE_WITH_KNOTS('',1,(#4411,#4412),.UNSPECIFIED.,.F.,
  .F.,(2,2),(0.,1.191813580849E-02),.PIECEWISE_BEZIER_KNOTS.);
#4411 = CARTESIAN_POINT('',(63.969781876818,21.543362206392,
    179.99999999998));
#4412 = CARTESIAN_POINT('',(70.000000000003,31.823363691632,
    179.99999999998));
#4413 = PCURVE('',#4330,#4414);
#4414 = DEFINITIONAL_REPRESENTATION('',(#4415),#4418);
#4415 = B_SPLINE_CURVE_WITH_KNOTS('',1,(#4416,#4417),.UNSPECIFIED.,.F.,
  .F.,(2,2),(0.,1.191813580849E-02),.PIECEWISE_BEZIER_KNOTS.);
#4416 = CARTESIAN_POINT('',(617.61406605775,212.));
#4417 = CARTESIAN_POINT('',(629.53220186625,212.));
#4418 = ( GEOMETRIC_REPRESENTATION_CONTEXT(2) 
PARAMETRIC_REPRESENTATION_CONTEXT() REPRESENTATION_CONTEXT('2D SPACE',''
  ) );
#4419 = PCURVE('',#3709,#4420);
#4420 = DEFINITIONAL_REPRESENTATION('',(#4421),#4424);
#4421 = B_SPLINE_CURVE_WITH_KNOTS('',1,(#4422,#4423),.UNSPECIFIED.,.F.,
  .F.,(2,2),(0.,1.191813580849E-02),.PIECEWISE_BEZIER_KNOTS.);
#4422 = CARTESIAN_POINT('',(633.47685554562,718.99001242805));
#4423 = CARTESIAN_POINT('',(627.44663742243,729.27001391329));
#4424 = ( GEOMETRIC_REPRESENTATION_CONTEXT(2) 
PARAMETRIC_REPRESENTATION_CONTEXT() REPRESENTATION_CONTEXT('2D SPACE',''
  ) );
#4425 = ORIENTED_EDGE('',*,*,#4316,.F.);
#4426 = ADVANCED_FACE('',(#4427),#4397,.T.);
#4427 = FACE_BOUND('',#4428,.T.);
#4428 = EDGE_LOOP('',(#4429,#4456,#4481,#4506));
#4429 = ORIENTED_EDGE('',*,*,#4430,.T.);
#4430 = EDGE_CURVE('',#4364,#4431,#4433,.T.);
#4431 = VERTEX_POINT('',#4432);
#4432 = CARTESIAN_POINT('',(64.00474229125,-21.4392983339,2.18E+03));
#4433 = SURFACE_CURVE('',#4434,(#4439,#4445),.PCURVE_S1.);
#4434 = CIRCLE('',#4435,67.499999999979);
#4435 = AXIS2_PLACEMENT_3D('',#4436,#4437,#4438);
#4436 = CARTESIAN_POINT('',(8.859263751978E-11,-1.279918025296E-05,
    2.18E+03));
#4437 = DIRECTION('',(-5.816881222066E-12,1.731014919542E-12,-1.));
#4438 = DIRECTION('',(0.947700472249,0.319161111195,-4.960188435954E-12)
  );
#4439 = PCURVE('',#4397,#4440);
#4440 = DEFINITIONAL_REPRESENTATION('',(#4441),#4444);
#4441 = B_SPLINE_CURVE_WITH_KNOTS('',1,(#4442,#4443),.UNSPECIFIED.,.F.,
  .F.,(2,2),(-0.,0.648061622042),.PIECEWISE_BEZIER_KNOTS.);
#4442 = CARTESIAN_POINT('',(0.324844171716,999.99999999999));
#4443 = CARTESIAN_POINT('',(-0.323217450326,999.99999999992));
#4444 = ( GEOMETRIC_REPRESENTATION_CONTEXT(2) 
PARAMETRIC_REPRESENTATION_CONTEXT() REPRESENTATION_CONTEXT('2D SPACE',''
  ) );
#4445 = PCURVE('',#3659,#4446);
#4446 = DEFINITIONAL_REPRESENTATION('',(#4447),#4455);
#4447 = ( BOUNDED_CURVE() B_SPLINE_CURVE(2,(#4448,#4449,#4450,#4451,
#4452,#4453,#4454),.UNSPECIFIED.,.T.,.F.) B_SPLINE_CURVE_WITH_KNOTS((1,2
    ,2,2,2,1),(-2.094395102393,0.,2.094395102393,4.188790204786,
6.28318530718,8.377580409573),.UNSPECIFIED.) CURVE() 
GEOMETRIC_REPRESENTATION_ITEM() RATIONAL_B_SPLINE_CURVE((1.,0.5,1.,0.5,
1.,0.5,1.)) REPRESENTATION_ITEM('') );
#4448 = CARTESIAN_POINT('',(145.17531306217,-59.66215617973));
#4449 = CARTESIAN_POINT('',(182.48953313841,-170.4610685394));
#4450 = CARTESIAN_POINT('',(67.877750285108,-147.376674868));
#4451 = CARTESIAN_POINT('',(-46.7340325682,-124.2922811966));
#4452 = CARTESIAN_POINT('',(30.56353020886,-36.57776250831));
#4453 = CARTESIAN_POINT('',(107.86109298592,51.136756179966));
#4454 = CARTESIAN_POINT('',(145.17531306217,-59.66215617973));
#4455 = ( GEOMETRIC_REPRESENTATION_CONTEXT(2) 
PARAMETRIC_REPRESENTATION_CONTEXT() REPRESENTATION_CONTEXT('2D SPACE',''
  ) );
#4456 = ORIENTED_EDGE('',*,*,#4457,.T.);
#4457 = EDGE_CURVE('',#4431,#4458,#4460,.T.);
#4458 = VERTEX_POINT('',#4459);
#4459 = CARTESIAN_POINT('',(64.004742291188,-21.43929833395,
    179.99999999998));
#4460 = SURFACE_CURVE('',#4461,(#4464,#4470),.PCURVE_S1.);
#4461 = B_SPLINE_CURVE_WITH_KNOTS('',1,(#4462,#4463),.UNSPECIFIED.,.F.,
  .F.,(2,2),(0.,2.),.PIECEWISE_BEZIER_KNOTS.);
#4462 = CARTESIAN_POINT('',(64.00474229125,-21.4392983339,2.18E+03));
#4463 = CARTESIAN_POINT('',(64.004742291188,-21.43929833395,
    179.99999999998));
#4464 = PCURVE('',#4397,#4465);
#4465 = DEFINITIONAL_REPRESENTATION('',(#4466),#4469);
#4466 = B_SPLINE_CURVE_WITH_KNOTS('',1,(#4467,#4468),.UNSPECIFIED.,.F.,
  .F.,(2,2),(0.,2.),.PIECEWISE_BEZIER_KNOTS.);
#4467 = CARTESIAN_POINT('',(-0.323217450326,999.99999999996));
#4468 = CARTESIAN_POINT('',(-0.323217450326,-999.9999999998));
#4469 = ( GEOMETRIC_REPRESENTATION_CONTEXT(2) 
PARAMETRIC_REPRESENTATION_CONTEXT() REPRESENTATION_CONTEXT('2D SPACE',''
  ) );
#4470 = PCURVE('',#4471,#4476);
#4471 = PLANE('',#4472);
#4472 = AXIS2_PLACEMENT_3D('',#4473,#4474,#4475);
#4473 = CARTESIAN_POINT('',(378.79567819371,-566.673193079,
    -32.00000000002));
#4474 = DIRECTION('',(0.866025403784,0.5,-3.975536586164E-14));
#4475 = DIRECTION('',(-0.5,0.866025403784,0.));
#4476 = DEFINITIONAL_REPRESENTATION('',(#4477),#4480);
#4477 = B_SPLINE_CURVE_WITH_KNOTS('',1,(#4478,#4479),.UNSPECIFIED.,.F.,
  .F.,(2,2),(0.,2.),.PIECEWISE_BEZIER_KNOTS.);
#4478 = CARTESIAN_POINT('',(629.58187180486,2.212E+03));
#4479 = CARTESIAN_POINT('',(629.58187180485,212.));
#4480 = ( GEOMETRIC_REPRESENTATION_CONTEXT(2) 
PARAMETRIC_REPRESENTATION_CONTEXT() REPRESENTATION_CONTEXT('2D SPACE',''
  ) );
#4481 = ORIENTED_EDGE('',*,*,#4482,.T.);
#4482 = EDGE_CURVE('',#4458,#4384,#4483,.T.);
#4483 = SURFACE_CURVE('',#4484,(#4489,#4495),.PCURVE_S1.);
#4484 = CIRCLE('',#4485,67.499999999979);
#4485 = AXIS2_PLACEMENT_3D('',#4486,#4487,#4488);
#4486 = CARTESIAN_POINT('',(2.757350161327E-11,-1.279923296633E-05,
    179.99999999998));
#4487 = DIRECTION('',(-3.950201299939E-15,-6.489518317215E-16,1.));
#4488 = DIRECTION('',(0.948218404314,-0.317619044959,3.53953411233E-15)
  );
#4489 = PCURVE('',#4397,#4490);
#4490 = DEFINITIONAL_REPRESENTATION('',(#4491),#4494);
#4491 = B_SPLINE_CURVE_WITH_KNOTS('',1,(#4492,#4493),.UNSPECIFIED.,.F.,
  .F.,(2,2),(0.,0.648061622042),.PIECEWISE_BEZIER_KNOTS.);
#4492 = CARTESIAN_POINT('',(-0.323217450326,-999.9999999999));
#4493 = CARTESIAN_POINT('',(0.324844171716,-999.9999999999));
#4494 = ( GEOMETRIC_REPRESENTATION_CONTEXT(2) 
PARAMETRIC_REPRESENTATION_CONTEXT() REPRESENTATION_CONTEXT('2D SPACE',''
  ) );
#4495 = PCURVE('',#3709,#4496);
#4496 = DEFINITIONAL_REPRESENTATION('',(#4497),#4505);
#4497 = ( BOUNDED_CURVE() B_SPLINE_CURVE(2,(#4498,#4499,#4500,#4501,
#4502,#4503,#4504),.UNSPECIFIED.,.T.,.F.) B_SPLINE_CURVE_WITH_KNOTS((1,2
    ,2,2,2,1),(-2.094395102393,0.,2.094395102393,4.188790204786,
6.28318530718,8.377580409573),.UNSPECIFIED.) CURVE() 
GEOMETRIC_REPRESENTATION_ITEM() RATIONAL_B_SPLINE_CURVE((1.,0.5,1.,0.5,
1.,0.5,1.)) REPRESENTATION_ITEM('') );
#4498 = CARTESIAN_POINT('',(633.44189513125,676.00735188771));
#4499 = CARTESIAN_POINT('',(596.30796330714,786.86681746135));
#4500 = CARTESIAN_POINT('',(710.88204265593,763.59601297661));
#4501 = CARTESIAN_POINT('',(825.45612200473,740.32520849186));
#4502 = CARTESIAN_POINT('',(748.01597448004,652.73654740296));
#4503 = CARTESIAN_POINT('',(670.57582695536,565.14788631406));
#4504 = CARTESIAN_POINT('',(633.44189513125,676.00735188771));
#4505 = ( GEOMETRIC_REPRESENTATION_CONTEXT(2) 
PARAMETRIC_REPRESENTATION_CONTEXT() REPRESENTATION_CONTEXT('2D SPACE',''
  ) );
#4506 = ORIENTED_EDGE('',*,*,#4383,.F.);
#4507 = ADVANCED_FACE('',(#4508),#4471,.T.);
#4508 = FACE_BOUND('',#4509,.T.);
#4509 = EDGE_LOOP('',(#4510,#4530,#4555,#4573));
#4510 = ORIENTED_EDGE('',*,*,#4511,.T.);
#4511 = EDGE_CURVE('',#4431,#4512,#4514,.T.);
#4512 = VERTEX_POINT('',#4513);
#4513 = CARTESIAN_POINT('',(70.000000000068,-31.82338929004,2.18E+03));
#4514 = SURFACE_CURVE('',#4515,(#4518,#4524),.PCURVE_S1.);
#4515 = B_SPLINE_CURVE_WITH_KNOTS('',1,(#4516,#4517),.UNSPECIFIED.,.F.,
  .F.,(2,2),(0.,1.199051541764E-02),.PIECEWISE_BEZIER_KNOTS.);
#4516 = CARTESIAN_POINT('',(64.00474229125,-21.4392983339,2.18E+03));
#4517 = CARTESIAN_POINT('',(70.000000000068,-31.82338929004,2.18E+03));
#4518 = PCURVE('',#4471,#4519);
#4519 = DEFINITIONAL_REPRESENTATION('',(#4520),#4523);
#4520 = B_SPLINE_CURVE_WITH_KNOTS('',1,(#4521,#4522),.UNSPECIFIED.,.F.,
  .F.,(2,2),(0.,1.199051541764E-02),.PIECEWISE_BEZIER_KNOTS.);
#4521 = CARTESIAN_POINT('',(629.58187180486,2.212E+03));
#4522 = CARTESIAN_POINT('',(617.59135638722,2.212E+03));
#4523 = ( GEOMETRIC_REPRESENTATION_CONTEXT(2) 
PARAMETRIC_REPRESENTATION_CONTEXT() REPRESENTATION_CONTEXT('2D SPACE',''
  ) );
#4524 = PCURVE('',#3659,#4525);
#4525 = DEFINITIONAL_REPRESENTATION('',(#4526),#4529);
#4526 = B_SPLINE_CURVE_WITH_KNOTS('',1,(#4527,#4528),.UNSPECIFIED.,.F.,
  .F.,(2,2),(0.,1.199051541764E-02),.PIECEWISE_BEZIER_KNOTS.);
#4527 = CARTESIAN_POINT('',(145.21027347654,-102.64481672));
#4528 = CARTESIAN_POINT('',(151.20553118535,-113.0289076762));
#4529 = ( GEOMETRIC_REPRESENTATION_CONTEXT(2) 
PARAMETRIC_REPRESENTATION_CONTEXT() REPRESENTATION_CONTEXT('2D SPACE',''
  ) );
#4530 = ORIENTED_EDGE('',*,*,#4531,.T.);
#4531 = EDGE_CURVE('',#4512,#4532,#4534,.T.);
#4532 = VERTEX_POINT('',#4533);
#4533 = CARTESIAN_POINT('',(70.000000000006,-31.82338929009,
    179.99999999998));
#4534 = SURFACE_CURVE('',#4535,(#4538,#4544),.PCURVE_S1.);
#4535 = B_SPLINE_CURVE_WITH_KNOTS('',1,(#4536,#4537),.UNSPECIFIED.,.F.,
  .F.,(2,2),(0.,2.),.PIECEWISE_BEZIER_KNOTS.);
#4536 = CARTESIAN_POINT('',(70.000000000068,-31.82338929004,2.18E+03));
#4537 = CARTESIAN_POINT('',(70.000000000006,-31.82338929009,
    179.99999999998));
#4538 = PCURVE('',#4471,#4539);
#4539 = DEFINITIONAL_REPRESENTATION('',(#4540),#4543);
#4540 = B_SPLINE_CURVE_WITH_KNOTS('',1,(#4541,#4542),.UNSPECIFIED.,.F.,
  .F.,(2,2),(0.,2.),.PIECEWISE_BEZIER_KNOTS.);
#4541 = CARTESIAN_POINT('',(617.59135638722,2.212E+03));
#4542 = CARTESIAN_POINT('',(617.59135638721,212.));
#4543 = ( GEOMETRIC_REPRESENTATION_CONTEXT(2) 
PARAMETRIC_REPRESENTATION_CONTEXT() REPRESENTATION_CONTEXT('2D SPACE',''
  ) );
#4544 = PCURVE('',#4545,#4550);
#4545 = PLANE('',#4546);
#4546 = AXIS2_PLACEMENT_3D('',#4547,#4548,#4549);
#4547 = CARTESIAN_POINT('',(70.000000000068,-660.1575559355,
    -32.00000000001));
#4548 = DIRECTION('',(1.,0.,0.));
#4549 = DIRECTION('',(0.,0.,1.));
#4550 = DEFINITIONAL_REPRESENTATION('',(#4551),#4554);
#4551 = B_SPLINE_CURVE_WITH_KNOTS('',1,(#4552,#4553),.UNSPECIFIED.,.F.,
  .F.,(2,2),(0.,2.),.PIECEWISE_BEZIER_KNOTS.);
#4552 = CARTESIAN_POINT('',(2.212E+03,-628.3341666454));
#4553 = CARTESIAN_POINT('',(212.,-628.3341666454));
#4554 = ( GEOMETRIC_REPRESENTATION_CONTEXT(2) 
PARAMETRIC_REPRESENTATION_CONTEXT() REPRESENTATION_CONTEXT('2D SPACE',''
  ) );
#4555 = ORIENTED_EDGE('',*,*,#4556,.T.);
#4556 = EDGE_CURVE('',#4532,#4458,#4557,.T.);
#4557 = SURFACE_CURVE('',#4558,(#4561,#4567),.PCURVE_S1.);
#4558 = B_SPLINE_CURVE_WITH_KNOTS('',1,(#4559,#4560),.UNSPECIFIED.,.F.,
  .F.,(2,2),(0.,1.199051541763E-02),.PIECEWISE_BEZIER_KNOTS.);
#4559 = CARTESIAN_POINT('',(70.000000000006,-31.82338929009,
    179.99999999998));
#4560 = CARTESIAN_POINT('',(64.004742291188,-21.43929833395,
    179.99999999998));
#4561 = PCURVE('',#4471,#4562);
#4562 = DEFINITIONAL_REPRESENTATION('',(#4563),#4566);
#4563 = B_SPLINE_CURVE_WITH_KNOTS('',1,(#4564,#4565),.UNSPECIFIED.,.F.,
  .F.,(2,2),(0.,1.199051541763E-02),.PIECEWISE_BEZIER_KNOTS.);
#4564 = CARTESIAN_POINT('',(617.59135638721,212.));
#4565 = CARTESIAN_POINT('',(629.58187180485,212.));
#4566 = ( GEOMETRIC_REPRESENTATION_CONTEXT(2) 
PARAMETRIC_REPRESENTATION_CONTEXT() REPRESENTATION_CONTEXT('2D SPACE',''
  ) );
#4567 = PCURVE('',#3709,#4568);
#4568 = DEFINITIONAL_REPRESENTATION('',(#4569),#4572);
#4569 = B_SPLINE_CURVE_WITH_KNOTS('',1,(#4570,#4571),.UNSPECIFIED.,.F.,
  .F.,(2,2),(0.,1.199051541763E-02),.PIECEWISE_BEZIER_KNOTS.);
#4570 = CARTESIAN_POINT('',(627.44663742243,665.62326093157));
#4571 = CARTESIAN_POINT('',(633.44189513125,676.00735188771));
#4572 = ( GEOMETRIC_REPRESENTATION_CONTEXT(2) 
PARAMETRIC_REPRESENTATION_CONTEXT() REPRESENTATION_CONTEXT('2D SPACE',''
  ) );
#4573 = ORIENTED_EDGE('',*,*,#4457,.F.);
#4574 = ADVANCED_FACE('',(#4575),#4545,.T.);
#4575 = FACE_BOUND('',#4576,.T.);
#4576 = EDGE_LOOP('',(#4577,#4597,#4622,#4640));
#4577 = ORIENTED_EDGE('',*,*,#4578,.T.);
#4578 = EDGE_CURVE('',#4512,#4579,#4581,.T.);
#4579 = VERTEX_POINT('',#4580);
#4580 = CARTESIAN_POINT('',(70.000000000068,-46.67263169495,2.18E+03));
#4581 = SURFACE_CURVE('',#4582,(#4585,#4591),.PCURVE_S1.);
#4582 = B_SPLINE_CURVE_WITH_KNOTS('',1,(#4583,#4584),.UNSPECIFIED.,.F.,
  .F.,(2,2),(0.,1.484924240492E-02),.PIECEWISE_BEZIER_KNOTS.);
#4583 = CARTESIAN_POINT('',(70.000000000068,-31.82338929004,2.18E+03));
#4584 = CARTESIAN_POINT('',(70.000000000068,-46.67263169495,2.18E+03));
#4585 = PCURVE('',#4545,#4586);
#4586 = DEFINITIONAL_REPRESENTATION('',(#4587),#4590);
#4587 = B_SPLINE_CURVE_WITH_KNOTS('',1,(#4588,#4589),.UNSPECIFIED.,.F.,
  .F.,(2,2),(0.,1.484924240492E-02),.PIECEWISE_BEZIER_KNOTS.);
#4588 = CARTESIAN_POINT('',(2.212E+03,-628.3341666454));
#4589 = CARTESIAN_POINT('',(2.212E+03,-613.4849242405));
#4590 = ( GEOMETRIC_REPRESENTATION_CONTEXT(2) 
PARAMETRIC_REPRESENTATION_CONTEXT() REPRESENTATION_CONTEXT('2D SPACE',''
  ) );
#4591 = PCURVE('',#3659,#4592);
#4592 = DEFINITIONAL_REPRESENTATION('',(#4593),#4596);
#4593 = B_SPLINE_CURVE_WITH_KNOTS('',1,(#4594,#4595),.UNSPECIFIED.,.F.,
  .F.,(2,2),(0.,1.484924240492E-02),.PIECEWISE_BEZIER_KNOTS.);
#4594 = CARTESIAN_POINT('',(151.20553118535,-113.0289076762));
#4595 = CARTESIAN_POINT('',(151.20553118535,-127.8781500811));
#4596 = ( GEOMETRIC_REPRESENTATION_CONTEXT(2) 
PARAMETRIC_REPRESENTATION_CONTEXT() REPRESENTATION_CONTEXT('2D SPACE',''
  ) );
#4597 = ORIENTED_EDGE('',*,*,#4598,.T.);
#4598 = EDGE_CURVE('',#4579,#4599,#4601,.T.);
#4599 = VERTEX_POINT('',#4600);
#4600 = CARTESIAN_POINT('',(70.000000000007,-46.67263169501,
    179.99999999998));
#4601 = SURFACE_CURVE('',#4602,(#4605,#4611),.PCURVE_S1.);
#4602 = B_SPLINE_CURVE_WITH_KNOTS('',1,(#4603,#4604),.UNSPECIFIED.,.F.,
  .F.,(2,2),(0.,2.),.PIECEWISE_BEZIER_KNOTS.);
#4603 = CARTESIAN_POINT('',(70.000000000068,-46.67263169495,2.18E+03));
#4604 = CARTESIAN_POINT('',(70.000000000007,-46.67263169501,
    179.99999999998));
#4605 = PCURVE('',#4545,#4606);
#4606 = DEFINITIONAL_REPRESENTATION('',(#4607),#4610);
#4607 = B_SPLINE_CURVE_WITH_KNOTS('',1,(#4608,#4609),.UNSPECIFIED.,.F.,
  .F.,(2,2),(0.,2.),.PIECEWISE_BEZIER_KNOTS.);
#4608 = CARTESIAN_POINT('',(2.212E+03,-613.4849242405));
#4609 = CARTESIAN_POINT('',(212.,-613.4849242404));
#4610 = ( GEOMETRIC_REPRESENTATION_CONTEXT(2) 
PARAMETRIC_REPRESENTATION_CONTEXT() REPRESENTATION_CONTEXT('2D SPACE',''
  ) );
#4611 = PCURVE('',#4612,#4617);
#4612 = PLANE('',#4613);
#4613 = AXIS2_PLACEMENT_3D('',#4614,#4615,#4616);
#4614 = CARTESIAN_POINT('',(-391.9241879265,-508.5968196216,
    -32.00000000001));
#4615 = DIRECTION('',(0.707106781187,-0.707106781187,-4.121492704045E-15
    ));
#4616 = DIRECTION('',(0.707106781187,0.707106781187,0.));
#4617 = DEFINITIONAL_REPRESENTATION('',(#4618),#4621);
#4618 = B_SPLINE_CURVE_WITH_KNOTS('',1,(#4619,#4620),.UNSPECIFIED.,.F.,
  .F.,(2,2),(0.,2.),.PIECEWISE_BEZIER_KNOTS.);
#4619 = CARTESIAN_POINT('',(653.25945135401,2.212E+03));
#4620 = CARTESIAN_POINT('',(653.25945135393,212.));
#4621 = ( GEOMETRIC_REPRESENTATION_CONTEXT(2) 
PARAMETRIC_REPRESENTATION_CONTEXT() REPRESENTATION_CONTEXT('2D SPACE',''
  ) );
#4622 = ORIENTED_EDGE('',*,*,#4623,.T.);
#4623 = EDGE_CURVE('',#4599,#4532,#4624,.T.);
#4624 = SURFACE_CURVE('',#4625,(#4628,#4634),.PCURVE_S1.);
#4625 = B_SPLINE_CURVE_WITH_KNOTS('',1,(#4626,#4627),.UNSPECIFIED.,.F.,
  .F.,(2,2),(0.,1.484924240492E-02),.PIECEWISE_BEZIER_KNOTS.);
#4626 = CARTESIAN_POINT('',(70.000000000007,-46.67263169501,
    179.99999999998));
#4627 = CARTESIAN_POINT('',(70.000000000006,-31.82338929009,
    179.99999999998));
#4628 = PCURVE('',#4545,#4629);
#4629 = DEFINITIONAL_REPRESENTATION('',(#4630),#4633);
#4630 = B_SPLINE_CURVE_WITH_KNOTS('',1,(#4631,#4632),.UNSPECIFIED.,.F.,
  .F.,(2,2),(0.,1.484924240492E-02),.PIECEWISE_BEZIER_KNOTS.);
#4631 = CARTESIAN_POINT('',(212.,-613.4849242404));
#4632 = CARTESIAN_POINT('',(212.,-628.3341666454));
#4633 = ( GEOMETRIC_REPRESENTATION_CONTEXT(2) 
PARAMETRIC_REPRESENTATION_CONTEXT() REPRESENTATION_CONTEXT('2D SPACE',''
  ) );
#4634 = PCURVE('',#3709,#4635);
#4635 = DEFINITIONAL_REPRESENTATION('',(#4636),#4639);
#4636 = B_SPLINE_CURVE_WITH_KNOTS('',1,(#4637,#4638),.UNSPECIFIED.,.F.,
  .F.,(2,2),(0.,1.484924240492E-02),.PIECEWISE_BEZIER_KNOTS.);
#4637 = CARTESIAN_POINT('',(627.44663742243,650.77401852665));
#4638 = CARTESIAN_POINT('',(627.44663742243,665.62326093157));
#4639 = ( GEOMETRIC_REPRESENTATION_CONTEXT(2) 
PARAMETRIC_REPRESENTATION_CONTEXT() REPRESENTATION_CONTEXT('2D SPACE',''
  ) );
#4640 = ORIENTED_EDGE('',*,*,#4531,.F.);
#4641 = ADVANCED_FACE('',(#4642),#4612,.T.);
#4642 = FACE_BOUND('',#4643,.T.);
#4643 = EDGE_LOOP('',(#4644,#4664,#4689,#4707));
#4644 = ORIENTED_EDGE('',*,*,#4645,.T.);
#4645 = EDGE_CURVE('',#4579,#4646,#4648,.T.);
#4646 = VERTEX_POINT('',#4647);
#4647 = CARTESIAN_POINT('',(46.67261889585,-70.00001279917,2.18E+03));
#4648 = SURFACE_CURVE('',#4649,(#4652,#4658),.PCURVE_S1.);
#4649 = B_SPLINE_CURVE_WITH_KNOTS('',1,(#4650,#4651),.UNSPECIFIED.,.F.,
  .F.,(2,2),(0.,3.298989873223E-02),.PIECEWISE_BEZIER_KNOTS.);
#4650 = CARTESIAN_POINT('',(70.000000000068,-46.67263169495,2.18E+03));
#4651 = CARTESIAN_POINT('',(46.67261889585,-70.00001279917,2.18E+03));
#4652 = PCURVE('',#4612,#4653);
#4653 = DEFINITIONAL_REPRESENTATION('',(#4654),#4657);
#4654 = B_SPLINE_CURVE_WITH_KNOTS('',1,(#4655,#4656),.UNSPECIFIED.,.F.,
  .F.,(2,2),(0.,3.298989873223E-02),.PIECEWISE_BEZIER_KNOTS.);
#4655 = CARTESIAN_POINT('',(653.25945135401,2.212E+03));
#4656 = CARTESIAN_POINT('',(620.26955262178,2.212E+03));
#4657 = ( GEOMETRIC_REPRESENTATION_CONTEXT(2) 
PARAMETRIC_REPRESENTATION_CONTEXT() REPRESENTATION_CONTEXT('2D SPACE',''
  ) );
#4658 = PCURVE('',#3659,#4659);
#4659 = DEFINITIONAL_REPRESENTATION('',(#4660),#4663);
#4660 = B_SPLINE_CURVE_WITH_KNOTS('',1,(#4661,#4662),.UNSPECIFIED.,.F.,
  .F.,(2,2),(0.,3.298989873223E-02),.PIECEWISE_BEZIER_KNOTS.);
#4661 = CARTESIAN_POINT('',(151.20553118535,-127.8781500811));
#4662 = CARTESIAN_POINT('',(127.87815008114,-151.2055311853));
#4663 = ( GEOMETRIC_REPRESENTATION_CONTEXT(2) 
PARAMETRIC_REPRESENTATION_CONTEXT() REPRESENTATION_CONTEXT('2D SPACE',''
  ) );
#4664 = ORIENTED_EDGE('',*,*,#4665,.T.);
#4665 = EDGE_CURVE('',#4646,#4666,#4668,.T.);
#4666 = VERTEX_POINT('',#4667);
#4667 = CARTESIAN_POINT('',(46.67261889579,-70.00001279922,
    179.99999999998));
#4668 = SURFACE_CURVE('',#4669,(#4672,#4678),.PCURVE_S1.);
#4669 = B_SPLINE_CURVE_WITH_KNOTS('',1,(#4670,#4671),.UNSPECIFIED.,.F.,
  .F.,(2,2),(0.,2.),.PIECEWISE_BEZIER_KNOTS.);
#4670 = CARTESIAN_POINT('',(46.67261889585,-70.00001279917,2.18E+03));
#4671 = CARTESIAN_POINT('',(46.67261889579,-70.00001279922,
    179.99999999998));
#4672 = PCURVE('',#4612,#4673);
#4673 = DEFINITIONAL_REPRESENTATION('',(#4674),#4677);
#4674 = B_SPLINE_CURVE_WITH_KNOTS('',1,(#4675,#4676),.UNSPECIFIED.,.F.,
  .F.,(2,2),(0.,2.),.PIECEWISE_BEZIER_KNOTS.);
#4675 = CARTESIAN_POINT('',(620.26955262178,2.212E+03));
#4676 = CARTESIAN_POINT('',(620.2695526217,212.));
#4677 = ( GEOMETRIC_REPRESENTATION_CONTEXT(2) 
PARAMETRIC_REPRESENTATION_CONTEXT() REPRESENTATION_CONTEXT('2D SPACE',''
  ) );
#4678 = PCURVE('',#4679,#4684);
#4679 = PLANE('',#4680);
#4680 = AXIS2_PLACEMENT_3D('',#4681,#4682,#4683);
#4681 = CARTESIAN_POINT('',(-581.6615477496,-70.00001279917,2.392E+03));
#4682 = DIRECTION('',(0.,-1.,0.));
#4683 = DIRECTION('',(0.,0.,-1.));
#4684 = DEFINITIONAL_REPRESENTATION('',(#4685),#4688);
#4685 = B_SPLINE_CURVE_WITH_KNOTS('',1,(#4686,#4687),.UNSPECIFIED.,.F.,
  .F.,(2,2),(0.,2.),.PIECEWISE_BEZIER_KNOTS.);
#4686 = CARTESIAN_POINT('',(212.,628.33416664547));
#4687 = CARTESIAN_POINT('',(2.212E+03,628.33416664541));
#4688 = ( GEOMETRIC_REPRESENTATION_CONTEXT(2) 
PARAMETRIC_REPRESENTATION_CONTEXT() REPRESENTATION_CONTEXT('2D SPACE',''
  ) );
#4689 = ORIENTED_EDGE('',*,*,#4690,.T.);
#4690 = EDGE_CURVE('',#4666,#4599,#4691,.T.);
#4691 = SURFACE_CURVE('',#4692,(#4695,#4701),.PCURVE_S1.);
#4692 = B_SPLINE_CURVE_WITH_KNOTS('',1,(#4693,#4694),.UNSPECIFIED.,.F.,
  .F.,(2,2),(0.,3.298989873223E-02),.PIECEWISE_BEZIER_KNOTS.);
#4693 = CARTESIAN_POINT('',(46.67261889579,-70.00001279922,
    179.99999999998));
#4694 = CARTESIAN_POINT('',(70.000000000007,-46.67263169501,
    179.99999999998));
#4695 = PCURVE('',#4612,#4696);
#4696 = DEFINITIONAL_REPRESENTATION('',(#4697),#4700);
#4697 = B_SPLINE_CURVE_WITH_KNOTS('',1,(#4698,#4699),.UNSPECIFIED.,.F.,
  .F.,(2,2),(0.,3.298989873223E-02),.PIECEWISE_BEZIER_KNOTS.);
#4698 = CARTESIAN_POINT('',(620.2695526217,212.));
#4699 = CARTESIAN_POINT('',(653.25945135393,212.));
#4700 = ( GEOMETRIC_REPRESENTATION_CONTEXT(2) 
PARAMETRIC_REPRESENTATION_CONTEXT() REPRESENTATION_CONTEXT('2D SPACE',''
  ) );
#4701 = PCURVE('',#3709,#4702);
#4702 = DEFINITIONAL_REPRESENTATION('',(#4703),#4706);
#4703 = B_SPLINE_CURVE_WITH_KNOTS('',1,(#4704,#4705),.UNSPECIFIED.,.F.,
  .F.,(2,2),(0.,3.298989873223E-02),.PIECEWISE_BEZIER_KNOTS.);
#4704 = CARTESIAN_POINT('',(650.77401852664,627.44663742243));
#4705 = CARTESIAN_POINT('',(627.44663742243,650.77401852665));
#4706 = ( GEOMETRIC_REPRESENTATION_CONTEXT(2) 
PARAMETRIC_REPRESENTATION_CONTEXT() REPRESENTATION_CONTEXT('2D SPACE',''
  ) );
#4707 = ORIENTED_EDGE('',*,*,#4598,.F.);
#4708 = ADVANCED_FACE('',(#4709),#4679,.T.);
#4709 = FACE_BOUND('',#4710,.T.);
#4710 = EDGE_LOOP('',(#4711,#4731,#4756,#4774));
#4711 = ORIENTED_EDGE('',*,*,#4712,.T.);
#4712 = EDGE_CURVE('',#4646,#4713,#4715,.T.);
#4713 = VERTEX_POINT('',#4714);
#4714 = CARTESIAN_POINT('',(31.823376490931,-70.00001279917,2.18E+03));
#4715 = SURFACE_CURVE('',#4716,(#4719,#4725),.PCURVE_S1.);
#4716 = B_SPLINE_CURVE_WITH_KNOTS('',1,(#4717,#4718),.UNSPECIFIED.,.F.,
  .F.,(2,2),(0.,1.484924240492E-02),.PIECEWISE_BEZIER_KNOTS.);
#4717 = CARTESIAN_POINT('',(46.67261889585,-70.00001279917,2.18E+03));
#4718 = CARTESIAN_POINT('',(31.823376490931,-70.00001279917,2.18E+03));
#4719 = PCURVE('',#4679,#4720);
#4720 = DEFINITIONAL_REPRESENTATION('',(#4721),#4724);
#4721 = B_SPLINE_CURVE_WITH_KNOTS('',1,(#4722,#4723),.UNSPECIFIED.,.F.,
  .F.,(2,2),(0.,1.484924240492E-02),.PIECEWISE_BEZIER_KNOTS.);
#4722 = CARTESIAN_POINT('',(212.,628.33416664547));
#4723 = CARTESIAN_POINT('',(212.,613.48492424055));
#4724 = ( GEOMETRIC_REPRESENTATION_CONTEXT(2) 
PARAMETRIC_REPRESENTATION_CONTEXT() REPRESENTATION_CONTEXT('2D SPACE',''
  ) );
#4725 = PCURVE('',#3659,#4726);
#4726 = DEFINITIONAL_REPRESENTATION('',(#4727),#4730);
#4727 = B_SPLINE_CURVE_WITH_KNOTS('',1,(#4728,#4729),.UNSPECIFIED.,.F.,
  .F.,(2,2),(0.,1.484924240492E-02),.PIECEWISE_BEZIER_KNOTS.);
#4728 = CARTESIAN_POINT('',(127.87815008114,-151.2055311853));
#4729 = CARTESIAN_POINT('',(113.02890767622,-151.2055311853));
#4730 = ( GEOMETRIC_REPRESENTATION_CONTEXT(2) 
PARAMETRIC_REPRESENTATION_CONTEXT() REPRESENTATION_CONTEXT('2D SPACE',''
  ) );
#4731 = ORIENTED_EDGE('',*,*,#4732,.T.);
#4732 = EDGE_CURVE('',#4713,#4733,#4735,.T.);
#4733 = VERTEX_POINT('',#4734);
#4734 = CARTESIAN_POINT('',(31.823376490871,-70.00001279922,
    179.99999999998));
#4735 = SURFACE_CURVE('',#4736,(#4739,#4745),.PCURVE_S1.);
#4736 = B_SPLINE_CURVE_WITH_KNOTS('',1,(#4737,#4738),.UNSPECIFIED.,.F.,
  .F.,(2,2),(0.,2.),.PIECEWISE_BEZIER_KNOTS.);
#4737 = CARTESIAN_POINT('',(31.823376490931,-70.00001279917,2.18E+03));
#4738 = CARTESIAN_POINT('',(31.823376490871,-70.00001279922,
    179.99999999998));
#4739 = PCURVE('',#4679,#4740);
#4740 = DEFINITIONAL_REPRESENTATION('',(#4741),#4744);
#4741 = B_SPLINE_CURVE_WITH_KNOTS('',1,(#4742,#4743),.UNSPECIFIED.,.F.,
  .F.,(2,2),(0.,2.),.PIECEWISE_BEZIER_KNOTS.);
#4742 = CARTESIAN_POINT('',(212.,613.48492424055));
#4743 = CARTESIAN_POINT('',(2.212E+03,613.48492424049));
#4744 = ( GEOMETRIC_REPRESENTATION_CONTEXT(2) 
PARAMETRIC_REPRESENTATION_CONTEXT() REPRESENTATION_CONTEXT('2D SPACE',''
  ) );
#4745 = PCURVE('',#4746,#4751);
#4746 = PLANE('',#4747);
#4747 = AXIS2_PLACEMENT_3D('',#4748,#4749,#4750);
#4748 = CARTESIAN_POINT('',(564.54708583578,-382.494147295,2.392E+03));
#4749 = DIRECTION('',(-0.505969911745,-0.862551127997,3.755847177483E-14
    ));
#4750 = DIRECTION('',(-0.862551127997,0.505969911745,0.));
#4751 = DEFINITIONAL_REPRESENTATION('',(#4752),#4755);
#4752 = B_SPLINE_CURVE_WITH_KNOTS('',1,(#4753,#4754),.UNSPECIFIED.,.F.,
  .F.,(2,2),(0.,2.),.PIECEWISE_BEZIER_KNOTS.);
#4753 = CARTESIAN_POINT('',(617.61406605778,212.));
#4754 = CARTESIAN_POINT('',(617.61406605781,2.212E+03));
#4755 = ( GEOMETRIC_REPRESENTATION_CONTEXT(2) 
PARAMETRIC_REPRESENTATION_CONTEXT() REPRESENTATION_CONTEXT('2D SPACE',''
  ) );
#4756 = ORIENTED_EDGE('',*,*,#4757,.T.);
#4757 = EDGE_CURVE('',#4733,#4666,#4758,.T.);
#4758 = SURFACE_CURVE('',#4759,(#4762,#4768),.PCURVE_S1.);
#4759 = B_SPLINE_CURVE_WITH_KNOTS('',1,(#4760,#4761),.UNSPECIFIED.,.F.,
  .F.,(2,2),(0.,1.484924240492E-02),.PIECEWISE_BEZIER_KNOTS.);
#4760 = CARTESIAN_POINT('',(31.823376490871,-70.00001279922,
    179.99999999998));
#4761 = CARTESIAN_POINT('',(46.67261889579,-70.00001279922,
    179.99999999998));
#4762 = PCURVE('',#4679,#4763);
#4763 = DEFINITIONAL_REPRESENTATION('',(#4764),#4767);
#4764 = B_SPLINE_CURVE_WITH_KNOTS('',1,(#4765,#4766),.UNSPECIFIED.,.F.,
  .F.,(2,2),(0.,1.484924240492E-02),.PIECEWISE_BEZIER_KNOTS.);
#4765 = CARTESIAN_POINT('',(2.212E+03,613.48492424049));
#4766 = CARTESIAN_POINT('',(2.212E+03,628.33416664541));
#4767 = ( GEOMETRIC_REPRESENTATION_CONTEXT(2) 
PARAMETRIC_REPRESENTATION_CONTEXT() REPRESENTATION_CONTEXT('2D SPACE',''
  ) );
#4768 = PCURVE('',#3709,#4769);
#4769 = DEFINITIONAL_REPRESENTATION('',(#4770),#4773);
#4770 = B_SPLINE_CURVE_WITH_KNOTS('',1,(#4771,#4772),.UNSPECIFIED.,.F.,
  .F.,(2,2),(0.,1.484924240492E-02),.PIECEWISE_BEZIER_KNOTS.);
#4771 = CARTESIAN_POINT('',(665.62326093156,627.44663742243));
#4772 = CARTESIAN_POINT('',(650.77401852664,627.44663742243));
#4773 = ( GEOMETRIC_REPRESENTATION_CONTEXT(2) 
PARAMETRIC_REPRESENTATION_CONTEXT() REPRESENTATION_CONTEXT('2D SPACE',''
  ) );
#4774 = ORIENTED_EDGE('',*,*,#4665,.F.);
#4775 = ADVANCED_FACE('',(#4776),#4746,.T.);
#4776 = FACE_BOUND('',#4777,.T.);
#4777 = EDGE_LOOP('',(#4778,#4798,#4823,#4841));
#4778 = ORIENTED_EDGE('',*,*,#4779,.T.);
#4779 = EDGE_CURVE('',#4713,#4780,#4782,.T.);
#4780 = VERTEX_POINT('',#4781);
#4781 = CARTESIAN_POINT('',(21.5433750057,-63.96979467599,2.18E+03));
#4782 = SURFACE_CURVE('',#4783,(#4786,#4792),.PCURVE_S1.);
#4783 = B_SPLINE_CURVE_WITH_KNOTS('',1,(#4784,#4785),.UNSPECIFIED.,.F.,
  .F.,(2,2),(0.,1.191813580849E-02),.PIECEWISE_BEZIER_KNOTS.);
#4784 = CARTESIAN_POINT('',(31.823376490931,-70.00001279917,2.18E+03));
#4785 = CARTESIAN_POINT('',(21.5433750057,-63.96979467599,2.18E+03));
#4786 = PCURVE('',#4746,#4787);
#4787 = DEFINITIONAL_REPRESENTATION('',(#4788),#4791);
#4788 = B_SPLINE_CURVE_WITH_KNOTS('',1,(#4789,#4790),.UNSPECIFIED.,.F.,
  .F.,(2,2),(0.,1.191813580849E-02),.PIECEWISE_BEZIER_KNOTS.);
#4789 = CARTESIAN_POINT('',(617.61406605778,212.));
#4790 = CARTESIAN_POINT('',(629.53220186627,212.));
#4791 = ( GEOMETRIC_REPRESENTATION_CONTEXT(2) 
PARAMETRIC_REPRESENTATION_CONTEXT() REPRESENTATION_CONTEXT('2D SPACE',''
  ) );
#4792 = PCURVE('',#3659,#4793);
#4793 = DEFINITIONAL_REPRESENTATION('',(#4794),#4797);
#4794 = B_SPLINE_CURVE_WITH_KNOTS('',1,(#4795,#4796),.UNSPECIFIED.,.F.,
  .F.,(2,2),(0.,1.191813580849E-02),.PIECEWISE_BEZIER_KNOTS.);
#4795 = CARTESIAN_POINT('',(113.02890767622,-151.2055311853));
#4796 = CARTESIAN_POINT('',(102.74890619099,-145.1753130621));
#4797 = ( GEOMETRIC_REPRESENTATION_CONTEXT(2) 
PARAMETRIC_REPRESENTATION_CONTEXT() REPRESENTATION_CONTEXT('2D SPACE',''
  ) );
#4798 = ORIENTED_EDGE('',*,*,#4799,.T.);
#4799 = EDGE_CURVE('',#4780,#4800,#4802,.T.);
#4800 = VERTEX_POINT('',#4801);
#4801 = CARTESIAN_POINT('',(21.543375005639,-63.96979467604,
    179.99999999998));
#4802 = SURFACE_CURVE('',#4803,(#4806,#4812),.PCURVE_S1.);
#4803 = B_SPLINE_CURVE_WITH_KNOTS('',1,(#4804,#4805),.UNSPECIFIED.,.F.,
  .F.,(2,2),(0.,2.),.PIECEWISE_BEZIER_KNOTS.);
#4804 = CARTESIAN_POINT('',(21.5433750057,-63.96979467599,2.18E+03));
#4805 = CARTESIAN_POINT('',(21.543375005639,-63.96979467604,
    179.99999999998));
#4806 = PCURVE('',#4746,#4807);
#4807 = DEFINITIONAL_REPRESENTATION('',(#4808),#4811);
#4808 = B_SPLINE_CURVE_WITH_KNOTS('',1,(#4809,#4810),.UNSPECIFIED.,.F.,
  .F.,(2,2),(0.,2.),.PIECEWISE_BEZIER_KNOTS.);
#4809 = CARTESIAN_POINT('',(629.53220186627,212.));
#4810 = CARTESIAN_POINT('',(629.5322018663,2.212E+03));
#4811 = ( GEOMETRIC_REPRESENTATION_CONTEXT(2) 
PARAMETRIC_REPRESENTATION_CONTEXT() REPRESENTATION_CONTEXT('2D SPACE',''
  ) );
#4812 = PCURVE('',#4813,#4818);
#4813 = CYLINDRICAL_SURFACE('',#4814,67.500000000001);
#4814 = AXIS2_PLACEMENT_3D('',#4815,#4816,#4817);
#4815 = CARTESIAN_POINT('',(3.68750933527E-11,-1.279920568254E-05,
    1.18E+03));
#4816 = DIRECTION('',(1.809252336426E-14,3.125072217463E-14,1.));
#4817 = DIRECTION('',(0.,1.,-3.125072217463E-14));
#4818 = DEFINITIONAL_REPRESENTATION('',(#4819),#4822);
#4819 = B_SPLINE_CURVE_WITH_KNOTS('',1,(#4820,#4821),.UNSPECIFIED.,.F.,
  .F.,(2,2),(0.,2.),.PIECEWISE_BEZIER_KNOTS.);
#4820 = CARTESIAN_POINT('',(3.466436825306,999.99999999998));
#4821 = CARTESIAN_POINT('',(3.466436825306,-1.E+03));
#4822 = ( GEOMETRIC_REPRESENTATION_CONTEXT(2) 
PARAMETRIC_REPRESENTATION_CONTEXT() REPRESENTATION_CONTEXT('2D SPACE',''
  ) );
#4823 = ORIENTED_EDGE('',*,*,#4824,.T.);
#4824 = EDGE_CURVE('',#4800,#4733,#4825,.T.);
#4825 = SURFACE_CURVE('',#4826,(#4829,#4835),.PCURVE_S1.);
#4826 = B_SPLINE_CURVE_WITH_KNOTS('',1,(#4827,#4828),.UNSPECIFIED.,.F.,
  .F.,(2,2),(0.,1.191813580849E-02),.PIECEWISE_BEZIER_KNOTS.);
#4827 = CARTESIAN_POINT('',(21.543375005639,-63.96979467604,
    179.99999999998));
#4828 = CARTESIAN_POINT('',(31.823376490871,-70.00001279922,
    179.99999999998));
#4829 = PCURVE('',#4746,#4830);
#4830 = DEFINITIONAL_REPRESENTATION('',(#4831),#4834);
#4831 = B_SPLINE_CURVE_WITH_KNOTS('',1,(#4832,#4833),.UNSPECIFIED.,.F.,
  .F.,(2,2),(0.,1.191813580849E-02),.PIECEWISE_BEZIER_KNOTS.);
#4832 = CARTESIAN_POINT('',(629.5322018663,2.212E+03));
#4833 = CARTESIAN_POINT('',(617.61406605781,2.212E+03));
#4834 = ( GEOMETRIC_REPRESENTATION_CONTEXT(2) 
PARAMETRIC_REPRESENTATION_CONTEXT() REPRESENTATION_CONTEXT('2D SPACE',''
  ) );
#4835 = PCURVE('',#3709,#4836);
#4836 = DEFINITIONAL_REPRESENTATION('',(#4837),#4840);
#4837 = B_SPLINE_CURVE_WITH_KNOTS('',1,(#4838,#4839),.UNSPECIFIED.,.F.,
  .F.,(2,2),(0.,1.191813580849E-02),.PIECEWISE_BEZIER_KNOTS.);
#4838 = CARTESIAN_POINT('',(675.90326241679,633.47685554561));
#4839 = CARTESIAN_POINT('',(665.62326093156,627.44663742243));
#4840 = ( GEOMETRIC_REPRESENTATION_CONTEXT(2) 
PARAMETRIC_REPRESENTATION_CONTEXT() REPRESENTATION_CONTEXT('2D SPACE',''
  ) );
#4841 = ORIENTED_EDGE('',*,*,#4732,.F.);
#4842 = ADVANCED_FACE('',(#4843),#4813,.T.);
#4843 = FACE_BOUND('',#4844,.T.);
#4844 = EDGE_LOOP('',(#4845,#4872,#4897,#4922));
#4845 = ORIENTED_EDGE('',*,*,#4846,.T.);
#4846 = EDGE_CURVE('',#4780,#4847,#4849,.T.);
#4847 = VERTEX_POINT('',#4848);
#4848 = CARTESIAN_POINT('',(-21.43928553465,-64.00475509036,2.18E+03));
#4849 = SURFACE_CURVE('',#4850,(#4855,#4861),.PCURVE_S1.);
#4850 = CIRCLE('',#4851,67.500000000028);
#4851 = AXIS2_PLACEMENT_3D('',#4852,#4853,#4854);
#4852 = CARTESIAN_POINT('',(6.410954403613E-11,-1.279915229271E-05,
    2.18E+03));
#4853 = DIRECTION('',(-1.881273185803E-14,-2.275635281555E-12,-1.));
#4854 = DIRECTION('',(0.319161111194,-0.947700472249,2.150616338592E-12)
  );
#4855 = PCURVE('',#4813,#4856);
#4856 = DEFINITIONAL_REPRESENTATION('',(#4857),#4860);
#4857 = B_SPLINE_CURVE_WITH_KNOTS('',1,(#4858,#4859),.UNSPECIFIED.,.F.,
  .F.,(2,2),(0.,0.648061622042),.PIECEWISE_BEZIER_KNOTS.);
#4858 = CARTESIAN_POINT('',(3.466436825306,999.99999999998));
#4859 = CARTESIAN_POINT('',(2.818375203265,999.99999999998));
#4860 = ( GEOMETRIC_REPRESENTATION_CONTEXT(2) 
PARAMETRIC_REPRESENTATION_CONTEXT() REPRESENTATION_CONTEXT('2D SPACE',''
  ) );
#4861 = PCURVE('',#3659,#4862);
#4862 = DEFINITIONAL_REPRESENTATION('',(#4863),#4871);
#4863 = ( BOUNDED_CURVE() B_SPLINE_CURVE(2,(#4864,#4865,#4866,#4867,
#4868,#4869,#4870),.UNSPECIFIED.,.T.,.F.) B_SPLINE_CURVE_WITH_KNOTS((1,2
    ,2,2,2,1),(-2.094395102393,0.,2.094395102393,4.188790204786,
6.28318530718,8.377580409573),.UNSPECIFIED.) CURVE() 
GEOMETRIC_REPRESENTATION_ITEM() RATIONAL_B_SPLINE_CURVE((1.,0.5,1.,0.5,
1.,0.5,1.)) REPRESENTATION_ITEM('') );
#4864 = CARTESIAN_POINT('',(102.74890619099,-145.1753130621));
#4865 = CARTESIAN_POINT('',(-8.050006168793,-182.4895331384));
#4866 = CARTESIAN_POINT('',(15.034387502645,-67.87775028504));
#4867 = CARTESIAN_POINT('',(38.118781174084,46.734032568348));
#4868 = CARTESIAN_POINT('',(125.83329986242,-30.56353020877));
#4869 = CARTESIAN_POINT('',(213.54781855077,-107.8610929858));
#4870 = CARTESIAN_POINT('',(102.74890619099,-145.1753130621));
#4871 = ( GEOMETRIC_REPRESENTATION_CONTEXT(2) 
PARAMETRIC_REPRESENTATION_CONTEXT() REPRESENTATION_CONTEXT('2D SPACE',''
  ) );
#4872 = ORIENTED_EDGE('',*,*,#4873,.T.);
#4873 = EDGE_CURVE('',#4847,#4874,#4876,.T.);
#4874 = VERTEX_POINT('',#4875);
#4875 = CARTESIAN_POINT('',(-21.43928553471,-64.00475509041,
    179.99999999998));
#4876 = SURFACE_CURVE('',#4877,(#4880,#4886),.PCURVE_S1.);
#4877 = B_SPLINE_CURVE_WITH_KNOTS('',1,(#4878,#4879),.UNSPECIFIED.,.F.,
  .F.,(2,2),(0.,2.),.PIECEWISE_BEZIER_KNOTS.);
#4878 = CARTESIAN_POINT('',(-21.43928553465,-64.00475509036,2.18E+03));
#4879 = CARTESIAN_POINT('',(-21.43928553471,-64.00475509041,
    179.99999999998));
#4880 = PCURVE('',#4813,#4881);
#4881 = DEFINITIONAL_REPRESENTATION('',(#4882),#4885);
#4882 = B_SPLINE_CURVE_WITH_KNOTS('',1,(#4883,#4884),.UNSPECIFIED.,.F.,
  .F.,(2,2),(0.,2.),.PIECEWISE_BEZIER_KNOTS.);
#4883 = CARTESIAN_POINT('',(2.818375203264,999.99999999998));
#4884 = CARTESIAN_POINT('',(2.818375203264,-1.E+03));
#4885 = ( GEOMETRIC_REPRESENTATION_CONTEXT(2) 
PARAMETRIC_REPRESENTATION_CONTEXT() REPRESENTATION_CONTEXT('2D SPACE',''
  ) );
#4886 = PCURVE('',#4887,#4892);
#4887 = PLANE('',#4888);
#4888 = AXIS2_PLACEMENT_3D('',#4889,#4890,#4891);
#4889 = CARTESIAN_POINT('',(513.41051825435,244.79092310319,2.392E+03));
#4890 = DIRECTION('',(0.5,-0.866025403784,7.814865380468E-15));
#4891 = DIRECTION('',(-0.866025403784,-0.5,0.));
#4892 = DEFINITIONAL_REPRESENTATION('',(#4893),#4896);
#4893 = B_SPLINE_CURVE_WITH_KNOTS('',1,(#4894,#4895),.UNSPECIFIED.,.F.,
  .F.,(2,2),(0.,2.),.PIECEWISE_BEZIER_KNOTS.);
#4894 = CARTESIAN_POINT('',(617.59135638718,212.));
#4895 = CARTESIAN_POINT('',(617.59135638726,2.212E+03));
#4896 = ( GEOMETRIC_REPRESENTATION_CONTEXT(2) 
PARAMETRIC_REPRESENTATION_CONTEXT() REPRESENTATION_CONTEXT('2D SPACE',''
  ) );
#4897 = ORIENTED_EDGE('',*,*,#4898,.T.);
#4898 = EDGE_CURVE('',#4874,#4800,#4899,.T.);
#4899 = SURFACE_CURVE('',#4900,(#4905,#4911),.PCURVE_S1.);
#4900 = CIRCLE('',#4901,67.500000000021);
#4901 = AXIS2_PLACEMENT_3D('',#4902,#4903,#4904);
#4902 = CARTESIAN_POINT('',(6.444669456215E-12,-1.279921128843E-05,
    179.99999999998));
#4903 = DIRECTION('',(6.9694767128E-14,5.536689484432E-14,1.));
#4904 = DIRECTION('',(-0.317619044959,-0.948218404314,7.463629405491E-14
    ));
#4905 = PCURVE('',#4813,#4906);
#4906 = DEFINITIONAL_REPRESENTATION('',(#4907),#4910);
#4907 = B_SPLINE_CURVE_WITH_KNOTS('',1,(#4908,#4909),.UNSPECIFIED.,.F.,
  .F.,(2,2),(0.,0.648061622042),.PIECEWISE_BEZIER_KNOTS.);
#4908 = CARTESIAN_POINT('',(2.818375203264,-1.E+03));
#4909 = CARTESIAN_POINT('',(3.466436825306,-1.E+03));
#4910 = ( GEOMETRIC_REPRESENTATION_CONTEXT(2) 
PARAMETRIC_REPRESENTATION_CONTEXT() REPRESENTATION_CONTEXT('2D SPACE',''
  ) );
#4911 = PCURVE('',#3709,#4912);
#4912 = DEFINITIONAL_REPRESENTATION('',(#4913),#4921);
#4913 = ( BOUNDED_CURVE() B_SPLINE_CURVE(2,(#4914,#4915,#4916,#4917,
#4918,#4919,#4920),.UNSPECIFIED.,.T.,.F.) B_SPLINE_CURVE_WITH_KNOTS((1,2
    ,2,2,2,1),(-2.094395102393,0.,2.094395102393,4.188790204786,
6.28318530718,8.377580409573),.UNSPECIFIED.) CURVE() 
GEOMETRIC_REPRESENTATION_ITEM() RATIONAL_B_SPLINE_CURVE((1.,0.5,1.,0.5,
1.,0.5,1.)) REPRESENTATION_ITEM('') );
#4914 = CARTESIAN_POINT('',(718.88592295715,633.44189513124));
#4915 = CARTESIAN_POINT('',(608.02645738343,596.30796330713));
#4916 = CARTESIAN_POINT('',(631.29726186821,710.88204265599));
#4917 = CARTESIAN_POINT('',(654.56806635299,825.45612200486));
#4918 = CARTESIAN_POINT('',(742.15672744193,748.0159744801));
#4919 = CARTESIAN_POINT('',(829.74538853087,670.57582695535));
#4920 = CARTESIAN_POINT('',(718.88592295715,633.44189513124));
#4921 = ( GEOMETRIC_REPRESENTATION_CONTEXT(2) 
PARAMETRIC_REPRESENTATION_CONTEXT() REPRESENTATION_CONTEXT('2D SPACE',''
  ) );
#4922 = ORIENTED_EDGE('',*,*,#4799,.F.);
#4923 = ADVANCED_FACE('',(#4924),#4887,.T.);
#4924 = FACE_BOUND('',#4925,.T.);
#4925 = EDGE_LOOP('',(#4926,#4946,#4971,#4989));
#4926 = ORIENTED_EDGE('',*,*,#4927,.T.);
#4927 = EDGE_CURVE('',#4847,#4928,#4930,.T.);
#4928 = VERTEX_POINT('',#4929);
#4929 = CARTESIAN_POINT('',(-31.82337649079,-70.00001279918,2.18E+03));
#4930 = SURFACE_CURVE('',#4931,(#4934,#4940),.PCURVE_S1.);
#4931 = B_SPLINE_CURVE_WITH_KNOTS('',1,(#4932,#4933),.UNSPECIFIED.,.F.,
  .F.,(2,2),(0.,1.199051541763E-02),.PIECEWISE_BEZIER_KNOTS.);
#4932 = CARTESIAN_POINT('',(-21.43928553465,-64.00475509036,2.18E+03));
#4933 = CARTESIAN_POINT('',(-31.82337649079,-70.00001279918,2.18E+03));
#4934 = PCURVE('',#4887,#4935);
#4935 = DEFINITIONAL_REPRESENTATION('',(#4936),#4939);
#4936 = B_SPLINE_CURVE_WITH_KNOTS('',1,(#4937,#4938),.UNSPECIFIED.,.F.,
  .F.,(2,2),(0.,1.199051541763E-02),.PIECEWISE_BEZIER_KNOTS.);
#4937 = CARTESIAN_POINT('',(617.59135638718,212.));
#4938 = CARTESIAN_POINT('',(629.58187180481,212.));
#4939 = ( GEOMETRIC_REPRESENTATION_CONTEXT(2) 
PARAMETRIC_REPRESENTATION_CONTEXT() REPRESENTATION_CONTEXT('2D SPACE',''
  ) );
#4940 = PCURVE('',#3659,#4941);
#4941 = DEFINITIONAL_REPRESENTATION('',(#4942),#4945);
#4942 = B_SPLINE_CURVE_WITH_KNOTS('',1,(#4943,#4944),.UNSPECIFIED.,.F.,
  .F.,(2,2),(0.,1.199051541763E-02),.PIECEWISE_BEZIER_KNOTS.);
#4943 = CARTESIAN_POINT('',(59.766245650639,-145.2102734765));
#4944 = CARTESIAN_POINT('',(49.382154694498,-151.2055311853));
#4945 = ( GEOMETRIC_REPRESENTATION_CONTEXT(2) 
PARAMETRIC_REPRESENTATION_CONTEXT() REPRESENTATION_CONTEXT('2D SPACE',''
  ) );
#4946 = ORIENTED_EDGE('',*,*,#4947,.T.);
#4947 = EDGE_CURVE('',#4928,#4948,#4950,.T.);
#4948 = VERTEX_POINT('',#4949);
#4949 = CARTESIAN_POINT('',(-31.82337649085,-70.00001279923,
    179.99999999998));
#4950 = SURFACE_CURVE('',#4951,(#4954,#4960),.PCURVE_S1.);
#4951 = B_SPLINE_CURVE_WITH_KNOTS('',1,(#4952,#4953),.UNSPECIFIED.,.F.,
  .F.,(2,2),(0.,2.),.PIECEWISE_BEZIER_KNOTS.);
#4952 = CARTESIAN_POINT('',(-31.82337649079,-70.00001279918,2.18E+03));
#4953 = CARTESIAN_POINT('',(-31.82337649085,-70.00001279923,
    179.99999999998));
#4954 = PCURVE('',#4887,#4955);
#4955 = DEFINITIONAL_REPRESENTATION('',(#4956),#4959);
#4956 = B_SPLINE_CURVE_WITH_KNOTS('',1,(#4957,#4958),.UNSPECIFIED.,.F.,
  .F.,(2,2),(0.,2.),.PIECEWISE_BEZIER_KNOTS.);
#4957 = CARTESIAN_POINT('',(629.58187180481,212.));
#4958 = CARTESIAN_POINT('',(629.58187180489,2.212E+03));
#4959 = ( GEOMETRIC_REPRESENTATION_CONTEXT(2) 
PARAMETRIC_REPRESENTATION_CONTEXT() REPRESENTATION_CONTEXT('2D SPACE',''
  ) );
#4960 = PCURVE('',#4961,#4966);
#4961 = PLANE('',#4962);
#4962 = AXIS2_PLACEMENT_3D('',#4963,#4964,#4965);
#4963 = CARTESIAN_POINT('',(-660.1575431362,-70.00001279918,2.392E+03));
#4964 = DIRECTION('',(0.,-1.,0.));
#4965 = DIRECTION('',(0.,0.,-1.));
#4966 = DEFINITIONAL_REPRESENTATION('',(#4967),#4970);
#4967 = B_SPLINE_CURVE_WITH_KNOTS('',1,(#4968,#4969),.UNSPECIFIED.,.F.,
  .F.,(2,2),(0.,2.),.PIECEWISE_BEZIER_KNOTS.);
#4968 = CARTESIAN_POINT('',(212.,628.33416664547));
#4969 = CARTESIAN_POINT('',(2.212E+03,628.33416664541));
#4970 = ( GEOMETRIC_REPRESENTATION_CONTEXT(2) 
PARAMETRIC_REPRESENTATION_CONTEXT() REPRESENTATION_CONTEXT('2D SPACE',''
  ) );
#4971 = ORIENTED_EDGE('',*,*,#4972,.T.);
#4972 = EDGE_CURVE('',#4948,#4874,#4973,.T.);
#4973 = SURFACE_CURVE('',#4974,(#4977,#4983),.PCURVE_S1.);
#4974 = B_SPLINE_CURVE_WITH_KNOTS('',1,(#4975,#4976),.UNSPECIFIED.,.F.,
  .F.,(2,2),(0.,1.199051541763E-02),.PIECEWISE_BEZIER_KNOTS.);
#4975 = CARTESIAN_POINT('',(-31.82337649085,-70.00001279923,
    179.99999999998));
#4976 = CARTESIAN_POINT('',(-21.43928553471,-64.00475509041,
    179.99999999998));
#4977 = PCURVE('',#4887,#4978);
#4978 = DEFINITIONAL_REPRESENTATION('',(#4979),#4982);
#4979 = B_SPLINE_CURVE_WITH_KNOTS('',1,(#4980,#4981),.UNSPECIFIED.,.F.,
  .F.,(2,2),(0.,1.199051541763E-02),.PIECEWISE_BEZIER_KNOTS.);
#4980 = CARTESIAN_POINT('',(629.58187180489,2.212E+03));
#4981 = CARTESIAN_POINT('',(617.59135638726,2.212E+03));
#4982 = ( GEOMETRIC_REPRESENTATION_CONTEXT(2) 
PARAMETRIC_REPRESENTATION_CONTEXT() REPRESENTATION_CONTEXT('2D SPACE',''
  ) );
#4983 = PCURVE('',#3709,#4984);
#4984 = DEFINITIONAL_REPRESENTATION('',(#4985),#4988);
#4985 = B_SPLINE_CURVE_WITH_KNOTS('',1,(#4986,#4987),.UNSPECIFIED.,.F.,
  .F.,(2,2),(0.,1.199051541763E-02),.PIECEWISE_BEZIER_KNOTS.);
#4986 = CARTESIAN_POINT('',(729.27001391329,627.44663742242));
#4987 = CARTESIAN_POINT('',(718.88592295715,633.44189513124));
#4988 = ( GEOMETRIC_REPRESENTATION_CONTEXT(2) 
PARAMETRIC_REPRESENTATION_CONTEXT() REPRESENTATION_CONTEXT('2D SPACE',''
  ) );
#4989 = ORIENTED_EDGE('',*,*,#4873,.F.);
#4990 = ADVANCED_FACE('',(#4991),#4961,.T.);
#4991 = FACE_BOUND('',#4992,.T.);
#4992 = EDGE_LOOP('',(#4993,#5013,#5038,#5056));
#4993 = ORIENTED_EDGE('',*,*,#4994,.T.);
#4994 = EDGE_CURVE('',#4928,#4995,#4997,.T.);
#4995 = VERTEX_POINT('',#4996);
#4996 = CARTESIAN_POINT('',(-46.67261889571,-70.00001279918,2.18E+03));
#4997 = SURFACE_CURVE('',#4998,(#5001,#5007),.PCURVE_S1.);
#4998 = B_SPLINE_CURVE_WITH_KNOTS('',1,(#4999,#5000),.UNSPECIFIED.,.F.,
  .F.,(2,2),(0.,1.484924240492E-02),.PIECEWISE_BEZIER_KNOTS.);
#4999 = CARTESIAN_POINT('',(-31.82337649079,-70.00001279918,2.18E+03));
#5000 = CARTESIAN_POINT('',(-46.67261889571,-70.00001279918,2.18E+03));
#5001 = PCURVE('',#4961,#5002);
#5002 = DEFINITIONAL_REPRESENTATION('',(#5003),#5006);
#5003 = B_SPLINE_CURVE_WITH_KNOTS('',1,(#5004,#5005),.UNSPECIFIED.,.F.,
  .F.,(2,2),(0.,1.484924240492E-02),.PIECEWISE_BEZIER_KNOTS.);
#5004 = CARTESIAN_POINT('',(212.,628.33416664547));
#5005 = CARTESIAN_POINT('',(212.,613.48492424056));
#5006 = ( GEOMETRIC_REPRESENTATION_CONTEXT(2) 
PARAMETRIC_REPRESENTATION_CONTEXT() REPRESENTATION_CONTEXT('2D SPACE',''
  ) );
#5007 = PCURVE('',#3659,#5008);
#5008 = DEFINITIONAL_REPRESENTATION('',(#5009),#5012);
#5009 = B_SPLINE_CURVE_WITH_KNOTS('',1,(#5010,#5011),.UNSPECIFIED.,.F.,
  .F.,(2,2),(0.,1.484924240492E-02),.PIECEWISE_BEZIER_KNOTS.);
#5010 = CARTESIAN_POINT('',(49.382154694498,-151.2055311853));
#5011 = CARTESIAN_POINT('',(34.53291228958,-151.2055311853));
#5012 = ( GEOMETRIC_REPRESENTATION_CONTEXT(2) 
PARAMETRIC_REPRESENTATION_CONTEXT() REPRESENTATION_CONTEXT('2D SPACE',''
  ) );
#5013 = ORIENTED_EDGE('',*,*,#5014,.T.);
#5014 = EDGE_CURVE('',#4995,#5015,#5017,.T.);
#5015 = VERTEX_POINT('',#5016);
#5016 = CARTESIAN_POINT('',(-46.67261889577,-70.00001279923,
    179.99999999998));
#5017 = SURFACE_CURVE('',#5018,(#5021,#5027),.PCURVE_S1.);
#5018 = B_SPLINE_CURVE_WITH_KNOTS('',1,(#5019,#5020),.UNSPECIFIED.,.F.,
  .F.,(2,2),(0.,2.),.PIECEWISE_BEZIER_KNOTS.);
#5019 = CARTESIAN_POINT('',(-46.67261889571,-70.00001279918,2.18E+03));
#5020 = CARTESIAN_POINT('',(-46.67261889577,-70.00001279923,
    179.99999999998));
#5021 = PCURVE('',#4961,#5022);
#5022 = DEFINITIONAL_REPRESENTATION('',(#5023),#5026);
#5023 = B_SPLINE_CURVE_WITH_KNOTS('',1,(#5024,#5025),.UNSPECIFIED.,.F.,
  .F.,(2,2),(0.,2.),.PIECEWISE_BEZIER_KNOTS.);
#5024 = CARTESIAN_POINT('',(212.,613.48492424056));
#5025 = CARTESIAN_POINT('',(2.212E+03,613.48492424049));
#5026 = ( GEOMETRIC_REPRESENTATION_CONTEXT(2) 
PARAMETRIC_REPRESENTATION_CONTEXT() REPRESENTATION_CONTEXT('2D SPACE',''
  ) );
#5027 = PCURVE('',#5028,#5033);
#5028 = PLANE('',#5029);
#5029 = AXIS2_PLACEMENT_3D('',#5030,#5031,#5032);
#5030 = CARTESIAN_POINT('',(391.92418792668,-508.5968196215,2.392E+03));
#5031 = DIRECTION('',(-0.707106781187,-0.707106781187,4.002754461857E-14
    ));
#5032 = DIRECTION('',(-0.707106781187,0.707106781187,0.));
#5033 = DEFINITIONAL_REPRESENTATION('',(#5034),#5037);
#5034 = B_SPLINE_CURVE_WITH_KNOTS('',1,(#5035,#5036),.UNSPECIFIED.,.F.,
  .F.,(2,2),(0.,2.),.PIECEWISE_BEZIER_KNOTS.);
#5035 = CARTESIAN_POINT('',(620.26955262174,212.));
#5036 = CARTESIAN_POINT('',(620.26955262175,2.212E+03));
#5037 = ( GEOMETRIC_REPRESENTATION_CONTEXT(2) 
PARAMETRIC_REPRESENTATION_CONTEXT() REPRESENTATION_CONTEXT('2D SPACE',''
  ) );
#5038 = ORIENTED_EDGE('',*,*,#5039,.T.);
#5039 = EDGE_CURVE('',#5015,#4948,#5040,.T.);
#5040 = SURFACE_CURVE('',#5041,(#5044,#5050),.PCURVE_S1.);
#5041 = B_SPLINE_CURVE_WITH_KNOTS('',1,(#5042,#5043),.UNSPECIFIED.,.F.,
  .F.,(2,2),(0.,1.484924240492E-02),.PIECEWISE_BEZIER_KNOTS.);
#5042 = CARTESIAN_POINT('',(-46.67261889577,-70.00001279923,
    179.99999999998));
#5043 = CARTESIAN_POINT('',(-31.82337649085,-70.00001279923,
    179.99999999998));
#5044 = PCURVE('',#4961,#5045);
#5045 = DEFINITIONAL_REPRESENTATION('',(#5046),#5049);
#5046 = B_SPLINE_CURVE_WITH_KNOTS('',1,(#5047,#5048),.UNSPECIFIED.,.F.,
  .F.,(2,2),(0.,1.484924240492E-02),.PIECEWISE_BEZIER_KNOTS.);
#5047 = CARTESIAN_POINT('',(2.212E+03,613.48492424049));
#5048 = CARTESIAN_POINT('',(2.212E+03,628.33416664541));
#5049 = ( GEOMETRIC_REPRESENTATION_CONTEXT(2) 
PARAMETRIC_REPRESENTATION_CONTEXT() REPRESENTATION_CONTEXT('2D SPACE',''
  ) );
#5050 = PCURVE('',#3709,#5051);
#5051 = DEFINITIONAL_REPRESENTATION('',(#5052),#5055);
#5052 = B_SPLINE_CURVE_WITH_KNOTS('',1,(#5053,#5054),.UNSPECIFIED.,.F.,
  .F.,(2,2),(0.,1.484924240492E-02),.PIECEWISE_BEZIER_KNOTS.);
#5053 = CARTESIAN_POINT('',(744.11925631821,627.44663742242));
#5054 = CARTESIAN_POINT('',(729.27001391329,627.44663742242));
#5055 = ( GEOMETRIC_REPRESENTATION_CONTEXT(2) 
PARAMETRIC_REPRESENTATION_CONTEXT() REPRESENTATION_CONTEXT('2D SPACE',''
  ) );
#5056 = ORIENTED_EDGE('',*,*,#4947,.F.);
#5057 = ADVANCED_FACE('',(#5058),#5028,.T.);
#5058 = FACE_BOUND('',#5059,.T.);
#5059 = EDGE_LOOP('',(#5060,#5080,#5105,#5123));
#5060 = ORIENTED_EDGE('',*,*,#5061,.T.);
#5061 = EDGE_CURVE('',#4995,#5062,#5064,.T.);
#5062 = VERTEX_POINT('',#5063);
#5063 = CARTESIAN_POINT('',(-69.99999999993,-46.67263169496,2.18E+03));
#5064 = SURFACE_CURVE('',#5065,(#5068,#5074),.PCURVE_S1.);
#5065 = B_SPLINE_CURVE_WITH_KNOTS('',1,(#5066,#5067),.UNSPECIFIED.,.F.,
  .F.,(2,2),(0.,3.298989873223E-02),.PIECEWISE_BEZIER_KNOTS.);
#5066 = CARTESIAN_POINT('',(-46.67261889571,-70.00001279918,2.18E+03));
#5067 = CARTESIAN_POINT('',(-69.99999999993,-46.67263169496,2.18E+03));
#5068 = PCURVE('',#5028,#5069);
#5069 = DEFINITIONAL_REPRESENTATION('',(#5070),#5073);
#5070 = B_SPLINE_CURVE_WITH_KNOTS('',1,(#5071,#5072),.UNSPECIFIED.,.F.,
  .F.,(2,2),(0.,3.298989873223E-02),.PIECEWISE_BEZIER_KNOTS.);
#5071 = CARTESIAN_POINT('',(620.26955262174,212.));
#5072 = CARTESIAN_POINT('',(653.25945135397,212.));
#5073 = ( GEOMETRIC_REPRESENTATION_CONTEXT(2) 
PARAMETRIC_REPRESENTATION_CONTEXT() REPRESENTATION_CONTEXT('2D SPACE',''
  ) );
#5074 = PCURVE('',#3659,#5075);
#5075 = DEFINITIONAL_REPRESENTATION('',(#5076),#5079);
#5076 = B_SPLINE_CURVE_WITH_KNOTS('',1,(#5077,#5078),.UNSPECIFIED.,.F.,
  .F.,(2,2),(0.,3.298989873223E-02),.PIECEWISE_BEZIER_KNOTS.);
#5077 = CARTESIAN_POINT('',(34.53291228958,-151.2055311853));
#5078 = CARTESIAN_POINT('',(11.205531185361,-127.8781500811));
#5079 = ( GEOMETRIC_REPRESENTATION_CONTEXT(2) 
PARAMETRIC_REPRESENTATION_CONTEXT() REPRESENTATION_CONTEXT('2D SPACE',''
  ) );
#5080 = ORIENTED_EDGE('',*,*,#5081,.T.);
#5081 = EDGE_CURVE('',#5062,#5082,#5084,.T.);
#5082 = VERTEX_POINT('',#5083);
#5083 = CARTESIAN_POINT('',(-69.99999999999,-46.67263169501,
    179.99999999998));
#5084 = SURFACE_CURVE('',#5085,(#5088,#5094),.PCURVE_S1.);
#5085 = B_SPLINE_CURVE_WITH_KNOTS('',1,(#5086,#5087),.UNSPECIFIED.,.F.,
  .F.,(2,2),(0.,2.),.PIECEWISE_BEZIER_KNOTS.);
#5086 = CARTESIAN_POINT('',(-69.99999999993,-46.67263169496,2.18E+03));
#5087 = CARTESIAN_POINT('',(-69.99999999999,-46.67263169501,
    179.99999999998));
#5088 = PCURVE('',#5028,#5089);
#5089 = DEFINITIONAL_REPRESENTATION('',(#5090),#5093);
#5090 = B_SPLINE_CURVE_WITH_KNOTS('',1,(#5091,#5092),.UNSPECIFIED.,.F.,
  .F.,(2,2),(0.,2.),.PIECEWISE_BEZIER_KNOTS.);
#5091 = CARTESIAN_POINT('',(653.25945135397,212.));
#5092 = CARTESIAN_POINT('',(653.25945135398,2.212E+03));
#5093 = ( GEOMETRIC_REPRESENTATION_CONTEXT(2) 
PARAMETRIC_REPRESENTATION_CONTEXT() REPRESENTATION_CONTEXT('2D SPACE',''
  ) );
#5094 = PCURVE('',#5095,#5100);
#5095 = PLANE('',#5096);
#5096 = AXIS2_PLACEMENT_3D('',#5097,#5098,#5099);
#5097 = CARTESIAN_POINT('',(-69.99999999993,581.66153495044,
    -32.00000000001));
#5098 = DIRECTION('',(-1.,0.,0.));
#5099 = DIRECTION('',(0.,0.,-1.));
#5100 = DEFINITIONAL_REPRESENTATION('',(#5101),#5104);
#5101 = B_SPLINE_CURVE_WITH_KNOTS('',1,(#5102,#5103),.UNSPECIFIED.,.F.,
  .F.,(2,2),(0.,2.),.PIECEWISE_BEZIER_KNOTS.);
#5102 = CARTESIAN_POINT('',(-2.212E+03,628.33416664541));
#5103 = CARTESIAN_POINT('',(-211.9999999999,628.33416664546));
#5104 = ( GEOMETRIC_REPRESENTATION_CONTEXT(2) 
PARAMETRIC_REPRESENTATION_CONTEXT() REPRESENTATION_CONTEXT('2D SPACE',''
  ) );
#5105 = ORIENTED_EDGE('',*,*,#5106,.T.);
#5106 = EDGE_CURVE('',#5082,#5015,#5107,.T.);
#5107 = SURFACE_CURVE('',#5108,(#5111,#5117),.PCURVE_S1.);
#5108 = B_SPLINE_CURVE_WITH_KNOTS('',1,(#5109,#5110),.UNSPECIFIED.,.F.,
  .F.,(2,2),(0.,3.298989873223E-02),.PIECEWISE_BEZIER_KNOTS.);
#5109 = CARTESIAN_POINT('',(-69.99999999999,-46.67263169501,
    179.99999999998));
#5110 = CARTESIAN_POINT('',(-46.67261889577,-70.00001279923,
    179.99999999998));
#5111 = PCURVE('',#5028,#5112);
#5112 = DEFINITIONAL_REPRESENTATION('',(#5113),#5116);
#5113 = B_SPLINE_CURVE_WITH_KNOTS('',1,(#5114,#5115),.UNSPECIFIED.,.F.,
  .F.,(2,2),(0.,3.298989873223E-02),.PIECEWISE_BEZIER_KNOTS.);
#5114 = CARTESIAN_POINT('',(653.25945135398,2.212E+03));
#5115 = CARTESIAN_POINT('',(620.26955262175,2.212E+03));
#5116 = ( GEOMETRIC_REPRESENTATION_CONTEXT(2) 
PARAMETRIC_REPRESENTATION_CONTEXT() REPRESENTATION_CONTEXT('2D SPACE',''
  ) );
#5117 = PCURVE('',#3709,#5118);
#5118 = DEFINITIONAL_REPRESENTATION('',(#5119),#5122);
#5119 = B_SPLINE_CURVE_WITH_KNOTS('',1,(#5120,#5121),.UNSPECIFIED.,.F.,
  .F.,(2,2),(0.,3.298989873223E-02),.PIECEWISE_BEZIER_KNOTS.);
#5120 = CARTESIAN_POINT('',(767.44663742243,650.77401852665));
#5121 = CARTESIAN_POINT('',(744.11925631821,627.44663742242));
#5122 = ( GEOMETRIC_REPRESENTATION_CONTEXT(2) 
PARAMETRIC_REPRESENTATION_CONTEXT() REPRESENTATION_CONTEXT('2D SPACE',''
  ) );
#5123 = ORIENTED_EDGE('',*,*,#5014,.F.);
#5124 = ADVANCED_FACE('',(#5125),#5095,.T.);
#5125 = FACE_BOUND('',#5126,.T.);
#5126 = EDGE_LOOP('',(#5127,#5147,#5172,#5190));
#5127 = ORIENTED_EDGE('',*,*,#5128,.T.);
#5128 = EDGE_CURVE('',#5062,#5129,#5131,.T.);
#5129 = VERTEX_POINT('',#5130);
#5130 = CARTESIAN_POINT('',(-69.99999999993,-31.82338929004,2.18E+03));
#5131 = SURFACE_CURVE('',#5132,(#5135,#5141),.PCURVE_S1.);
#5132 = B_SPLINE_CURVE_WITH_KNOTS('',1,(#5133,#5134),.UNSPECIFIED.,.F.,
  .F.,(2,2),(0.,1.484924240492E-02),.PIECEWISE_BEZIER_KNOTS.);
#5133 = CARTESIAN_POINT('',(-69.99999999993,-46.67263169496,2.18E+03));
#5134 = CARTESIAN_POINT('',(-69.99999999993,-31.82338929004,2.18E+03));
#5135 = PCURVE('',#5095,#5136);
#5136 = DEFINITIONAL_REPRESENTATION('',(#5137),#5140);
#5137 = B_SPLINE_CURVE_WITH_KNOTS('',1,(#5138,#5139),.UNSPECIFIED.,.F.,
  .F.,(2,2),(0.,1.484924240492E-02),.PIECEWISE_BEZIER_KNOTS.);
#5138 = CARTESIAN_POINT('',(-2.212E+03,628.33416664541));
#5139 = CARTESIAN_POINT('',(-2.212E+03,613.48492424049));
#5140 = ( GEOMETRIC_REPRESENTATION_CONTEXT(2) 
PARAMETRIC_REPRESENTATION_CONTEXT() REPRESENTATION_CONTEXT('2D SPACE',''
  ) );
#5141 = PCURVE('',#3659,#5142);
#5142 = DEFINITIONAL_REPRESENTATION('',(#5143),#5146);
#5143 = B_SPLINE_CURVE_WITH_KNOTS('',1,(#5144,#5145),.UNSPECIFIED.,.F.,
  .F.,(2,2),(0.,1.484924240492E-02),.PIECEWISE_BEZIER_KNOTS.);
#5144 = CARTESIAN_POINT('',(11.205531185361,-127.8781500811));
#5145 = CARTESIAN_POINT('',(11.205531185361,-113.0289076762));
#5146 = ( GEOMETRIC_REPRESENTATION_CONTEXT(2) 
PARAMETRIC_REPRESENTATION_CONTEXT() REPRESENTATION_CONTEXT('2D SPACE',''
  ) );
#5147 = ORIENTED_EDGE('',*,*,#5148,.T.);
#5148 = EDGE_CURVE('',#5129,#5149,#5151,.T.);
#5149 = VERTEX_POINT('',#5150);
#5150 = CARTESIAN_POINT('',(-69.99999999999,-31.82338929009,
    179.99999999998));
#5151 = SURFACE_CURVE('',#5152,(#5155,#5161),.PCURVE_S1.);
#5152 = B_SPLINE_CURVE_WITH_KNOTS('',1,(#5153,#5154),.UNSPECIFIED.,.F.,
  .F.,(2,2),(0.,2.),.PIECEWISE_BEZIER_KNOTS.);
#5153 = CARTESIAN_POINT('',(-69.99999999993,-31.82338929004,2.18E+03));
#5154 = CARTESIAN_POINT('',(-69.99999999999,-31.82338929009,
    179.99999999998));
#5155 = PCURVE('',#5095,#5156);
#5156 = DEFINITIONAL_REPRESENTATION('',(#5157),#5160);
#5157 = B_SPLINE_CURVE_WITH_KNOTS('',1,(#5158,#5159),.UNSPECIFIED.,.F.,
  .F.,(2,2),(0.,2.),.PIECEWISE_BEZIER_KNOTS.);
#5158 = CARTESIAN_POINT('',(-2.212E+03,613.48492424049));
#5159 = CARTESIAN_POINT('',(-211.9999999999,613.48492424054));
#5160 = ( GEOMETRIC_REPRESENTATION_CONTEXT(2) 
PARAMETRIC_REPRESENTATION_CONTEXT() REPRESENTATION_CONTEXT('2D SPACE',''
  ) );
#5161 = PCURVE('',#5162,#5167);
#5162 = PLANE('',#5163);
#5163 = AXIS2_PLACEMENT_3D('',#5164,#5165,#5166);
#5164 = CARTESIAN_POINT('',(248.52435261873,511.18032154021,
    -32.00000000001));
#5165 = DIRECTION('',(-0.862551127997,0.505969911745,1.407121947442E-14)
  );
#5166 = DIRECTION('',(-0.505969911745,-0.862551127997,0.));
#5167 = DEFINITIONAL_REPRESENTATION('',(#5168),#5171);
#5168 = B_SPLINE_CURVE_WITH_KNOTS('',1,(#5169,#5170),.UNSPECIFIED.,.F.,
  .F.,(2,2),(0.,2.),.PIECEWISE_BEZIER_KNOTS.);
#5169 = CARTESIAN_POINT('',(629.53220186625,2.212E+03));
#5170 = CARTESIAN_POINT('',(629.53220186633,212.));
#5171 = ( GEOMETRIC_REPRESENTATION_CONTEXT(2) 
PARAMETRIC_REPRESENTATION_CONTEXT() REPRESENTATION_CONTEXT('2D SPACE',''
  ) );
#5172 = ORIENTED_EDGE('',*,*,#5173,.T.);
#5173 = EDGE_CURVE('',#5149,#5082,#5174,.T.);
#5174 = SURFACE_CURVE('',#5175,(#5178,#5184),.PCURVE_S1.);
#5175 = B_SPLINE_CURVE_WITH_KNOTS('',1,(#5176,#5177),.UNSPECIFIED.,.F.,
  .F.,(2,2),(0.,1.484924240492E-02),.PIECEWISE_BEZIER_KNOTS.);
#5176 = CARTESIAN_POINT('',(-69.99999999999,-31.82338929009,
    179.99999999998));
#5177 = CARTESIAN_POINT('',(-69.99999999999,-46.67263169501,
    179.99999999998));
#5178 = PCURVE('',#5095,#5179);
#5179 = DEFINITIONAL_REPRESENTATION('',(#5180),#5183);
#5180 = B_SPLINE_CURVE_WITH_KNOTS('',1,(#5181,#5182),.UNSPECIFIED.,.F.,
  .F.,(2,2),(0.,1.484924240492E-02),.PIECEWISE_BEZIER_KNOTS.);
#5181 = CARTESIAN_POINT('',(-211.9999999999,613.48492424054));
#5182 = CARTESIAN_POINT('',(-211.9999999999,628.33416664546));
#5183 = ( GEOMETRIC_REPRESENTATION_CONTEXT(2) 
PARAMETRIC_REPRESENTATION_CONTEXT() REPRESENTATION_CONTEXT('2D SPACE',''
  ) );
#5184 = PCURVE('',#3709,#5185);
#5185 = DEFINITIONAL_REPRESENTATION('',(#5186),#5189);
#5186 = B_SPLINE_CURVE_WITH_KNOTS('',1,(#5187,#5188),.UNSPECIFIED.,.F.,
  .F.,(2,2),(0.,1.484924240492E-02),.PIECEWISE_BEZIER_KNOTS.);
#5187 = CARTESIAN_POINT('',(767.44663742243,665.62326093156));
#5188 = CARTESIAN_POINT('',(767.44663742243,650.77401852665));
#5189 = ( GEOMETRIC_REPRESENTATION_CONTEXT(2) 
PARAMETRIC_REPRESENTATION_CONTEXT() REPRESENTATION_CONTEXT('2D SPACE',''
  ) );
#5190 = ORIENTED_EDGE('',*,*,#5081,.F.);
#5191 = ADVANCED_FACE('',(#5192),#5162,.T.);
#5192 = FACE_BOUND('',#5193,.T.);
#5193 = EDGE_LOOP('',(#5194,#5214,#5234,#5252));
#5194 = ORIENTED_EDGE('',*,*,#5195,.T.);
#5195 = EDGE_CURVE('',#5129,#5196,#5198,.T.);
#5196 = VERTEX_POINT('',#5197);
#5197 = CARTESIAN_POINT('',(-63.96978187674,-21.5433878048,2.18E+03));
#5198 = SURFACE_CURVE('',#5199,(#5202,#5208),.PCURVE_S1.);
#5199 = B_SPLINE_CURVE_WITH_KNOTS('',1,(#5200,#5201),.UNSPECIFIED.,.F.,
  .F.,(2,2),(0.,1.19181358085E-02),.PIECEWISE_BEZIER_KNOTS.);
#5200 = CARTESIAN_POINT('',(-69.99999999993,-31.82338929004,2.18E+03));
#5201 = CARTESIAN_POINT('',(-63.96978187674,-21.5433878048,2.18E+03));
#5202 = PCURVE('',#5162,#5203);
#5203 = DEFINITIONAL_REPRESENTATION('',(#5204),#5207);
#5204 = B_SPLINE_CURVE_WITH_KNOTS('',1,(#5205,#5206),.UNSPECIFIED.,.F.,
  .F.,(2,2),(0.,1.19181358085E-02),.PIECEWISE_BEZIER_KNOTS.);
#5205 = CARTESIAN_POINT('',(629.53220186625,2.212E+03));
#5206 = CARTESIAN_POINT('',(617.61406605775,2.212E+03));
#5207 = ( GEOMETRIC_REPRESENTATION_CONTEXT(2) 
PARAMETRIC_REPRESENTATION_CONTEXT() REPRESENTATION_CONTEXT('2D SPACE',''
  ) );
#5208 = PCURVE('',#3659,#5209);
#5209 = DEFINITIONAL_REPRESENTATION('',(#5210),#5213);
#5210 = B_SPLINE_CURVE_WITH_KNOTS('',1,(#5211,#5212),.UNSPECIFIED.,.F.,
  .F.,(2,2),(0.,1.19181358085E-02),.PIECEWISE_BEZIER_KNOTS.);
#5211 = CARTESIAN_POINT('',(11.205531185361,-113.0289076762));
#5212 = CARTESIAN_POINT('',(17.235749308546,-102.7489061909));
#5213 = ( GEOMETRIC_REPRESENTATION_CONTEXT(2) 
PARAMETRIC_REPRESENTATION_CONTEXT() REPRESENTATION_CONTEXT('2D SPACE',''
  ) );
#5214 = ORIENTED_EDGE('',*,*,#5215,.T.);
#5215 = EDGE_CURVE('',#5196,#5216,#5218,.T.);
#5216 = VERTEX_POINT('',#5217);
#5217 = CARTESIAN_POINT('',(-63.9697818768,-21.54338780485,
    179.99999999998));
#5218 = SURFACE_CURVE('',#5219,(#5222,#5228),.PCURVE_S1.);
#5219 = B_SPLINE_CURVE_WITH_KNOTS('',1,(#5220,#5221),.UNSPECIFIED.,.F.,
  .F.,(2,2),(0.,2.),.PIECEWISE_BEZIER_KNOTS.);
#5220 = CARTESIAN_POINT('',(-63.96978187674,-21.5433878048,2.18E+03));
#5221 = CARTESIAN_POINT('',(-63.9697818768,-21.54338780485,
    179.99999999998));
#5222 = PCURVE('',#5162,#5223);
#5223 = DEFINITIONAL_REPRESENTATION('',(#5224),#5227);
#5224 = B_SPLINE_CURVE_WITH_KNOTS('',1,(#5225,#5226),.UNSPECIFIED.,.F.,
  .F.,(2,2),(0.,2.),.PIECEWISE_BEZIER_KNOTS.);
#5225 = CARTESIAN_POINT('',(617.61406605775,2.212E+03));
#5226 = CARTESIAN_POINT('',(617.61406605783,212.));
#5227 = ( GEOMETRIC_REPRESENTATION_CONTEXT(2) 
PARAMETRIC_REPRESENTATION_CONTEXT() REPRESENTATION_CONTEXT('2D SPACE',''
  ) );
#5228 = PCURVE('',#3732,#5229);
#5229 = DEFINITIONAL_REPRESENTATION('',(#5230),#5233);
#5230 = B_SPLINE_CURVE_WITH_KNOTS('',1,(#5231,#5232),.UNSPECIFIED.,.F.,
  .F.,(2,2),(0.,2.),.PIECEWISE_BEZIER_KNOTS.);
#5231 = CARTESIAN_POINT('',(3.466436825306,999.99999999999));
#5232 = CARTESIAN_POINT('',(3.466436825306,-1.E+03));
#5233 = ( GEOMETRIC_REPRESENTATION_CONTEXT(2) 
PARAMETRIC_REPRESENTATION_CONTEXT() REPRESENTATION_CONTEXT('2D SPACE',''
  ) );
#5234 = ORIENTED_EDGE('',*,*,#5235,.T.);
#5235 = EDGE_CURVE('',#5216,#5149,#5236,.T.);
#5236 = SURFACE_CURVE('',#5237,(#5240,#5246),.PCURVE_S1.);
#5237 = B_SPLINE_CURVE_WITH_KNOTS('',1,(#5238,#5239),.UNSPECIFIED.,.F.,
  .F.,(2,2),(0.,1.19181358085E-02),.PIECEWISE_BEZIER_KNOTS.);
#5238 = CARTESIAN_POINT('',(-63.9697818768,-21.54338780485,
    179.99999999998));
#5239 = CARTESIAN_POINT('',(-69.99999999999,-31.82338929009,
    179.99999999998));
#5240 = PCURVE('',#5162,#5241);
#5241 = DEFINITIONAL_REPRESENTATION('',(#5242),#5245);
#5242 = B_SPLINE_CURVE_WITH_KNOTS('',1,(#5243,#5244),.UNSPECIFIED.,.F.,
  .F.,(2,2),(0.,1.19181358085E-02),.PIECEWISE_BEZIER_KNOTS.);
#5243 = CARTESIAN_POINT('',(617.61406605783,212.));
#5244 = CARTESIAN_POINT('',(629.53220186633,212.));
#5245 = ( GEOMETRIC_REPRESENTATION_CONTEXT(2) 
PARAMETRIC_REPRESENTATION_CONTEXT() REPRESENTATION_CONTEXT('2D SPACE',''
  ) );
#5246 = PCURVE('',#3709,#5247);
#5247 = DEFINITIONAL_REPRESENTATION('',(#5248),#5251);
#5248 = B_SPLINE_CURVE_WITH_KNOTS('',1,(#5249,#5250),.UNSPECIFIED.,.F.,
  .F.,(2,2),(0.,1.19181358085E-02),.PIECEWISE_BEZIER_KNOTS.);
#5249 = CARTESIAN_POINT('',(761.41641929924,675.9032624168));
#5250 = CARTESIAN_POINT('',(767.44663742243,665.62326093156));
#5251 = ( GEOMETRIC_REPRESENTATION_CONTEXT(2) 
PARAMETRIC_REPRESENTATION_CONTEXT() REPRESENTATION_CONTEXT('2D SPACE',''
  ) );
#5252 = ORIENTED_EDGE('',*,*,#5148,.F.);
#5253 = ADVANCED_FACE('',(#5254),#3732,.T.);
#5254 = FACE_BOUND('',#5255,.T.);
#5255 = EDGE_LOOP('',(#5256,#5281,#5282,#5307));
#5256 = ORIENTED_EDGE('',*,*,#5257,.T.);
#5257 = EDGE_CURVE('',#5196,#3639,#5258,.T.);
#5258 = SURFACE_CURVE('',#5259,(#5264,#5270),.PCURVE_S1.);
#5259 = CIRCLE('',#5260,67.500000000004);
#5260 = AXIS2_PLACEMENT_3D('',#5261,#5262,#5263);
#5261 = CARTESIAN_POINT('',(7.294660890079E-11,-1.279918178613E-05,
    2.18E+03));
#5262 = DIRECTION('',(-3.223700400528E-12,-1.162720768635E-13,-1.));
#5263 = DIRECTION('',(-0.947700472249,-0.319161111194,3.092211917223E-12
    ));
#5264 = PCURVE('',#3732,#5265);
#5265 = DEFINITIONAL_REPRESENTATION('',(#5266),#5269);
#5266 = B_SPLINE_CURVE_WITH_KNOTS('',1,(#5267,#5268),.UNSPECIFIED.,.F.,
  .F.,(2,2),(-0.,0.648061622042),.PIECEWISE_BEZIER_KNOTS.);
#5267 = CARTESIAN_POINT('',(3.466436825306,999.99999999999));
#5268 = CARTESIAN_POINT('',(2.818375203264,999.99999999999));
#5269 = ( GEOMETRIC_REPRESENTATION_CONTEXT(2) 
PARAMETRIC_REPRESENTATION_CONTEXT() REPRESENTATION_CONTEXT('2D SPACE',''
  ) );
#5270 = PCURVE('',#3659,#5271);
#5271 = DEFINITIONAL_REPRESENTATION('',(#5272),#5280);
#5272 = ( BOUNDED_CURVE() B_SPLINE_CURVE(2,(#5273,#5274,#5275,#5276,
#5277,#5278,#5279),.UNSPECIFIED.,.T.,.F.) B_SPLINE_CURVE_WITH_KNOTS((1,2
    ,2,2,2,1),(-2.094395102393,0.,2.094395102393,4.188790204786,
6.28318530718,8.377580409573),.UNSPECIFIED.) CURVE() 
GEOMETRIC_REPRESENTATION_ITEM() RATIONAL_B_SPLINE_CURVE((1.,0.5,1.,0.5,
1.,0.5,1.)) REPRESENTATION_ITEM('') );
#5273 = CARTESIAN_POINT('',(17.235749308546,-102.7489061909));
#5274 = CARTESIAN_POINT('',(-20.0784707677,8.050006168766));
#5275 = CARTESIAN_POINT('',(94.533312085649,-15.03438750267));
#5276 = CARTESIAN_POINT('',(209.14509493899,-38.11878117411));
#5277 = CARTESIAN_POINT('',(131.84753216189,-125.8332998624));
#5278 = CARTESIAN_POINT('',(54.549969384793,-213.5478185507));
#5279 = CARTESIAN_POINT('',(17.235749308546,-102.7489061909));
#5280 = ( GEOMETRIC_REPRESENTATION_CONTEXT(2) 
PARAMETRIC_REPRESENTATION_CONTEXT() REPRESENTATION_CONTEXT('2D SPACE',''
  ) );
#5281 = ORIENTED_EDGE('',*,*,#3720,.F.);
#5282 = ORIENTED_EDGE('',*,*,#5283,.T.);
#5283 = EDGE_CURVE('',#3696,#5216,#5284,.T.);
#5284 = SURFACE_CURVE('',#5285,(#5290,#5296),.PCURVE_S1.);
#5285 = CIRCLE('',#5286,67.50000000002);
#5286 = AXIS2_PLACEMENT_3D('',#5287,#5288,#5289);
#5287 = CARTESIAN_POINT('',(2.68748030004E-11,-1.279923336239E-05,
    180.00000000001));
#5288 = DIRECTION('',(-3.99023903571E-13,3.211884613846E-16,1.));
#5289 = DIRECTION('',(-0.948218404314,0.317619044959,-3.784638246995E-13
    ));
#5290 = PCURVE('',#3732,#5291);
#5291 = DEFINITIONAL_REPRESENTATION('',(#5292),#5295);
#5292 = B_SPLINE_CURVE_WITH_KNOTS('',1,(#5293,#5294),.UNSPECIFIED.,.F.,
  .F.,(2,2),(0.,0.648061622042),.PIECEWISE_BEZIER_KNOTS.);
#5293 = CARTESIAN_POINT('',(2.818375203264,-1.E+03));
#5294 = CARTESIAN_POINT('',(3.466436825306,-1.E+03));
#5295 = ( GEOMETRIC_REPRESENTATION_CONTEXT(2) 
PARAMETRIC_REPRESENTATION_CONTEXT() REPRESENTATION_CONTEXT('2D SPACE',''
  ) );
#5296 = PCURVE('',#3709,#5297);
#5297 = DEFINITIONAL_REPRESENTATION('',(#5298),#5306);
#5298 = ( BOUNDED_CURVE() B_SPLINE_CURVE(2,(#5299,#5300,#5301,#5302,
#5303,#5304,#5305),.UNSPECIFIED.,.T.,.F.) B_SPLINE_CURVE_WITH_KNOTS((1,2
    ,2,2,2,1),(-2.094395102393,0.,2.094395102393,4.188790204786,
6.28318530718,8.377580409573),.UNSPECIFIED.) CURVE() 
GEOMETRIC_REPRESENTATION_ITEM() RATIONAL_B_SPLINE_CURVE((1.,0.5,1.,0.5,
1.,0.5,1.)) REPRESENTATION_ITEM('') );
#5299 = CARTESIAN_POINT('',(761.45137971361,718.88592295716));
#5300 = CARTESIAN_POINT('',(798.58531153774,608.02645738345));
#5301 = CARTESIAN_POINT('',(684.01123218887,631.2972618682));
#5302 = CARTESIAN_POINT('',(569.43715284001,654.56806635296));
#5303 = CARTESIAN_POINT('',(646.87730036474,742.15672744191));
#5304 = CARTESIAN_POINT('',(724.31744788948,829.74538853087));
#5305 = CARTESIAN_POINT('',(761.45137971361,718.88592295716));
#5306 = ( GEOMETRIC_REPRESENTATION_CONTEXT(2) 
PARAMETRIC_REPRESENTATION_CONTEXT() REPRESENTATION_CONTEXT('2D SPACE',''
  ) );
#5307 = ORIENTED_EDGE('',*,*,#5215,.F.);
#5308 = ADVANCED_FACE('',(#5309),#3709,.T.);
#5309 = FACE_BOUND('',#5310,.T.);
#5310 = EDGE_LOOP('',(#5311,#5312,#5313,#5314,#5315,#5316,#5317,#5318,
    #5319,#5320,#5321,#5322,#5323,#5324,#5325,#5326,#5327,#5328,#5329,
    #5330,#5331,#5332,#5333,#5334));
#5311 = ORIENTED_EDGE('',*,*,#4408,.F.);
#5312 = ORIENTED_EDGE('',*,*,#4482,.F.);
#5313 = ORIENTED_EDGE('',*,*,#4556,.F.);
#5314 = ORIENTED_EDGE('',*,*,#4623,.F.);
#5315 = ORIENTED_EDGE('',*,*,#4690,.F.);
#5316 = ORIENTED_EDGE('',*,*,#4757,.F.);
#5317 = ORIENTED_EDGE('',*,*,#4824,.F.);
#5318 = ORIENTED_EDGE('',*,*,#4898,.F.);
#5319 = ORIENTED_EDGE('',*,*,#4972,.F.);
#5320 = ORIENTED_EDGE('',*,*,#5039,.F.);
#5321 = ORIENTED_EDGE('',*,*,#5106,.F.);
#5322 = ORIENTED_EDGE('',*,*,#5173,.F.);
#5323 = ORIENTED_EDGE('',*,*,#5235,.F.);
#5324 = ORIENTED_EDGE('',*,*,#5283,.F.);
#5325 = ORIENTED_EDGE('',*,*,#3695,.F.);
#5326 = ORIENTED_EDGE('',*,*,#3791,.F.);
#5327 = ORIENTED_EDGE('',*,*,#3858,.F.);
#5328 = ORIENTED_EDGE('',*,*,#3925,.F.);
#5329 = ORIENTED_EDGE('',*,*,#3992,.F.);
#5330 = ORIENTED_EDGE('',*,*,#4066,.F.);
#5331 = ORIENTED_EDGE('',*,*,#4140,.F.);
#5332 = ORIENTED_EDGE('',*,*,#4207,.F.);
#5333 = ORIENTED_EDGE('',*,*,#4274,.F.);
#5334 = ORIENTED_EDGE('',*,*,#4341,.F.);
#5335 = ADVANCED_FACE('',(#5336),#3659,.T.);
#5336 = FACE_BOUND('',#5337,.T.);
#5337 = EDGE_LOOP('',(#5338,#5339,#5340,#5341,#5342,#5343,#5344,#5345,
    #5346,#5347,#5348,#5349,#5350,#5351,#5352,#5353,#5354,#5355,#5356,
    #5357,#5358,#5359,#5360,#5361));
#5338 = ORIENTED_EDGE('',*,*,#5257,.F.);
#5339 = ORIENTED_EDGE('',*,*,#5195,.F.);
#5340 = ORIENTED_EDGE('',*,*,#5128,.F.);
#5341 = ORIENTED_EDGE('',*,*,#5061,.F.);
#5342 = ORIENTED_EDGE('',*,*,#4994,.F.);
#5343 = ORIENTED_EDGE('',*,*,#4927,.F.);
#5344 = ORIENTED_EDGE('',*,*,#4846,.F.);
#5345 = ORIENTED_EDGE('',*,*,#4779,.F.);
#5346 = ORIENTED_EDGE('',*,*,#4712,.F.);
#5347 = ORIENTED_EDGE('',*,*,#4645,.F.);
#5348 = ORIENTED_EDGE('',*,*,#4578,.F.);
#5349 = ORIENTED_EDGE('',*,*,#4511,.F.);
#5350 = ORIENTED_EDGE('',*,*,#4430,.F.);
#5351 = ORIENTED_EDGE('',*,*,#4363,.F.);
#5352 = ORIENTED_EDGE('',*,*,#4296,.F.);
#5353 = ORIENTED_EDGE('',*,*,#4229,.F.);
#5354 = ORIENTED_EDGE('',*,*,#4162,.F.);
#5355 = ORIENTED_EDGE('',*,*,#4095,.F.);
#5356 = ORIENTED_EDGE('',*,*,#4014,.F.);
#5357 = ORIENTED_EDGE('',*,*,#3947,.F.);
#5358 = ORIENTED_EDGE('',*,*,#3880,.F.);
#5359 = ORIENTED_EDGE('',*,*,#3813,.F.);
#5360 = ORIENTED_EDGE('',*,*,#3746,.F.);
#5361 = ORIENTED_EDGE('',*,*,#3638,.F.);
#5362 = ( GEOMETRIC_REPRESENTATION_CONTEXT(3) 
GLOBAL_UNCERTAINTY_ASSIGNED_CONTEXT((#5366)) 
GLOBAL_UNIT_ASSIGNED_CONTEXT((#5363,#5364,#5365)) REPRESENTATION_CONTEXT
('Context #1','3D Context with UNIT and UNCERTAINTY') );
#5363 = ( LENGTH_UNIT() NAMED_UNIT(*) SI_UNIT(.MILLI.,.METRE.) );
#5364 = ( NAMED_UNIT(*) PLANE_ANGLE_UNIT() SI_UNIT($,.RADIAN.) );
#5365 = ( NAMED_UNIT(*) SI_UNIT($,.STERADIAN.) SOLID_ANGLE_UNIT() );
#5366 = UNCERTAINTY_MEASURE_WITH_UNIT(LENGTH_MEASURE(1.E-04),#5363,
  'distance_accuracy_value','confusion accuracy');
#5367 = CONTEXT_DEPENDENT_SHAPE_REPRESENTATION(#5368,#5370);
#5368 = ( REPRESENTATION_RELATIONSHIP('','',#3631,#10) 
REPRESENTATION_RELATIONSHIP_WITH_TRANSFORMATION(#5369) 
SHAPE_REPRESENTATION_RELATIONSHIP() );
#5369 = ITEM_DEFINED_TRANSFORMATION('','',#11,#23);
#5370 = PRODUCT_DEFINITION_SHAPE('Placement','Placement of an item',
  #5371);
#5371 = NEXT_ASSEMBLY_USAGE_OCCURRENCE('58','','',#5,#3626,$);
#5372 = PRODUCT_RELATED_PRODUCT_CATEGORY('part',$,(#3628));
#5373 = SHAPE_DEFINITION_REPRESENTATION(#5374,#5380);
#5374 = PRODUCT_DEFINITION_SHAPE('','',#5375);
#5375 = PRODUCT_DEFINITION('design','',#5376,#5379);
#5376 = PRODUCT_DEFINITION_FORMATION('','',#5377);
#5377 = PRODUCT('OCCBrep 6.4','OCCBrep 6.4','',(#5378));
#5378 = PRODUCT_CONTEXT('',#2,'mechanical');
#5379 = PRODUCT_DEFINITION_CONTEXT('part definition',#2,'design');
#5380 = ADVANCED_BREP_SHAPE_REPRESENTATION('',(#11,#5381),#5627);
#5381 = MANIFOLD_SOLID_BREP('',#5382);
#5382 = CLOSED_SHELL('',(#5383,#5470,#5610,#5617,#5621));
#5383 = ADVANCED_FACE('',(#5384),#5397,.F.);
#5384 = FACE_BOUND('',#5385,.F.);
#5385 = EDGE_LOOP('',(#5386,#5423,#5443,#5469));
#5386 = ORIENTED_EDGE('',*,*,#5387,.T.);
#5387 = EDGE_CURVE('',#5388,#5388,#5390,.T.);
#5388 = VERTEX_POINT('',#5389);
#5389 = CARTESIAN_POINT('',(-43.47699999999,-1.834393168962E-05,
    270.99999999998));
#5390 = SURFACE_CURVE('',#5391,(#5396,#5407),.PCURVE_S1.);
#5391 = CIRCLE('',#5392,43.477);
#5392 = AXIS2_PLACEMENT_3D('',#5393,#5394,#5395);
#5393 = CARTESIAN_POINT('',(8.880835846109E-12,-1.834393080462E-05,
    270.99999999998));
#5394 = DIRECTION('',(-3.064304412793E-14,-6.767005578252E-14,-1.));
#5395 = DIRECTION('',(-1.,-2.035550541259E-14,3.064304412793E-14));
#5396 = PCURVE('',#5397,#5402);
#5397 = CYLINDRICAL_SURFACE('',#5398,43.477);
#5398 = AXIS2_PLACEMENT_3D('',#5399,#5400,#5401);
#5399 = CARTESIAN_POINT('',(7.097308566654E-12,-1.834393303955E-05,
    225.50000266625));
#5400 = DIRECTION('',(-5.745570773988E-14,-2.93662506226E-14,-1.));
#5401 = DIRECTION('',(-1.,0.,5.745570773988E-14));
#5402 = DEFINITIONAL_REPRESENTATION('',(#5403),#5406);
#5403 = B_SPLINE_CURVE_WITH_KNOTS('',1,(#5404,#5405),.UNSPECIFIED.,.F.,
  .F.,(2,2),(0.,6.28318530718),.PIECEWISE_BEZIER_KNOTS.);
#5404 = CARTESIAN_POINT('',(0.,-45.49999733373));
#5405 = CARTESIAN_POINT('',(6.28318530718,-45.49999733373));
#5406 = ( GEOMETRIC_REPRESENTATION_CONTEXT(2) 
PARAMETRIC_REPRESENTATION_CONTEXT() REPRESENTATION_CONTEXT('2D SPACE',''
  ) );
#5407 = PCURVE('',#5408,#5413);
#5408 = PLANE('',#5409);
#5409 = AXIS2_PLACEMENT_3D('',#5410,#5411,#5412);
#5410 = CARTESIAN_POINT('',(-670.1711999999,-670.1712183439,
    270.99999999998));
#5411 = DIRECTION('',(0.,0.,1.));
#5412 = DIRECTION('',(1.,0.,0.));
#5413 = DEFINITIONAL_REPRESENTATION('',(#5414),#5422);
#5414 = ( BOUNDED_CURVE() B_SPLINE_CURVE(2,(#5415,#5416,#5417,#5418,
#5419,#5420,#5421),.UNSPECIFIED.,.T.,.F.) B_SPLINE_CURVE_WITH_KNOTS((1,2
    ,2,2,2,1),(-2.094395102393,0.,2.094395102393,4.188790204786,
6.28318530718,8.377580409573),.UNSPECIFIED.) CURVE() 
GEOMETRIC_REPRESENTATION_ITEM() RATIONAL_B_SPLINE_CURVE((1.,0.5,1.,0.5,
1.,0.5,1.)) REPRESENTATION_ITEM('') );
#5415 = CARTESIAN_POINT('',(626.6942,670.1712));
#5416 = CARTESIAN_POINT('',(626.6942,745.47557296067));
#5417 = CARTESIAN_POINT('',(691.9097,707.82338648034));
#5418 = CARTESIAN_POINT('',(757.1252,670.1712));
#5419 = CARTESIAN_POINT('',(691.9097,632.51901351966));
#5420 = CARTESIAN_POINT('',(626.6942,594.86682703933));
#5421 = CARTESIAN_POINT('',(626.6942,670.1712));
#5422 = ( GEOMETRIC_REPRESENTATION_CONTEXT(2) 
PARAMETRIC_REPRESENTATION_CONTEXT() REPRESENTATION_CONTEXT('2D SPACE',''
  ) );
#5423 = ORIENTED_EDGE('',*,*,#5424,.T.);
#5424 = EDGE_CURVE('',#5388,#5425,#5427,.T.);
#5425 = VERTEX_POINT('',#5426);
#5426 = CARTESIAN_POINT('',(-43.47699999999,-1.834393702563E-05,
    180.00000533252));
#5427 = SEAM_CURVE('',#5428,(#5431,#5437),.PCURVE_S1.);
#5428 = B_SPLINE_CURVE_WITH_KNOTS('',1,(#5429,#5430),.UNSPECIFIED.,.F.,
  .F.,(2,2),(2.109999946676E-02,0.112099994134),
  .PIECEWISE_BEZIER_KNOTS.);
#5429 = CARTESIAN_POINT('',(-43.47699999999,-1.834393168962E-05,
    270.99999999998));
#5430 = CARTESIAN_POINT('',(-43.47699999999,-1.834393702563E-05,
    180.00000533252));
#5431 = PCURVE('',#5397,#5432);
#5432 = DEFINITIONAL_REPRESENTATION('',(#5433),#5436);
#5433 = B_SPLINE_CURVE_WITH_KNOTS('',1,(#5434,#5435),.UNSPECIFIED.,.F.,
  .F.,(2,2),(2.109999946676E-02,0.112099994134),
  .PIECEWISE_BEZIER_KNOTS.);
#5434 = CARTESIAN_POINT('',(6.28318530718,-45.49999733372));
#5435 = CARTESIAN_POINT('',(6.28318530718,45.499997333732));
#5436 = ( GEOMETRIC_REPRESENTATION_CONTEXT(2) 
PARAMETRIC_REPRESENTATION_CONTEXT() REPRESENTATION_CONTEXT('2D SPACE',''
  ) );
#5437 = PCURVE('',#5397,#5438);
#5438 = DEFINITIONAL_REPRESENTATION('',(#5439),#5442);
#5439 = B_SPLINE_CURVE_WITH_KNOTS('',1,(#5440,#5441),.UNSPECIFIED.,.F.,
  .F.,(2,2),(2.109999946676E-02,0.112099994134),
  .PIECEWISE_BEZIER_KNOTS.);
#5440 = CARTESIAN_POINT('',(0.,-45.49999733372));
#5441 = CARTESIAN_POINT('',(0.,45.499997333732));
#5442 = ( GEOMETRIC_REPRESENTATION_CONTEXT(2) 
PARAMETRIC_REPRESENTATION_CONTEXT() REPRESENTATION_CONTEXT('2D SPACE',''
  ) );
#5443 = ORIENTED_EDGE('',*,*,#5444,.T.);
#5444 = EDGE_CURVE('',#5425,#5425,#5445,.T.);
#5445 = SURFACE_CURVE('',#5446,(#5451,#5457),.PCURVE_S1.);
#5446 = CIRCLE('',#5447,43.476999999999);
#5447 = AXIS2_PLACEMENT_3D('',#5448,#5449,#5450);
#5448 = CARTESIAN_POINT('',(5.77499710486E-12,-1.834393657226E-05,
    180.00000533252));
#5449 = DIRECTION('',(3.12814408806E-14,2.170548959062E-14,1.));
#5450 = DIRECTION('',(-1.,-1.042780055661E-14,3.12814408806E-14));
#5451 = PCURVE('',#5397,#5452);
#5452 = DEFINITIONAL_REPRESENTATION('',(#5453),#5456);
#5453 = B_SPLINE_CURVE_WITH_KNOTS('',1,(#5454,#5455),.UNSPECIFIED.,.F.,
  .F.,(2,2),(0.,6.28318530718),.PIECEWISE_BEZIER_KNOTS.);
#5454 = CARTESIAN_POINT('',(6.28318530718,45.499997333732));
#5455 = CARTESIAN_POINT('',(0.,45.499997333732));
#5456 = ( GEOMETRIC_REPRESENTATION_CONTEXT(2) 
PARAMETRIC_REPRESENTATION_CONTEXT() REPRESENTATION_CONTEXT('2D SPACE',''
  ) );
#5457 = PCURVE('',#5458,#5463);
#5458 = PLANE('',#5459);
#5459 = AXIS2_PLACEMENT_3D('',#5460,#5461,#5462);
#5460 = CARTESIAN_POINT('',(-664.1723999999,-664.1724183439,
    180.00000533252));
#5461 = DIRECTION('',(0.,0.,1.));
#5462 = DIRECTION('',(1.,0.,0.));
#5463 = DEFINITIONAL_REPRESENTATION('',(#5464),#5468);
#5464 = CIRCLE('',#5465,43.476999999999);
#5465 = AXIS2_PLACEMENT_2D('',#5466,#5467);
#5466 = CARTESIAN_POINT('',(664.1724,664.1724));
#5467 = DIRECTION('',(-1.,-1.042780055661E-14));
#5468 = ( GEOMETRIC_REPRESENTATION_CONTEXT(2) 
PARAMETRIC_REPRESENTATION_CONTEXT() REPRESENTATION_CONTEXT('2D SPACE',''
  ) );
#5469 = ORIENTED_EDGE('',*,*,#5424,.F.);
#5470 = ADVANCED_FACE('',(#5471),#5484,.T.);
#5471 = FACE_BOUND('',#5472,.T.);
#5472 = EDGE_LOOP('',(#5473,#5505,#5525,#5557,#5584,#5609));
#5473 = ORIENTED_EDGE('',*,*,#5474,.T.);
#5474 = EDGE_CURVE('',#5475,#5475,#5477,.T.);
#5475 = VERTEX_POINT('',#5476);
#5476 = CARTESIAN_POINT('',(-48.47599999999,-1.834393352496E-05,
    270.99999999998));
#5477 = SURFACE_CURVE('',#5478,(#5483,#5494),.PCURVE_S1.);
#5478 = CIRCLE('',#5479,48.476000000001);
#5479 = AXIS2_PLACEMENT_3D('',#5480,#5481,#5482);
#5480 = CARTESIAN_POINT('',(9.776279495075E-12,-1.834393175649E-05,
    270.99999999998));
#5481 = DIRECTION('',(-3.206354143236E-14,-2.290252959456E-15,-1.));
#5482 = DIRECTION('',(-1.,-3.648125255522E-14,3.206354143236E-14));
#5483 = PCURVE('',#5484,#5489);
#5484 = CYLINDRICAL_SURFACE('',#5485,48.476);
#5485 = AXIS2_PLACEMENT_3D('',#5486,#5487,#5488);
#5486 = CARTESIAN_POINT('',(8.002565000294E-12,-1.834393303955E-05,
    225.50000266625));
#5487 = DIRECTION('',(-3.549892087154E-14,-2.061227663509E-14,-1.));
#5488 = DIRECTION('',(-1.,0.,3.549892087154E-14));
#5489 = DEFINITIONAL_REPRESENTATION('',(#5490),#5493);
#5490 = B_SPLINE_CURVE_WITH_KNOTS('',1,(#5491,#5492),.UNSPECIFIED.,.F.,
  .F.,(2,2),(0.,6.28318530718),.PIECEWISE_BEZIER_KNOTS.);
#5491 = CARTESIAN_POINT('',(0.,-45.49999733373));
#5492 = CARTESIAN_POINT('',(6.28318530718,-45.49999733373));
#5493 = ( GEOMETRIC_REPRESENTATION_CONTEXT(2) 
PARAMETRIC_REPRESENTATION_CONTEXT() REPRESENTATION_CONTEXT('2D SPACE',''
  ) );
#5494 = PCURVE('',#5408,#5495);
#5495 = DEFINITIONAL_REPRESENTATION('',(#5496),#5504);
#5496 = ( BOUNDED_CURVE() B_SPLINE_CURVE(2,(#5497,#5498,#5499,#5500,
#5501,#5502,#5503),.UNSPECIFIED.,.T.,.F.) B_SPLINE_CURVE_WITH_KNOTS((1,2
    ,2,2,2,1),(-2.094395102393,0.,2.094395102393,4.188790204786,
6.28318530718,8.377580409573),.UNSPECIFIED.) CURVE() 
GEOMETRIC_REPRESENTATION_ITEM() RATIONAL_B_SPLINE_CURVE((1.,0.5,1.,0.5,
1.,0.5,1.)) REPRESENTATION_ITEM('') );
#5497 = CARTESIAN_POINT('',(621.6952,670.1712));
#5498 = CARTESIAN_POINT('',(621.69519999999,754.13409494771));
#5499 = CARTESIAN_POINT('',(694.4092,712.15264747385));
#5500 = CARTESIAN_POINT('',(767.1232,670.1712));
#5501 = CARTESIAN_POINT('',(694.4092,628.18975252614));
#5502 = CARTESIAN_POINT('',(621.6952,586.20830505229));
#5503 = CARTESIAN_POINT('',(621.6952,670.1712));
#5504 = ( GEOMETRIC_REPRESENTATION_CONTEXT(2) 
PARAMETRIC_REPRESENTATION_CONTEXT() REPRESENTATION_CONTEXT('2D SPACE',''
  ) );
#5505 = ORIENTED_EDGE('',*,*,#5506,.T.);
#5506 = EDGE_CURVE('',#5475,#5507,#5509,.T.);
#5507 = VERTEX_POINT('',#5508);
#5508 = CARTESIAN_POINT('',(-48.47599999999,-1.834393433334E-05,
    180.00000533252));
#5509 = SEAM_CURVE('',#5510,(#5513,#5519),.PCURVE_S1.);
#5510 = B_SPLINE_CURVE_WITH_KNOTS('',1,(#5511,#5512),.UNSPECIFIED.,.F.,
  .F.,(2,2),(2.109999946675E-02,0.112099994134),
  .PIECEWISE_BEZIER_KNOTS.);
#5511 = CARTESIAN_POINT('',(-48.47599999999,-1.834393352496E-05,
    270.99999999998));
#5512 = CARTESIAN_POINT('',(-48.47599999999,-1.834393433334E-05,
    180.00000533252));
#5513 = PCURVE('',#5484,#5514);
#5514 = DEFINITIONAL_REPRESENTATION('',(#5515),#5518);
#5515 = B_SPLINE_CURVE_WITH_KNOTS('',1,(#5516,#5517),.UNSPECIFIED.,.F.,
  .F.,(2,2),(2.109999946675E-02,0.112099994134),
  .PIECEWISE_BEZIER_KNOTS.);
#5516 = CARTESIAN_POINT('',(6.28318530718,-45.49999733373));
#5517 = CARTESIAN_POINT('',(6.28318530718,45.499997333731));
#5518 = ( GEOMETRIC_REPRESENTATION_CONTEXT(2) 
PARAMETRIC_REPRESENTATION_CONTEXT() REPRESENTATION_CONTEXT('2D SPACE',''
  ) );
#5519 = PCURVE('',#5484,#5520);
#5520 = DEFINITIONAL_REPRESENTATION('',(#5521),#5524);
#5521 = B_SPLINE_CURVE_WITH_KNOTS('',1,(#5522,#5523),.UNSPECIFIED.,.F.,
  .F.,(2,2),(2.109999946675E-02,0.112099994134),
  .PIECEWISE_BEZIER_KNOTS.);
#5522 = CARTESIAN_POINT('',(0.,-45.49999733373));
#5523 = CARTESIAN_POINT('',(0.,45.499997333731));
#5524 = ( GEOMETRIC_REPRESENTATION_CONTEXT(2) 
PARAMETRIC_REPRESENTATION_CONTEXT() REPRESENTATION_CONTEXT('2D SPACE',''
  ) );
#5525 = ORIENTED_EDGE('',*,*,#5526,.T.);
#5526 = EDGE_CURVE('',#5507,#5527,#5529,.T.);
#5527 = VERTEX_POINT('',#5528);
#5528 = CARTESIAN_POINT('',(7.126955026138E-12,-48.47601834393,
    180.00000533252));
#5529 = SURFACE_CURVE('',#5530,(#5535,#5541),.PCURVE_S1.);
#5530 = CIRCLE('',#5531,48.476);
#5531 = AXIS2_PLACEMENT_3D('',#5532,#5533,#5534);
#5532 = CARTESIAN_POINT('',(6.22820397235E-12,-1.834393342953E-05,
    180.00000533252));
#5533 = DIRECTION('',(2.052595837802E-14,8.50213034088E-15,1.));
#5534 = DIRECTION('',(-1.,-1.857282587484E-14,2.052595837802E-14));
#5535 = PCURVE('',#5484,#5536);
#5536 = DEFINITIONAL_REPRESENTATION('',(#5537),#5540);
#5537 = B_SPLINE_CURVE_WITH_KNOTS('',1,(#5538,#5539),.UNSPECIFIED.,.F.,
  .F.,(2,2),(-0.,1.570796326795),.PIECEWISE_BEZIER_KNOTS.);
#5538 = CARTESIAN_POINT('',(6.28318530718,45.499997333731));
#5539 = CARTESIAN_POINT('',(4.712388980385,45.499997333731));
#5540 = ( GEOMETRIC_REPRESENTATION_CONTEXT(2) 
PARAMETRIC_REPRESENTATION_CONTEXT() REPRESENTATION_CONTEXT('2D SPACE',''
  ) );
#5541 = PCURVE('',#5542,#5547);
#5542 = PLANE('',#5543);
#5543 = AXIS2_PLACEMENT_3D('',#5544,#5545,#5546);
#5544 = CARTESIAN_POINT('',(-58.47599999999,-58.47601834393,
    180.00000533252));
#5545 = DIRECTION('',(0.,0.,-1.));
#5546 = DIRECTION('',(-1.,0.,0.));
#5547 = DEFINITIONAL_REPRESENTATION('',(#5548),#5556);
#5548 = ( BOUNDED_CURVE() B_SPLINE_CURVE(2,(#5549,#5550,#5551,#5552,
#5553,#5554,#5555),.UNSPECIFIED.,.T.,.F.) B_SPLINE_CURVE_WITH_KNOTS((1,2
    ,2,2,2,1),(-2.094395102393,0.,2.094395102393,4.188790204786,
6.28318530718,8.377580409573),.UNSPECIFIED.) CURVE() 
GEOMETRIC_REPRESENTATION_ITEM() RATIONAL_B_SPLINE_CURVE((1.,0.5,1.,0.5,
1.,0.5,1.)) REPRESENTATION_ITEM('') );
#5549 = CARTESIAN_POINT('',(-10.,58.476));
#5550 = CARTESIAN_POINT('',(-10.,-25.4868949477));
#5551 = CARTESIAN_POINT('',(-82.714,16.494552526147));
#5552 = CARTESIAN_POINT('',(-155.428,58.476000000003));
#5553 = CARTESIAN_POINT('',(-82.714,100.45744747385));
#5554 = CARTESIAN_POINT('',(-9.999999999999,142.4388949477));
#5555 = CARTESIAN_POINT('',(-10.,58.476));
#5556 = ( GEOMETRIC_REPRESENTATION_CONTEXT(2) 
PARAMETRIC_REPRESENTATION_CONTEXT() REPRESENTATION_CONTEXT('2D SPACE',''
  ) );
#5557 = ORIENTED_EDGE('',*,*,#5558,.T.);
#5558 = EDGE_CURVE('',#5527,#5559,#5561,.T.);
#5559 = VERTEX_POINT('',#5560);
#5560 = CARTESIAN_POINT('',(5.339478859057E-12,48.475981656066,
    180.00000533252));
#5561 = SURFACE_CURVE('',#5562,(#5567,#5573),.PCURVE_S1.);
#5562 = CIRCLE('',#5563,48.476);
#5563 = AXIS2_PLACEMENT_3D('',#5564,#5565,#5566);
#5564 = CARTESIAN_POINT('',(8.002565337784E-12,-1.834393344189E-05,
    180.00000533252));
#5565 = DIRECTION('',(3.950686355059E-14,1.030613831755E-14,1.));
#5566 = DIRECTION('',(-1.806275913124E-14,-1.,1.030613831755E-14));
#5567 = PCURVE('',#5484,#5568);
#5568 = DEFINITIONAL_REPRESENTATION('',(#5569),#5572);
#5569 = B_SPLINE_CURVE_WITH_KNOTS('',1,(#5570,#5571),.UNSPECIFIED.,.F.,
  .F.,(2,2),(-0.,3.14159265359),.PIECEWISE_BEZIER_KNOTS.);
#5570 = CARTESIAN_POINT('',(4.712388980385,45.499997333731));
#5571 = CARTESIAN_POINT('',(1.570796326795,45.49999733373));
#5572 = ( GEOMETRIC_REPRESENTATION_CONTEXT(2) 
PARAMETRIC_REPRESENTATION_CONTEXT() REPRESENTATION_CONTEXT('2D SPACE',''
  ) );
#5573 = PCURVE('',#5542,#5574);
#5574 = DEFINITIONAL_REPRESENTATION('',(#5575),#5583);
#5575 = ( BOUNDED_CURVE() B_SPLINE_CURVE(2,(#5576,#5577,#5578,#5579,
#5580,#5581,#5582),.UNSPECIFIED.,.T.,.F.) B_SPLINE_CURVE_WITH_KNOTS((1,2
    ,2,2,2,1),(-2.094395102393,0.,2.094395102393,4.188790204786,
6.28318530718,8.377580409573),.UNSPECIFIED.) CURVE() 
GEOMETRIC_REPRESENTATION_ITEM() RATIONAL_B_SPLINE_CURVE((1.,0.5,1.,0.5,
1.,0.5,1.)) REPRESENTATION_ITEM('') );
#5576 = CARTESIAN_POINT('',(-58.476,10.000000000001));
#5577 = CARTESIAN_POINT('',(-142.4388949477,9.999999999999));
#5578 = CARTESIAN_POINT('',(-100.4574474738,82.714));
#5579 = CARTESIAN_POINT('',(-58.476,155.428));
#5580 = CARTESIAN_POINT('',(-16.49455252614,82.714000000002));
#5581 = CARTESIAN_POINT('',(25.486894947707,10.000000000003));
#5582 = CARTESIAN_POINT('',(-58.476,10.000000000001));
#5583 = ( GEOMETRIC_REPRESENTATION_CONTEXT(2) 
PARAMETRIC_REPRESENTATION_CONTEXT() REPRESENTATION_CONTEXT('2D SPACE',''
  ) );
#5584 = ORIENTED_EDGE('',*,*,#5585,.T.);
#5585 = EDGE_CURVE('',#5559,#5507,#5586,.T.);
#5586 = SURFACE_CURVE('',#5587,(#5592,#5598),.PCURVE_S1.);
#5587 = CIRCLE('',#5588,48.476);
#5588 = AXIS2_PLACEMENT_3D('',#5589,#5590,#5591);
#5589 = CARTESIAN_POINT('',(6.204590819493E-12,-1.834393342709E-05,
    180.00000533252));
#5590 = DIRECTION('',(2.213349371202E-14,1.107517420007E-14,1.));
#5591 = DIRECTION('',(-1.784619111387E-14,1.,-1.107517420006E-14));
#5592 = PCURVE('',#5484,#5593);
#5593 = DEFINITIONAL_REPRESENTATION('',(#5594),#5597);
#5594 = B_SPLINE_CURVE_WITH_KNOTS('',1,(#5595,#5596),.UNSPECIFIED.,.F.,
  .F.,(2,2),(0.,1.570796326795),.PIECEWISE_BEZIER_KNOTS.);
#5595 = CARTESIAN_POINT('',(1.570796326795,45.499997333731));
#5596 = CARTESIAN_POINT('',(-2.04281036531E-14,45.499997333732));
#5597 = ( GEOMETRIC_REPRESENTATION_CONTEXT(2) 
PARAMETRIC_REPRESENTATION_CONTEXT() REPRESENTATION_CONTEXT('2D SPACE',''
  ) );
#5598 = PCURVE('',#5542,#5599);
#5599 = DEFINITIONAL_REPRESENTATION('',(#5600),#5608);
#5600 = ( BOUNDED_CURVE() B_SPLINE_CURVE(2,(#5601,#5602,#5603,#5604,
#5605,#5606,#5607),.UNSPECIFIED.,.T.,.F.) B_SPLINE_CURVE_WITH_KNOTS((1,2
    ,2,2,2,1),(-2.094395102393,0.,2.094395102393,4.188790204786,
6.28318530718,8.377580409573),.UNSPECIFIED.) CURVE() 
GEOMETRIC_REPRESENTATION_ITEM() RATIONAL_B_SPLINE_CURVE((1.,0.5,1.,0.5,
1.,0.5,1.)) REPRESENTATION_ITEM('') );
#5601 = CARTESIAN_POINT('',(-58.476,106.952));
#5602 = CARTESIAN_POINT('',(25.486894947709,106.95199999999));
#5603 = CARTESIAN_POINT('',(-16.49455252614,34.238));
#5604 = CARTESIAN_POINT('',(-58.476,-38.47599999999));
#5605 = CARTESIAN_POINT('',(-100.4574474738,34.238000000002));
#5606 = CARTESIAN_POINT('',(-142.4388949477,106.952));
#5607 = CARTESIAN_POINT('',(-58.476,106.952));
#5608 = ( GEOMETRIC_REPRESENTATION_CONTEXT(2) 
PARAMETRIC_REPRESENTATION_CONTEXT() REPRESENTATION_CONTEXT('2D SPACE',''
  ) );
#5609 = ORIENTED_EDGE('',*,*,#5506,.F.);
#5610 = ADVANCED_FACE('',(#5611,#5614),#5408,.T.);
#5611 = FACE_BOUND('',#5612,.T.);
#5612 = EDGE_LOOP('',(#5613));
#5613 = ORIENTED_EDGE('',*,*,#5474,.F.);
#5614 = FACE_BOUND('',#5615,.T.);
#5615 = EDGE_LOOP('',(#5616));
#5616 = ORIENTED_EDGE('',*,*,#5387,.T.);
#5617 = ADVANCED_FACE('',(#5618),#5458,.T.);
#5618 = FACE_BOUND('',#5619,.T.);
#5619 = EDGE_LOOP('',(#5620));
#5620 = ORIENTED_EDGE('',*,*,#5444,.T.);
#5621 = ADVANCED_FACE('',(#5622),#5542,.T.);
#5622 = FACE_BOUND('',#5623,.T.);
#5623 = EDGE_LOOP('',(#5624,#5625,#5626));
#5624 = ORIENTED_EDGE('',*,*,#5585,.F.);
#5625 = ORIENTED_EDGE('',*,*,#5558,.F.);
#5626 = ORIENTED_EDGE('',*,*,#5526,.F.);
#5627 = ( GEOMETRIC_REPRESENTATION_CONTEXT(3) 
GLOBAL_UNCERTAINTY_ASSIGNED_CONTEXT((#5631)) 
GLOBAL_UNIT_ASSIGNED_CONTEXT((#5628,#5629,#5630)) REPRESENTATION_CONTEXT
('Context #1','3D Context with UNIT and UNCERTAINTY') );
#5628 = ( LENGTH_UNIT() NAMED_UNIT(*) SI_UNIT(.MILLI.,.METRE.) );
#5629 = ( NAMED_UNIT(*) PLANE_ANGLE_UNIT() SI_UNIT($,.RADIAN.) );
#5630 = ( NAMED_UNIT(*) SI_UNIT($,.STERADIAN.) SOLID_ANGLE_UNIT() );
#5631 = UNCERTAINTY_MEASURE_WITH_UNIT(LENGTH_MEASURE(1.E-04),#5628,
  'distance_accuracy_value','confusion accuracy');
#5632 = CONTEXT_DEPENDENT_SHAPE_REPRESENTATION(#5633,#5635);
#5633 = ( REPRESENTATION_RELATIONSHIP('','',#5380,#10) 
REPRESENTATION_RELATIONSHIP_WITH_TRANSFORMATION(#5634) 
SHAPE_REPRESENTATION_RELATIONSHIP() );
#5634 = ITEM_DEFINED_TRANSFORMATION('','',#11,#27);
#5635 = PRODUCT_DEFINITION_SHAPE('Placement','Placement of an item',
  #5636);
#5636 = NEXT_ASSEMBLY_USAGE_OCCURRENCE('59','','',#5,#5375,$);
#5637 = PRODUCT_RELATED_PRODUCT_CATEGORY('part',$,(#5377));
#5638 = SHAPE_DEFINITION_REPRESENTATION(#5639,#5645);
#5639 = PRODUCT_DEFINITION_SHAPE('','',#5640);
#5640 = PRODUCT_DEFINITION('design','',#5641,#5644);
#5641 = PRODUCT_DEFINITION_FORMATION('','',#5642);
#5642 = PRODUCT('OCCBrep 6.5','OCCBrep 6.5','',(#5643));
#5643 = PRODUCT_CONTEXT('',#2,'mechanical');
#5644 = PRODUCT_DEFINITION_CONTEXT('part definition',#2,'design');
#5645 = ADVANCED_BREP_SHAPE_REPRESENTATION('',(#11,#5646),#8226);
#5646 = MANIFOLD_SOLID_BREP('',#5647);
#5647 = CLOSED_SHELL('',(#5648,#5786,#5867,#5946,#6027,#6124,#6205,#6284
    ,#6359,#6438,#6519,#6616,#6697,#6776,#6857,#6954,#7035,#7114,#7195,
    #7274,#7355,#7452,#7533,#7612,#7693,#7790,#7871,#7950,#8031,#8105,
    #8160,#8193));
#5648 = ADVANCED_FACE('',(#5649),#5667,.T.);
#5649 = FACE_BOUND('',#5650,.T.);
#5650 = EDGE_LOOP('',(#5651,#5698,#5723,#5763));
#5651 = ORIENTED_EDGE('',*,*,#5652,.T.);
#5652 = EDGE_CURVE('',#5653,#5655,#5657,.T.);
#5653 = VERTEX_POINT('',#5654);
#5654 = CARTESIAN_POINT('',(-33.12922967728,-88.76474004363,
    7.268249630772E+03));
#5655 = VERTEX_POINT('',#5656);
#5656 = CARTESIAN_POINT('',(-57.71875442737,-113.3874432966,
    7.268249630772E+03));
#5657 = SURFACE_CURVE('',#5658,(#5666,#5682),.PCURVE_S1.);
#5658 = B_SPLINE_CURVE_WITH_KNOTS('',3,(#5659,#5660,#5661,#5662,#5663,
    #5664,#5665),.UNSPECIFIED.,.F.,.F.,(4,3,4),(0.,2.543215327061E-02,
    3.479830804679E-02),.UNSPECIFIED.);
#5659 = CARTESIAN_POINT('',(-33.12922967728,-88.76474004363,
    7.268249630772E+03));
#5660 = CARTESIAN_POINT('',(-39.11960293963,-94.76319608182,
    7.268249630772E+03));
#5661 = CARTESIAN_POINT('',(-45.10997620198,-100.76165212,
    7.268249630772E+03));
#5662 = CARTESIAN_POINT('',(-51.10034946433,-106.7601081582,
    7.268249630772E+03));
#5663 = CARTESIAN_POINT('',(-53.30648340005,-108.9692188176,
    7.268249630772E+03));
#5664 = CARTESIAN_POINT('',(-55.51261733576,-111.178329477,
    7.268249630772E+03));
#5665 = CARTESIAN_POINT('',(-57.71875442737,-113.3874432966,
    7.268249630772E+03));
#5666 = PCURVE('',#5667,#5672);
#5667 = PLANE('',#5668);
#5668 = AXIS2_PLACEMENT_3D('',#5669,#5670,#5671);
#5669 = CARTESIAN_POINT('',(-496.1475479516,-552.4078062448,
    6.572668561097E+03));
#5670 = DIRECTION('',(0.70758334629,-0.706629894678,-4.21960929193E-15)
  );
#5671 = DIRECTION('',(0.706629894678,0.70758334629,0.));
#5672 = DEFINITIONAL_REPRESENTATION('',(#5673),#5681);
#5673 = B_SPLINE_CURVE_WITH_KNOTS('',3,(#5674,#5675,#5676,#5677,#5678,
    #5679,#5680),.UNSPECIFIED.,.F.,.F.,(4,3,4),(0.,2.543215327061E-02,
    3.479830804679E-02),.UNSPECIFIED.);
#5674 = CARTESIAN_POINT('',(655.24869774309,695.58106967568));
#5675 = CARTESIAN_POINT('',(646.77131331955,695.58106967568));
#5676 = CARTESIAN_POINT('',(638.29392889601,695.58106967568));
#5677 = CARTESIAN_POINT('',(629.81654447248,695.58106967569));
#5678 = CARTESIAN_POINT('',(626.69449436913,695.58106967569));
#5679 = CARTESIAN_POINT('',(623.57244426577,695.58106967569));
#5680 = CARTESIAN_POINT('',(620.4503896963,695.58106967568));
#5681 = ( GEOMETRIC_REPRESENTATION_CONTEXT(2) 
PARAMETRIC_REPRESENTATION_CONTEXT() REPRESENTATION_CONTEXT('2D SPACE',''
  ) );
#5682 = PCURVE('',#5683,#5688);
#5683 = PLANE('',#5684);
#5684 = AXIS2_PLACEMENT_3D('',#5685,#5686,#5687);
#5685 = CARTESIAN_POINT('',(-727.1658547315,-752.0748756098,
    7.268249630772E+03));
#5686 = DIRECTION('',(0.,0.,1.));
#5687 = DIRECTION('',(1.,0.,0.));
#5688 = DEFINITIONAL_REPRESENTATION('',(#5689),#5697);
#5689 = B_SPLINE_CURVE_WITH_KNOTS('',3,(#5690,#5691,#5692,#5693,#5694,
    #5695,#5696),.UNSPECIFIED.,.F.,.F.,(4,3,4),(0.,2.543215327061E-02,
    3.479830804679E-02),.UNSPECIFIED.);
#5690 = CARTESIAN_POINT('',(694.03662505426,663.31013556621));
#5691 = CARTESIAN_POINT('',(688.0462517919,657.31167952802));
#5692 = CARTESIAN_POINT('',(682.05587852955,651.31322348982));
#5693 = CARTESIAN_POINT('',(676.0655052672,645.31476745163));
#5694 = CARTESIAN_POINT('',(673.85937133149,643.10565679222));
#5695 = CARTESIAN_POINT('',(671.65323739578,640.8965461328));
#5696 = CARTESIAN_POINT('',(669.44710030416,638.68743231323));
#5697 = ( GEOMETRIC_REPRESENTATION_CONTEXT(2) 
PARAMETRIC_REPRESENTATION_CONTEXT() REPRESENTATION_CONTEXT('2D SPACE',''
  ) );
#5698 = ORIENTED_EDGE('',*,*,#5699,.T.);
#5699 = EDGE_CURVE('',#5655,#5700,#5702,.T.);
#5700 = VERTEX_POINT('',#5701);
#5701 = CARTESIAN_POINT('',(-57.71875442737,-113.3874432966,
    7.192266840158E+03));
#5702 = SURFACE_CURVE('',#5703,(#5706,#5712),.PCURVE_S1.);
#5703 = B_SPLINE_CURVE_WITH_KNOTS('',1,(#5704,#5705),.UNSPECIFIED.,.F.,
  .F.,(2,2),(0.,7.598279061425E-02),.PIECEWISE_BEZIER_KNOTS.);
#5704 = CARTESIAN_POINT('',(-57.71875442737,-113.3874432966,
    7.268249630772E+03));
#5705 = CARTESIAN_POINT('',(-57.71875442737,-113.3874432966,
    7.192266840158E+03));
#5706 = PCURVE('',#5667,#5707);
#5707 = DEFINITIONAL_REPRESENTATION('',(#5708),#5711);
#5708 = B_SPLINE_CURVE_WITH_KNOTS('',1,(#5709,#5710),.UNSPECIFIED.,.F.,
  .F.,(2,2),(0.,7.598279061425E-02),.PIECEWISE_BEZIER_KNOTS.);
#5709 = CARTESIAN_POINT('',(620.4503896963,695.58106967568));
#5710 = CARTESIAN_POINT('',(620.45038969629,619.59827906143));
#5711 = ( GEOMETRIC_REPRESENTATION_CONTEXT(2) 
PARAMETRIC_REPRESENTATION_CONTEXT() REPRESENTATION_CONTEXT('2D SPACE',''
  ) );
#5712 = PCURVE('',#5713,#5718);
#5713 = CYLINDRICAL_SURFACE('',#5714,4.998185241224);
#5714 = AXIS2_PLACEMENT_3D('',#5715,#5716,#5717);
#5715 = CARTESIAN_POINT('',(-61.2564254734,-109.8566163006,
    7.230258235465E+03));
#5716 = DIRECTION('',(-1.777001805324E-13,-1.243901263727E-12,1.));
#5717 = DIRECTION('',(0.,1.,1.243901263727E-12));
#5718 = DEFINITIONAL_REPRESENTATION('',(#5719),#5722);
#5719 = B_SPLINE_CURVE_WITH_KNOTS('',1,(#5720,#5721),.UNSPECIFIED.,.F.,
  .F.,(2,2),(0.,7.598279061425E-02),.PIECEWISE_BEZIER_KNOTS.);
#5720 = CARTESIAN_POINT('',(3.927959063412,37.991395307124));
#5721 = CARTESIAN_POINT('',(3.927959063396,-37.99139530712));
#5722 = ( GEOMETRIC_REPRESENTATION_CONTEXT(2) 
PARAMETRIC_REPRESENTATION_CONTEXT() REPRESENTATION_CONTEXT('2D SPACE',''
  ) );
#5723 = ORIENTED_EDGE('',*,*,#5724,.T.);
#5724 = EDGE_CURVE('',#5700,#5725,#5727,.T.);
#5725 = VERTEX_POINT('',#5726);
#5726 = CARTESIAN_POINT('',(-33.12922967728,-88.76474004363,
    7.192266840158E+03));
#5727 = SURFACE_CURVE('',#5728,(#5736,#5747),.PCURVE_S1.);
#5728 = B_SPLINE_CURVE_WITH_KNOTS('',3,(#5729,#5730,#5731,#5732,#5733,
    #5734,#5735),.UNSPECIFIED.,.F.,.F.,(4,3,4),(0.,9.36615477618E-03,
    3.479830804679E-02),.UNSPECIFIED.);
#5729 = CARTESIAN_POINT('',(-57.71875442737,-113.3874432966,
    7.192266840158E+03));
#5730 = CARTESIAN_POINT('',(-55.51261733576,-111.178329477,
    7.192266840158E+03));
#5731 = CARTESIAN_POINT('',(-53.30648340005,-108.9692188176,
    7.192266840158E+03));
#5732 = CARTESIAN_POINT('',(-51.10034946434,-106.7601081582,
    7.192266840158E+03));
#5733 = CARTESIAN_POINT('',(-45.10997620199,-100.76165212,
    7.192266840158E+03));
#5734 = CARTESIAN_POINT('',(-39.11960293963,-94.76319608182,
    7.192266840158E+03));
#5735 = CARTESIAN_POINT('',(-33.12922967728,-88.76474004363,
    7.192266840158E+03));
#5736 = PCURVE('',#5667,#5737);
#5737 = DEFINITIONAL_REPRESENTATION('',(#5738),#5746);
#5738 = B_SPLINE_CURVE_WITH_KNOTS('',3,(#5739,#5740,#5741,#5742,#5743,
    #5744,#5745),.UNSPECIFIED.,.F.,.F.,(4,3,4),(0.,9.36615477618E-03,
    3.479830804679E-02),.UNSPECIFIED.);
#5739 = CARTESIAN_POINT('',(620.45038969629,619.59827906143));
#5740 = CARTESIAN_POINT('',(623.57244426578,619.59827906143));
#5741 = CARTESIAN_POINT('',(626.69449436913,619.59827906143));
#5742 = CARTESIAN_POINT('',(629.81654447247,619.59827906143));
#5743 = CARTESIAN_POINT('',(638.29392889601,619.59827906144));
#5744 = CARTESIAN_POINT('',(646.77131331955,619.59827906144));
#5745 = CARTESIAN_POINT('',(655.24869774309,619.59827906143));
#5746 = ( GEOMETRIC_REPRESENTATION_CONTEXT(2) 
PARAMETRIC_REPRESENTATION_CONTEXT() REPRESENTATION_CONTEXT('2D SPACE',''
  ) );
#5747 = PCURVE('',#5748,#5753);
#5748 = PLANE('',#5749);
#5749 = AXIS2_PLACEMENT_3D('',#5750,#5751,#5752);
#5750 = CARTESIAN_POINT('',(765.34412947254,-752.0748756098,
    7.192266840158E+03));
#5751 = DIRECTION('',(0.,0.,-1.));
#5752 = DIRECTION('',(-1.,0.,0.));
#5753 = DEFINITIONAL_REPRESENTATION('',(#5754),#5762);
#5754 = B_SPLINE_CURVE_WITH_KNOTS('',3,(#5755,#5756,#5757,#5758,#5759,
    #5760,#5761),.UNSPECIFIED.,.F.,.F.,(4,3,4),(0.,9.36615477618E-03,
    3.479830804679E-02),.UNSPECIFIED.);
#5755 = CARTESIAN_POINT('',(823.06288389991,638.68743231323));
#5756 = CARTESIAN_POINT('',(820.8567468083,640.8965461328));
#5757 = CARTESIAN_POINT('',(818.65061287259,643.10565679222));
#5758 = CARTESIAN_POINT('',(816.44447893688,645.31476745163));
#5759 = CARTESIAN_POINT('',(810.45410567453,651.31322348982));
#5760 = CARTESIAN_POINT('',(804.46373241217,657.31167952802));
#5761 = CARTESIAN_POINT('',(798.47335914982,663.31013556621));
#5762 = ( GEOMETRIC_REPRESENTATION_CONTEXT(2) 
PARAMETRIC_REPRESENTATION_CONTEXT() REPRESENTATION_CONTEXT('2D SPACE',''
  ) );
#5763 = ORIENTED_EDGE('',*,*,#5764,.T.);
#5764 = EDGE_CURVE('',#5725,#5653,#5765,.T.);
#5765 = SURFACE_CURVE('',#5766,(#5769,#5775),.PCURVE_S1.);
#5766 = B_SPLINE_CURVE_WITH_KNOTS('',1,(#5767,#5768),.UNSPECIFIED.,.F.,
  .F.,(2,2),(0.,7.598279061425E-02),.PIECEWISE_BEZIER_KNOTS.);
#5767 = CARTESIAN_POINT('',(-33.12922967728,-88.76474004363,
    7.192266840158E+03));
#5768 = CARTESIAN_POINT('',(-33.12922967728,-88.76474004363,
    7.268249630772E+03));
#5769 = PCURVE('',#5667,#5770);
#5770 = DEFINITIONAL_REPRESENTATION('',(#5771),#5774);
#5771 = B_SPLINE_CURVE_WITH_KNOTS('',1,(#5772,#5773),.UNSPECIFIED.,.F.,
  .F.,(2,2),(0.,7.598279061425E-02),.PIECEWISE_BEZIER_KNOTS.);
#5772 = CARTESIAN_POINT('',(655.24869774309,619.59827906143));
#5773 = CARTESIAN_POINT('',(655.24869774309,695.58106967568));
#5774 = ( GEOMETRIC_REPRESENTATION_CONTEXT(2) 
PARAMETRIC_REPRESENTATION_CONTEXT() REPRESENTATION_CONTEXT('2D SPACE',''
  ) );
#5775 = PCURVE('',#5776,#5781);
#5776 = CYLINDRICAL_SURFACE('',#5777,17.896999755833);
#5777 = AXIS2_PLACEMENT_3D('',#5778,#5779,#5780);
#5778 = CARTESIAN_POINT('',(-20.29402766575,-101.2371171059,
    7.230258235465E+03));
#5779 = DIRECTION('',(4.466450179559E-13,-9.429172601292E-13,-1.));
#5780 = DIRECTION('',(0.,-1.,9.429172601292E-13));
#5781 = DEFINITIONAL_REPRESENTATION('',(#5782),#5785);
#5782 = B_SPLINE_CURVE_WITH_KNOTS('',1,(#5783,#5784),.UNSPECIFIED.,.F.,
  .F.,(2,2),(0.,7.598279061425E-02),.PIECEWISE_BEZIER_KNOTS.);
#5783 = CARTESIAN_POINT('',(2.341858860021,37.991395307123));
#5784 = CARTESIAN_POINT('',(2.341858860019,-37.99139530712));
#5785 = ( GEOMETRIC_REPRESENTATION_CONTEXT(2) 
PARAMETRIC_REPRESENTATION_CONTEXT() REPRESENTATION_CONTEXT('2D SPACE',''
  ) );
#5786 = ADVANCED_FACE('',(#5787),#5713,.T.);
#5787 = FACE_BOUND('',#5788,.T.);
#5788 = EDGE_LOOP('',(#5789,#5816,#5817,#5844));
#5789 = ORIENTED_EDGE('',*,*,#5790,.T.);
#5790 = EDGE_CURVE('',#5791,#5700,#5793,.T.);
#5791 = VERTEX_POINT('',#5792);
#5792 = CARTESIAN_POINT('',(-63.97703858964,-114.0494816666,
    7.192266840158E+03));
#5793 = SURFACE_CURVE('',#5794,(#5799,#5805),.PCURVE_S1.);
#5794 = CIRCLE('',#5795,4.998185241224);
#5795 = AXIS2_PLACEMENT_3D('',#5796,#5797,#5798);
#5796 = CARTESIAN_POINT('',(-61.2564254734,-109.8566163006,
    7.192266840158E+03));
#5797 = DIRECTION('',(4.190715464451E-13,-3.961505768901E-12,1.));
#5798 = DIRECTION('',(-0.544320185215,-0.838877545276,
    -3.095109133232E-12));
#5799 = PCURVE('',#5713,#5800);
#5800 = DEFINITIONAL_REPRESENTATION('',(#5801),#5804);
#5801 = B_SPLINE_CURVE_WITH_KNOTS('',1,(#5802,#5803),.UNSPECIFIED.,.F.,
  .F.,(2,2),(0.,1.361944925087),.PIECEWISE_BEZIER_KNOTS.);
#5802 = CARTESIAN_POINT('',(2.566014138321,-37.99139530711));
#5803 = CARTESIAN_POINT('',(3.927959063408,-37.99139530712));
#5804 = ( GEOMETRIC_REPRESENTATION_CONTEXT(2) 
PARAMETRIC_REPRESENTATION_CONTEXT() REPRESENTATION_CONTEXT('2D SPACE',''
  ) );
#5805 = PCURVE('',#5748,#5806);
#5806 = DEFINITIONAL_REPRESENTATION('',(#5807),#5815);
#5807 = ( BOUNDED_CURVE() B_SPLINE_CURVE(2,(#5808,#5809,#5810,#5811,
#5812,#5813,#5814),.UNSPECIFIED.,.T.,.F.) B_SPLINE_CURVE_WITH_KNOTS((1,2
    ,2,2,2,1),(-2.094395102393,0.,2.094395102393,4.188790204786,
6.28318530718,8.377580409573),.UNSPECIFIED.) CURVE() 
GEOMETRIC_REPRESENTATION_ITEM() RATIONAL_B_SPLINE_CURVE((1.,0.5,1.,0.5,
1.,0.5,1.)) REPRESENTATION_ITEM('') );
#5808 = CARTESIAN_POINT('',(829.32116806219,638.02539394324));
#5809 = CARTESIAN_POINT('',(822.05891221899,633.31315379817));
#5810 = CARTESIAN_POINT('',(821.60912046623,641.95857191969));
#5811 = CARTESIAN_POINT('',(821.15932871346,650.60399004121));
#5812 = CARTESIAN_POINT('',(828.87137630942,646.67081206476));
#5813 = CARTESIAN_POINT('',(836.58342390538,642.7376340883));
#5814 = CARTESIAN_POINT('',(829.32116806219,638.02539394324));
#5815 = ( GEOMETRIC_REPRESENTATION_CONTEXT(2) 
PARAMETRIC_REPRESENTATION_CONTEXT() REPRESENTATION_CONTEXT('2D SPACE',''
  ) );
#5816 = ORIENTED_EDGE('',*,*,#5699,.F.);
#5817 = ORIENTED_EDGE('',*,*,#5818,.T.);
#5818 = EDGE_CURVE('',#5655,#5819,#5821,.T.);
#5819 = VERTEX_POINT('',#5820);
#5820 = CARTESIAN_POINT('',(-63.97703858964,-114.0494816666,
    7.268249630772E+03));
#5821 = SURFACE_CURVE('',#5822,(#5827,#5833),.PCURVE_S1.);
#5822 = CIRCLE('',#5823,4.998185241224);
#5823 = AXIS2_PLACEMENT_3D('',#5824,#5825,#5826);
#5824 = CARTESIAN_POINT('',(-61.2564254734,-109.8566163006,
    7.268249630772E+03));
#5825 = DIRECTION('',(1.46283650654E-14,1.203298766952E-12,-1.));
#5826 = DIRECTION('',(0.70779110323,-0.70642179623,-8.396826497034E-13)
  );
#5827 = PCURVE('',#5713,#5828);
#5828 = DEFINITIONAL_REPRESENTATION('',(#5829),#5832);
#5829 = B_SPLINE_CURVE_WITH_KNOTS('',1,(#5830,#5831),.UNSPECIFIED.,.F.,
  .F.,(2,2),(0.,1.361944925087),.PIECEWISE_BEZIER_KNOTS.);
#5830 = CARTESIAN_POINT('',(3.927959063412,37.991395307129));
#5831 = CARTESIAN_POINT('',(2.566014138325,37.991395307131));
#5832 = ( GEOMETRIC_REPRESENTATION_CONTEXT(2) 
PARAMETRIC_REPRESENTATION_CONTEXT() REPRESENTATION_CONTEXT('2D SPACE',''
  ) );
#5833 = PCURVE('',#5683,#5834);
#5834 = DEFINITIONAL_REPRESENTATION('',(#5835),#5843);
#5835 = ( BOUNDED_CURVE() B_SPLINE_CURVE(2,(#5836,#5837,#5838,#5839,
#5840,#5841,#5842),.UNSPECIFIED.,.T.,.F.) B_SPLINE_CURVE_WITH_KNOTS((1,2
    ,2,2,2,1),(-2.094395102393,0.,2.094395102393,4.188790204786,
6.28318530718,8.377580409573),.UNSPECIFIED.) CURVE() 
GEOMETRIC_REPRESENTATION_ITEM() RATIONAL_B_SPLINE_CURVE((1.,0.5,1.,0.5,
1.,0.5,1.)) REPRESENTATION_ITEM('') );
#5836 = CARTESIAN_POINT('',(669.44710030416,638.68743231323));
#5837 = CARTESIAN_POINT('',(663.33152855437,632.56000632104));
#5838 = CARTESIAN_POINT('',(661.08280786022,640.91995981113));
#5839 = CARTESIAN_POINT('',(658.83408716606,649.27991330121));
#5840 = CARTESIAN_POINT('',(667.19837961001,647.04738580332));
#5841 = CARTESIAN_POINT('',(675.56267205396,644.81485830543));
#5842 = CARTESIAN_POINT('',(669.44710030416,638.68743231323));
#5843 = ( GEOMETRIC_REPRESENTATION_CONTEXT(2) 
PARAMETRIC_REPRESENTATION_CONTEXT() REPRESENTATION_CONTEXT('2D SPACE',''
  ) );
#5844 = ORIENTED_EDGE('',*,*,#5845,.T.);
#5845 = EDGE_CURVE('',#5819,#5791,#5846,.T.);
#5846 = SURFACE_CURVE('',#5847,(#5850,#5856),.PCURVE_S1.);
#5847 = B_SPLINE_CURVE_WITH_KNOTS('',1,(#5848,#5849),.UNSPECIFIED.,.F.,
  .F.,(2,2),(0.,7.598279061425E-02),.PIECEWISE_BEZIER_KNOTS.);
#5848 = CARTESIAN_POINT('',(-63.97703858964,-114.0494816666,
    7.268249630772E+03));
#5849 = CARTESIAN_POINT('',(-63.97703858964,-114.0494816666,
    7.192266840158E+03));
#5850 = PCURVE('',#5713,#5851);
#5851 = DEFINITIONAL_REPRESENTATION('',(#5852),#5855);
#5852 = B_SPLINE_CURVE_WITH_KNOTS('',1,(#5853,#5854),.UNSPECIFIED.,.F.,
  .F.,(2,2),(0.,7.598279061425E-02),.PIECEWISE_BEZIER_KNOTS.);
#5853 = CARTESIAN_POINT('',(2.566014138313,37.991395307126));
#5854 = CARTESIAN_POINT('',(2.566014138321,-37.99139530712));
#5855 = ( GEOMETRIC_REPRESENTATION_CONTEXT(2) 
PARAMETRIC_REPRESENTATION_CONTEXT() REPRESENTATION_CONTEXT('2D SPACE',''
  ) );
#5856 = PCURVE('',#5857,#5862);
#5857 = PLANE('',#5858);
#5858 = AXIS2_PLACEMENT_3D('',#5859,#5860,#5861);
#5859 = CARTESIAN_POINT('',(454.78944295232,-450.4433436991,
    7.887847909834E+03));
#5860 = DIRECTION('',(-0.544073486165,-0.839037568678,3.601031347383E-14
    ));
#5861 = DIRECTION('',(-0.839037568678,0.544073486165,0.));
#5862 = DEFINITIONAL_REPRESENTATION('',(#5863),#5866);
#5863 = B_SPLINE_CURVE_WITH_KNOTS('',1,(#5864,#5865),.UNSPECIFIED.,.F.,
  .F.,(2,2),(0.,7.598279061425E-02),.PIECEWISE_BEZIER_KNOTS.);
#5864 = CARTESIAN_POINT('',(618.28754862491,619.59827906143));
#5865 = CARTESIAN_POINT('',(618.28754862491,695.58106967568));
#5866 = ( GEOMETRIC_REPRESENTATION_CONTEXT(2) 
PARAMETRIC_REPRESENTATION_CONTEXT() REPRESENTATION_CONTEXT('2D SPACE',''
  ) );
#5867 = ADVANCED_FACE('',(#5868),#5857,.T.);
#5868 = FACE_BOUND('',#5869,.T.);
#5869 = EDGE_LOOP('',(#5870,#5896,#5921,#5945));
#5870 = ORIENTED_EDGE('',*,*,#5871,.T.);
#5871 = EDGE_CURVE('',#5819,#5872,#5874,.T.);
#5872 = VERTEX_POINT('',#5873);
#5873 = CARTESIAN_POINT('',(-78.15858554292,-104.8534647322,
    7.268249630772E+03));
#5874 = SURFACE_CURVE('',#5875,(#5880,#5888),.PCURVE_S1.);
#5875 = B_SPLINE_CURVE_WITH_KNOTS('',3,(#5876,#5877,#5878,#5879),
  .UNSPECIFIED.,.F.,.F.,(4,4),(0.,1.690215966805E-02),
  .PIECEWISE_BEZIER_KNOTS.);
#5876 = CARTESIAN_POINT('',(-63.97703858964,-114.0494816666,
    7.268249630772E+03));
#5877 = CARTESIAN_POINT('',(-68.70421978036,-110.9841434193,
    7.268249630772E+03));
#5878 = CARTESIAN_POINT('',(-73.43140097107,-107.918805172,
    7.268249630772E+03));
#5879 = CARTESIAN_POINT('',(-78.15858554292,-104.8534647322,
    7.268249630772E+03));
#5880 = PCURVE('',#5857,#5881);
#5881 = DEFINITIONAL_REPRESENTATION('',(#5882),#5887);
#5882 = B_SPLINE_CURVE_WITH_KNOTS('',3,(#5883,#5884,#5885,#5886),
  .UNSPECIFIED.,.F.,.F.,(4,4),(0.,1.690215966805E-02),
  .PIECEWISE_BEZIER_KNOTS.);
#5883 = CARTESIAN_POINT('',(618.28754862491,619.59827906143));
#5884 = CARTESIAN_POINT('',(623.92160050433,619.59827906143));
#5885 = CARTESIAN_POINT('',(629.55565238375,619.59827906143));
#5886 = CARTESIAN_POINT('',(635.18970829296,619.59827906143));
#5887 = ( GEOMETRIC_REPRESENTATION_CONTEXT(2) 
PARAMETRIC_REPRESENTATION_CONTEXT() REPRESENTATION_CONTEXT('2D SPACE',''
  ) );
#5888 = PCURVE('',#5683,#5889);
#5889 = DEFINITIONAL_REPRESENTATION('',(#5890),#5895);
#5890 = B_SPLINE_CURVE_WITH_KNOTS('',3,(#5891,#5892,#5893,#5894),
  .UNSPECIFIED.,.F.,.F.,(4,4),(0.,1.690215966805E-02),
  .PIECEWISE_BEZIER_KNOTS.);
#5891 = CARTESIAN_POINT('',(663.18881614189,638.02539394324));
#5892 = CARTESIAN_POINT('',(658.46163495118,641.0907321905));
#5893 = CARTESIAN_POINT('',(653.73445376047,644.15607043778));
#5894 = CARTESIAN_POINT('',(649.00726918861,647.22141087755));
#5895 = ( GEOMETRIC_REPRESENTATION_CONTEXT(2) 
PARAMETRIC_REPRESENTATION_CONTEXT() REPRESENTATION_CONTEXT('2D SPACE',''
  ) );
#5896 = ORIENTED_EDGE('',*,*,#5897,.T.);
#5897 = EDGE_CURVE('',#5872,#5898,#5900,.T.);
#5898 = VERTEX_POINT('',#5899);
#5899 = CARTESIAN_POINT('',(-78.15858554293,-104.8534647322,
    7.192266840158E+03));
#5900 = SURFACE_CURVE('',#5901,(#5904,#5910),.PCURVE_S1.);
#5901 = B_SPLINE_CURVE_WITH_KNOTS('',1,(#5902,#5903),.UNSPECIFIED.,.F.,
  .F.,(2,2),(0.,7.598279061425E-02),.PIECEWISE_BEZIER_KNOTS.);
#5902 = CARTESIAN_POINT('',(-78.15858554292,-104.8534647322,
    7.268249630772E+03));
#5903 = CARTESIAN_POINT('',(-78.15858554293,-104.8534647322,
    7.192266840158E+03));
#5904 = PCURVE('',#5857,#5905);
#5905 = DEFINITIONAL_REPRESENTATION('',(#5906),#5909);
#5906 = B_SPLINE_CURVE_WITH_KNOTS('',1,(#5907,#5908),.UNSPECIFIED.,.F.,
  .F.,(2,2),(0.,7.598279061425E-02),.PIECEWISE_BEZIER_KNOTS.);
#5907 = CARTESIAN_POINT('',(635.18970829296,619.59827906143));
#5908 = CARTESIAN_POINT('',(635.18970829296,695.58106967568));
#5909 = ( GEOMETRIC_REPRESENTATION_CONTEXT(2) 
PARAMETRIC_REPRESENTATION_CONTEXT() REPRESENTATION_CONTEXT('2D SPACE',''
  ) );
#5910 = PCURVE('',#5911,#5916);
#5911 = CYLINDRICAL_SURFACE('',#5912,4.998094721371);
#5912 = AXIS2_PLACEMENT_3D('',#5913,#5914,#5915);
#5913 = CARTESIAN_POINT('',(-75.44054953616,-100.6590361526,
    7.230258235465E+03));
#5914 = DIRECTION('',(-1.599330589539E-12,-1.777033988376E-13,1.));
#5915 = DIRECTION('',(1.,0.,1.599330589539E-12));
#5916 = DEFINITIONAL_REPRESENTATION('',(#5917),#5920);
#5917 = B_SPLINE_CURVE_WITH_KNOTS('',1,(#5918,#5919),.UNSPECIFIED.,.F.,
  .F.,(2,2),(0.,7.598279061425E-02),.PIECEWISE_BEZIER_KNOTS.);
#5918 = CARTESIAN_POINT('',(4.137413248455,37.991395307126));
#5919 = CARTESIAN_POINT('',(4.137413248435,-37.99139530712));
#5920 = ( GEOMETRIC_REPRESENTATION_CONTEXT(2) 
PARAMETRIC_REPRESENTATION_CONTEXT() REPRESENTATION_CONTEXT('2D SPACE',''
  ) );
#5921 = ORIENTED_EDGE('',*,*,#5922,.T.);
#5922 = EDGE_CURVE('',#5898,#5791,#5923,.T.);
#5923 = SURFACE_CURVE('',#5924,(#5929,#5937),.PCURVE_S1.);
#5924 = B_SPLINE_CURVE_WITH_KNOTS('',3,(#5925,#5926,#5927,#5928),
  .UNSPECIFIED.,.F.,.F.,(4,4),(0.,1.690215966805E-02),
  .PIECEWISE_BEZIER_KNOTS.);
#5925 = CARTESIAN_POINT('',(-78.15858554293,-104.8534647322,
    7.192266840158E+03));
#5926 = CARTESIAN_POINT('',(-73.43140322517,-107.9188037104,
    7.192266840158E+03));
#5927 = CARTESIAN_POINT('',(-68.70422090741,-110.9841426885,
    7.192266840158E+03));
#5928 = CARTESIAN_POINT('',(-63.97703858964,-114.0494816666,
    7.192266840158E+03));
#5929 = PCURVE('',#5857,#5930);
#5930 = DEFINITIONAL_REPRESENTATION('',(#5931),#5936);
#5931 = B_SPLINE_CURVE_WITH_KNOTS('',3,(#5932,#5933,#5934,#5935),
  .UNSPECIFIED.,.F.,.F.,(4,4),(0.,1.690215966805E-02),
  .PIECEWISE_BEZIER_KNOTS.);
#5932 = CARTESIAN_POINT('',(635.18970829296,695.58106967568));
#5933 = CARTESIAN_POINT('',(629.55565507028,695.58106967568));
#5934 = CARTESIAN_POINT('',(623.92160184759,695.58106967568));
#5935 = CARTESIAN_POINT('',(618.28754862491,695.58106967568));
#5936 = ( GEOMETRIC_REPRESENTATION_CONTEXT(2) 
PARAMETRIC_REPRESENTATION_CONTEXT() REPRESENTATION_CONTEXT('2D SPACE',''
  ) );
#5937 = PCURVE('',#5748,#5938);
#5938 = DEFINITIONAL_REPRESENTATION('',(#5939),#5944);
#5939 = B_SPLINE_CURVE_WITH_KNOTS('',3,(#5940,#5941,#5942,#5943),
  .UNSPECIFIED.,.F.,.F.,(4,4),(0.,1.690215966805E-02),
  .PIECEWISE_BEZIER_KNOTS.);
#5940 = CARTESIAN_POINT('',(843.50271501547,647.22141087755));
#5941 = CARTESIAN_POINT('',(838.77553269771,644.15607189944));
#5942 = CARTESIAN_POINT('',(834.04835037995,641.09073292134));
#5943 = CARTESIAN_POINT('',(829.32116806219,638.02539394324));
#5944 = ( GEOMETRIC_REPRESENTATION_CONTEXT(2) 
PARAMETRIC_REPRESENTATION_CONTEXT() REPRESENTATION_CONTEXT('2D SPACE',''
  ) );
#5945 = ORIENTED_EDGE('',*,*,#5845,.F.);
#5946 = ADVANCED_FACE('',(#5947),#5911,.T.);
#5947 = FACE_BOUND('',#5948,.T.);
#5948 = EDGE_LOOP('',(#5949,#5976,#5977,#6004));
#5949 = ORIENTED_EDGE('',*,*,#5950,.T.);
#5950 = EDGE_CURVE('',#5951,#5898,#5953,.T.);
#5951 = VERTEX_POINT('',#5952);
#5952 = CARTESIAN_POINT('',(-80.10732722793,-98.86958461115,
    7.192266840158E+03));
#5953 = SURFACE_CURVE('',#5954,(#5959,#5965),.PCURVE_S1.);
#5954 = CIRCLE('',#5955,4.998094721373);
#5955 = AXIS2_PLACEMENT_3D('',#5956,#5957,#5958);
#5956 = CARTESIAN_POINT('',(-75.44054953616,-100.6590361526,
    7.192266840158E+03));
#5957 = DIRECTION('',(-3.03017535783E-12,-9.868227493077E-13,1.));
#5958 = DIRECTION('',(-0.933711334405,0.358026736438,-2.476000148462E-12
    ));
#5959 = PCURVE('',#5911,#5960);
#5960 = DEFINITIONAL_REPRESENTATION('',(#5961),#5964);
#5961 = B_SPLINE_CURVE_WITH_KNOTS('',1,(#5962,#5963),.UNSPECIFIED.,.F.,
  .F.,(2,2),(0.,1.361974274689),.PIECEWISE_BEZIER_KNOTS.);
#5962 = CARTESIAN_POINT('',(2.775438973761,-37.99139530712));
#5963 = CARTESIAN_POINT('',(4.13741324845,-37.99139530712));
#5964 = ( GEOMETRIC_REPRESENTATION_CONTEXT(2) 
PARAMETRIC_REPRESENTATION_CONTEXT() REPRESENTATION_CONTEXT('2D SPACE',''
  ) );
#5965 = PCURVE('',#5748,#5966);
#5966 = DEFINITIONAL_REPRESENTATION('',(#5967),#5975);
#5967 = ( BOUNDED_CURVE() B_SPLINE_CURVE(2,(#5968,#5969,#5970,#5971,
#5972,#5973,#5974),.UNSPECIFIED.,.T.,.F.) B_SPLINE_CURVE_WITH_KNOTS((1,2
    ,2,2,2,1),(-2.094395102393,0.,2.094395102393,4.188790204786,
6.28318530718,8.377580409573),.UNSPECIFIED.) CURVE() 
GEOMETRIC_REPRESENTATION_ITEM() RATIONAL_B_SPLINE_CURVE((1.,0.5,1.,0.5,
1.,0.5,1.)) REPRESENTATION_ITEM('') );
#5968 = CARTESIAN_POINT('',(845.45145670047,653.20529099869));
#5969 = CARTESIAN_POINT('',(848.55087768803,645.12219492891));
#5970 = CARTESIAN_POINT('',(840.00100065659,646.47956565155));
#5971 = CARTESIAN_POINT('',(831.45112362515,647.83693637419));
#5972 = CARTESIAN_POINT('',(836.90157966903,654.56266172133));
#5973 = CARTESIAN_POINT('',(842.35203571291,661.28838706847));
#5974 = CARTESIAN_POINT('',(845.45145670047,653.20529099869));
#5975 = ( GEOMETRIC_REPRESENTATION_CONTEXT(2) 
PARAMETRIC_REPRESENTATION_CONTEXT() REPRESENTATION_CONTEXT('2D SPACE',''
  ) );
#5976 = ORIENTED_EDGE('',*,*,#5897,.F.);
#5977 = ORIENTED_EDGE('',*,*,#5978,.T.);
#5978 = EDGE_CURVE('',#5872,#5979,#5981,.T.);
#5979 = VERTEX_POINT('',#5980);
#5980 = CARTESIAN_POINT('',(-80.10732722793,-98.86958461115,
    7.268249630772E+03));
#5981 = SURFACE_CURVE('',#5982,(#5987,#5993),.PCURVE_S1.);
#5982 = CIRCLE('',#5983,4.998094721369);
#5983 = AXIS2_PLACEMENT_3D('',#5984,#5985,#5986);
#5984 = CARTESIAN_POINT('',(-75.44054953616,-100.6590361526,
    7.268249630772E+03));
#5985 = DIRECTION('',(4.545263036739E-12,1.480234123958E-12,-1.));
#5986 = DIRECTION('',(-0.543814424954,-0.839205499989,
    -3.714000222685E-12));
#5987 = PCURVE('',#5911,#5988);
#5988 = DEFINITIONAL_REPRESENTATION('',(#5989),#5992);
#5989 = B_SPLINE_CURVE_WITH_KNOTS('',1,(#5990,#5991),.UNSPECIFIED.,.F.,
  .F.,(2,2),(0.,1.361974274691),.PIECEWISE_BEZIER_KNOTS.);
#5990 = CARTESIAN_POINT('',(4.137413248455,37.991395307126));
#5991 = CARTESIAN_POINT('',(2.775438973764,37.991395307128));
#5992 = ( GEOMETRIC_REPRESENTATION_CONTEXT(2) 
PARAMETRIC_REPRESENTATION_CONTEXT() REPRESENTATION_CONTEXT('2D SPACE',''
  ) );
#5993 = PCURVE('',#5683,#5994);
#5994 = DEFINITIONAL_REPRESENTATION('',(#5995),#6003);
#5995 = ( BOUNDED_CURVE() B_SPLINE_CURVE(2,(#5996,#5997,#5998,#5999,
#6000,#6001,#6002),.UNSPECIFIED.,.T.,.F.) B_SPLINE_CURVE_WITH_KNOTS((1,2
    ,2,2,2,1),(-2.094395102393,0.,2.094395102393,4.188790204786,
6.28318530718,8.377580409573),.UNSPECIFIED.) CURVE() 
GEOMETRIC_REPRESENTATION_ITEM() RATIONAL_B_SPLINE_CURVE((1.,0.5,1.,0.5,
1.,0.5,1.)) REPRESENTATION_ITEM('') );
#5996 = CARTESIAN_POINT('',(649.00726918861,647.22141087755));
#5997 = CARTESIAN_POINT('',(641.74230577995,651.92918733807));
#5998 = CARTESIAN_POINT('',(649.45184149443,655.86694197727));
#5999 = CARTESIAN_POINT('',(657.16137720891,659.80469661646));
#6000 = CARTESIAN_POINT('',(656.71680490309,651.15916551674));
#6001 = CARTESIAN_POINT('',(656.27223259726,642.51363441702));
#6002 = CARTESIAN_POINT('',(649.00726918861,647.22141087755));
#6003 = ( GEOMETRIC_REPRESENTATION_CONTEXT(2) 
PARAMETRIC_REPRESENTATION_CONTEXT() REPRESENTATION_CONTEXT('2D SPACE',''
  ) );
#6004 = ORIENTED_EDGE('',*,*,#6005,.T.);
#6005 = EDGE_CURVE('',#5979,#5951,#6006,.T.);
#6006 = SURFACE_CURVE('',#6007,(#6010,#6016),.PCURVE_S1.);
#6007 = B_SPLINE_CURVE_WITH_KNOTS('',1,(#6008,#6009),.UNSPECIFIED.,.F.,
  .F.,(2,2),(0.,7.598279061425E-02),.PIECEWISE_BEZIER_KNOTS.);
#6008 = CARTESIAN_POINT('',(-80.10732722793,-98.86958461115,
    7.268249630772E+03));
#6009 = CARTESIAN_POINT('',(-80.10732722793,-98.86958461115,
    7.192266840158E+03));
#6010 = PCURVE('',#5911,#6011);
#6011 = DEFINITIONAL_REPRESENTATION('',(#6012),#6015);
#6012 = B_SPLINE_CURVE_WITH_KNOTS('',1,(#6013,#6014),.UNSPECIFIED.,.F.,
  .F.,(2,2),(0.,7.598279061425E-02),.PIECEWISE_BEZIER_KNOTS.);
#6013 = CARTESIAN_POINT('',(2.775438973749,37.991395307127));
#6014 = CARTESIAN_POINT('',(2.775438973761,-37.99139530712));
#6015 = ( GEOMETRIC_REPRESENTATION_CONTEXT(2) 
PARAMETRIC_REPRESENTATION_CONTEXT() REPRESENTATION_CONTEXT('2D SPACE',''
  ) );
#6016 = PCURVE('',#6017,#6022);
#6017 = PLANE('',#6018);
#6018 = AXIS2_PLACEMENT_3D('',#6019,#6020,#6021);
#6019 = CARTESIAN_POINT('',(153.80275687242,511.71711022589,
    6.572668561097E+03));
#6020 = DIRECTION('',(-0.933821823165,0.357738455552,6.835088145933E-15)
  );
#6021 = DIRECTION('',(-0.357738455552,-0.933821823165,0.));
#6022 = DEFINITIONAL_REPRESENTATION('',(#6023),#6026);
#6023 = B_SPLINE_CURVE_WITH_KNOTS('',1,(#6024,#6025),.UNSPECIFIED.,.F.,
  .F.,(2,2),(0.,7.598279061425E-02),.PIECEWISE_BEZIER_KNOTS.);
#6024 = CARTESIAN_POINT('',(653.85781279714,695.58106967568));
#6025 = CARTESIAN_POINT('',(653.85781279714,619.59827906143));
#6026 = ( GEOMETRIC_REPRESENTATION_CONTEXT(2) 
PARAMETRIC_REPRESENTATION_CONTEXT() REPRESENTATION_CONTEXT('2D SPACE',''
  ) );
#6027 = ADVANCED_FACE('',(#6028),#6017,.T.);
#6028 = FACE_BOUND('',#6029,.T.);
#6029 = EDGE_LOOP('',(#6030,#6065,#6090,#6123));
#6030 = ORIENTED_EDGE('',*,*,#6031,.T.);
#6031 = EDGE_CURVE('',#5979,#6032,#6034,.T.);
#6032 = VERTEX_POINT('',#6033);
#6033 = CARTESIAN_POINT('',(-67.63230775782,-66.30544384067,
    7.268249630772E+03));
#6034 = SURFACE_CURVE('',#6035,(#6043,#6054),.PCURVE_S1.);
#6035 = B_SPLINE_CURVE_WITH_KNOTS('',3,(#6036,#6037,#6038,#6039,#6040,
    #6041,#6042),.UNSPECIFIED.,.F.,.F.,(4,3,4),(0.,9.366154776183E-03,
    3.487189950231E-02),.UNSPECIFIED.);
#6036 = CARTESIAN_POINT('',(-80.10732722793,-98.86958461115,
    7.268249630772E+03));
#6037 = CARTESIAN_POINT('',(-78.99044931323,-95.95414470143,
    7.268249630772E+03));
#6038 = CARTESIAN_POINT('',(-77.87357139853,-93.03870479172,
    7.268249630772E+03));
#6039 = CARTESIAN_POINT('',(-76.75669348384,-90.12326488201,
    7.268249630772E+03));
#6040 = CARTESIAN_POINT('',(-73.71523157517,-82.18399120156,
    7.268249630772E+03));
#6041 = CARTESIAN_POINT('',(-70.67376966649,-74.24471752111,
    7.268249630772E+03));
#6042 = CARTESIAN_POINT('',(-67.63230775782,-66.30544384067,
    7.268249630772E+03));
#6043 = PCURVE('',#6017,#6044);
#6044 = DEFINITIONAL_REPRESENTATION('',(#6045),#6053);
#6045 = B_SPLINE_CURVE_WITH_KNOTS('',3,(#6046,#6047,#6048,#6049,#6050,
    #6051,#6052),.UNSPECIFIED.,.F.,.F.,(4,3,4),(0.,9.366154776183E-03,
    3.487189950231E-02),.UNSPECIFIED.);
#6046 = CARTESIAN_POINT('',(653.85781279714,695.58106967568));
#6047 = CARTESIAN_POINT('',(650.73576120508,695.58106967568));
#6048 = CARTESIAN_POINT('',(647.61370961302,695.58106967568));
#6049 = CARTESIAN_POINT('',(644.49165802096,695.58106967567));
#6050 = CARTESIAN_POINT('',(635.98974311225,695.58106967569));
#6051 = CARTESIAN_POINT('',(627.48782820354,695.58106967569));
#6052 = CARTESIAN_POINT('',(618.98591329483,695.58106967568));
#6053 = ( GEOMETRIC_REPRESENTATION_CONTEXT(2) 
PARAMETRIC_REPRESENTATION_CONTEXT() REPRESENTATION_CONTEXT('2D SPACE',''
  ) );
#6054 = PCURVE('',#5683,#6055);
#6055 = DEFINITIONAL_REPRESENTATION('',(#6056),#6064);
#6056 = B_SPLINE_CURVE_WITH_KNOTS('',3,(#6057,#6058,#6059,#6060,#6061,
    #6062,#6063),.UNSPECIFIED.,.F.,.F.,(4,3,4),(0.,9.366154776183E-03,
    3.487189950231E-02),.UNSPECIFIED.);
#6057 = CARTESIAN_POINT('',(647.05852750361,653.20529099869));
#6058 = CARTESIAN_POINT('',(648.1754054183,656.12073090841));
#6059 = CARTESIAN_POINT('',(649.292283333,659.03617081812));
#6060 = CARTESIAN_POINT('',(650.40916124769,661.95161072783));
#6061 = CARTESIAN_POINT('',(653.45062315637,669.89088440828));
#6062 = CARTESIAN_POINT('',(656.49208506504,677.83015808873));
#6063 = CARTESIAN_POINT('',(659.53354697371,685.76943176917));
#6064 = ( GEOMETRIC_REPRESENTATION_CONTEXT(2) 
PARAMETRIC_REPRESENTATION_CONTEXT() REPRESENTATION_CONTEXT('2D SPACE',''
  ) );
#6065 = ORIENTED_EDGE('',*,*,#6066,.T.);
#6066 = EDGE_CURVE('',#6032,#6067,#6069,.T.);
#6067 = VERTEX_POINT('',#6068);
#6068 = CARTESIAN_POINT('',(-67.63230775782,-66.30544384067,
    7.192266840158E+03));
#6069 = SURFACE_CURVE('',#6070,(#6073,#6079),.PCURVE_S1.);
#6070 = B_SPLINE_CURVE_WITH_KNOTS('',1,(#6071,#6072),.UNSPECIFIED.,.F.,
  .F.,(2,2),(0.,7.598279061425E-02),.PIECEWISE_BEZIER_KNOTS.);
#6071 = CARTESIAN_POINT('',(-67.63230775782,-66.30544384067,
    7.268249630772E+03));
#6072 = CARTESIAN_POINT('',(-67.63230775782,-66.30544384067,
    7.192266840158E+03));
#6073 = PCURVE('',#6017,#6074);
#6074 = DEFINITIONAL_REPRESENTATION('',(#6075),#6078);
#6075 = B_SPLINE_CURVE_WITH_KNOTS('',1,(#6076,#6077),.UNSPECIFIED.,.F.,
  .F.,(2,2),(0.,7.598279061425E-02),.PIECEWISE_BEZIER_KNOTS.);
#6076 = CARTESIAN_POINT('',(618.98591329483,695.58106967568));
#6077 = CARTESIAN_POINT('',(618.98591329483,619.59827906143));
#6078 = ( GEOMETRIC_REPRESENTATION_CONTEXT(2) 
PARAMETRIC_REPRESENTATION_CONTEXT() REPRESENTATION_CONTEXT('2D SPACE',''
  ) );
#6079 = PCURVE('',#6080,#6085);
#6080 = CYLINDRICAL_SURFACE('',#6081,17.899065981422);
#6081 = AXIS2_PLACEMENT_3D('',#6082,#6083,#6084);
#6082 = CARTESIAN_POINT('',(-84.26038887429,-59.68098300288,
    7.230258235465E+03));
#6083 = DIRECTION('',(-1.09167289811E-12,9.924299073728E-14,-1.));
#6084 = DIRECTION('',(-1.,0.,1.09167289811E-12));
#6085 = DEFINITIONAL_REPRESENTATION('',(#6086),#6089);
#6086 = B_SPLINE_CURVE_WITH_KNOTS('',1,(#6087,#6088),.UNSPECIFIED.,.F.,
  .F.,(2,2),(0.,7.598279061425E-02),.PIECEWISE_BEZIER_KNOTS.);
#6087 = CARTESIAN_POINT('',(3.520710308925,-37.99139530712));
#6088 = CARTESIAN_POINT('',(3.520710308923,37.991395307121));
#6089 = ( GEOMETRIC_REPRESENTATION_CONTEXT(2) 
PARAMETRIC_REPRESENTATION_CONTEXT() REPRESENTATION_CONTEXT('2D SPACE',''
  ) );
#6090 = ORIENTED_EDGE('',*,*,#6091,.T.);
#6091 = EDGE_CURVE('',#6067,#5951,#6092,.T.);
#6092 = SURFACE_CURVE('',#6093,(#6101,#6112),.PCURVE_S1.);
#6093 = B_SPLINE_CURVE_WITH_KNOTS('',3,(#6094,#6095,#6096,#6097,#6098,
    #6099,#6100),.UNSPECIFIED.,.F.,.F.,(4,3,4),(0.,2.550574472613E-02,
    3.487189950231E-02),.UNSPECIFIED.);
#6094 = CARTESIAN_POINT('',(-67.63230775782,-66.30544384067,
    7.192266840158E+03));
#6095 = CARTESIAN_POINT('',(-70.6737696665,-74.24471752112,
    7.192266840158E+03));
#6096 = CARTESIAN_POINT('',(-73.71523157517,-82.18399120156,
    7.192266840158E+03));
#6097 = CARTESIAN_POINT('',(-76.75669348384,-90.12326488201,
    7.192266840158E+03));
#6098 = CARTESIAN_POINT('',(-77.87357139854,-93.03870479172,
    7.192266840158E+03));
#6099 = CARTESIAN_POINT('',(-78.99044931323,-95.95414470144,
    7.192266840158E+03));
#6100 = CARTESIAN_POINT('',(-80.10732722793,-98.86958461115,
    7.192266840158E+03));
#6101 = PCURVE('',#6017,#6102);
#6102 = DEFINITIONAL_REPRESENTATION('',(#6103),#6111);
#6103 = B_SPLINE_CURVE_WITH_KNOTS('',3,(#6104,#6105,#6106,#6107,#6108,
    #6109,#6110),.UNSPECIFIED.,.F.,.F.,(4,3,4),(0.,2.550574472613E-02,
    3.487189950231E-02),.UNSPECIFIED.);
#6104 = CARTESIAN_POINT('',(618.98591329483,619.59827906143));
#6105 = CARTESIAN_POINT('',(627.48782820354,619.59827906143));
#6106 = CARTESIAN_POINT('',(635.98974311225,619.59827906143));
#6107 = CARTESIAN_POINT('',(644.49165802096,619.59827906143));
#6108 = CARTESIAN_POINT('',(647.61370961302,619.59827906143));
#6109 = CARTESIAN_POINT('',(650.73576120508,619.59827906143));
#6110 = CARTESIAN_POINT('',(653.85781279714,619.59827906143));
#6111 = ( GEOMETRIC_REPRESENTATION_CONTEXT(2) 
PARAMETRIC_REPRESENTATION_CONTEXT() REPRESENTATION_CONTEXT('2D SPACE',''
  ) );
#6112 = PCURVE('',#5748,#6113);
#6113 = DEFINITIONAL_REPRESENTATION('',(#6114),#6122);
#6114 = B_SPLINE_CURVE_WITH_KNOTS('',3,(#6115,#6116,#6117,#6118,#6119,
    #6120,#6121),.UNSPECIFIED.,.F.,.F.,(4,3,4),(0.,2.550574472613E-02,
    3.487189950231E-02),.UNSPECIFIED.);
#6115 = CARTESIAN_POINT('',(832.97643723036,685.76943176917));
#6116 = CARTESIAN_POINT('',(836.01789913904,677.83015808873));
#6117 = CARTESIAN_POINT('',(839.05936104771,669.89088440828));
#6118 = CARTESIAN_POINT('',(842.10082295638,661.95161072783));
#6119 = CARTESIAN_POINT('',(843.21770087108,659.03617081812));
#6120 = CARTESIAN_POINT('',(844.33457878577,656.1207309084));
#6121 = CARTESIAN_POINT('',(845.45145670047,653.20529099869));
#6122 = ( GEOMETRIC_REPRESENTATION_CONTEXT(2) 
PARAMETRIC_REPRESENTATION_CONTEXT() REPRESENTATION_CONTEXT('2D SPACE',''
  ) );
#6123 = ORIENTED_EDGE('',*,*,#6005,.F.);
#6124 = ADVANCED_FACE('',(#6125),#6080,.F.);
#6125 = FACE_BOUND('',#6126,.F.);
#6126 = EDGE_LOOP('',(#6127,#6154,#6179,#6204));
#6127 = ORIENTED_EDGE('',*,*,#6128,.T.);
#6128 = EDGE_CURVE('',#6067,#6129,#6131,.T.);
#6129 = VERTEX_POINT('',#6130);
#6130 = CARTESIAN_POINT('',(-67.51967515834,-53.34654796196,
    7.192266840158E+03));
#6131 = SURFACE_CURVE('',#6132,(#6137,#6143),.PCURVE_S1.);
#6132 = CIRCLE('',#6133,17.899065981423);
#6133 = AXIS2_PLACEMENT_3D('',#6134,#6135,#6136);
#6134 = CARTESIAN_POINT('',(-84.26038887429,-59.68098300288,
    7.192266840158E+03));
#6135 = DIRECTION('',(2.561064168638E-12,4.627856497529E-14,1.));
#6136 = DIRECTION('',(0.928991553734,-0.370100922845,-2.36207924163E-12)
  );
#6137 = PCURVE('',#6080,#6138);
#6138 = DEFINITIONAL_REPRESENTATION('',(#6139),#6142);
#6139 = B_SPLINE_CURVE_WITH_KNOTS('',1,(#6140,#6141),.UNSPECIFIED.,.F.,
  .F.,(2,2),(0.,0.740852693433),.PIECEWISE_BEZIER_KNOTS.);
#6140 = CARTESIAN_POINT('',(3.520710308923,37.991395307124));
#6141 = CARTESIAN_POINT('',(2.779857615491,37.991395307126));
#6142 = ( GEOMETRIC_REPRESENTATION_CONTEXT(2) 
PARAMETRIC_REPRESENTATION_CONTEXT() REPRESENTATION_CONTEXT('2D SPACE',''
  ) );
#6143 = PCURVE('',#5748,#6144);
#6144 = DEFINITIONAL_REPRESENTATION('',(#6145),#6153);
#6145 = ( BOUNDED_CURVE() B_SPLINE_CURVE(2,(#6146,#6147,#6148,#6149,
#6150,#6151,#6152),.UNSPECIFIED.,.T.,.F.) B_SPLINE_CURVE_WITH_KNOTS((1,2
    ,2,2,2,1),(-2.094395102393,0.,2.094395102393,4.188790204786,
6.28318530718,8.377580409573),.UNSPECIFIED.) CURVE() 
GEOMETRIC_REPRESENTATION_ITEM() RATIONAL_B_SPLINE_CURVE((1.,0.5,1.,0.5,
1.,0.5,1.)) REPRESENTATION_ITEM('') );
#6146 = CARTESIAN_POINT('',(832.97643723036,685.76943176917));
#6147 = CARTESIAN_POINT('',(821.50253448656,714.57011309528));
#6148 = CARTESIAN_POINT('',(852.18160753317,710.10646368891));
#6149 = CARTESIAN_POINT('',(882.86068057978,705.64281428254));
#6150 = CARTESIAN_POINT('',(863.65551027697,681.30578236281));
#6151 = CARTESIAN_POINT('',(844.45033997417,656.96875044307));
#6152 = CARTESIAN_POINT('',(832.97643723036,685.76943176917));
#6153 = ( GEOMETRIC_REPRESENTATION_CONTEXT(2) 
PARAMETRIC_REPRESENTATION_CONTEXT() REPRESENTATION_CONTEXT('2D SPACE',''
  ) );
#6154 = ORIENTED_EDGE('',*,*,#6155,.T.);
#6155 = EDGE_CURVE('',#6129,#6156,#6158,.T.);
#6156 = VERTEX_POINT('',#6157);
#6157 = CARTESIAN_POINT('',(-67.51967515833,-53.34654796196,
    7.268249630772E+03));
#6158 = SURFACE_CURVE('',#6159,(#6162,#6168),.PCURVE_S1.);
#6159 = B_SPLINE_CURVE_WITH_KNOTS('',1,(#6160,#6161),.UNSPECIFIED.,.F.,
  .F.,(2,2),(-7.598279061425E-02,0.),.PIECEWISE_BEZIER_KNOTS.);
#6160 = CARTESIAN_POINT('',(-67.51967515834,-53.34654796196,
    7.192266840158E+03));
#6161 = CARTESIAN_POINT('',(-67.51967515833,-53.34654796196,
    7.268249630772E+03));
#6162 = PCURVE('',#6080,#6163);
#6163 = DEFINITIONAL_REPRESENTATION('',(#6164),#6167);
#6164 = B_SPLINE_CURVE_WITH_KNOTS('',1,(#6165,#6166),.UNSPECIFIED.,.F.,
  .F.,(2,2),(-7.598279061425E-02,0.),.PIECEWISE_BEZIER_KNOTS.);
#6165 = CARTESIAN_POINT('',(2.779857615492,37.991395307122));
#6166 = CARTESIAN_POINT('',(2.77985761549,-37.99139530712));
#6167 = ( GEOMETRIC_REPRESENTATION_CONTEXT(2) 
PARAMETRIC_REPRESENTATION_CONTEXT() REPRESENTATION_CONTEXT('2D SPACE',''
  ) );
#6168 = PCURVE('',#6169,#6174);
#6169 = PLANE('',#6170);
#6170 = AXIS2_PLACEMENT_3D('',#6171,#6172,#6173);
#6171 = CARTESIAN_POINT('',(-343.4850845835,504.49403384749,
    6.572668561097E+03));
#6172 = DIRECTION('',(-0.89631909245,-0.443409612559,4.574120183351E-14)
  );
#6173 = DIRECTION('',(0.443409612559,-0.89631909245,0.));
#6174 = DEFINITIONAL_REPRESENTATION('',(#6175),#6178);
#6175 = B_SPLINE_CURVE_WITH_KNOTS('',1,(#6176,#6177),.UNSPECIFIED.,.F.,
  .F.,(2,2),(-7.598279061425E-02,0.),.PIECEWISE_BEZIER_KNOTS.);
#6176 = CARTESIAN_POINT('',(622.36887929211,619.59827906144));
#6177 = CARTESIAN_POINT('',(622.36887929211,695.58106967569));
#6178 = ( GEOMETRIC_REPRESENTATION_CONTEXT(2) 
PARAMETRIC_REPRESENTATION_CONTEXT() REPRESENTATION_CONTEXT('2D SPACE',''
  ) );
#6179 = ORIENTED_EDGE('',*,*,#6180,.T.);
#6180 = EDGE_CURVE('',#6156,#6032,#6181,.T.);
#6181 = SURFACE_CURVE('',#6182,(#6187,#6193),.PCURVE_S1.);
#6182 = CIRCLE('',#6183,17.899065981426);
#6183 = AXIS2_PLACEMENT_3D('',#6184,#6185,#6186);
#6184 = CARTESIAN_POINT('',(-84.2603888743,-59.68098300288,
    7.268249630772E+03));
#6185 = DIRECTION('',(-2.926249728735E-12,2.543357989627E-14,-1.));
#6186 = DIRECTION('',(0.935284206077,0.35389751887,-2.727874273503E-12)
  );
#6187 = PCURVE('',#6080,#6188);
#6188 = DEFINITIONAL_REPRESENTATION('',(#6189),#6192);
#6189 = B_SPLINE_CURVE_WITH_KNOTS('',1,(#6190,#6191),.UNSPECIFIED.,.F.,
  .F.,(2,2),(0.,0.740852693433),.PIECEWISE_BEZIER_KNOTS.);
#6190 = CARTESIAN_POINT('',(2.77985761549,-37.99139530712));
#6191 = CARTESIAN_POINT('',(3.520710308923,-37.99139530713));
#6192 = ( GEOMETRIC_REPRESENTATION_CONTEXT(2) 
PARAMETRIC_REPRESENTATION_CONTEXT() REPRESENTATION_CONTEXT('2D SPACE',''
  ) );
#6193 = PCURVE('',#5683,#6194);
#6194 = DEFINITIONAL_REPRESENTATION('',(#6195),#6203);
#6195 = ( BOUNDED_CURVE() B_SPLINE_CURVE(2,(#6196,#6197,#6198,#6199,
#6200,#6201,#6202),.UNSPECIFIED.,.T.,.F.) B_SPLINE_CURVE_WITH_KNOTS((1,2
    ,2,2,2,1),(-2.094395102393,0.,2.094395102393,4.188790204786,
6.28318530718,8.377580409573),.UNSPECIFIED.) CURVE() 
GEOMETRIC_REPRESENTATION_ITEM() RATIONAL_B_SPLINE_CURVE((1.,0.5,1.,0.5,
1.,0.5,1.)) REPRESENTATION_ITEM('') );
#6196 = CARTESIAN_POINT('',(659.6461795732,698.72832764788));
#6197 = CARTESIAN_POINT('',(670.61774290132,669.73256093687));
#6198 = CARTESIAN_POINT('',(640.02089066332,674.728791731));
#6199 = CARTESIAN_POINT('',(609.42403842531,679.72502252512));
#6200 = CARTESIAN_POINT('',(629.0493273352,703.72455844201));
#6201 = CARTESIAN_POINT('',(648.67461624508,727.7240943589));
#6202 = CARTESIAN_POINT('',(659.6461795732,698.72832764788));
#6203 = ( GEOMETRIC_REPRESENTATION_CONTEXT(2) 
PARAMETRIC_REPRESENTATION_CONTEXT() REPRESENTATION_CONTEXT('2D SPACE',''
  ) );
#6204 = ORIENTED_EDGE('',*,*,#6066,.T.);
#6205 = ADVANCED_FACE('',(#6206),#6169,.T.);
#6206 = FACE_BOUND('',#6207,.T.);
#6207 = EDGE_LOOP('',(#6208,#6234,#6235,#6261));
#6208 = ORIENTED_EDGE('',*,*,#6209,.T.);
#6209 = EDGE_CURVE('',#6210,#6129,#6212,.T.);
#6210 = VERTEX_POINT('',#6211);
#6211 = CARTESIAN_POINT('',(-70.05709828244,-48.22002013398,
    7.192266840158E+03));
#6212 = SURFACE_CURVE('',#6213,(#6218,#6226),.PCURVE_S1.);
#6213 = B_SPLINE_CURVE_WITH_KNOTS('',3,(#6214,#6215,#6216,#6217),
  .UNSPECIFIED.,.F.,.F.,(4,4),(-5.759278710441E-03,0.),
  .PIECEWISE_BEZIER_KNOTS.);
#6214 = CARTESIAN_POINT('',(-70.05709828244,-48.22002013398,
    7.192266840158E+03));
#6215 = CARTESIAN_POINT('',(-68.96855470518,-49.8015255638,
    7.192266840158E+03));
#6216 = CARTESIAN_POINT('',(-68.11551524631,-51.52856215861,
    7.192266840158E+03));
#6217 = CARTESIAN_POINT('',(-67.51967515834,-53.34654796196,
    7.192266840158E+03));
#6218 = PCURVE('',#6169,#6219);
#6219 = DEFINITIONAL_REPRESENTATION('',(#6220),#6225);
#6220 = B_SPLINE_CURVE_WITH_KNOTS('',3,(#6221,#6222,#6223,#6224),
  .UNSPECIFIED.,.F.,.F.,(4,4),(-5.759278710441E-03,0.),
  .PIECEWISE_BEZIER_KNOTS.);
#6221 = CARTESIAN_POINT('',(616.64875671756,619.59827906143));
#6222 = CARTESIAN_POINT('',(618.54896091497,619.59827906144));
#6223 = CARTESIAN_POINT('',(620.47518268422,619.59827906144));
#6224 = CARTESIAN_POINT('',(622.36887929211,619.59827906144));
#6225 = ( GEOMETRIC_REPRESENTATION_CONTEXT(2) 
PARAMETRIC_REPRESENTATION_CONTEXT() REPRESENTATION_CONTEXT('2D SPACE',''
  ) );
#6226 = PCURVE('',#5748,#6227);
#6227 = DEFINITIONAL_REPRESENTATION('',(#6228),#6233);
#6228 = B_SPLINE_CURVE_WITH_KNOTS('',3,(#6229,#6230,#6231,#6232),
  .UNSPECIFIED.,.F.,.F.,(4,4),(-5.759278710441E-03,0.),
  .PIECEWISE_BEZIER_KNOTS.);
#6229 = CARTESIAN_POINT('',(835.40122775498,703.85485547586));
#6230 = CARTESIAN_POINT('',(834.31268417772,702.27335004604));
#6231 = CARTESIAN_POINT('',(833.45964471885,700.54631345123));
#6232 = CARTESIAN_POINT('',(832.86380463088,698.72832764788));
#6233 = ( GEOMETRIC_REPRESENTATION_CONTEXT(2) 
PARAMETRIC_REPRESENTATION_CONTEXT() REPRESENTATION_CONTEXT('2D SPACE',''
  ) );
#6234 = ORIENTED_EDGE('',*,*,#6155,.T.);
#6235 = ORIENTED_EDGE('',*,*,#6236,.T.);
#6236 = EDGE_CURVE('',#6156,#6237,#6239,.T.);
#6237 = VERTEX_POINT('',#6238);
#6238 = CARTESIAN_POINT('',(-70.05709828244,-48.22002013397,
    7.268249630772E+03));
#6239 = SURFACE_CURVE('',#6240,(#6245,#6253),.PCURVE_S1.);
#6240 = B_SPLINE_CURVE_WITH_KNOTS('',3,(#6241,#6242,#6243,#6244),
  .UNSPECIFIED.,.F.,.F.,(4,4),(-5.759278710442E-03,0.),
  .PIECEWISE_BEZIER_KNOTS.);
#6241 = CARTESIAN_POINT('',(-67.51967515833,-53.34654796196,
    7.268249630772E+03));
#6242 = CARTESIAN_POINT('',(-68.1155152463,-51.52856215861,
    7.268249630772E+03));
#6243 = CARTESIAN_POINT('',(-68.96855470518,-49.80152556379,
    7.268249630772E+03));
#6244 = CARTESIAN_POINT('',(-70.05709828244,-48.22002013397,
    7.268249630772E+03));
#6245 = PCURVE('',#6169,#6246);
#6246 = DEFINITIONAL_REPRESENTATION('',(#6247),#6252);
#6247 = B_SPLINE_CURVE_WITH_KNOTS('',3,(#6248,#6249,#6250,#6251),
  .UNSPECIFIED.,.F.,.F.,(4,4),(-5.759278710442E-03,0.),
  .PIECEWISE_BEZIER_KNOTS.);
#6248 = CARTESIAN_POINT('',(622.36887929211,695.58106967569));
#6249 = CARTESIAN_POINT('',(620.47518268422,695.58106967569));
#6250 = CARTESIAN_POINT('',(618.54896091497,695.58106967568));
#6251 = CARTESIAN_POINT('',(616.64875671756,695.58106967568));
#6252 = ( GEOMETRIC_REPRESENTATION_CONTEXT(2) 
PARAMETRIC_REPRESENTATION_CONTEXT() REPRESENTATION_CONTEXT('2D SPACE',''
  ) );
#6253 = PCURVE('',#5683,#6254);
#6254 = DEFINITIONAL_REPRESENTATION('',(#6255),#6260);
#6255 = B_SPLINE_CURVE_WITH_KNOTS('',3,(#6256,#6257,#6258,#6259),
  .UNSPECIFIED.,.F.,.F.,(4,4),(-5.759278710442E-03,0.),
  .PIECEWISE_BEZIER_KNOTS.);
#6256 = CARTESIAN_POINT('',(659.6461795732,698.72832764788));
#6257 = CARTESIAN_POINT('',(659.05033948523,700.54631345123));
#6258 = CARTESIAN_POINT('',(658.19730002635,702.27335004605));
#6259 = CARTESIAN_POINT('',(657.1087564491,703.85485547587));
#6260 = ( GEOMETRIC_REPRESENTATION_CONTEXT(2) 
PARAMETRIC_REPRESENTATION_CONTEXT() REPRESENTATION_CONTEXT('2D SPACE',''
  ) );
#6261 = ORIENTED_EDGE('',*,*,#6262,.T.);
#6262 = EDGE_CURVE('',#6237,#6210,#6263,.T.);
#6263 = SURFACE_CURVE('',#6264,(#6267,#6273),.PCURVE_S1.);
#6264 = B_SPLINE_CURVE_WITH_KNOTS('',1,(#6265,#6266),.UNSPECIFIED.,.F.,
  .F.,(2,2),(0.,7.598279061425E-02),.PIECEWISE_BEZIER_KNOTS.);
#6265 = CARTESIAN_POINT('',(-70.05709828244,-48.22002013397,
    7.268249630772E+03));
#6266 = CARTESIAN_POINT('',(-70.05709828244,-48.22002013398,
    7.192266840158E+03));
#6267 = PCURVE('',#6169,#6268);
#6268 = DEFINITIONAL_REPRESENTATION('',(#6269),#6272);
#6269 = B_SPLINE_CURVE_WITH_KNOTS('',1,(#6270,#6271),.UNSPECIFIED.,.F.,
  .F.,(2,2),(0.,7.598279061425E-02),.PIECEWISE_BEZIER_KNOTS.);
#6270 = CARTESIAN_POINT('',(616.64875671756,695.58106967568));
#6271 = CARTESIAN_POINT('',(616.64875671756,619.59827906143));
#6272 = ( GEOMETRIC_REPRESENTATION_CONTEXT(2) 
PARAMETRIC_REPRESENTATION_CONTEXT() REPRESENTATION_CONTEXT('2D SPACE',''
  ) );
#6273 = PCURVE('',#6274,#6279);
#6274 = CYLINDRICAL_SURFACE('',#6275,85.048022822689);
#6275 = AXIS2_PLACEMENT_3D('',#6276,#6277,#6278);
#6276 = CARTESIAN_POINT('',(2.054883037974E-10,-1.218847481258E-05,
    7.230258235465E+03));
#6277 = DIRECTION('',(0.,0.,1.));
#6278 = DIRECTION('',(1.,0.,0.));
#6279 = DEFINITIONAL_REPRESENTATION('',(#6280),#6283);
#6280 = B_SPLINE_CURVE_WITH_KNOTS('',1,(#6281,#6282),.UNSPECIFIED.,.F.,
  .F.,(2,2),(0.,7.598279061425E-02),.PIECEWISE_BEZIER_KNOTS.);
#6281 = CARTESIAN_POINT('',(3.744420196993,37.991395307119));
#6282 = CARTESIAN_POINT('',(3.744420196993,-37.99139530713));
#6283 = ( GEOMETRIC_REPRESENTATION_CONTEXT(2) 
PARAMETRIC_REPRESENTATION_CONTEXT() REPRESENTATION_CONTEXT('2D SPACE',''
  ) );
#6284 = ADVANCED_FACE('',(#6285),#6274,.T.);
#6285 = FACE_BOUND('',#6286,.T.);
#6286 = EDGE_LOOP('',(#6287,#6311,#6336,#6358));
#6287 = ORIENTED_EDGE('',*,*,#6288,.T.);
#6288 = EDGE_CURVE('',#6237,#6289,#6291,.T.);
#6289 = VERTEX_POINT('',#6290);
#6290 = CARTESIAN_POINT('',(-64.60885419821,55.306968792369,
    7.268249630772E+03));
#6291 = SURFACE_CURVE('',#6292,(#6297,#6303),.PCURVE_S1.);
#6292 = ( BOUNDED_CURVE() B_SPLINE_CURVE(3,(#6293,#6294,#6295,#6296),
.UNSPECIFIED.,.F.,.F.) B_SPLINE_CURVE_WITH_KNOTS((4,4),(-0.120285617809,
0.),.PIECEWISE_BEZIER_KNOTS.) CURVE() GEOMETRIC_REPRESENTATION_ITEM() 
RATIONAL_B_SPLINE_CURVE((1.,0.861867413259,0.861867404161,1.)) 
REPRESENTATION_ITEM('') );
#6293 = CARTESIAN_POINT('',(-70.05709828244,-48.22002013397,
    7.268249630772E+03));
#6294 = CARTESIAN_POINT('',(-92.79002276694,-15.19217976817,
    7.268249630772E+03));
#6295 = CARTESIAN_POINT('',(-90.68289002236,24.847603064731,
    7.268249630772E+03));
#6296 = CARTESIAN_POINT('',(-64.60885419821,55.306968792369,
    7.268249630772E+03));
#6297 = PCURVE('',#6274,#6298);
#6298 = DEFINITIONAL_REPRESENTATION('',(#6299),#6302);
#6299 = B_SPLINE_CURVE_WITH_KNOTS('',1,(#6300,#6301),.UNSPECIFIED.,.F.,
  .F.,(2,2),(-0.120285617809,0.),.PIECEWISE_BEZIER_KNOTS.);
#6300 = CARTESIAN_POINT('',(3.744420196993,37.991395307119));
#6301 = CARTESIAN_POINT('',(2.433609482813,37.99139530713));
#6302 = ( GEOMETRIC_REPRESENTATION_CONTEXT(2) 
PARAMETRIC_REPRESENTATION_CONTEXT() REPRESENTATION_CONTEXT('2D SPACE',''
  ) );
#6303 = PCURVE('',#5683,#6304);
#6304 = DEFINITIONAL_REPRESENTATION('',(#6305),#6310);
#6305 = ( BOUNDED_CURVE() B_SPLINE_CURVE(3,(#6306,#6307,#6308,#6309),
.UNSPECIFIED.,.F.,.F.) B_SPLINE_CURVE_WITH_KNOTS((4,4),(-0.120285617809,
0.),.PIECEWISE_BEZIER_KNOTS.) CURVE() GEOMETRIC_REPRESENTATION_ITEM() 
RATIONAL_B_SPLINE_CURVE((1.,0.861867413259,0.861867404161,1.)) 
REPRESENTATION_ITEM('') );
#6306 = CARTESIAN_POINT('',(657.1087564491,703.85485547587));
#6307 = CARTESIAN_POINT('',(634.3758319646,736.88269584167));
#6308 = CARTESIAN_POINT('',(636.48296470917,776.92247867458));
#6309 = CARTESIAN_POINT('',(662.55700053332,807.38184440221));
#6310 = ( GEOMETRIC_REPRESENTATION_CONTEXT(2) 
PARAMETRIC_REPRESENTATION_CONTEXT() REPRESENTATION_CONTEXT('2D SPACE',''
  ) );
#6311 = ORIENTED_EDGE('',*,*,#6312,.T.);
#6312 = EDGE_CURVE('',#6289,#6313,#6315,.T.);
#6313 = VERTEX_POINT('',#6314);
#6314 = CARTESIAN_POINT('',(-64.60885419821,55.306968792369,
    7.192266840158E+03));
#6315 = SURFACE_CURVE('',#6316,(#6319,#6325),.PCURVE_S1.);
#6316 = B_SPLINE_CURVE_WITH_KNOTS('',1,(#6317,#6318),.UNSPECIFIED.,.F.,
  .F.,(2,2),(0.,7.598279061426E-02),.PIECEWISE_BEZIER_KNOTS.);
#6317 = CARTESIAN_POINT('',(-64.60885419821,55.306968792369,
    7.268249630772E+03));
#6318 = CARTESIAN_POINT('',(-64.60885419821,55.306968792369,
    7.192266840158E+03));
#6319 = PCURVE('',#6274,#6320);
#6320 = DEFINITIONAL_REPRESENTATION('',(#6321),#6324);
#6321 = B_SPLINE_CURVE_WITH_KNOTS('',1,(#6322,#6323),.UNSPECIFIED.,.F.,
  .F.,(2,2),(0.,7.598279061426E-02),.PIECEWISE_BEZIER_KNOTS.);
#6322 = CARTESIAN_POINT('',(2.433609482813,37.99139530713));
#6323 = CARTESIAN_POINT('',(2.433609482813,-37.99139530713));
#6324 = ( GEOMETRIC_REPRESENTATION_CONTEXT(2) 
PARAMETRIC_REPRESENTATION_CONTEXT() REPRESENTATION_CONTEXT('2D SPACE',''
  ) );
#6325 = PCURVE('',#6326,#6331);
#6326 = PLANE('',#6327);
#6327 = AXIS2_PLACEMENT_3D('',#6328,#6329,#6330);
#6328 = CARTESIAN_POINT('',(269.24505167812,581.06776195626,
    6.572668561097E+03));
#6329 = DIRECTION('',(-0.84418655854,0.536049488741,4.6730446957E-14));
#6330 = DIRECTION('',(-0.536049488741,-0.84418655854,0.));
#6331 = DEFINITIONAL_REPRESENTATION('',(#6332),#6335);
#6332 = B_SPLINE_CURVE_WITH_KNOTS('',1,(#6333,#6334),.UNSPECIFIED.,.F.,
  .F.,(2,2),(0.,7.598279061426E-02),.PIECEWISE_BEZIER_KNOTS.);
#6333 = CARTESIAN_POINT('',(622.80241015576,695.58106967569));
#6334 = CARTESIAN_POINT('',(622.80241015576,619.59827906143));
#6335 = ( GEOMETRIC_REPRESENTATION_CONTEXT(2) 
PARAMETRIC_REPRESENTATION_CONTEXT() REPRESENTATION_CONTEXT('2D SPACE',''
  ) );
#6336 = ORIENTED_EDGE('',*,*,#6337,.T.);
#6337 = EDGE_CURVE('',#6313,#6210,#6338,.T.);
#6338 = SURFACE_CURVE('',#6339,(#6344,#6350),.PCURVE_S1.);
#6339 = ( BOUNDED_CURVE() B_SPLINE_CURVE(3,(#6340,#6341,#6342,#6343),
.UNSPECIFIED.,.F.,.F.) B_SPLINE_CURVE_WITH_KNOTS((4,4),(-0.120285624069,
0.),.PIECEWISE_BEZIER_KNOTS.) CURVE() GEOMETRIC_REPRESENTATION_ITEM() 
RATIONAL_B_SPLINE_CURVE((1.,0.861867347392,0.861867351941,1.)) 
REPRESENTATION_ITEM('') );
#6340 = CARTESIAN_POINT('',(-64.60885419821,55.306968792369,
    7.192266840158E+03));
#6341 = CARTESIAN_POINT('',(-90.6828890176,24.84762215719,
    7.192266840158E+03));
#6342 = CARTESIAN_POINT('',(-92.79002905555,-15.19217063167,
    7.192266840158E+03));
#6343 = CARTESIAN_POINT('',(-70.05709828244,-48.22002013398,
    7.192266840158E+03));
#6344 = PCURVE('',#6274,#6345);
#6345 = DEFINITIONAL_REPRESENTATION('',(#6346),#6349);
#6346 = B_SPLINE_CURVE_WITH_KNOTS('',1,(#6347,#6348),.UNSPECIFIED.,.F.,
  .F.,(2,2),(-0.120285624069,0.),.PIECEWISE_BEZIER_KNOTS.);
#6347 = CARTESIAN_POINT('',(2.433609482813,-37.99139530713));
#6348 = CARTESIAN_POINT('',(3.744420196993,-37.99139530713));
#6349 = ( GEOMETRIC_REPRESENTATION_CONTEXT(2) 
PARAMETRIC_REPRESENTATION_CONTEXT() REPRESENTATION_CONTEXT('2D SPACE',''
  ) );
#6350 = PCURVE('',#5748,#6351);
#6351 = DEFINITIONAL_REPRESENTATION('',(#6352),#6357);
#6352 = ( BOUNDED_CURVE() B_SPLINE_CURVE(3,(#6353,#6354,#6355,#6356),
.UNSPECIFIED.,.F.,.F.) B_SPLINE_CURVE_WITH_KNOTS((4,4),(-0.120285624069,
0.),.PIECEWISE_BEZIER_KNOTS.) CURVE() GEOMETRIC_REPRESENTATION_ITEM() 
RATIONAL_B_SPLINE_CURVE((1.,0.861867347392,0.861867351941,1.)) 
REPRESENTATION_ITEM('') );
#6353 = CARTESIAN_POINT('',(829.95298367075,807.38184440221));
#6354 = CARTESIAN_POINT('',(856.02701849014,776.92249776704));
#6355 = CARTESIAN_POINT('',(858.13415852809,736.88270497817));
#6356 = CARTESIAN_POINT('',(835.40122775498,703.85485547586));
#6357 = ( GEOMETRIC_REPRESENTATION_CONTEXT(2) 
PARAMETRIC_REPRESENTATION_CONTEXT() REPRESENTATION_CONTEXT('2D SPACE',''
  ) );
#6358 = ORIENTED_EDGE('',*,*,#6262,.F.);
#6359 = ADVANCED_FACE('',(#6360),#6326,.T.);
#6360 = FACE_BOUND('',#6361,.T.);
#6361 = EDGE_LOOP('',(#6362,#6388,#6389,#6415));
#6362 = ORIENTED_EDGE('',*,*,#6363,.T.);
#6363 = EDGE_CURVE('',#6364,#6313,#6366,.T.);
#6364 = VERTEX_POINT('',#6365);
#6365 = CARTESIAN_POINT('',(-61.56720516702,60.094854613547,
    7.192266840158E+03));
#6366 = SURFACE_CURVE('',#6367,(#6372,#6380),.PCURVE_S1.);
#6367 = B_SPLINE_CURVE_WITH_KNOTS('',3,(#6368,#6369,#6370,#6371),
  .UNSPECIFIED.,.F.,.F.,(4,4),(-5.710525883014E-03,0.),
  .PIECEWISE_BEZIER_KNOTS.);
#6368 = CARTESIAN_POINT('',(-61.56720516702,60.094854613547,
    7.192266840158E+03));
#6369 = CARTESIAN_POINT('',(-62.34806606396,58.366081059001,
    7.192266840158E+03));
#6370 = CARTESIAN_POINT('',(-63.37082443105,56.753218131922,
    7.192266840158E+03));
#6371 = CARTESIAN_POINT('',(-64.60885419821,55.306968792369,
    7.192266840158E+03));
#6372 = PCURVE('',#6326,#6373);
#6373 = DEFINITIONAL_REPRESENTATION('',(#6374),#6379);
#6374 = B_SPLINE_CURVE_WITH_KNOTS('',3,(#6375,#6376,#6377,#6378),
  .UNSPECIFIED.,.F.,.F.,(4,4),(-5.710525883014E-03,0.),
  .PIECEWISE_BEZIER_KNOTS.);
#6375 = CARTESIAN_POINT('',(617.1300668936,619.59827906143));
#6376 = CARTESIAN_POINT('',(619.00805437569,619.59827906143));
#6377 = CARTESIAN_POINT('',(620.91786067928,619.59827906144));
#6378 = CARTESIAN_POINT('',(622.80241015576,619.59827906143));
#6379 = ( GEOMETRIC_REPRESENTATION_CONTEXT(2) 
PARAMETRIC_REPRESENTATION_CONTEXT() REPRESENTATION_CONTEXT('2D SPACE',''
  ) );
#6380 = PCURVE('',#5748,#6381);
#6381 = DEFINITIONAL_REPRESENTATION('',(#6382),#6387);
#6382 = B_SPLINE_CURVE_WITH_KNOTS('',3,(#6383,#6384,#6385,#6386),
  .UNSPECIFIED.,.F.,.F.,(4,4),(-5.710525883014E-03,0.),
  .PIECEWISE_BEZIER_KNOTS.);
#6383 = CARTESIAN_POINT('',(826.91133463956,812.16973022339));
#6384 = CARTESIAN_POINT('',(827.6921955365,810.44095666885));
#6385 = CARTESIAN_POINT('',(828.71495390359,808.82809374177));
#6386 = CARTESIAN_POINT('',(829.95298367075,807.38184440221));
#6387 = ( GEOMETRIC_REPRESENTATION_CONTEXT(2) 
PARAMETRIC_REPRESENTATION_CONTEXT() REPRESENTATION_CONTEXT('2D SPACE',''
  ) );
#6388 = ORIENTED_EDGE('',*,*,#6312,.F.);
#6389 = ORIENTED_EDGE('',*,*,#6390,.T.);
#6390 = EDGE_CURVE('',#6289,#6391,#6393,.T.);
#6391 = VERTEX_POINT('',#6392);
#6392 = CARTESIAN_POINT('',(-61.56720516702,60.094854613551,
    7.268249630772E+03));
#6393 = SURFACE_CURVE('',#6394,(#6399,#6407),.PCURVE_S1.);
#6394 = B_SPLINE_CURVE_WITH_KNOTS('',3,(#6395,#6396,#6397,#6398),
  .UNSPECIFIED.,.F.,.F.,(4,4),(-5.710525883018E-03,0.),
  .PIECEWISE_BEZIER_KNOTS.);
#6395 = CARTESIAN_POINT('',(-64.60885419821,55.306968792369,
    7.268249630772E+03));
#6396 = CARTESIAN_POINT('',(-63.37082443105,56.753218131926,
    7.268249630772E+03));
#6397 = CARTESIAN_POINT('',(-62.34806606396,58.366081059005,
    7.268249630772E+03));
#6398 = CARTESIAN_POINT('',(-61.56720516702,60.094854613551,
    7.268249630772E+03));
#6399 = PCURVE('',#6326,#6400);
#6400 = DEFINITIONAL_REPRESENTATION('',(#6401),#6406);
#6401 = B_SPLINE_CURVE_WITH_KNOTS('',3,(#6402,#6403,#6404,#6405),
  .UNSPECIFIED.,.F.,.F.,(4,4),(-5.710525883018E-03,0.),
  .PIECEWISE_BEZIER_KNOTS.);
#6402 = CARTESIAN_POINT('',(622.80241015576,695.58106967569));
#6403 = CARTESIAN_POINT('',(620.91786067927,695.58106967569));
#6404 = CARTESIAN_POINT('',(619.00805437568,695.58106967568));
#6405 = CARTESIAN_POINT('',(617.13006689359,695.58106967568));
#6406 = ( GEOMETRIC_REPRESENTATION_CONTEXT(2) 
PARAMETRIC_REPRESENTATION_CONTEXT() REPRESENTATION_CONTEXT('2D SPACE',''
  ) );
#6407 = PCURVE('',#5683,#6408);
#6408 = DEFINITIONAL_REPRESENTATION('',(#6409),#6414);
#6409 = B_SPLINE_CURVE_WITH_KNOTS('',3,(#6410,#6411,#6412,#6413),
  .UNSPECIFIED.,.F.,.F.,(4,4),(-5.710525883018E-03,0.),
  .PIECEWISE_BEZIER_KNOTS.);
#6410 = CARTESIAN_POINT('',(662.55700053332,807.38184440221));
#6411 = CARTESIAN_POINT('',(663.79503030048,808.82809374177));
#6412 = CARTESIAN_POINT('',(664.81778866757,810.44095666885));
#6413 = CARTESIAN_POINT('',(665.59864956451,812.1697302234));
#6414 = ( GEOMETRIC_REPRESENTATION_CONTEXT(2) 
PARAMETRIC_REPRESENTATION_CONTEXT() REPRESENTATION_CONTEXT('2D SPACE',''
  ) );
#6415 = ORIENTED_EDGE('',*,*,#6416,.T.);
#6416 = EDGE_CURVE('',#6391,#6364,#6417,.T.);
#6417 = SURFACE_CURVE('',#6418,(#6421,#6427),.PCURVE_S1.);
#6418 = B_SPLINE_CURVE_WITH_KNOTS('',1,(#6419,#6420),.UNSPECIFIED.,.F.,
  .F.,(2,2),(0.,7.598279061425E-02),.PIECEWISE_BEZIER_KNOTS.);
#6419 = CARTESIAN_POINT('',(-61.56720516702,60.094854613551,
    7.268249630772E+03));
#6420 = CARTESIAN_POINT('',(-61.56720516702,60.094854613547,
    7.192266840158E+03));
#6421 = PCURVE('',#6326,#6422);
#6422 = DEFINITIONAL_REPRESENTATION('',(#6423),#6426);
#6423 = B_SPLINE_CURVE_WITH_KNOTS('',1,(#6424,#6425),.UNSPECIFIED.,.F.,
  .F.,(2,2),(0.,7.598279061425E-02),.PIECEWISE_BEZIER_KNOTS.);
#6424 = CARTESIAN_POINT('',(617.13006689359,695.58106967568));
#6425 = CARTESIAN_POINT('',(617.1300668936,619.59827906143));
#6426 = ( GEOMETRIC_REPRESENTATION_CONTEXT(2) 
PARAMETRIC_REPRESENTATION_CONTEXT() REPRESENTATION_CONTEXT('2D SPACE',''
  ) );
#6427 = PCURVE('',#6428,#6433);
#6428 = CYLINDRICAL_SURFACE('',#6429,17.896999755884);
#6429 = AXIS2_PLACEMENT_3D('',#6430,#6431,#6432);
#6430 = CARTESIAN_POINT('',(-77.52689083092,68.193683774092,
    7.230258235465E+03));
#6431 = DIRECTION('',(-3.473905695203E-13,4.962722421718E-14,-1.));
#6432 = DIRECTION('',(-1.,0.,3.473905695203E-13));
#6433 = DEFINITIONAL_REPRESENTATION('',(#6434),#6437);
#6434 = B_SPLINE_CURVE_WITH_KNOTS('',1,(#6435,#6436),.UNSPECIFIED.,.F.,
  .F.,(2,2),(0.,7.598279061425E-02),.PIECEWISE_BEZIER_KNOTS.);
#6435 = CARTESIAN_POINT('',(3.611186803146,-37.99139530712));
#6436 = CARTESIAN_POINT('',(3.611186803146,37.991395307124));
#6437 = ( GEOMETRIC_REPRESENTATION_CONTEXT(2) 
PARAMETRIC_REPRESENTATION_CONTEXT() REPRESENTATION_CONTEXT('2D SPACE',''
  ) );
#6438 = ADVANCED_FACE('',(#6439),#6428,.F.);
#6439 = FACE_BOUND('',#6440,.F.);
#6440 = EDGE_LOOP('',(#6441,#6468,#6493,#6518));
#6441 = ORIENTED_EDGE('',*,*,#6442,.T.);
#6442 = EDGE_CURVE('',#6364,#6443,#6445,.T.);
#6443 = VERTEX_POINT('',#6444);
#6444 = CARTESIAN_POINT('',(-60.30789444359,73.073106247627,
    7.192266840158E+03));
#6445 = SURFACE_CURVE('',#6446,(#6451,#6457),.PCURVE_S1.);
#6446 = CIRCLE('',#6447,17.896999755866);
#6447 = AXIS2_PLACEMENT_3D('',#6448,#6449,#6450);
#6448 = CARTESIAN_POINT('',(-77.5268908309,68.193683774085,
    7.192266840158E+03));
#6449 = DIRECTION('',(-4.317990370261E-13,-7.108964842985E-13,1.));
#6450 = DIRECTION('',(0.891752018863,-0.452524404706,6.335965464659E-14)
  );
#6451 = PCURVE('',#6428,#6452);
#6452 = DEFINITIONAL_REPRESENTATION('',(#6453),#6456);
#6453 = B_SPLINE_CURVE_WITH_KNOTS('',1,(#6454,#6455),.UNSPECIFIED.,.F.,
  .F.,(2,2),(-0.,0.745729167527),.PIECEWISE_BEZIER_KNOTS.);
#6454 = CARTESIAN_POINT('',(3.611186803146,37.991395307123));
#6455 = CARTESIAN_POINT('',(2.865457635619,37.991395307114));
#6456 = ( GEOMETRIC_REPRESENTATION_CONTEXT(2) 
PARAMETRIC_REPRESENTATION_CONTEXT() REPRESENTATION_CONTEXT('2D SPACE',''
  ) );
#6457 = PCURVE('',#5748,#6458);
#6458 = DEFINITIONAL_REPRESENTATION('',(#6459),#6467);
#6459 = ( BOUNDED_CURVE() B_SPLINE_CURVE(2,(#6460,#6461,#6462,#6463,
#6464,#6465,#6466),.UNSPECIFIED.,.T.,.F.) B_SPLINE_CURVE_WITH_KNOTS((1,2
    ,2,2,2,1),(-2.094395102393,0.,2.094395102393,4.188790204786,
6.28318530718,8.377580409573),.UNSPECIFIED.) CURVE() 
GEOMETRIC_REPRESENTATION_ITEM() RATIONAL_B_SPLINE_CURVE((1.,0.5,1.,0.5,
1.,0.5,1.)) REPRESENTATION_ITEM('') );
#6460 = CARTESIAN_POINT('',(826.91133463956,812.16973022339));
#6461 = CARTESIAN_POINT('',(812.88375105169,839.81271666606));
#6462 = CARTESIAN_POINT('',(843.83707134145,838.13946718553));
#6463 = CARTESIAN_POINT('',(874.7903916312,836.46621770501));
#6464 = CARTESIAN_POINT('',(857.86465492932,810.49648074286));
#6465 = CARTESIAN_POINT('',(840.93891822743,784.52674378072));
#6466 = CARTESIAN_POINT('',(826.91133463956,812.16973022339));
#6467 = ( GEOMETRIC_REPRESENTATION_CONTEXT(2) 
PARAMETRIC_REPRESENTATION_CONTEXT() REPRESENTATION_CONTEXT('2D SPACE',''
  ) );
#6468 = ORIENTED_EDGE('',*,*,#6469,.T.);
#6469 = EDGE_CURVE('',#6443,#6470,#6472,.T.);
#6470 = VERTEX_POINT('',#6471);
#6471 = CARTESIAN_POINT('',(-60.30789444359,73.073106247628,
    7.268249630772E+03));
#6472 = SURFACE_CURVE('',#6473,(#6476,#6482),.PCURVE_S1.);
#6473 = B_SPLINE_CURVE_WITH_KNOTS('',1,(#6474,#6475),.UNSPECIFIED.,.F.,
  .F.,(2,2),(-7.598279061424E-02,0.),.PIECEWISE_BEZIER_KNOTS.);
#6474 = CARTESIAN_POINT('',(-60.30789444359,73.073106247627,
    7.192266840158E+03));
#6475 = CARTESIAN_POINT('',(-60.30789444359,73.073106247628,
    7.268249630772E+03));
#6476 = PCURVE('',#6428,#6477);
#6477 = DEFINITIONAL_REPRESENTATION('',(#6478),#6481);
#6478 = B_SPLINE_CURVE_WITH_KNOTS('',1,(#6479,#6480),.UNSPECIFIED.,.F.,
  .F.,(2,2),(-7.598279061424E-02,0.),.PIECEWISE_BEZIER_KNOTS.);
#6479 = CARTESIAN_POINT('',(2.86545763562,37.991395307115));
#6480 = CARTESIAN_POINT('',(2.86545763562,-37.99139530712));
#6481 = ( GEOMETRIC_REPRESENTATION_CONTEXT(2) 
PARAMETRIC_REPRESENTATION_CONTEXT() REPRESENTATION_CONTEXT('2D SPACE',''
  ) );
#6482 = PCURVE('',#6483,#6488);
#6483 = PLANE('',#6484);
#6484 = AXIS2_PLACEMENT_3D('',#6485,#6486,#6487);
#6485 = CARTESIAN_POINT('',(-229.73695565,703.6900354817,
    6.572668561097E+03));
#6486 = DIRECTION('',(-0.96575111301,-0.259470205843,5.302054872433E-14)
  );
#6487 = DIRECTION('',(0.259470205843,-0.96575111301,0.));
#6488 = DEFINITIONAL_REPRESENTATION('',(#6489),#6492);
#6489 = B_SPLINE_CURVE_WITH_KNOTS('',1,(#6490,#6491),.UNSPECIFIED.,.F.,
  .F.,(2,2),(-7.598279061424E-02,0.),.PIECEWISE_BEZIER_KNOTS.);
#6490 = CARTESIAN_POINT('',(652.98079467771,619.59827906144));
#6491 = CARTESIAN_POINT('',(652.98079467771,695.58106967568));
#6492 = ( GEOMETRIC_REPRESENTATION_CONTEXT(2) 
PARAMETRIC_REPRESENTATION_CONTEXT() REPRESENTATION_CONTEXT('2D SPACE',''
  ) );
#6493 = ORIENTED_EDGE('',*,*,#6494,.T.);
#6494 = EDGE_CURVE('',#6470,#6391,#6495,.T.);
#6495 = SURFACE_CURVE('',#6496,(#6501,#6507),.PCURVE_S1.);
#6496 = CIRCLE('',#6497,17.896999755873);
#6497 = AXIS2_PLACEMENT_3D('',#6498,#6499,#6500);
#6498 = CARTESIAN_POINT('',(-77.52689083091,68.19368377409,
    7.268249630772E+03));
#6499 = DIRECTION('',(0.,0.,-1.));
#6500 = DIRECTION('',(0.962116367112,0.272639131703,0.));
#6501 = PCURVE('',#6428,#6502);
#6502 = DEFINITIONAL_REPRESENTATION('',(#6503),#6506);
#6503 = B_SPLINE_CURVE_WITH_KNOTS('',1,(#6504,#6505),.UNSPECIFIED.,.F.,
  .F.,(2,2),(0.,0.745729167527),.PIECEWISE_BEZIER_KNOTS.);
#6504 = CARTESIAN_POINT('',(2.86545763562,-37.99139530712));
#6505 = CARTESIAN_POINT('',(3.611186803146,-37.99139530712));
#6506 = ( GEOMETRIC_REPRESENTATION_CONTEXT(2) 
PARAMETRIC_REPRESENTATION_CONTEXT() REPRESENTATION_CONTEXT('2D SPACE',''
  ) );
#6507 = PCURVE('',#5683,#6508);
#6508 = DEFINITIONAL_REPRESENTATION('',(#6509),#6517);
#6509 = ( BOUNDED_CURVE() B_SPLINE_CURVE(2,(#6510,#6511,#6512,#6513,
#6514,#6515,#6516),.UNSPECIFIED.,.T.,.F.) B_SPLINE_CURVE_WITH_KNOTS((1,2
    ,2,2,2,1),(-2.094395102393,0.,2.094395102393,4.188790204786,
6.28318530718,8.377580409573),.UNSPECIFIED.) CURVE() 
GEOMETRIC_REPRESENTATION_ITEM() RATIONAL_B_SPLINE_CURVE((1.,0.5,1.,0.5,
1.,0.5,1.)) REPRESENTATION_ITEM('') );
#6510 = CARTESIAN_POINT('',(666.85796028794,825.14798185747));
#6511 = CARTESIAN_POINT('',(675.3093679237,795.32380525929));
#6512 = CARTESIAN_POINT('',(645.25516952485,802.91675984808));
#6513 = CARTESIAN_POINT('',(615.20097112599,810.50971443686));
#6514 = CARTESIAN_POINT('',(636.80376188909,832.74093644625));
#6515 = CARTESIAN_POINT('',(658.40655265218,854.97215845565));
#6516 = CARTESIAN_POINT('',(666.85796028794,825.14798185747));
#6517 = ( GEOMETRIC_REPRESENTATION_CONTEXT(2) 
PARAMETRIC_REPRESENTATION_CONTEXT() REPRESENTATION_CONTEXT('2D SPACE',''
  ) );
#6518 = ORIENTED_EDGE('',*,*,#6416,.T.);
#6519 = ADVANCED_FACE('',(#6520),#6483,.T.);
#6520 = FACE_BOUND('',#6521,.T.);
#6521 = EDGE_LOOP('',(#6522,#6557,#6582,#6615));
#6522 = ORIENTED_EDGE('',*,*,#6523,.T.);
#6523 = EDGE_CURVE('',#6470,#6524,#6526,.T.);
#6524 = VERTEX_POINT('',#6525);
#6525 = CARTESIAN_POINT('',(-69.33701859547,106.67961097468,
    7.268249630772E+03));
#6526 = SURFACE_CURVE('',#6527,(#6535,#6546),.PCURVE_S1.);
#6527 = B_SPLINE_CURVE_WITH_KNOTS('',3,(#6528,#6529,#6530,#6531,#6532,
    #6533,#6534),.UNSPECIFIED.,.F.,.F.,(4,3,4),(0.,2.543215327062E-02,
    3.47983080468E-02),.UNSPECIFIED.);
#6528 = CARTESIAN_POINT('',(-60.30789444359,73.073106247628,
    7.268249630772E+03));
#6529 = CARTESIAN_POINT('',(-62.50752312497,81.260149690076,
    7.268249630772E+03));
#6530 = CARTESIAN_POINT('',(-64.70715180636,89.447193132523,
    7.268249630772E+03));
#6531 = CARTESIAN_POINT('',(-66.90678048774,97.634236574967,
    7.268249630772E+03));
#6532 = CARTESIAN_POINT('',(-67.71685947071,100.64935993715,
    7.268249630772E+03));
#6533 = CARTESIAN_POINT('',(-68.52693845368,103.66448329933,
    7.268249630772E+03));
#6534 = CARTESIAN_POINT('',(-69.33701859547,106.67961097468,
    7.268249630772E+03));
#6535 = PCURVE('',#6483,#6536);
#6536 = DEFINITIONAL_REPRESENTATION('',(#6537),#6545);
#6537 = B_SPLINE_CURVE_WITH_KNOTS('',3,(#6538,#6539,#6540,#6541,#6542,
    #6543,#6544),.UNSPECIFIED.,.F.,.F.,(4,3,4),(0.,2.543215327062E-02,
    3.47983080468E-02),.UNSPECIFIED.);
#6538 = CARTESIAN_POINT('',(652.98079467771,695.58106967568));
#6539 = CARTESIAN_POINT('',(644.50341025417,695.58106967568));
#6540 = CARTESIAN_POINT('',(636.02602583063,695.58106967568));
#6541 = CARTESIAN_POINT('',(627.54864140709,695.58106967568));
#6542 = CARTESIAN_POINT('',(624.42659130374,695.58106967568));
#6543 = CARTESIAN_POINT('',(621.30454120039,695.58106967568));
#6544 = CARTESIAN_POINT('',(618.18248663091,695.58106967568));
#6545 = ( GEOMETRIC_REPRESENTATION_CONTEXT(2) 
PARAMETRIC_REPRESENTATION_CONTEXT() REPRESENTATION_CONTEXT('2D SPACE',''
  ) );
#6546 = PCURVE('',#5683,#6547);
#6547 = DEFINITIONAL_REPRESENTATION('',(#6548),#6556);
#6548 = B_SPLINE_CURVE_WITH_KNOTS('',3,(#6549,#6550,#6551,#6552,#6553,
    #6554,#6555),.UNSPECIFIED.,.F.,.F.,(4,3,4),(0.,2.543215327062E-02,
    3.47983080468E-02),.UNSPECIFIED.);
#6549 = CARTESIAN_POINT('',(666.85796028794,825.14798185747));
#6550 = CARTESIAN_POINT('',(664.65833160656,833.33502529992));
#6551 = CARTESIAN_POINT('',(662.45870292517,841.52206874237));
#6552 = CARTESIAN_POINT('',(660.25907424379,849.70911218481));
#6553 = CARTESIAN_POINT('',(659.44899526082,852.724235547));
#6554 = CARTESIAN_POINT('',(658.63891627785,855.73935890918));
#6555 = CARTESIAN_POINT('',(657.82883613606,858.75448658453));
#6556 = ( GEOMETRIC_REPRESENTATION_CONTEXT(2) 
PARAMETRIC_REPRESENTATION_CONTEXT() REPRESENTATION_CONTEXT('2D SPACE',''
  ) );
#6557 = ORIENTED_EDGE('',*,*,#6558,.T.);
#6558 = EDGE_CURVE('',#6524,#6559,#6561,.T.);
#6559 = VERTEX_POINT('',#6560);
#6560 = CARTESIAN_POINT('',(-69.33701859548,106.67961097468,
    7.192266840158E+03));
#6561 = SURFACE_CURVE('',#6562,(#6565,#6571),.PCURVE_S1.);
#6562 = B_SPLINE_CURVE_WITH_KNOTS('',1,(#6563,#6564),.UNSPECIFIED.,.F.,
  .F.,(2,2),(0.,7.598279061425E-02),.PIECEWISE_BEZIER_KNOTS.);
#6563 = CARTESIAN_POINT('',(-69.33701859547,106.67961097468,
    7.268249630772E+03));
#6564 = CARTESIAN_POINT('',(-69.33701859548,106.67961097468,
    7.192266840158E+03));
#6565 = PCURVE('',#6483,#6566);
#6566 = DEFINITIONAL_REPRESENTATION('',(#6567),#6570);
#6567 = B_SPLINE_CURVE_WITH_KNOTS('',1,(#6568,#6569),.UNSPECIFIED.,.F.,
  .F.,(2,2),(0.,7.598279061425E-02),.PIECEWISE_BEZIER_KNOTS.);
#6568 = CARTESIAN_POINT('',(618.18248663091,695.58106967568));
#6569 = CARTESIAN_POINT('',(618.18248663091,619.59827906143));
#6570 = ( GEOMETRIC_REPRESENTATION_CONTEXT(2) 
PARAMETRIC_REPRESENTATION_CONTEXT() REPRESENTATION_CONTEXT('2D SPACE',''
  ) );
#6571 = PCURVE('',#6572,#6577);
#6572 = CYLINDRICAL_SURFACE('',#6573,4.998415536111);
#6573 = AXIS2_PLACEMENT_3D('',#6574,#6575,#6576);
#6574 = CARTESIAN_POINT('',(-64.51012634123,107.97779009852,
    7.230258235465E+03));
#6575 = DIRECTION('',(-8.884599662467E-13,-1.776919932493E-13,1.));
#6576 = DIRECTION('',(1.,0.,8.884599662467E-13));
#6577 = DEFINITIONAL_REPRESENTATION('',(#6578),#6581);
#6578 = B_SPLINE_CURVE_WITH_KNOTS('',1,(#6579,#6580),.UNSPECIFIED.,.F.,
  .F.,(2,2),(0.,7.598279061425E-02),.PIECEWISE_BEZIER_KNOTS.);
#6579 = CARTESIAN_POINT('',(3.404322956286,37.991395307124));
#6580 = CARTESIAN_POINT('',(3.404322956285,-37.99139530712));
#6581 = ( GEOMETRIC_REPRESENTATION_CONTEXT(2) 
PARAMETRIC_REPRESENTATION_CONTEXT() REPRESENTATION_CONTEXT('2D SPACE',''
  ) );
#6582 = ORIENTED_EDGE('',*,*,#6583,.T.);
#6583 = EDGE_CURVE('',#6559,#6443,#6584,.T.);
#6584 = SURFACE_CURVE('',#6585,(#6593,#6604),.PCURVE_S1.);
#6585 = B_SPLINE_CURVE_WITH_KNOTS('',3,(#6586,#6587,#6588,#6589,#6590,
    #6591,#6592),.UNSPECIFIED.,.F.,.F.,(4,3,4),(0.,9.36615477618E-03,
    3.47983080468E-02),.UNSPECIFIED.);
#6586 = CARTESIAN_POINT('',(-69.33701859548,106.67961097468,
    7.192266840158E+03));
#6587 = CARTESIAN_POINT('',(-68.52693845368,103.66448329933,
    7.192266840158E+03));
#6588 = CARTESIAN_POINT('',(-67.71685947071,100.64935993715,
    7.192266840158E+03));
#6589 = CARTESIAN_POINT('',(-66.90678048774,97.634236574967,
    7.192266840158E+03));
#6590 = CARTESIAN_POINT('',(-64.70715180636,89.447193132523,
    7.192266840158E+03));
#6591 = CARTESIAN_POINT('',(-62.50752312498,81.260149690072,
    7.192266840158E+03));
#6592 = CARTESIAN_POINT('',(-60.30789444359,73.073106247627,
    7.192266840158E+03));
#6593 = PCURVE('',#6483,#6594);
#6594 = DEFINITIONAL_REPRESENTATION('',(#6595),#6603);
#6595 = B_SPLINE_CURVE_WITH_KNOTS('',3,(#6596,#6597,#6598,#6599,#6600,
    #6601,#6602),.UNSPECIFIED.,.F.,.F.,(4,3,4),(0.,9.36615477618E-03,
    3.47983080468E-02),.UNSPECIFIED.);
#6596 = CARTESIAN_POINT('',(618.18248663091,619.59827906143));
#6597 = CARTESIAN_POINT('',(621.30454120039,619.59827906143));
#6598 = CARTESIAN_POINT('',(624.42659130374,619.59827906143));
#6599 = CARTESIAN_POINT('',(627.54864140709,619.59827906143));
#6600 = CARTESIAN_POINT('',(636.02602583063,619.59827906144));
#6601 = CARTESIAN_POINT('',(644.50341025417,619.59827906144));
#6602 = CARTESIAN_POINT('',(652.98079467771,619.59827906144));
#6603 = ( GEOMETRIC_REPRESENTATION_CONTEXT(2) 
PARAMETRIC_REPRESENTATION_CONTEXT() REPRESENTATION_CONTEXT('2D SPACE',''
  ) );
#6604 = PCURVE('',#5748,#6605);
#6605 = DEFINITIONAL_REPRESENTATION('',(#6606),#6614);
#6606 = B_SPLINE_CURVE_WITH_KNOTS('',3,(#6607,#6608,#6609,#6610,#6611,
    #6612,#6613),.UNSPECIFIED.,.F.,.F.,(4,3,4),(0.,9.36615477618E-03,
    3.47983080468E-02),.UNSPECIFIED.);
#6607 = CARTESIAN_POINT('',(834.68114806802,858.75448658453));
#6608 = CARTESIAN_POINT('',(833.87106792622,855.73935890918));
#6609 = CARTESIAN_POINT('',(833.06098894325,852.724235547));
#6610 = CARTESIAN_POINT('',(832.25090996028,849.70911218481));
#6611 = CARTESIAN_POINT('',(830.0512812789,841.52206874237));
#6612 = CARTESIAN_POINT('',(827.85165259752,833.33502529992));
#6613 = CARTESIAN_POINT('',(825.65202391613,825.14798185747));
#6614 = ( GEOMETRIC_REPRESENTATION_CONTEXT(2) 
PARAMETRIC_REPRESENTATION_CONTEXT() REPRESENTATION_CONTEXT('2D SPACE',''
  ) );
#6615 = ORIENTED_EDGE('',*,*,#6469,.T.);
#6616 = ADVANCED_FACE('',(#6617),#6572,.T.);
#6617 = FACE_BOUND('',#6618,.T.);
#6618 = EDGE_LOOP('',(#6619,#6646,#6647,#6674));
#6619 = ORIENTED_EDGE('',*,*,#6620,.T.);
#6620 = EDGE_CURVE('',#6621,#6559,#6623,.T.);
#6621 = VERTEX_POINT('',#6622);
#6622 = CARTESIAN_POINT('',(-66.78121856104,112.43046322831,
    7.192266840158E+03));
#6623 = SURFACE_CURVE('',#6624,(#6629,#6635),.PCURVE_S1.);
#6624 = CIRCLE('',#6625,4.998415536114);
#6625 = AXIS2_PLACEMENT_3D('',#6626,#6627,#6628);
#6626 = CARTESIAN_POINT('',(-64.51012634123,107.97779009852,
    7.192266840158E+03));
#6627 = DIRECTION('',(-1.456206513323E-12,6.47168887803E-13,1.));
#6628 = DIRECTION('',(-0.454362428133,0.890816919407,-1.238154522225E-12
    ));
#6629 = PCURVE('',#6572,#6630);
#6630 = DEFINITIONAL_REPRESENTATION('',(#6631),#6634);
#6631 = B_SPLINE_CURVE_WITH_KNOTS('',1,(#6632,#6633),.UNSPECIFIED.,.F.,
  .F.,(2,2),(0.,1.361870262045),.PIECEWISE_BEZIER_KNOTS.);
#6632 = CARTESIAN_POINT('',(2.042452694247,-37.99139530712));
#6633 = CARTESIAN_POINT('',(3.404322956292,-37.99139530712));
#6634 = ( GEOMETRIC_REPRESENTATION_CONTEXT(2) 
PARAMETRIC_REPRESENTATION_CONTEXT() REPRESENTATION_CONTEXT('2D SPACE',''
  ) );
#6635 = PCURVE('',#5748,#6636);
#6636 = DEFINITIONAL_REPRESENTATION('',(#6637),#6645);
#6637 = ( BOUNDED_CURVE() B_SPLINE_CURVE(2,(#6638,#6639,#6640,#6641,
#6642,#6643,#6644),.UNSPECIFIED.,.T.,.F.) B_SPLINE_CURVE_WITH_KNOTS((1,2
    ,2,2,2,1),(-2.094395102393,0.,2.094395102393,4.188790204786,
6.28318530718,8.377580409573),.UNSPECIFIED.) CURVE() 
GEOMETRIC_REPRESENTATION_ITEM() RATIONAL_B_SPLINE_CURVE((1.,0.5,1.,0.5,
1.,0.5,1.)) REPRESENTATION_ITEM('') );
#6638 = CARTESIAN_POINT('',(832.12534803358,864.50533883816));
#6639 = CARTESIAN_POINT('',(839.83760412388,860.57169172478));
#6640 = CARTESIAN_POINT('',(832.57483774902,855.85950558678));
#6641 = CARTESIAN_POINT('',(825.31207137416,851.14731944878));
#6642 = CARTESIAN_POINT('',(824.86258165872,859.79315270016));
#6643 = CARTESIAN_POINT('',(824.41309194327,868.43898595154));
#6644 = CARTESIAN_POINT('',(832.12534803358,864.50533883816));
#6645 = ( GEOMETRIC_REPRESENTATION_CONTEXT(2) 
PARAMETRIC_REPRESENTATION_CONTEXT() REPRESENTATION_CONTEXT('2D SPACE',''
  ) );
#6646 = ORIENTED_EDGE('',*,*,#6558,.F.);
#6647 = ORIENTED_EDGE('',*,*,#6648,.T.);
#6648 = EDGE_CURVE('',#6524,#6649,#6651,.T.);
#6649 = VERTEX_POINT('',#6650);
#6650 = CARTESIAN_POINT('',(-66.78121856103,112.43046322832,
    7.268249630772E+03));
#6651 = SURFACE_CURVE('',#6652,(#6657,#6663),.PCURVE_S1.);
#6652 = CIRCLE('',#6653,4.998415536111);
#6653 = AXIS2_PLACEMENT_3D('',#6654,#6655,#6656);
#6654 = CARTESIAN_POINT('',(-64.51012634123,107.97779009852,
    7.268249630772E+03));
#6655 = DIRECTION('',(-7.281032566605E-13,3.235844439009E-13,-1.));
#6656 = DIRECTION('',(-0.965684469282,-0.259718127567,6.190772611112E-13
    ));
#6657 = PCURVE('',#6572,#6658);
#6658 = DEFINITIONAL_REPRESENTATION('',(#6659),#6662);
#6659 = B_SPLINE_CURVE_WITH_KNOTS('',1,(#6660,#6661),.UNSPECIFIED.,.F.,
  .F.,(2,2),(-0.,1.361870262046),.PIECEWISE_BEZIER_KNOTS.);
#6660 = CARTESIAN_POINT('',(3.404322956286,37.991395307126));
#6661 = CARTESIAN_POINT('',(2.04245269424,37.991395307123));
#6662 = ( GEOMETRIC_REPRESENTATION_CONTEXT(2) 
PARAMETRIC_REPRESENTATION_CONTEXT() REPRESENTATION_CONTEXT('2D SPACE',''
  ) );
#6663 = PCURVE('',#5683,#6664);
#6664 = DEFINITIONAL_REPRESENTATION('',(#6665),#6673);
#6665 = ( BOUNDED_CURVE() B_SPLINE_CURVE(2,(#6666,#6667,#6668,#6669,
#6670,#6671,#6672),.UNSPECIFIED.,.T.,.F.) B_SPLINE_CURVE_WITH_KNOTS((1,2
    ,2,2,2,1),(-2.094395102393,0.,2.094395102393,4.188790204786,
6.28318530718,8.377580409573),.UNSPECIFIED.) CURVE() 
GEOMETRIC_REPRESENTATION_ITEM() RATIONAL_B_SPLINE_CURVE((1.,0.5,1.,0.5,
1.,0.5,1.)) REPRESENTATION_ITEM('') );
#6666 = CARTESIAN_POINT('',(657.82883613606,858.75448658453));
#6667 = CARTESIAN_POINT('',(655.58032393624,867.11490921154));
#6668 = CARTESIAN_POINT('',(663.94491841751,864.88196658379));
#6669 = CARTESIAN_POINT('',(672.30951289878,862.64902395605));
#6670 = CARTESIAN_POINT('',(666.19343061733,856.52154395679));
#6671 = CARTESIAN_POINT('',(660.07734833588,850.39406395752));
#6672 = CARTESIAN_POINT('',(657.82883613606,858.75448658453));
#6673 = ( GEOMETRIC_REPRESENTATION_CONTEXT(2) 
PARAMETRIC_REPRESENTATION_CONTEXT() REPRESENTATION_CONTEXT('2D SPACE',''
  ) );
#6674 = ORIENTED_EDGE('',*,*,#6675,.T.);
#6675 = EDGE_CURVE('',#6649,#6621,#6676,.T.);
#6676 = SURFACE_CURVE('',#6677,(#6680,#6686),.PCURVE_S1.);
#6677 = B_SPLINE_CURVE_WITH_KNOTS('',1,(#6678,#6679),.UNSPECIFIED.,.F.,
  .F.,(2,2),(0.,7.598279061425E-02),.PIECEWISE_BEZIER_KNOTS.);
#6678 = CARTESIAN_POINT('',(-66.78121856103,112.43046322832,
    7.268249630772E+03));
#6679 = CARTESIAN_POINT('',(-66.78121856104,112.43046322831,
    7.192266840158E+03));
#6680 = PCURVE('',#6572,#6681);
#6681 = DEFINITIONAL_REPRESENTATION('',(#6682),#6685);
#6682 = B_SPLINE_CURVE_WITH_KNOTS('',1,(#6683,#6684),.UNSPECIFIED.,.F.,
  .F.,(2,2),(0.,7.598279061425E-02),.PIECEWISE_BEZIER_KNOTS.);
#6683 = CARTESIAN_POINT('',(2.042452694233,37.99139530712));
#6684 = CARTESIAN_POINT('',(2.042452694247,-37.99139530712));
#6685 = ( GEOMETRIC_REPRESENTATION_CONTEXT(2) 
PARAMETRIC_REPRESENTATION_CONTEXT() REPRESENTATION_CONTEXT('2D SPACE',''
  ) );
#6686 = PCURVE('',#6687,#6692);
#6687 = PLANE('',#6688);
#6688 = AXIS2_PLACEMENT_3D('',#6689,#6690,#6691);
#6689 = CARTESIAN_POINT('',(-617.0858572957,-168.4312473905,
    7.887847909834E+03));
#6690 = DIRECTION('',(-0.454591106122,0.890700244883,-4.120763329826E-15
    ));
#6691 = DIRECTION('',(0.890700244883,0.454591106122,-1.972152263053E-31)
  );
#6692 = DEFINITIONAL_REPRESENTATION('',(#6693),#6696);
#6693 = B_SPLINE_CURVE_WITH_KNOTS('',1,(#6694,#6695),.UNSPECIFIED.,.F.,
  .F.,(2,2),(0.,7.598279061425E-02),.PIECEWISE_BEZIER_KNOTS.);
#6694 = CARTESIAN_POINT('',(617.83371217886,619.59827906142));
#6695 = CARTESIAN_POINT('',(617.83371217886,695.58106967567));
#6696 = ( GEOMETRIC_REPRESENTATION_CONTEXT(2) 
PARAMETRIC_REPRESENTATION_CONTEXT() REPRESENTATION_CONTEXT('2D SPACE',''
  ) );
#6697 = ADVANCED_FACE('',(#6698),#6687,.T.);
#6698 = FACE_BOUND('',#6699,.T.);
#6699 = EDGE_LOOP('',(#6700,#6726,#6751,#6775));
#6700 = ORIENTED_EDGE('',*,*,#6701,.T.);
#6701 = EDGE_CURVE('',#6649,#6702,#6704,.T.);
#6702 = VERTEX_POINT('',#6703);
#6703 = CARTESIAN_POINT('',(-51.72646080565,120.11403468766,
    7.268249630772E+03));
#6704 = SURFACE_CURVE('',#6705,(#6710,#6718),.PCURVE_S1.);
#6705 = B_SPLINE_CURVE_WITH_KNOTS('',3,(#6706,#6707,#6708,#6709),
  .UNSPECIFIED.,.F.,.F.,(4,4),(0.,1.690215966805E-02),
  .PIECEWISE_BEZIER_KNOTS.);
#6706 = CARTESIAN_POINT('',(-66.78121856103,112.43046322832,
    7.268249630772E+03));
#6707 = CARTESIAN_POINT('',(-61.76296717235,114.99165310413,
    7.268249630772E+03));
#6708 = CARTESIAN_POINT('',(-56.74471578367,117.55284297994,
    7.268249630772E+03));
#6709 = CARTESIAN_POINT('',(-51.72646080565,120.11403468766,
    7.268249630772E+03));
#6710 = PCURVE('',#6687,#6711);
#6711 = DEFINITIONAL_REPRESENTATION('',(#6712),#6717);
#6712 = B_SPLINE_CURVE_WITH_KNOTS('',3,(#6713,#6714,#6715,#6716),
  .UNSPECIFIED.,.F.,.F.,(4,4),(0.,1.690215966805E-02),
  .PIECEWISE_BEZIER_KNOTS.);
#6713 = CARTESIAN_POINT('',(617.83371217886,619.59827906142));
#6714 = CARTESIAN_POINT('',(623.46776405829,619.59827906142));
#6715 = CARTESIAN_POINT('',(629.10181593771,619.59827906142));
#6716 = CARTESIAN_POINT('',(634.73587184691,619.59827906142));
#6717 = ( GEOMETRIC_REPRESENTATION_CONTEXT(2) 
PARAMETRIC_REPRESENTATION_CONTEXT() REPRESENTATION_CONTEXT('2D SPACE',''
  ) );
#6718 = PCURVE('',#5683,#6719);
#6719 = DEFINITIONAL_REPRESENTATION('',(#6720),#6725);
#6720 = B_SPLINE_CURVE_WITH_KNOTS('',3,(#6721,#6722,#6723,#6724),
  .UNSPECIFIED.,.F.,.F.,(4,4),(0.,1.690215966805E-02),
  .PIECEWISE_BEZIER_KNOTS.);
#6721 = CARTESIAN_POINT('',(660.3846361705,864.50533883817));
#6722 = CARTESIAN_POINT('',(665.40288755918,867.06652871398));
#6723 = CARTESIAN_POINT('',(670.42113894787,869.62771858979));
#6724 = CARTESIAN_POINT('',(675.43939392588,872.18891029751));
#6725 = ( GEOMETRIC_REPRESENTATION_CONTEXT(2) 
PARAMETRIC_REPRESENTATION_CONTEXT() REPRESENTATION_CONTEXT('2D SPACE',''
  ) );
#6726 = ORIENTED_EDGE('',*,*,#6727,.T.);
#6727 = EDGE_CURVE('',#6702,#6728,#6730,.T.);
#6728 = VERTEX_POINT('',#6729);
#6729 = CARTESIAN_POINT('',(-51.72646080565,120.11403468766,
    7.192266840158E+03));
#6730 = SURFACE_CURVE('',#6731,(#6734,#6740),.PCURVE_S1.);
#6731 = B_SPLINE_CURVE_WITH_KNOTS('',1,(#6732,#6733),.UNSPECIFIED.,.F.,
  .F.,(2,2),(0.,7.598279061425E-02),.PIECEWISE_BEZIER_KNOTS.);
#6732 = CARTESIAN_POINT('',(-51.72646080565,120.11403468766,
    7.268249630772E+03));
#6733 = CARTESIAN_POINT('',(-51.72646080565,120.11403468766,
    7.192266840158E+03));
#6734 = PCURVE('',#6687,#6735);
#6735 = DEFINITIONAL_REPRESENTATION('',(#6736),#6739);
#6736 = B_SPLINE_CURVE_WITH_KNOTS('',1,(#6737,#6738),.UNSPECIFIED.,.F.,
  .F.,(2,2),(0.,7.598279061425E-02),.PIECEWISE_BEZIER_KNOTS.);
#6737 = CARTESIAN_POINT('',(634.73587184691,619.59827906142));
#6738 = CARTESIAN_POINT('',(634.73587184691,695.58106967567));
#6739 = ( GEOMETRIC_REPRESENTATION_CONTEXT(2) 
PARAMETRIC_REPRESENTATION_CONTEXT() REPRESENTATION_CONTEXT('2D SPACE',''
  ) );
#6740 = PCURVE('',#6741,#6746);
#6741 = CYLINDRICAL_SURFACE('',#6742,4.998733382773);
#6742 = AXIS2_PLACEMENT_3D('',#6743,#6744,#6745);
#6743 = CARTESIAN_POINT('',(-49.45316746076,115.66212803993,
    7.230258235465E+03));
#6744 = DIRECTION('',(-7.107227785031E-13,-7.107227785031E-13,1.));
#6745 = DIRECTION('',(1.,0.,7.107227785031E-13));
#6746 = DEFINITIONAL_REPRESENTATION('',(#6747),#6750);
#6747 = B_SPLINE_CURVE_WITH_KNOTS('',1,(#6748,#6749),.UNSPECIFIED.,.F.,
  .F.,(2,2),(0.,7.598279061425E-02),.PIECEWISE_BEZIER_KNOTS.);
#6748 = CARTESIAN_POINT('',(2.042914623289,37.991395307128));
#6749 = CARTESIAN_POINT('',(2.042914623305,-37.99139530712));
#6750 = ( GEOMETRIC_REPRESENTATION_CONTEXT(2) 
PARAMETRIC_REPRESENTATION_CONTEXT() REPRESENTATION_CONTEXT('2D SPACE',''
  ) );
#6751 = ORIENTED_EDGE('',*,*,#6752,.T.);
#6752 = EDGE_CURVE('',#6728,#6621,#6753,.T.);
#6753 = SURFACE_CURVE('',#6754,(#6759,#6767),.PCURVE_S1.);
#6754 = B_SPLINE_CURVE_WITH_KNOTS('',3,(#6755,#6756,#6757,#6758),
  .UNSPECIFIED.,.F.,.F.,(4,4),(0.,1.690215966805E-02),
  .PIECEWISE_BEZIER_KNOTS.);
#6755 = CARTESIAN_POINT('',(-51.72646080565,120.11403468766,
    7.192266840158E+03));
#6756 = CARTESIAN_POINT('',(-56.74471339078,117.55284420121,
    7.192266840158E+03));
#6757 = CARTESIAN_POINT('',(-61.76296597591,114.99165371476,
    7.192266840158E+03));
#6758 = CARTESIAN_POINT('',(-66.78121856104,112.43046322831,
    7.192266840158E+03));
#6759 = PCURVE('',#6687,#6760);
#6760 = DEFINITIONAL_REPRESENTATION('',(#6761),#6766);
#6761 = B_SPLINE_CURVE_WITH_KNOTS('',3,(#6762,#6763,#6764,#6765),
  .UNSPECIFIED.,.F.,.F.,(4,4),(0.,1.690215966805E-02),
  .PIECEWISE_BEZIER_KNOTS.);
#6762 = CARTESIAN_POINT('',(634.73587184691,695.58106967567));
#6763 = CARTESIAN_POINT('',(629.10181862423,695.58106967567));
#6764 = CARTESIAN_POINT('',(623.46776540154,695.58106967567));
#6765 = CARTESIAN_POINT('',(617.83371217886,695.58106967567));
#6766 = ( GEOMETRIC_REPRESENTATION_CONTEXT(2) 
PARAMETRIC_REPRESENTATION_CONTEXT() REPRESENTATION_CONTEXT('2D SPACE',''
  ) );
#6767 = PCURVE('',#5748,#6768);
#6768 = DEFINITIONAL_REPRESENTATION('',(#6769),#6774);
#6769 = B_SPLINE_CURVE_WITH_KNOTS('',3,(#6770,#6771,#6772,#6773),
  .UNSPECIFIED.,.F.,.F.,(4,4),(0.,1.690215966805E-02),
  .PIECEWISE_BEZIER_KNOTS.);
#6770 = CARTESIAN_POINT('',(817.07059027819,872.18891029751));
#6771 = CARTESIAN_POINT('',(822.08884286332,869.62771981106));
#6772 = CARTESIAN_POINT('',(827.10709544845,867.06652932461));
#6773 = CARTESIAN_POINT('',(832.12534803358,864.50533883816));
#6774 = ( GEOMETRIC_REPRESENTATION_CONTEXT(2) 
PARAMETRIC_REPRESENTATION_CONTEXT() REPRESENTATION_CONTEXT('2D SPACE',''
  ) );
#6775 = ORIENTED_EDGE('',*,*,#6675,.F.);
#6776 = ADVANCED_FACE('',(#6777),#6741,.T.);
#6777 = FACE_BOUND('',#6778,.T.);
#6778 = EDGE_LOOP('',(#6779,#6806,#6807,#6834));
#6779 = ORIENTED_EDGE('',*,*,#6780,.T.);
#6780 = EDGE_CURVE('',#6781,#6728,#6783,.T.);
#6781 = VERTEX_POINT('',#6782);
#6782 = CARTESIAN_POINT('',(-45.56989776504,118.80975443172,
    7.192266840158E+03));
#6783 = SURFACE_CURVE('',#6784,(#6789,#6795),.PCURVE_S1.);
#6784 = CIRCLE('',#6785,4.998733382773);
#6785 = AXIS2_PLACEMENT_3D('',#6786,#6787,#6788);
#6786 = CARTESIAN_POINT('',(-49.45316746077,115.66212803993,
    7.192266840158E+03));
#6787 = DIRECTION('',(-4.954370482274E-13,-2.338599703678E-12,1.));
#6788 = DIRECTION('',(0.77685073365,0.629684792279,1.857461303027E-12));
#6789 = PCURVE('',#6741,#6790);
#6790 = DEFINITIONAL_REPRESENTATION('',(#6791),#6794);
#6791 = B_SPLINE_CURVE_WITH_KNOTS('',1,(#6792,#6793),.UNSPECIFIED.,.F.,
  .F.,(2,2),(0.,1.36176722918),.PIECEWISE_BEZIER_KNOTS.);
#6792 = CARTESIAN_POINT('',(0.681147394117,-37.99139530712));
#6793 = CARTESIAN_POINT('',(2.042914623296,-37.99139530712));
#6794 = ( GEOMETRIC_REPRESENTATION_CONTEXT(2) 
PARAMETRIC_REPRESENTATION_CONTEXT() REPRESENTATION_CONTEXT('2D SPACE',''
  ) );
#6795 = PCURVE('',#5748,#6796);
#6796 = DEFINITIONAL_REPRESENTATION('',(#6797),#6805);
#6797 = ( BOUNDED_CURVE() B_SPLINE_CURVE(2,(#6798,#6799,#6800,#6801,
#6802,#6803,#6804),.UNSPECIFIED.,.T.,.F.) B_SPLINE_CURVE_WITH_KNOTS((1,2
    ,2,2,2,1),(-2.094395102393,0.,2.094395102393,4.188790204786,
6.28318530718,8.377580409573),.UNSPECIFIED.) CURVE() 
GEOMETRIC_REPRESENTATION_ITEM() RATIONAL_B_SPLINE_CURVE((1.,0.5,1.,0.5,
1.,0.5,1.)) REPRESENTATION_ITEM('') );
#6798 = CARTESIAN_POINT('',(810.91402723758,870.88463004156));
#6799 = CARTESIAN_POINT('',(816.3658760714,877.61065045406));
#6800 = CARTESIAN_POINT('',(819.46485619808,869.52620066013));
#6801 = CARTESIAN_POINT('',(822.56383632477,861.4417508662));
#6802 = CARTESIAN_POINT('',(814.01300736426,862.80018024763));
#6803 = CARTESIAN_POINT('',(805.46217840376,864.15860962907));
#6804 = CARTESIAN_POINT('',(810.91402723758,870.88463004156));
#6805 = ( GEOMETRIC_REPRESENTATION_CONTEXT(2) 
PARAMETRIC_REPRESENTATION_CONTEXT() REPRESENTATION_CONTEXT('2D SPACE',''
  ) );
#6806 = ORIENTED_EDGE('',*,*,#6727,.F.);
#6807 = ORIENTED_EDGE('',*,*,#6808,.T.);
#6808 = EDGE_CURVE('',#6702,#6809,#6811,.T.);
#6809 = VERTEX_POINT('',#6810);
#6810 = CARTESIAN_POINT('',(-45.56989776504,118.80975443172,
    7.268249630772E+03));
#6811 = SURFACE_CURVE('',#6812,(#6817,#6823),.PCURVE_S1.);
#6812 = CIRCLE('',#6813,4.998733382774);
#6813 = AXIS2_PLACEMENT_3D('',#6814,#6815,#6816);
#6814 = CARTESIAN_POINT('',(-49.45316746077,115.66212803993,
    7.268249630772E+03));
#6815 = DIRECTION('',(-8.257284137137E-13,-3.897666172797E-12,-1.));
#6816 = DIRECTION('',(-0.454773873862,0.890606941166,-3.095768838379E-12
    ));
#6817 = PCURVE('',#6741,#6818);
#6818 = DEFINITIONAL_REPRESENTATION('',(#6819),#6822);
#6819 = B_SPLINE_CURVE_WITH_KNOTS('',1,(#6820,#6821),.UNSPECIFIED.,.F.,
  .F.,(2,2),(-0.,1.361767229179),.PIECEWISE_BEZIER_KNOTS.);
#6820 = CARTESIAN_POINT('',(2.042914623289,37.991395307134));
#6821 = CARTESIAN_POINT('',(0.68114739411,37.99139530713));
#6822 = ( GEOMETRIC_REPRESENTATION_CONTEXT(2) 
PARAMETRIC_REPRESENTATION_CONTEXT() REPRESENTATION_CONTEXT('2D SPACE',''
  ) );
#6823 = PCURVE('',#5683,#6824);
#6824 = DEFINITIONAL_REPRESENTATION('',(#6825),#6833);
#6825 = ( BOUNDED_CURVE() B_SPLINE_CURVE(2,(#6826,#6827,#6828,#6829,
#6830,#6831,#6832),.UNSPECIFIED.,.T.,.F.) B_SPLINE_CURVE_WITH_KNOTS((1,2
    ,2,2,2,1),(-2.094395102393,0.,2.094395102393,4.188790204786,
6.28318530718,8.377580409573),.UNSPECIFIED.) CURVE() 
GEOMETRIC_REPRESENTATION_ITEM() RATIONAL_B_SPLINE_CURVE((1.,0.5,1.,0.5,
1.,0.5,1.)) REPRESENTATION_ITEM('') );
#6826 = CARTESIAN_POINT('',(675.43939392588,872.18891029751));
#6827 = CARTESIAN_POINT('',(683.15032243032,876.12636987136));
#6828 = CARTESIAN_POINT('',(682.70479819543,867.47978011283));
#6829 = CARTESIAN_POINT('',(682.25927396054,858.8331903543));
#6830 = CARTESIAN_POINT('',(674.99386969099,863.54232053898));
#6831 = CARTESIAN_POINT('',(667.72846542145,868.25145072366));
#6832 = CARTESIAN_POINT('',(675.43939392588,872.18891029751));
#6833 = ( GEOMETRIC_REPRESENTATION_CONTEXT(2) 
PARAMETRIC_REPRESENTATION_CONTEXT() REPRESENTATION_CONTEXT('2D SPACE',''
  ) );
#6834 = ORIENTED_EDGE('',*,*,#6835,.T.);
#6835 = EDGE_CURVE('',#6809,#6781,#6836,.T.);
#6836 = SURFACE_CURVE('',#6837,(#6840,#6846),.PCURVE_S1.);
#6837 = B_SPLINE_CURVE_WITH_KNOTS('',1,(#6838,#6839),.UNSPECIFIED.,.F.,
  .F.,(2,2),(0.,7.598279061425E-02),.PIECEWISE_BEZIER_KNOTS.);
#6838 = CARTESIAN_POINT('',(-45.56989776504,118.80975443172,
    7.268249630772E+03));
#6839 = CARTESIAN_POINT('',(-45.56989776504,118.80975443172,
    7.192266840158E+03));
#6840 = PCURVE('',#6741,#6841);
#6841 = DEFINITIONAL_REPRESENTATION('',(#6842),#6845);
#6842 = B_SPLINE_CURVE_WITH_KNOTS('',1,(#6843,#6844),.UNSPECIFIED.,.F.,
  .F.,(2,2),(0.,7.598279061425E-02),.PIECEWISE_BEZIER_KNOTS.);
#6843 = CARTESIAN_POINT('',(0.681147394118,37.991395307125));
#6844 = CARTESIAN_POINT('',(0.681147394117,-37.99139530712));
#6845 = ( GEOMETRIC_REPRESENTATION_CONTEXT(2) 
PARAMETRIC_REPRESENTATION_CONTEXT() REPRESENTATION_CONTEXT('2D SPACE',''
  ) );
#6846 = PCURVE('',#6847,#6852);
#6847 = PLANE('',#6848);
#6848 = AXIS2_PLACEMENT_3D('',#6849,#6850,#6851);
#6849 = CARTESIAN_POINT('',(367.127875056,-390.1275941815,
    6.572668561097E+03));
#6850 = DIRECTION('',(0.776721502001,0.629844193694,-1.134427324598E-14)
  );
#6851 = DIRECTION('',(-0.629844193694,0.776721502001,7.88860905221E-31)
  );
#6852 = DEFINITIONAL_REPRESENTATION('',(#6853),#6856);
#6853 = B_SPLINE_CURVE_WITH_KNOTS('',1,(#6854,#6855),.UNSPECIFIED.,.F.,
  .F.,(2,2),(0.,7.598279061425E-02),.PIECEWISE_BEZIER_KNOTS.);
#6854 = CARTESIAN_POINT('',(655.23787780087,695.58106967568));
#6855 = CARTESIAN_POINT('',(655.23787780087,619.59827906143));
#6856 = ( GEOMETRIC_REPRESENTATION_CONTEXT(2) 
PARAMETRIC_REPRESENTATION_CONTEXT() REPRESENTATION_CONTEXT('2D SPACE',''
  ) );
#6857 = ADVANCED_FACE('',(#6858),#6847,.T.);
#6858 = FACE_BOUND('',#6859,.T.);
#6859 = EDGE_LOOP('',(#6860,#6895,#6920,#6953));
#6860 = ORIENTED_EDGE('',*,*,#6861,.T.);
#6861 = EDGE_CURVE('',#6809,#6862,#6864,.T.);
#6862 = VERTEX_POINT('',#6863);
#6863 = CARTESIAN_POINT('',(-23.60603434044,91.724000272662,
    7.268249630772E+03));
#6864 = SURFACE_CURVE('',#6865,(#6873,#6884),.PCURVE_S1.);
#6865 = B_SPLINE_CURVE_WITH_KNOTS('',3,(#6866,#6867,#6868,#6869,#6870,
    #6871,#6872),.UNSPECIFIED.,.F.,.F.,(4,3,4),(0.,9.366154776181E-03,
    3.487189950231E-02),.UNSPECIFIED.);
#6866 = CARTESIAN_POINT('',(-45.56989776504,118.80975443172,
    7.268249630772E+03));
#6867 = CARTESIAN_POINT('',(-43.60349075971,116.38478867349,
    7.268249630772E+03));
#6868 = CARTESIAN_POINT('',(-41.63708516086,113.95982464974,
    7.268249630772E+03));
#6869 = CARTESIAN_POINT('',(-39.67067956202,111.53486062599,
    7.268249630772E+03));
#6870 = CARTESIAN_POINT('',(-34.31579782149,104.93124050821,
    7.268249630772E+03));
#6871 = CARTESIAN_POINT('',(-28.96091608096,98.32762039044,
    7.268249630772E+03));
#6872 = CARTESIAN_POINT('',(-23.60603434044,91.724000272662,
    7.268249630772E+03));
#6873 = PCURVE('',#6847,#6874);
#6874 = DEFINITIONAL_REPRESENTATION('',(#6875),#6883);
#6875 = B_SPLINE_CURVE_WITH_KNOTS('',3,(#6876,#6877,#6878,#6879,#6880,
    #6881,#6882),.UNSPECIFIED.,.F.,.F.,(4,3,4),(0.,9.366154776181E-03,
    3.487189950231E-02),.UNSPECIFIED.);
#6876 = CARTESIAN_POINT('',(655.23787780087,695.58106967568));
#6877 = CARTESIAN_POINT('',(652.1158247201,695.58106967568));
#6878 = CARTESIAN_POINT('',(648.9937738724,695.58106967568));
#6879 = CARTESIAN_POINT('',(645.87172302469,695.58106967568));
#6880 = CARTESIAN_POINT('',(637.36980811598,695.58106967568));
#6881 = CARTESIAN_POINT('',(628.86789320727,695.58106967568));
#6882 = CARTESIAN_POINT('',(620.36597829856,695.58106967568));
#6883 = ( GEOMETRIC_REPRESENTATION_CONTEXT(2) 
PARAMETRIC_REPRESENTATION_CONTEXT() REPRESENTATION_CONTEXT('2D SPACE',''
  ) );
#6884 = PCURVE('',#5683,#6885);
#6885 = DEFINITIONAL_REPRESENTATION('',(#6886),#6894);
#6886 = B_SPLINE_CURVE_WITH_KNOTS('',3,(#6887,#6888,#6889,#6890,#6891,
    #6892,#6893),.UNSPECIFIED.,.F.,.F.,(4,3,4),(0.,9.366154776181E-03,
    3.487189950231E-02),.UNSPECIFIED.);
#6887 = CARTESIAN_POINT('',(681.5959569665,870.88463004156));
#6888 = CARTESIAN_POINT('',(683.56236397182,868.45966428334));
#6889 = CARTESIAN_POINT('',(685.52876957067,866.03470025959));
#6890 = CARTESIAN_POINT('',(687.49517516951,863.60973623584));
#6891 = CARTESIAN_POINT('',(692.85005691004,857.00611611806));
#6892 = CARTESIAN_POINT('',(698.20493865057,850.40249600028));
#6893 = CARTESIAN_POINT('',(703.5598203911,843.79887588251));
#6894 = ( GEOMETRIC_REPRESENTATION_CONTEXT(2) 
PARAMETRIC_REPRESENTATION_CONTEXT() REPRESENTATION_CONTEXT('2D SPACE',''
  ) );
#6895 = ORIENTED_EDGE('',*,*,#6896,.T.);
#6896 = EDGE_CURVE('',#6862,#6897,#6899,.T.);
#6897 = VERTEX_POINT('',#6898);
#6898 = CARTESIAN_POINT('',(-23.60603434044,91.724000272662,
    7.192266840158E+03));
#6899 = SURFACE_CURVE('',#6900,(#6903,#6909),.PCURVE_S1.);
#6900 = B_SPLINE_CURVE_WITH_KNOTS('',1,(#6901,#6902),.UNSPECIFIED.,.F.,
  .F.,(2,2),(0.,7.598279061425E-02),.PIECEWISE_BEZIER_KNOTS.);
#6901 = CARTESIAN_POINT('',(-23.60603434044,91.724000272662,
    7.268249630772E+03));
#6902 = CARTESIAN_POINT('',(-23.60603434044,91.724000272662,
    7.192266840158E+03));
#6903 = PCURVE('',#6847,#6904);
#6904 = DEFINITIONAL_REPRESENTATION('',(#6905),#6908);
#6905 = B_SPLINE_CURVE_WITH_KNOTS('',1,(#6906,#6907),.UNSPECIFIED.,.F.,
  .F.,(2,2),(0.,7.598279061425E-02),.PIECEWISE_BEZIER_KNOTS.);
#6906 = CARTESIAN_POINT('',(620.36597829856,695.58106967568));
#6907 = CARTESIAN_POINT('',(620.36597829856,619.59827906143));
#6908 = ( GEOMETRIC_REPRESENTATION_CONTEXT(2) 
PARAMETRIC_REPRESENTATION_CONTEXT() REPRESENTATION_CONTEXT('2D SPACE',''
  ) );
#6909 = PCURVE('',#6910,#6915);
#6910 = CYLINDRICAL_SURFACE('',#6911,17.899065981467);
#6911 = AXIS2_PLACEMENT_3D('',#6912,#6913,#6914);
#6912 = CARTESIAN_POINT('',(-9.555042410282,102.81211051685,
    7.230258235465E+03));
#6913 = DIRECTION('',(5.458364490537E-13,5.458364490537E-13,-1.));
#6914 = DIRECTION('',(-1.,0.,-5.458364490537E-13));
#6915 = DEFINITIONAL_REPRESENTATION('',(#6916),#6919);
#6916 = B_SPLINE_CURVE_WITH_KNOTS('',1,(#6917,#6918),.UNSPECIFIED.,.F.,
  .F.,(2,2),(0.,7.598279061425E-02),.PIECEWISE_BEZIER_KNOTS.);
#6917 = CARTESIAN_POINT('',(5.615105411316,-37.99139530712));
#6918 = CARTESIAN_POINT('',(5.615105411316,37.991395307126));
#6919 = ( GEOMETRIC_REPRESENTATION_CONTEXT(2) 
PARAMETRIC_REPRESENTATION_CONTEXT() REPRESENTATION_CONTEXT('2D SPACE',''
  ) );
#6920 = ORIENTED_EDGE('',*,*,#6921,.T.);
#6921 = EDGE_CURVE('',#6897,#6781,#6922,.T.);
#6922 = SURFACE_CURVE('',#6923,(#6931,#6942),.PCURVE_S1.);
#6923 = B_SPLINE_CURVE_WITH_KNOTS('',3,(#6924,#6925,#6926,#6927,#6928,
    #6929,#6930),.UNSPECIFIED.,.F.,.F.,(4,3,4),(0.,2.550574472613E-02,
    3.487189950231E-02),.UNSPECIFIED.);
#6924 = CARTESIAN_POINT('',(-23.60603434044,91.724000272662,
    7.192266840158E+03));
#6925 = CARTESIAN_POINT('',(-28.96091608097,98.327620390437,
    7.192266840158E+03));
#6926 = CARTESIAN_POINT('',(-34.31579782149,104.93124050821,
    7.192266840158E+03));
#6927 = CARTESIAN_POINT('',(-39.67067956203,111.53486062599,
    7.192266840158E+03));
#6928 = CARTESIAN_POINT('',(-41.63708562969,113.9598252279,
    7.192266840158E+03));
#6929 = CARTESIAN_POINT('',(-43.60349169737,116.38478982981,
    7.192266840158E+03));
#6930 = CARTESIAN_POINT('',(-45.56989776504,118.80975443172,
    7.192266840158E+03));
#6931 = PCURVE('',#6847,#6932);
#6932 = DEFINITIONAL_REPRESENTATION('',(#6933),#6941);
#6933 = B_SPLINE_CURVE_WITH_KNOTS('',3,(#6934,#6935,#6936,#6937,#6938,
    #6939,#6940),.UNSPECIFIED.,.F.,.F.,(4,3,4),(0.,2.550574472613E-02,
    3.487189950231E-02),.UNSPECIFIED.);
#6934 = CARTESIAN_POINT('',(620.36597829856,619.59827906143));
#6935 = CARTESIAN_POINT('',(628.86789320727,619.59827906143));
#6936 = CARTESIAN_POINT('',(637.36980811598,619.59827906143));
#6937 = CARTESIAN_POINT('',(645.87172302469,619.59827906143));
#6938 = CARTESIAN_POINT('',(648.99377461675,619.59827906143));
#6939 = CARTESIAN_POINT('',(652.11582620881,619.59827906143));
#6940 = CARTESIAN_POINT('',(655.23787780087,619.59827906143));
#6941 = ( GEOMETRIC_REPRESENTATION_CONTEXT(2) 
PARAMETRIC_REPRESENTATION_CONTEXT() REPRESENTATION_CONTEXT('2D SPACE',''
  ) );
#6942 = PCURVE('',#5748,#6943);
#6943 = DEFINITIONAL_REPRESENTATION('',(#6944),#6952);
#6944 = B_SPLINE_CURVE_WITH_KNOTS('',3,(#6945,#6946,#6947,#6948,#6949,
    #6950,#6951),.UNSPECIFIED.,.F.,.F.,(4,3,4),(0.,2.550574472613E-02,
    3.487189950231E-02),.UNSPECIFIED.);
#6945 = CARTESIAN_POINT('',(788.95016381298,843.79887588251));
#6946 = CARTESIAN_POINT('',(794.30504555351,850.40249600028));
#6947 = CARTESIAN_POINT('',(799.65992729404,857.00611611806));
#6948 = CARTESIAN_POINT('',(805.01480903457,863.60973623584));
#6949 = CARTESIAN_POINT('',(806.98121510224,866.03470083775));
#6950 = CARTESIAN_POINT('',(808.94762116991,868.45966543966));
#6951 = CARTESIAN_POINT('',(810.91402723758,870.88463004157));
#6952 = ( GEOMETRIC_REPRESENTATION_CONTEXT(2) 
PARAMETRIC_REPRESENTATION_CONTEXT() REPRESENTATION_CONTEXT('2D SPACE',''
  ) );
#6953 = ORIENTED_EDGE('',*,*,#6835,.F.);
#6954 = ADVANCED_FACE('',(#6955),#6910,.F.);
#6955 = FACE_BOUND('',#6956,.F.);
#6956 = EDGE_LOOP('',(#6957,#6984,#7009,#7034));
#6957 = ORIENTED_EDGE('',*,*,#6958,.T.);
#6958 = EDGE_CURVE('',#6897,#6959,#6961,.T.);
#6959 = VERTEX_POINT('',#6960);
#6960 = CARTESIAN_POINT('',(-12.43961760424,85.147009640857,
    7.192266840158E+03));
#6961 = SURFACE_CURVE('',#6962,(#6967,#6973),.PCURVE_S1.);
#6962 = CIRCLE('',#6963,17.899065981457);
#6963 = AXIS2_PLACEMENT_3D('',#6964,#6965,#6966);
#6964 = CARTESIAN_POINT('',(-9.555042410286,102.81211051684,
    7.192266840158E+03));
#6965 = DIRECTION('',(0.,0.,1.));
#6966 = DIRECTION('',(-0.785012578015,-0.619479824013,0.));
#6967 = PCURVE('',#6910,#6968);
#6968 = DEFINITIONAL_REPRESENTATION('',(#6969),#6972);
#6969 = B_SPLINE_CURVE_WITH_KNOTS('',1,(#6970,#6971),.UNSPECIFIED.,.F.,
  .F.,(2,2),(0.,0.74085269343),.PIECEWISE_BEZIER_KNOTS.);
#6970 = CARTESIAN_POINT('',(5.615105411316,37.991395307126));
#6971 = CARTESIAN_POINT('',(4.874252717886,37.991395307129));
#6972 = ( GEOMETRIC_REPRESENTATION_CONTEXT(2) 
PARAMETRIC_REPRESENTATION_CONTEXT() REPRESENTATION_CONTEXT('2D SPACE',''
  ) );
#6973 = PCURVE('',#5748,#6974);
#6974 = DEFINITIONAL_REPRESENTATION('',(#6975),#6983);
#6975 = ( BOUNDED_CURVE() B_SPLINE_CURVE(2,(#6976,#6977,#6978,#6979,
#6980,#6981,#6982),.UNSPECIFIED.,.T.,.F.) B_SPLINE_CURVE_WITH_KNOTS((1,2
    ,2,2,2,1),(-2.094395102393,0.,2.094395102393,4.188790204786,
6.28318530718,8.377580409573),.UNSPECIFIED.) CURVE() 
GEOMETRIC_REPRESENTATION_ITEM() RATIONAL_B_SPLINE_CURVE((1.,0.5,1.,0.5,
1.,0.5,1.)) REPRESENTATION_ITEM('') );
#6976 = CARTESIAN_POINT('',(788.95016381298,843.79887588251));
#6977 = CARTESIAN_POINT('',(769.74499351012,819.46184396274));
#6978 = CARTESIAN_POINT('',(758.27109076632,848.2625252889));
#6979 = CARTESIAN_POINT('',(746.79718802251,877.06320661506));
#6980 = CARTESIAN_POINT('',(777.47626106917,872.59955720867));
#6981 = CARTESIAN_POINT('',(808.15533411583,868.13590780228));
#6982 = CARTESIAN_POINT('',(788.95016381298,843.79887588251));
#6983 = ( GEOMETRIC_REPRESENTATION_CONTEXT(2) 
PARAMETRIC_REPRESENTATION_CONTEXT() REPRESENTATION_CONTEXT('2D SPACE',''
  ) );
#6984 = ORIENTED_EDGE('',*,*,#6985,.T.);
#6985 = EDGE_CURVE('',#6959,#6986,#6988,.T.);
#6986 = VERTEX_POINT('',#6987);
#6987 = CARTESIAN_POINT('',(-12.43961760424,85.147009640861,
    7.268249630772E+03));
#6988 = SURFACE_CURVE('',#6989,(#6992,#6998),.PCURVE_S1.);
#6989 = B_SPLINE_CURVE_WITH_KNOTS('',1,(#6990,#6991),.UNSPECIFIED.,.F.,
  .F.,(2,2),(-7.598279061425E-02,0.),.PIECEWISE_BEZIER_KNOTS.);
#6990 = CARTESIAN_POINT('',(-12.43961760424,85.147009640857,
    7.192266840158E+03));
#6991 = CARTESIAN_POINT('',(-12.43961760424,85.147009640861,
    7.268249630772E+03));
#6992 = PCURVE('',#6910,#6993);
#6993 = DEFINITIONAL_REPRESENTATION('',(#6994),#6997);
#6994 = B_SPLINE_CURVE_WITH_KNOTS('',1,(#6995,#6996),.UNSPECIFIED.,.F.,
  .F.,(2,2),(-7.598279061425E-02,0.),.PIECEWISE_BEZIER_KNOTS.);
#6995 = CARTESIAN_POINT('',(4.874252717888,37.991395307129));
#6996 = CARTESIAN_POINT('',(4.874252717886,-37.99139530712));
#6997 = ( GEOMETRIC_REPRESENTATION_CONTEXT(2) 
PARAMETRIC_REPRESENTATION_CONTEXT() REPRESENTATION_CONTEXT('2D SPACE',''
  ) );
#6998 = PCURVE('',#6999,#7004);
#6999 = PLANE('',#7000);
#7000 = AXIS2_PLACEMENT_3D('',#7001,#7002,#7003);
#7001 = CARTESIAN_POINT('',(-624.4941836399,124.49596318769,
    7.887847909834E+03));
#7002 = DIRECTION('',(6.41555578095E-02,0.997939910216,
    -2.551309573294E-14));
#7003 = DIRECTION('',(0.997939910216,-6.41555578095E-02,
    -3.944304526105E-31));
#7004 = DEFINITIONAL_REPRESENTATION('',(#7005),#7008);
#7005 = B_SPLINE_CURVE_WITH_KNOTS('',1,(#7006,#7007),.UNSPECIFIED.,.F.,
  .F.,(2,2),(-7.598279061425E-02,0.),.PIECEWISE_BEZIER_KNOTS.);
#7006 = CARTESIAN_POINT('',(613.31813274105,695.58106967567));
#7007 = CARTESIAN_POINT('',(613.31813274105,619.59827906142));
#7008 = ( GEOMETRIC_REPRESENTATION_CONTEXT(2) 
PARAMETRIC_REPRESENTATION_CONTEXT() REPRESENTATION_CONTEXT('2D SPACE',''
  ) );
#7009 = ORIENTED_EDGE('',*,*,#7010,.T.);
#7010 = EDGE_CURVE('',#6986,#6862,#7011,.T.);
#7011 = SURFACE_CURVE('',#7012,(#7017,#7023),.PCURVE_S1.);
#7012 = CIRCLE('',#7013,17.899065981471);
#7013 = AXIS2_PLACEMENT_3D('',#7014,#7015,#7016);
#7014 = CARTESIAN_POINT('',(-9.55504241028,102.81211051686,
    7.268249630772E+03));
#7015 = DIRECTION('',(-1.113863243008E-12,-1.891117359727E-12,-1.));
#7016 = DIRECTION('',(-0.161157861363,-0.986928641656,2.045905705141E-12
    ));
#7017 = PCURVE('',#6910,#7018);
#7018 = DEFINITIONAL_REPRESENTATION('',(#7019),#7022);
#7019 = B_SPLINE_CURVE_WITH_KNOTS('',1,(#7020,#7021),.UNSPECIFIED.,.F.,
  .F.,(2,2),(0.,0.740852693429),.PIECEWISE_BEZIER_KNOTS.);
#7020 = CARTESIAN_POINT('',(4.874252717886,-37.99139530711));
#7021 = CARTESIAN_POINT('',(5.615105411315,-37.99139530711));
#7022 = ( GEOMETRIC_REPRESENTATION_CONTEXT(2) 
PARAMETRIC_REPRESENTATION_CONTEXT() REPRESENTATION_CONTEXT('2D SPACE',''
  ) );
#7023 = PCURVE('',#5683,#7024);
#7024 = DEFINITIONAL_REPRESENTATION('',(#7025),#7033);
#7025 = ( BOUNDED_CURVE() B_SPLINE_CURVE(2,(#7026,#7027,#7028,#7029,
#7030,#7031,#7032),.UNSPECIFIED.,.T.,.F.) B_SPLINE_CURVE_WITH_KNOTS((1,2
    ,2,2,2,1),(-2.094395102393,0.,2.094395102393,4.188790204786,
6.28318530718,8.377580409573),.UNSPECIFIED.) CURVE() 
GEOMETRIC_REPRESENTATION_ITEM() RATIONAL_B_SPLINE_CURVE((1.,0.5,1.,0.5,
1.,0.5,1.)) REPRESENTATION_ITEM('') );
#7026 = CARTESIAN_POINT('',(714.72623712729,837.2218852507));
#7027 = CARTESIAN_POINT('',(684.12938488922,842.21811604491));
#7028 = CARTESIAN_POINT('',(703.75467379921,866.21765196181));
#7029 = CARTESIAN_POINT('',(723.37996270919,890.21718787872));
#7030 = CARTESIAN_POINT('',(734.35152603728,861.22142116761));
#7031 = CARTESIAN_POINT('',(745.32308936536,832.2256544565));
#7032 = CARTESIAN_POINT('',(714.72623712729,837.2218852507));
#7033 = ( GEOMETRIC_REPRESENTATION_CONTEXT(2) 
PARAMETRIC_REPRESENTATION_CONTEXT() REPRESENTATION_CONTEXT('2D SPACE',''
  ) );
#7034 = ORIENTED_EDGE('',*,*,#6896,.T.);
#7035 = ADVANCED_FACE('',(#7036),#6999,.T.);
#7036 = FACE_BOUND('',#7037,.T.);
#7037 = EDGE_LOOP('',(#7038,#7064,#7065,#7091));
#7038 = ORIENTED_EDGE('',*,*,#7039,.T.);
#7039 = EDGE_CURVE('',#7040,#6959,#7042,.T.);
#7040 = VERTEX_POINT('',#7041);
#7041 = CARTESIAN_POINT('',(-6.731202709956,84.781218612483,
    7.192266840158E+03));
#7042 = SURFACE_CURVE('',#7043,(#7048,#7056),.PCURVE_S1.);
#7043 = B_SPLINE_CURVE_WITH_KNOTS('',3,(#7044,#7045,#7046,#7047),
  .UNSPECIFIED.,.F.,.F.,(4,4),(-5.759278710454E-03,0.),
  .PIECEWISE_BEZIER_KNOTS.);
#7044 = CARTESIAN_POINT('',(-6.731202709956,84.781218612483,
    7.192266840158E+03));
#7045 = CARTESIAN_POINT('',(-8.645098386097,84.629264935599,
    7.192266840158E+03));
#7046 = CARTESIAN_POINT('',(-10.56727567957,84.754029393797,
    7.192266840158E+03));
#7047 = CARTESIAN_POINT('',(-12.43961760424,85.147009640857,
    7.192266840158E+03));
#7048 = PCURVE('',#6999,#7049);
#7049 = DEFINITIONAL_REPRESENTATION('',(#7050),#7055);
#7050 = B_SPLINE_CURVE_WITH_KNOTS('',3,(#7051,#7052,#7053,#7054),
  .UNSPECIFIED.,.F.,.F.,(4,4),(-5.759278710454E-03,0.),
  .PIECEWISE_BEZIER_KNOTS.);
#7051 = CARTESIAN_POINT('',(619.0382553156,695.58106967567));
#7052 = CARTESIAN_POINT('',(617.13805110929,695.58106967567));
#7053 = CARTESIAN_POINT('',(615.21182934021,695.58106967567));
#7054 = CARTESIAN_POINT('',(613.31813274105,695.58106967567));
#7055 = ( GEOMETRIC_REPRESENTATION_CONTEXT(2) 
PARAMETRIC_REPRESENTATION_CONTEXT() REPRESENTATION_CONTEXT('2D SPACE',''
  ) );
#7056 = PCURVE('',#5748,#7057);
#7057 = DEFINITIONAL_REPRESENTATION('',(#7058),#7063);
#7058 = B_SPLINE_CURVE_WITH_KNOTS('',3,(#7059,#7060,#7061,#7062),
  .UNSPECIFIED.,.F.,.F.,(4,4),(-5.759278710454E-03,0.),
  .PIECEWISE_BEZIER_KNOTS.);
#7059 = CARTESIAN_POINT('',(772.07533218249,836.85609422233));
#7060 = CARTESIAN_POINT('',(773.98922785863,836.70414054544));
#7061 = CARTESIAN_POINT('',(775.91140515211,836.82890500364));
#7062 = CARTESIAN_POINT('',(777.78374707679,837.2218852507));
#7063 = ( GEOMETRIC_REPRESENTATION_CONTEXT(2) 
PARAMETRIC_REPRESENTATION_CONTEXT() REPRESENTATION_CONTEXT('2D SPACE',''
  ) );
#7064 = ORIENTED_EDGE('',*,*,#6985,.T.);
#7065 = ORIENTED_EDGE('',*,*,#7066,.T.);
#7066 = EDGE_CURVE('',#6986,#7067,#7069,.T.);
#7067 = VERTEX_POINT('',#7068);
#7068 = CARTESIAN_POINT('',(-6.731202709953,84.781218612485,
    7.268249630772E+03));
#7069 = SURFACE_CURVE('',#7070,(#7075,#7083),.PCURVE_S1.);
#7070 = B_SPLINE_CURVE_WITH_KNOTS('',3,(#7071,#7072,#7073,#7074),
  .UNSPECIFIED.,.F.,.F.,(4,4),(-5.759278710454E-03,0.),
  .PIECEWISE_BEZIER_KNOTS.);
#7071 = CARTESIAN_POINT('',(-12.43961760424,85.147009640861,
    7.268249630772E+03));
#7072 = CARTESIAN_POINT('',(-10.56727567957,84.754029393797,
    7.268249630772E+03));
#7073 = CARTESIAN_POINT('',(-8.645098386091,84.629264935605,
    7.268249630772E+03));
#7074 = CARTESIAN_POINT('',(-6.731202709953,84.781218612485,
    7.268249630772E+03));
#7075 = PCURVE('',#6999,#7076);
#7076 = DEFINITIONAL_REPRESENTATION('',(#7077),#7082);
#7077 = B_SPLINE_CURVE_WITH_KNOTS('',3,(#7078,#7079,#7080,#7081),
  .UNSPECIFIED.,.F.,.F.,(4,4),(-5.759278710454E-03,0.),
  .PIECEWISE_BEZIER_KNOTS.);
#7078 = CARTESIAN_POINT('',(613.31813274105,619.59827906142));
#7079 = CARTESIAN_POINT('',(615.21182934021,619.59827906142));
#7080 = CARTESIAN_POINT('',(617.1380511093,619.59827906142));
#7081 = CARTESIAN_POINT('',(619.03825531561,619.59827906142));
#7082 = ( GEOMETRIC_REPRESENTATION_CONTEXT(2) 
PARAMETRIC_REPRESENTATION_CONTEXT() REPRESENTATION_CONTEXT('2D SPACE',''
  ) );
#7083 = PCURVE('',#5683,#7084);
#7084 = DEFINITIONAL_REPRESENTATION('',(#7085),#7090);
#7085 = B_SPLINE_CURVE_WITH_KNOTS('',3,(#7086,#7087,#7088,#7089),
  .UNSPECIFIED.,.F.,.F.,(4,4),(-5.759278710454E-03,0.),
  .PIECEWISE_BEZIER_KNOTS.);
#7086 = CARTESIAN_POINT('',(714.72623712729,837.2218852507));
#7087 = CARTESIAN_POINT('',(716.59857905196,836.82890500364));
#7088 = CARTESIAN_POINT('',(718.52075634545,836.70414054545));
#7089 = CARTESIAN_POINT('',(720.43465202158,836.85609422233));
#7090 = ( GEOMETRIC_REPRESENTATION_CONTEXT(2) 
PARAMETRIC_REPRESENTATION_CONTEXT() REPRESENTATION_CONTEXT('2D SPACE',''
  ) );
#7091 = ORIENTED_EDGE('',*,*,#7092,.T.);
#7092 = EDGE_CURVE('',#7067,#7040,#7093,.T.);
#7093 = SURFACE_CURVE('',#7094,(#7097,#7103),.PCURVE_S1.);
#7094 = B_SPLINE_CURVE_WITH_KNOTS('',1,(#7095,#7096),.UNSPECIFIED.,.F.,
  .F.,(2,2),(0.,7.598279061425E-02),.PIECEWISE_BEZIER_KNOTS.);
#7095 = CARTESIAN_POINT('',(-6.731202709953,84.781218612485,
    7.268249630772E+03));
#7096 = CARTESIAN_POINT('',(-6.731202709956,84.781218612483,
    7.192266840158E+03));
#7097 = PCURVE('',#6999,#7098);
#7098 = DEFINITIONAL_REPRESENTATION('',(#7099),#7102);
#7099 = B_SPLINE_CURVE_WITH_KNOTS('',1,(#7100,#7101),.UNSPECIFIED.,.F.,
  .F.,(2,2),(0.,7.598279061425E-02),.PIECEWISE_BEZIER_KNOTS.);
#7100 = CARTESIAN_POINT('',(619.03825531561,619.59827906142));
#7101 = CARTESIAN_POINT('',(619.0382553156,695.58106967567));
#7102 = ( GEOMETRIC_REPRESENTATION_CONTEXT(2) 
PARAMETRIC_REPRESENTATION_CONTEXT() REPRESENTATION_CONTEXT('2D SPACE',''
  ) );
#7103 = PCURVE('',#7104,#7109);
#7104 = CYLINDRICAL_SURFACE('',#7105,85.048022822696);
#7105 = AXIS2_PLACEMENT_3D('',#7106,#7107,#7108);
#7106 = CARTESIAN_POINT('',(2.300185451963E-10,-1.218846699401E-05,
    7.230258235465E+03));
#7107 = DIRECTION('',(-6.265954623437E-14,-6.265954623437E-14,1.));
#7108 = DIRECTION('',(1.,0.,6.265954623437E-14));
#7109 = DEFINITIONAL_REPRESENTATION('',(#7110),#7113);
#7110 = B_SPLINE_CURVE_WITH_KNOTS('',1,(#7111,#7112),.UNSPECIFIED.,.F.,
  .F.,(2,2),(0.,7.598279061425E-02),.PIECEWISE_BEZIER_KNOTS.);
#7111 = CARTESIAN_POINT('',(1.6500250946,37.991395307125));
#7112 = CARTESIAN_POINT('',(1.6500250946,-37.99139530712));
#7113 = ( GEOMETRIC_REPRESENTATION_CONTEXT(2) 
PARAMETRIC_REPRESENTATION_CONTEXT() REPRESENTATION_CONTEXT('2D SPACE',''
  ) );
#7114 = ADVANCED_FACE('',(#7115),#7104,.T.);
#7115 = FACE_BOUND('',#7116,.T.);
#7116 = EDGE_LOOP('',(#7117,#7144,#7169,#7194));
#7117 = ORIENTED_EDGE('',*,*,#7118,.T.);
#7118 = EDGE_CURVE('',#7067,#7119,#7121,.T.);
#7119 = VERTEX_POINT('',#7120);
#7120 = CARTESIAN_POINT('',(80.201677635474,28.299406366389,
    7.268249630772E+03));
#7121 = SURFACE_CURVE('',#7122,(#7127,#7133),.PCURVE_S1.);
#7122 = CIRCLE('',#7123,85.048022822698);
#7123 = AXIS2_PLACEMENT_3D('',#7124,#7125,#7126);
#7124 = CARTESIAN_POINT('',(2.327787163382E-10,-1.218846818998E-05,
    7.268249630772E+03));
#7125 = DIRECTION('',(-4.182845571291E-14,-3.292938420638E-14,-1.));
#7126 = DIRECTION('',(-7.914590471102E-02,0.996863042633,
    -2.951553516194E-14));
#7127 = PCURVE('',#7104,#7128);
#7128 = DEFINITIONAL_REPRESENTATION('',(#7129),#7132);
#7129 = B_SPLINE_CURVE_WITH_KNOTS('',1,(#7130,#7131),.UNSPECIFIED.,.F.,
  .F.,(2,2),(-0.,1.31081071418),.PIECEWISE_BEZIER_KNOTS.);
#7130 = CARTESIAN_POINT('',(1.6500250946,37.991395307122));
#7131 = CARTESIAN_POINT('',(0.33921438042,37.991395307118));
#7132 = ( GEOMETRIC_REPRESENTATION_CONTEXT(2) 
PARAMETRIC_REPRESENTATION_CONTEXT() REPRESENTATION_CONTEXT('2D SPACE',''
  ) );
#7133 = PCURVE('',#5683,#7134);
#7134 = DEFINITIONAL_REPRESENTATION('',(#7135),#7143);
#7135 = ( BOUNDED_CURVE() B_SPLINE_CURVE(2,(#7136,#7137,#7138,#7139,
#7140,#7141,#7142),.UNSPECIFIED.,.T.,.F.) B_SPLINE_CURVE_WITH_KNOTS((1,2
    ,2,2,2,1),(-2.094395102393,0.,2.094395102393,4.188790204786,
6.28318530718,8.377580409573),.UNSPECIFIED.) CURVE() 
GEOMETRIC_REPRESENTATION_ITEM() RATIONAL_B_SPLINE_CURVE((1.,0.5,1.,0.5,
1.,0.5,1.)) REPRESENTATION_ITEM('') );
#7136 = CARTESIAN_POINT('',(720.43465202158,836.85609422233));
#7137 = CARTESIAN_POINT('',(867.28005129706,848.51487931242));
#7138 = CARTESIAN_POINT('',(803.9541557246,715.51364056594));
#7139 = CARTESIAN_POINT('',(740.62826015214,582.51240181947));
#7140 = CARTESIAN_POINT('',(657.10875644913,703.85485547586));
#7141 = CARTESIAN_POINT('',(573.58925274611,825.19730913224));
#7142 = CARTESIAN_POINT('',(720.43465202158,836.85609422233));
#7143 = ( GEOMETRIC_REPRESENTATION_CONTEXT(2) 
PARAMETRIC_REPRESENTATION_CONTEXT() REPRESENTATION_CONTEXT('2D SPACE',''
  ) );
#7144 = ORIENTED_EDGE('',*,*,#7145,.T.);
#7145 = EDGE_CURVE('',#7119,#7146,#7148,.T.);
#7146 = VERTEX_POINT('',#7147);
#7147 = CARTESIAN_POINT('',(80.201677635469,28.299406366384,
    7.192266840158E+03));
#7148 = SURFACE_CURVE('',#7149,(#7152,#7158),.PCURVE_S1.);
#7149 = B_SPLINE_CURVE_WITH_KNOTS('',1,(#7150,#7151),.UNSPECIFIED.,.F.,
  .F.,(2,2),(0.,7.598279061425E-02),.PIECEWISE_BEZIER_KNOTS.);
#7150 = CARTESIAN_POINT('',(80.201677635474,28.299406366389,
    7.268249630772E+03));
#7151 = CARTESIAN_POINT('',(80.201677635469,28.299406366384,
    7.192266840158E+03));
#7152 = PCURVE('',#7104,#7153);
#7153 = DEFINITIONAL_REPRESENTATION('',(#7154),#7157);
#7154 = B_SPLINE_CURVE_WITH_KNOTS('',1,(#7155,#7156),.UNSPECIFIED.,.F.,
  .F.,(2,2),(0.,7.598279061425E-02),.PIECEWISE_BEZIER_KNOTS.);
#7155 = CARTESIAN_POINT('',(0.33921438042,37.991395307123));
#7156 = CARTESIAN_POINT('',(0.33921438042,-37.99139530712));
#7157 = ( GEOMETRIC_REPRESENTATION_CONTEXT(2) 
PARAMETRIC_REPRESENTATION_CONTEXT() REPRESENTATION_CONTEXT('2D SPACE',''
  ) );
#7158 = PCURVE('',#7159,#7164);
#7159 = PLANE('',#7160);
#7160 = AXIS2_PLACEMENT_3D('',#7161,#7162,#7163);
#7161 = CARTESIAN_POINT('',(368.42551307476,-523.3788570442,
    6.572668561097E+03));
#7162 = DIRECTION('',(0.886325754292,0.463062260694,-1.995096137404E-14)
  );
#7163 = DIRECTION('',(-0.463062260694,0.886325754292,0.));
#7164 = DEFINITIONAL_REPRESENTATION('',(#7165),#7168);
#7165 = B_SPLINE_CURVE_WITH_KNOTS('',1,(#7166,#7167),.UNSPECIFIED.,.F.,
  .F.,(2,2),(0.,7.598279061425E-02),.PIECEWISE_BEZIER_KNOTS.);
#7166 = CARTESIAN_POINT('',(622.43223376827,695.58106967568));
#7167 = CARTESIAN_POINT('',(622.43223376827,619.59827906143));
#7168 = ( GEOMETRIC_REPRESENTATION_CONTEXT(2) 
PARAMETRIC_REPRESENTATION_CONTEXT() REPRESENTATION_CONTEXT('2D SPACE',''
  ) );
#7169 = ORIENTED_EDGE('',*,*,#7170,.T.);
#7170 = EDGE_CURVE('',#7146,#7040,#7171,.T.);
#7171 = SURFACE_CURVE('',#7172,(#7177,#7183),.PCURVE_S1.);
#7172 = CIRCLE('',#7173,85.048022822695);
#7173 = AXIS2_PLACEMENT_3D('',#7174,#7175,#7176);
#7174 = CARTESIAN_POINT('',(2.288685465434E-10,-1.218846760334E-05,
    7.192266840158E+03));
#7175 = DIRECTION('',(6.545907994832E-15,2.580004072493E-14,1.));
#7176 = DIRECTION('',(0.943016368557,0.332746342779,-1.475776758097E-14)
  );
#7177 = PCURVE('',#7104,#7178);
#7178 = DEFINITIONAL_REPRESENTATION('',(#7179),#7182);
#7179 = B_SPLINE_CURVE_WITH_KNOTS('',1,(#7180,#7181),.UNSPECIFIED.,.F.,
  .F.,(2,2),(0.,1.31081071418),.PIECEWISE_BEZIER_KNOTS.);
#7180 = CARTESIAN_POINT('',(0.33921438042,-37.99139530712));
#7181 = CARTESIAN_POINT('',(1.6500250946,-37.99139530712));
#7182 = ( GEOMETRIC_REPRESENTATION_CONTEXT(2) 
PARAMETRIC_REPRESENTATION_CONTEXT() REPRESENTATION_CONTEXT('2D SPACE',''
  ) );
#7183 = PCURVE('',#5748,#7184);
#7184 = DEFINITIONAL_REPRESENTATION('',(#7185),#7193);
#7185 = ( BOUNDED_CURVE() B_SPLINE_CURVE(2,(#7186,#7187,#7188,#7189,
#7190,#7191,#7192),.UNSPECIFIED.,.T.,.F.) B_SPLINE_CURVE_WITH_KNOTS((1,2
    ,2,2,2,1),(-2.094395102393,0.,2.094395102393,4.188790204786,
6.28318530718,8.377580409573),.UNSPECIFIED.) CURVE() 
GEOMETRIC_REPRESENTATION_ITEM() RATIONAL_B_SPLINE_CURVE((1.,0.5,1.,0.5,
1.,0.5,1.)) REPRESENTATION_ITEM('') );
#7186 = CARTESIAN_POINT('',(685.14245183707,780.37428197623));
#7187 = CARTESIAN_POINT('',(734.15848259873,919.28766249273));
#7188 = CARTESIAN_POINT('',(829.95298367076,807.3818444022));
#7189 = CARTESIAN_POINT('',(925.74748474279,695.47602631168));
#7190 = CARTESIAN_POINT('',(780.9369529091,668.4684638857));
#7191 = CARTESIAN_POINT('',(636.12642107541,641.46090145973));
#7192 = CARTESIAN_POINT('',(685.14245183707,780.37428197623));
#7193 = ( GEOMETRIC_REPRESENTATION_CONTEXT(2) 
PARAMETRIC_REPRESENTATION_CONTEXT() REPRESENTATION_CONTEXT('2D SPACE',''
  ) );
#7194 = ORIENTED_EDGE('',*,*,#7092,.F.);
#7195 = ADVANCED_FACE('',(#7196),#7159,.T.);
#7196 = FACE_BOUND('',#7197,.T.);
#7197 = EDGE_LOOP('',(#7198,#7224,#7225,#7251));
#7198 = ORIENTED_EDGE('',*,*,#7199,.T.);
#7199 = EDGE_CURVE('',#7200,#7146,#7202,.T.);
#7200 = VERTEX_POINT('',#7201);
#7201 = CARTESIAN_POINT('',(82.827283871456,23.271318125338,
    7.192266840158E+03));
#7202 = SURFACE_CURVE('',#7203,(#7208,#7216),.PCURVE_S1.);
#7203 = B_SPLINE_CURVE_WITH_KNOTS('',3,(#7204,#7205,#7206,#7207),
  .UNSPECIFIED.,.F.,.F.,(4,4),(-5.710525883065E-03,0.),
  .PIECEWISE_BEZIER_KNOTS.);
#7204 = CARTESIAN_POINT('',(82.827283871456,23.271318125338,
    7.192266840158E+03));
#7205 = CARTESIAN_POINT('',(81.720552501425,24.811950280173,
    7.192266840158E+03));
#7206 = CARTESIAN_POINT('',(80.835151418497,26.504116472291,
    7.192266840158E+03));
#7207 = CARTESIAN_POINT('',(80.201677635469,28.299406366384,
    7.192266840158E+03));
#7208 = PCURVE('',#7159,#7209);
#7209 = DEFINITIONAL_REPRESENTATION('',(#7210),#7215);
#7210 = B_SPLINE_CURVE_WITH_KNOTS('',3,(#7211,#7212,#7213,#7214),
  .UNSPECIFIED.,.F.,.F.,(4,4),(-5.710525883065E-03,0.),
  .PIECEWISE_BEZIER_KNOTS.);
#7211 = CARTESIAN_POINT('',(616.75989050605,619.59827906143));
#7212 = CARTESIAN_POINT('',(618.63787799296,619.59827906143));
#7213 = CARTESIAN_POINT('',(620.54768429666,619.59827906143));
#7214 = CARTESIAN_POINT('',(622.43223376827,619.59827906143));
#7215 = ( GEOMETRIC_REPRESENTATION_CONTEXT(2) 
PARAMETRIC_REPRESENTATION_CONTEXT() REPRESENTATION_CONTEXT('2D SPACE',''
  ) );
#7216 = PCURVE('',#5748,#7217);
#7217 = DEFINITIONAL_REPRESENTATION('',(#7218),#7223);
#7218 = B_SPLINE_CURVE_WITH_KNOTS('',3,(#7219,#7220,#7221,#7222),
  .UNSPECIFIED.,.F.,.F.,(4,4),(-5.710525883065E-03,0.),
  .PIECEWISE_BEZIER_KNOTS.);
#7219 = CARTESIAN_POINT('',(682.51684560108,775.34619373518));
#7220 = CARTESIAN_POINT('',(683.62357697111,776.88682589002));
#7221 = CARTESIAN_POINT('',(684.50897805404,778.57899208214));
#7222 = CARTESIAN_POINT('',(685.14245183707,780.37428197623));
#7223 = ( GEOMETRIC_REPRESENTATION_CONTEXT(2) 
PARAMETRIC_REPRESENTATION_CONTEXT() REPRESENTATION_CONTEXT('2D SPACE',''
  ) );
#7224 = ORIENTED_EDGE('',*,*,#7145,.F.);
#7225 = ORIENTED_EDGE('',*,*,#7226,.T.);
#7226 = EDGE_CURVE('',#7119,#7227,#7229,.T.);
#7227 = VERTEX_POINT('',#7228);
#7228 = CARTESIAN_POINT('',(82.82728387146,23.27131812534,
    7.268249630772E+03));
#7229 = SURFACE_CURVE('',#7230,(#7235,#7243),.PCURVE_S1.);
#7230 = B_SPLINE_CURVE_WITH_KNOTS('',3,(#7231,#7232,#7233,#7234),
  .UNSPECIFIED.,.F.,.F.,(4,4),(-5.710525883069E-03,0.),
  .PIECEWISE_BEZIER_KNOTS.);
#7231 = CARTESIAN_POINT('',(80.201677635474,28.299406366389,
    7.268249630772E+03));
#7232 = CARTESIAN_POINT('',(80.835151418498,26.504116472293,
    7.268249630772E+03));
#7233 = CARTESIAN_POINT('',(81.720552501423,24.811950280175,
    7.268249630772E+03));
#7234 = CARTESIAN_POINT('',(82.82728387146,23.27131812534,
    7.268249630772E+03));
#7235 = PCURVE('',#7159,#7236);
#7236 = DEFINITIONAL_REPRESENTATION('',(#7237),#7242);
#7237 = B_SPLINE_CURVE_WITH_KNOTS('',3,(#7238,#7239,#7240,#7241),
  .UNSPECIFIED.,.F.,.F.,(4,4),(-5.710525883069E-03,0.),
  .PIECEWISE_BEZIER_KNOTS.);
#7238 = CARTESIAN_POINT('',(622.43223376827,695.58106967568));
#7239 = CARTESIAN_POINT('',(620.54768429666,695.58106967568));
#7240 = CARTESIAN_POINT('',(618.63787799296,695.58106967568));
#7241 = CARTESIAN_POINT('',(616.75989050605,695.58106967568));
#7242 = ( GEOMETRIC_REPRESENTATION_CONTEXT(2) 
PARAMETRIC_REPRESENTATION_CONTEXT() REPRESENTATION_CONTEXT('2D SPACE',''
  ) );
#7243 = PCURVE('',#5683,#7244);
#7244 = DEFINITIONAL_REPRESENTATION('',(#7245),#7250);
#7245 = B_SPLINE_CURVE_WITH_KNOTS('',3,(#7246,#7247,#7248,#7249),
  .UNSPECIFIED.,.F.,.F.,(4,4),(-5.710525883069E-03,0.),
  .PIECEWISE_BEZIER_KNOTS.);
#7246 = CARTESIAN_POINT('',(807.36753236701,780.37428197623));
#7247 = CARTESIAN_POINT('',(808.00100615004,778.57899208214));
#7248 = CARTESIAN_POINT('',(808.88640723296,776.88682589002));
#7249 = CARTESIAN_POINT('',(809.993138603,775.34619373518));
#7250 = ( GEOMETRIC_REPRESENTATION_CONTEXT(2) 
PARAMETRIC_REPRESENTATION_CONTEXT() REPRESENTATION_CONTEXT('2D SPACE',''
  ) );
#7251 = ORIENTED_EDGE('',*,*,#7252,.T.);
#7252 = EDGE_CURVE('',#7227,#7200,#7253,.T.);
#7253 = SURFACE_CURVE('',#7254,(#7257,#7263),.PCURVE_S1.);
#7254 = B_SPLINE_CURVE_WITH_KNOTS('',1,(#7255,#7256),.UNSPECIFIED.,.F.,
  .F.,(2,2),(0.,7.598279061425E-02),.PIECEWISE_BEZIER_KNOTS.);
#7255 = CARTESIAN_POINT('',(82.82728387146,23.27131812534,
    7.268249630772E+03));
#7256 = CARTESIAN_POINT('',(82.827283871456,23.271318125338,
    7.192266840158E+03));
#7257 = PCURVE('',#7159,#7258);
#7258 = DEFINITIONAL_REPRESENTATION('',(#7259),#7262);
#7259 = B_SPLINE_CURVE_WITH_KNOTS('',1,(#7260,#7261),.UNSPECIFIED.,.F.,
  .F.,(2,2),(0.,7.598279061425E-02),.PIECEWISE_BEZIER_KNOTS.);
#7260 = CARTESIAN_POINT('',(616.75989050605,695.58106967568));
#7261 = CARTESIAN_POINT('',(616.75989050605,619.59827906143));
#7262 = ( GEOMETRIC_REPRESENTATION_CONTEXT(2) 
PARAMETRIC_REPRESENTATION_CONTEXT() REPRESENTATION_CONTEXT('2D SPACE',''
  ) );
#7263 = PCURVE('',#7264,#7269);
#7264 = CYLINDRICAL_SURFACE('',#7265,17.896999755822);
#7265 = AXIS2_PLACEMENT_3D('',#7266,#7267,#7268);
#7266 = CARTESIAN_POINT('',(97.820918497294,33.043396766387,
    7.230258235465E+03));
#7267 = DIRECTION('',(7.444083632603E-13,1.240680605434E-12,-1.));
#7268 = DIRECTION('',(0.,-1.,-1.240680605434E-12));
#7269 = DEFINITIONAL_REPRESENTATION('',(#7270),#7273);
#7270 = B_SPLINE_CURVE_WITH_KNOTS('',1,(#7271,#7272),.UNSPECIFIED.,.F.,
  .F.,(2,2),(0.,7.598279061425E-02),.PIECEWISE_BEZIER_KNOTS.);
#7271 = CARTESIAN_POINT('',(0.993192925156,-37.99139530712));
#7272 = CARTESIAN_POINT('',(0.993192925153,37.991395307126));
#7273 = ( GEOMETRIC_REPRESENTATION_CONTEXT(2) 
PARAMETRIC_REPRESENTATION_CONTEXT() REPRESENTATION_CONTEXT('2D SPACE',''
  ) );
#7274 = ADVANCED_FACE('',(#7275),#7264,.F.);
#7275 = FACE_BOUND('',#7276,.F.);
#7276 = EDGE_LOOP('',(#7277,#7304,#7329,#7354));
#7277 = ORIENTED_EDGE('',*,*,#7278,.T.);
#7278 = EDGE_CURVE('',#7200,#7279,#7281,.T.);
#7279 = VERTEX_POINT('',#7280);
#7280 = CARTESIAN_POINT('',(93.437124121547,15.69159723057,
    7.192266840158E+03));
#7281 = SURFACE_CURVE('',#7282,(#7287,#7293),.PCURVE_S1.);
#7282 = CIRCLE('',#7283,17.89699975583);
#7283 = AXIS2_PLACEMENT_3D('',#7284,#7285,#7286);
#7284 = CARTESIAN_POINT('',(97.820918497298,33.043396766391,
    7.192266840158E+03));
#7285 = DIRECTION('',(-4.19843303663E-13,-5.876826394768E-13,1.));
#7286 = DIRECTION('',(-0.837773639739,-0.546017699859,
    -6.726187756838E-13));
#7287 = PCURVE('',#7264,#7288);
#7288 = DEFINITIONAL_REPRESENTATION('',(#7289),#7292);
#7289 = B_SPLINE_CURVE_WITH_KNOTS('',1,(#7290,#7291),.UNSPECIFIED.,.F.,
  .F.,(2,2),(-0.,0.745729167527),.PIECEWISE_BEZIER_KNOTS.);
#7290 = CARTESIAN_POINT('',(0.993192925153,37.991395307129));
#7291 = CARTESIAN_POINT('',(0.247463757626,37.991395307127));
#7292 = ( GEOMETRIC_REPRESENTATION_CONTEXT(2) 
PARAMETRIC_REPRESENTATION_CONTEXT() REPRESENTATION_CONTEXT('2D SPACE',''
  ) );
#7293 = PCURVE('',#5748,#7294);
#7294 = DEFINITIONAL_REPRESENTATION('',(#7295),#7303);
#7295 = ( BOUNDED_CURVE() B_SPLINE_CURVE(2,(#7296,#7297,#7298,#7299,
#7300,#7301,#7302),.UNSPECIFIED.,.T.,.F.) B_SPLINE_CURVE_WITH_KNOTS((1,2
    ,2,2,2,1),(-2.094395102393,0.,2.094395102393,4.188790204786,
6.28318530718,8.377580409573),.UNSPECIFIED.) CURVE() 
GEOMETRIC_REPRESENTATION_ITEM() RATIONAL_B_SPLINE_CURVE((1.,0.5,1.,0.5,
1.,0.5,1.)) REPRESENTATION_ITEM('') );
#7296 = CARTESIAN_POINT('',(682.51684560108,775.34619373518));
#7297 = CARTESIAN_POINT('',(665.59110889922,749.3764567731));
#7298 = CARTESIAN_POINT('',(651.56352531139,777.01944321572));
#7299 = CARTESIAN_POINT('',(637.53594172355,804.66242965834));
#7300 = CARTESIAN_POINT('',(668.48926201325,802.9891801778));
#7301 = CARTESIAN_POINT('',(699.44258230294,801.31593069727));
#7302 = CARTESIAN_POINT('',(682.51684560108,775.34619373518));
#7303 = ( GEOMETRIC_REPRESENTATION_CONTEXT(2) 
PARAMETRIC_REPRESENTATION_CONTEXT() REPRESENTATION_CONTEXT('2D SPACE',''
  ) );
#7304 = ORIENTED_EDGE('',*,*,#7305,.T.);
#7305 = EDGE_CURVE('',#7279,#7306,#7308,.T.);
#7306 = VERTEX_POINT('',#7307);
#7307 = CARTESIAN_POINT('',(93.437124121551,15.691597230574,
    7.268249630772E+03));
#7308 = SURFACE_CURVE('',#7309,(#7312,#7318),.PCURVE_S1.);
#7309 = B_SPLINE_CURVE_WITH_KNOTS('',1,(#7310,#7311),.UNSPECIFIED.,.F.,
  .F.,(2,2),(-7.598279061425E-02,0.),.PIECEWISE_BEZIER_KNOTS.);
#7310 = CARTESIAN_POINT('',(93.437124121547,15.69159723057,
    7.192266840158E+03));
#7311 = CARTESIAN_POINT('',(93.437124121551,15.691597230574,
    7.268249630772E+03));
#7312 = PCURVE('',#7264,#7313);
#7313 = DEFINITIONAL_REPRESENTATION('',(#7314),#7317);
#7314 = B_SPLINE_CURVE_WITH_KNOTS('',1,(#7315,#7316),.UNSPECIFIED.,.F.,
  .F.,(2,2),(-7.598279061425E-02,0.),.PIECEWISE_BEZIER_KNOTS.);
#7315 = CARTESIAN_POINT('',(0.247463757628,37.991395307125));
#7316 = CARTESIAN_POINT('',(0.247463757626,-37.99139530712));
#7317 = ( GEOMETRIC_REPRESENTATION_CONTEXT(2) 
PARAMETRIC_REPRESENTATION_CONTEXT() REPRESENTATION_CONTEXT('2D SPACE',''
  ) );
#7318 = PCURVE('',#7319,#7324);
#7319 = PLANE('',#7320);
#7320 = AXIS2_PLACEMENT_3D('',#7321,#7322,#7323);
#7321 = CARTESIAN_POINT('',(-503.7779847965,175.28343542383,
    7.887847909834E+03));
#7322 = DIRECTION('',(0.25816776672,0.966100100521,-2.558294638661E-14)
  );
#7323 = DIRECTION('',(0.966100100521,-0.25816776672,-1.577721810442E-30)
  );
#7324 = DEFINITIONAL_REPRESENTATION('',(#7325),#7328);
#7325 = B_SPLINE_CURVE_WITH_KNOTS('',1,(#7326,#7327),.UNSPECIFIED.,.F.,
  .F.,(2,2),(-7.598279061425E-02,0.),.PIECEWISE_BEZIER_KNOTS.);
#7326 = CARTESIAN_POINT('',(618.17104521157,695.58106967567));
#7327 = CARTESIAN_POINT('',(618.17104521157,619.59827906142));
#7328 = ( GEOMETRIC_REPRESENTATION_CONTEXT(2) 
PARAMETRIC_REPRESENTATION_CONTEXT() REPRESENTATION_CONTEXT('2D SPACE',''
  ) );
#7329 = ORIENTED_EDGE('',*,*,#7330,.T.);
#7330 = EDGE_CURVE('',#7306,#7227,#7331,.T.);
#7331 = SURFACE_CURVE('',#7332,(#7337,#7343),.PCURVE_S1.);
#7332 = CIRCLE('',#7333,17.896999755833);
#7333 = AXIS2_PLACEMENT_3D('',#7334,#7335,#7336);
#7334 = CARTESIAN_POINT('',(97.820918497302,33.043396766398,
    7.268249630772E+03));
#7335 = DIRECTION('',(1.259529910989E-12,1.763047918431E-12,-1.));
#7336 = DIRECTION('',(-0.244945769434,-0.969536781167,
    -2.017856327052E-12));
#7337 = PCURVE('',#7264,#7338);
#7338 = DEFINITIONAL_REPRESENTATION('',(#7339),#7342);
#7339 = B_SPLINE_CURVE_WITH_KNOTS('',1,(#7340,#7341),.UNSPECIFIED.,.F.,
  .F.,(2,2),(0.,0.745729167527),.PIECEWISE_BEZIER_KNOTS.);
#7340 = CARTESIAN_POINT('',(0.247463757626,-37.99139530712));
#7341 = CARTESIAN_POINT('',(0.993192925153,-37.99139530712));
#7342 = ( GEOMETRIC_REPRESENTATION_CONTEXT(2) 
PARAMETRIC_REPRESENTATION_CONTEXT() REPRESENTATION_CONTEXT('2D SPACE',''
  ) );
#7343 = PCURVE('',#5683,#7344);
#7344 = DEFINITIONAL_REPRESENTATION('',(#7345),#7353);
#7345 = ( BOUNDED_CURVE() B_SPLINE_CURVE(2,(#7346,#7347,#7348,#7349,
#7350,#7351,#7352),.UNSPECIFIED.,.T.,.F.) B_SPLINE_CURVE_WITH_KNOTS((1,2
    ,2,2,2,1),(-2.094395102393,0.,2.094395102393,4.188790204786,
6.28318530718,8.377580409573),.UNSPECIFIED.) CURVE() 
GEOMETRIC_REPRESENTATION_ITEM() RATIONAL_B_SPLINE_CURVE((1.,0.5,1.,0.5,
1.,0.5,1.)) REPRESENTATION_ITEM('') );
#7346 = CARTESIAN_POINT('',(820.60297885309,767.76647284042));
#7347 = CARTESIAN_POINT('',(790.54878045429,775.35942742915));
#7348 = CARTESIAN_POINT('',(812.15157121732,797.59064943852));
#7349 = CARTESIAN_POINT('',(833.75436198034,819.82187144789));
#7350 = CARTESIAN_POINT('',(842.20576961611,789.99769484979));
#7351 = CARTESIAN_POINT('',(850.65717725189,760.17351825168));
#7352 = CARTESIAN_POINT('',(820.60297885309,767.76647284042));
#7353 = ( GEOMETRIC_REPRESENTATION_CONTEXT(2) 
PARAMETRIC_REPRESENTATION_CONTEXT() REPRESENTATION_CONTEXT('2D SPACE',''
  ) );
#7354 = ORIENTED_EDGE('',*,*,#7252,.T.);
#7355 = ADVANCED_FACE('',(#7356),#7319,.T.);
#7356 = FACE_BOUND('',#7357,.T.);
#7357 = EDGE_LOOP('',(#7358,#7393,#7418,#7451));
#7358 = ORIENTED_EDGE('',*,*,#7359,.T.);
#7359 = EDGE_CURVE('',#7306,#7360,#7362,.T.);
#7360 = VERTEX_POINT('',#7361);
#7361 = CARTESIAN_POINT('',(127.05577302352,6.707795756499,
    7.268249630772E+03));
#7362 = SURFACE_CURVE('',#7363,(#7371,#7382),.PCURVE_S1.);
#7363 = B_SPLINE_CURVE_WITH_KNOTS('',3,(#7364,#7365,#7366,#7367,#7368,
    #7369,#7370),.UNSPECIFIED.,.F.,.F.,(4,3,4),(0.,2.543215327062E-02,
    3.47983080468E-02),.UNSPECIFIED.);
#7364 = CARTESIAN_POINT('',(93.437124121551,15.691597230574,
    7.268249630772E+03));
#7365 = CARTESIAN_POINT('',(101.62712997058,13.503008782721,
    7.268249630772E+03));
#7366 = CARTESIAN_POINT('',(109.81712996167,11.314421900272,
    7.268249630772E+03));
#7367 = CARTESIAN_POINT('',(118.00712995276,9.125835017818,
    7.268249630772E+03));
#7368 = CARTESIAN_POINT('',(121.02334430968,8.31982193071,
    7.268249630772E+03));
#7369 = CARTESIAN_POINT('',(124.0395586666,7.513808843605,
    7.268249630772E+03));
#7370 = CARTESIAN_POINT('',(127.05577302352,6.707795756499,
    7.268249630772E+03));
#7371 = PCURVE('',#7319,#7372);
#7372 = DEFINITIONAL_REPRESENTATION('',(#7373),#7381);
#7373 = B_SPLINE_CURVE_WITH_KNOTS('',3,(#7374,#7375,#7376,#7377,#7378,
    #7379,#7380),.UNSPECIFIED.,.F.,.F.,(4,3,4),(0.,2.543215327062E-02,
    3.47983080468E-02),.UNSPECIFIED.);
#7374 = CARTESIAN_POINT('',(618.17104521157,619.59827906142));
#7375 = CARTESIAN_POINT('',(626.64843367744,619.59827906142));
#7376 = CARTESIAN_POINT('',(635.12581607982,619.59827906142));
#7377 = CARTESIAN_POINT('',(643.60319848219,619.59827906142));
#7378 = CARTESIAN_POINT('',(646.72525007425,619.59827906142));
#7379 = CARTESIAN_POINT('',(649.84730166632,619.59827906142));
#7380 = CARTESIAN_POINT('',(652.96935325837,619.59827906142));
#7381 = ( GEOMETRIC_REPRESENTATION_CONTEXT(2) 
PARAMETRIC_REPRESENTATION_CONTEXT() REPRESENTATION_CONTEXT('2D SPACE',''
  ) );
#7382 = PCURVE('',#5683,#7383);
#7383 = DEFINITIONAL_REPRESENTATION('',(#7384),#7392);
#7384 = B_SPLINE_CURVE_WITH_KNOTS('',3,(#7385,#7386,#7387,#7388,#7389,
    #7390,#7391),.UNSPECIFIED.,.F.,.F.,(4,3,4),(0.,2.543215327062E-02,
    3.47983080468E-02),.UNSPECIFIED.);
#7385 = CARTESIAN_POINT('',(820.60297885309,767.76647284042));
#7386 = CARTESIAN_POINT('',(828.79298470212,765.57788439257));
#7387 = CARTESIAN_POINT('',(836.98298469321,763.38929751012));
#7388 = CARTESIAN_POINT('',(845.1729846843,761.20071062766));
#7389 = CARTESIAN_POINT('',(848.18919904122,760.39469754055));
#7390 = CARTESIAN_POINT('',(851.20541339815,759.58868445345));
#7391 = CARTESIAN_POINT('',(854.22162775507,758.78267136634));
#7392 = ( GEOMETRIC_REPRESENTATION_CONTEXT(2) 
PARAMETRIC_REPRESENTATION_CONTEXT() REPRESENTATION_CONTEXT('2D SPACE',''
  ) );
#7393 = ORIENTED_EDGE('',*,*,#7394,.T.);
#7394 = EDGE_CURVE('',#7360,#7395,#7397,.T.);
#7395 = VERTEX_POINT('',#7396);
#7396 = CARTESIAN_POINT('',(127.05577302352,6.707795756496,
    7.192266840158E+03));
#7397 = SURFACE_CURVE('',#7398,(#7401,#7407),.PCURVE_S1.);
#7398 = B_SPLINE_CURVE_WITH_KNOTS('',1,(#7399,#7400),.UNSPECIFIED.,.F.,
  .F.,(2,2),(0.,7.598279061425E-02),.PIECEWISE_BEZIER_KNOTS.);
#7399 = CARTESIAN_POINT('',(127.05577302352,6.707795756499,
    7.268249630772E+03));
#7400 = CARTESIAN_POINT('',(127.05577302352,6.707795756496,
    7.192266840158E+03));
#7401 = PCURVE('',#7319,#7402);
#7402 = DEFINITIONAL_REPRESENTATION('',(#7403),#7406);
#7403 = B_SPLINE_CURVE_WITH_KNOTS('',1,(#7404,#7405),.UNSPECIFIED.,.F.,
  .F.,(2,2),(0.,7.598279061425E-02),.PIECEWISE_BEZIER_KNOTS.);
#7404 = CARTESIAN_POINT('',(652.96935325837,619.59827906142));
#7405 = CARTESIAN_POINT('',(652.96935325837,695.58106967567));
#7406 = ( GEOMETRIC_REPRESENTATION_CONTEXT(2) 
PARAMETRIC_REPRESENTATION_CONTEXT() REPRESENTATION_CONTEXT('2D SPACE',''
  ) );
#7407 = PCURVE('',#7408,#7413);
#7408 = CYLINDRICAL_SURFACE('',#7409,4.998737748305);
#7409 = AXIS2_PLACEMENT_3D('',#7410,#7411,#7412);
#7410 = CARTESIAN_POINT('',(125.76624767182,1.878250907999,
    7.230258235465E+03));
#7411 = DIRECTION('',(3.553610789049E-13,1.776805394525E-13,1.));
#7412 = DIRECTION('',(1.,0.,-3.553610789049E-13));
#7413 = DEFINITIONAL_REPRESENTATION('',(#7414),#7417);
#7414 = B_SPLINE_CURVE_WITH_KNOTS('',1,(#7415,#7416),.UNSPECIFIED.,.F.,
  .F.,(2,2),(0.,7.598279061425E-02),.PIECEWISE_BEZIER_KNOTS.);
#7415 = CARTESIAN_POINT('',(1.309875629958,37.99139530712));
#7416 = CARTESIAN_POINT('',(1.309875629954,-37.99139530712));
#7417 = ( GEOMETRIC_REPRESENTATION_CONTEXT(2) 
PARAMETRIC_REPRESENTATION_CONTEXT() REPRESENTATION_CONTEXT('2D SPACE',''
  ) );
#7418 = ORIENTED_EDGE('',*,*,#7419,.T.);
#7419 = EDGE_CURVE('',#7395,#7279,#7420,.T.);
#7420 = SURFACE_CURVE('',#7421,(#7429,#7440),.PCURVE_S1.);
#7421 = B_SPLINE_CURVE_WITH_KNOTS('',3,(#7422,#7423,#7424,#7425,#7426,
    #7427,#7428),.UNSPECIFIED.,.F.,.F.,(4,3,4),(0.,9.366154776181E-03,
    3.47983080468E-02),.UNSPECIFIED.);
#7422 = CARTESIAN_POINT('',(127.05577302352,6.707795756496,
    7.192266840158E+03));
#7423 = CARTESIAN_POINT('',(124.0395586666,7.513808843603,
    7.192266840158E+03));
#7424 = CARTESIAN_POINT('',(121.02334430968,8.319821930709,
    7.192266840158E+03));
#7425 = CARTESIAN_POINT('',(118.00712995276,9.125835017818,
    7.192266840158E+03));
#7426 = CARTESIAN_POINT('',(109.81712800902,11.314422422068,
    7.192266840158E+03));
#7427 = CARTESIAN_POINT('',(101.62712606528,13.50300982632,
    7.192266840158E+03));
#7428 = CARTESIAN_POINT('',(93.437124121547,15.69159723057,
    7.192266840158E+03));
#7429 = PCURVE('',#7319,#7430);
#7430 = DEFINITIONAL_REPRESENTATION('',(#7431),#7439);
#7431 = B_SPLINE_CURVE_WITH_KNOTS('',3,(#7432,#7433,#7434,#7435,#7436,
    #7437,#7438),.UNSPECIFIED.,.F.,.F.,(4,3,4),(0.,9.366154776181E-03,
    3.47983080468E-02),.UNSPECIFIED.);
#7432 = CARTESIAN_POINT('',(652.96935325837,695.58106967567));
#7433 = CARTESIAN_POINT('',(649.84730166631,695.58106967567));
#7434 = CARTESIAN_POINT('',(646.72525007425,695.58106967567));
#7435 = CARTESIAN_POINT('',(643.60319848219,695.58106967567));
#7436 = CARTESIAN_POINT('',(635.12581405865,695.58106967567));
#7437 = CARTESIAN_POINT('',(626.64842963511,695.58106967567));
#7438 = CARTESIAN_POINT('',(618.17104521157,695.58106967567));
#7439 = ( GEOMETRIC_REPRESENTATION_CONTEXT(2) 
PARAMETRIC_REPRESENTATION_CONTEXT() REPRESENTATION_CONTEXT('2D SPACE',''
  ) );
#7440 = PCURVE('',#5748,#7441);
#7441 = DEFINITIONAL_REPRESENTATION('',(#7442),#7450);
#7442 = B_SPLINE_CURVE_WITH_KNOTS('',3,(#7443,#7444,#7445,#7446,#7447,
    #7448,#7449),.UNSPECIFIED.,.F.,.F.,(4,3,4),(0.,9.366154776181E-03,
    3.47983080468E-02),.UNSPECIFIED.);
#7443 = CARTESIAN_POINT('',(638.28835644901,758.78267136634));
#7444 = CARTESIAN_POINT('',(641.30457080593,759.58868445345));
#7445 = CARTESIAN_POINT('',(644.32078516285,760.39469754055));
#7446 = CARTESIAN_POINT('',(647.33699951977,761.20071062766));
#7447 = CARTESIAN_POINT('',(655.52700146351,763.38929803191));
#7448 = CARTESIAN_POINT('',(663.71700340725,765.57788543617));
#7449 = CARTESIAN_POINT('',(671.90700535099,767.76647284042));
#7450 = ( GEOMETRIC_REPRESENTATION_CONTEXT(2) 
PARAMETRIC_REPRESENTATION_CONTEXT() REPRESENTATION_CONTEXT('2D SPACE',''
  ) );
#7451 = ORIENTED_EDGE('',*,*,#7305,.T.);
#7452 = ADVANCED_FACE('',(#7453),#7408,.T.);
#7453 = FACE_BOUND('',#7454,.T.);
#7454 = EDGE_LOOP('',(#7455,#7482,#7483,#7510));
#7455 = ORIENTED_EDGE('',*,*,#7456,.T.);
#7456 = EDGE_CURVE('',#7457,#7395,#7459,.T.);
#7457 = VERTEX_POINT('',#7458);
#7458 = CARTESIAN_POINT('',(130.75825715136,1.618981872863,
    7.192266840158E+03));
#7459 = SURFACE_CURVE('',#7460,(#7465,#7471),.PCURVE_S1.);
#7460 = CIRCLE('',#7461,4.998737748304);
#7461 = AXIS2_PLACEMENT_3D('',#7462,#7463,#7464);
#7462 = CARTESIAN_POINT('',(125.76624767182,1.878250907999,
    7.192266840158E+03));
#7463 = DIRECTION('',(2.338213829038E-12,1.526686050512E-12,1.));
#7464 = DIRECTION('',(0.998654006449,-5.186690084395E-02,
    -2.255882134302E-12));
#7465 = PCURVE('',#7408,#7466);
#7466 = DEFINITIONAL_REPRESENTATION('',(#7467),#7470);
#7467 = B_SPLINE_CURVE_WITH_KNOTS('',1,(#7468,#7469),.UNSPECIFIED.,.F.,
  .F.,(2,2),(0.,1.361765814174),.PIECEWISE_BEZIER_KNOTS.);
#7468 = CARTESIAN_POINT('',(-5.189018421667E-02,-37.99139530713));
#7469 = CARTESIAN_POINT('',(1.309875629958,-37.99139530713));
#7470 = ( GEOMETRIC_REPRESENTATION_CONTEXT(2) 
PARAMETRIC_REPRESENTATION_CONTEXT() REPRESENTATION_CONTEXT('2D SPACE',''
  ) );
#7471 = PCURVE('',#5748,#7472);
#7472 = DEFINITIONAL_REPRESENTATION('',(#7473),#7481);
#7473 = ( BOUNDED_CURVE() B_SPLINE_CURVE(2,(#7474,#7475,#7476,#7477,
#7478,#7479,#7480),.UNSPECIFIED.,.T.,.F.) B_SPLINE_CURVE_WITH_KNOTS((1,2
    ,2,2,2,1),(-2.094395102393,0.,2.094395102393,4.188790204786,
6.28318530718,8.377580409573),.UNSPECIFIED.) CURVE() 
GEOMETRIC_REPRESENTATION_ITEM() RATIONAL_B_SPLINE_CURVE((1.,0.5,1.,0.5,
1.,0.5,1.)) REPRESENTATION_ITEM('') );
#7474 = CARTESIAN_POINT('',(634.58587232118,753.69385748271));
#7475 = CARTESIAN_POINT('',(634.13680517949,762.34027153312));
#7476 = CARTESIAN_POINT('',(641.84935296963,758.40596806062));
#7477 = CARTESIAN_POINT('',(649.56190075977,754.47166458812));
#7478 = CARTESIAN_POINT('',(642.29842011132,749.75955401021));
#7479 = CARTESIAN_POINT('',(635.03493946286,745.04744343229));
#7480 = CARTESIAN_POINT('',(634.58587232118,753.69385748271));
#7481 = ( GEOMETRIC_REPRESENTATION_CONTEXT(2) 
PARAMETRIC_REPRESENTATION_CONTEXT() REPRESENTATION_CONTEXT('2D SPACE',''
  ) );
#7482 = ORIENTED_EDGE('',*,*,#7394,.F.);
#7483 = ORIENTED_EDGE('',*,*,#7484,.T.);
#7484 = EDGE_CURVE('',#7360,#7485,#7487,.T.);
#7485 = VERTEX_POINT('',#7486);
#7486 = CARTESIAN_POINT('',(130.75825715136,1.618981872867,
    7.268249630772E+03));
#7487 = SURFACE_CURVE('',#7488,(#7493,#7499),.PCURVE_S1.);
#7488 = CIRCLE('',#7489,4.998737748307);
#7489 = AXIS2_PLACEMENT_3D('',#7490,#7491,#7492);
#7490 = CARTESIAN_POINT('',(125.76624767182,1.878250907999,
    7.268249630772E+03));
#7491 = DIRECTION('',(-1.9330122891E-12,-1.406407756889E-12,-1.));
#7492 = DIRECTION('',(0.257970195003,0.96615287532,-1.857464455354E-12)
  );
#7493 = PCURVE('',#7408,#7494);
#7494 = DEFINITIONAL_REPRESENTATION('',(#7495),#7498);
#7495 = B_SPLINE_CURVE_WITH_KNOTS('',1,(#7496,#7497),.UNSPECIFIED.,.F.,
  .F.,(2,2),(0.,1.361765814173),.PIECEWISE_BEZIER_KNOTS.);
#7496 = CARTESIAN_POINT('',(1.309875629958,37.991395307122));
#7497 = CARTESIAN_POINT('',(-5.189018421482E-02,37.991395307123));
#7498 = ( GEOMETRIC_REPRESENTATION_CONTEXT(2) 
PARAMETRIC_REPRESENTATION_CONTEXT() REPRESENTATION_CONTEXT('2D SPACE',''
  ) );
#7499 = PCURVE('',#5683,#7500);
#7500 = DEFINITIONAL_REPRESENTATION('',(#7501),#7509);
#7501 = ( BOUNDED_CURVE() B_SPLINE_CURVE(2,(#7502,#7503,#7504,#7505,
#7506,#7507,#7508),.UNSPECIFIED.,.T.,.F.) B_SPLINE_CURVE_WITH_KNOTS((1,2
    ,2,2,2,1),(-2.094395102393,0.,2.094395102393,4.188790204786,
6.28318530718,8.377580409573),.UNSPECIFIED.) CURVE() 
GEOMETRIC_REPRESENTATION_ITEM() RATIONAL_B_SPLINE_CURVE((1.,0.5,1.,0.5,
1.,0.5,1.)) REPRESENTATION_ITEM('') );
#7502 = CARTESIAN_POINT('',(854.22162775507,758.78267136634));
#7503 = CARTESIAN_POINT('',(862.5866448101,756.54914793955));
#7504 = CARTESIAN_POINT('',(856.46984825503,750.4215923802));
#7505 = CARTESIAN_POINT('',(850.35305169996,744.29403682084));
#7506 = CARTESIAN_POINT('',(848.1048312,752.65511580699));
#7507 = CARTESIAN_POINT('',(845.85661070003,761.01619479314));
#7508 = CARTESIAN_POINT('',(854.22162775507,758.78267136634));
#7509 = ( GEOMETRIC_REPRESENTATION_CONTEXT(2) 
PARAMETRIC_REPRESENTATION_CONTEXT() REPRESENTATION_CONTEXT('2D SPACE',''
  ) );
#7510 = ORIENTED_EDGE('',*,*,#7511,.T.);
#7511 = EDGE_CURVE('',#7485,#7457,#7512,.T.);
#7512 = SURFACE_CURVE('',#7513,(#7516,#7522),.PCURVE_S1.);
#7513 = B_SPLINE_CURVE_WITH_KNOTS('',1,(#7514,#7515),.UNSPECIFIED.,.F.,
  .F.,(2,2),(0.,7.598279061425E-02),.PIECEWISE_BEZIER_KNOTS.);
#7514 = CARTESIAN_POINT('',(130.75825715136,1.618981872867,
    7.268249630772E+03));
#7515 = CARTESIAN_POINT('',(130.75825715136,1.618981872863,
    7.192266840158E+03));
#7516 = PCURVE('',#7408,#7517);
#7517 = DEFINITIONAL_REPRESENTATION('',(#7518),#7521);
#7518 = B_SPLINE_CURVE_WITH_KNOTS('',1,(#7519,#7520),.UNSPECIFIED.,.F.,
  .F.,(2,2),(0.,7.598279061425E-02),.PIECEWISE_BEZIER_KNOTS.);
#7519 = CARTESIAN_POINT('',(-5.189018421872E-02,37.991395307121));
#7520 = CARTESIAN_POINT('',(-5.189018421667E-02,-37.99139530712));
#7521 = ( GEOMETRIC_REPRESENTATION_CONTEXT(2) 
PARAMETRIC_REPRESENTATION_CONTEXT() REPRESENTATION_CONTEXT('2D SPACE',''
  ) );
#7522 = PCURVE('',#7523,#7528);
#7523 = PLANE('',#7524);
#7524 = AXIS2_PLACEMENT_3D('',#7525,#7526,#7527);
#7525 = CARTESIAN_POINT('',(98.148966934791,-628.7344165724,
    6.572668561097E+03));
#7526 = DIRECTION('',(0.998664592287,-5.166267620542E-02,
    -4.425931017975E-14));
#7527 = DIRECTION('',(5.166267620542E-02,0.998664592287,0.));
#7528 = DEFINITIONAL_REPRESENTATION('',(#7529),#7532);
#7529 = B_SPLINE_CURVE_WITH_KNOTS('',1,(#7530,#7531),.UNSPECIFIED.,.F.,
  .F.,(2,2),(0.,7.598279061425E-02),.PIECEWISE_BEZIER_KNOTS.);
#7530 = CARTESIAN_POINT('',(631.19630285676,695.58106967568));
#7531 = CARTESIAN_POINT('',(631.19630285676,619.59827906143));
#7532 = ( GEOMETRIC_REPRESENTATION_CONTEXT(2) 
PARAMETRIC_REPRESENTATION_CONTEXT() REPRESENTATION_CONTEXT('2D SPACE',''
  ) );
#7533 = ADVANCED_FACE('',(#7534),#7523,.T.);
#7534 = FACE_BOUND('',#7535,.T.);
#7535 = EDGE_LOOP('',(#7536,#7562,#7587,#7611));
#7536 = ORIENTED_EDGE('',*,*,#7537,.T.);
#7537 = EDGE_CURVE('',#7485,#7538,#7540,.T.);
#7538 = VERTEX_POINT('',#7539);
#7539 = CARTESIAN_POINT('',(129.88504634926,-15.26060652079,
    7.268249630772E+03));
#7540 = SURFACE_CURVE('',#7541,(#7546,#7554),.PCURVE_S1.);
#7541 = B_SPLINE_CURVE_WITH_KNOTS('',3,(#7542,#7543,#7544,#7545),
  .UNSPECIFIED.,.F.,.F.,(4,4),(0.,1.690215966805E-02),
  .PIECEWISE_BEZIER_KNOTS.);
#7542 = CARTESIAN_POINT('',(130.75825715136,1.618981872867,
    7.268249630772E+03));
#7543 = CARTESIAN_POINT('',(130.4671867452,-4.007550274626,
    7.268249630772E+03));
#7544 = CARTESIAN_POINT('',(130.17611654723,-9.634078397711,
    7.268249630772E+03));
#7545 = CARTESIAN_POINT('',(129.88504634926,-15.26060652079,
    7.268249630772E+03));
#7546 = PCURVE('',#7523,#7547);
#7547 = DEFINITIONAL_REPRESENTATION('',(#7548),#7553);
#7548 = B_SPLINE_CURVE_WITH_KNOTS('',3,(#7549,#7550,#7551,#7552),
  .UNSPECIFIED.,.F.,.F.,(4,4),(0.,1.690215966805E-02),
  .PIECEWISE_BEZIER_KNOTS.);
#7549 = CARTESIAN_POINT('',(631.19630285676,695.58106967568));
#7550 = CARTESIAN_POINT('',(625.56224694755,695.58106967568));
#7551 = CARTESIAN_POINT('',(619.92819506813,695.58106967568));
#7552 = CARTESIAN_POINT('',(614.29414318871,695.58106967568));
#7553 = ( GEOMETRIC_REPRESENTATION_CONTEXT(2) 
PARAMETRIC_REPRESENTATION_CONTEXT() REPRESENTATION_CONTEXT('2D SPACE',''
  ) );
#7554 = PCURVE('',#5683,#7555);
#7555 = DEFINITIONAL_REPRESENTATION('',(#7556),#7561);
#7556 = B_SPLINE_CURVE_WITH_KNOTS('',3,(#7557,#7558,#7559,#7560),
  .UNSPECIFIED.,.F.,.F.,(4,4),(0.,1.690215966805E-02),
  .PIECEWISE_BEZIER_KNOTS.);
#7557 = CARTESIAN_POINT('',(857.9241118829,753.69385748271));
#7558 = CARTESIAN_POINT('',(857.63304147674,748.06732533522));
#7559 = CARTESIAN_POINT('',(857.34197127877,742.44079721213));
#7560 = CARTESIAN_POINT('',(857.0509010808,736.81426908905));
#7561 = ( GEOMETRIC_REPRESENTATION_CONTEXT(2) 
PARAMETRIC_REPRESENTATION_CONTEXT() REPRESENTATION_CONTEXT('2D SPACE',''
  ) );
#7562 = ORIENTED_EDGE('',*,*,#7563,.T.);
#7563 = EDGE_CURVE('',#7538,#7564,#7566,.T.);
#7564 = VERTEX_POINT('',#7565);
#7565 = CARTESIAN_POINT('',(129.88504634925,-15.26060652079,
    7.192266840158E+03));
#7566 = SURFACE_CURVE('',#7567,(#7570,#7576),.PCURVE_S1.);
#7567 = B_SPLINE_CURVE_WITH_KNOTS('',1,(#7568,#7569),.UNSPECIFIED.,.F.,
  .F.,(2,2),(0.,7.598279061425E-02),.PIECEWISE_BEZIER_KNOTS.);
#7568 = CARTESIAN_POINT('',(129.88504634926,-15.26060652079,
    7.268249630772E+03));
#7569 = CARTESIAN_POINT('',(129.88504634925,-15.26060652079,
    7.192266840158E+03));
#7570 = PCURVE('',#7523,#7571);
#7571 = DEFINITIONAL_REPRESENTATION('',(#7572),#7575);
#7572 = B_SPLINE_CURVE_WITH_KNOTS('',1,(#7573,#7574),.UNSPECIFIED.,.F.,
  .F.,(2,2),(0.,7.598279061425E-02),.PIECEWISE_BEZIER_KNOTS.);
#7573 = CARTESIAN_POINT('',(614.29414318871,695.58106967568));
#7574 = CARTESIAN_POINT('',(614.29414318871,619.59827906143));
#7575 = ( GEOMETRIC_REPRESENTATION_CONTEXT(2) 
PARAMETRIC_REPRESENTATION_CONTEXT() REPRESENTATION_CONTEXT('2D SPACE',''
  ) );
#7576 = PCURVE('',#7577,#7582);
#7577 = CYLINDRICAL_SURFACE('',#7578,4.998414421583);
#7578 = AXIS2_PLACEMENT_3D('',#7579,#7580,#7581);
#7579 = CARTESIAN_POINT('',(124.89324067303,-15.00365745836,
    7.230258235465E+03));
#7580 = DIRECTION('',(1.599228295834E-12,-1.243844230093E-12,1.));
#7581 = DIRECTION('',(1.,0.,-1.599228295834E-12));
#7582 = DEFINITIONAL_REPRESENTATION('',(#7583),#7586);
#7583 = B_SPLINE_CURVE_WITH_KNOTS('',1,(#7584,#7585),.UNSPECIFIED.,.F.,
  .F.,(2,2),(0.,7.598279061425E-02),.PIECEWISE_BEZIER_KNOTS.);
#7584 = CARTESIAN_POINT('',(6.231756525182,37.991395307127));
#7585 = CARTESIAN_POINT('',(6.231756525164,-37.99139530712));
#7586 = ( GEOMETRIC_REPRESENTATION_CONTEXT(2) 
PARAMETRIC_REPRESENTATION_CONTEXT() REPRESENTATION_CONTEXT('2D SPACE',''
  ) );
#7587 = ORIENTED_EDGE('',*,*,#7588,.T.);
#7588 = EDGE_CURVE('',#7564,#7457,#7589,.T.);
#7589 = SURFACE_CURVE('',#7590,(#7595,#7603),.PCURVE_S1.);
#7590 = B_SPLINE_CURVE_WITH_KNOTS('',3,(#7591,#7592,#7593,#7594),
  .UNSPECIFIED.,.F.,.F.,(4,4),(0.,1.690215966805E-02),
  .PIECEWISE_BEZIER_KNOTS.);
#7591 = CARTESIAN_POINT('',(129.88504634925,-15.26060652079,
    7.192266840158E+03));
#7592 = CARTESIAN_POINT('',(130.17611661662,-9.634077056242,
    7.192266840158E+03));
#7593 = CARTESIAN_POINT('',(130.46718688399,-4.007547591691,
    7.192266840158E+03));
#7594 = CARTESIAN_POINT('',(130.75825715136,1.618981872863,
    7.192266840158E+03));
#7595 = PCURVE('',#7523,#7596);
#7596 = DEFINITIONAL_REPRESENTATION('',(#7597),#7602);
#7597 = B_SPLINE_CURVE_WITH_KNOTS('',3,(#7598,#7599,#7600,#7601),
  .UNSPECIFIED.,.F.,.F.,(4,4),(0.,1.690215966805E-02),
  .PIECEWISE_BEZIER_KNOTS.);
#7598 = CARTESIAN_POINT('',(614.29414318871,619.59827906143));
#7599 = CARTESIAN_POINT('',(619.92819641139,619.59827906143));
#7600 = CARTESIAN_POINT('',(625.56224963407,619.59827906143));
#7601 = CARTESIAN_POINT('',(631.19630285676,619.59827906143));
#7602 = ( GEOMETRIC_REPRESENTATION_CONTEXT(2) 
PARAMETRIC_REPRESENTATION_CONTEXT() REPRESENTATION_CONTEXT('2D SPACE',''
  ) );
#7603 = PCURVE('',#5748,#7604);
#7604 = DEFINITIONAL_REPRESENTATION('',(#7605),#7610);
#7605 = B_SPLINE_CURVE_WITH_KNOTS('',3,(#7606,#7607,#7608,#7609),
  .UNSPECIFIED.,.F.,.F.,(4,4),(0.,1.690215966805E-02),
  .PIECEWISE_BEZIER_KNOTS.);
#7606 = CARTESIAN_POINT('',(635.45908312328,736.81426908905));
#7607 = CARTESIAN_POINT('',(635.16801285591,742.4407985536));
#7608 = CARTESIAN_POINT('',(634.87694258854,748.06732801815));
#7609 = CARTESIAN_POINT('',(634.58587232118,753.69385748271));
#7610 = ( GEOMETRIC_REPRESENTATION_CONTEXT(2) 
PARAMETRIC_REPRESENTATION_CONTEXT() REPRESENTATION_CONTEXT('2D SPACE',''
  ) );
#7611 = ORIENTED_EDGE('',*,*,#7511,.F.);
#7612 = ADVANCED_FACE('',(#7613),#7577,.T.);
#7613 = FACE_BOUND('',#7614,.T.);
#7614 = EDGE_LOOP('',(#7615,#7642,#7643,#7670));
#7615 = ORIENTED_EDGE('',*,*,#7616,.T.);
#7616 = EDGE_CURVE('',#7617,#7564,#7619,.T.);
#7617 = VERTEX_POINT('',#7618);
#7618 = CARTESIAN_POINT('',(125.67722499364,-19.94020638599,
    7.192266840158E+03));
#7619 = SURFACE_CURVE('',#7620,(#7625,#7631),.PCURVE_S1.);
#7620 = CIRCLE('',#7621,4.998414421584);
#7621 = AXIS2_PLACEMENT_3D('',#7622,#7623,#7624);
#7622 = CARTESIAN_POINT('',(124.89324067303,-15.00365745836,
    7.192266840158E+03));
#7623 = DIRECTION('',(1.184948168953E-12,-1.065486442055E-12,1.));
#7624 = DIRECTION('',(0.156846602641,-0.987622976262,-1.238153985674E-12
    ));
#7625 = PCURVE('',#7577,#7626);
#7626 = DEFINITIONAL_REPRESENTATION('',(#7627),#7630);
#7627 = B_SPLINE_CURVE_WITH_KNOTS('',1,(#7628,#7629),.UNSPECIFIED.,.F.,
  .F.,(2,2),(0.,1.36187062336),.PIECEWISE_BEZIER_KNOTS.);
#7628 = CARTESIAN_POINT('',(4.869885901823,-37.99139530711));
#7629 = CARTESIAN_POINT('',(6.231756525183,-37.99139530711));
#7630 = ( GEOMETRIC_REPRESENTATION_CONTEXT(2) 
PARAMETRIC_REPRESENTATION_CONTEXT() REPRESENTATION_CONTEXT('2D SPACE',''
  ) );
#7631 = PCURVE('',#5748,#7632);
#7632 = DEFINITIONAL_REPRESENTATION('',(#7633),#7641);
#7633 = ( BOUNDED_CURVE() B_SPLINE_CURVE(2,(#7634,#7635,#7636,#7637,
#7638,#7639,#7640),.UNSPECIFIED.,.T.,.F.) B_SPLINE_CURVE_WITH_KNOTS((1,2
    ,2,2,2,1),(-2.094395102393,0.,2.094395102393,4.188790204786,
6.28318530718,8.377580409573),.UNSPECIFIED.) CURVE() 
GEOMETRIC_REPRESENTATION_ITEM() RATIONAL_B_SPLINE_CURVE((1.,0.5,1.,0.5,
1.,0.5,1.)) REPRESENTATION_ITEM('') );
#7634 = CARTESIAN_POINT('',(639.66690447889,732.13466922385));
#7635 = CARTESIAN_POINT('',(631.11655092218,733.49256989949));
#7636 = CARTESIAN_POINT('',(636.56770418146,740.21844295312));
#7637 = CARTESIAN_POINT('',(642.01885744073,746.94431600675));
#7638 = CARTESIAN_POINT('',(645.11805773817,738.86054227748));
#7639 = CARTESIAN_POINT('',(648.2172580356,730.77676854821));
#7640 = CARTESIAN_POINT('',(639.66690447889,732.13466922385));
#7641 = ( GEOMETRIC_REPRESENTATION_CONTEXT(2) 
PARAMETRIC_REPRESENTATION_CONTEXT() REPRESENTATION_CONTEXT('2D SPACE',''
  ) );
#7642 = ORIENTED_EDGE('',*,*,#7563,.F.);
#7643 = ORIENTED_EDGE('',*,*,#7644,.T.);
#7644 = EDGE_CURVE('',#7538,#7645,#7647,.T.);
#7645 = VERTEX_POINT('',#7646);
#7646 = CARTESIAN_POINT('',(125.67722499365,-19.94020638599,
    7.268249630772E+03));
#7647 = SURFACE_CURVE('',#7648,(#7653,#7659),.PCURVE_S1.);
#7648 = CIRCLE('',#7649,4.998414421579);
#7649 = AXIS2_PLACEMENT_3D('',#7650,#7651,#7652);
#7650 = CARTESIAN_POINT('',(124.89324067303,-15.00365745836,
    7.268249630772E+03));
#7651 = DIRECTION('',(9.830767695018E-13,-6.941689671744E-13,-1.));
#7652 = DIRECTION('',(0.998677831648,-5.140611417144E-02,
    1.017461505691E-12));
#7653 = PCURVE('',#7577,#7654);
#7654 = DEFINITIONAL_REPRESENTATION('',(#7655),#7658);
#7655 = B_SPLINE_CURVE_WITH_KNOTS('',1,(#7656,#7657),.UNSPECIFIED.,.F.,
  .F.,(2,2),(-0.,1.361870623361),.PIECEWISE_BEZIER_KNOTS.);
#7656 = CARTESIAN_POINT('',(6.231756525182,37.991395307123));
#7657 = CARTESIAN_POINT('',(4.869885901821,37.991395307121));
#7658 = ( GEOMETRIC_REPRESENTATION_CONTEXT(2) 
PARAMETRIC_REPRESENTATION_CONTEXT() REPRESENTATION_CONTEXT('2D SPACE',''
  ) );
#7659 = PCURVE('',#5683,#7660);
#7660 = DEFINITIONAL_REPRESENTATION('',(#7661),#7669);
#7661 = ( BOUNDED_CURVE() B_SPLINE_CURVE(2,(#7662,#7663,#7664,#7665,
#7666,#7667,#7668),.UNSPECIFIED.,.T.,.F.) B_SPLINE_CURVE_WITH_KNOTS((1,2
    ,2,2,2,1),(-2.094395102393,0.,2.094395102393,4.188790204786,
6.28318530718,8.377580409573),.UNSPECIFIED.) CURVE() 
GEOMETRIC_REPRESENTATION_ITEM() RATIONAL_B_SPLINE_CURVE((1.,0.5,1.,0.5,
1.,0.5,1.)) REPRESENTATION_ITEM('') );
#7662 = CARTESIAN_POINT('',(857.0509010808,736.81426908905));
#7663 = CARTESIAN_POINT('',(856.60585224971,728.16820803632));
#7664 = CARTESIAN_POINT('',(849.34066815092,732.87666215633));
#7665 = CARTESIAN_POINT('',(842.07548405213,737.58511627634));
#7666 = CARTESIAN_POINT('',(849.78571698201,741.52272320906));
#7667 = CARTESIAN_POINT('',(857.49594991189,745.46033014178));
#7668 = CARTESIAN_POINT('',(857.0509010808,736.81426908905));
#7669 = ( GEOMETRIC_REPRESENTATION_CONTEXT(2) 
PARAMETRIC_REPRESENTATION_CONTEXT() REPRESENTATION_CONTEXT('2D SPACE',''
  ) );
#7670 = ORIENTED_EDGE('',*,*,#7671,.T.);
#7671 = EDGE_CURVE('',#7645,#7617,#7672,.T.);
#7672 = SURFACE_CURVE('',#7673,(#7676,#7682),.PCURVE_S1.);
#7673 = B_SPLINE_CURVE_WITH_KNOTS('',1,(#7674,#7675),.UNSPECIFIED.,.F.,
  .F.,(2,2),(0.,7.598279061425E-02),.PIECEWISE_BEZIER_KNOTS.);
#7674 = CARTESIAN_POINT('',(125.67722499365,-19.94020638599,
    7.268249630772E+03));
#7675 = CARTESIAN_POINT('',(125.67722499364,-19.94020638599,
    7.192266840158E+03));
#7676 = PCURVE('',#7577,#7677);
#7677 = DEFINITIONAL_REPRESENTATION('',(#7678),#7681);
#7678 = B_SPLINE_CURVE_WITH_KNOTS('',1,(#7679,#7680),.UNSPECIFIED.,.F.,
  .F.,(2,2),(0.,7.598279061425E-02),.PIECEWISE_BEZIER_KNOTS.);
#7679 = CARTESIAN_POINT('',(4.869885901803,37.991395307126));
#7680 = CARTESIAN_POINT('',(4.869885901823,-37.99139530712));
#7681 = ( GEOMETRIC_REPRESENTATION_CONTEXT(2) 
PARAMETRIC_REPRESENTATION_CONTEXT() REPRESENTATION_CONTEXT('2D SPACE',''
  ) );
#7682 = PCURVE('',#7683,#7688);
#7683 = PLANE('',#7684);
#7684 = AXIS2_PLACEMENT_3D('',#7685,#7686,#7687);
#7685 = CARTESIAN_POINT('',(735.23633131575,77.02578572119,
    7.887847909834E+03));
#7686 = DIRECTION('',(0.157100321164,-0.987582649245,1.627893595264E-14)
  );
#7687 = DIRECTION('',(-0.987582649245,-0.157100321164,-7.88860905221E-31
    ));
#7688 = DEFINITIONAL_REPRESENTATION('',(#7689),#7692);
#7689 = B_SPLINE_CURVE_WITH_KNOTS('',1,(#7690,#7691),.UNSPECIFIED.,.F.,
  .F.,(2,2),(0.,7.598279061425E-02),.PIECEWISE_BEZIER_KNOTS.);
#7690 = CARTESIAN_POINT('',(617.22338559514,619.59827906142));
#7691 = CARTESIAN_POINT('',(617.22338559515,695.58106967567));
#7692 = ( GEOMETRIC_REPRESENTATION_CONTEXT(2) 
PARAMETRIC_REPRESENTATION_CONTEXT() REPRESENTATION_CONTEXT('2D SPACE',''
  ) );
#7693 = ADVANCED_FACE('',(#7694),#7683,.T.);
#7694 = FACE_BOUND('',#7695,.T.);
#7695 = EDGE_LOOP('',(#7696,#7731,#7756,#7789));
#7696 = ORIENTED_EDGE('',*,*,#7697,.T.);
#7697 = EDGE_CURVE('',#7645,#7698,#7700,.T.);
#7698 = VERTEX_POINT('',#7699);
#7699 = CARTESIAN_POINT('',(91.238342098942,-25.41859299741,
    7.268249630772E+03));
#7700 = SURFACE_CURVE('',#7701,(#7709,#7720),.PCURVE_S1.);
#7701 = B_SPLINE_CURVE_WITH_KNOTS('',3,(#7702,#7703,#7704,#7705,#7706,
    #7707,#7708),.UNSPECIFIED.,.F.,.F.,(4,3,4),(0.,9.36615477618E-03,
    3.487189950232E-02),.UNSPECIFIED.);
#7702 = CARTESIAN_POINT('',(125.67722499365,-19.94020638599,
    7.268249630772E+03));
#7703 = CARTESIAN_POINT('',(122.59393954105,-20.43068192767,
    7.268249630772E+03));
#7704 = CARTESIAN_POINT('',(119.5106562938,-20.92115711854,
    7.268249630772E+03));
#7705 = CARTESIAN_POINT('',(116.42737304655,-21.4116323094,
    7.268249630772E+03));
#7706 = CARTESIAN_POINT('',(107.17252252426,-22.88385338426,
    7.268249630772E+03));
#7707 = CARTESIAN_POINT('',(97.917672001978,-24.35607445911,
    7.268249630772E+03));
#7708 = CARTESIAN_POINT('',(91.238342098942,-25.41859299741,
    7.268249630772E+03));
#7709 = PCURVE('',#7683,#7710);
#7710 = DEFINITIONAL_REPRESENTATION('',(#7711),#7719);
#7711 = B_SPLINE_CURVE_WITH_KNOTS('',3,(#7712,#7713,#7714,#7715,#7716,
    #7717,#7718),.UNSPECIFIED.,.F.,.F.,(4,3,4),(0.,9.36615477618E-03,
    3.487189950232E-02),.UNSPECIFIED.);
#7712 = CARTESIAN_POINT('',(617.22338559514,619.59827906142));
#7713 = CARTESIAN_POINT('',(620.34543867591,619.59827906142));
#7714 = CARTESIAN_POINT('',(623.46748952362,619.59827906142));
#7715 = CARTESIAN_POINT('',(626.58954037132,619.59827906142));
#7716 = CARTESIAN_POINT('',(635.96075657217,619.59827906142));
#7717 = CARTESIAN_POINT('',(645.33197277302,619.59827906142));
#7718 = CARTESIAN_POINT('',(652.09528509746,619.59827906142));
#7719 = ( GEOMETRIC_REPRESENTATION_CONTEXT(2) 
PARAMETRIC_REPRESENTATION_CONTEXT() REPRESENTATION_CONTEXT('2D SPACE',''
  ) );
#7720 = PCURVE('',#5683,#7721);
#7721 = DEFINITIONAL_REPRESENTATION('',(#7722),#7730);
#7722 = B_SPLINE_CURVE_WITH_KNOTS('',3,(#7723,#7724,#7725,#7726,#7727,
    #7728,#7729),.UNSPECIFIED.,.F.,.F.,(4,3,4),(0.,9.36615477618E-03,
    3.487189950232E-02),.UNSPECIFIED.);
#7723 = CARTESIAN_POINT('',(852.84307972519,732.13466922385));
#7724 = CARTESIAN_POINT('',(849.75979427259,731.64419368217));
#7725 = CARTESIAN_POINT('',(846.67651102534,731.1537184913));
#7726 = CARTESIAN_POINT('',(843.59322777809,730.66324330044));
#7727 = CARTESIAN_POINT('',(834.3383772558,729.19102222558));
#7728 = CARTESIAN_POINT('',(825.08352673352,727.71880115073));
#7729 = CARTESIAN_POINT('',(818.40419683048,726.65628261242));
#7730 = ( GEOMETRIC_REPRESENTATION_CONTEXT(2) 
PARAMETRIC_REPRESENTATION_CONTEXT() REPRESENTATION_CONTEXT('2D SPACE',''
  ) );
#7731 = ORIENTED_EDGE('',*,*,#7732,.T.);
#7732 = EDGE_CURVE('',#7698,#7733,#7735,.T.);
#7733 = VERTEX_POINT('',#7734);
#7734 = CARTESIAN_POINT('',(91.238342098939,-25.41859299742,
    7.192266840158E+03));
#7735 = SURFACE_CURVE('',#7736,(#7739,#7745),.PCURVE_S1.);
#7736 = B_SPLINE_CURVE_WITH_KNOTS('',1,(#7737,#7738),.UNSPECIFIED.,.F.,
  .F.,(2,2),(0.,7.598279061425E-02),.PIECEWISE_BEZIER_KNOTS.);
#7737 = CARTESIAN_POINT('',(91.238342098942,-25.41859299741,
    7.268249630772E+03));
#7738 = CARTESIAN_POINT('',(91.238342098939,-25.41859299742,
    7.192266840158E+03));
#7739 = PCURVE('',#7683,#7740);
#7740 = DEFINITIONAL_REPRESENTATION('',(#7741),#7744);
#7741 = B_SPLINE_CURVE_WITH_KNOTS('',1,(#7742,#7743),.UNSPECIFIED.,.F.,
  .F.,(2,2),(0.,7.598279061425E-02),.PIECEWISE_BEZIER_KNOTS.);
#7742 = CARTESIAN_POINT('',(652.09528509746,619.59827906142));
#7743 = CARTESIAN_POINT('',(652.09528509746,695.58106967567));
#7744 = ( GEOMETRIC_REPRESENTATION_CONTEXT(2) 
PARAMETRIC_REPRESENTATION_CONTEXT() REPRESENTATION_CONTEXT('2D SPACE',''
  ) );
#7745 = PCURVE('',#7746,#7751);
#7746 = CYLINDRICAL_SURFACE('',#7747,17.899065981377);
#7747 = AXIS2_PLACEMENT_3D('',#7748,#7749,#7750);
#7748 = CARTESIAN_POINT('',(93.815431285256,-43.13116407932,
    7.230258235465E+03));
#7749 = DIRECTION('',(9.924299073753E-14,-3.473504675813E-13,-1.));
#7750 = DIRECTION('',(0.,-1.,3.473504675813E-13));
#7751 = DEFINITIONAL_REPRESENTATION('',(#7752),#7755);
#7752 = B_SPLINE_CURVE_WITH_KNOTS('',1,(#7753,#7754),.UNSPECIFIED.,.F.,
  .F.,(2,2),(0.,7.598279061425E-02),.PIECEWISE_BEZIER_KNOTS.);
#7753 = CARTESIAN_POINT('',(2.997111533327,-37.99139530712));
#7754 = CARTESIAN_POINT('',(2.997111533326,37.991395307124));
#7755 = ( GEOMETRIC_REPRESENTATION_CONTEXT(2) 
PARAMETRIC_REPRESENTATION_CONTEXT() REPRESENTATION_CONTEXT('2D SPACE',''
  ) );
#7756 = ORIENTED_EDGE('',*,*,#7757,.T.);
#7757 = EDGE_CURVE('',#7733,#7617,#7758,.T.);
#7758 = SURFACE_CURVE('',#7759,(#7767,#7778),.PCURVE_S1.);
#7759 = B_SPLINE_CURVE_WITH_KNOTS('',3,(#7760,#7761,#7762,#7763,#7764,
    #7765,#7766),.UNSPECIFIED.,.F.,.F.,(4,3,4),(0.,2.550574472614E-02,
    3.487189950232E-02),.UNSPECIFIED.);
#7760 = CARTESIAN_POINT('',(91.238342098939,-25.41859299742,
    7.192266840158E+03));
#7761 = CARTESIAN_POINT('',(97.917672001979,-24.35607445911,
    7.192266840158E+03));
#7762 = CARTESIAN_POINT('',(107.17252252426,-22.88385338426,
    7.192266840158E+03));
#7763 = CARTESIAN_POINT('',(116.42737304654,-21.4116323094,
    7.192266840158E+03));
#7764 = CARTESIAN_POINT('',(119.51065702891,-20.9211570016,
    7.192266840158E+03));
#7765 = CARTESIAN_POINT('',(122.59394101128,-20.43068169379,
    7.192266840158E+03));
#7766 = CARTESIAN_POINT('',(125.67722499364,-19.94020638599,
    7.192266840158E+03));
#7767 = PCURVE('',#7683,#7768);
#7768 = DEFINITIONAL_REPRESENTATION('',(#7769),#7777);
#7769 = B_SPLINE_CURVE_WITH_KNOTS('',3,(#7770,#7771,#7772,#7773,#7774,
    #7775,#7776),.UNSPECIFIED.,.F.,.F.,(4,3,4),(0.,2.550574472614E-02,
    3.487189950232E-02),.UNSPECIFIED.);
#7770 = CARTESIAN_POINT('',(652.09528509746,695.58106967567));
#7771 = CARTESIAN_POINT('',(645.33197277302,695.58106967567));
#7772 = CARTESIAN_POINT('',(635.96075657218,695.58106967567));
#7773 = CARTESIAN_POINT('',(626.58954037133,695.58106967567));
#7774 = CARTESIAN_POINT('',(623.46748877926,695.58106967567));
#7775 = CARTESIAN_POINT('',(620.3454371872,695.58106967567));
#7776 = CARTESIAN_POINT('',(617.22338559515,695.58106967567));
#7777 = ( GEOMETRIC_REPRESENTATION_CONTEXT(2) 
PARAMETRIC_REPRESENTATION_CONTEXT() REPRESENTATION_CONTEXT('2D SPACE',''
  ) );
#7778 = PCURVE('',#5748,#7779);
#7779 = DEFINITIONAL_REPRESENTATION('',(#7780),#7788);
#7780 = B_SPLINE_CURVE_WITH_KNOTS('',3,(#7781,#7782,#7783,#7784,#7785,
    #7786,#7787),.UNSPECIFIED.,.F.,.F.,(4,3,4),(0.,2.550574472614E-02,
    3.487189950232E-02),.UNSPECIFIED.);
#7781 = CARTESIAN_POINT('',(674.1057873736,726.65628261242));
#7782 = CARTESIAN_POINT('',(667.42645747056,727.71880115073));
#7783 = CARTESIAN_POINT('',(658.17160694828,729.19102222558));
#7784 = CARTESIAN_POINT('',(648.91675642599,730.66324330044));
#7785 = CARTESIAN_POINT('',(645.83347244362,731.15371860824));
#7786 = CARTESIAN_POINT('',(642.75018846126,731.64419391605));
#7787 = CARTESIAN_POINT('',(639.66690447889,732.13466922385));
#7788 = ( GEOMETRIC_REPRESENTATION_CONTEXT(2) 
PARAMETRIC_REPRESENTATION_CONTEXT() REPRESENTATION_CONTEXT('2D SPACE',''
  ) );
#7789 = ORIENTED_EDGE('',*,*,#7671,.F.);
#7790 = ADVANCED_FACE('',(#7791),#7746,.F.);
#7791 = FACE_BOUND('',#7792,.F.);
#7792 = EDGE_LOOP('',(#7793,#7820,#7845,#7870));
#7793 = ORIENTED_EDGE('',*,*,#7794,.T.);
#7794 = EDGE_CURVE('',#7733,#7795,#7797,.T.);
#7795 = VERTEX_POINT('',#7796);
#7796 = CARTESIAN_POINT('',(79.959292763256,-31.8004982443,
    7.192266840158E+03));
#7797 = SURFACE_CURVE('',#7798,(#7803,#7809),.PCURVE_S1.);
#7798 = CIRCLE('',#7799,17.899065981375);
#7799 = AXIS2_PLACEMENT_3D('',#7800,#7801,#7802);
#7800 = CARTESIAN_POINT('',(93.815431285256,-43.13116407932,
    7.192266840158E+03));
#7801 = DIRECTION('',(-1.441098738069E-12,2.546923392855E-12,1.));
#7802 = DIRECTION('',(-0.143978975719,0.989580746857,-2.727874273506E-12
    ));
#7803 = PCURVE('',#7746,#7804);
#7804 = DEFINITIONAL_REPRESENTATION('',(#7805),#7808);
#7805 = B_SPLINE_CURVE_WITH_KNOTS('',1,(#7806,#7807),.UNSPECIFIED.,.F.,
  .F.,(2,2),(0.,0.740852693433),.PIECEWISE_BEZIER_KNOTS.);
#7806 = CARTESIAN_POINT('',(2.997111533326,37.991395307123));
#7807 = CARTESIAN_POINT('',(2.256258839893,37.991395307124));
#7808 = ( GEOMETRIC_REPRESENTATION_CONTEXT(2) 
PARAMETRIC_REPRESENTATION_CONTEXT() REPRESENTATION_CONTEXT('2D SPACE',''
  ) );
#7809 = PCURVE('',#5748,#7810);
#7810 = DEFINITIONAL_REPRESENTATION('',(#7811),#7819);
#7811 = ( BOUNDED_CURVE() B_SPLINE_CURVE(2,(#7812,#7813,#7814,#7815,
#7816,#7817,#7818),.UNSPECIFIED.,.T.,.F.) B_SPLINE_CURVE_WITH_KNOTS((1,2
    ,2,2,2,1),(-2.094395102393,0.,2.094395102393,4.188790204786,
6.28318530718,8.377580409573),.UNSPECIFIED.) CURVE() 
GEOMETRIC_REPRESENTATION_ITEM() RATIONAL_B_SPLINE_CURVE((1.,0.5,1.,0.5,
1.,0.5,1.)) REPRESENTATION_ITEM('') );
#7812 = CARTESIAN_POINT('',(674.1057873736,726.65628261242));
#7813 = CARTESIAN_POINT('',(704.78486042013,722.19263320609));
#7814 = CARTESIAN_POINT('',(685.57969011739,697.8556012864));
#7815 = CARTESIAN_POINT('',(666.37451981465,673.51856936672));
#7816 = CARTESIAN_POINT('',(654.90061707086,702.31925069274));
#7817 = CARTESIAN_POINT('',(643.42671432707,731.11993201876));
#7818 = CARTESIAN_POINT('',(674.1057873736,726.65628261242));
#7819 = ( GEOMETRIC_REPRESENTATION_CONTEXT(2) 
PARAMETRIC_REPRESENTATION_CONTEXT() REPRESENTATION_CONTEXT('2D SPACE',''
  ) );
#7820 = ORIENTED_EDGE('',*,*,#7821,.T.);
#7821 = EDGE_CURVE('',#7795,#7822,#7824,.T.);
#7822 = VERTEX_POINT('',#7823);
#7823 = CARTESIAN_POINT('',(79.959292763256,-31.8004982443,
    7.268249630772E+03));
#7824 = SURFACE_CURVE('',#7825,(#7828,#7834),.PCURVE_S1.);
#7825 = B_SPLINE_CURVE_WITH_KNOTS('',1,(#7826,#7827),.UNSPECIFIED.,.F.,
  .F.,(2,2),(-7.598279061425E-02,0.),.PIECEWISE_BEZIER_KNOTS.);
#7826 = CARTESIAN_POINT('',(79.959292763256,-31.8004982443,
    7.192266840158E+03));
#7827 = CARTESIAN_POINT('',(79.959292763256,-31.8004982443,
    7.268249630772E+03));
#7828 = PCURVE('',#7746,#7829);
#7829 = DEFINITIONAL_REPRESENTATION('',(#7830),#7833);
#7830 = B_SPLINE_CURVE_WITH_KNOTS('',1,(#7831,#7832),.UNSPECIFIED.,.F.,
  .F.,(2,2),(-7.598279061425E-02,0.),.PIECEWISE_BEZIER_KNOTS.);
#7831 = CARTESIAN_POINT('',(2.256258839894,37.991395307125));
#7832 = CARTESIAN_POINT('',(2.256258839893,-37.99139530712));
#7833 = ( GEOMETRIC_REPRESENTATION_CONTEXT(2) 
PARAMETRIC_REPRESENTATION_CONTEXT() REPRESENTATION_CONTEXT('2D SPACE',''
  ) );
#7834 = PCURVE('',#7835,#7840);
#7835 = PLANE('',#7836);
#7836 = AXIS2_PLACEMENT_3D('',#7837,#7838,#7839);
#7837 = CARTESIAN_POINT('',(-265.4746406692,-550.1828362758,
    6.572668561097E+03));
#7838 = DIRECTION('',(0.832163534982,-0.554530297682,1.217055768957E-14)
  );
#7839 = DIRECTION('',(0.554530297682,0.832163534982,1.577721810442E-30)
  );
#7840 = DEFINITIONAL_REPRESENTATION('',(#7841),#7844);
#7841 = B_SPLINE_CURVE_WITH_KNOTS('',1,(#7842,#7843),.UNSPECIFIED.,.F.,
  .F.,(2,2),(-7.598279061425E-02,0.),.PIECEWISE_BEZIER_KNOTS.);
#7842 = CARTESIAN_POINT('',(622.93246082397,619.59827906142));
#7843 = CARTESIAN_POINT('',(622.93246082398,695.58106967567));
#7844 = ( GEOMETRIC_REPRESENTATION_CONTEXT(2) 
PARAMETRIC_REPRESENTATION_CONTEXT() REPRESENTATION_CONTEXT('2D SPACE',''
  ) );
#7845 = ORIENTED_EDGE('',*,*,#7846,.T.);
#7846 = EDGE_CURVE('',#7822,#7698,#7847,.T.);
#7847 = SURFACE_CURVE('',#7848,(#7853,#7859),.PCURVE_S1.);
#7848 = CIRCLE('',#7849,17.899065981382);
#7849 = AXIS2_PLACEMENT_3D('',#7850,#7851,#7852);
#7850 = CARTESIAN_POINT('',(93.815431285258,-43.13116407932,
    7.268249630772E+03));
#7851 = DIRECTION('',(1.201312294382E-12,-2.262308589217E-12,-1.));
#7852 = DIRECTION('',(-0.774126344716,0.633031122786,-2.362079241634E-12
    ));
#7853 = PCURVE('',#7746,#7854);
#7854 = DEFINITIONAL_REPRESENTATION('',(#7855),#7858);
#7855 = B_SPLINE_CURVE_WITH_KNOTS('',1,(#7856,#7857),.UNSPECIFIED.,.F.,
  .F.,(2,2),(0.,0.740852693433),.PIECEWISE_BEZIER_KNOTS.);
#7856 = CARTESIAN_POINT('',(2.256258839893,-37.99139530712));
#7857 = CARTESIAN_POINT('',(2.997111533326,-37.99139530712));
#7858 = ( GEOMETRIC_REPRESENTATION_CONTEXT(2) 
PARAMETRIC_REPRESENTATION_CONTEXT() REPRESENTATION_CONTEXT('2D SPACE',''
  ) );
#7859 = PCURVE('',#5683,#7860);
#7860 = DEFINITIONAL_REPRESENTATION('',(#7861),#7869);
#7861 = ( BOUNDED_CURVE() B_SPLINE_CURVE(2,(#7862,#7863,#7864,#7865,
#7866,#7867,#7868),.UNSPECIFIED.,.T.,.F.) B_SPLINE_CURVE_WITH_KNOTS((1,2
    ,2,2,2,1),(-2.094395102393,0.,2.094395102393,4.188790204786,
6.28318530718,8.377580409573),.UNSPECIFIED.) CURVE() 
GEOMETRIC_REPRESENTATION_ITEM() RATIONAL_B_SPLINE_CURVE((1.,0.5,1.,0.5,
1.,0.5,1.)) REPRESENTATION_ITEM('') );
#7862 = CARTESIAN_POINT('',(807.12514749479,720.27437736554));
#7863 = CARTESIAN_POINT('',(826.75043640464,744.27391328236));
#7864 = CARTESIAN_POINT('',(837.72199973272,715.27814657142));
#7865 = CARTESIAN_POINT('',(848.6935630608,686.28237986047));
#7866 = CARTESIAN_POINT('',(818.09671082287,691.2786106546));
#7867 = CARTESIAN_POINT('',(787.49985858495,696.27484144872));
#7868 = CARTESIAN_POINT('',(807.12514749479,720.27437736554));
#7869 = ( GEOMETRIC_REPRESENTATION_CONTEXT(2) 
PARAMETRIC_REPRESENTATION_CONTEXT() REPRESENTATION_CONTEXT('2D SPACE',''
  ) );
#7870 = ORIENTED_EDGE('',*,*,#7732,.T.);
#7871 = ADVANCED_FACE('',(#7872),#7835,.T.);
#7872 = FACE_BOUND('',#7873,.T.);
#7873 = EDGE_LOOP('',(#7874,#7900,#7901,#7927));
#7874 = ORIENTED_EDGE('',*,*,#7875,.T.);
#7875 = EDGE_CURVE('',#7876,#7795,#7878,.T.);
#7876 = VERTEX_POINT('',#7877);
#7877 = CARTESIAN_POINT('',(76.788300993055,-36.56123504392,
    7.192266840158E+03));
#7878 = SURFACE_CURVE('',#7879,(#7884,#7892),.PCURVE_S1.);
#7879 = B_SPLINE_CURVE_WITH_KNOTS('',3,(#7880,#7881,#7882,#7883),
  .UNSPECIFIED.,.F.,.F.,(4,4),(-5.759278710459E-03,0.),
  .PIECEWISE_BEZIER_KNOTS.);
#7880 = CARTESIAN_POINT('',(76.788300993055,-36.56123504392,
    7.192266840158E+03));
#7881 = CARTESIAN_POINT('',(77.613653082809,-34.82777593802,
    7.192266840158E+03));
#7882 = CARTESIAN_POINT('',(78.682790917769,-33.22550379879,
    7.192266840158E+03));
#7883 = CARTESIAN_POINT('',(79.959292763256,-31.8004982443,
    7.192266840158E+03));
#7884 = PCURVE('',#7835,#7885);
#7885 = DEFINITIONAL_REPRESENTATION('',(#7886),#7891);
#7886 = B_SPLINE_CURVE_WITH_KNOTS('',3,(#7887,#7888,#7889,#7890),
  .UNSPECIFIED.,.F.,.F.,(4,4),(-5.759278710459E-03,0.),
  .PIECEWISE_BEZIER_KNOTS.);
#7887 = CARTESIAN_POINT('',(617.21233824941,619.59827906142));
#7888 = CARTESIAN_POINT('',(619.11254244674,619.59827906142));
#7889 = CARTESIAN_POINT('',(621.03876421601,619.59827906142));
#7890 = CARTESIAN_POINT('',(622.93246082397,619.59827906142));
#7891 = ( GEOMETRIC_REPRESENTATION_CONTEXT(2) 
PARAMETRIC_REPRESENTATION_CONTEXT() REPRESENTATION_CONTEXT('2D SPACE',''
  ) );
#7892 = PCURVE('',#5748,#7893);
#7893 = DEFINITIONAL_REPRESENTATION('',(#7894),#7899);
#7894 = B_SPLINE_CURVE_WITH_KNOTS('',3,(#7895,#7896,#7897,#7898),
  .UNSPECIFIED.,.F.,.F.,(4,4),(-5.759278710459E-03,0.),
  .PIECEWISE_BEZIER_KNOTS.);
#7895 = CARTESIAN_POINT('',(688.55582847948,715.51364056592));
#7896 = CARTESIAN_POINT('',(687.73047638973,717.24709967182));
#7897 = CARTESIAN_POINT('',(686.66133855477,718.84937181105));
#7898 = CARTESIAN_POINT('',(685.38483670928,720.27437736554));
#7899 = ( GEOMETRIC_REPRESENTATION_CONTEXT(2) 
PARAMETRIC_REPRESENTATION_CONTEXT() REPRESENTATION_CONTEXT('2D SPACE',''
  ) );
#7900 = ORIENTED_EDGE('',*,*,#7821,.T.);
#7901 = ORIENTED_EDGE('',*,*,#7902,.T.);
#7902 = EDGE_CURVE('',#7822,#7903,#7905,.T.);
#7903 = VERTEX_POINT('',#7904);
#7904 = CARTESIAN_POINT('',(76.788300993055,-36.56123504392,
    7.268249630772E+03));
#7905 = SURFACE_CURVE('',#7906,(#7911,#7919),.PCURVE_S1.);
#7906 = B_SPLINE_CURVE_WITH_KNOTS('',3,(#7907,#7908,#7909,#7910),
  .UNSPECIFIED.,.F.,.F.,(4,4),(-5.759278710459E-03,0.),
  .PIECEWISE_BEZIER_KNOTS.);
#7907 = CARTESIAN_POINT('',(79.959292763256,-31.8004982443,
    7.268249630772E+03));
#7908 = CARTESIAN_POINT('',(78.682790917771,-33.22550379879,
    7.268249630772E+03));
#7909 = CARTESIAN_POINT('',(77.613653082809,-34.82777593802,
    7.268249630772E+03));
#7910 = CARTESIAN_POINT('',(76.788300993055,-36.56123504392,
    7.268249630772E+03));
#7911 = PCURVE('',#7835,#7912);
#7912 = DEFINITIONAL_REPRESENTATION('',(#7913),#7918);
#7913 = B_SPLINE_CURVE_WITH_KNOTS('',3,(#7914,#7915,#7916,#7917),
  .UNSPECIFIED.,.F.,.F.,(4,4),(-5.759278710459E-03,0.),
  .PIECEWISE_BEZIER_KNOTS.);
#7914 = CARTESIAN_POINT('',(622.93246082398,695.58106967567));
#7915 = CARTESIAN_POINT('',(621.03876421602,695.58106967567));
#7916 = CARTESIAN_POINT('',(619.11254244675,695.58106967567));
#7917 = CARTESIAN_POINT('',(617.21233824941,695.58106967567));
#7918 = ( GEOMETRIC_REPRESENTATION_CONTEXT(2) 
PARAMETRIC_REPRESENTATION_CONTEXT() REPRESENTATION_CONTEXT('2D SPACE',''
  ) );
#7919 = PCURVE('',#5683,#7920);
#7920 = DEFINITIONAL_REPRESENTATION('',(#7921),#7926);
#7921 = B_SPLINE_CURVE_WITH_KNOTS('',3,(#7922,#7923,#7924,#7925),
  .UNSPECIFIED.,.F.,.F.,(4,4),(-5.759278710459E-03,0.),
  .PIECEWISE_BEZIER_KNOTS.);
#7922 = CARTESIAN_POINT('',(807.12514749479,720.27437736554));
#7923 = CARTESIAN_POINT('',(805.84864564931,718.84937181105));
#7924 = CARTESIAN_POINT('',(804.77950781435,717.24709967182));
#7925 = CARTESIAN_POINT('',(803.95415572459,715.51364056592));
#7926 = ( GEOMETRIC_REPRESENTATION_CONTEXT(2) 
PARAMETRIC_REPRESENTATION_CONTEXT() REPRESENTATION_CONTEXT('2D SPACE',''
  ) );
#7927 = ORIENTED_EDGE('',*,*,#7928,.T.);
#7928 = EDGE_CURVE('',#7903,#7876,#7929,.T.);
#7929 = SURFACE_CURVE('',#7930,(#7933,#7939),.PCURVE_S1.);
#7930 = B_SPLINE_CURVE_WITH_KNOTS('',1,(#7931,#7932),.UNSPECIFIED.,.F.,
  .F.,(2,2),(0.,7.598279061425E-02),.PIECEWISE_BEZIER_KNOTS.);
#7931 = CARTESIAN_POINT('',(76.788300993055,-36.56123504392,
    7.268249630772E+03));
#7932 = CARTESIAN_POINT('',(76.788300993055,-36.56123504392,
    7.192266840158E+03));
#7933 = PCURVE('',#7835,#7934);
#7934 = DEFINITIONAL_REPRESENTATION('',(#7935),#7938);
#7935 = B_SPLINE_CURVE_WITH_KNOTS('',1,(#7936,#7937),.UNSPECIFIED.,.F.,
  .F.,(2,2),(0.,7.598279061425E-02),.PIECEWISE_BEZIER_KNOTS.);
#7936 = CARTESIAN_POINT('',(617.21233824941,695.58106967567));
#7937 = CARTESIAN_POINT('',(617.21233824941,619.59827906142));
#7938 = ( GEOMETRIC_REPRESENTATION_CONTEXT(2) 
PARAMETRIC_REPRESENTATION_CONTEXT() REPRESENTATION_CONTEXT('2D SPACE',''
  ) );
#7939 = PCURVE('',#7940,#7945);
#7940 = CYLINDRICAL_SURFACE('',#7941,85.048022822692);
#7941 = AXIS2_PLACEMENT_3D('',#7942,#7943,#7944);
#7942 = CARTESIAN_POINT('',(2.311495024201E-10,-1.218849124458E-05,
    7.230258235465E+03));
#7943 = DIRECTION('',(3.132977311719E-14,7.310280394011E-14,1.));
#7944 = DIRECTION('',(0.,1.,-7.310280394011E-14));
#7945 = DEFINITIONAL_REPRESENTATION('',(#7946),#7949);
#7946 = B_SPLINE_CURVE_WITH_KNOTS('',1,(#7947,#7948),.UNSPECIFIED.,.F.,
  .F.,(2,2),(0.,7.598279061425E-02),.PIECEWISE_BEZIER_KNOTS.);
#7947 = CARTESIAN_POINT('',(4.268018972592,37.99139530713));
#7948 = CARTESIAN_POINT('',(4.268018972592,-37.99139530711));
#7949 = ( GEOMETRIC_REPRESENTATION_CONTEXT(2) 
PARAMETRIC_REPRESENTATION_CONTEXT() REPRESENTATION_CONTEXT('2D SPACE',''
  ) );
#7950 = ADVANCED_FACE('',(#7951),#7940,.T.);
#7951 = FACE_BOUND('',#7952,.T.);
#7952 = EDGE_LOOP('',(#7953,#7980,#8005,#8030));
#7953 = ORIENTED_EDGE('',*,*,#7954,.T.);
#7954 = EDGE_CURVE('',#7903,#7955,#7957,.T.);
#7955 = VERTEX_POINT('',#7956);
#7956 = CARTESIAN_POINT('',(-15.59282343655,-83.60641172416,
    7.268249630772E+03));
#7957 = SURFACE_CURVE('',#7958,(#7963,#7969),.PCURVE_S1.);
#7958 = CIRCLE('',#7959,85.048022822688);
#7959 = AXIS2_PLACEMENT_3D('',#7960,#7961,#7962);
#7960 = CARTESIAN_POINT('',(2.333582149496E-10,-1.218849455116E-05,
    7.268249630772E+03));
#7961 = DIRECTION('',(4.574452877534E-14,-8.98270833053E-14,-1.));
#7962 = DIRECTION('',(0.90288167137,-0.429889157231,7.991758573534E-14)
  );
#7963 = PCURVE('',#7940,#7964);
#7964 = DEFINITIONAL_REPRESENTATION('',(#7965),#7968);
#7965 = B_SPLINE_CURVE_WITH_KNOTS('',1,(#7966,#7967),.UNSPECIFIED.,.F.,
  .F.,(2,2),(-0.,1.31081071418),.PIECEWISE_BEZIER_KNOTS.);
#7966 = CARTESIAN_POINT('',(4.268018972592,37.991395307127));
#7967 = CARTESIAN_POINT('',(2.957208258412,37.991395307121));
#7968 = ( GEOMETRIC_REPRESENTATION_CONTEXT(2) 
PARAMETRIC_REPRESENTATION_CONTEXT() REPRESENTATION_CONTEXT('2D SPACE',''
  ) );
#7969 = PCURVE('',#5683,#7970);
#7970 = DEFINITIONAL_REPRESENTATION('',(#7971),#7979);
#7971 = ( BOUNDED_CURVE() B_SPLINE_CURVE(2,(#7972,#7973,#7974,#7975,
#7976,#7977,#7978),.UNSPECIFIED.,.T.,.F.) B_SPLINE_CURVE_WITH_KNOTS((1,2
    ,2,2,2,1),(-2.094395102393,0.,2.094395102393,4.188790204786,
6.28318530718,8.377580409573),.UNSPECIFIED.) CURVE() 
GEOMETRIC_REPRESENTATION_ITEM() RATIONAL_B_SPLINE_CURVE((1.,0.5,1.,0.5,
1.,0.5,1.)) REPRESENTATION_ITEM('') );
#7972 = CARTESIAN_POINT('',(803.95415572459,715.51364056592));
#7973 = CARTESIAN_POINT('',(740.62826015214,582.51240181946));
#7974 = CARTESIAN_POINT('',(657.10875644914,703.85485547583));
#7975 = CARTESIAN_POINT('',(573.58925274613,825.1973091322));
#7976 = CARTESIAN_POINT('',(720.43465202158,836.85609422229));
#7977 = CARTESIAN_POINT('',(867.28005129704,848.51487931238));
#7978 = CARTESIAN_POINT('',(803.95415572459,715.51364056592));
#7979 = ( GEOMETRIC_REPRESENTATION_CONTEXT(2) 
PARAMETRIC_REPRESENTATION_CONTEXT() REPRESENTATION_CONTEXT('2D SPACE',''
  ) );
#7980 = ORIENTED_EDGE('',*,*,#7981,.T.);
#7981 = EDGE_CURVE('',#7955,#7982,#7984,.T.);
#7982 = VERTEX_POINT('',#7983);
#7983 = CARTESIAN_POINT('',(-15.59282343656,-83.60641172416,
    7.192266840158E+03));
#7984 = SURFACE_CURVE('',#7985,(#7988,#7994),.PCURVE_S1.);
#7985 = B_SPLINE_CURVE_WITH_KNOTS('',1,(#7986,#7987),.UNSPECIFIED.,.F.,
  .F.,(2,2),(0.,7.598279061424E-02),.PIECEWISE_BEZIER_KNOTS.);
#7986 = CARTESIAN_POINT('',(-15.59282343655,-83.60641172416,
    7.268249630772E+03));
#7987 = CARTESIAN_POINT('',(-15.59282343656,-83.60641172416,
    7.192266840158E+03));
#7988 = PCURVE('',#7940,#7989);
#7989 = DEFINITIONAL_REPRESENTATION('',(#7990),#7993);
#7990 = B_SPLINE_CURVE_WITH_KNOTS('',1,(#7991,#7992),.UNSPECIFIED.,.F.,
  .F.,(2,2),(0.,7.598279061424E-02),.PIECEWISE_BEZIER_KNOTS.);
#7991 = CARTESIAN_POINT('',(2.957208258412,37.991395307124));
#7992 = CARTESIAN_POINT('',(2.957208258412,-37.99139530711));
#7993 = ( GEOMETRIC_REPRESENTATION_CONTEXT(2) 
PARAMETRIC_REPRESENTATION_CONTEXT() REPRESENTATION_CONTEXT('2D SPACE',''
  ) );
#7994 = PCURVE('',#7995,#8000);
#7995 = PLANE('',#7996);
#7996 = AXIS2_PLACEMENT_3D('',#7997,#7998,#7999);
#7997 = CARTESIAN_POINT('',(596.92571109036,-109.4392206154,
    7.887847909834E+03));
#7998 = DIRECTION('',(-4.213919565684E-02,-0.9991117496,
    3.660566521673E-15));
#7999 = DIRECTION('',(-0.9991117496,4.213919565684E-02,
    -4.930380657631E-32));
#8000 = DEFINITIONAL_REPRESENTATION('',(#8001),#8004);
#8001 = B_SPLINE_CURVE_WITH_KNOTS('',1,(#8002,#8003),.UNSPECIFIED.,.F.,
  .F.,(2,2),(0.,7.598279061424E-02),.PIECEWISE_BEZIER_KNOTS.);
#8002 = CARTESIAN_POINT('',(613.06303848205,619.59827906142));
#8003 = CARTESIAN_POINT('',(613.06303848205,695.58106967566));
#8004 = ( GEOMETRIC_REPRESENTATION_CONTEXT(2) 
PARAMETRIC_REPRESENTATION_CONTEXT() REPRESENTATION_CONTEXT('2D SPACE',''
  ) );
#8005 = ORIENTED_EDGE('',*,*,#8006,.T.);
#8006 = EDGE_CURVE('',#7982,#7876,#8007,.T.);
#8007 = SURFACE_CURVE('',#8008,(#8013,#8019),.PCURVE_S1.);
#8008 = CIRCLE('',#8009,85.048022822699);
#8009 = AXIS2_PLACEMENT_3D('',#8010,#8011,#8012);
#8010 = CARTESIAN_POINT('',(2.262039789502E-10,-1.218848573528E-05,
    7.192266840158E+03));
#8011 = DIRECTION('',(1.220885737274E-13,-5.09488048103E-14,1.));
#8012 = DIRECTION('',(-0.183341398415,-0.983049302745,
    -2.770129720671E-14));
#8013 = PCURVE('',#7940,#8014);
#8014 = DEFINITIONAL_REPRESENTATION('',(#8015),#8018);
#8015 = B_SPLINE_CURVE_WITH_KNOTS('',1,(#8016,#8017),.UNSPECIFIED.,.F.,
  .F.,(2,2),(0.,1.31081071418),.PIECEWISE_BEZIER_KNOTS.);
#8016 = CARTESIAN_POINT('',(2.957208258412,-37.99139530711));
#8017 = CARTESIAN_POINT('',(4.268018972591,-37.99139530712));
#8018 = ( GEOMETRIC_REPRESENTATION_CONTEXT(2) 
PARAMETRIC_REPRESENTATION_CONTEXT() REPRESENTATION_CONTEXT('2D SPACE',''
  ) );
#8019 = PCURVE('',#5748,#8020);
#8020 = DEFINITIONAL_REPRESENTATION('',(#8021),#8029);
#8021 = ( BOUNDED_CURVE() B_SPLINE_CURVE(2,(#8022,#8023,#8024,#8025,
#8026,#8027,#8028),.UNSPECIFIED.,.T.,.F.) B_SPLINE_CURVE_WITH_KNOTS((1,2
    ,2,2,2,1),(-2.094395102393,0.,2.094395102393,4.188790204786,
6.28318530718,8.377580409573),.UNSPECIFIED.) CURVE() 
GEOMETRIC_REPRESENTATION_ITEM() RATIONAL_B_SPLINE_CURVE((1.,0.5,1.,0.5,
1.,0.5,1.)) REPRESENTATION_ITEM('') );
#8022 = CARTESIAN_POINT('',(780.9369529091,668.46846388568));
#8023 = CARTESIAN_POINT('',(636.1264210754,641.46090145972));
#8024 = CARTESIAN_POINT('',(685.14245183707,780.37428197622));
#8025 = CARTESIAN_POINT('',(734.15848259874,919.28766249272));
#8026 = CARTESIAN_POINT('',(829.95298367077,807.38184440218));
#8027 = CARTESIAN_POINT('',(925.74748474279,695.47602631164));
#8028 = CARTESIAN_POINT('',(780.9369529091,668.46846388568));
#8029 = ( GEOMETRIC_REPRESENTATION_CONTEXT(2) 
PARAMETRIC_REPRESENTATION_CONTEXT() REPRESENTATION_CONTEXT('2D SPACE',''
  ) );
#8030 = ORIENTED_EDGE('',*,*,#7928,.F.);
#8031 = ADVANCED_FACE('',(#8032),#7995,.T.);
#8032 = FACE_BOUND('',#8033,.T.);
#8033 = EDGE_LOOP('',(#8034,#8060,#8061,#8087));
#8034 = ORIENTED_EDGE('',*,*,#8035,.T.);
#8035 = EDGE_CURVE('',#8036,#7982,#8038,.T.);
#8036 = VERTEX_POINT('',#8037);
#8037 = CARTESIAN_POINT('',(-21.26007870376,-83.36620930433,
    7.192266840158E+03));
#8038 = SURFACE_CURVE('',#8039,(#8044,#8052),.PCURVE_S1.);
#8039 = B_SPLINE_CURVE_WITH_KNOTS('',3,(#8040,#8041,#8042,#8043),
  .UNSPECIFIED.,.F.,.F.,(4,4),(-5.710525883066E-03,0.),
  .PIECEWISE_BEZIER_KNOTS.);
#8040 = CARTESIAN_POINT('',(-21.26007870376,-83.36620930433,
    7.192266840158E+03));
#8041 = CARTESIAN_POINT('',(-19.37248643987,-83.17806790065,
    7.192266840158E+03));
#8042 = CARTESIAN_POINT('',(-17.46432698866,-83.25737116488,
    7.192266840158E+03));
#8043 = CARTESIAN_POINT('',(-15.59282343656,-83.60641172416,
    7.192266840158E+03));
#8044 = PCURVE('',#7995,#8045);
#8045 = DEFINITIONAL_REPRESENTATION('',(#8046),#8051);
#8046 = B_SPLINE_CURVE_WITH_KNOTS('',3,(#8047,#8048,#8049,#8050),
  .UNSPECIFIED.,.F.,.F.,(4,4),(-5.710525883066E-03,0.),
  .PIECEWISE_BEZIER_KNOTS.);
#8047 = CARTESIAN_POINT('',(618.73538174427,695.58106967566));
#8048 = CARTESIAN_POINT('',(616.85739426238,695.58106967566));
#8049 = CARTESIAN_POINT('',(614.94758795879,695.58106967566));
#8050 = CARTESIAN_POINT('',(613.06303848205,695.58106967566));
#8051 = ( GEOMETRIC_REPRESENTATION_CONTEXT(2) 
PARAMETRIC_REPRESENTATION_CONTEXT() REPRESENTATION_CONTEXT('2D SPACE',''
  ) );
#8052 = PCURVE('',#5748,#8053);
#8053 = DEFINITIONAL_REPRESENTATION('',(#8054),#8059);
#8054 = B_SPLINE_CURVE_WITH_KNOTS('',3,(#8055,#8056,#8057,#8058),
  .UNSPECIFIED.,.F.,.F.,(4,4),(-5.710525883066E-03,0.),
  .PIECEWISE_BEZIER_KNOTS.);
#8055 = CARTESIAN_POINT('',(786.6042081763,668.70866630551));
#8056 = CARTESIAN_POINT('',(784.71661591242,668.89680770919));
#8057 = CARTESIAN_POINT('',(782.8084564612,668.81750444496));
#8058 = CARTESIAN_POINT('',(780.9369529091,668.46846388568));
#8059 = ( GEOMETRIC_REPRESENTATION_CONTEXT(2) 
PARAMETRIC_REPRESENTATION_CONTEXT() REPRESENTATION_CONTEXT('2D SPACE',''
  ) );
#8060 = ORIENTED_EDGE('',*,*,#7981,.F.);
#8061 = ORIENTED_EDGE('',*,*,#8062,.T.);
#8062 = EDGE_CURVE('',#7955,#8063,#8065,.T.);
#8063 = VERTEX_POINT('',#8064);
#8064 = CARTESIAN_POINT('',(-21.26007870376,-83.36620930433,
    7.268249630772E+03));
#8065 = SURFACE_CURVE('',#8066,(#8071,#8079),.PCURVE_S1.);
#8066 = B_SPLINE_CURVE_WITH_KNOTS('',3,(#8067,#8068,#8069,#8070),
  .UNSPECIFIED.,.F.,.F.,(4,4),(-5.710525883067E-03,0.),
  .PIECEWISE_BEZIER_KNOTS.);
#8067 = CARTESIAN_POINT('',(-15.59282343655,-83.60641172416,
    7.268249630772E+03));
#8068 = CARTESIAN_POINT('',(-17.46432698866,-83.25737116489,
    7.268249630772E+03));
#8069 = CARTESIAN_POINT('',(-19.37248643987,-83.17806790065,
    7.268249630772E+03));
#8070 = CARTESIAN_POINT('',(-21.26007870376,-83.36620930433,
    7.268249630772E+03));
#8071 = PCURVE('',#7995,#8072);
#8072 = DEFINITIONAL_REPRESENTATION('',(#8073),#8078);
#8073 = B_SPLINE_CURVE_WITH_KNOTS('',3,(#8074,#8075,#8076,#8077),
  .UNSPECIFIED.,.F.,.F.,(4,4),(-5.710525883067E-03,0.),
  .PIECEWISE_BEZIER_KNOTS.);
#8074 = CARTESIAN_POINT('',(613.06303848205,619.59827906142));
#8075 = CARTESIAN_POINT('',(614.94758795879,619.59827906142));
#8076 = CARTESIAN_POINT('',(616.85739426238,619.59827906142));
#8077 = CARTESIAN_POINT('',(618.73538174426,619.59827906142));
#8078 = ( GEOMETRIC_REPRESENTATION_CONTEXT(2) 
PARAMETRIC_REPRESENTATION_CONTEXT() REPRESENTATION_CONTEXT('2D SPACE',''
  ) );
#8079 = PCURVE('',#5683,#8080);
#8080 = DEFINITIONAL_REPRESENTATION('',(#8081),#8086);
#8081 = B_SPLINE_CURVE_WITH_KNOTS('',3,(#8082,#8083,#8084,#8085),
  .UNSPECIFIED.,.F.,.F.,(4,4),(-5.710525883067E-03,0.),
  .PIECEWISE_BEZIER_KNOTS.);
#8082 = CARTESIAN_POINT('',(711.57303129498,668.46846388568));
#8083 = CARTESIAN_POINT('',(709.70152774288,668.81750444495));
#8084 = CARTESIAN_POINT('',(707.79336829166,668.89680770919));
#8085 = CARTESIAN_POINT('',(705.90577602777,668.70866630551));
#8086 = ( GEOMETRIC_REPRESENTATION_CONTEXT(2) 
PARAMETRIC_REPRESENTATION_CONTEXT() REPRESENTATION_CONTEXT('2D SPACE',''
  ) );
#8087 = ORIENTED_EDGE('',*,*,#8088,.T.);
#8088 = EDGE_CURVE('',#8063,#8036,#8089,.T.);
#8089 = SURFACE_CURVE('',#8090,(#8093,#8099),.PCURVE_S1.);
#8090 = B_SPLINE_CURVE_WITH_KNOTS('',1,(#8091,#8092),.UNSPECIFIED.,.F.,
  .F.,(2,2),(0.,7.598279061424E-02),.PIECEWISE_BEZIER_KNOTS.);
#8091 = CARTESIAN_POINT('',(-21.26007870376,-83.36620930433,
    7.268249630772E+03));
#8092 = CARTESIAN_POINT('',(-21.26007870376,-83.36620930433,
    7.192266840158E+03));
#8093 = PCURVE('',#7995,#8094);
#8094 = DEFINITIONAL_REPRESENTATION('',(#8095),#8098);
#8095 = B_SPLINE_CURVE_WITH_KNOTS('',1,(#8096,#8097),.UNSPECIFIED.,.F.,
  .F.,(2,2),(0.,7.598279061424E-02),.PIECEWISE_BEZIER_KNOTS.);
#8096 = CARTESIAN_POINT('',(618.73538174426,619.59827906142));
#8097 = CARTESIAN_POINT('',(618.73538174427,695.58106967566));
#8098 = ( GEOMETRIC_REPRESENTATION_CONTEXT(2) 
PARAMETRIC_REPRESENTATION_CONTEXT() REPRESENTATION_CONTEXT('2D SPACE',''
  ) );
#8099 = PCURVE('',#5776,#8100);
#8100 = DEFINITIONAL_REPRESENTATION('',(#8101),#8104);
#8101 = B_SPLINE_CURVE_WITH_KNOTS('',1,(#8102,#8103),.UNSPECIFIED.,.F.,
  .F.,(2,2),(0.,7.598279061424E-02),.PIECEWISE_BEZIER_KNOTS.);
#8102 = CARTESIAN_POINT('',(3.087588027549,-37.99139530711));
#8103 = CARTESIAN_POINT('',(3.087588027547,37.991395307123));
#8104 = ( GEOMETRIC_REPRESENTATION_CONTEXT(2) 
PARAMETRIC_REPRESENTATION_CONTEXT() REPRESENTATION_CONTEXT('2D SPACE',''
  ) );
#8105 = ADVANCED_FACE('',(#8106),#5776,.F.);
#8106 = FACE_BOUND('',#8107,.F.);
#8107 = EDGE_LOOP('',(#8108,#8133,#8134,#8159));
#8108 = ORIENTED_EDGE('',*,*,#8109,.T.);
#8109 = EDGE_CURVE('',#8036,#5725,#8110,.T.);
#8110 = SURFACE_CURVE('',#8111,(#8116,#8122),.PCURVE_S1.);
#8111 = CIRCLE('',#8112,17.896999755851);
#8112 = AXIS2_PLACEMENT_3D('',#8113,#8114,#8115);
#8113 = CARTESIAN_POINT('',(-20.29402766574,-101.2371171059,
    7.192266840158E+03));
#8114 = DIRECTION('',(-3.865359639126E-13,1.014356015835E-12,1.));
#8115 = DIRECTION('',(-5.397837912483E-02,0.998542104564,
    -1.033741775634E-12));
#8116 = PCURVE('',#5776,#8117);
#8117 = DEFINITIONAL_REPRESENTATION('',(#8118),#8121);
#8118 = B_SPLINE_CURVE_WITH_KNOTS('',1,(#8119,#8120),.UNSPECIFIED.,.F.,
  .F.,(2,2),(-0.,0.745729167527),.PIECEWISE_BEZIER_KNOTS.);
#8119 = CARTESIAN_POINT('',(3.087588027547,37.991395307122));
#8120 = CARTESIAN_POINT('',(2.34185886002,37.991395307121));
#8121 = ( GEOMETRIC_REPRESENTATION_CONTEXT(2) 
PARAMETRIC_REPRESENTATION_CONTEXT() REPRESENTATION_CONTEXT('2D SPACE',''
  ) );
#8122 = PCURVE('',#5748,#8123);
#8123 = DEFINITIONAL_REPRESENTATION('',(#8124),#8132);
#8124 = ( BOUNDED_CURVE() B_SPLINE_CURVE(2,(#8125,#8126,#8127,#8128,
#8129,#8130,#8131),.UNSPECIFIED.,.T.,.F.) B_SPLINE_CURVE_WITH_KNOTS((1,2
    ,2,2,2,1),(-2.094395102393,0.,2.094395102393,4.188790204786,
6.28318530718,8.377580409573),.UNSPECIFIED.) CURVE() 
GEOMETRIC_REPRESENTATION_ITEM() RATIONAL_B_SPLINE_CURVE((1.,0.5,1.,0.5,
1.,0.5,1.)) REPRESENTATION_ITEM('') );
#8125 = CARTESIAN_POINT('',(786.6042081763,668.70866630551));
#8126 = CARTESIAN_POINT('',(817.55752846603,667.03541682496));
#8127 = CARTESIAN_POINT('',(800.63179176414,641.06567986285));
#8128 = CARTESIAN_POINT('',(783.70605506225,615.09594290074));
#8129 = CARTESIAN_POINT('',(769.67847147441,642.7389293434));
#8130 = CARTESIAN_POINT('',(755.65088788657,670.38191578606));
#8131 = CARTESIAN_POINT('',(786.6042081763,668.70866630551));
#8132 = ( GEOMETRIC_REPRESENTATION_CONTEXT(2) 
PARAMETRIC_REPRESENTATION_CONTEXT() REPRESENTATION_CONTEXT('2D SPACE',''
  ) );
#8133 = ORIENTED_EDGE('',*,*,#5764,.T.);
#8134 = ORIENTED_EDGE('',*,*,#8135,.T.);
#8135 = EDGE_CURVE('',#5653,#8063,#8136,.T.);
#8136 = SURFACE_CURVE('',#8137,(#8142,#8148),.PCURVE_S1.);
#8137 = CIRCLE('',#8138,17.896999755834);
#8138 = AXIS2_PLACEMENT_3D('',#8139,#8140,#8141);
#8139 = CARTESIAN_POINT('',(-20.29402766575,-101.2371171059,
    7.268249630772E+03));
#8140 = DIRECTION('',(-5.325274900592E-13,-6.389355930743E-13,-1.));
#8141 = DIRECTION('',(-0.717170597678,0.696897649463,-6.335965464622E-14
    ));
#8142 = PCURVE('',#5776,#8143);
#8143 = DEFINITIONAL_REPRESENTATION('',(#8144),#8147);
#8144 = B_SPLINE_CURVE_WITH_KNOTS('',1,(#8145,#8146),.UNSPECIFIED.,.F.,
  .F.,(2,2),(0.,0.745729167528),.PIECEWISE_BEZIER_KNOTS.);
#8145 = CARTESIAN_POINT('',(2.341858860019,-37.99139530712));
#8146 = CARTESIAN_POINT('',(3.087588027547,-37.99139530711));
#8147 = ( GEOMETRIC_REPRESENTATION_CONTEXT(2) 
PARAMETRIC_REPRESENTATION_CONTEXT() REPRESENTATION_CONTEXT('2D SPACE',''
  ) );
#8148 = PCURVE('',#5683,#8149);
#8149 = DEFINITIONAL_REPRESENTATION('',(#8150),#8158);
#8150 = ( BOUNDED_CURVE() B_SPLINE_CURVE(2,(#8151,#8152,#8153,#8154,
#8155,#8156,#8157),.UNSPECIFIED.,.T.,.F.) B_SPLINE_CURVE_WITH_KNOTS((1,2
    ,2,2,2,1),(-2.094395102393,0.,2.094395102393,4.188790204786,
6.28318530718,8.377580409573),.UNSPECIFIED.) CURVE() 
GEOMETRIC_REPRESENTATION_ITEM() RATIONAL_B_SPLINE_CURVE((1.,0.5,1.,0.5,
1.,0.5,1.)) REPRESENTATION_ITEM('') );
#8151 = CARTESIAN_POINT('',(694.03662505426,663.31013556621));
#8152 = CARTESIAN_POINT('',(715.63941581728,685.54135757559));
#8153 = CARTESIAN_POINT('',(724.09082345306,655.71718097748));
#8154 = CARTESIAN_POINT('',(732.54223108883,625.89300437938));
#8155 = CARTESIAN_POINT('',(702.48803269003,633.48595896811));
#8156 = CARTESIAN_POINT('',(672.43383429123,641.07891355684));
#8157 = CARTESIAN_POINT('',(694.03662505426,663.31013556621));
#8158 = ( GEOMETRIC_REPRESENTATION_CONTEXT(2) 
PARAMETRIC_REPRESENTATION_CONTEXT() REPRESENTATION_CONTEXT('2D SPACE',''
  ) );
#8159 = ORIENTED_EDGE('',*,*,#8088,.T.);
#8160 = ADVANCED_FACE('',(#8161),#5748,.T.);
#8161 = FACE_BOUND('',#8162,.T.);
#8162 = EDGE_LOOP('',(#8163,#8164,#8165,#8166,#8167,#8168,#8169,#8170,
    #8171,#8172,#8173,#8174,#8175,#8176,#8177,#8178,#8179,#8180,#8181,
    #8182,#8183,#8184,#8185,#8186,#8187,#8188,#8189,#8190,#8191,#8192));
#8163 = ORIENTED_EDGE('',*,*,#5724,.F.);
#8164 = ORIENTED_EDGE('',*,*,#5790,.F.);
#8165 = ORIENTED_EDGE('',*,*,#5922,.F.);
#8166 = ORIENTED_EDGE('',*,*,#5950,.F.);
#8167 = ORIENTED_EDGE('',*,*,#6091,.F.);
#8168 = ORIENTED_EDGE('',*,*,#6128,.T.);
#8169 = ORIENTED_EDGE('',*,*,#6209,.F.);
#8170 = ORIENTED_EDGE('',*,*,#6337,.F.);
#8171 = ORIENTED_EDGE('',*,*,#6363,.F.);
#8172 = ORIENTED_EDGE('',*,*,#6442,.T.);
#8173 = ORIENTED_EDGE('',*,*,#6583,.F.);
#8174 = ORIENTED_EDGE('',*,*,#6620,.F.);
#8175 = ORIENTED_EDGE('',*,*,#6752,.F.);
#8176 = ORIENTED_EDGE('',*,*,#6780,.F.);
#8177 = ORIENTED_EDGE('',*,*,#6921,.F.);
#8178 = ORIENTED_EDGE('',*,*,#6958,.T.);
#8179 = ORIENTED_EDGE('',*,*,#7039,.F.);
#8180 = ORIENTED_EDGE('',*,*,#7170,.F.);
#8181 = ORIENTED_EDGE('',*,*,#7199,.F.);
#8182 = ORIENTED_EDGE('',*,*,#7278,.T.);
#8183 = ORIENTED_EDGE('',*,*,#7419,.F.);
#8184 = ORIENTED_EDGE('',*,*,#7456,.F.);
#8185 = ORIENTED_EDGE('',*,*,#7588,.F.);
#8186 = ORIENTED_EDGE('',*,*,#7616,.F.);
#8187 = ORIENTED_EDGE('',*,*,#7757,.F.);
#8188 = ORIENTED_EDGE('',*,*,#7794,.T.);
#8189 = ORIENTED_EDGE('',*,*,#7875,.F.);
#8190 = ORIENTED_EDGE('',*,*,#8006,.F.);
#8191 = ORIENTED_EDGE('',*,*,#8035,.F.);
#8192 = ORIENTED_EDGE('',*,*,#8109,.T.);
#8193 = ADVANCED_FACE('',(#8194),#5683,.T.);
#8194 = FACE_BOUND('',#8195,.T.);
#8195 = EDGE_LOOP('',(#8196,#8197,#8198,#8199,#8200,#8201,#8202,#8203,
    #8204,#8205,#8206,#8207,#8208,#8209,#8210,#8211,#8212,#8213,#8214,
    #8215,#8216,#8217,#8218,#8219,#8220,#8221,#8222,#8223,#8224,#8225));
#8196 = ORIENTED_EDGE('',*,*,#5652,.F.);
#8197 = ORIENTED_EDGE('',*,*,#8135,.T.);
#8198 = ORIENTED_EDGE('',*,*,#8062,.F.);
#8199 = ORIENTED_EDGE('',*,*,#7954,.F.);
#8200 = ORIENTED_EDGE('',*,*,#7902,.F.);
#8201 = ORIENTED_EDGE('',*,*,#7846,.T.);
#8202 = ORIENTED_EDGE('',*,*,#7697,.F.);
#8203 = ORIENTED_EDGE('',*,*,#7644,.F.);
#8204 = ORIENTED_EDGE('',*,*,#7537,.F.);
#8205 = ORIENTED_EDGE('',*,*,#7484,.F.);
#8206 = ORIENTED_EDGE('',*,*,#7359,.F.);
#8207 = ORIENTED_EDGE('',*,*,#7330,.T.);
#8208 = ORIENTED_EDGE('',*,*,#7226,.F.);
#8209 = ORIENTED_EDGE('',*,*,#7118,.F.);
#8210 = ORIENTED_EDGE('',*,*,#7066,.F.);
#8211 = ORIENTED_EDGE('',*,*,#7010,.T.);
#8212 = ORIENTED_EDGE('',*,*,#6861,.F.);
#8213 = ORIENTED_EDGE('',*,*,#6808,.F.);
#8214 = ORIENTED_EDGE('',*,*,#6701,.F.);
#8215 = ORIENTED_EDGE('',*,*,#6648,.F.);
#8216 = ORIENTED_EDGE('',*,*,#6523,.F.);
#8217 = ORIENTED_EDGE('',*,*,#6494,.T.);
#8218 = ORIENTED_EDGE('',*,*,#6390,.F.);
#8219 = ORIENTED_EDGE('',*,*,#6288,.F.);
#8220 = ORIENTED_EDGE('',*,*,#6236,.F.);
#8221 = ORIENTED_EDGE('',*,*,#6180,.T.);
#8222 = ORIENTED_EDGE('',*,*,#6031,.F.);
#8223 = ORIENTED_EDGE('',*,*,#5978,.F.);
#8224 = ORIENTED_EDGE('',*,*,#5871,.F.);
#8225 = ORIENTED_EDGE('',*,*,#5818,.F.);
#8226 = ( GEOMETRIC_REPRESENTATION_CONTEXT(3) 
GLOBAL_UNCERTAINTY_ASSIGNED_CONTEXT((#8230)) 
GLOBAL_UNIT_ASSIGNED_CONTEXT((#8227,#8228,#8229)) REPRESENTATION_CONTEXT
('Context #1','3D Context with UNIT and UNCERTAINTY') );
#8227 = ( LENGTH_UNIT() NAMED_UNIT(*) SI_UNIT(.MILLI.,.METRE.) );
#8228 = ( NAMED_UNIT(*) PLANE_ANGLE_UNIT() SI_UNIT($,.RADIAN.) );
#8229 = ( NAMED_UNIT(*) SI_UNIT($,.STERADIAN.) SOLID_ANGLE_UNIT() );
#8230 = UNCERTAINTY_MEASURE_WITH_UNIT(LENGTH_MEASURE(0.1),#8227,
  'distance_accuracy_value','confusion accuracy');
#8231 = CONTEXT_DEPENDENT_SHAPE_REPRESENTATION(#8232,#8234);
#8232 = ( REPRESENTATION_RELATIONSHIP('','',#5645,#10) 
REPRESENTATION_RELATIONSHIP_WITH_TRANSFORMATION(#8233) 
SHAPE_REPRESENTATION_RELATIONSHIP() );
#8233 = ITEM_DEFINED_TRANSFORMATION('','',#11,#31);
#8234 = PRODUCT_DEFINITION_SHAPE('Placement','Placement of an item',
  #8235);
#8235 = NEXT_ASSEMBLY_USAGE_OCCURRENCE('60','','',#5,#5640,$);
#8236 = PRODUCT_RELATED_PRODUCT_CATEGORY('part',$,(#5642));
#8237 = SHAPE_DEFINITION_REPRESENTATION(#8238,#8244);
#8238 = PRODUCT_DEFINITION_SHAPE('','',#8239);
#8239 = PRODUCT_DEFINITION('design','',#8240,#8243);
#8240 = PRODUCT_DEFINITION_FORMATION('','',#8241);
#8241 = PRODUCT('OCCBrep 6.6','OCCBrep 6.6','',(#8242));
#8242 = PRODUCT_CONTEXT('',#2,'mechanical');
#8243 = PRODUCT_DEFINITION_CONTEXT('part definition',#2,'design');
#8244 = ADVANCED_BREP_SHAPE_REPRESENTATION('',(#11,#8245),#8342);
#8245 = MANIFOLD_SOLID_BREP('',#8246);
#8246 = CLOSED_SHELL('',(#8247,#8334,#8338));
#8247 = ADVANCED_FACE('',(#8248),#8261,.T.);
#8248 = FACE_BOUND('',#8249,.T.);
#8249 = EDGE_LOOP('',(#8250,#8283,#8303,#8333));
#8250 = ORIENTED_EDGE('',*,*,#8251,.F.);
#8251 = EDGE_CURVE('',#8252,#8252,#8254,.T.);
#8252 = VERTEX_POINT('',#8253);
#8253 = CARTESIAN_POINT('',(-87.49999999999,-1.218866160779E-05,
    180.00000533252));
#8254 = SURFACE_CURVE('',#8255,(#8260,#8271),.PCURVE_S1.);
#8255 = CIRCLE('',#8256,87.499999999999);
#8256 = AXIS2_PLACEMENT_3D('',#8257,#8258,#8259);
#8257 = CARTESIAN_POINT('',(4.891819695605E-12,-1.218866028221E-05,
    180.00000533252));
#8258 = DIRECTION('',(3.092764140027E-14,3.409970718492E-14,1.));
#8259 = DIRECTION('',(-1.,-1.51495313939E-14,3.092764140027E-14));
#8260 = PCURVE('',#8261,#8266);
#8261 = CYLINDRICAL_SURFACE('',#8262,87.5);
#8262 = AXIS2_PLACEMENT_3D('',#8263,#8264,#8265);
#8263 = CARTESIAN_POINT('',(5.328501280627E-12,-1.218865897216E-05,
    175.00000266625));
#8264 = DIRECTION('',(2.601093943408E-14,2.030122102172E-14,1.));
#8265 = DIRECTION('',(1.,0.,-2.601093943408E-14));
#8266 = DEFINITIONAL_REPRESENTATION('',(#8267),#8270);
#8267 = B_SPLINE_CURVE_WITH_KNOTS('',1,(#8268,#8269),.UNSPECIFIED.,.F.,
  .F.,(2,2),(0.,6.28318530718),.PIECEWISE_BEZIER_KNOTS.);
#8268 = CARTESIAN_POINT('',(-3.14159265359,5.00000266627));
#8269 = CARTESIAN_POINT('',(3.14159265359,5.00000266627));
#8270 = ( GEOMETRIC_REPRESENTATION_CONTEXT(2) 
PARAMETRIC_REPRESENTATION_CONTEXT() REPRESENTATION_CONTEXT('2D SPACE',''
  ) );
#8271 = PCURVE('',#8272,#8277);
#8272 = PLANE('',#8273);
#8273 = AXIS2_PLACEMENT_3D('',#8274,#8275,#8276);
#8274 = CARTESIAN_POINT('',(-104.9999999999,-105.0000121886,
    180.00000533253));
#8275 = DIRECTION('',(0.,0.,1.));
#8276 = DIRECTION('',(1.,0.,0.));
#8277 = DEFINITIONAL_REPRESENTATION('',(#8278),#8282);
#8278 = CIRCLE('',#8279,87.499999999999);
#8279 = AXIS2_PLACEMENT_2D('',#8280,#8281);
#8280 = CARTESIAN_POINT('',(104.99999999999,104.99999999999));
#8281 = DIRECTION('',(-1.,-1.51495313939E-14));
#8282 = ( GEOMETRIC_REPRESENTATION_CONTEXT(2) 
PARAMETRIC_REPRESENTATION_CONTEXT() REPRESENTATION_CONTEXT('2D SPACE',''
  ) );
#8283 = ORIENTED_EDGE('',*,*,#8284,.F.);
#8284 = EDGE_CURVE('',#8285,#8252,#8287,.T.);
#8285 = VERTEX_POINT('',#8286);
#8286 = CARTESIAN_POINT('',(-87.49999999999,-1.218866026937E-05,
    169.99999999998));
#8287 = SEAM_CURVE('',#8288,(#8291,#8297),.PCURVE_S1.);
#8288 = B_SPLINE_CURVE_WITH_KNOTS('',1,(#8289,#8290),.UNSPECIFIED.,.F.,
  .F.,(2,2),(1.300000053327E-02,2.300000586581E-02),
  .PIECEWISE_BEZIER_KNOTS.);
#8289 = CARTESIAN_POINT('',(-87.49999999999,-1.218866026937E-05,
    169.99999999998));
#8290 = CARTESIAN_POINT('',(-87.49999999999,-1.218866160779E-05,
    180.00000533252));
#8291 = PCURVE('',#8261,#8292);
#8292 = DEFINITIONAL_REPRESENTATION('',(#8293),#8296);
#8293 = B_SPLINE_CURVE_WITH_KNOTS('',1,(#8294,#8295),.UNSPECIFIED.,.F.,
  .F.,(2,2),(1.300000053327E-02,2.300000586581E-02),
  .PIECEWISE_BEZIER_KNOTS.);
#8294 = CARTESIAN_POINT('',(-3.14159265359,-5.00000266627));
#8295 = CARTESIAN_POINT('',(-3.14159265359,5.00000266627));
#8296 = ( GEOMETRIC_REPRESENTATION_CONTEXT(2) 
PARAMETRIC_REPRESENTATION_CONTEXT() REPRESENTATION_CONTEXT('2D SPACE',''
  ) );
#8297 = PCURVE('',#8261,#8298);
#8298 = DEFINITIONAL_REPRESENTATION('',(#8299),#8302);
#8299 = B_SPLINE_CURVE_WITH_KNOTS('',1,(#8300,#8301),.UNSPECIFIED.,.F.,
  .F.,(2,2),(1.300000053327E-02,2.300000586581E-02),
  .PIECEWISE_BEZIER_KNOTS.);
#8300 = CARTESIAN_POINT('',(3.14159265359,-5.00000266627));
#8301 = CARTESIAN_POINT('',(3.14159265359,5.00000266627));
#8302 = ( GEOMETRIC_REPRESENTATION_CONTEXT(2) 
PARAMETRIC_REPRESENTATION_CONTEXT() REPRESENTATION_CONTEXT('2D SPACE',''
  ) );
#8303 = ORIENTED_EDGE('',*,*,#8304,.T.);
#8304 = EDGE_CURVE('',#8285,#8285,#8305,.T.);
#8305 = SURFACE_CURVE('',#8306,(#8311,#8317),.PCURVE_S1.);
#8306 = CIRCLE('',#8307,87.5);
#8307 = AXIS2_PLACEMENT_3D('',#8308,#8309,#8310);
#8308 = CARTESIAN_POINT('',(5.092987607761E-12,-1.218865739226E-05,
    169.99999999998));
#8309 = DIRECTION('',(3.092764140027E-14,1.792217168324E-14,1.));
#8310 = DIRECTION('',(-1.,-3.288125235115E-14,3.092764140027E-14));
#8311 = PCURVE('',#8261,#8312);
#8312 = DEFINITIONAL_REPRESENTATION('',(#8313),#8316);
#8313 = B_SPLINE_CURVE_WITH_KNOTS('',1,(#8314,#8315),.UNSPECIFIED.,.F.,
  .F.,(2,2),(0.,6.28318530718),.PIECEWISE_BEZIER_KNOTS.);
#8314 = CARTESIAN_POINT('',(-3.14159265359,-5.000002666271));
#8315 = CARTESIAN_POINT('',(3.14159265359,-5.000002666271));
#8316 = ( GEOMETRIC_REPRESENTATION_CONTEXT(2) 
PARAMETRIC_REPRESENTATION_CONTEXT() REPRESENTATION_CONTEXT('2D SPACE',''
  ) );
#8317 = PCURVE('',#8318,#8323);
#8318 = PLANE('',#8319);
#8319 = AXIS2_PLACEMENT_3D('',#8320,#8321,#8322);
#8320 = CARTESIAN_POINT('',(105.,-105.0000121886,169.99999999998));
#8321 = DIRECTION('',(0.,0.,-1.));
#8322 = DIRECTION('',(-1.,0.,0.));
#8323 = DEFINITIONAL_REPRESENTATION('',(#8324),#8332);
#8324 = ( BOUNDED_CURVE() B_SPLINE_CURVE(2,(#8325,#8326,#8327,#8328,
#8329,#8330,#8331),.UNSPECIFIED.,.T.,.F.) B_SPLINE_CURVE_WITH_KNOTS((1,2
    ,2,2,2,1),(-2.094395102393,0.,2.094395102393,4.188790204786,
6.28318530718,8.377580409573),.UNSPECIFIED.) CURVE() 
GEOMETRIC_REPRESENTATION_ITEM() RATIONAL_B_SPLINE_CURVE((1.,0.5,1.,0.5,
1.,0.5,1.)) REPRESENTATION_ITEM('') );
#8325 = CARTESIAN_POINT('',(192.5,104.99999999999));
#8326 = CARTESIAN_POINT('',(192.49999999999,-46.55444566228));
#8327 = CARTESIAN_POINT('',(61.249999999997,29.222777168863));
#8328 = CARTESIAN_POINT('',(-70.,105.));
#8329 = CARTESIAN_POINT('',(61.250000000002,180.77722283113));
#8330 = CARTESIAN_POINT('',(192.5,256.55444566227));
#8331 = CARTESIAN_POINT('',(192.5,104.99999999999));
#8332 = ( GEOMETRIC_REPRESENTATION_CONTEXT(2) 
PARAMETRIC_REPRESENTATION_CONTEXT() REPRESENTATION_CONTEXT('2D SPACE',''
  ) );
#8333 = ORIENTED_EDGE('',*,*,#8284,.T.);
#8334 = ADVANCED_FACE('',(#8335),#8272,.T.);
#8335 = FACE_BOUND('',#8336,.T.);
#8336 = EDGE_LOOP('',(#8337));
#8337 = ORIENTED_EDGE('',*,*,#8251,.T.);
#8338 = ADVANCED_FACE('',(#8339),#8318,.T.);
#8339 = FACE_BOUND('',#8340,.T.);
#8340 = EDGE_LOOP('',(#8341));
#8341 = ORIENTED_EDGE('',*,*,#8304,.F.);
#8342 = ( GEOMETRIC_REPRESENTATION_CONTEXT(3) 
GLOBAL_UNCERTAINTY_ASSIGNED_CONTEXT((#8346)) 
GLOBAL_UNIT_ASSIGNED_CONTEXT((#8343,#8344,#8345)) REPRESENTATION_CONTEXT
('Context #1','3D Context with UNIT and UNCERTAINTY') );
#8343 = ( LENGTH_UNIT() NAMED_UNIT(*) SI_UNIT(.MILLI.,.METRE.) );
#8344 = ( NAMED_UNIT(*) PLANE_ANGLE_UNIT() SI_UNIT($,.RADIAN.) );
#8345 = ( NAMED_UNIT(*) SI_UNIT($,.STERADIAN.) SOLID_ANGLE_UNIT() );
#8346 = UNCERTAINTY_MEASURE_WITH_UNIT(LENGTH_MEASURE(1.E-04),#8343,
  'distance_accuracy_value','confusion accuracy');
#8347 = CONTEXT_DEPENDENT_SHAPE_REPRESENTATION(#8348,#8350);
#8348 = ( REPRESENTATION_RELATIONSHIP('','',#8244,#10) 
REPRESENTATION_RELATIONSHIP_WITH_TRANSFORMATION(#8349) 
SHAPE_REPRESENTATION_RELATIONSHIP() );
#8349 = ITEM_DEFINED_TRANSFORMATION('','',#11,#35);
#8350 = PRODUCT_DEFINITION_SHAPE('Placement','Placement of an item',
  #8351);
#8351 = NEXT_ASSEMBLY_USAGE_OCCURRENCE('61','','',#5,#8239,$);
#8352 = PRODUCT_RELATED_PRODUCT_CATEGORY('part',$,(#8241));
#8353 = SHAPE_DEFINITION_REPRESENTATION(#8354,#8360);
#8354 = PRODUCT_DEFINITION_SHAPE('','',#8355);
#8355 = PRODUCT_DEFINITION('design','',#8356,#8359);
#8356 = PRODUCT_DEFINITION_FORMATION('','',#8357);
#8357 = PRODUCT('OCCBrep 6.7','OCCBrep 6.7','',(#8358));
#8358 = PRODUCT_CONTEXT('',#2,'mechanical');
#8359 = PRODUCT_DEFINITION_CONTEXT('part definition',#2,'design');
#8360 = ADVANCED_BREP_SHAPE_REPRESENTATION('',(#11,#8361),#8757);
#8361 = MANIFOLD_SOLID_BREP('',#8362);
#8362 = CLOSED_SHELL('',(#8363,#8725,#8729,#8733));
#8363 = ADVANCED_FACE('',(#8364,#8450,#8590),#8377,.T.);
#8364 = FACE_BOUND('',#8365,.T.);
#8365 = EDGE_LOOP('',(#8366,#8403,#8423,#8449));
#8366 = ORIENTED_EDGE('',*,*,#8367,.T.);
#8367 = EDGE_CURVE('',#8368,#8368,#8370,.T.);
#8368 = VERTEX_POINT('',#8369);
#8369 = CARTESIAN_POINT('',(0.,-30.15,-30.00000000001));
#8370 = SURFACE_CURVE('',#8371,(#8376,#8387),.PCURVE_S1.);
#8371 = CIRCLE('',#8372,30.150000000001);
#8372 = AXIS2_PLACEMENT_3D('',#8373,#8374,#8375);
#8373 = CARTESIAN_POINT('',(-1.226634733292E-15,-1.226634733347E-15,
    -30.00000000001));
#8374 = DIRECTION('',(6.041325538228E-14,-1.849622495749E-30,1.));
#8375 = DIRECTION('',(4.06844024309E-17,-1.,-4.307499689883E-30));
#8376 = PCURVE('',#8377,#8382);
#8377 = CYLINDRICAL_SURFACE('',#8378,30.150000000001);
#8378 = AXIS2_PLACEMENT_3D('',#8379,#8380,#8381);
#8379 = CARTESIAN_POINT('',(6.041176061733E-12,-4.894272586053E-13,
    69.999999999984));
#8380 = DIRECTION('',(6.029818251488E-14,-1.846099405282E-30,1.));
#8381 = DIRECTION('',(1.,0.,-6.029818251488E-14));
#8382 = DEFINITIONAL_REPRESENTATION('',(#8383),#8386);
#8383 = B_SPLINE_CURVE_WITH_KNOTS('',1,(#8384,#8385),.UNSPECIFIED.,.F.,
  .F.,(2,2),(0.,6.28318530718),.PIECEWISE_BEZIER_KNOTS.);
#8384 = CARTESIAN_POINT('',(-1.570796326795,-100.));
#8385 = CARTESIAN_POINT('',(4.712388980385,-100.));
#8386 = ( GEOMETRIC_REPRESENTATION_CONTEXT(2) 
PARAMETRIC_REPRESENTATION_CONTEXT() REPRESENTATION_CONTEXT('2D SPACE',''
  ) );
#8387 = PCURVE('',#8388,#8393);
#8388 = PLANE('',#8389);
#8389 = AXIS2_PLACEMENT_3D('',#8390,#8391,#8392);
#8390 = CARTESIAN_POINT('',(-37.6875,-37.6875,-30.00000000001));
#8391 = DIRECTION('',(0.,0.,-1.));
#8392 = DIRECTION('',(-1.,0.,0.));
#8393 = DEFINITIONAL_REPRESENTATION('',(#8394),#8402);
#8394 = ( BOUNDED_CURVE() B_SPLINE_CURVE(2,(#8395,#8396,#8397,#8398,
#8399,#8400,#8401),.UNSPECIFIED.,.T.,.F.) B_SPLINE_CURVE_WITH_KNOTS((1,2
    ,2,2,2,1),(-2.094395102393,0.,2.094395102393,4.188790204786,
6.28318530718,8.377580409573),.UNSPECIFIED.) CURVE() 
GEOMETRIC_REPRESENTATION_ITEM() RATIONAL_B_SPLINE_CURVE((1.,0.5,1.,0.5,
1.,0.5,1.)) REPRESENTATION_ITEM('') );
#8395 = CARTESIAN_POINT('',(-37.6875,7.5375));
#8396 = CARTESIAN_POINT('',(-89.9088318482,7.5375));
#8397 = CARTESIAN_POINT('',(-63.7981659241,52.762500000001));
#8398 = CARTESIAN_POINT('',(-37.6875,97.987500000003));
#8399 = CARTESIAN_POINT('',(-11.57683407589,52.762500000001));
#8400 = CARTESIAN_POINT('',(14.533831848202,7.5375));
#8401 = CARTESIAN_POINT('',(-37.6875,7.5375));
#8402 = ( GEOMETRIC_REPRESENTATION_CONTEXT(2) 
PARAMETRIC_REPRESENTATION_CONTEXT() REPRESENTATION_CONTEXT('2D SPACE',''
  ) );
#8403 = ORIENTED_EDGE('',*,*,#8404,.T.);
#8404 = EDGE_CURVE('',#8368,#8405,#8407,.T.);
#8405 = VERTEX_POINT('',#8406);
#8406 = CARTESIAN_POINT('',(1.207895876636E-11,-30.15,169.99999999998));
#8407 = SEAM_CURVE('',#8408,(#8411,#8417),.PCURVE_S1.);
#8408 = B_SPLINE_CURVE_WITH_KNOTS('',1,(#8409,#8410),.UNSPECIFIED.,.F.,
  .F.,(2,2),(0.,0.2),.PIECEWISE_BEZIER_KNOTS.);
#8409 = CARTESIAN_POINT('',(0.,-30.15,-30.00000000001));
#8410 = CARTESIAN_POINT('',(1.207895876636E-11,-30.15,169.99999999998));
#8411 = PCURVE('',#8377,#8412);
#8412 = DEFINITIONAL_REPRESENTATION('',(#8413),#8416);
#8413 = B_SPLINE_CURVE_WITH_KNOTS('',1,(#8414,#8415),.UNSPECIFIED.,.F.,
  .F.,(2,2),(0.,0.2),.PIECEWISE_BEZIER_KNOTS.);
#8414 = CARTESIAN_POINT('',(4.712388980385,-100.));
#8415 = CARTESIAN_POINT('',(4.712388980385,100.));
#8416 = ( GEOMETRIC_REPRESENTATION_CONTEXT(2) 
PARAMETRIC_REPRESENTATION_CONTEXT() REPRESENTATION_CONTEXT('2D SPACE',''
  ) );
#8417 = PCURVE('',#8377,#8418);
#8418 = DEFINITIONAL_REPRESENTATION('',(#8419),#8422);
#8419 = B_SPLINE_CURVE_WITH_KNOTS('',1,(#8420,#8421),.UNSPECIFIED.,.F.,
  .F.,(2,2),(0.,0.2),.PIECEWISE_BEZIER_KNOTS.);
#8420 = CARTESIAN_POINT('',(-1.570796326795,-100.));
#8421 = CARTESIAN_POINT('',(-1.570796326795,100.));
#8422 = ( GEOMETRIC_REPRESENTATION_CONTEXT(2) 
PARAMETRIC_REPRESENTATION_CONTEXT() REPRESENTATION_CONTEXT('2D SPACE',''
  ) );
#8423 = ORIENTED_EDGE('',*,*,#8424,.F.);
#8424 = EDGE_CURVE('',#8405,#8405,#8425,.T.);
#8425 = SURFACE_CURVE('',#8426,(#8431,#8437),.PCURVE_S1.);
#8426 = CIRCLE('',#8427,30.150000000001);
#8427 = AXIS2_PLACEMENT_3D('',#8428,#8429,#8430);
#8428 = CARTESIAN_POINT('',(1.208235212346E-11,-9.788545172107E-13,
    169.99999999998));
#8429 = DIRECTION('',(6.075847398446E-14,-1.860191767154E-30,1.));
#8430 = DIRECTION('',(9.915522067334E-18,-1.,-2.462643756725E-30));
#8431 = PCURVE('',#8377,#8432);
#8432 = DEFINITIONAL_REPRESENTATION('',(#8433),#8436);
#8433 = B_SPLINE_CURVE_WITH_KNOTS('',1,(#8434,#8435),.UNSPECIFIED.,.F.,
  .F.,(2,2),(0.,6.28318530718),.PIECEWISE_BEZIER_KNOTS.);
#8434 = CARTESIAN_POINT('',(-1.570796326795,100.));
#8435 = CARTESIAN_POINT('',(4.712388980385,100.));
#8436 = ( GEOMETRIC_REPRESENTATION_CONTEXT(2) 
PARAMETRIC_REPRESENTATION_CONTEXT() REPRESENTATION_CONTEXT('2D SPACE',''
  ) );
#8437 = PCURVE('',#8438,#8443);
#8438 = PLANE('',#8439);
#8439 = AXIS2_PLACEMENT_3D('',#8440,#8441,#8442);
#8440 = CARTESIAN_POINT('',(-37.68749999998,-37.6875,169.99999999998));
#8441 = DIRECTION('',(0.,0.,1.));
#8442 = DIRECTION('',(1.,0.,0.));
#8443 = DEFINITIONAL_REPRESENTATION('',(#8444),#8448);
#8444 = CIRCLE('',#8445,30.150000000001);
#8445 = AXIS2_PLACEMENT_2D('',#8446,#8447);
#8446 = CARTESIAN_POINT('',(37.687500000001,37.687500000001));
#8447 = DIRECTION('',(9.915522067334E-18,-1.));
#8448 = ( GEOMETRIC_REPRESENTATION_CONTEXT(2) 
PARAMETRIC_REPRESENTATION_CONTEXT() REPRESENTATION_CONTEXT('2D SPACE',''
  ) );
#8449 = ORIENTED_EDGE('',*,*,#8404,.F.);
#8450 = FACE_BOUND('',#8451,.T.);
#8451 = EDGE_LOOP('',(#8452));
#8452 = ORIENTED_EDGE('',*,*,#8453,.T.);
#8453 = EDGE_CURVE('',#8454,#8454,#8456,.T.);
#8454 = VERTEX_POINT('',#8455);
#8455 = CARTESIAN_POINT('',(-30.14999999999,-1.828298433497E-06,
    12.999999999986));
#8456 = SURFACE_CURVE('',#8457,(#8483,#8534),.PCURVE_S1.);
#8457 = ( BOUNDED_CURVE() B_SPLINE_CURVE(3,(#8458,#8459,#8460,#8461,
    #8462,#8463,#8464,#8465,#8466,#8467,#8468,#8469,#8470,#8471,#8472,
    #8473,#8474,#8475,#8476,#8477,#8478,#8479,#8480,#8481,#8482),
.UNSPECIFIED.,.T.,.F.) B_SPLINE_CURVE_WITH_KNOTS((1,3,3,3,3,3,3,3,3,3,1)
  ,(-1.064364514323E-02,0.,1.064364695017E-02,2.126303723115E-02,
    3.188242781675E-02,4.252607635714E-02,5.316972216458E-02,
    6.378911132169E-02,7.440850122185E-02,8.505214636508E-02,
9.569579331526E-02),.UNSPECIFIED.) CURVE() GEOMETRIC_REPRESENTATION_ITEM
() RATIONAL_B_SPLINE_CURVE((1.,1.,1.,1.,1.,1.,1.,1.,1.,1.,1.,1.,
    1.000000025118,1.000000025118,1.000000025118,1.000000025118,
    1.000000025118,1.000000025118,1.000000025118,1.000000025118,
    1.000000025118,1.000000025118,1.000000025118,1.000000025118,1.)) 
REPRESENTATION_ITEM('') );
#8458 = CARTESIAN_POINT('',(-30.14999999999,-1.828298433497E-06,
    12.999999999986));
#8459 = CARTESIAN_POINT('',(-30.14999978656,-3.519753528042,
    12.999999999986));
#8460 = CARTESIAN_POINT('',(-29.48261667659,-6.794192848707,
    11.592746426077));
#8461 = CARTESIAN_POINT('',(-28.71317500818,-9.196525482465,
    9.188250795342));
#8462 = CARTESIAN_POINT('',(-27.94548688271,-11.59338324578,
    6.789234964472));
#8463 = CARTESIAN_POINT('',(-27.20335369884,-13.00000182829,
    3.518091071758));
#8464 = CARTESIAN_POINT('',(-27.20335369884,-13.00000182829,
    -1.499229400769E-11));
#8465 = CARTESIAN_POINT('',(-27.20335369884,-13.00000182829,
    -3.518091363601));
#8466 = CARTESIAN_POINT('',(-27.94548682015,-11.59338344112,
    -6.789234768992));
#8467 = CARTESIAN_POINT('',(-28.71317500818,-9.196525482465,
    -9.188250795372));
#8468 = CARTESIAN_POINT('',(-29.48261670001,-6.794192775575,
    -11.5927464993));
#8469 = CARTESIAN_POINT('',(-30.14999978656,-3.51975363764,
    -13.00000000001));
#8470 = CARTESIAN_POINT('',(-30.15,-7.969319648637E-14,-13.00000000001)
  );
#8471 = CARTESIAN_POINT('',(-30.15,3.519751331458,-12.999999505));
#8472 = CARTESIAN_POINT('',(-29.48261724586,6.794190206522,
    -11.59274575303));
#8473 = CARTESIAN_POINT('',(-28.7131759699,9.196522479787,
    -9.188250140864));
#8474 = CARTESIAN_POINT('',(-27.94548823482,11.593379887112,
    -6.789234324841));
#8475 = CARTESIAN_POINT('',(-27.20335544626,12.999998171702,
    -3.518090688544));
#8476 = CARTESIAN_POINT('',(-27.20335544626,12.999998171702,
    -1.521709341901E-11));
#8477 = CARTESIAN_POINT('',(-27.20335544626,12.999998171702,
    3.518091161577));
#8478 = CARTESIAN_POINT('',(-27.9454881332,11.593380204402,
    6.789234007235));
#8479 = CARTESIAN_POINT('',(-28.7131759699,9.196522479787,9.188250140834
    ));
#8480 = CARTESIAN_POINT('',(-29.48261724586,6.794190206514,
    11.59274575301));
#8481 = CARTESIAN_POINT('',(-30.14999999999,3.51975133147,
    12.999999504974));
#8482 = CARTESIAN_POINT('',(-30.14999999999,-1.828298433497E-06,
    12.999999999986));
#8483 = PCURVE('',#8377,#8484);
#8484 = DEFINITIONAL_REPRESENTATION('',(#8485),#8533);
#8485 = B_SPLINE_CURVE_WITH_KNOTS('',3,(#8486,#8487,#8488,#8489,#8490,
    #8491,#8492,#8493,#8494,#8495,#8496,#8497,#8498,#8499,#8500,#8501,
    #8502,#8503,#8504,#8505,#8506,#8507,#8508,#8509,#8510,#8511,#8512,
    #8513,#8514,#8515,#8516,#8517,#8518,#8519,#8520,#8521,#8522,#8523,
    #8524,#8525,#8526,#8527,#8528,#8529,#8530,#8531,#8532),
  .UNSPECIFIED.,.T.,.F.,(4,1,1,1,1,1,1,1,1,1,1,1,1,1,1,1,1,1,1,1,1,1,1,1
    ,1,1,1,1,1,1,1,1,1,1,1,1,1,1,1,1,1,1,1,1,4),(0.,1.933003326479E-03,
    3.866006652958E-03,5.799009979438E-03,7.732013305917E-03,
    9.665016632396E-03,1.159801995888E-02,1.353102328535E-02,
    1.546402661183E-02,1.739702993831E-02,1.933003326479E-02,
    2.126303659127E-02,2.319603991775E-02,2.512904324423E-02,
    2.706204657071E-02,2.899504989719E-02,3.092805322367E-02,
    3.286105655015E-02,3.479405987663E-02,3.67270632031E-02,
    3.866006652958E-02,4.059306985606E-02,4.252607318254E-02,
    4.445907650902E-02,4.63920798355E-02,4.832508316198E-02,
    5.025808648846E-02,5.219108981494E-02,5.412409314142E-02,
    5.60570964679E-02,5.799009979438E-02,5.992310312086E-02,
    6.185610644733E-02,6.378910977381E-02,6.572211310029E-02,
    6.765511642677E-02,6.958811975325E-02,7.152112307973E-02,
    7.345412640621E-02,7.538712973269E-02,7.732013305917E-02,
    7.925313638565E-02,8.118613971213E-02,8.311914303861E-02,
    8.505214636508E-02),.QUASI_UNIFORM_KNOTS.);
#8486 = CARTESIAN_POINT('',(3.14159271423,-57.));
#8487 = CARTESIAN_POINT('',(3.162785794822,-57.));
#8488 = CARTESIAN_POINT('',(3.20466795648,-57.09282697274));
#8489 = CARTESIAN_POINT('',(3.265378077127,-57.49583649999));
#8490 = CARTESIAN_POINT('',(3.323403982798,-58.1478074442));
#8491 = CARTESIAN_POINT('',(3.378069474927,-59.0342674581));
#8492 = CARTESIAN_POINT('',(3.428618172045,-60.13949877974));
#8493 = CARTESIAN_POINT('',(3.47440359287,-61.45243000206));
#8494 = CARTESIAN_POINT('',(3.513485862067,-62.92617121199));
#8495 = CARTESIAN_POINT('',(3.545278952301,-64.5396389934));
#8496 = CARTESIAN_POINT('',(3.569006092351,-66.27090901136));
#8497 = CARTESIAN_POINT('',(3.583897092729,-68.09302220837));
#8498 = CARTESIAN_POINT('',(3.589136568251,-69.99999933597));
#8499 = CARTESIAN_POINT('',(3.583897099619,-71.90697663203));
#8500 = CARTESIAN_POINT('',(3.569006109796,-73.72908978767));
#8501 = CARTESIAN_POINT('',(3.545278969228,-75.46035977318));
#8502 = CARTESIAN_POINT('',(3.513485918009,-77.07382753191));
#8503 = CARTESIAN_POINT('',(3.474403534993,-78.54756883593));
#8504 = CARTESIAN_POINT('',(3.428618561668,-79.86050016929));
#8505 = CARTESIAN_POINT('',(3.378068229615,-80.96573151764));
#8506 = CARTESIAN_POINT('',(3.323408893112,-81.85219165685));
#8507 = CARTESIAN_POINT('',(3.265360049662,-82.50416280425));
#8508 = CARTESIAN_POINT('',(3.204735542349,-82.90717258854));
#8509 = CARTESIAN_POINT('',(3.141592753703,-83.04641355528));
#8510 = CARTESIAN_POINT('',(3.078449991132,-82.90717319033));
#8511 = CARTESIAN_POINT('',(3.017825482566,-82.50416384139));
#8512 = CARTESIAN_POINT('',(2.959776634346,-81.85219302723));
#8513 = CARTESIAN_POINT('',(2.905117286848,-80.96573312972));
#8514 = CARTESIAN_POINT('',(2.85456694071,-79.86050190727));
#8515 = CARTESIAN_POINT('',(2.808781958626,-78.54757074903));
#8516 = CARTESIAN_POINT('',(2.769699568277,-77.07382957625));
#8517 = CARTESIAN_POINT('',(2.737906507037,-75.46036182794));
#8518 = CARTESIAN_POINT('',(2.714179355533,-73.72909183861));
#8519 = CARTESIAN_POINT('',(2.699288353841,-71.90697866277));
#8520 = CARTESIAN_POINT('',(2.694048873611,-70.00000157949));
#8521 = CARTESIAN_POINT('',(2.699288335943,-68.09302424957));
#8522 = CARTESIAN_POINT('',(2.714179320836,-66.27091113226));
#8523 = CARTESIAN_POINT('',(2.737906445311,-64.53964117929));
#8524 = CARTESIAN_POINT('',(2.769699521385,-62.92617341264));
#8525 = CARTESIAN_POINT('',(2.808781779187,-61.45243208074));
#8526 = CARTESIAN_POINT('',(2.854567194058,-60.13950045601));
#8527 = CARTESIAN_POINT('',(2.905115888633,-59.03426875562));
#8528 = CARTESIAN_POINT('',(2.959781383127,-58.14780838143));
#8529 = CARTESIAN_POINT('',(3.01780729836,-57.4958370986));
#8530 = CARTESIAN_POINT('',(3.078517438153,-57.09282725493));
#8531 = CARTESIAN_POINT('',(3.12039962072,-57.00000009035));
#8532 = CARTESIAN_POINT('',(3.14159271423,-57.));
#8533 = ( GEOMETRIC_REPRESENTATION_CONTEXT(2) 
PARAMETRIC_REPRESENTATION_CONTEXT() REPRESENTATION_CONTEXT('2D SPACE',''
  ) );
#8534 = PCURVE('',#8535,#8540);
#8535 = CYLINDRICAL_SURFACE('',#8536,13.000000000001);
#8536 = AXIS2_PLACEMENT_3D('',#8537,#8538,#8539);
#8537 = CARTESIAN_POINT('',(-9.766480731042,-1.828298587067E-06,
    -1.569940579395E-11));
#8538 = DIRECTION('',(1.,-2.668805347657E-15,-3.362694738047E-14));
#8539 = DIRECTION('',(3.362694738047E-14,0.,1.));
#8540 = DEFINITIONAL_REPRESENTATION('',(#8541),#8589);
#8541 = B_SPLINE_CURVE_WITH_KNOTS('',3,(#8542,#8543,#8544,#8545,#8546,
    #8547,#8548,#8549,#8550,#8551,#8552,#8553,#8554,#8555,#8556,#8557,
    #8558,#8559,#8560,#8561,#8562,#8563,#8564,#8565,#8566,#8567,#8568,
    #8569,#8570,#8571,#8572,#8573,#8574,#8575,#8576,#8577,#8578,#8579,
    #8580,#8581,#8582,#8583,#8584,#8585,#8586,#8587,#8588),
  .UNSPECIFIED.,.F.,.F.,(4,1,1,1,1,1,1,1,1,1,1,1,1,1,1,1,1,1,1,1,1,1,1,1
    ,1,1,1,1,1,1,1,1,1,1,1,1,1,1,1,1,1,1,1,1,4),(0.,1.933003326479E-03,
    3.866006652958E-03,5.799009979438E-03,7.732013305917E-03,
    9.665016632396E-03,1.159801995888E-02,1.353102328535E-02,
    1.546402661183E-02,1.739702993831E-02,1.933003326479E-02,
    2.126303659127E-02,2.319603991775E-02,2.512904324423E-02,
    2.706204657071E-02,2.899504989719E-02,3.092805322367E-02,
    3.286105655015E-02,3.479405987663E-02,3.67270632031E-02,
    3.866006652958E-02,4.059306985606E-02,4.252607318254E-02,
    4.445907650902E-02,4.63920798355E-02,4.832508316198E-02,
    5.025808648846E-02,5.219108981494E-02,5.412409314142E-02,
    5.60570964679E-02,5.799009979438E-02,5.992310312086E-02,
    6.185610644733E-02,6.378910977381E-02,6.572211310029E-02,
    6.765511642677E-02,6.958811975325E-02,7.152112307973E-02,
    7.345412640621E-02,7.538712973269E-02,7.732013305917E-02,
    7.925313638565E-02,8.118613971213E-02,8.311914303861E-02,
    8.505214636508E-02),.QUASI_UNIFORM_KNOTS.);
#8542 = CARTESIAN_POINT('',(-7.993605777301E-15,-20.38351926895));
#8543 = CARTESIAN_POINT('',(4.91557279802E-02,-20.38351923019));
#8544 = CARTESIAN_POINT('',(0.146281004273,-20.33949779587));
#8545 = CARTESIAN_POINT('',(0.289443504538,-20.16169565999));
#8546 = CARTESIAN_POINT('',(0.431171825373,-19.89251223372));
#8547 = CARTESIAN_POINT('',(0.572353816806,-19.5520050831));
#8548 = CARTESIAN_POINT('',(0.713684020036,-19.16146167797));
#8549 = CARTESIAN_POINT('',(0.856226125266,-18.73758100091));
#8550 = CARTESIAN_POINT('',(0.997653578592,-18.33334672555));
#8551 = CARTESIAN_POINT('',(1.138962185988,-17.97245358115));
#8552 = CARTESIAN_POINT('',(1.280927973401,-17.68143142558));
#8553 = CARTESIAN_POINT('',(1.424101068015,-17.48605018513));
#8554 = CARTESIAN_POINT('',(1.570796275599,-17.41228438381));
#8555 = CARTESIAN_POINT('',(1.717491496843,-17.4860500864));
#8556 = CARTESIAN_POINT('',(1.860664578401,-17.68143123226));
#8557 = CARTESIAN_POINT('',(2.002630376362,-17.97245330841));
#8558 = CARTESIAN_POINT('',(2.143938898791,-18.33334639445));
#8559 = CARTESIAN_POINT('',(2.285366629748,-18.73758065206));
#8560 = CARTESIAN_POINT('',(2.427907692019,-19.16146132199));
#8561 = CARTESIAN_POINT('',(2.569241749971,-19.55200470499));
#8562 = CARTESIAN_POINT('',(2.71040926093,-19.89251187303));
#8563 = CARTESIAN_POINT('',(2.852191572393,-20.1616953613));
#8564 = CARTESIAN_POINT('',(2.995152583991,-20.33949759426));
#8565 = CARTESIAN_POINT('',(3.141592562563,-20.405529977));
#8566 = CARTESIAN_POINT('',(3.288032477541,-20.33949811144));
#8567 = CARTESIAN_POINT('',(3.430993486435,-20.16169626929));
#8568 = CARTESIAN_POINT('',(3.572775802165,-19.89251309861));
#8569 = CARTESIAN_POINT('',(3.713943330407,-19.55200617994));
#8570 = CARTESIAN_POINT('',(3.85527741261,-19.16146298751));
#8571 = CARTESIAN_POINT('',(3.997818483236,-18.73758248837));
#8572 = CARTESIAN_POINT('',(4.139246219108,-18.33334834552));
#8573 = CARTESIAN_POINT('',(4.280554754478,-17.97245530369));
#8574 = CARTESIAN_POINT('',(4.422520563252,-17.68143320862));
#8575 = CARTESIAN_POINT('',(4.565693652895,-17.48605198212));
#8576 = CARTESIAN_POINT('',(4.712388859628,-17.41228614079));
#8577 = CARTESIAN_POINT('',(4.859084080877,-17.486051746));
#8578 = CARTESIAN_POINT('',(5.002257161794,-17.6814327539));
#8579 = CARTESIAN_POINT('',(5.144222931993,-17.97245466321));
#8580 = CARTESIAN_POINT('',(5.28553152345,-18.33334757221));
#8581 = CARTESIAN_POINT('',(5.426958970618,-18.73758163835));
#8582 = CARTESIAN_POINT('',(5.569501089904,-19.16146218279));
#8583 = CARTESIAN_POINT('',(5.710831307228,-19.55200548339));
#8584 = CARTESIAN_POINT('',(5.852013318542,-19.89251253516));
#8585 = CARTESIAN_POINT('',(5.993741671349,-20.16169586683));
#8586 = CARTESIAN_POINT('',(6.136904222563,-20.33949790571));
#8587 = CARTESIAN_POINT('',(6.234029549065,-20.38351926873));
#8588 = CARTESIAN_POINT('',(6.28318530718,-20.38351926895));
#8589 = ( GEOMETRIC_REPRESENTATION_CONTEXT(2) 
PARAMETRIC_REPRESENTATION_CONTEXT() REPRESENTATION_CONTEXT('2D SPACE',''
  ) );
#8590 = FACE_BOUND('',#8591,.T.);
#8591 = EDGE_LOOP('',(#8592));
#8592 = ORIENTED_EDGE('',*,*,#8593,.T.);
#8593 = EDGE_CURVE('',#8594,#8594,#8596,.T.);
#8594 = VERTEX_POINT('',#8595);
#8595 = CARTESIAN_POINT('',(30.150000000003,-1.82829856381E-06,
    12.999999999984));
#8596 = SURFACE_CURVE('',#8597,(#8623,#8674),.PCURVE_S1.);
#8597 = ( BOUNDED_CURVE() B_SPLINE_CURVE(3,(#8598,#8599,#8600,#8601,
    #8602,#8603,#8604,#8605,#8606,#8607,#8608,#8609,#8610,#8611,#8612,
    #8613,#8614,#8615,#8616,#8617,#8618,#8619,#8620,#8621,#8622),
.UNSPECIFIED.,.T.,.F.) B_SPLINE_CURVE_WITH_KNOTS((1,3,3,3,3,3,3,3,3,3,1)
  ,(-1.064364628597E-02,0.,1.064364580743E-02,2.126303496455E-02,
    3.188242486471E-02,4.252607183624E-02,5.316971854834E-02,
    6.378910913394E-02,7.440850015796E-02,8.505214644393E-02,
9.569579225137E-02),.UNSPECIFIED.) CURVE() GEOMETRIC_REPRESENTATION_ITEM
() RATIONAL_B_SPLINE_CURVE((1.,0.999999941746,0.999999941746,
    0.999999941746,0.999999941746,0.999999941746,0.999999941746,
    0.999999941746,0.999999941746,0.999999941746,0.999999941746,
    0.999999941746,0.999999916628,0.999999916628,0.999999916628,
    0.999999916628,0.999999916628,0.999999916628,0.999999916628,
    0.999999916628,0.999999916628,0.999999916628,0.999999944419,
0.999999972209,1.)) REPRESENTATION_ITEM('') );
#8598 = CARTESIAN_POINT('',(30.150000000003,-1.82829856381E-06,
    12.999999999984));
#8599 = CARTESIAN_POINT('',(30.150000000003,3.519751331457,
    12.999999504972));
#8600 = CARTESIAN_POINT('',(29.482617245865,6.794190206522,11.592745753)
  );
#8601 = CARTESIAN_POINT('',(28.71317596991,9.196522479787,9.188250140832
    ));
#8602 = CARTESIAN_POINT('',(27.94548823483,11.593379887112,
    6.789234324808));
#8603 = CARTESIAN_POINT('',(27.203355446267,12.999998171702,
    3.518090688512));
#8604 = CARTESIAN_POINT('',(27.203355446266,12.999998171702,
    -1.707648472408E-11));
#8605 = CARTESIAN_POINT('',(27.203355446266,12.999998171702,
    -3.51809116161));
#8606 = CARTESIAN_POINT('',(27.945488133204,11.593380204402,
    -6.789234007267));
#8607 = CARTESIAN_POINT('',(28.713175969909,9.196522479787,
    -9.188250140866));
#8608 = CARTESIAN_POINT('',(29.482617245866,6.794190206514,
    -11.59274575304));
#8609 = CARTESIAN_POINT('',(30.150000000002,3.51975133147,-12.999999505)
  );
#8610 = CARTESIAN_POINT('',(30.150000000002,-1.828298786943E-06,
    -13.00000000001));
#8611 = CARTESIAN_POINT('',(30.149999786564,-3.51975363764,
    -13.00000000001));
#8612 = CARTESIAN_POINT('',(29.482616700019,-6.794192775575,
    -11.5927464993));
#8613 = CARTESIAN_POINT('',(28.713175008184,-9.196525482465,
    -9.188250795374));
#8614 = CARTESIAN_POINT('',(27.945486820153,-11.59338344112,
    -6.789234768994));
#8615 = CARTESIAN_POINT('',(27.203353698843,-13.00000182829,
    -3.518091363603));
#8616 = CARTESIAN_POINT('',(27.203353698844,-13.00000182829,
    -1.685291922375E-11));
#8617 = CARTESIAN_POINT('',(27.203353698844,-13.00000182829,
    3.51809154482));
#8618 = CARTESIAN_POINT('',(27.945486781093,-11.59338356307,
    6.789234646894));
#8619 = CARTESIAN_POINT('',(28.713175008185,-9.196525482465,
    9.18825079534));
#8620 = CARTESIAN_POINT('',(29.4826166766,-6.794192848699,
    11.592746426083));
#8621 = CARTESIAN_POINT('',(30.149999786565,-3.519753528055,
    12.999999999984));
#8622 = CARTESIAN_POINT('',(30.150000000003,-1.82829856381E-06,
    12.999999999984));
#8623 = PCURVE('',#8377,#8624);
#8624 = DEFINITIONAL_REPRESENTATION('',(#8625),#8673);
#8625 = B_SPLINE_CURVE_WITH_KNOTS('',3,(#8626,#8627,#8628,#8629,#8630,
    #8631,#8632,#8633,#8634,#8635,#8636,#8637,#8638,#8639,#8640,#8641,
    #8642,#8643,#8644,#8645,#8646,#8647,#8648,#8649,#8650,#8651,#8652,
    #8653,#8654,#8655,#8656,#8657,#8658,#8659,#8660,#8661,#8662,#8663,
    #8664,#8665,#8666,#8667,#8668,#8669,#8670,#8671,#8672),
  .UNSPECIFIED.,.T.,.F.,(4,1,1,1,1,1,1,1,1,1,1,1,1,1,1,1,1,1,1,1,1,1,1,1
    ,1,1,1,1,1,1,1,1,1,1,1,1,1,1,1,1,1,1,1,1,4),(0.,1.933003328271E-03,
    3.866006656542E-03,5.799009984814E-03,7.732013313085E-03,
    9.665016641356E-03,1.159801996963E-02,1.35310232979E-02,
    1.546402662617E-02,1.739702995444E-02,1.933003328271E-02,
    2.126303661098E-02,2.319603993925E-02,2.512904326753E-02,
    2.70620465958E-02,2.899504992407E-02,3.092805325234E-02,
    3.286105658061E-02,3.479405990888E-02,3.672706323715E-02,
    3.866006656542E-02,4.05930698937E-02,4.252607322197E-02,
    4.445907655024E-02,4.639207987851E-02,4.832508320678E-02,
    5.025808653505E-02,5.219108986332E-02,5.412409319159E-02,
    5.605709651987E-02,5.799009984814E-02,5.992310317641E-02,
    6.185610650468E-02,6.378910983295E-02,6.572211316122E-02,
    6.765511648949E-02,6.958811981776E-02,7.152112314604E-02,
    7.345412647431E-02,7.538712980258E-02,7.732013313085E-02,
    7.925313645912E-02,8.118613978739E-02,8.311914311566E-02,
    8.505214644393E-02),.QUASI_UNIFORM_KNOTS.);
#8626 = CARTESIAN_POINT('',(-6.064006896622E-08,-56.99999999999));
#8627 = CARTESIAN_POINT('',(2.119302987056E-02,-57.00000008884));
#8628 = CARTESIAN_POINT('',(6.307520820302E-02,-57.09282723725));
#8629 = CARTESIAN_POINT('',(0.123785345077,-57.4958370252));
#8630 = CARTESIAN_POINT('',(0.181811258617,-58.14780823414));
#8631 = CARTESIAN_POINT('',(0.236476751639,-59.03426851105));
#8632 = CARTESIAN_POINT('',(0.287025444628,-60.13950009075));
#8633 = CARTESIAN_POINT('',(0.332810858442,-61.45243155677));
#8634 = CARTESIAN_POINT('',(0.371893118928,-62.92617297439));
#8635 = CARTESIAN_POINT('',(0.403686199266,-64.53964093612));
#8636 = CARTESIAN_POINT('',(0.427413328349,-66.27091110526));
#8637 = CARTESIAN_POINT('',(0.44230431711,-68.09302440409));
#8638 = CARTESIAN_POINT('',(0.447543779983,-70.00000164825));
#8639 = CARTESIAN_POINT('',(0.442304300267,-71.90697882092));
#8640 = CARTESIAN_POINT('',(0.427413302412,-73.72909181778));
#8641 = CARTESIAN_POINT('',(0.403686155353,-75.46036159598));
#8642 = CARTESIAN_POINT('',(0.371893098562,-77.07382914273));
#8643 = CARTESIAN_POINT('',(0.332810709668,-78.54757026361));
#8644 = CARTESIAN_POINT('',(0.287025730477,-79.86050146055));
#8645 = CARTESIAN_POINT('',(0.2364753921,-80.96573262347));
#8646 = CARTESIAN_POINT('',(0.181816048901,-81.85219255417));
#8647 = CARTESIAN_POINT('',(0.123767198716,-82.50416345356));
#8648 = CARTESIAN_POINT('',(6.31426859689E-02,-82.9071729512));
#8649 = CARTESIAN_POINT('',(-1.12983608247E-07,-83.0464135593));
#8650 = CARTESIAN_POINT('',(-6.314287145519E-02,-82.90717281156));
#8651 = CARTESIAN_POINT('',(-0.123767377721,-82.50416312136));
#8652 = CARTESIAN_POINT('',(-0.181816221654,-81.85219198032));
#8653 = CARTESIAN_POINT('',(-0.236475564465,-80.9657317696));
#8654 = CARTESIAN_POINT('',(-0.28702590608,-79.86050023388));
#8655 = CARTESIAN_POINT('',(-0.332810883373,-78.5475687742));
#8656 = CARTESIAN_POINT('',(-0.371893265145,-77.07382749725));
#8657 = CARTESIAN_POINT('',(-0.403686316485,-75.4603597245));
#8658 = CARTESIAN_POINT('',(-0.427413456729,-73.72908973803));
#8659 = CARTESIAN_POINT('',(-0.442304446422,-71.90697657272));
#8660 = CARTESIAN_POINT('',(-0.447543914359,-69.99999929163));
#8661 = CARTESIAN_POINT('',(-0.442304439954,-68.09302209235));
#8662 = CARTESIAN_POINT('',(-0.427413443471,-66.27090906689));
#8663 = CARTESIAN_POINT('',(-0.403686308158,-64.53963926194));
#8664 = CARTESIAN_POINT('',(-0.371893222184,-62.92617166905));
#8665 = CARTESIAN_POINT('',(-0.332810955851,-61.45243054562));
#8666 = CARTESIAN_POINT('',(-0.287025533323,-60.13949914083));
#8667 = CARTESIAN_POINT('',(-0.23647683307,-59.03426767314));
#8668 = CARTESIAN_POINT('',(-0.181811337781,-58.14780755514));
#8669 = CARTESIAN_POINT('',(-0.123785428912,-57.4958365428));
#8670 = CARTESIAN_POINT('',(-6.307530533104E-02,-57.0928269794));
#8671 = CARTESIAN_POINT('',(-2.119314198184E-02,-56.99999999992));
#8672 = CARTESIAN_POINT('',(-6.064006896622E-08,-56.99999999999));
#8673 = ( GEOMETRIC_REPRESENTATION_CONTEXT(2) 
PARAMETRIC_REPRESENTATION_CONTEXT() REPRESENTATION_CONTEXT('2D SPACE',''
  ) );
#8674 = PCURVE('',#8535,#8675);
#8675 = DEFINITIONAL_REPRESENTATION('',(#8676),#8724);
#8676 = B_SPLINE_CURVE_WITH_KNOTS('',3,(#8677,#8678,#8679,#8680,#8681,
    #8682,#8683,#8684,#8685,#8686,#8687,#8688,#8689,#8690,#8691,#8692,
    #8693,#8694,#8695,#8696,#8697,#8698,#8699,#8700,#8701,#8702,#8703,
    #8704,#8705,#8706,#8707,#8708,#8709,#8710,#8711,#8712,#8713,#8714,
    #8715,#8716,#8717,#8718,#8719,#8720,#8721,#8722,#8723),
  .UNSPECIFIED.,.F.,.F.,(4,1,1,1,1,1,1,1,1,1,1,1,1,1,1,1,1,1,1,1,1,1,1,1
    ,1,1,1,1,1,1,1,1,1,1,1,1,1,1,1,1,1,1,1,1,4),(0.,1.933003328271E-03,
    3.866006656542E-03,5.799009984814E-03,7.732013313085E-03,
    9.665016641356E-03,1.159801996963E-02,1.35310232979E-02,
    1.546402662617E-02,1.739702995444E-02,1.933003328271E-02,
    2.126303661098E-02,2.319603993925E-02,2.512904326753E-02,
    2.70620465958E-02,2.899504992407E-02,3.092805325234E-02,
    3.286105658061E-02,3.479405990888E-02,3.672706323715E-02,
    3.866006656542E-02,4.05930698937E-02,4.252607322197E-02,
    4.445907655024E-02,4.639207987851E-02,4.832508320678E-02,
    5.025808653505E-02,5.219108986332E-02,5.412409319159E-02,
    5.605709651987E-02,5.799009984814E-02,5.992310317641E-02,
    6.185610650468E-02,6.378910983295E-02,6.572211316122E-02,
    6.765511648949E-02,6.958811981776E-02,7.152112314604E-02,
    7.345412647431E-02,7.538712980258E-02,7.732013313085E-02,
    7.925313645912E-02,8.118613978739E-02,8.311914311566E-02,
    8.505214644393E-02),.QUASI_UNIFORM_KNOTS.);
#8677 = CARTESIAN_POINT('',(6.28318530718,39.916480731045));
#8678 = CARTESIAN_POINT('',(6.234029556022,39.91648073157));
#8679 = CARTESIAN_POINT('',(6.136904239335,39.872459376125));
#8680 = CARTESIAN_POINT('',(5.99374169533,39.694657360824));
#8681 = CARTESIAN_POINT('',(5.852013347762,39.425474056829));
#8682 = CARTESIAN_POINT('',(5.710831342598,39.084967036246));
#8683 = CARTESIAN_POINT('',(5.569501133191,38.694423770485));
#8684 = CARTESIAN_POINT('',(5.426959023987,38.270543257246));
#8685 = CARTESIAN_POINT('',(5.285531567638,37.86630917075));
#8686 = CARTESIAN_POINT('',(5.144222957168,37.505416220477));
#8687 = CARTESIAN_POINT('',(5.002257166308,37.214394262688));
#8688 = CARTESIAN_POINT('',(4.859084069049,37.019013212849));
#8689 = CARTESIAN_POINT('',(4.71238885431,36.945247602829));
#8690 = CARTESIAN_POINT('',(4.565693640784,37.019013439686));
#8691 = CARTESIAN_POINT('',(4.422520567289,37.214394624722));
#8692 = CARTESIAN_POINT('',(4.280554778669,37.505416672982));
#8693 = CARTESIAN_POINT('',(4.139246262978,37.866309671844));
#8694 = CARTESIAN_POINT('',(3.997818532565,38.27054380561));
#8695 = CARTESIAN_POINT('',(3.855277464486,38.694424298552));
#8696 = CARTESIAN_POINT('',(3.713943399346,39.084967456526));
#8697 = CARTESIAN_POINT('',(3.572775878446,39.425474372257));
#8698 = CARTESIAN_POINT('',(3.430993555339,39.694657566102));
#8699 = CARTESIAN_POINT('',(3.288032533549,39.872459463679));
#8700 = CARTESIAN_POINT('',(3.141592531972,39.938491441001));
#8701 = CARTESIAN_POINT('',(2.995152625606,39.872459158581));
#8702 = CARTESIAN_POINT('',(2.85219161918,39.694656957994));
#8703 = CARTESIAN_POINT('',(2.710409308042,39.425473463122));
#8704 = CARTESIAN_POINT('',(2.569241782224,39.084966258245));
#8705 = CARTESIAN_POINT('',(2.427907698593,38.694422803745));
#8706 = CARTESIAN_POINT('',(2.285366623345,38.27054209519));
#8707 = CARTESIAN_POINT('',(2.143938895727,37.866307848312));
#8708 = CARTESIAN_POINT('',(2.002630372211,37.505414760646));
#8709 = CARTESIAN_POINT('',(1.860664574437,37.214392687616));
#8710 = CARTESIAN_POINT('',(1.717491492253,37.019011543345));
#8711 = CARTESIAN_POINT('',(1.570796272178,36.945245849274));
#8712 = CARTESIAN_POINT('',(1.424101059163,37.019011638876));
#8713 = CARTESIAN_POINT('',(1.280927980204,37.214392837065));
#8714 = CARTESIAN_POINT('',(1.138962213312,37.505414942967));
#8715 = CARTESIAN_POINT('',(0.997653624494,37.866308046519));
#8716 = CARTESIAN_POINT('',(0.85622618064,38.270542300205));
#8717 = CARTESIAN_POINT('',(0.713684063065,38.694423015508));
#8718 = CARTESIAN_POINT('',(0.572353847967,39.084966465257));
#8719 = CARTESIAN_POINT('',(0.431171846649,39.425473650931));
#8720 = CARTESIAN_POINT('',(0.289443517308,39.694657103513));
#8721 = CARTESIAN_POINT('',(0.146281009923,39.872459254739));
#8722 = CARTESIAN_POINT('',(4.915572973064E-02,39.916480692385));
#8723 = CARTESIAN_POINT('',(-9.769962616701E-15,39.916480731045));
#8724 = ( GEOMETRIC_REPRESENTATION_CONTEXT(2) 
PARAMETRIC_REPRESENTATION_CONTEXT() REPRESENTATION_CONTEXT('2D SPACE',''
  ) );
#8725 = ADVANCED_FACE('',(#8726),#8388,.T.);
#8726 = FACE_BOUND('',#8727,.T.);
#8727 = EDGE_LOOP('',(#8728));
#8728 = ORIENTED_EDGE('',*,*,#8367,.F.);
#8729 = ADVANCED_FACE('',(#8730),#8438,.T.);
#8730 = FACE_BOUND('',#8731,.T.);
#8731 = EDGE_LOOP('',(#8732));
#8732 = ORIENTED_EDGE('',*,*,#8424,.T.);
#8733 = ADVANCED_FACE('',(#8734),#8535,.F.);
#8734 = FACE_BOUND('',#8735,.F.);
#8735 = EDGE_LOOP('',(#8736,#8737,#8755,#8756));
#8736 = ORIENTED_EDGE('',*,*,#8593,.T.);
#8737 = ORIENTED_EDGE('',*,*,#8738,.F.);
#8738 = EDGE_CURVE('',#8454,#8594,#8739,.T.);
#8739 = SEAM_CURVE('',#8740,(#8743,#8749),.PCURVE_S1.);
#8740 = B_SPLINE_CURVE_WITH_KNOTS('',1,(#8741,#8742),.UNSPECIFIED.,.F.,
  .F.,(2,2),(9.078208006046E-02,0.15108208006),
  .PIECEWISE_BEZIER_KNOTS.);
#8741 = CARTESIAN_POINT('',(-30.14999999999,-1.828298433497E-06,
    12.999999999986));
#8742 = CARTESIAN_POINT('',(30.150000000003,-1.82829856381E-06,
    12.999999999984));
#8743 = PCURVE('',#8535,#8744);
#8744 = DEFINITIONAL_REPRESENTATION('',(#8745),#8748);
#8745 = B_SPLINE_CURVE_WITH_KNOTS('',1,(#8746,#8747),.UNSPECIFIED.,.F.,
  .F.,(2,2),(9.078208006046E-02,0.15108208006),
  .PIECEWISE_BEZIER_KNOTS.);
#8746 = CARTESIAN_POINT('',(-9.769962616701E-15,-20.38351926895));
#8747 = CARTESIAN_POINT('',(-9.769962616701E-15,39.916480731045));
#8748 = ( GEOMETRIC_REPRESENTATION_CONTEXT(2) 
PARAMETRIC_REPRESENTATION_CONTEXT() REPRESENTATION_CONTEXT('2D SPACE',''
  ) );
#8749 = PCURVE('',#8535,#8750);
#8750 = DEFINITIONAL_REPRESENTATION('',(#8751),#8754);
#8751 = B_SPLINE_CURVE_WITH_KNOTS('',1,(#8752,#8753),.UNSPECIFIED.,.F.,
  .F.,(2,2),(9.078208006046E-02,0.15108208006),
  .PIECEWISE_BEZIER_KNOTS.);
#8752 = CARTESIAN_POINT('',(6.28318530718,-20.38351926895));
#8753 = CARTESIAN_POINT('',(6.28318530718,39.916480731045));
#8754 = ( GEOMETRIC_REPRESENTATION_CONTEXT(2) 
PARAMETRIC_REPRESENTATION_CONTEXT() REPRESENTATION_CONTEXT('2D SPACE',''
  ) );
#8755 = ORIENTED_EDGE('',*,*,#8453,.T.);
#8756 = ORIENTED_EDGE('',*,*,#8738,.T.);
#8757 = ( GEOMETRIC_REPRESENTATION_CONTEXT(3) 
GLOBAL_UNCERTAINTY_ASSIGNED_CONTEXT((#8761)) 
GLOBAL_UNIT_ASSIGNED_CONTEXT((#8758,#8759,#8760)) REPRESENTATION_CONTEXT
('Context #1','3D Context with UNIT and UNCERTAINTY') );
#8758 = ( LENGTH_UNIT() NAMED_UNIT(*) SI_UNIT(.MILLI.,.METRE.) );
#8759 = ( NAMED_UNIT(*) PLANE_ANGLE_UNIT() SI_UNIT($,.RADIAN.) );
#8760 = ( NAMED_UNIT(*) SI_UNIT($,.STERADIAN.) SOLID_ANGLE_UNIT() );
#8761 = UNCERTAINTY_MEASURE_WITH_UNIT(LENGTH_MEASURE(5.E-03),#8758,
  'distance_accuracy_value','confusion accuracy');
#8762 = CONTEXT_DEPENDENT_SHAPE_REPRESENTATION(#8763,#8765);
#8763 = ( REPRESENTATION_RELATIONSHIP('','',#8360,#10) 
REPRESENTATION_RELATIONSHIP_WITH_TRANSFORMATION(#8764) 
SHAPE_REPRESENTATION_RELATIONSHIP() );
#8764 = ITEM_DEFINED_TRANSFORMATION('','',#11,#39);
#8765 = PRODUCT_DEFINITION_SHAPE('Placement','Placement of an item',
  #8766);
#8766 = NEXT_ASSEMBLY_USAGE_OCCURRENCE('62','','',#5,#8355,$);
#8767 = PRODUCT_RELATED_PRODUCT_CATEGORY('part',$,(#8357));
ENDSEC;
END-ISO-10303-21;
