ISO-10303-21;
HEADER;
FILE_DESCRIPTION(('Open CASCADE Model'),'2;1');
FILE_NAME('Open CASCADE Shape Model','2026-04-21T11:03:41',('Author'),(
    'Open CASCADE'),'Open CASCADE STEP processor 7.9','Open CASCADE 7.9'
  ,'Unknown');
FILE_SCHEMA(('AUTOMOTIVE_DESIGN { 1 0 10303 214 1 1 1 1 }'));
ENDSEC;
DATA;
#1 = APPLICATION_PROTOCOL_DEFINITION('international standard',
  'automotive_design',2000,#2);
#2 = APPLICATION_CONTEXT(
  'core data for automotive mechanical design processes');
#3 = SHAPE_DEFINITION_REPRESENTATION(#4,#10);
#4 = PRODUCT_DEFINITION_SHAPE('','',#5);
#5 = PRODUCT_DEFINITION('design','',#6,#9);
#6 = PRODUCT_DEFINITION_FORMATION('','',#7);
#7 = PRODUCT('OCCBrep 7','OCCBrep 7','',(#8));
#8 = PRODUCT_CONTEXT('',#2,'mechanical');
#9 = PRODUCT_DEFINITION_CONTEXT('part definition',#2,'design');
#10 = SHAPE_REPRESENTATION('',(#11,#15,#19,#23),#27);
#11 = AXIS2_PLACEMENT_3D('',#12,#13,#14);
#12 = CARTESIAN_POINT('',(0.,0.,0.));
#13 = DIRECTION('',(0.,0.,1.));
#14 = DIRECTION('',(1.,0.,-0.));
#15 = AXIS2_PLACEMENT_3D('',#16,#17,#18);
#16 = CARTESIAN_POINT('',(0.,0.,0.));
#17 = DIRECTION('',(0.,0.,1.));
#18 = DIRECTION('',(1.,0.,-0.));
#19 = AXIS2_PLACEMENT_3D('',#20,#21,#22);
#20 = CARTESIAN_POINT('',(0.,0.,0.));
#21 = DIRECTION('',(0.,0.,1.));
#22 = DIRECTION('',(1.,0.,-0.));
#23 = AXIS2_PLACEMENT_3D('',#24,#25,#26);
#24 = CARTESIAN_POINT('',(0.,0.,0.));
#25 = DIRECTION('',(0.,0.,1.));
#26 = DIRECTION('',(1.,0.,-0.));
#27 = ( GEOMETRIC_REPRESENTATION_CONTEXT(3) 
GLOBAL_UNCERTAINTY_ASSIGNED_CONTEXT((#31)) GLOBAL_UNIT_ASSIGNED_CONTEXT(
(#28,#29,#30)) REPRESENTATION_CONTEXT('Context #1',
  '3D Context with UNIT and UNCERTAINTY') );
#28 = ( LENGTH_UNIT() NAMED_UNIT(*) SI_UNIT(.MILLI.,.METRE.) );
#29 = ( NAMED_UNIT(*) PLANE_ANGLE_UNIT() SI_UNIT($,.RADIAN.) );
#30 = ( NAMED_UNIT(*) SI_UNIT($,.STERADIAN.) SOLID_ANGLE_UNIT() );
#31 = UNCERTAINTY_MEASURE_WITH_UNIT(LENGTH_MEASURE(1.E-04),#28,
  'distance_accuracy_value','confusion accuracy');
#32 = PRODUCT_RELATED_PRODUCT_CATEGORY('part',$,(#7));
#33 = SHAPE_DEFINITION_REPRESENTATION(#34,#40);
#34 = PRODUCT_DEFINITION_SHAPE('','',#35);
#35 = PRODUCT_DEFINITION('design','',#36,#39);
#36 = PRODUCT_DEFINITION_FORMATION('','',#37);
#37 = PRODUCT('OCCBrep 7.1','OCCBrep 7.1','',(#38));
#38 = PRODUCT_CONTEXT('',#2,'mechanical');
#39 = PRODUCT_DEFINITION_CONTEXT('part definition',#2,'design');
#40 = ADVANCED_BREP_SHAPE_REPRESENTATION('',(#11,#41),#1220);
#41 = MANIFOLD_SOLID_BREP('',#42);
#42 = CLOSED_SHELL('',(#43,#172,#291,#399,#466,#528,#633,#700,#767,#834,
    #901,#963,#1063,#1125,#1166,#1181,#1196));
#43 = ADVANCED_FACE('',(#44),#57,.F.);
#44 = FACE_BOUND('',#45,.F.);
#45 = EDGE_LOOP('',(#46,#73,#101,#122,#123,#151));
#46 = ORIENTED_EDGE('',*,*,#47,.T.);
#47 = EDGE_CURVE('',#48,#50,#52,.T.);
#48 = VERTEX_POINT('',#49);
#49 = CARTESIAN_POINT('',(196.,9.71445146547E-14,6.));
#50 = VERTEX_POINT('',#51);
#51 = CARTESIAN_POINT('',(196.,9.887923813068E-14,13.980050149165));
#52 = SEAM_CURVE('',#53,(#56,#67),.PCURVE_S1.);
#53 = B_SPLINE_CURVE_WITH_KNOTS('',1,(#54,#55),.UNSPECIFIED.,.F.,.F.,(2,
    2),(1.000000000004E-02,7.990050149165),.PIECEWISE_BEZIER_KNOTS.);
#54 = CARTESIAN_POINT('',(196.,9.71445146547E-14,6.));
#55 = CARTESIAN_POINT('',(196.,9.887923813068E-14,13.980050149165));
#56 = PCURVE('',#57,#62);
#57 = CYLINDRICAL_SURFACE('',#58,14.);
#58 = AXIS2_PLACEMENT_3D('',#59,#60,#61);
#59 = CARTESIAN_POINT('',(209.99999999999,3.330669073875E-13,
    9.990025074582));
#60 = DIRECTION('',(-1.115179377414E-15,3.717264591379E-16,-1.));
#61 = DIRECTION('',(-1.,0.,1.115179377414E-15));
#62 = DEFINITIONAL_REPRESENTATION('',(#63),#66);
#63 = B_SPLINE_CURVE_WITH_KNOTS('',1,(#64,#65),.UNSPECIFIED.,.F.,.F.,(2,
    2),(1.000000000004E-02,7.990050149165),.PIECEWISE_BEZIER_KNOTS.);
#64 = CARTESIAN_POINT('',(0.,3.990025074582));
#65 = CARTESIAN_POINT('',(0.,-3.990025074582));
#66 = ( GEOMETRIC_REPRESENTATION_CONTEXT(2) 
PARAMETRIC_REPRESENTATION_CONTEXT() REPRESENTATION_CONTEXT('2D SPACE',''
  ) );
#67 = PCURVE('',#57,#68);
#68 = DEFINITIONAL_REPRESENTATION('',(#69),#72);
#69 = B_SPLINE_CURVE_WITH_KNOTS('',1,(#70,#71),.UNSPECIFIED.,.F.,.F.,(2,
    2),(1.000000000004E-02,7.990050149165),.PIECEWISE_BEZIER_KNOTS.);
#70 = CARTESIAN_POINT('',(6.28318530718,3.990025074582));
#71 = CARTESIAN_POINT('',(6.28318530718,-3.990025074582));
#72 = ( GEOMETRIC_REPRESENTATION_CONTEXT(2) 
PARAMETRIC_REPRESENTATION_CONTEXT() REPRESENTATION_CONTEXT('2D SPACE',''
  ) );
#73 = ORIENTED_EDGE('',*,*,#74,.F.);
#74 = EDGE_CURVE('',#75,#50,#77,.T.);
#75 = VERTEX_POINT('',#76);
#76 = CARTESIAN_POINT('',(223.99999999999,1.179611963664E-13,
    13.980050149165));
#77 = SURFACE_CURVE('',#78,(#83,#89),.PCURVE_S1.);
#78 = CIRCLE('',#79,14.);
#79 = AXIS2_PLACEMENT_3D('',#80,#81,#82);
#80 = CARTESIAN_POINT('',(209.99999999999,3.330669073875E-13,
    13.980050149165));
#81 = DIRECTION('',(-8.673617379884E-16,-3.717264591379E-16,1.));
#82 = DIRECTION('',(1.,-1.536469364437E-14,8.673617379884E-16));
#83 = PCURVE('',#57,#84);
#84 = DEFINITIONAL_REPRESENTATION('',(#85),#88);
#85 = B_SPLINE_CURVE_WITH_KNOTS('',1,(#86,#87),.UNSPECIFIED.,.F.,.F.,(2,
    2),(0.,3.14159265359),.PIECEWISE_BEZIER_KNOTS.);
#86 = CARTESIAN_POINT('',(3.14159265359,-3.990025074583));
#87 = CARTESIAN_POINT('',(1.42108547152E-14,-3.990025074583));
#88 = ( GEOMETRIC_REPRESENTATION_CONTEXT(2) 
PARAMETRIC_REPRESENTATION_CONTEXT() REPRESENTATION_CONTEXT('2D SPACE',''
  ) );
#89 = PCURVE('',#90,#95);
#90 = PLANE('',#91);
#91 = AXIS2_PLACEMENT_3D('',#92,#93,#94);
#92 = CARTESIAN_POINT('',(267.01,23.500512599312,13.980050149165));
#93 = DIRECTION('',(0.,0.,1.));
#94 = DIRECTION('',(1.,0.,0.));
#95 = DEFINITIONAL_REPRESENTATION('',(#96),#100);
#96 = CIRCLE('',#97,14.);
#97 = AXIS2_PLACEMENT_2D('',#98,#99);
#98 = CARTESIAN_POINT('',(-57.01,-23.50051259931));
#99 = DIRECTION('',(1.,-1.536469364437E-14));
#100 = ( GEOMETRIC_REPRESENTATION_CONTEXT(2) 
PARAMETRIC_REPRESENTATION_CONTEXT() REPRESENTATION_CONTEXT('2D SPACE',''
  ) );
#101 = ORIENTED_EDGE('',*,*,#102,.F.);
#102 = EDGE_CURVE('',#50,#75,#103,.T.);
#103 = SURFACE_CURVE('',#104,(#109,#115),.PCURVE_S1.);
#104 = CIRCLE('',#105,14.);
#105 = AXIS2_PLACEMENT_3D('',#106,#107,#108);
#106 = CARTESIAN_POINT('',(209.99999999999,-1.110223024625E-13,
    13.980050149165));
#107 = DIRECTION('',(-8.673617379884E-16,-4.956352788505E-16,1.));
#108 = DIRECTION('',(-1.,1.499296718523E-14,-8.673617379884E-16));
#109 = PCURVE('',#57,#110);
#110 = DEFINITIONAL_REPRESENTATION('',(#111),#114);
#111 = B_SPLINE_CURVE_WITH_KNOTS('',1,(#112,#113),.UNSPECIFIED.,.F.,.F.,
  (2,2),(-0.,3.14159265359),.PIECEWISE_BEZIER_KNOTS.);
#112 = CARTESIAN_POINT('',(6.28318530718,-3.990025074583));
#113 = CARTESIAN_POINT('',(3.14159265359,-3.990025074583));
#114 = ( GEOMETRIC_REPRESENTATION_CONTEXT(2) 
PARAMETRIC_REPRESENTATION_CONTEXT() REPRESENTATION_CONTEXT('2D SPACE',''
  ) );
#115 = PCURVE('',#90,#116);
#116 = DEFINITIONAL_REPRESENTATION('',(#117),#121);
#117 = CIRCLE('',#118,14.);
#118 = AXIS2_PLACEMENT_2D('',#119,#120);
#119 = CARTESIAN_POINT('',(-57.01,-23.50051259931));
#120 = DIRECTION('',(-1.,1.499296718523E-14));
#121 = ( GEOMETRIC_REPRESENTATION_CONTEXT(2) 
PARAMETRIC_REPRESENTATION_CONTEXT() REPRESENTATION_CONTEXT('2D SPACE',''
  ) );
#122 = ORIENTED_EDGE('',*,*,#47,.F.);
#123 = ORIENTED_EDGE('',*,*,#124,.F.);
#124 = EDGE_CURVE('',#125,#48,#127,.T.);
#125 = VERTEX_POINT('',#126);
#126 = CARTESIAN_POINT('',(223.99999999999,1.214306433184E-13,6.));
#127 = SURFACE_CURVE('',#128,(#133,#139),.PCURVE_S1.);
#128 = CIRCLE('',#129,14.);
#129 = AXIS2_PLACEMENT_3D('',#130,#131,#132);
#130 = CARTESIAN_POINT('',(209.99999999999,-1.110223024625E-13,6.));
#131 = DIRECTION('',(-9.293161478447E-17,-5.88566893635E-16,-1.));
#132 = DIRECTION('',(1.,1.660378184149E-14,-9.293161478448E-17));
#133 = PCURVE('',#57,#134);
#134 = DEFINITIONAL_REPRESENTATION('',(#135),#138);
#135 = B_SPLINE_CURVE_WITH_KNOTS('',1,(#136,#137),.UNSPECIFIED.,.F.,.F.,
  (2,2),(0.,3.14159265359),.PIECEWISE_BEZIER_KNOTS.);
#136 = CARTESIAN_POINT('',(3.14159265359,3.990025074582));
#137 = CARTESIAN_POINT('',(6.28318530718,3.990025074582));
#138 = ( GEOMETRIC_REPRESENTATION_CONTEXT(2) 
PARAMETRIC_REPRESENTATION_CONTEXT() REPRESENTATION_CONTEXT('2D SPACE',''
  ) );
#139 = PCURVE('',#140,#145);
#140 = PLANE('',#141);
#141 = AXIS2_PLACEMENT_3D('',#142,#143,#144);
#142 = CARTESIAN_POINT('',(267.01,-20.16685424949,6.));
#143 = DIRECTION('',(0.,0.,-1.));
#144 = DIRECTION('',(-1.,0.,0.));
#145 = DEFINITIONAL_REPRESENTATION('',(#146),#150);
#146 = CIRCLE('',#147,14.);
#147 = AXIS2_PLACEMENT_2D('',#148,#149);
#148 = CARTESIAN_POINT('',(57.010000000002,20.166854249492));
#149 = DIRECTION('',(-1.,1.660378184149E-14));
#150 = ( GEOMETRIC_REPRESENTATION_CONTEXT(2) 
PARAMETRIC_REPRESENTATION_CONTEXT() REPRESENTATION_CONTEXT('2D SPACE',''
  ) );
#151 = ORIENTED_EDGE('',*,*,#152,.F.);
#152 = EDGE_CURVE('',#48,#125,#153,.T.);
#153 = SURFACE_CURVE('',#154,(#159,#165),.PCURVE_S1.);
#154 = CIRCLE('',#155,14.);
#155 = AXIS2_PLACEMENT_3D('',#156,#157,#158);
#156 = CARTESIAN_POINT('',(209.99999999999,3.330669073875E-13,6.));
#157 = DIRECTION('',(-9.293161478447E-17,1.455928631623E-15,-1.));
#158 = DIRECTION('',(-1.,-1.685159948092E-14,9.293161478445E-17));
#159 = PCURVE('',#57,#160);
#160 = DEFINITIONAL_REPRESENTATION('',(#161),#164);
#161 = B_SPLINE_CURVE_WITH_KNOTS('',1,(#162,#163),.UNSPECIFIED.,.F.,.F.,
  (2,2),(0.,3.14159265359),.PIECEWISE_BEZIER_KNOTS.);
#162 = CARTESIAN_POINT('',(0.,3.990025074582));
#163 = CARTESIAN_POINT('',(3.14159265359,3.990025074582));
#164 = ( GEOMETRIC_REPRESENTATION_CONTEXT(2) 
PARAMETRIC_REPRESENTATION_CONTEXT() REPRESENTATION_CONTEXT('2D SPACE',''
  ) );
#165 = PCURVE('',#140,#166);
#166 = DEFINITIONAL_REPRESENTATION('',(#167),#171);
#167 = CIRCLE('',#168,14.);
#168 = AXIS2_PLACEMENT_2D('',#169,#170);
#169 = CARTESIAN_POINT('',(57.010000000002,20.166854249493));
#170 = DIRECTION('',(1.,-1.685159948092E-14));
#171 = ( GEOMETRIC_REPRESENTATION_CONTEXT(2) 
PARAMETRIC_REPRESENTATION_CONTEXT() REPRESENTATION_CONTEXT('2D SPACE',''
  ) );
#172 = ADVANCED_FACE('',(#173),#186,.F.);
#173 = FACE_BOUND('',#174,.F.);
#174 = EDGE_LOOP('',(#175,#202,#225,#246,#247,#270));
#175 = ORIENTED_EDGE('',*,*,#176,.T.);
#176 = EDGE_CURVE('',#177,#179,#181,.T.);
#177 = VERTEX_POINT('',#178);
#178 = CARTESIAN_POINT('',(168.,7.112366251505E-14,6.));
#179 = VERTEX_POINT('',#180);
#180 = CARTESIAN_POINT('',(168.,6.76542155631E-14,13.980050149165));
#181 = SEAM_CURVE('',#182,(#185,#196),.PCURVE_S1.);
#182 = B_SPLINE_CURVE_WITH_KNOTS('',1,(#183,#184),.UNSPECIFIED.,.F.,.F.,
  (2,2),(1.000000000002E-02,7.990050149165),.PIECEWISE_BEZIER_KNOTS.);
#183 = CARTESIAN_POINT('',(168.,7.112366251505E-14,6.));
#184 = CARTESIAN_POINT('',(168.,6.76542155631E-14,13.980050149165));
#185 = PCURVE('',#186,#191);
#186 = CYLINDRICAL_SURFACE('',#187,9.);
#187 = AXIS2_PLACEMENT_3D('',#188,#189,#190);
#188 = CARTESIAN_POINT('',(177.,1.942890293094E-13,9.990025074582));
#189 = DIRECTION('',(-9.637352644316E-17,1.445602896647E-15,-1.));
#190 = DIRECTION('',(0.,-1.,-1.445602896647E-15));
#191 = DEFINITIONAL_REPRESENTATION('',(#192),#195);
#192 = B_SPLINE_CURVE_WITH_KNOTS('',1,(#193,#194),.UNSPECIFIED.,.F.,.F.,
  (2,2),(1.000000000002E-02,7.990050149165),.PIECEWISE_BEZIER_KNOTS.);
#193 = CARTESIAN_POINT('',(1.570796326795,3.990025074582));
#194 = CARTESIAN_POINT('',(1.570796326795,-3.990025074582));
#195 = ( GEOMETRIC_REPRESENTATION_CONTEXT(2) 
PARAMETRIC_REPRESENTATION_CONTEXT() REPRESENTATION_CONTEXT('2D SPACE',''
  ) );
#196 = PCURVE('',#186,#197);
#197 = DEFINITIONAL_REPRESENTATION('',(#198),#201);
#198 = B_SPLINE_CURVE_WITH_KNOTS('',1,(#199,#200),.UNSPECIFIED.,.F.,.F.,
  (2,2),(1.000000000002E-02,7.990050149165),.PIECEWISE_BEZIER_KNOTS.);
#199 = CARTESIAN_POINT('',(7.853981633974,3.990025074582));
#200 = CARTESIAN_POINT('',(7.853981633974,-3.990025074582));
#201 = ( GEOMETRIC_REPRESENTATION_CONTEXT(2) 
PARAMETRIC_REPRESENTATION_CONTEXT() REPRESENTATION_CONTEXT('2D SPACE',''
  ) );
#202 = ORIENTED_EDGE('',*,*,#203,.F.);
#203 = EDGE_CURVE('',#204,#179,#206,.T.);
#204 = VERTEX_POINT('',#205);
#205 = CARTESIAN_POINT('',(186.,8.326672684689E-14,13.980050149165));
#206 = SURFACE_CURVE('',#207,(#212,#218),.PCURVE_S1.);
#207 = CIRCLE('',#208,9.);
#208 = AXIS2_PLACEMENT_3D('',#209,#210,#211);
#209 = CARTESIAN_POINT('',(177.,1.387778780781E-13,13.980050149165));
#210 = DIRECTION('',(-1.445602896647E-15,9.637352644322E-17,1.));
#211 = DIRECTION('',(1.,-6.167905692362E-15,1.445602896647E-15));
#212 = PCURVE('',#186,#213);
#213 = DEFINITIONAL_REPRESENTATION('',(#214),#217);
#214 = B_SPLINE_CURVE_WITH_KNOTS('',1,(#215,#216),.UNSPECIFIED.,.F.,.F.,
  (2,2),(0.,3.14159265359),.PIECEWISE_BEZIER_KNOTS.);
#215 = CARTESIAN_POINT('',(4.712388980385,-3.990025074583));
#216 = CARTESIAN_POINT('',(1.570796326795,-3.990025074583));
#217 = ( GEOMETRIC_REPRESENTATION_CONTEXT(2) 
PARAMETRIC_REPRESENTATION_CONTEXT() REPRESENTATION_CONTEXT('2D SPACE',''
  ) );
#218 = PCURVE('',#90,#219);
#219 = DEFINITIONAL_REPRESENTATION('',(#220),#224);
#220 = CIRCLE('',#221,9.);
#221 = AXIS2_PLACEMENT_2D('',#222,#223);
#222 = CARTESIAN_POINT('',(-90.01,-23.50051259931));
#223 = DIRECTION('',(1.,-6.167905692362E-15));
#224 = ( GEOMETRIC_REPRESENTATION_CONTEXT(2) 
PARAMETRIC_REPRESENTATION_CONTEXT() REPRESENTATION_CONTEXT('2D SPACE',''
  ) );
#225 = ORIENTED_EDGE('',*,*,#226,.F.);
#226 = EDGE_CURVE('',#179,#204,#227,.T.);
#227 = SURFACE_CURVE('',#228,(#233,#239),.PCURVE_S1.);
#228 = CIRCLE('',#229,9.);
#229 = AXIS2_PLACEMENT_3D('',#230,#231,#232);
#230 = CARTESIAN_POINT('',(177.,0.,13.980050149165));
#231 = DIRECTION('',(-1.445602896647E-15,9.637352644308E-17,1.));
#232 = DIRECTION('',(-1.,7.517135062566E-15,-1.445602896647E-15));
#233 = PCURVE('',#186,#234);
#234 = DEFINITIONAL_REPRESENTATION('',(#235),#238);
#235 = B_SPLINE_CURVE_WITH_KNOTS('',1,(#236,#237),.UNSPECIFIED.,.F.,.F.,
  (2,2),(-0.,3.14159265359),.PIECEWISE_BEZIER_KNOTS.);
#236 = CARTESIAN_POINT('',(7.853981633974,-3.990025074583));
#237 = CARTESIAN_POINT('',(4.712388980385,-3.990025074583));
#238 = ( GEOMETRIC_REPRESENTATION_CONTEXT(2) 
PARAMETRIC_REPRESENTATION_CONTEXT() REPRESENTATION_CONTEXT('2D SPACE',''
  ) );
#239 = PCURVE('',#90,#240);
#240 = DEFINITIONAL_REPRESENTATION('',(#241),#245);
#241 = CIRCLE('',#242,9.);
#242 = AXIS2_PLACEMENT_2D('',#243,#244);
#243 = CARTESIAN_POINT('',(-90.01,-23.50051259931));
#244 = DIRECTION('',(-1.,7.517135062566E-15));
#245 = ( GEOMETRIC_REPRESENTATION_CONTEXT(2) 
PARAMETRIC_REPRESENTATION_CONTEXT() REPRESENTATION_CONTEXT('2D SPACE',''
  ) );
#246 = ORIENTED_EDGE('',*,*,#176,.F.);
#247 = ORIENTED_EDGE('',*,*,#248,.F.);
#248 = EDGE_CURVE('',#249,#177,#251,.T.);
#249 = VERTEX_POINT('',#250);
#250 = CARTESIAN_POINT('',(186.,8.847089727482E-14,6.));
#251 = SURFACE_CURVE('',#252,(#257,#263),.PCURVE_S1.);
#252 = CIRCLE('',#253,9.);
#253 = AXIS2_PLACEMENT_3D('',#254,#255,#256);
#254 = CARTESIAN_POINT('',(177.,-2.775557561563E-14,6.));
#255 = DIRECTION('',(-9.637352644316E-17,-1.638349949534E-15,-1.));
#256 = DIRECTION('',(1.,1.291405254338E-14,-9.637352644318E-17));
#257 = PCURVE('',#186,#258);
#258 = DEFINITIONAL_REPRESENTATION('',(#259),#262);
#259 = B_SPLINE_CURVE_WITH_KNOTS('',1,(#260,#261),.UNSPECIFIED.,.F.,.F.,
  (2,2),(0.,3.14159265359),.PIECEWISE_BEZIER_KNOTS.);
#260 = CARTESIAN_POINT('',(4.712388980385,3.990025074582));
#261 = CARTESIAN_POINT('',(7.853981633974,3.990025074582));
#262 = ( GEOMETRIC_REPRESENTATION_CONTEXT(2) 
PARAMETRIC_REPRESENTATION_CONTEXT() REPRESENTATION_CONTEXT('2D SPACE',''
  ) );
#263 = PCURVE('',#140,#264);
#264 = DEFINITIONAL_REPRESENTATION('',(#265),#269);
#265 = CIRCLE('',#266,9.);
#266 = AXIS2_PLACEMENT_2D('',#267,#268);
#267 = CARTESIAN_POINT('',(90.010000000001,20.166854249492));
#268 = DIRECTION('',(-1.,1.291405254338E-14));
#269 = ( GEOMETRIC_REPRESENTATION_CONTEXT(2) 
PARAMETRIC_REPRESENTATION_CONTEXT() REPRESENTATION_CONTEXT('2D SPACE',''
  ) );
#270 = ORIENTED_EDGE('',*,*,#271,.F.);
#271 = EDGE_CURVE('',#177,#249,#272,.T.);
#272 = SURFACE_CURVE('',#273,(#278,#284),.PCURVE_S1.);
#273 = CIRCLE('',#274,9.);
#274 = AXIS2_PLACEMENT_3D('',#275,#276,#277);
#275 = CARTESIAN_POINT('',(177.,1.665334536938E-13,6.));
#276 = DIRECTION('',(-9.637352644316E-17,1.445602896647E-15,-1.));
#277 = DIRECTION('',(-1.,-1.060108790875E-14,9.637352644314E-17));
#278 = PCURVE('',#186,#279);
#279 = DEFINITIONAL_REPRESENTATION('',(#280),#283);
#280 = B_SPLINE_CURVE_WITH_KNOTS('',1,(#281,#282),.UNSPECIFIED.,.F.,.F.,
  (2,2),(0.,3.14159265359),.PIECEWISE_BEZIER_KNOTS.);
#281 = CARTESIAN_POINT('',(1.570796326795,3.990025074582));
#282 = CARTESIAN_POINT('',(4.712388980385,3.990025074582));
#283 = ( GEOMETRIC_REPRESENTATION_CONTEXT(2) 
PARAMETRIC_REPRESENTATION_CONTEXT() REPRESENTATION_CONTEXT('2D SPACE',''
  ) );
#284 = PCURVE('',#140,#285);
#285 = DEFINITIONAL_REPRESENTATION('',(#286),#290);
#286 = CIRCLE('',#287,9.);
#287 = AXIS2_PLACEMENT_2D('',#288,#289);
#288 = CARTESIAN_POINT('',(90.010000000001,20.166854249493));
#289 = DIRECTION('',(1.,-1.060108790875E-14));
#290 = ( GEOMETRIC_REPRESENTATION_CONTEXT(2) 
PARAMETRIC_REPRESENTATION_CONTEXT() REPRESENTATION_CONTEXT('2D SPACE',''
  ) );
#291 = ADVANCED_FACE('',(#292),#305,.T.);
#292 = FACE_BOUND('',#293,.T.);
#293 = EDGE_LOOP('',(#294,#326,#351,#376));
#294 = ORIENTED_EDGE('',*,*,#295,.F.);
#295 = EDGE_CURVE('',#296,#298,#300,.T.);
#296 = VERTEX_POINT('',#297);
#297 = CARTESIAN_POINT('',(-43.,-58.,8.));
#298 = VERTEX_POINT('',#299);
#299 = CARTESIAN_POINT('',(267.,-58.,8.));
#300 = SURFACE_CURVE('',#301,(#304,#315),.PCURVE_S1.);
#301 = B_SPLINE_CURVE_WITH_KNOTS('',1,(#302,#303),.UNSPECIFIED.,.F.,.F.,
  (2,2),(0.,310.),.PIECEWISE_BEZIER_KNOTS.);
#302 = CARTESIAN_POINT('',(-43.,-58.,8.));
#303 = CARTESIAN_POINT('',(267.,-58.,8.));
#304 = PCURVE('',#305,#310);
#305 = PLANE('',#306);
#306 = AXIS2_PLACEMENT_3D('',#307,#308,#309);
#307 = CARTESIAN_POINT('',(267.01,-58.,-1.000000000005E-02));
#308 = DIRECTION('',(0.,-1.,0.));
#309 = DIRECTION('',(0.,0.,-1.));
#310 = DEFINITIONAL_REPRESENTATION('',(#311),#314);
#311 = B_SPLINE_CURVE_WITH_KNOTS('',1,(#312,#313),.UNSPECIFIED.,.F.,.F.,
  (2,2),(0.,310.),.PIECEWISE_BEZIER_KNOTS.);
#312 = CARTESIAN_POINT('',(-8.01,-310.01));
#313 = CARTESIAN_POINT('',(-8.01,-1.000000000005E-02));
#314 = ( GEOMETRIC_REPRESENTATION_CONTEXT(2) 
PARAMETRIC_REPRESENTATION_CONTEXT() REPRESENTATION_CONTEXT('2D SPACE',''
  ) );
#315 = PCURVE('',#316,#321);
#316 = PLANE('',#317);
#317 = AXIS2_PLACEMENT_3D('',#318,#319,#320);
#318 = CARTESIAN_POINT('',(267.01,-29.46056274847,8.));
#319 = DIRECTION('',(0.,0.,1.));
#320 = DIRECTION('',(1.,0.,0.));
#321 = DEFINITIONAL_REPRESENTATION('',(#322),#325);
#322 = B_SPLINE_CURVE_WITH_KNOTS('',1,(#323,#324),.UNSPECIFIED.,.F.,.F.,
  (2,2),(0.,310.),.PIECEWISE_BEZIER_KNOTS.);
#323 = CARTESIAN_POINT('',(-310.01,-28.53943725152));
#324 = CARTESIAN_POINT('',(-1.000000000005E-02,-28.53943725152));
#325 = ( GEOMETRIC_REPRESENTATION_CONTEXT(2) 
PARAMETRIC_REPRESENTATION_CONTEXT() REPRESENTATION_CONTEXT('2D SPACE',''
  ) );
#326 = ORIENTED_EDGE('',*,*,#327,.F.);
#327 = EDGE_CURVE('',#328,#296,#330,.T.);
#328 = VERTEX_POINT('',#329);
#329 = CARTESIAN_POINT('',(-43.,-58.,-1.387778780781E-14));
#330 = SURFACE_CURVE('',#331,(#334,#340),.PCURVE_S1.);
#331 = B_SPLINE_CURVE_WITH_KNOTS('',1,(#332,#333),.UNSPECIFIED.,.F.,.F.,
  (2,2),(-8.,0.),.PIECEWISE_BEZIER_KNOTS.);
#332 = CARTESIAN_POINT('',(-43.,-58.,-1.387778780781E-14));
#333 = CARTESIAN_POINT('',(-43.,-58.,8.));
#334 = PCURVE('',#305,#335);
#335 = DEFINITIONAL_REPRESENTATION('',(#336),#339);
#336 = B_SPLINE_CURVE_WITH_KNOTS('',1,(#337,#338),.UNSPECIFIED.,.F.,.F.,
  (2,2),(-8.,0.),.PIECEWISE_BEZIER_KNOTS.);
#337 = CARTESIAN_POINT('',(-1.000000000004E-02,-310.01));
#338 = CARTESIAN_POINT('',(-8.01,-310.01));
#339 = ( GEOMETRIC_REPRESENTATION_CONTEXT(2) 
PARAMETRIC_REPRESENTATION_CONTEXT() REPRESENTATION_CONTEXT('2D SPACE',''
  ) );
#340 = PCURVE('',#341,#346);
#341 = PLANE('',#342);
#342 = AXIS2_PLACEMENT_3D('',#343,#344,#345);
#343 = CARTESIAN_POINT('',(-42.99999999999,-58.01,-1.000000000016E-02));
#344 = DIRECTION('',(-1.,0.,0.));
#345 = DIRECTION('',(0.,0.,-1.));
#346 = DEFINITIONAL_REPRESENTATION('',(#347),#350);
#347 = B_SPLINE_CURVE_WITH_KNOTS('',1,(#348,#349),.UNSPECIFIED.,.F.,.F.,
  (2,2),(-8.,0.),.PIECEWISE_BEZIER_KNOTS.);
#348 = CARTESIAN_POINT('',(-1.000000000015E-02,-9.999999999991E-03));
#349 = CARTESIAN_POINT('',(-8.01,-9.999999999991E-03));
#350 = ( GEOMETRIC_REPRESENTATION_CONTEXT(2) 
PARAMETRIC_REPRESENTATION_CONTEXT() REPRESENTATION_CONTEXT('2D SPACE',''
  ) );
#351 = ORIENTED_EDGE('',*,*,#352,.F.);
#352 = EDGE_CURVE('',#353,#328,#355,.T.);
#353 = VERTEX_POINT('',#354);
#354 = CARTESIAN_POINT('',(267.,-58.,-1.387778780781E-14));
#355 = SURFACE_CURVE('',#356,(#359,#365),.PCURVE_S1.);
#356 = B_SPLINE_CURVE_WITH_KNOTS('',1,(#357,#358),.UNSPECIFIED.,.F.,.F.,
  (2,2),(-310.,0.),.PIECEWISE_BEZIER_KNOTS.);
#357 = CARTESIAN_POINT('',(267.,-58.,-1.387778780781E-14));
#358 = CARTESIAN_POINT('',(-43.,-58.,-1.387778780781E-14));
#359 = PCURVE('',#305,#360);
#360 = DEFINITIONAL_REPRESENTATION('',(#361),#364);
#361 = B_SPLINE_CURVE_WITH_KNOTS('',1,(#362,#363),.UNSPECIFIED.,.F.,.F.,
  (2,2),(-310.,0.),.PIECEWISE_BEZIER_KNOTS.);
#362 = CARTESIAN_POINT('',(-1.000000000004E-02,-1.000000000005E-02));
#363 = CARTESIAN_POINT('',(-1.000000000004E-02,-310.01));
#364 = ( GEOMETRIC_REPRESENTATION_CONTEXT(2) 
PARAMETRIC_REPRESENTATION_CONTEXT() REPRESENTATION_CONTEXT('2D SPACE',''
  ) );
#365 = PCURVE('',#366,#371);
#366 = PLANE('',#367);
#367 = AXIS2_PLACEMENT_3D('',#368,#369,#370);
#368 = CARTESIAN_POINT('',(267.01,-58.01,-1.389303948118E-14));
#369 = DIRECTION('',(0.,0.,-1.));
#370 = DIRECTION('',(-1.,0.,0.));
#371 = DEFINITIONAL_REPRESENTATION('',(#372),#375);
#372 = B_SPLINE_CURVE_WITH_KNOTS('',1,(#373,#374),.UNSPECIFIED.,.F.,.F.,
  (2,2),(-310.,0.),.PIECEWISE_BEZIER_KNOTS.);
#373 = CARTESIAN_POINT('',(1.000000000005E-02,9.999999999991E-03));
#374 = CARTESIAN_POINT('',(310.01,9.999999999991E-03));
#375 = ( GEOMETRIC_REPRESENTATION_CONTEXT(2) 
PARAMETRIC_REPRESENTATION_CONTEXT() REPRESENTATION_CONTEXT('2D SPACE',''
  ) );
#376 = ORIENTED_EDGE('',*,*,#377,.F.);
#377 = EDGE_CURVE('',#298,#353,#378,.T.);
#378 = SURFACE_CURVE('',#379,(#382,#388),.PCURVE_S1.);
#379 = B_SPLINE_CURVE_WITH_KNOTS('',1,(#380,#381),.UNSPECIFIED.,.F.,.F.,
  (2,2),(8.979542846047E-28,8.),.PIECEWISE_BEZIER_KNOTS.);
#380 = CARTESIAN_POINT('',(267.,-58.,8.));
#381 = CARTESIAN_POINT('',(267.,-58.,-1.387778780781E-14));
#382 = PCURVE('',#305,#383);
#383 = DEFINITIONAL_REPRESENTATION('',(#384),#387);
#384 = B_SPLINE_CURVE_WITH_KNOTS('',1,(#385,#386),.UNSPECIFIED.,.F.,.F.,
  (2,2),(8.979542846047E-28,8.),.PIECEWISE_BEZIER_KNOTS.);
#385 = CARTESIAN_POINT('',(-8.01,-1.000000000005E-02));
#386 = CARTESIAN_POINT('',(-1.000000000004E-02,-1.000000000005E-02));
#387 = ( GEOMETRIC_REPRESENTATION_CONTEXT(2) 
PARAMETRIC_REPRESENTATION_CONTEXT() REPRESENTATION_CONTEXT('2D SPACE',''
  ) );
#388 = PCURVE('',#389,#394);
#389 = PLANE('',#390);
#390 = AXIS2_PLACEMENT_3D('',#391,#392,#393);
#391 = CARTESIAN_POINT('',(267.,-58.01,-1.000000000013E-02));
#392 = DIRECTION('',(1.,0.,0.));
#393 = DIRECTION('',(0.,0.,1.));
#394 = DEFINITIONAL_REPRESENTATION('',(#395),#398);
#395 = B_SPLINE_CURVE_WITH_KNOTS('',1,(#396,#397),.UNSPECIFIED.,.F.,.F.,
  (2,2),(8.979542846047E-28,8.),.PIECEWISE_BEZIER_KNOTS.);
#396 = CARTESIAN_POINT('',(8.01,-9.999999999991E-03));
#397 = CARTESIAN_POINT('',(1.000000000012E-02,-9.999999999991E-03));
#398 = ( GEOMETRIC_REPRESENTATION_CONTEXT(2) 
PARAMETRIC_REPRESENTATION_CONTEXT() REPRESENTATION_CONTEXT('2D SPACE',''
  ) );
#399 = ADVANCED_FACE('',(#400),#366,.T.);
#400 = FACE_BOUND('',#401,.T.);
#401 = EDGE_LOOP('',(#402,#403,#423,#448));
#402 = ORIENTED_EDGE('',*,*,#352,.T.);
#403 = ORIENTED_EDGE('',*,*,#404,.F.);
#404 = EDGE_CURVE('',#405,#328,#407,.T.);
#405 = VERTEX_POINT('',#406);
#406 = CARTESIAN_POINT('',(-43.,-26.15685424949,-2.367386112264E-14));
#407 = SURFACE_CURVE('',#408,(#411,#417),.PCURVE_S1.);
#408 = B_SPLINE_CURVE_WITH_KNOTS('',1,(#409,#410),.UNSPECIFIED.,.F.,.F.,
  (2,2),(-31.8431457505,0.),.PIECEWISE_BEZIER_KNOTS.);
#409 = CARTESIAN_POINT('',(-43.,-26.15685424949,-2.367386112264E-14));
#410 = CARTESIAN_POINT('',(-43.,-58.,-1.387778780781E-14));
#411 = PCURVE('',#366,#412);
#412 = DEFINITIONAL_REPRESENTATION('',(#413),#416);
#413 = B_SPLINE_CURVE_WITH_KNOTS('',1,(#414,#415),.UNSPECIFIED.,.F.,.F.,
  (2,2),(-31.8431457505,0.),.PIECEWISE_BEZIER_KNOTS.);
#414 = CARTESIAN_POINT('',(310.01,31.853145750508));
#415 = CARTESIAN_POINT('',(310.01,9.999999999991E-03));
#416 = ( GEOMETRIC_REPRESENTATION_CONTEXT(2) 
PARAMETRIC_REPRESENTATION_CONTEXT() REPRESENTATION_CONTEXT('2D SPACE',''
  ) );
#417 = PCURVE('',#341,#418);
#418 = DEFINITIONAL_REPRESENTATION('',(#419),#422);
#419 = B_SPLINE_CURVE_WITH_KNOTS('',1,(#420,#421),.UNSPECIFIED.,.F.,.F.,
  (2,2),(-31.8431457505,0.),.PIECEWISE_BEZIER_KNOTS.);
#420 = CARTESIAN_POINT('',(-1.000000000014E-02,-31.8531457505));
#421 = CARTESIAN_POINT('',(-1.000000000015E-02,-9.999999999991E-03));
#422 = ( GEOMETRIC_REPRESENTATION_CONTEXT(2) 
PARAMETRIC_REPRESENTATION_CONTEXT() REPRESENTATION_CONTEXT('2D SPACE',''
  ) );
#423 = ORIENTED_EDGE('',*,*,#424,.F.);
#424 = EDGE_CURVE('',#425,#405,#427,.T.);
#425 = VERTEX_POINT('',#426);
#426 = CARTESIAN_POINT('',(267.,-26.15685424949,4.08171449299E-15));
#427 = SURFACE_CURVE('',#428,(#431,#437),.PCURVE_S1.);
#428 = B_SPLINE_CURVE_WITH_KNOTS('',1,(#429,#430),.UNSPECIFIED.,.F.,.F.,
  (2,2),(-310.,0.),.PIECEWISE_BEZIER_KNOTS.);
#429 = CARTESIAN_POINT('',(267.,-26.15685424949,4.08171449299E-15));
#430 = CARTESIAN_POINT('',(-43.,-26.15685424949,-2.367386112264E-14));
#431 = PCURVE('',#366,#432);
#432 = DEFINITIONAL_REPRESENTATION('',(#433),#436);
#433 = B_SPLINE_CURVE_WITH_KNOTS('',1,(#434,#435),.UNSPECIFIED.,.F.,.F.,
  (2,2),(-310.,0.),.PIECEWISE_BEZIER_KNOTS.);
#434 = CARTESIAN_POINT('',(1.000000000005E-02,31.853145750508));
#435 = CARTESIAN_POINT('',(310.01,31.853145750508));
#436 = ( GEOMETRIC_REPRESENTATION_CONTEXT(2) 
PARAMETRIC_REPRESENTATION_CONTEXT() REPRESENTATION_CONTEXT('2D SPACE',''
  ) );
#437 = PCURVE('',#438,#443);
#438 = PLANE('',#439);
#439 = AXIS2_PLACEMENT_3D('',#440,#441,#442);
#440 = CARTESIAN_POINT('',(-43.01,-26.1639253173,-7.071067812027E-03));
#441 = DIRECTION('',(3.953022089887E-17,0.707106781187,-0.707106781187)
  );
#442 = DIRECTION('',(0.,-0.707106781187,-0.707106781187));
#443 = DEFINITIONAL_REPRESENTATION('',(#444),#447);
#444 = B_SPLINE_CURVE_WITH_KNOTS('',1,(#445,#446),.UNSPECIFIED.,.F.,.F.,
  (2,2),(-310.,0.),.PIECEWISE_BEZIER_KNOTS.);
#445 = CARTESIAN_POINT('',(-1.000000000021E-02,-310.01));
#446 = CARTESIAN_POINT('',(-1.000000000019E-02,-9.9999999996E-03));
#447 = ( GEOMETRIC_REPRESENTATION_CONTEXT(2) 
PARAMETRIC_REPRESENTATION_CONTEXT() REPRESENTATION_CONTEXT('2D SPACE',''
  ) );
#448 = ORIENTED_EDGE('',*,*,#449,.F.);
#449 = EDGE_CURVE('',#353,#425,#450,.T.);
#450 = SURFACE_CURVE('',#451,(#454,#460),.PCURVE_S1.);
#451 = B_SPLINE_CURVE_WITH_KNOTS('',1,(#452,#453),.UNSPECIFIED.,.F.,.F.,
  (2,2),(-7.105427357601E-15,31.843145750508),.PIECEWISE_BEZIER_KNOTS.);
#452 = CARTESIAN_POINT('',(267.,-58.,-1.387778780781E-14));
#453 = CARTESIAN_POINT('',(267.,-26.15685424949,4.08171449299E-15));
#454 = PCURVE('',#366,#455);
#455 = DEFINITIONAL_REPRESENTATION('',(#456),#459);
#456 = B_SPLINE_CURVE_WITH_KNOTS('',1,(#457,#458),.UNSPECIFIED.,.F.,.F.,
  (2,2),(-7.105427357601E-15,31.843145750508),.PIECEWISE_BEZIER_KNOTS.);
#457 = CARTESIAN_POINT('',(1.000000000005E-02,9.999999999991E-03));
#458 = CARTESIAN_POINT('',(1.000000000005E-02,31.853145750508));
#459 = ( GEOMETRIC_REPRESENTATION_CONTEXT(2) 
PARAMETRIC_REPRESENTATION_CONTEXT() REPRESENTATION_CONTEXT('2D SPACE',''
  ) );
#460 = PCURVE('',#389,#461);
#461 = DEFINITIONAL_REPRESENTATION('',(#462),#465);
#462 = B_SPLINE_CURVE_WITH_KNOTS('',1,(#463,#464),.UNSPECIFIED.,.F.,.F.,
  (2,2),(-7.105427357601E-15,31.843145750508),.PIECEWISE_BEZIER_KNOTS.);
#463 = CARTESIAN_POINT('',(1.000000000012E-02,-9.999999999991E-03));
#464 = CARTESIAN_POINT('',(1.000000000014E-02,-31.8531457505));
#465 = ( GEOMETRIC_REPRESENTATION_CONTEXT(2) 
PARAMETRIC_REPRESENTATION_CONTEXT() REPRESENTATION_CONTEXT('2D SPACE',''
  ) );
#466 = ADVANCED_FACE('',(#467),#438,.T.);
#467 = FACE_BOUND('',#468,.T.);
#468 = EDGE_LOOP('',(#469,#470,#490,#510));
#469 = ORIENTED_EDGE('',*,*,#424,.T.);
#470 = ORIENTED_EDGE('',*,*,#471,.F.);
#471 = EDGE_CURVE('',#472,#405,#474,.T.);
#472 = VERTEX_POINT('',#473);
#473 = CARTESIAN_POINT('',(-43.,-20.15685424949,6.));
#474 = SURFACE_CURVE('',#475,(#478,#484),.PCURVE_S1.);
#475 = B_SPLINE_CURVE_WITH_KNOTS('',1,(#476,#477),.UNSPECIFIED.,.F.,.F.,
  (2,2),(-8.485281374239,0.),.PIECEWISE_BEZIER_KNOTS.);
#476 = CARTESIAN_POINT('',(-43.,-20.15685424949,6.));
#477 = CARTESIAN_POINT('',(-43.,-26.15685424949,-2.367386112264E-14));
#478 = PCURVE('',#438,#479);
#479 = DEFINITIONAL_REPRESENTATION('',(#480),#483);
#480 = B_SPLINE_CURVE_WITH_KNOTS('',1,(#481,#482),.UNSPECIFIED.,.F.,.F.,
  (2,2),(-8.485281374239,0.),.PIECEWISE_BEZIER_KNOTS.);
#481 = CARTESIAN_POINT('',(-8.495281374239,-9.9999999996E-03));
#482 = CARTESIAN_POINT('',(-1.000000000019E-02,-9.9999999996E-03));
#483 = ( GEOMETRIC_REPRESENTATION_CONTEXT(2) 
PARAMETRIC_REPRESENTATION_CONTEXT() REPRESENTATION_CONTEXT('2D SPACE',''
  ) );
#484 = PCURVE('',#341,#485);
#485 = DEFINITIONAL_REPRESENTATION('',(#486),#489);
#486 = B_SPLINE_CURVE_WITH_KNOTS('',1,(#487,#488),.UNSPECIFIED.,.F.,.F.,
  (2,2),(-8.485281374239,0.),.PIECEWISE_BEZIER_KNOTS.);
#487 = CARTESIAN_POINT('',(-6.01,-37.8531457505));
#488 = CARTESIAN_POINT('',(-1.000000000014E-02,-31.8531457505));
#489 = ( GEOMETRIC_REPRESENTATION_CONTEXT(2) 
PARAMETRIC_REPRESENTATION_CONTEXT() REPRESENTATION_CONTEXT('2D SPACE',''
  ) );
#490 = ORIENTED_EDGE('',*,*,#491,.F.);
#491 = EDGE_CURVE('',#492,#472,#494,.T.);
#492 = VERTEX_POINT('',#493);
#493 = CARTESIAN_POINT('',(267.,-20.15685424949,6.));
#494 = SURFACE_CURVE('',#495,(#498,#504),.PCURVE_S1.);
#495 = B_SPLINE_CURVE_WITH_KNOTS('',1,(#496,#497),.UNSPECIFIED.,.F.,.F.,
  (2,2),(-310.,0.),.PIECEWISE_BEZIER_KNOTS.);
#496 = CARTESIAN_POINT('',(267.,-20.15685424949,6.));
#497 = CARTESIAN_POINT('',(-43.,-20.15685424949,6.));
#498 = PCURVE('',#438,#499);
#499 = DEFINITIONAL_REPRESENTATION('',(#500),#503);
#500 = B_SPLINE_CURVE_WITH_KNOTS('',1,(#501,#502),.UNSPECIFIED.,.F.,.F.,
  (2,2),(-310.,0.),.PIECEWISE_BEZIER_KNOTS.);
#501 = CARTESIAN_POINT('',(-8.495281374239,-310.01));
#502 = CARTESIAN_POINT('',(-8.495281374239,-9.9999999996E-03));
#503 = ( GEOMETRIC_REPRESENTATION_CONTEXT(2) 
PARAMETRIC_REPRESENTATION_CONTEXT() REPRESENTATION_CONTEXT('2D SPACE',''
  ) );
#504 = PCURVE('',#140,#505);
#505 = DEFINITIONAL_REPRESENTATION('',(#506),#509);
#506 = B_SPLINE_CURVE_WITH_KNOTS('',1,(#507,#508),.UNSPECIFIED.,.F.,.F.,
  (2,2),(-310.,0.),.PIECEWISE_BEZIER_KNOTS.);
#507 = CARTESIAN_POINT('',(1.000000000005E-02,9.999999999998E-03));
#508 = CARTESIAN_POINT('',(310.01,9.999999999998E-03));
#509 = ( GEOMETRIC_REPRESENTATION_CONTEXT(2) 
PARAMETRIC_REPRESENTATION_CONTEXT() REPRESENTATION_CONTEXT('2D SPACE',''
  ) );
#510 = ORIENTED_EDGE('',*,*,#511,.F.);
#511 = EDGE_CURVE('',#425,#492,#512,.T.);
#512 = SURFACE_CURVE('',#513,(#516,#522),.PCURVE_S1.);
#513 = B_SPLINE_CURVE_WITH_KNOTS('',1,(#514,#515),.UNSPECIFIED.,.F.,.F.,
  (2,2),(-7.386570967128E-28,8.485281374239),.PIECEWISE_BEZIER_KNOTS.);
#514 = CARTESIAN_POINT('',(267.,-26.15685424949,4.08171449299E-15));
#515 = CARTESIAN_POINT('',(267.,-20.15685424949,6.));
#516 = PCURVE('',#438,#517);
#517 = DEFINITIONAL_REPRESENTATION('',(#518),#521);
#518 = B_SPLINE_CURVE_WITH_KNOTS('',1,(#519,#520),.UNSPECIFIED.,.F.,.F.,
  (2,2),(-7.386570967128E-28,8.485281374239),.PIECEWISE_BEZIER_KNOTS.);
#519 = CARTESIAN_POINT('',(-1.000000000021E-02,-310.01));
#520 = CARTESIAN_POINT('',(-8.495281374239,-310.01));
#521 = ( GEOMETRIC_REPRESENTATION_CONTEXT(2) 
PARAMETRIC_REPRESENTATION_CONTEXT() REPRESENTATION_CONTEXT('2D SPACE',''
  ) );
#522 = PCURVE('',#389,#523);
#523 = DEFINITIONAL_REPRESENTATION('',(#524),#527);
#524 = B_SPLINE_CURVE_WITH_KNOTS('',1,(#525,#526),.UNSPECIFIED.,.F.,.F.,
  (2,2),(-7.386570967128E-28,8.485281374239),.PIECEWISE_BEZIER_KNOTS.);
#525 = CARTESIAN_POINT('',(1.000000000014E-02,-31.8531457505));
#526 = CARTESIAN_POINT('',(6.01,-37.8531457505));
#527 = ( GEOMETRIC_REPRESENTATION_CONTEXT(2) 
PARAMETRIC_REPRESENTATION_CONTEXT() REPRESENTATION_CONTEXT('2D SPACE',''
  ) );
#528 = ADVANCED_FACE('',(#529,#595,#599,#603),#140,.T.);
#529 = FACE_BOUND('',#530,.T.);
#530 = EDGE_LOOP('',(#531,#551,#576,#594));
#531 = ORIENTED_EDGE('',*,*,#532,.F.);
#532 = EDGE_CURVE('',#533,#472,#535,.T.);
#533 = VERTEX_POINT('',#534);
#534 = CARTESIAN_POINT('',(-43.,20.156854249492,6.));
#535 = SURFACE_CURVE('',#536,(#539,#545),.PCURVE_S1.);
#536 = B_SPLINE_CURVE_WITH_KNOTS('',1,(#537,#538),.UNSPECIFIED.,.F.,.F.,
  (2,2),(-40.31370849898,0.),.PIECEWISE_BEZIER_KNOTS.);
#537 = CARTESIAN_POINT('',(-43.,20.156854249492,6.));
#538 = CARTESIAN_POINT('',(-43.,-20.15685424949,6.));
#539 = PCURVE('',#140,#540);
#540 = DEFINITIONAL_REPRESENTATION('',(#541),#544);
#541 = B_SPLINE_CURVE_WITH_KNOTS('',1,(#542,#543),.UNSPECIFIED.,.F.,.F.,
  (2,2),(-40.31370849898,0.),.PIECEWISE_BEZIER_KNOTS.);
#542 = CARTESIAN_POINT('',(310.01,40.323708498985));
#543 = CARTESIAN_POINT('',(310.01,9.999999999998E-03));
#544 = ( GEOMETRIC_REPRESENTATION_CONTEXT(2) 
PARAMETRIC_REPRESENTATION_CONTEXT() REPRESENTATION_CONTEXT('2D SPACE',''
  ) );
#545 = PCURVE('',#341,#546);
#546 = DEFINITIONAL_REPRESENTATION('',(#547),#550);
#547 = B_SPLINE_CURVE_WITH_KNOTS('',1,(#548,#549),.UNSPECIFIED.,.F.,.F.,
  (2,2),(-40.31370849898,0.),.PIECEWISE_BEZIER_KNOTS.);
#548 = CARTESIAN_POINT('',(-6.01,-78.16685424949));
#549 = CARTESIAN_POINT('',(-6.01,-37.8531457505));
#550 = ( GEOMETRIC_REPRESENTATION_CONTEXT(2) 
PARAMETRIC_REPRESENTATION_CONTEXT() REPRESENTATION_CONTEXT('2D SPACE',''
  ) );
#551 = ORIENTED_EDGE('',*,*,#552,.F.);
#552 = EDGE_CURVE('',#553,#533,#555,.T.);
#553 = VERTEX_POINT('',#554);
#554 = CARTESIAN_POINT('',(267.,20.156854249492,6.));
#555 = SURFACE_CURVE('',#556,(#559,#565),.PCURVE_S1.);
#556 = B_SPLINE_CURVE_WITH_KNOTS('',1,(#557,#558),.UNSPECIFIED.,.F.,.F.,
  (2,2),(-310.,0.),.PIECEWISE_BEZIER_KNOTS.);
#557 = CARTESIAN_POINT('',(267.,20.156854249492,6.));
#558 = CARTESIAN_POINT('',(-43.,20.156854249492,6.));
#559 = PCURVE('',#140,#560);
#560 = DEFINITIONAL_REPRESENTATION('',(#561),#564);
#561 = B_SPLINE_CURVE_WITH_KNOTS('',1,(#562,#563),.UNSPECIFIED.,.F.,.F.,
  (2,2),(-310.,0.),.PIECEWISE_BEZIER_KNOTS.);
#562 = CARTESIAN_POINT('',(1.000000000005E-02,40.323708498985));
#563 = CARTESIAN_POINT('',(310.01,40.323708498985));
#564 = ( GEOMETRIC_REPRESENTATION_CONTEXT(2) 
PARAMETRIC_REPRESENTATION_CONTEXT() REPRESENTATION_CONTEXT('2D SPACE',''
  ) );
#565 = PCURVE('',#566,#571);
#566 = PLANE('',#567);
#567 = AXIS2_PLACEMENT_3D('',#568,#569,#570);
#568 = CARTESIAN_POINT('',(267.01,26.163925317304,-7.071067812007E-03));
#569 = DIRECTION('',(9.463295306093E-17,-0.707106781187,-0.707106781187)
  );
#570 = DIRECTION('',(6.162975822039E-33,-0.707106781187,0.707106781187)
  );
#571 = DEFINITIONAL_REPRESENTATION('',(#572),#575);
#572 = B_SPLINE_CURVE_WITH_KNOTS('',1,(#573,#574),.UNSPECIFIED.,.F.,.F.,
  (2,2),(-310.,0.),.PIECEWISE_BEZIER_KNOTS.);
#573 = CARTESIAN_POINT('',(8.495281374239,1.000000000005E-02));
#574 = CARTESIAN_POINT('',(8.495281374239,310.01));
#575 = ( GEOMETRIC_REPRESENTATION_CONTEXT(2) 
PARAMETRIC_REPRESENTATION_CONTEXT() REPRESENTATION_CONTEXT('2D SPACE',''
  ) );
#576 = ORIENTED_EDGE('',*,*,#577,.F.);
#577 = EDGE_CURVE('',#492,#553,#578,.T.);
#578 = SURFACE_CURVE('',#579,(#582,#588),.PCURVE_S1.);
#579 = B_SPLINE_CURVE_WITH_KNOTS('',1,(#580,#581),.UNSPECIFIED.,.F.,.F.,
  (2,2),(-1.466645995096E-28,40.313708498985),.PIECEWISE_BEZIER_KNOTS.);
#580 = CARTESIAN_POINT('',(267.,-20.15685424949,6.));
#581 = CARTESIAN_POINT('',(267.,20.156854249492,6.));
#582 = PCURVE('',#140,#583);
#583 = DEFINITIONAL_REPRESENTATION('',(#584),#587);
#584 = B_SPLINE_CURVE_WITH_KNOTS('',1,(#585,#586),.UNSPECIFIED.,.F.,.F.,
  (2,2),(-1.466645995096E-28,40.313708498985),.PIECEWISE_BEZIER_KNOTS.);
#585 = CARTESIAN_POINT('',(1.000000000005E-02,9.999999999998E-03));
#586 = CARTESIAN_POINT('',(1.000000000005E-02,40.323708498985));
#587 = ( GEOMETRIC_REPRESENTATION_CONTEXT(2) 
PARAMETRIC_REPRESENTATION_CONTEXT() REPRESENTATION_CONTEXT('2D SPACE',''
  ) );
#588 = PCURVE('',#389,#589);
#589 = DEFINITIONAL_REPRESENTATION('',(#590),#593);
#590 = B_SPLINE_CURVE_WITH_KNOTS('',1,(#591,#592),.UNSPECIFIED.,.F.,.F.,
  (2,2),(-1.466645995096E-28,40.313708498985),.PIECEWISE_BEZIER_KNOTS.);
#591 = CARTESIAN_POINT('',(6.01,-37.8531457505));
#592 = CARTESIAN_POINT('',(6.01,-78.16685424949));
#593 = ( GEOMETRIC_REPRESENTATION_CONTEXT(2) 
PARAMETRIC_REPRESENTATION_CONTEXT() REPRESENTATION_CONTEXT('2D SPACE',''
  ) );
#594 = ORIENTED_EDGE('',*,*,#491,.T.);
#595 = FACE_BOUND('',#596,.T.);
#596 = EDGE_LOOP('',(#597,#598));
#597 = ORIENTED_EDGE('',*,*,#152,.F.);
#598 = ORIENTED_EDGE('',*,*,#124,.F.);
#599 = FACE_BOUND('',#600,.T.);
#600 = EDGE_LOOP('',(#601,#602));
#601 = ORIENTED_EDGE('',*,*,#248,.F.);
#602 = ORIENTED_EDGE('',*,*,#271,.F.);
#603 = FACE_BOUND('',#604,.T.);
#604 = EDGE_LOOP('',(#605));
#605 = ORIENTED_EDGE('',*,*,#606,.F.);
#606 = EDGE_CURVE('',#607,#607,#609,.T.);
#607 = VERTEX_POINT('',#608);
#608 = CARTESIAN_POINT('',(64.165781953978,5.445325425358,6.));
#609 = SURFACE_CURVE('',#610,(#615,#622),.PCURVE_S1.);
#610 = CIRCLE('',#611,9.);
#611 = AXIS2_PLACEMENT_3D('',#612,#613,#614);
#612 = CARTESIAN_POINT('',(57.,5.377642775528E-14,6.));
#613 = DIRECTION('',(-1.411231713014E-16,9.821390176677E-16,-1.));
#614 = DIRECTION('',(0.796197994886,0.605036158373,4.818676322158E-16));
#615 = PCURVE('',#140,#616);
#616 = DEFINITIONAL_REPRESENTATION('',(#617),#621);
#617 = CIRCLE('',#618,9.);
#618 = AXIS2_PLACEMENT_2D('',#619,#620);
#619 = CARTESIAN_POINT('',(210.01,20.166854249492));
#620 = DIRECTION('',(-0.796197994886,0.605036158373));
#621 = ( GEOMETRIC_REPRESENTATION_CONTEXT(2) 
PARAMETRIC_REPRESENTATION_CONTEXT() REPRESENTATION_CONTEXT('2D SPACE',''
  ) );
#622 = PCURVE('',#623,#628);
#623 = CYLINDRICAL_SURFACE('',#624,9.);
#624 = AXIS2_PLACEMENT_3D('',#625,#626,#627);
#625 = CARTESIAN_POINT('',(57.,6.678685382511E-14,-6.721866085355));
#626 = DIRECTION('',(-3.927839844397E-16,1.154026775002E-15,-1.));
#627 = DIRECTION('',(0.,-1.,-1.154026775002E-15));
#628 = DEFINITIONAL_REPRESENTATION('',(#629),#632);
#629 = B_SPLINE_CURVE_WITH_KNOTS('',1,(#630,#631),.UNSPECIFIED.,.F.,.F.,
  (2,2),(0.,6.28318530718),.PIECEWISE_BEZIER_KNOTS.);
#630 = CARTESIAN_POINT('',(-2.220607607231,-12.72186608535));
#631 = CARTESIAN_POINT('',(4.062577699948,-12.72186608535));
#632 = ( GEOMETRIC_REPRESENTATION_CONTEXT(2) 
PARAMETRIC_REPRESENTATION_CONTEXT() REPRESENTATION_CONTEXT('2D SPACE',''
  ) );
#633 = ADVANCED_FACE('',(#634),#566,.T.);
#634 = FACE_BOUND('',#635,.T.);
#635 = EDGE_LOOP('',(#636,#637,#657,#682));
#636 = ORIENTED_EDGE('',*,*,#552,.T.);
#637 = ORIENTED_EDGE('',*,*,#638,.F.);
#638 = EDGE_CURVE('',#639,#533,#641,.T.);
#639 = VERTEX_POINT('',#640);
#640 = CARTESIAN_POINT('',(-43.,26.156854249492,-4.08171449299E-15));
#641 = SURFACE_CURVE('',#642,(#645,#651),.PCURVE_S1.);
#642 = B_SPLINE_CURVE_WITH_KNOTS('',1,(#643,#644),.UNSPECIFIED.,.F.,.F.,
  (2,2),(-8.485281374239,0.),.PIECEWISE_BEZIER_KNOTS.);
#643 = CARTESIAN_POINT('',(-43.,26.156854249492,-4.08171449299E-15));
#644 = CARTESIAN_POINT('',(-43.,20.156854249492,6.));
#645 = PCURVE('',#566,#646);
#646 = DEFINITIONAL_REPRESENTATION('',(#647),#650);
#647 = B_SPLINE_CURVE_WITH_KNOTS('',1,(#648,#649),.UNSPECIFIED.,.F.,.F.,
  (2,2),(-8.485281374239,0.),.PIECEWISE_BEZIER_KNOTS.);
#648 = CARTESIAN_POINT('',(1.000000000026E-02,310.01));
#649 = CARTESIAN_POINT('',(8.495281374239,310.01));
#650 = ( GEOMETRIC_REPRESENTATION_CONTEXT(2) 
PARAMETRIC_REPRESENTATION_CONTEXT() REPRESENTATION_CONTEXT('2D SPACE',''
  ) );
#651 = PCURVE('',#341,#652);
#652 = DEFINITIONAL_REPRESENTATION('',(#653),#656);
#653 = B_SPLINE_CURVE_WITH_KNOTS('',1,(#654,#655),.UNSPECIFIED.,.F.,.F.,
  (2,2),(-8.485281374239,0.),.PIECEWISE_BEZIER_KNOTS.);
#654 = CARTESIAN_POINT('',(-1.000000000016E-02,-84.16685424949));
#655 = CARTESIAN_POINT('',(-6.01,-78.16685424949));
#656 = ( GEOMETRIC_REPRESENTATION_CONTEXT(2) 
PARAMETRIC_REPRESENTATION_CONTEXT() REPRESENTATION_CONTEXT('2D SPACE',''
  ) );
#657 = ORIENTED_EDGE('',*,*,#658,.F.);
#658 = EDGE_CURVE('',#659,#639,#661,.T.);
#659 = VERTEX_POINT('',#660);
#660 = CARTESIAN_POINT('',(267.,26.156854249492,2.367386112264E-14));
#661 = SURFACE_CURVE('',#662,(#665,#671),.PCURVE_S1.);
#662 = B_SPLINE_CURVE_WITH_KNOTS('',1,(#663,#664),.UNSPECIFIED.,.F.,.F.,
  (2,2),(-310.,0.),.PIECEWISE_BEZIER_KNOTS.);
#663 = CARTESIAN_POINT('',(267.,26.156854249492,2.367386112264E-14));
#664 = CARTESIAN_POINT('',(-43.,26.156854249492,-4.08171449299E-15));
#665 = PCURVE('',#566,#666);
#666 = DEFINITIONAL_REPRESENTATION('',(#667),#670);
#667 = B_SPLINE_CURVE_WITH_KNOTS('',1,(#668,#669),.UNSPECIFIED.,.F.,.F.,
  (2,2),(-310.,0.),.PIECEWISE_BEZIER_KNOTS.);
#668 = CARTESIAN_POINT('',(1.000000000028E-02,1.000000000005E-02));
#669 = CARTESIAN_POINT('',(1.000000000026E-02,310.01));
#670 = ( GEOMETRIC_REPRESENTATION_CONTEXT(2) 
PARAMETRIC_REPRESENTATION_CONTEXT() REPRESENTATION_CONTEXT('2D SPACE',''
  ) );
#671 = PCURVE('',#672,#677);
#672 = PLANE('',#673);
#673 = AXIS2_PLACEMENT_3D('',#674,#675,#676);
#674 = CARTESIAN_POINT('',(267.01,26.146854249492,2.365860944928E-14));
#675 = DIRECTION('',(0.,0.,-1.));
#676 = DIRECTION('',(-1.,0.,0.));
#677 = DEFINITIONAL_REPRESENTATION('',(#678),#681);
#678 = B_SPLINE_CURVE_WITH_KNOTS('',1,(#679,#680),.UNSPECIFIED.,.F.,.F.,
  (2,2),(-310.,0.),.PIECEWISE_BEZIER_KNOTS.);
#679 = CARTESIAN_POINT('',(1.000000000005E-02,9.999999999998E-03));
#680 = CARTESIAN_POINT('',(310.01,9.999999999998E-03));
#681 = ( GEOMETRIC_REPRESENTATION_CONTEXT(2) 
PARAMETRIC_REPRESENTATION_CONTEXT() REPRESENTATION_CONTEXT('2D SPACE',''
  ) );
#682 = ORIENTED_EDGE('',*,*,#683,.F.);
#683 = EDGE_CURVE('',#553,#659,#684,.T.);
#684 = SURFACE_CURVE('',#685,(#688,#694),.PCURVE_S1.);
#685 = B_SPLINE_CURVE_WITH_KNOTS('',1,(#686,#687),.UNSPECIFIED.,.F.,.F.,
  (2,2),(5.312420309663E-28,8.485281374239),.PIECEWISE_BEZIER_KNOTS.);
#686 = CARTESIAN_POINT('',(267.,20.156854249492,6.));
#687 = CARTESIAN_POINT('',(267.,26.156854249492,2.367386112264E-14));
#688 = PCURVE('',#566,#689);
#689 = DEFINITIONAL_REPRESENTATION('',(#690),#693);
#690 = B_SPLINE_CURVE_WITH_KNOTS('',1,(#691,#692),.UNSPECIFIED.,.F.,.F.,
  (2,2),(5.312420309663E-28,8.485281374239),.PIECEWISE_BEZIER_KNOTS.);
#691 = CARTESIAN_POINT('',(8.495281374239,1.000000000005E-02));
#692 = CARTESIAN_POINT('',(1.000000000028E-02,1.000000000005E-02));
#693 = ( GEOMETRIC_REPRESENTATION_CONTEXT(2) 
PARAMETRIC_REPRESENTATION_CONTEXT() REPRESENTATION_CONTEXT('2D SPACE',''
  ) );
#694 = PCURVE('',#389,#695);
#695 = DEFINITIONAL_REPRESENTATION('',(#696),#699);
#696 = B_SPLINE_CURVE_WITH_KNOTS('',1,(#697,#698),.UNSPECIFIED.,.F.,.F.,
  (2,2),(5.312420309663E-28,8.485281374239),.PIECEWISE_BEZIER_KNOTS.);
#697 = CARTESIAN_POINT('',(6.01,-78.16685424949));
#698 = CARTESIAN_POINT('',(1.000000000016E-02,-84.16685424949));
#699 = ( GEOMETRIC_REPRESENTATION_CONTEXT(2) 
PARAMETRIC_REPRESENTATION_CONTEXT() REPRESENTATION_CONTEXT('2D SPACE',''
  ) );
#700 = ADVANCED_FACE('',(#701),#672,.T.);
#701 = FACE_BOUND('',#702,.T.);
#702 = EDGE_LOOP('',(#703,#704,#724,#749));
#703 = ORIENTED_EDGE('',*,*,#658,.T.);
#704 = ORIENTED_EDGE('',*,*,#705,.F.);
#705 = EDGE_CURVE('',#706,#639,#708,.T.);
#706 = VERTEX_POINT('',#707);
#707 = CARTESIAN_POINT('',(-43.,58.,-1.387778780781E-14));
#708 = SURFACE_CURVE('',#709,(#712,#718),.PCURVE_S1.);
#709 = B_SPLINE_CURVE_WITH_KNOTS('',1,(#710,#711),.UNSPECIFIED.,.F.,.F.,
  (2,2),(-31.8431457505,0.),.PIECEWISE_BEZIER_KNOTS.);
#710 = CARTESIAN_POINT('',(-43.,58.,-1.387778780781E-14));
#711 = CARTESIAN_POINT('',(-43.,26.156854249492,-4.08171449299E-15));
#712 = PCURVE('',#672,#713);
#713 = DEFINITIONAL_REPRESENTATION('',(#714),#717);
#714 = B_SPLINE_CURVE_WITH_KNOTS('',1,(#715,#716),.UNSPECIFIED.,.F.,.F.,
  (2,2),(-31.8431457505,0.),.PIECEWISE_BEZIER_KNOTS.);
#715 = CARTESIAN_POINT('',(310.01,31.853145750508));
#716 = CARTESIAN_POINT('',(310.01,9.999999999998E-03));
#717 = ( GEOMETRIC_REPRESENTATION_CONTEXT(2) 
PARAMETRIC_REPRESENTATION_CONTEXT() REPRESENTATION_CONTEXT('2D SPACE',''
  ) );
#718 = PCURVE('',#341,#719);
#719 = DEFINITIONAL_REPRESENTATION('',(#720),#723);
#720 = B_SPLINE_CURVE_WITH_KNOTS('',1,(#721,#722),.UNSPECIFIED.,.F.,.F.,
  (2,2),(-31.8431457505,0.),.PIECEWISE_BEZIER_KNOTS.);
#721 = CARTESIAN_POINT('',(-1.000000000015E-02,-116.01));
#722 = CARTESIAN_POINT('',(-1.000000000016E-02,-84.16685424949));
#723 = ( GEOMETRIC_REPRESENTATION_CONTEXT(2) 
PARAMETRIC_REPRESENTATION_CONTEXT() REPRESENTATION_CONTEXT('2D SPACE',''
  ) );
#724 = ORIENTED_EDGE('',*,*,#725,.F.);
#725 = EDGE_CURVE('',#726,#706,#728,.T.);
#726 = VERTEX_POINT('',#727);
#727 = CARTESIAN_POINT('',(267.,58.,1.387778780781E-14));
#728 = SURFACE_CURVE('',#729,(#732,#738),.PCURVE_S1.);
#729 = B_SPLINE_CURVE_WITH_KNOTS('',1,(#730,#731),.UNSPECIFIED.,.F.,.F.,
  (2,2),(-310.,0.),.PIECEWISE_BEZIER_KNOTS.);
#730 = CARTESIAN_POINT('',(267.,58.,1.387778780781E-14));
#731 = CARTESIAN_POINT('',(-43.,58.,-1.387778780781E-14));
#732 = PCURVE('',#672,#733);
#733 = DEFINITIONAL_REPRESENTATION('',(#734),#737);
#734 = B_SPLINE_CURVE_WITH_KNOTS('',1,(#735,#736),.UNSPECIFIED.,.F.,.F.,
  (2,2),(-310.,0.),.PIECEWISE_BEZIER_KNOTS.);
#735 = CARTESIAN_POINT('',(1.000000000005E-02,31.853145750508));
#736 = CARTESIAN_POINT('',(310.01,31.853145750508));
#737 = ( GEOMETRIC_REPRESENTATION_CONTEXT(2) 
PARAMETRIC_REPRESENTATION_CONTEXT() REPRESENTATION_CONTEXT('2D SPACE',''
  ) );
#738 = PCURVE('',#739,#744);
#739 = PLANE('',#740);
#740 = AXIS2_PLACEMENT_3D('',#741,#742,#743);
#741 = CARTESIAN_POINT('',(-43.01,58.,-9.999999999996E-03));
#742 = DIRECTION('',(0.,1.,0.));
#743 = DIRECTION('',(0.,0.,1.));
#744 = DEFINITIONAL_REPRESENTATION('',(#745),#748);
#745 = B_SPLINE_CURVE_WITH_KNOTS('',1,(#746,#747),.UNSPECIFIED.,.F.,.F.,
  (2,2),(-310.,0.),.PIECEWISE_BEZIER_KNOTS.);
#746 = CARTESIAN_POINT('',(1.000000000001E-02,310.01));
#747 = CARTESIAN_POINT('',(9.999999999982E-03,9.999999999593E-03));
#748 = ( GEOMETRIC_REPRESENTATION_CONTEXT(2) 
PARAMETRIC_REPRESENTATION_CONTEXT() REPRESENTATION_CONTEXT('2D SPACE',''
  ) );
#749 = ORIENTED_EDGE('',*,*,#750,.F.);
#750 = EDGE_CURVE('',#659,#726,#751,.T.);
#751 = SURFACE_CURVE('',#752,(#755,#761),.PCURVE_S1.);
#752 = B_SPLINE_CURVE_WITH_KNOTS('',1,(#753,#754),.UNSPECIFIED.,.F.,.F.,
  (2,2),(-1.466645995096E-28,31.843145750508),.PIECEWISE_BEZIER_KNOTS.);
#753 = CARTESIAN_POINT('',(267.,26.156854249492,2.367386112264E-14));
#754 = CARTESIAN_POINT('',(267.,58.,1.387778780781E-14));
#755 = PCURVE('',#672,#756);
#756 = DEFINITIONAL_REPRESENTATION('',(#757),#760);
#757 = B_SPLINE_CURVE_WITH_KNOTS('',1,(#758,#759),.UNSPECIFIED.,.F.,.F.,
  (2,2),(-1.466645995096E-28,31.843145750508),.PIECEWISE_BEZIER_KNOTS.);
#758 = CARTESIAN_POINT('',(1.000000000005E-02,9.999999999998E-03));
#759 = CARTESIAN_POINT('',(1.000000000005E-02,31.853145750508));
#760 = ( GEOMETRIC_REPRESENTATION_CONTEXT(2) 
PARAMETRIC_REPRESENTATION_CONTEXT() REPRESENTATION_CONTEXT('2D SPACE',''
  ) );
#761 = PCURVE('',#389,#762);
#762 = DEFINITIONAL_REPRESENTATION('',(#763),#766);
#763 = B_SPLINE_CURVE_WITH_KNOTS('',1,(#764,#765),.UNSPECIFIED.,.F.,.F.,
  (2,2),(-1.466645995096E-28,31.843145750508),.PIECEWISE_BEZIER_KNOTS.);
#764 = CARTESIAN_POINT('',(1.000000000016E-02,-84.16685424949));
#765 = CARTESIAN_POINT('',(1.000000000015E-02,-116.01));
#766 = ( GEOMETRIC_REPRESENTATION_CONTEXT(2) 
PARAMETRIC_REPRESENTATION_CONTEXT() REPRESENTATION_CONTEXT('2D SPACE',''
  ) );
#767 = ADVANCED_FACE('',(#768),#739,.T.);
#768 = FACE_BOUND('',#769,.T.);
#769 = EDGE_LOOP('',(#770,#771,#791,#816));
#770 = ORIENTED_EDGE('',*,*,#725,.T.);
#771 = ORIENTED_EDGE('',*,*,#772,.F.);
#772 = EDGE_CURVE('',#773,#706,#775,.T.);
#773 = VERTEX_POINT('',#774);
#774 = CARTESIAN_POINT('',(-43.,58.,8.));
#775 = SURFACE_CURVE('',#776,(#779,#785),.PCURVE_S1.);
#776 = B_SPLINE_CURVE_WITH_KNOTS('',1,(#777,#778),.UNSPECIFIED.,.F.,.F.,
  (2,2),(-8.,0.),.PIECEWISE_BEZIER_KNOTS.);
#777 = CARTESIAN_POINT('',(-43.,58.,8.));
#778 = CARTESIAN_POINT('',(-43.,58.,-1.387778780781E-14));
#779 = PCURVE('',#739,#780);
#780 = DEFINITIONAL_REPRESENTATION('',(#781),#784);
#781 = B_SPLINE_CURVE_WITH_KNOTS('',1,(#782,#783),.UNSPECIFIED.,.F.,.F.,
  (2,2),(-8.,0.),.PIECEWISE_BEZIER_KNOTS.);
#782 = CARTESIAN_POINT('',(8.01,9.999999999593E-03));
#783 = CARTESIAN_POINT('',(9.999999999982E-03,9.999999999593E-03));
#784 = ( GEOMETRIC_REPRESENTATION_CONTEXT(2) 
PARAMETRIC_REPRESENTATION_CONTEXT() REPRESENTATION_CONTEXT('2D SPACE',''
  ) );
#785 = PCURVE('',#341,#786);
#786 = DEFINITIONAL_REPRESENTATION('',(#787),#790);
#787 = B_SPLINE_CURVE_WITH_KNOTS('',1,(#788,#789),.UNSPECIFIED.,.F.,.F.,
  (2,2),(-8.,0.),.PIECEWISE_BEZIER_KNOTS.);
#788 = CARTESIAN_POINT('',(-8.01,-116.01));
#789 = CARTESIAN_POINT('',(-1.000000000015E-02,-116.01));
#790 = ( GEOMETRIC_REPRESENTATION_CONTEXT(2) 
PARAMETRIC_REPRESENTATION_CONTEXT() REPRESENTATION_CONTEXT('2D SPACE',''
  ) );
#791 = ORIENTED_EDGE('',*,*,#792,.F.);
#792 = EDGE_CURVE('',#793,#773,#795,.T.);
#793 = VERTEX_POINT('',#794);
#794 = CARTESIAN_POINT('',(267.,58.,8.));
#795 = SURFACE_CURVE('',#796,(#799,#805),.PCURVE_S1.);
#796 = B_SPLINE_CURVE_WITH_KNOTS('',1,(#797,#798),.UNSPECIFIED.,.F.,.F.,
  (2,2),(-310.,0.),.PIECEWISE_BEZIER_KNOTS.);
#797 = CARTESIAN_POINT('',(267.,58.,8.));
#798 = CARTESIAN_POINT('',(-43.,58.,8.));
#799 = PCURVE('',#739,#800);
#800 = DEFINITIONAL_REPRESENTATION('',(#801),#804);
#801 = B_SPLINE_CURVE_WITH_KNOTS('',1,(#802,#803),.UNSPECIFIED.,.F.,.F.,
  (2,2),(-310.,0.),.PIECEWISE_BEZIER_KNOTS.);
#802 = CARTESIAN_POINT('',(8.01,310.01));
#803 = CARTESIAN_POINT('',(8.01,9.999999999593E-03));
#804 = ( GEOMETRIC_REPRESENTATION_CONTEXT(2) 
PARAMETRIC_REPRESENTATION_CONTEXT() REPRESENTATION_CONTEXT('2D SPACE',''
  ) );
#805 = PCURVE('',#806,#811);
#806 = PLANE('',#807);
#807 = AXIS2_PLACEMENT_3D('',#808,#809,#810);
#808 = CARTESIAN_POINT('',(267.01,58.01,8.));
#809 = DIRECTION('',(0.,0.,1.));
#810 = DIRECTION('',(1.,0.,0.));
#811 = DEFINITIONAL_REPRESENTATION('',(#812),#815);
#812 = B_SPLINE_CURVE_WITH_KNOTS('',1,(#813,#814),.UNSPECIFIED.,.F.,.F.,
  (2,2),(-310.,0.),.PIECEWISE_BEZIER_KNOTS.);
#813 = CARTESIAN_POINT('',(-1.000000000005E-02,-1.000000000029E-02));
#814 = CARTESIAN_POINT('',(-310.01,-1.000000000029E-02));
#815 = ( GEOMETRIC_REPRESENTATION_CONTEXT(2) 
PARAMETRIC_REPRESENTATION_CONTEXT() REPRESENTATION_CONTEXT('2D SPACE',''
  ) );
#816 = ORIENTED_EDGE('',*,*,#817,.F.);
#817 = EDGE_CURVE('',#726,#793,#818,.T.);
#818 = SURFACE_CURVE('',#819,(#822,#828),.PCURVE_S1.);
#819 = B_SPLINE_CURVE_WITH_KNOTS('',1,(#820,#821),.UNSPECIFIED.,.F.,.F.,
  (2,2),(-9.042651718465E-28,8.),.PIECEWISE_BEZIER_KNOTS.);
#820 = CARTESIAN_POINT('',(267.,58.,1.387778780781E-14));
#821 = CARTESIAN_POINT('',(267.,58.,8.));
#822 = PCURVE('',#739,#823);
#823 = DEFINITIONAL_REPRESENTATION('',(#824),#827);
#824 = B_SPLINE_CURVE_WITH_KNOTS('',1,(#825,#826),.UNSPECIFIED.,.F.,.F.,
  (2,2),(-9.042651718465E-28,8.),.PIECEWISE_BEZIER_KNOTS.);
#825 = CARTESIAN_POINT('',(1.000000000001E-02,310.01));
#826 = CARTESIAN_POINT('',(8.01,310.01));
#827 = ( GEOMETRIC_REPRESENTATION_CONTEXT(2) 
PARAMETRIC_REPRESENTATION_CONTEXT() REPRESENTATION_CONTEXT('2D SPACE',''
  ) );
#828 = PCURVE('',#389,#829);
#829 = DEFINITIONAL_REPRESENTATION('',(#830),#833);
#830 = B_SPLINE_CURVE_WITH_KNOTS('',1,(#831,#832),.UNSPECIFIED.,.F.,.F.,
  (2,2),(-9.042651718465E-28,8.),.PIECEWISE_BEZIER_KNOTS.);
#831 = CARTESIAN_POINT('',(1.000000000015E-02,-116.01));
#832 = CARTESIAN_POINT('',(8.01,-116.01));
#833 = ( GEOMETRIC_REPRESENTATION_CONTEXT(2) 
PARAMETRIC_REPRESENTATION_CONTEXT() REPRESENTATION_CONTEXT('2D SPACE',''
  ) );
#834 = ADVANCED_FACE('',(#835),#806,.T.);
#835 = FACE_BOUND('',#836,.T.);
#836 = EDGE_LOOP('',(#837,#838,#858,#883));
#837 = ORIENTED_EDGE('',*,*,#792,.T.);
#838 = ORIENTED_EDGE('',*,*,#839,.F.);
#839 = EDGE_CURVE('',#840,#773,#842,.T.);
#840 = VERTEX_POINT('',#841);
#841 = CARTESIAN_POINT('',(-43.,29.470562748477,8.));
#842 = SURFACE_CURVE('',#843,(#846,#852),.PCURVE_S1.);
#843 = B_SPLINE_CURVE_WITH_KNOTS('',1,(#844,#845),.UNSPECIFIED.,.F.,.F.,
  (2,2),(-28.52943725152,0.),.PIECEWISE_BEZIER_KNOTS.);
#844 = CARTESIAN_POINT('',(-43.,29.470562748477,8.));
#845 = CARTESIAN_POINT('',(-43.,58.,8.));
#846 = PCURVE('',#806,#847);
#847 = DEFINITIONAL_REPRESENTATION('',(#848),#851);
#848 = B_SPLINE_CURVE_WITH_KNOTS('',1,(#849,#850),.UNSPECIFIED.,.F.,.F.,
  (2,2),(-28.52943725152,0.),.PIECEWISE_BEZIER_KNOTS.);
#849 = CARTESIAN_POINT('',(-310.01,-28.53943725152));
#850 = CARTESIAN_POINT('',(-310.01,-1.000000000029E-02));
#851 = ( GEOMETRIC_REPRESENTATION_CONTEXT(2) 
PARAMETRIC_REPRESENTATION_CONTEXT() REPRESENTATION_CONTEXT('2D SPACE',''
  ) );
#852 = PCURVE('',#341,#853);
#853 = DEFINITIONAL_REPRESENTATION('',(#854),#857);
#854 = B_SPLINE_CURVE_WITH_KNOTS('',1,(#855,#856),.UNSPECIFIED.,.F.,.F.,
  (2,2),(-28.52943725152,0.),.PIECEWISE_BEZIER_KNOTS.);
#855 = CARTESIAN_POINT('',(-8.01,-87.48056274847));
#856 = CARTESIAN_POINT('',(-8.01,-116.01));
#857 = ( GEOMETRIC_REPRESENTATION_CONTEXT(2) 
PARAMETRIC_REPRESENTATION_CONTEXT() REPRESENTATION_CONTEXT('2D SPACE',''
  ) );
#858 = ORIENTED_EDGE('',*,*,#859,.F.);
#859 = EDGE_CURVE('',#860,#840,#862,.T.);
#860 = VERTEX_POINT('',#861);
#861 = CARTESIAN_POINT('',(267.,29.470562748477,8.));
#862 = SURFACE_CURVE('',#863,(#866,#872),.PCURVE_S1.);
#863 = B_SPLINE_CURVE_WITH_KNOTS('',1,(#864,#865),.UNSPECIFIED.,.F.,.F.,
  (2,2),(-310.,0.),.PIECEWISE_BEZIER_KNOTS.);
#864 = CARTESIAN_POINT('',(267.,29.470562748477,8.));
#865 = CARTESIAN_POINT('',(-43.,29.470562748477,8.));
#866 = PCURVE('',#806,#867);
#867 = DEFINITIONAL_REPRESENTATION('',(#868),#871);
#868 = B_SPLINE_CURVE_WITH_KNOTS('',1,(#869,#870),.UNSPECIFIED.,.F.,.F.,
  (2,2),(-310.,0.),.PIECEWISE_BEZIER_KNOTS.);
#869 = CARTESIAN_POINT('',(-1.000000000005E-02,-28.53943725152));
#870 = CARTESIAN_POINT('',(-310.01,-28.53943725152));
#871 = ( GEOMETRIC_REPRESENTATION_CONTEXT(2) 
PARAMETRIC_REPRESENTATION_CONTEXT() REPRESENTATION_CONTEXT('2D SPACE',''
  ) );
#872 = PCURVE('',#873,#878);
#873 = PLANE('',#874);
#874 = AXIS2_PLACEMENT_3D('',#875,#876,#877);
#875 = CARTESIAN_POINT('',(-43.01,29.477633816289,7.992928932188));
#876 = DIRECTION('',(-6.468581601633E-17,0.707106781187,0.707106781187)
  );
#877 = DIRECTION('',(0.,0.707106781187,-0.707106781187));
#878 = DEFINITIONAL_REPRESENTATION('',(#879),#882);
#879 = B_SPLINE_CURVE_WITH_KNOTS('',1,(#880,#881),.UNSPECIFIED.,.F.,.F.,
  (2,2),(-310.,0.),.PIECEWISE_BEZIER_KNOTS.);
#880 = CARTESIAN_POINT('',(-1.000000000011E-02,-310.01));
#881 = CARTESIAN_POINT('',(-1.00000000001E-02,-9.999999999593E-03));
#882 = ( GEOMETRIC_REPRESENTATION_CONTEXT(2) 
PARAMETRIC_REPRESENTATION_CONTEXT() REPRESENTATION_CONTEXT('2D SPACE',''
  ) );
#883 = ORIENTED_EDGE('',*,*,#884,.F.);
#884 = EDGE_CURVE('',#793,#860,#885,.T.);
#885 = SURFACE_CURVE('',#886,(#889,#895),.PCURVE_S1.);
#886 = B_SPLINE_CURVE_WITH_KNOTS('',1,(#887,#888),.UNSPECIFIED.,.F.,.F.,
  (2,2),(1.466645995096E-28,28.529437251523),.PIECEWISE_BEZIER_KNOTS.);
#887 = CARTESIAN_POINT('',(267.,58.,8.));
#888 = CARTESIAN_POINT('',(267.,29.470562748477,8.));
#889 = PCURVE('',#806,#890);
#890 = DEFINITIONAL_REPRESENTATION('',(#891),#894);
#891 = B_SPLINE_CURVE_WITH_KNOTS('',1,(#892,#893),.UNSPECIFIED.,.F.,.F.,
  (2,2),(1.466645995096E-28,28.529437251523),.PIECEWISE_BEZIER_KNOTS.);
#892 = CARTESIAN_POINT('',(-1.000000000005E-02,-1.000000000029E-02));
#893 = CARTESIAN_POINT('',(-1.000000000005E-02,-28.53943725152));
#894 = ( GEOMETRIC_REPRESENTATION_CONTEXT(2) 
PARAMETRIC_REPRESENTATION_CONTEXT() REPRESENTATION_CONTEXT('2D SPACE',''
  ) );
#895 = PCURVE('',#389,#896);
#896 = DEFINITIONAL_REPRESENTATION('',(#897),#900);
#897 = B_SPLINE_CURVE_WITH_KNOTS('',1,(#898,#899),.UNSPECIFIED.,.F.,.F.,
  (2,2),(1.466645995096E-28,28.529437251523),.PIECEWISE_BEZIER_KNOTS.);
#898 = CARTESIAN_POINT('',(8.01,-116.01));
#899 = CARTESIAN_POINT('',(8.01,-87.48056274847));
#900 = ( GEOMETRIC_REPRESENTATION_CONTEXT(2) 
PARAMETRIC_REPRESENTATION_CONTEXT() REPRESENTATION_CONTEXT('2D SPACE',''
  ) );
#901 = ADVANCED_FACE('',(#902),#873,.T.);
#902 = FACE_BOUND('',#903,.T.);
#903 = EDGE_LOOP('',(#904,#905,#925,#945));
#904 = ORIENTED_EDGE('',*,*,#859,.T.);
#905 = ORIENTED_EDGE('',*,*,#906,.F.);
#906 = EDGE_CURVE('',#907,#840,#909,.T.);
#907 = VERTEX_POINT('',#908);
#908 = CARTESIAN_POINT('',(-43.,23.490512599312,13.980050149165));
#909 = SURFACE_CURVE('',#910,(#913,#919),.PCURVE_S1.);
#910 = B_SPLINE_CURVE_WITH_KNOTS('',1,(#911,#912),.UNSPECIFIED.,.F.,.F.,
  (2,2),(-8.457068024621,0.),.PIECEWISE_BEZIER_KNOTS.);
#911 = CARTESIAN_POINT('',(-43.,23.490512599312,13.980050149165));
#912 = CARTESIAN_POINT('',(-43.,29.470562748477,8.));
#913 = PCURVE('',#873,#914);
#914 = DEFINITIONAL_REPRESENTATION('',(#915),#918);
#915 = B_SPLINE_CURVE_WITH_KNOTS('',1,(#916,#917),.UNSPECIFIED.,.F.,.F.,
  (2,2),(-8.457068024621,0.),.PIECEWISE_BEZIER_KNOTS.);
#916 = CARTESIAN_POINT('',(-8.467068024621,-9.999999999593E-03));
#917 = CARTESIAN_POINT('',(-1.00000000001E-02,-9.999999999593E-03));
#918 = ( GEOMETRIC_REPRESENTATION_CONTEXT(2) 
PARAMETRIC_REPRESENTATION_CONTEXT() REPRESENTATION_CONTEXT('2D SPACE',''
  ) );
#919 = PCURVE('',#341,#920);
#920 = DEFINITIONAL_REPRESENTATION('',(#921),#924);
#921 = B_SPLINE_CURVE_WITH_KNOTS('',1,(#922,#923),.UNSPECIFIED.,.F.,.F.,
  (2,2),(-8.457068024621,0.),.PIECEWISE_BEZIER_KNOTS.);
#922 = CARTESIAN_POINT('',(-13.99005014916,-81.50051259931));
#923 = CARTESIAN_POINT('',(-8.01,-87.48056274847));
#924 = ( GEOMETRIC_REPRESENTATION_CONTEXT(2) 
PARAMETRIC_REPRESENTATION_CONTEXT() REPRESENTATION_CONTEXT('2D SPACE',''
  ) );
#925 = ORIENTED_EDGE('',*,*,#926,.F.);
#926 = EDGE_CURVE('',#927,#907,#929,.T.);
#927 = VERTEX_POINT('',#928);
#928 = CARTESIAN_POINT('',(267.,23.490512599312,13.980050149165));
#929 = SURFACE_CURVE('',#930,(#933,#939),.PCURVE_S1.);
#930 = B_SPLINE_CURVE_WITH_KNOTS('',1,(#931,#932),.UNSPECIFIED.,.F.,.F.,
  (2,2),(-310.,0.),.PIECEWISE_BEZIER_KNOTS.);
#931 = CARTESIAN_POINT('',(267.,23.490512599312,13.980050149165));
#932 = CARTESIAN_POINT('',(-43.,23.490512599312,13.980050149165));
#933 = PCURVE('',#873,#934);
#934 = DEFINITIONAL_REPRESENTATION('',(#935),#938);
#935 = B_SPLINE_CURVE_WITH_KNOTS('',1,(#936,#937),.UNSPECIFIED.,.F.,.F.,
  (2,2),(-310.,0.),.PIECEWISE_BEZIER_KNOTS.);
#936 = CARTESIAN_POINT('',(-8.467068024621,-310.01));
#937 = CARTESIAN_POINT('',(-8.467068024621,-9.999999999593E-03));
#938 = ( GEOMETRIC_REPRESENTATION_CONTEXT(2) 
PARAMETRIC_REPRESENTATION_CONTEXT() REPRESENTATION_CONTEXT('2D SPACE',''
  ) );
#939 = PCURVE('',#90,#940);
#940 = DEFINITIONAL_REPRESENTATION('',(#941),#944);
#941 = B_SPLINE_CURVE_WITH_KNOTS('',1,(#942,#943),.UNSPECIFIED.,.F.,.F.,
  (2,2),(-310.,0.),.PIECEWISE_BEZIER_KNOTS.);
#942 = CARTESIAN_POINT('',(-1.000000000005E-02,-1.00000000002E-02));
#943 = CARTESIAN_POINT('',(-310.01,-1.00000000002E-02));
#944 = ( GEOMETRIC_REPRESENTATION_CONTEXT(2) 
PARAMETRIC_REPRESENTATION_CONTEXT() REPRESENTATION_CONTEXT('2D SPACE',''
  ) );
#945 = ORIENTED_EDGE('',*,*,#946,.F.);
#946 = EDGE_CURVE('',#860,#927,#947,.T.);
#947 = SURFACE_CURVE('',#948,(#951,#957),.PCURVE_S1.);
#948 = B_SPLINE_CURVE_WITH_KNOTS('',1,(#949,#950),.UNSPECIFIED.,.F.,.F.,
  (2,2),(-5.312420309662E-28,8.457068024621),.PIECEWISE_BEZIER_KNOTS.);
#949 = CARTESIAN_POINT('',(267.,29.470562748477,8.));
#950 = CARTESIAN_POINT('',(267.,23.490512599312,13.980050149165));
#951 = PCURVE('',#873,#952);
#952 = DEFINITIONAL_REPRESENTATION('',(#953),#956);
#953 = B_SPLINE_CURVE_WITH_KNOTS('',1,(#954,#955),.UNSPECIFIED.,.F.,.F.,
  (2,2),(-5.312420309662E-28,8.457068024621),.PIECEWISE_BEZIER_KNOTS.);
#954 = CARTESIAN_POINT('',(-1.000000000011E-02,-310.01));
#955 = CARTESIAN_POINT('',(-8.467068024621,-310.01));
#956 = ( GEOMETRIC_REPRESENTATION_CONTEXT(2) 
PARAMETRIC_REPRESENTATION_CONTEXT() REPRESENTATION_CONTEXT('2D SPACE',''
  ) );
#957 = PCURVE('',#389,#958);
#958 = DEFINITIONAL_REPRESENTATION('',(#959),#962);
#959 = B_SPLINE_CURVE_WITH_KNOTS('',1,(#960,#961),.UNSPECIFIED.,.F.,.F.,
  (2,2),(-5.312420309662E-28,8.457068024621),.PIECEWISE_BEZIER_KNOTS.);
#960 = CARTESIAN_POINT('',(8.01,-87.48056274847));
#961 = CARTESIAN_POINT('',(13.990050149165,-81.50051259931));
#962 = ( GEOMETRIC_REPRESENTATION_CONTEXT(2) 
PARAMETRIC_REPRESENTATION_CONTEXT() REPRESENTATION_CONTEXT('2D SPACE',''
  ) );
#963 = ADVANCED_FACE('',(#964,#1030,#1034,#1038),#90,.T.);
#964 = FACE_BOUND('',#965,.T.);
#965 = EDGE_LOOP('',(#966,#986,#1011,#1029));
#966 = ORIENTED_EDGE('',*,*,#967,.F.);
#967 = EDGE_CURVE('',#968,#907,#970,.T.);
#968 = VERTEX_POINT('',#969);
#969 = CARTESIAN_POINT('',(-43.,-23.49051259931,13.980050149165));
#970 = SURFACE_CURVE('',#971,(#974,#980),.PCURVE_S1.);
#971 = B_SPLINE_CURVE_WITH_KNOTS('',1,(#972,#973),.UNSPECIFIED.,.F.,.F.,
  (2,2),(-46.98102519862,0.),.PIECEWISE_BEZIER_KNOTS.);
#972 = CARTESIAN_POINT('',(-43.,-23.49051259931,13.980050149165));
#973 = CARTESIAN_POINT('',(-43.,23.490512599312,13.980050149165));
#974 = PCURVE('',#90,#975);
#975 = DEFINITIONAL_REPRESENTATION('',(#976),#979);
#976 = B_SPLINE_CURVE_WITH_KNOTS('',1,(#977,#978),.UNSPECIFIED.,.F.,.F.,
  (2,2),(-46.98102519862,0.),.PIECEWISE_BEZIER_KNOTS.);
#977 = CARTESIAN_POINT('',(-310.01,-46.99102519862));
#978 = CARTESIAN_POINT('',(-310.01,-1.00000000002E-02));
#979 = ( GEOMETRIC_REPRESENTATION_CONTEXT(2) 
PARAMETRIC_REPRESENTATION_CONTEXT() REPRESENTATION_CONTEXT('2D SPACE',''
  ) );
#980 = PCURVE('',#341,#981);
#981 = DEFINITIONAL_REPRESENTATION('',(#982),#985);
#982 = B_SPLINE_CURVE_WITH_KNOTS('',1,(#983,#984),.UNSPECIFIED.,.F.,.F.,
  (2,2),(-46.98102519862,0.),.PIECEWISE_BEZIER_KNOTS.);
#983 = CARTESIAN_POINT('',(-13.99005014916,-34.51948740068));
#984 = CARTESIAN_POINT('',(-13.99005014916,-81.50051259931));
#985 = ( GEOMETRIC_REPRESENTATION_CONTEXT(2) 
PARAMETRIC_REPRESENTATION_CONTEXT() REPRESENTATION_CONTEXT('2D SPACE',''
  ) );
#986 = ORIENTED_EDGE('',*,*,#987,.F.);
#987 = EDGE_CURVE('',#988,#968,#990,.T.);
#988 = VERTEX_POINT('',#989);
#989 = CARTESIAN_POINT('',(267.,-23.49051259931,13.980050149165));
#990 = SURFACE_CURVE('',#991,(#994,#1000),.PCURVE_S1.);
#991 = B_SPLINE_CURVE_WITH_KNOTS('',1,(#992,#993),.UNSPECIFIED.,.F.,.F.,
  (2,2),(-310.,0.),.PIECEWISE_BEZIER_KNOTS.);
#992 = CARTESIAN_POINT('',(267.,-23.49051259931,13.980050149165));
#993 = CARTESIAN_POINT('',(-43.,-23.49051259931,13.980050149165));
#994 = PCURVE('',#90,#995);
#995 = DEFINITIONAL_REPRESENTATION('',(#996),#999);
#996 = B_SPLINE_CURVE_WITH_KNOTS('',1,(#997,#998),.UNSPECIFIED.,.F.,.F.,
  (2,2),(-310.,0.),.PIECEWISE_BEZIER_KNOTS.);
#997 = CARTESIAN_POINT('',(-1.000000000005E-02,-46.99102519862));
#998 = CARTESIAN_POINT('',(-310.01,-46.99102519862));
#999 = ( GEOMETRIC_REPRESENTATION_CONTEXT(2) 
PARAMETRIC_REPRESENTATION_CONTEXT() REPRESENTATION_CONTEXT('2D SPACE',''
  ) );
#1000 = PCURVE('',#1001,#1006);
#1001 = PLANE('',#1002);
#1002 = AXIS2_PLACEMENT_3D('',#1003,#1004,#1005);
#1003 = CARTESIAN_POINT('',(267.01,-29.47763381628,7.992928932188));
#1004 = DIRECTION('',(-5.510273216206E-17,-0.707106781187,0.707106781187
    ));
#1005 = DIRECTION('',(3.08148791102E-33,0.707106781187,0.707106781187));
#1006 = DEFINITIONAL_REPRESENTATION('',(#1007),#1010);
#1007 = B_SPLINE_CURVE_WITH_KNOTS('',1,(#1008,#1009),.UNSPECIFIED.,.F.,
  .F.,(2,2),(-310.,0.),.PIECEWISE_BEZIER_KNOTS.);
#1008 = CARTESIAN_POINT('',(8.467068024621,1.000000000005E-02));
#1009 = CARTESIAN_POINT('',(8.467068024621,310.01));
#1010 = ( GEOMETRIC_REPRESENTATION_CONTEXT(2) 
PARAMETRIC_REPRESENTATION_CONTEXT() REPRESENTATION_CONTEXT('2D SPACE',''
  ) );
#1011 = ORIENTED_EDGE('',*,*,#1012,.F.);
#1012 = EDGE_CURVE('',#927,#988,#1013,.T.);
#1013 = SURFACE_CURVE('',#1014,(#1017,#1023),.PCURVE_S1.);
#1014 = B_SPLINE_CURVE_WITH_KNOTS('',1,(#1015,#1016),.UNSPECIFIED.,.F.,
  .F.,(2,2),(1.466645995096E-28,46.981025198624),
  .PIECEWISE_BEZIER_KNOTS.);
#1015 = CARTESIAN_POINT('',(267.,23.490512599312,13.980050149165));
#1016 = CARTESIAN_POINT('',(267.,-23.49051259931,13.980050149165));
#1017 = PCURVE('',#90,#1018);
#1018 = DEFINITIONAL_REPRESENTATION('',(#1019),#1022);
#1019 = B_SPLINE_CURVE_WITH_KNOTS('',1,(#1020,#1021),.UNSPECIFIED.,.F.,
  .F.,(2,2),(1.466645995096E-28,46.981025198624),
  .PIECEWISE_BEZIER_KNOTS.);
#1020 = CARTESIAN_POINT('',(-1.000000000005E-02,-1.00000000002E-02));
#1021 = CARTESIAN_POINT('',(-1.000000000005E-02,-46.99102519862));
#1022 = ( GEOMETRIC_REPRESENTATION_CONTEXT(2) 
PARAMETRIC_REPRESENTATION_CONTEXT() REPRESENTATION_CONTEXT('2D SPACE',''
  ) );
#1023 = PCURVE('',#389,#1024);
#1024 = DEFINITIONAL_REPRESENTATION('',(#1025),#1028);
#1025 = B_SPLINE_CURVE_WITH_KNOTS('',1,(#1026,#1027),.UNSPECIFIED.,.F.,
  .F.,(2,2),(1.466645995096E-28,46.981025198624),
  .PIECEWISE_BEZIER_KNOTS.);
#1026 = CARTESIAN_POINT('',(13.990050149165,-81.50051259931));
#1027 = CARTESIAN_POINT('',(13.990050149165,-34.51948740068));
#1028 = ( GEOMETRIC_REPRESENTATION_CONTEXT(2) 
PARAMETRIC_REPRESENTATION_CONTEXT() REPRESENTATION_CONTEXT('2D SPACE',''
  ) );
#1029 = ORIENTED_EDGE('',*,*,#926,.T.);
#1030 = FACE_BOUND('',#1031,.T.);
#1031 = EDGE_LOOP('',(#1032,#1033));
#1032 = ORIENTED_EDGE('',*,*,#102,.F.);
#1033 = ORIENTED_EDGE('',*,*,#74,.F.);
#1034 = FACE_BOUND('',#1035,.T.);
#1035 = EDGE_LOOP('',(#1036,#1037));
#1036 = ORIENTED_EDGE('',*,*,#203,.F.);
#1037 = ORIENTED_EDGE('',*,*,#226,.F.);
#1038 = FACE_BOUND('',#1039,.T.);
#1039 = EDGE_LOOP('',(#1040));
#1040 = ORIENTED_EDGE('',*,*,#1041,.F.);
#1041 = EDGE_CURVE('',#1042,#1042,#1044,.T.);
#1042 = VERTEX_POINT('',#1043);
#1043 = CARTESIAN_POINT('',(64.165781953978,5.445325425358,
    13.980050149165));
#1044 = SURFACE_CURVE('',#1045,(#1050,#1057),.PCURVE_S1.);
#1045 = CIRCLE('',#1046,9.);
#1046 = AXIS2_PLACEMENT_3D('',#1047,#1048,#1049);
#1047 = CARTESIAN_POINT('',(57.,5.070467321722E-14,13.980050149165));
#1048 = DIRECTION('',(2.450423488534E-17,-8.286742006394E-16,1.));
#1049 = DIRECTION('',(0.796197994886,0.605036158373,4.818676322158E-16)
  );
#1050 = PCURVE('',#90,#1051);
#1051 = DEFINITIONAL_REPRESENTATION('',(#1052),#1056);
#1052 = CIRCLE('',#1053,9.);
#1053 = AXIS2_PLACEMENT_2D('',#1054,#1055);
#1054 = CARTESIAN_POINT('',(-210.01,-23.50051259931));
#1055 = DIRECTION('',(0.796197994886,0.605036158373));
#1056 = ( GEOMETRIC_REPRESENTATION_CONTEXT(2) 
PARAMETRIC_REPRESENTATION_CONTEXT() REPRESENTATION_CONTEXT('2D SPACE',''
  ) );
#1057 = PCURVE('',#623,#1058);
#1058 = DEFINITIONAL_REPRESENTATION('',(#1059),#1062);
#1059 = B_SPLINE_CURVE_WITH_KNOTS('',1,(#1060,#1061),.UNSPECIFIED.,.F.,
  .F.,(2,2),(0.,6.28318530718),.PIECEWISE_BEZIER_KNOTS.);
#1060 = CARTESIAN_POINT('',(4.062577699948,-20.70191623452));
#1061 = CARTESIAN_POINT('',(-2.220607607231,-20.70191623452));
#1062 = ( GEOMETRIC_REPRESENTATION_CONTEXT(2) 
PARAMETRIC_REPRESENTATION_CONTEXT() REPRESENTATION_CONTEXT('2D SPACE',''
  ) );
#1063 = ADVANCED_FACE('',(#1064),#1001,.T.);
#1064 = FACE_BOUND('',#1065,.T.);
#1065 = EDGE_LOOP('',(#1066,#1067,#1087,#1107));
#1066 = ORIENTED_EDGE('',*,*,#987,.T.);
#1067 = ORIENTED_EDGE('',*,*,#1068,.F.);
#1068 = EDGE_CURVE('',#1069,#968,#1071,.T.);
#1069 = VERTEX_POINT('',#1070);
#1070 = CARTESIAN_POINT('',(-43.,-29.47056274847,8.));
#1071 = SURFACE_CURVE('',#1072,(#1075,#1081),.PCURVE_S1.);
#1072 = B_SPLINE_CURVE_WITH_KNOTS('',1,(#1073,#1074),.UNSPECIFIED.,.F.,
  .F.,(2,2),(-8.45706802462,0.),.PIECEWISE_BEZIER_KNOTS.);
#1073 = CARTESIAN_POINT('',(-43.,-29.47056274847,8.));
#1074 = CARTESIAN_POINT('',(-43.,-23.49051259931,13.980050149165));
#1075 = PCURVE('',#1001,#1076);
#1076 = DEFINITIONAL_REPRESENTATION('',(#1077),#1080);
#1077 = B_SPLINE_CURVE_WITH_KNOTS('',1,(#1078,#1079),.UNSPECIFIED.,.F.,
  .F.,(2,2),(-8.45706802462,0.),.PIECEWISE_BEZIER_KNOTS.);
#1078 = CARTESIAN_POINT('',(1.000000000029E-02,310.01));
#1079 = CARTESIAN_POINT('',(8.467068024621,310.01));
#1080 = ( GEOMETRIC_REPRESENTATION_CONTEXT(2) 
PARAMETRIC_REPRESENTATION_CONTEXT() REPRESENTATION_CONTEXT('2D SPACE',''
  ) );
#1081 = PCURVE('',#341,#1082);
#1082 = DEFINITIONAL_REPRESENTATION('',(#1083),#1086);
#1083 = B_SPLINE_CURVE_WITH_KNOTS('',1,(#1084,#1085),.UNSPECIFIED.,.F.,
  .F.,(2,2),(-8.45706802462,0.),.PIECEWISE_BEZIER_KNOTS.);
#1084 = CARTESIAN_POINT('',(-8.01,-28.53943725152));
#1085 = CARTESIAN_POINT('',(-13.99005014916,-34.51948740068));
#1086 = ( GEOMETRIC_REPRESENTATION_CONTEXT(2) 
PARAMETRIC_REPRESENTATION_CONTEXT() REPRESENTATION_CONTEXT('2D SPACE',''
  ) );
#1087 = ORIENTED_EDGE('',*,*,#1088,.F.);
#1088 = EDGE_CURVE('',#1089,#1069,#1091,.T.);
#1089 = VERTEX_POINT('',#1090);
#1090 = CARTESIAN_POINT('',(267.,-29.47056274847,8.));
#1091 = SURFACE_CURVE('',#1092,(#1095,#1101),.PCURVE_S1.);
#1092 = B_SPLINE_CURVE_WITH_KNOTS('',1,(#1093,#1094),.UNSPECIFIED.,.F.,
  .F.,(2,2),(-310.,0.),.PIECEWISE_BEZIER_KNOTS.);
#1093 = CARTESIAN_POINT('',(267.,-29.47056274847,8.));
#1094 = CARTESIAN_POINT('',(-43.,-29.47056274847,8.));
#1095 = PCURVE('',#1001,#1096);
#1096 = DEFINITIONAL_REPRESENTATION('',(#1097),#1100);
#1097 = B_SPLINE_CURVE_WITH_KNOTS('',1,(#1098,#1099),.UNSPECIFIED.,.F.,
  .F.,(2,2),(-310.,0.),.PIECEWISE_BEZIER_KNOTS.);
#1098 = CARTESIAN_POINT('',(1.000000000031E-02,1.000000000005E-02));
#1099 = CARTESIAN_POINT('',(1.000000000029E-02,310.01));
#1100 = ( GEOMETRIC_REPRESENTATION_CONTEXT(2) 
PARAMETRIC_REPRESENTATION_CONTEXT() REPRESENTATION_CONTEXT('2D SPACE',''
  ) );
#1101 = PCURVE('',#316,#1102);
#1102 = DEFINITIONAL_REPRESENTATION('',(#1103),#1106);
#1103 = B_SPLINE_CURVE_WITH_KNOTS('',1,(#1104,#1105),.UNSPECIFIED.,.F.,
  .F.,(2,2),(-310.,0.),.PIECEWISE_BEZIER_KNOTS.);
#1104 = CARTESIAN_POINT('',(-1.000000000005E-02,-1.00000000003E-02));
#1105 = CARTESIAN_POINT('',(-310.01,-1.00000000003E-02));
#1106 = ( GEOMETRIC_REPRESENTATION_CONTEXT(2) 
PARAMETRIC_REPRESENTATION_CONTEXT() REPRESENTATION_CONTEXT('2D SPACE',''
  ) );
#1107 = ORIENTED_EDGE('',*,*,#1108,.F.);
#1108 = EDGE_CURVE('',#988,#1089,#1109,.T.);
#1109 = SURFACE_CURVE('',#1110,(#1113,#1119),.PCURVE_S1.);
#1110 = B_SPLINE_CURVE_WITH_KNOTS('',1,(#1111,#1112),.UNSPECIFIED.,.F.,
  .F.,(2,2),(7.386570967128E-28,8.45706802462),
  .PIECEWISE_BEZIER_KNOTS.);
#1111 = CARTESIAN_POINT('',(267.,-23.49051259931,13.980050149165));
#1112 = CARTESIAN_POINT('',(267.,-29.47056274847,8.));
#1113 = PCURVE('',#1001,#1114);
#1114 = DEFINITIONAL_REPRESENTATION('',(#1115),#1118);
#1115 = B_SPLINE_CURVE_WITH_KNOTS('',1,(#1116,#1117),.UNSPECIFIED.,.F.,
  .F.,(2,2),(7.386570967128E-28,8.45706802462),
  .PIECEWISE_BEZIER_KNOTS.);
#1116 = CARTESIAN_POINT('',(8.467068024621,1.000000000005E-02));
#1117 = CARTESIAN_POINT('',(1.000000000031E-02,1.000000000005E-02));
#1118 = ( GEOMETRIC_REPRESENTATION_CONTEXT(2) 
PARAMETRIC_REPRESENTATION_CONTEXT() REPRESENTATION_CONTEXT('2D SPACE',''
  ) );
#1119 = PCURVE('',#389,#1120);
#1120 = DEFINITIONAL_REPRESENTATION('',(#1121),#1124);
#1121 = B_SPLINE_CURVE_WITH_KNOTS('',1,(#1122,#1123),.UNSPECIFIED.,.F.,
  .F.,(2,2),(7.386570967128E-28,8.45706802462),
  .PIECEWISE_BEZIER_KNOTS.);
#1122 = CARTESIAN_POINT('',(13.990050149165,-34.51948740068));
#1123 = CARTESIAN_POINT('',(8.01,-28.53943725152));
#1124 = ( GEOMETRIC_REPRESENTATION_CONTEXT(2) 
PARAMETRIC_REPRESENTATION_CONTEXT() REPRESENTATION_CONTEXT('2D SPACE',''
  ) );
#1125 = ADVANCED_FACE('',(#1126),#316,.T.);
#1126 = FACE_BOUND('',#1127,.T.);
#1127 = EDGE_LOOP('',(#1128,#1129,#1147,#1148));
#1128 = ORIENTED_EDGE('',*,*,#1088,.T.);
#1129 = ORIENTED_EDGE('',*,*,#1130,.F.);
#1130 = EDGE_CURVE('',#296,#1069,#1131,.T.);
#1131 = SURFACE_CURVE('',#1132,(#1135,#1141),.PCURVE_S1.);
#1132 = B_SPLINE_CURVE_WITH_KNOTS('',1,(#1133,#1134),.UNSPECIFIED.,.F.,
  .F.,(2,2),(-28.52943725152,0.),.PIECEWISE_BEZIER_KNOTS.);
#1133 = CARTESIAN_POINT('',(-43.,-58.,8.));
#1134 = CARTESIAN_POINT('',(-43.,-29.47056274847,8.));
#1135 = PCURVE('',#316,#1136);
#1136 = DEFINITIONAL_REPRESENTATION('',(#1137),#1140);
#1137 = B_SPLINE_CURVE_WITH_KNOTS('',1,(#1138,#1139),.UNSPECIFIED.,.F.,
  .F.,(2,2),(-28.52943725152,0.),.PIECEWISE_BEZIER_KNOTS.);
#1138 = CARTESIAN_POINT('',(-310.01,-28.53943725152));
#1139 = CARTESIAN_POINT('',(-310.01,-1.00000000003E-02));
#1140 = ( GEOMETRIC_REPRESENTATION_CONTEXT(2) 
PARAMETRIC_REPRESENTATION_CONTEXT() REPRESENTATION_CONTEXT('2D SPACE',''
  ) );
#1141 = PCURVE('',#341,#1142);
#1142 = DEFINITIONAL_REPRESENTATION('',(#1143),#1146);
#1143 = B_SPLINE_CURVE_WITH_KNOTS('',1,(#1144,#1145),.UNSPECIFIED.,.F.,
  .F.,(2,2),(-28.52943725152,0.),.PIECEWISE_BEZIER_KNOTS.);
#1144 = CARTESIAN_POINT('',(-8.01,-9.999999999991E-03));
#1145 = CARTESIAN_POINT('',(-8.01,-28.53943725152));
#1146 = ( GEOMETRIC_REPRESENTATION_CONTEXT(2) 
PARAMETRIC_REPRESENTATION_CONTEXT() REPRESENTATION_CONTEXT('2D SPACE',''
  ) );
#1147 = ORIENTED_EDGE('',*,*,#295,.T.);
#1148 = ORIENTED_EDGE('',*,*,#1149,.F.);
#1149 = EDGE_CURVE('',#1089,#298,#1150,.T.);
#1150 = SURFACE_CURVE('',#1151,(#1154,#1160),.PCURVE_S1.);
#1151 = B_SPLINE_CURVE_WITH_KNOTS('',1,(#1152,#1153),.UNSPECIFIED.,.F.,
  .F.,(2,2),(1.466645995096E-28,28.529437251523),
  .PIECEWISE_BEZIER_KNOTS.);
#1152 = CARTESIAN_POINT('',(267.,-29.47056274847,8.));
#1153 = CARTESIAN_POINT('',(267.,-58.,8.));
#1154 = PCURVE('',#316,#1155);
#1155 = DEFINITIONAL_REPRESENTATION('',(#1156),#1159);
#1156 = B_SPLINE_CURVE_WITH_KNOTS('',1,(#1157,#1158),.UNSPECIFIED.,.F.,
  .F.,(2,2),(1.466645995096E-28,28.529437251523),
  .PIECEWISE_BEZIER_KNOTS.);
#1157 = CARTESIAN_POINT('',(-1.000000000005E-02,-1.00000000003E-02));
#1158 = CARTESIAN_POINT('',(-1.000000000005E-02,-28.53943725152));
#1159 = ( GEOMETRIC_REPRESENTATION_CONTEXT(2) 
PARAMETRIC_REPRESENTATION_CONTEXT() REPRESENTATION_CONTEXT('2D SPACE',''
  ) );
#1160 = PCURVE('',#389,#1161);
#1161 = DEFINITIONAL_REPRESENTATION('',(#1162),#1165);
#1162 = B_SPLINE_CURVE_WITH_KNOTS('',1,(#1163,#1164),.UNSPECIFIED.,.F.,
  .F.,(2,2),(1.466645995096E-28,28.529437251523),
  .PIECEWISE_BEZIER_KNOTS.);
#1163 = CARTESIAN_POINT('',(8.01,-28.53943725152));
#1164 = CARTESIAN_POINT('',(8.01,-9.999999999991E-03));
#1165 = ( GEOMETRIC_REPRESENTATION_CONTEXT(2) 
PARAMETRIC_REPRESENTATION_CONTEXT() REPRESENTATION_CONTEXT('2D SPACE',''
  ) );
#1166 = ADVANCED_FACE('',(#1167),#389,.T.);
#1167 = FACE_BOUND('',#1168,.T.);
#1168 = EDGE_LOOP('',(#1169,#1170,#1171,#1172,#1173,#1174,#1175,#1176,
    #1177,#1178,#1179,#1180));
#1169 = ORIENTED_EDGE('',*,*,#377,.T.);
#1170 = ORIENTED_EDGE('',*,*,#449,.T.);
#1171 = ORIENTED_EDGE('',*,*,#511,.T.);
#1172 = ORIENTED_EDGE('',*,*,#577,.T.);
#1173 = ORIENTED_EDGE('',*,*,#683,.T.);
#1174 = ORIENTED_EDGE('',*,*,#750,.T.);
#1175 = ORIENTED_EDGE('',*,*,#817,.T.);
#1176 = ORIENTED_EDGE('',*,*,#884,.T.);
#1177 = ORIENTED_EDGE('',*,*,#946,.T.);
#1178 = ORIENTED_EDGE('',*,*,#1012,.T.);
#1179 = ORIENTED_EDGE('',*,*,#1108,.T.);
#1180 = ORIENTED_EDGE('',*,*,#1149,.T.);
#1181 = ADVANCED_FACE('',(#1182),#341,.T.);
#1182 = FACE_BOUND('',#1183,.T.);
#1183 = EDGE_LOOP('',(#1184,#1185,#1186,#1187,#1188,#1189,#1190,#1191,
    #1192,#1193,#1194,#1195));
#1184 = ORIENTED_EDGE('',*,*,#1068,.T.);
#1185 = ORIENTED_EDGE('',*,*,#967,.T.);
#1186 = ORIENTED_EDGE('',*,*,#906,.T.);
#1187 = ORIENTED_EDGE('',*,*,#839,.T.);
#1188 = ORIENTED_EDGE('',*,*,#772,.T.);
#1189 = ORIENTED_EDGE('',*,*,#705,.T.);
#1190 = ORIENTED_EDGE('',*,*,#638,.T.);
#1191 = ORIENTED_EDGE('',*,*,#532,.T.);
#1192 = ORIENTED_EDGE('',*,*,#471,.T.);
#1193 = ORIENTED_EDGE('',*,*,#404,.T.);
#1194 = ORIENTED_EDGE('',*,*,#327,.T.);
#1195 = ORIENTED_EDGE('',*,*,#1130,.T.);
#1196 = ADVANCED_FACE('',(#1197),#623,.F.);
#1197 = FACE_BOUND('',#1198,.F.);
#1198 = EDGE_LOOP('',(#1199,#1217,#1218,#1219));
#1199 = ORIENTED_EDGE('',*,*,#1200,.F.);
#1200 = EDGE_CURVE('',#1042,#607,#1201,.T.);
#1201 = SEAM_CURVE('',#1202,(#1205,#1211),.PCURVE_S1.);
#1202 = B_SPLINE_CURVE_WITH_KNOTS('',1,(#1203,#1204),.UNSPECIFIED.,.F.,
  .F.,(2,2),(3.312518508643E-02,4.110523523559E-02),
  .PIECEWISE_BEZIER_KNOTS.);
#1203 = CARTESIAN_POINT('',(64.165781953978,5.445325425358,
    13.980050149165));
#1204 = CARTESIAN_POINT('',(64.165781953978,5.445325425358,6.));
#1205 = PCURVE('',#623,#1206);
#1206 = DEFINITIONAL_REPRESENTATION('',(#1207),#1210);
#1207 = B_SPLINE_CURVE_WITH_KNOTS('',1,(#1208,#1209),.UNSPECIFIED.,.F.,
  .F.,(2,2),(3.312518508643E-02,4.110523523559E-02),
  .PIECEWISE_BEZIER_KNOTS.);
#1208 = CARTESIAN_POINT('',(-2.220607607231,-20.70191623452));
#1209 = CARTESIAN_POINT('',(-2.220607607231,-12.72186608535));
#1210 = ( GEOMETRIC_REPRESENTATION_CONTEXT(2) 
PARAMETRIC_REPRESENTATION_CONTEXT() REPRESENTATION_CONTEXT('2D SPACE',''
  ) );
#1211 = PCURVE('',#623,#1212);
#1212 = DEFINITIONAL_REPRESENTATION('',(#1213),#1216);
#1213 = B_SPLINE_CURVE_WITH_KNOTS('',1,(#1214,#1215),.UNSPECIFIED.,.F.,
  .F.,(2,2),(3.312518508643E-02,4.110523523559E-02),
  .PIECEWISE_BEZIER_KNOTS.);
#1214 = CARTESIAN_POINT('',(4.062577699948,-20.70191623452));
#1215 = CARTESIAN_POINT('',(4.062577699948,-12.72186608535));
#1216 = ( GEOMETRIC_REPRESENTATION_CONTEXT(2) 
PARAMETRIC_REPRESENTATION_CONTEXT() REPRESENTATION_CONTEXT('2D SPACE',''
  ) );
#1217 = ORIENTED_EDGE('',*,*,#1041,.F.);
#1218 = ORIENTED_EDGE('',*,*,#1200,.T.);
#1219 = ORIENTED_EDGE('',*,*,#606,.F.);
#1220 = ( GEOMETRIC_REPRESENTATION_CONTEXT(3) 
GLOBAL_UNCERTAINTY_ASSIGNED_CONTEXT((#1224)) 
GLOBAL_UNIT_ASSIGNED_CONTEXT((#1221,#1222,#1223)) REPRESENTATION_CONTEXT
('Context #1','3D Context with UNIT and UNCERTAINTY') );
#1221 = ( LENGTH_UNIT() NAMED_UNIT(*) SI_UNIT(.MILLI.,.METRE.) );
#1222 = ( NAMED_UNIT(*) PLANE_ANGLE_UNIT() SI_UNIT($,.RADIAN.) );
#1223 = ( NAMED_UNIT(*) SI_UNIT($,.STERADIAN.) SOLID_ANGLE_UNIT() );
#1224 = UNCERTAINTY_MEASURE_WITH_UNIT(LENGTH_MEASURE(1.E-04),#1221,
  'distance_accuracy_value','confusion accuracy');
#1225 = CONTEXT_DEPENDENT_SHAPE_REPRESENTATION(#1226,#1228);
#1226 = ( REPRESENTATION_RELATIONSHIP('','',#40,#10) 
REPRESENTATION_RELATIONSHIP_WITH_TRANSFORMATION(#1227) 
SHAPE_REPRESENTATION_RELATIONSHIP() );
#1227 = ITEM_DEFINED_TRANSFORMATION('','',#11,#15);
#1228 = PRODUCT_DEFINITION_SHAPE('Placement','Placement of an item',
  #1229);
#1229 = NEXT_ASSEMBLY_USAGE_OCCURRENCE('63','','',#5,#35,$);
#1230 = PRODUCT_RELATED_PRODUCT_CATEGORY('part',$,(#37));
#1231 = SHAPE_DEFINITION_REPRESENTATION(#1232,#1238);
#1232 = PRODUCT_DEFINITION_SHAPE('','',#1233);
#1233 = PRODUCT_DEFINITION('design','',#1234,#1237);
#1234 = PRODUCT_DEFINITION_FORMATION('','',#1235);
#1235 = PRODUCT('OCCBrep 7.2','OCCBrep 7.2','',(#1236));
#1236 = PRODUCT_CONTEXT('',#2,'mechanical');
#1237 = PRODUCT_DEFINITION_CONTEXT('part definition',#2,'design');
#1238 = SHAPE_REPRESENTATION('',(#11,#1239,#1243),#1247);
#1239 = AXIS2_PLACEMENT_3D('',#1240,#1241,#1242);
#1240 = CARTESIAN_POINT('',(0.,0.,0.));
#1241 = DIRECTION('',(0.,0.,1.));
#1242 = DIRECTION('',(1.,0.,-0.));
#1243 = AXIS2_PLACEMENT_3D('',#1244,#1245,#1246);
#1244 = CARTESIAN_POINT('',(0.,0.,0.));
#1245 = DIRECTION('',(0.,0.,1.));
#1246 = DIRECTION('',(1.,0.,-0.));
#1247 = ( GEOMETRIC_REPRESENTATION_CONTEXT(3) 
GLOBAL_UNCERTAINTY_ASSIGNED_CONTEXT((#1251)) 
GLOBAL_UNIT_ASSIGNED_CONTEXT((#1248,#1249,#1250)) REPRESENTATION_CONTEXT
('Context #1','3D Context with UNIT and UNCERTAINTY') );
#1248 = ( LENGTH_UNIT() NAMED_UNIT(*) SI_UNIT(.MILLI.,.METRE.) );
#1249 = ( NAMED_UNIT(*) PLANE_ANGLE_UNIT() SI_UNIT($,.RADIAN.) );
#1250 = ( NAMED_UNIT(*) SI_UNIT($,.STERADIAN.) SOLID_ANGLE_UNIT() );
#1251 = UNCERTAINTY_MEASURE_WITH_UNIT(LENGTH_MEASURE(1.E-04),#1248,
  'distance_accuracy_value','confusion accuracy');
#1252 = CONTEXT_DEPENDENT_SHAPE_REPRESENTATION(#1253,#1255);
#1253 = ( REPRESENTATION_RELATIONSHIP('','',#1238,#10) 
REPRESENTATION_RELATIONSHIP_WITH_TRANSFORMATION(#1254) 
SHAPE_REPRESENTATION_RELATIONSHIP() );
#1254 = ITEM_DEFINED_TRANSFORMATION('','',#11,#19);
#1255 = PRODUCT_DEFINITION_SHAPE('Placement','Placement of an item',
  #1256);
#1256 = NEXT_ASSEMBLY_USAGE_OCCURRENCE('66','','',#5,#1233,$);
#1257 = PRODUCT_RELATED_PRODUCT_CATEGORY('part',$,(#1235));
#1258 = SHAPE_DEFINITION_REPRESENTATION(#1259,#1265);
#1259 = PRODUCT_DEFINITION_SHAPE('','',#1260);
#1260 = PRODUCT_DEFINITION('design','',#1261,#1264);
#1261 = PRODUCT_DEFINITION_FORMATION('','',#1262);
#1262 = PRODUCT('OCCBrep 7.2.1','OCCBrep 7.2.1','',(#1263));
#1263 = PRODUCT_CONTEXT('',#2,'mechanical');
#1264 = PRODUCT_DEFINITION_CONTEXT('part definition',#2,'design');
#1265 = ADVANCED_BREP_SHAPE_REPRESENTATION('',(#11,#1266),#1814);
#1266 = MANIFOLD_SOLID_BREP('',#1267);
#1267 = CLOSED_SHELL('',(#1268,#1397,#1557,#1627,#1689,#1732,#1775,#1799
    ));
#1268 = ADVANCED_FACE('',(#1269),#1282,.F.);
#1269 = FACE_BOUND('',#1270,.F.);
#1270 = EDGE_LOOP('',(#1271,#1298,#1326,#1347,#1348,#1376));
#1271 = ORIENTED_EDGE('',*,*,#1272,.T.);
#1272 = EDGE_CURVE('',#1273,#1275,#1277,.T.);
#1273 = VERTEX_POINT('',#1274);
#1274 = CARTESIAN_POINT('',(-13.,43.,61.));
#1275 = VERTEX_POINT('',#1276);
#1276 = CARTESIAN_POINT('',(-13.,35.,61.));
#1277 = SEAM_CURVE('',#1278,(#1281,#1292),.PCURVE_S1.);
#1278 = B_SPLINE_CURVE_WITH_KNOTS('',1,(#1279,#1280),.UNSPECIFIED.,.F.,
  .F.,(2,2),(1.000000000001E-02,8.01),.PIECEWISE_BEZIER_KNOTS.);
#1279 = CARTESIAN_POINT('',(-13.,43.,61.));
#1280 = CARTESIAN_POINT('',(-13.,35.,61.));
#1281 = PCURVE('',#1282,#1287);
#1282 = CYLINDRICAL_SURFACE('',#1283,13.);
#1283 = AXIS2_PLACEMENT_3D('',#1284,#1285,#1286);
#1284 = CARTESIAN_POINT('',(-3.140184917368E-13,39.,61.));
#1285 = DIRECTION('',(-5.337610695313E-16,1.,5.337610695313E-16));
#1286 = DIRECTION('',(1.,5.337610695313E-16,0.));
#1287 = DEFINITIONAL_REPRESENTATION('',(#1288),#1291);
#1288 = B_SPLINE_CURVE_WITH_KNOTS('',1,(#1289,#1290),.UNSPECIFIED.,.F.,
  .F.,(2,2),(1.000000000001E-02,8.01),.PIECEWISE_BEZIER_KNOTS.);
#1289 = CARTESIAN_POINT('',(3.14159265359,4.));
#1290 = CARTESIAN_POINT('',(3.14159265359,-4.));
#1291 = ( GEOMETRIC_REPRESENTATION_CONTEXT(2) 
PARAMETRIC_REPRESENTATION_CONTEXT() REPRESENTATION_CONTEXT('2D SPACE',''
  ) );
#1292 = PCURVE('',#1282,#1293);
#1293 = DEFINITIONAL_REPRESENTATION('',(#1294),#1297);
#1294 = B_SPLINE_CURVE_WITH_KNOTS('',1,(#1295,#1296),.UNSPECIFIED.,.F.,
  .F.,(2,2),(1.000000000001E-02,8.01),.PIECEWISE_BEZIER_KNOTS.);
#1295 = CARTESIAN_POINT('',(9.424777960769,4.));
#1296 = CARTESIAN_POINT('',(9.424777960769,-4.));
#1297 = ( GEOMETRIC_REPRESENTATION_CONTEXT(2) 
PARAMETRIC_REPRESENTATION_CONTEXT() REPRESENTATION_CONTEXT('2D SPACE',''
  ) );
#1298 = ORIENTED_EDGE('',*,*,#1299,.F.);
#1299 = EDGE_CURVE('',#1300,#1275,#1302,.T.);
#1300 = VERTEX_POINT('',#1301);
#1301 = CARTESIAN_POINT('',(13.,35.,61.));
#1302 = SURFACE_CURVE('',#1303,(#1308,#1314),.PCURVE_S1.);
#1303 = CIRCLE('',#1304,13.);
#1304 = AXIS2_PLACEMENT_3D('',#1305,#1306,#1307);
#1305 = CARTESIAN_POINT('',(-3.0420541387E-13,35.,61.));
#1306 = DIRECTION('',(-1.227650459922E-14,-1.,-1.067522139063E-15));
#1307 = DIRECTION('',(1.,-1.227650459922E-14,-8.00641604297E-15));
#1308 = PCURVE('',#1282,#1309);
#1309 = DEFINITIONAL_REPRESENTATION('',(#1310),#1313);
#1310 = B_SPLINE_CURVE_WITH_KNOTS('',1,(#1311,#1312),.UNSPECIFIED.,.F.,
  .F.,(2,2),(0.,3.14159265359),.PIECEWISE_BEZIER_KNOTS.);
#1311 = CARTESIAN_POINT('',(6.28318530718,-4.));
#1312 = CARTESIAN_POINT('',(3.14159265359,-4.));
#1313 = ( GEOMETRIC_REPRESENTATION_CONTEXT(2) 
PARAMETRIC_REPRESENTATION_CONTEXT() REPRESENTATION_CONTEXT('2D SPACE',''
  ) );
#1314 = PCURVE('',#1315,#1320);
#1315 = PLANE('',#1316);
#1316 = AXIS2_PLACEMENT_3D('',#1317,#1318,#1319);
#1317 = CARTESIAN_POINT('',(138.01,35.,88.01));
#1318 = DIRECTION('',(0.,-1.,0.));
#1319 = DIRECTION('',(0.,0.,-1.));
#1320 = DEFINITIONAL_REPRESENTATION('',(#1321),#1325);
#1321 = CIRCLE('',#1322,13.);
#1322 = AXIS2_PLACEMENT_2D('',#1323,#1324);
#1323 = CARTESIAN_POINT('',(27.01,-138.01));
#1324 = DIRECTION('',(8.00641604297E-15,1.));
#1325 = ( GEOMETRIC_REPRESENTATION_CONTEXT(2) 
PARAMETRIC_REPRESENTATION_CONTEXT() REPRESENTATION_CONTEXT('2D SPACE',''
  ) );
#1326 = ORIENTED_EDGE('',*,*,#1327,.F.);
#1327 = EDGE_CURVE('',#1275,#1300,#1328,.T.);
#1328 = SURFACE_CURVE('',#1329,(#1334,#1340),.PCURVE_S1.);
#1329 = CIRCLE('',#1330,13.);
#1330 = AXIS2_PLACEMENT_3D('',#1331,#1332,#1333);
#1331 = CARTESIAN_POINT('',(-3.0420541387E-13,35.,61.));
#1332 = DIRECTION('',(-1.281026566875E-14,-1.,-1.601283208594E-15));
#1333 = DIRECTION('',(-1.,1.281026566875E-14,9.073938182033E-15));
#1334 = PCURVE('',#1282,#1335);
#1335 = DEFINITIONAL_REPRESENTATION('',(#1336),#1339);
#1336 = B_SPLINE_CURVE_WITH_KNOTS('',1,(#1337,#1338),.UNSPECIFIED.,.F.,
  .F.,(2,2),(-0.,3.14159265359),.PIECEWISE_BEZIER_KNOTS.);
#1337 = CARTESIAN_POINT('',(9.424777960769,-4.));
#1338 = CARTESIAN_POINT('',(6.28318530718,-4.));
#1339 = ( GEOMETRIC_REPRESENTATION_CONTEXT(2) 
PARAMETRIC_REPRESENTATION_CONTEXT() REPRESENTATION_CONTEXT('2D SPACE',''
  ) );
#1340 = PCURVE('',#1315,#1341);
#1341 = DEFINITIONAL_REPRESENTATION('',(#1342),#1346);
#1342 = CIRCLE('',#1343,13.);
#1343 = AXIS2_PLACEMENT_2D('',#1344,#1345);
#1344 = CARTESIAN_POINT('',(27.01,-138.01));
#1345 = DIRECTION('',(-9.073938182033E-15,-1.));
#1346 = ( GEOMETRIC_REPRESENTATION_CONTEXT(2) 
PARAMETRIC_REPRESENTATION_CONTEXT() REPRESENTATION_CONTEXT('2D SPACE',''
  ) );
#1347 = ORIENTED_EDGE('',*,*,#1272,.F.);
#1348 = ORIENTED_EDGE('',*,*,#1349,.F.);
#1349 = EDGE_CURVE('',#1350,#1273,#1352,.T.);
#1350 = VERTEX_POINT('',#1351);
#1351 = CARTESIAN_POINT('',(13.,43.,61.));
#1352 = SURFACE_CURVE('',#1353,(#1358,#1364),.PCURVE_S1.);
#1353 = CIRCLE('',#1354,13.);
#1354 = AXIS2_PLACEMENT_3D('',#1355,#1356,#1357);
#1355 = CARTESIAN_POINT('',(-3.189250306701E-13,43.,61.));
#1356 = DIRECTION('',(4.003208021485E-15,1.,1.86816374336E-15));
#1357 = DIRECTION('',(1.,-4.003208021485E-15,8.540177112501E-15));
#1358 = PCURVE('',#1282,#1359);
#1359 = DEFINITIONAL_REPRESENTATION('',(#1360),#1363);
#1360 = B_SPLINE_CURVE_WITH_KNOTS('',1,(#1361,#1362),.UNSPECIFIED.,.F.,
  .F.,(2,2),(0.,3.14159265359),.PIECEWISE_BEZIER_KNOTS.);
#1361 = CARTESIAN_POINT('',(6.28318530718,4.));
#1362 = CARTESIAN_POINT('',(9.424777960769,4.));
#1363 = ( GEOMETRIC_REPRESENTATION_CONTEXT(2) 
PARAMETRIC_REPRESENTATION_CONTEXT() REPRESENTATION_CONTEXT('2D SPACE',''
  ) );
#1364 = PCURVE('',#1365,#1370);
#1365 = PLANE('',#1366);
#1366 = AXIS2_PLACEMENT_3D('',#1367,#1368,#1369);
#1367 = CARTESIAN_POINT('',(-43.01,43.,88.01));
#1368 = DIRECTION('',(0.,1.,0.));
#1369 = DIRECTION('',(0.,0.,1.));
#1370 = DEFINITIONAL_REPRESENTATION('',(#1371),#1375);
#1371 = CIRCLE('',#1372,13.);
#1372 = AXIS2_PLACEMENT_2D('',#1373,#1374);
#1373 = CARTESIAN_POINT('',(-27.01,43.01));
#1374 = DIRECTION('',(8.540177112501E-15,1.));
#1375 = ( GEOMETRIC_REPRESENTATION_CONTEXT(2) 
PARAMETRIC_REPRESENTATION_CONTEXT() REPRESENTATION_CONTEXT('2D SPACE',''
  ) );
#1376 = ORIENTED_EDGE('',*,*,#1377,.F.);
#1377 = EDGE_CURVE('',#1273,#1350,#1378,.T.);
#1378 = SURFACE_CURVE('',#1379,(#1384,#1390),.PCURVE_S1.);
#1379 = CIRCLE('',#1380,13.);
#1380 = AXIS2_PLACEMENT_3D('',#1381,#1382,#1383);
#1381 = CARTESIAN_POINT('',(-3.189250306701E-13,43.,61.));
#1382 = DIRECTION('',(4.003208021485E-15,1.,8.00641604297E-16));
#1383 = DIRECTION('',(-1.,4.003208021485E-15,-8.00641604297E-15));
#1384 = PCURVE('',#1282,#1385);
#1385 = DEFINITIONAL_REPRESENTATION('',(#1386),#1389);
#1386 = B_SPLINE_CURVE_WITH_KNOTS('',1,(#1387,#1388),.UNSPECIFIED.,.F.,
  .F.,(2,2),(0.,3.14159265359),.PIECEWISE_BEZIER_KNOTS.);
#1387 = CARTESIAN_POINT('',(3.14159265359,4.));
#1388 = CARTESIAN_POINT('',(6.28318530718,4.));
#1389 = ( GEOMETRIC_REPRESENTATION_CONTEXT(2) 
PARAMETRIC_REPRESENTATION_CONTEXT() REPRESENTATION_CONTEXT('2D SPACE',''
  ) );
#1390 = PCURVE('',#1365,#1391);
#1391 = DEFINITIONAL_REPRESENTATION('',(#1392),#1396);
#1392 = CIRCLE('',#1393,13.);
#1393 = AXIS2_PLACEMENT_2D('',#1394,#1395);
#1394 = CARTESIAN_POINT('',(-27.01,43.01));
#1395 = DIRECTION('',(-8.00641604297E-15,-1.));
#1396 = ( GEOMETRIC_REPRESENTATION_CONTEXT(2) 
PARAMETRIC_REPRESENTATION_CONTEXT() REPRESENTATION_CONTEXT('2D SPACE',''
  ) );
#1397 = ADVANCED_FACE('',(#1398,#1500,#1504),#1365,.T.);
#1398 = FACE_BOUND('',#1399,.T.);
#1399 = EDGE_LOOP('',(#1400,#1427,#1452,#1477));
#1400 = ORIENTED_EDGE('',*,*,#1401,.T.);
#1401 = EDGE_CURVE('',#1402,#1404,#1406,.T.);
#1402 = VERTEX_POINT('',#1403);
#1403 = CARTESIAN_POINT('',(138.,43.,88.));
#1404 = VERTEX_POINT('',#1405);
#1405 = CARTESIAN_POINT('',(138.,43.,8.));
#1406 = SURFACE_CURVE('',#1407,(#1410,#1416),.PCURVE_S1.);
#1407 = B_SPLINE_CURVE_WITH_KNOTS('',1,(#1408,#1409),.UNSPECIFIED.,.F.,
  .F.,(2,2),(-40.,40.),.PIECEWISE_BEZIER_KNOTS.);
#1408 = CARTESIAN_POINT('',(138.,43.,88.));
#1409 = CARTESIAN_POINT('',(138.,43.,8.));
#1410 = PCURVE('',#1365,#1411);
#1411 = DEFINITIONAL_REPRESENTATION('',(#1412),#1415);
#1412 = B_SPLINE_CURVE_WITH_KNOTS('',1,(#1413,#1414),.UNSPECIFIED.,.F.,
  .F.,(2,2),(-40.,40.),.PIECEWISE_BEZIER_KNOTS.);
#1413 = CARTESIAN_POINT('',(-1.00000000001E-02,181.01));
#1414 = CARTESIAN_POINT('',(-80.01,181.01));
#1415 = ( GEOMETRIC_REPRESENTATION_CONTEXT(2) 
PARAMETRIC_REPRESENTATION_CONTEXT() REPRESENTATION_CONTEXT('2D SPACE',''
  ) );
#1416 = PCURVE('',#1417,#1422);
#1417 = PLANE('',#1418);
#1418 = AXIS2_PLACEMENT_3D('',#1419,#1420,#1421);
#1419 = CARTESIAN_POINT('',(138.,34.99,88.01));
#1420 = DIRECTION('',(1.,0.,0.));
#1421 = DIRECTION('',(0.,0.,1.));
#1422 = DEFINITIONAL_REPRESENTATION('',(#1423),#1426);
#1423 = B_SPLINE_CURVE_WITH_KNOTS('',1,(#1424,#1425),.UNSPECIFIED.,.F.,
  .F.,(2,2),(-40.,40.),.PIECEWISE_BEZIER_KNOTS.);
#1424 = CARTESIAN_POINT('',(-1.000000000001E-02,-8.01));
#1425 = CARTESIAN_POINT('',(-80.01,-8.01));
#1426 = ( GEOMETRIC_REPRESENTATION_CONTEXT(2) 
PARAMETRIC_REPRESENTATION_CONTEXT() REPRESENTATION_CONTEXT('2D SPACE',''
  ) );
#1427 = ORIENTED_EDGE('',*,*,#1428,.F.);
#1428 = EDGE_CURVE('',#1429,#1404,#1431,.T.);
#1429 = VERTEX_POINT('',#1430);
#1430 = CARTESIAN_POINT('',(-43.,43.,8.));
#1431 = SURFACE_CURVE('',#1432,(#1435,#1441),.PCURVE_S1.);
#1432 = B_SPLINE_CURVE_WITH_KNOTS('',1,(#1433,#1434),.UNSPECIFIED.,.F.,
  .F.,(2,2),(-90.5,90.5),.PIECEWISE_BEZIER_KNOTS.);
#1433 = CARTESIAN_POINT('',(-43.,43.,8.));
#1434 = CARTESIAN_POINT('',(138.,43.,8.));
#1435 = PCURVE('',#1365,#1436);
#1436 = DEFINITIONAL_REPRESENTATION('',(#1437),#1440);
#1437 = B_SPLINE_CURVE_WITH_KNOTS('',1,(#1438,#1439),.UNSPECIFIED.,.F.,
  .F.,(2,2),(-90.5,90.5),.PIECEWISE_BEZIER_KNOTS.);
#1438 = CARTESIAN_POINT('',(-80.01,9.999999999593E-03));
#1439 = CARTESIAN_POINT('',(-80.01,181.01));
#1440 = ( GEOMETRIC_REPRESENTATION_CONTEXT(2) 
PARAMETRIC_REPRESENTATION_CONTEXT() REPRESENTATION_CONTEXT('2D SPACE',''
  ) );
#1441 = PCURVE('',#1442,#1447);
#1442 = PLANE('',#1443);
#1443 = AXIS2_PLACEMENT_3D('',#1444,#1445,#1446);
#1444 = CARTESIAN_POINT('',(138.01,34.99,8.));
#1445 = DIRECTION('',(0.,0.,-1.));
#1446 = DIRECTION('',(-1.,0.,0.));
#1447 = DEFINITIONAL_REPRESENTATION('',(#1448),#1451);
#1448 = B_SPLINE_CURVE_WITH_KNOTS('',1,(#1449,#1450),.UNSPECIFIED.,.F.,
  .F.,(2,2),(-90.5,90.5),.PIECEWISE_BEZIER_KNOTS.);
#1449 = CARTESIAN_POINT('',(181.01,8.01));
#1450 = CARTESIAN_POINT('',(9.999999999962E-03,8.01));
#1451 = ( GEOMETRIC_REPRESENTATION_CONTEXT(2) 
PARAMETRIC_REPRESENTATION_CONTEXT() REPRESENTATION_CONTEXT('2D SPACE',''
  ) );
#1452 = ORIENTED_EDGE('',*,*,#1453,.F.);
#1453 = EDGE_CURVE('',#1454,#1429,#1456,.T.);
#1454 = VERTEX_POINT('',#1455);
#1455 = CARTESIAN_POINT('',(-43.,43.,88.));
#1456 = SURFACE_CURVE('',#1457,(#1460,#1466),.PCURVE_S1.);
#1457 = B_SPLINE_CURVE_WITH_KNOTS('',1,(#1458,#1459),.UNSPECIFIED.,.F.,
  .F.,(2,2),(-40.,40.),.PIECEWISE_BEZIER_KNOTS.);
#1458 = CARTESIAN_POINT('',(-43.,43.,88.));
#1459 = CARTESIAN_POINT('',(-43.,43.,8.));
#1460 = PCURVE('',#1365,#1461);
#1461 = DEFINITIONAL_REPRESENTATION('',(#1462),#1465);
#1462 = B_SPLINE_CURVE_WITH_KNOTS('',1,(#1463,#1464),.UNSPECIFIED.,.F.,
  .F.,(2,2),(-40.,40.),.PIECEWISE_BEZIER_KNOTS.);
#1463 = CARTESIAN_POINT('',(-1.00000000001E-02,9.999999999593E-03));
#1464 = CARTESIAN_POINT('',(-80.01,9.999999999593E-03));
#1465 = ( GEOMETRIC_REPRESENTATION_CONTEXT(2) 
PARAMETRIC_REPRESENTATION_CONTEXT() REPRESENTATION_CONTEXT('2D SPACE',''
  ) );
#1466 = PCURVE('',#1467,#1472);
#1467 = PLANE('',#1468);
#1468 = AXIS2_PLACEMENT_3D('',#1469,#1470,#1471);
#1469 = CARTESIAN_POINT('',(-43.,34.99,88.01));
#1470 = DIRECTION('',(-1.,0.,0.));
#1471 = DIRECTION('',(0.,0.,-1.));
#1472 = DEFINITIONAL_REPRESENTATION('',(#1473),#1476);
#1473 = B_SPLINE_CURVE_WITH_KNOTS('',1,(#1474,#1475),.UNSPECIFIED.,.F.,
  .F.,(2,2),(-40.,40.),.PIECEWISE_BEZIER_KNOTS.);
#1474 = CARTESIAN_POINT('',(1.000000000001E-02,-8.01));
#1475 = CARTESIAN_POINT('',(80.01,-8.01));
#1476 = ( GEOMETRIC_REPRESENTATION_CONTEXT(2) 
PARAMETRIC_REPRESENTATION_CONTEXT() REPRESENTATION_CONTEXT('2D SPACE',''
  ) );
#1477 = ORIENTED_EDGE('',*,*,#1478,.T.);
#1478 = EDGE_CURVE('',#1454,#1402,#1479,.T.);
#1479 = SURFACE_CURVE('',#1480,(#1483,#1489),.PCURVE_S1.);
#1480 = B_SPLINE_CURVE_WITH_KNOTS('',1,(#1481,#1482),.UNSPECIFIED.,.F.,
  .F.,(2,2),(-90.5,90.5),.PIECEWISE_BEZIER_KNOTS.);
#1481 = CARTESIAN_POINT('',(-43.,43.,88.));
#1482 = CARTESIAN_POINT('',(138.,43.,88.));
#1483 = PCURVE('',#1365,#1484);
#1484 = DEFINITIONAL_REPRESENTATION('',(#1485),#1488);
#1485 = B_SPLINE_CURVE_WITH_KNOTS('',1,(#1486,#1487),.UNSPECIFIED.,.F.,
  .F.,(2,2),(-90.5,90.5),.PIECEWISE_BEZIER_KNOTS.);
#1486 = CARTESIAN_POINT('',(-1.00000000001E-02,9.999999999593E-03));
#1487 = CARTESIAN_POINT('',(-1.00000000001E-02,181.01));
#1488 = ( GEOMETRIC_REPRESENTATION_CONTEXT(2) 
PARAMETRIC_REPRESENTATION_CONTEXT() REPRESENTATION_CONTEXT('2D SPACE',''
  ) );
#1489 = PCURVE('',#1490,#1495);
#1490 = PLANE('',#1491);
#1491 = AXIS2_PLACEMENT_3D('',#1492,#1493,#1494);
#1492 = CARTESIAN_POINT('',(-43.01,34.99,88.));
#1493 = DIRECTION('',(0.,0.,1.));
#1494 = DIRECTION('',(1.,0.,0.));
#1495 = DEFINITIONAL_REPRESENTATION('',(#1496),#1499);
#1496 = B_SPLINE_CURVE_WITH_KNOTS('',1,(#1497,#1498),.UNSPECIFIED.,.F.,
  .F.,(2,2),(-90.5,90.5),.PIECEWISE_BEZIER_KNOTS.);
#1497 = CARTESIAN_POINT('',(9.999999999593E-03,8.01));
#1498 = CARTESIAN_POINT('',(181.01,8.01));
#1499 = ( GEOMETRIC_REPRESENTATION_CONTEXT(2) 
PARAMETRIC_REPRESENTATION_CONTEXT() REPRESENTATION_CONTEXT('2D SPACE',''
  ) );
#1500 = FACE_BOUND('',#1501,.T.);
#1501 = EDGE_LOOP('',(#1502,#1503));
#1502 = ORIENTED_EDGE('',*,*,#1349,.F.);
#1503 = ORIENTED_EDGE('',*,*,#1377,.F.);
#1504 = FACE_BOUND('',#1505,.T.);
#1505 = EDGE_LOOP('',(#1506,#1536));
#1506 = ORIENTED_EDGE('',*,*,#1507,.F.);
#1507 = EDGE_CURVE('',#1508,#1510,#1512,.T.);
#1508 = VERTEX_POINT('',#1509);
#1509 = CARTESIAN_POINT('',(97.,43.,61.));
#1510 = VERTEX_POINT('',#1511);
#1511 = CARTESIAN_POINT('',(123.,43.,61.));
#1512 = SURFACE_CURVE('',#1513,(#1518,#1525),.PCURVE_S1.);
#1513 = CIRCLE('',#1514,13.);
#1514 = AXIS2_PLACEMENT_3D('',#1515,#1516,#1517);
#1515 = CARTESIAN_POINT('',(110.,43.,61.));
#1516 = DIRECTION('',(3.736327486719E-15,1.,1.067522139063E-15));
#1517 = DIRECTION('',(-1.,3.736327486719E-15,-5.871371764845E-15));
#1518 = PCURVE('',#1365,#1519);
#1519 = DEFINITIONAL_REPRESENTATION('',(#1520),#1524);
#1520 = CIRCLE('',#1521,13.);
#1521 = AXIS2_PLACEMENT_2D('',#1522,#1523);
#1522 = CARTESIAN_POINT('',(-27.01,153.01));
#1523 = DIRECTION('',(-5.871371764845E-15,-1.));
#1524 = ( GEOMETRIC_REPRESENTATION_CONTEXT(2) 
PARAMETRIC_REPRESENTATION_CONTEXT() REPRESENTATION_CONTEXT('2D SPACE',''
  ) );
#1525 = PCURVE('',#1526,#1531);
#1526 = CYLINDRICAL_SURFACE('',#1527,13.);
#1527 = AXIS2_PLACEMENT_3D('',#1528,#1529,#1530);
#1528 = CARTESIAN_POINT('',(110.,39.,61.));
#1529 = DIRECTION('',(-1.067522139063E-15,1.,1.067522139063E-15));
#1530 = DIRECTION('',(1.,1.067522139063E-15,0.));
#1531 = DEFINITIONAL_REPRESENTATION('',(#1532),#1535);
#1532 = B_SPLINE_CURVE_WITH_KNOTS('',1,(#1533,#1534),.UNSPECIFIED.,.F.,
  .F.,(2,2),(0.,3.14159265359),.PIECEWISE_BEZIER_KNOTS.);
#1533 = CARTESIAN_POINT('',(3.14159265359,4.));
#1534 = CARTESIAN_POINT('',(6.28318530718,4.));
#1535 = ( GEOMETRIC_REPRESENTATION_CONTEXT(2) 
PARAMETRIC_REPRESENTATION_CONTEXT() REPRESENTATION_CONTEXT('2D SPACE',''
  ) );
#1536 = ORIENTED_EDGE('',*,*,#1537,.F.);
#1537 = EDGE_CURVE('',#1510,#1508,#1538,.T.);
#1538 = SURFACE_CURVE('',#1539,(#1544,#1551),.PCURVE_S1.);
#1539 = CIRCLE('',#1540,13.);
#1540 = AXIS2_PLACEMENT_3D('',#1541,#1542,#1543);
#1541 = CARTESIAN_POINT('',(110.,43.,61.));
#1542 = DIRECTION('',(3.736327486719E-15,1.,1.601283208594E-15));
#1543 = DIRECTION('',(1.,-3.736327486719E-15,5.871371764845E-15));
#1544 = PCURVE('',#1365,#1545);
#1545 = DEFINITIONAL_REPRESENTATION('',(#1546),#1550);
#1546 = CIRCLE('',#1547,13.);
#1547 = AXIS2_PLACEMENT_2D('',#1548,#1549);
#1548 = CARTESIAN_POINT('',(-27.01,153.01));
#1549 = DIRECTION('',(5.871371764845E-15,1.));
#1550 = ( GEOMETRIC_REPRESENTATION_CONTEXT(2) 
PARAMETRIC_REPRESENTATION_CONTEXT() REPRESENTATION_CONTEXT('2D SPACE',''
  ) );
#1551 = PCURVE('',#1526,#1552);
#1552 = DEFINITIONAL_REPRESENTATION('',(#1553),#1556);
#1553 = B_SPLINE_CURVE_WITH_KNOTS('',1,(#1554,#1555),.UNSPECIFIED.,.F.,
  .F.,(2,2),(0.,3.14159265359),.PIECEWISE_BEZIER_KNOTS.);
#1554 = CARTESIAN_POINT('',(6.28318530718,4.));
#1555 = CARTESIAN_POINT('',(9.424777960769,4.));
#1556 = ( GEOMETRIC_REPRESENTATION_CONTEXT(2) 
PARAMETRIC_REPRESENTATION_CONTEXT() REPRESENTATION_CONTEXT('2D SPACE',''
  ) );
#1557 = ADVANCED_FACE('',(#1558),#1526,.F.);
#1558 = FACE_BOUND('',#1559,.F.);
#1559 = EDGE_LOOP('',(#1560,#1580,#1603,#1624,#1625,#1626));
#1560 = ORIENTED_EDGE('',*,*,#1561,.T.);
#1561 = EDGE_CURVE('',#1508,#1562,#1564,.T.);
#1562 = VERTEX_POINT('',#1563);
#1563 = CARTESIAN_POINT('',(97.,35.,61.));
#1564 = SEAM_CURVE('',#1565,(#1568,#1574),.PCURVE_S1.);
#1565 = B_SPLINE_CURVE_WITH_KNOTS('',1,(#1566,#1567),.UNSPECIFIED.,.F.,
  .F.,(2,2),(1.000000000001E-02,8.01),.PIECEWISE_BEZIER_KNOTS.);
#1566 = CARTESIAN_POINT('',(97.,43.,61.));
#1567 = CARTESIAN_POINT('',(97.,35.,61.));
#1568 = PCURVE('',#1526,#1569);
#1569 = DEFINITIONAL_REPRESENTATION('',(#1570),#1573);
#1570 = B_SPLINE_CURVE_WITH_KNOTS('',1,(#1571,#1572),.UNSPECIFIED.,.F.,
  .F.,(2,2),(1.000000000001E-02,8.01),.PIECEWISE_BEZIER_KNOTS.);
#1571 = CARTESIAN_POINT('',(3.14159265359,4.));
#1572 = CARTESIAN_POINT('',(3.14159265359,-4.));
#1573 = ( GEOMETRIC_REPRESENTATION_CONTEXT(2) 
PARAMETRIC_REPRESENTATION_CONTEXT() REPRESENTATION_CONTEXT('2D SPACE',''
  ) );
#1574 = PCURVE('',#1526,#1575);
#1575 = DEFINITIONAL_REPRESENTATION('',(#1576),#1579);
#1576 = B_SPLINE_CURVE_WITH_KNOTS('',1,(#1577,#1578),.UNSPECIFIED.,.F.,
  .F.,(2,2),(1.000000000001E-02,8.01),.PIECEWISE_BEZIER_KNOTS.);
#1577 = CARTESIAN_POINT('',(9.424777960769,4.));
#1578 = CARTESIAN_POINT('',(9.424777960769,-4.));
#1579 = ( GEOMETRIC_REPRESENTATION_CONTEXT(2) 
PARAMETRIC_REPRESENTATION_CONTEXT() REPRESENTATION_CONTEXT('2D SPACE',''
  ) );
#1580 = ORIENTED_EDGE('',*,*,#1581,.F.);
#1581 = EDGE_CURVE('',#1582,#1562,#1584,.T.);
#1582 = VERTEX_POINT('',#1583);
#1583 = CARTESIAN_POINT('',(123.,35.,61.));
#1584 = SURFACE_CURVE('',#1585,(#1590,#1596),.PCURVE_S1.);
#1585 = CIRCLE('',#1586,13.);
#1586 = AXIS2_PLACEMENT_3D('',#1587,#1588,#1589);
#1587 = CARTESIAN_POINT('',(110.,35.,61.));
#1588 = DIRECTION('',(-1.254338513399E-14,-1.,-1.334402673828E-15));
#1589 = DIRECTION('',(1.,-1.254338513399E-14,-8.00641604297E-15));
#1590 = PCURVE('',#1526,#1591);
#1591 = DEFINITIONAL_REPRESENTATION('',(#1592),#1595);
#1592 = B_SPLINE_CURVE_WITH_KNOTS('',1,(#1593,#1594),.UNSPECIFIED.,.F.,
  .F.,(2,2),(0.,3.14159265359),.PIECEWISE_BEZIER_KNOTS.);
#1593 = CARTESIAN_POINT('',(6.28318530718,-4.));
#1594 = CARTESIAN_POINT('',(3.14159265359,-4.));
#1595 = ( GEOMETRIC_REPRESENTATION_CONTEXT(2) 
PARAMETRIC_REPRESENTATION_CONTEXT() REPRESENTATION_CONTEXT('2D SPACE',''
  ) );
#1596 = PCURVE('',#1315,#1597);
#1597 = DEFINITIONAL_REPRESENTATION('',(#1598),#1602);
#1598 = CIRCLE('',#1599,13.);
#1599 = AXIS2_PLACEMENT_2D('',#1600,#1601);
#1600 = CARTESIAN_POINT('',(27.01,-28.01));
#1601 = DIRECTION('',(8.00641604297E-15,1.));
#1602 = ( GEOMETRIC_REPRESENTATION_CONTEXT(2) 
PARAMETRIC_REPRESENTATION_CONTEXT() REPRESENTATION_CONTEXT('2D SPACE',''
  ) );
#1603 = ORIENTED_EDGE('',*,*,#1604,.F.);
#1604 = EDGE_CURVE('',#1562,#1582,#1605,.T.);
#1605 = SURFACE_CURVE('',#1606,(#1611,#1617),.PCURVE_S1.);
#1606 = CIRCLE('',#1607,13.);
#1607 = AXIS2_PLACEMENT_3D('',#1608,#1609,#1610);
#1608 = CARTESIAN_POINT('',(110.,35.,61.));
#1609 = DIRECTION('',(-1.254338513399E-14,-1.,-1.334402673828E-15));
#1610 = DIRECTION('',(-1.,1.254338513399E-14,5.871371764845E-15));
#1611 = PCURVE('',#1526,#1612);
#1612 = DEFINITIONAL_REPRESENTATION('',(#1613),#1616);
#1613 = B_SPLINE_CURVE_WITH_KNOTS('',1,(#1614,#1615),.UNSPECIFIED.,.F.,
  .F.,(2,2),(-0.,3.14159265359),.PIECEWISE_BEZIER_KNOTS.);
#1614 = CARTESIAN_POINT('',(9.424777960769,-4.));
#1615 = CARTESIAN_POINT('',(6.28318530718,-4.));
#1616 = ( GEOMETRIC_REPRESENTATION_CONTEXT(2) 
PARAMETRIC_REPRESENTATION_CONTEXT() REPRESENTATION_CONTEXT('2D SPACE',''
  ) );
#1617 = PCURVE('',#1315,#1618);
#1618 = DEFINITIONAL_REPRESENTATION('',(#1619),#1623);
#1619 = CIRCLE('',#1620,13.);
#1620 = AXIS2_PLACEMENT_2D('',#1621,#1622);
#1621 = CARTESIAN_POINT('',(27.01,-28.01));
#1622 = DIRECTION('',(-5.871371764845E-15,-1.));
#1623 = ( GEOMETRIC_REPRESENTATION_CONTEXT(2) 
PARAMETRIC_REPRESENTATION_CONTEXT() REPRESENTATION_CONTEXT('2D SPACE',''
  ) );
#1624 = ORIENTED_EDGE('',*,*,#1561,.F.);
#1625 = ORIENTED_EDGE('',*,*,#1537,.F.);
#1626 = ORIENTED_EDGE('',*,*,#1507,.F.);
#1627 = ADVANCED_FACE('',(#1628),#1490,.T.);
#1628 = FACE_BOUND('',#1629,.T.);
#1629 = EDGE_LOOP('',(#1630,#1652,#1670,#1671));
#1630 = ORIENTED_EDGE('',*,*,#1631,.F.);
#1631 = EDGE_CURVE('',#1632,#1634,#1636,.T.);
#1632 = VERTEX_POINT('',#1633);
#1633 = CARTESIAN_POINT('',(138.,35.,88.));
#1634 = VERTEX_POINT('',#1635);
#1635 = CARTESIAN_POINT('',(-43.,35.,88.));
#1636 = SURFACE_CURVE('',#1637,(#1640,#1646),.PCURVE_S1.);
#1637 = B_SPLINE_CURVE_WITH_KNOTS('',1,(#1638,#1639),.UNSPECIFIED.,.F.,
  .F.,(2,2),(-90.5,90.5),.PIECEWISE_BEZIER_KNOTS.);
#1638 = CARTESIAN_POINT('',(138.,35.,88.));
#1639 = CARTESIAN_POINT('',(-43.,35.,88.));
#1640 = PCURVE('',#1490,#1641);
#1641 = DEFINITIONAL_REPRESENTATION('',(#1642),#1645);
#1642 = B_SPLINE_CURVE_WITH_KNOTS('',1,(#1643,#1644),.UNSPECIFIED.,.F.,
  .F.,(2,2),(-90.5,90.5),.PIECEWISE_BEZIER_KNOTS.);
#1643 = CARTESIAN_POINT('',(181.01,1.00000000002E-02));
#1644 = CARTESIAN_POINT('',(9.999999999593E-03,1.00000000002E-02));
#1645 = ( GEOMETRIC_REPRESENTATION_CONTEXT(2) 
PARAMETRIC_REPRESENTATION_CONTEXT() REPRESENTATION_CONTEXT('2D SPACE',''
  ) );
#1646 = PCURVE('',#1315,#1647);
#1647 = DEFINITIONAL_REPRESENTATION('',(#1648),#1651);
#1648 = B_SPLINE_CURVE_WITH_KNOTS('',1,(#1649,#1650),.UNSPECIFIED.,.F.,
  .F.,(2,2),(-90.5,90.5),.PIECEWISE_BEZIER_KNOTS.);
#1649 = CARTESIAN_POINT('',(1.00000000001E-02,-9.999999999962E-03));
#1650 = CARTESIAN_POINT('',(1.00000000001E-02,-181.01));
#1651 = ( GEOMETRIC_REPRESENTATION_CONTEXT(2) 
PARAMETRIC_REPRESENTATION_CONTEXT() REPRESENTATION_CONTEXT('2D SPACE',''
  ) );
#1652 = ORIENTED_EDGE('',*,*,#1653,.T.);
#1653 = EDGE_CURVE('',#1632,#1402,#1654,.T.);
#1654 = SURFACE_CURVE('',#1655,(#1658,#1664),.PCURVE_S1.);
#1655 = B_SPLINE_CURVE_WITH_KNOTS('',1,(#1656,#1657),.UNSPECIFIED.,.F.,
  .F.,(2,2),(-4.,4.),.PIECEWISE_BEZIER_KNOTS.);
#1656 = CARTESIAN_POINT('',(138.,35.,88.));
#1657 = CARTESIAN_POINT('',(138.,43.,88.));
#1658 = PCURVE('',#1490,#1659);
#1659 = DEFINITIONAL_REPRESENTATION('',(#1660),#1663);
#1660 = B_SPLINE_CURVE_WITH_KNOTS('',1,(#1661,#1662),.UNSPECIFIED.,.F.,
  .F.,(2,2),(-4.,4.),.PIECEWISE_BEZIER_KNOTS.);
#1661 = CARTESIAN_POINT('',(181.01,1.00000000002E-02));
#1662 = CARTESIAN_POINT('',(181.01,8.01));
#1663 = ( GEOMETRIC_REPRESENTATION_CONTEXT(2) 
PARAMETRIC_REPRESENTATION_CONTEXT() REPRESENTATION_CONTEXT('2D SPACE',''
  ) );
#1664 = PCURVE('',#1417,#1665);
#1665 = DEFINITIONAL_REPRESENTATION('',(#1666),#1669);
#1666 = B_SPLINE_CURVE_WITH_KNOTS('',1,(#1667,#1668),.UNSPECIFIED.,.F.,
  .F.,(2,2),(-4.,4.),.PIECEWISE_BEZIER_KNOTS.);
#1667 = CARTESIAN_POINT('',(-1.000000000001E-02,-9.999999999998E-03));
#1668 = CARTESIAN_POINT('',(-1.000000000001E-02,-8.01));
#1669 = ( GEOMETRIC_REPRESENTATION_CONTEXT(2) 
PARAMETRIC_REPRESENTATION_CONTEXT() REPRESENTATION_CONTEXT('2D SPACE',''
  ) );
#1670 = ORIENTED_EDGE('',*,*,#1478,.F.);
#1671 = ORIENTED_EDGE('',*,*,#1672,.F.);
#1672 = EDGE_CURVE('',#1634,#1454,#1673,.T.);
#1673 = SURFACE_CURVE('',#1674,(#1677,#1683),.PCURVE_S1.);
#1674 = B_SPLINE_CURVE_WITH_KNOTS('',1,(#1675,#1676),.UNSPECIFIED.,.F.,
  .F.,(2,2),(-4.,4.),.PIECEWISE_BEZIER_KNOTS.);
#1675 = CARTESIAN_POINT('',(-43.,35.,88.));
#1676 = CARTESIAN_POINT('',(-43.,43.,88.));
#1677 = PCURVE('',#1490,#1678);
#1678 = DEFINITIONAL_REPRESENTATION('',(#1679),#1682);
#1679 = B_SPLINE_CURVE_WITH_KNOTS('',1,(#1680,#1681),.UNSPECIFIED.,.F.,
  .F.,(2,2),(-4.,4.),.PIECEWISE_BEZIER_KNOTS.);
#1680 = CARTESIAN_POINT('',(9.999999999593E-03,1.00000000002E-02));
#1681 = CARTESIAN_POINT('',(9.999999999593E-03,8.01));
#1682 = ( GEOMETRIC_REPRESENTATION_CONTEXT(2) 
PARAMETRIC_REPRESENTATION_CONTEXT() REPRESENTATION_CONTEXT('2D SPACE',''
  ) );
#1683 = PCURVE('',#1467,#1684);
#1684 = DEFINITIONAL_REPRESENTATION('',(#1685),#1688);
#1685 = B_SPLINE_CURVE_WITH_KNOTS('',1,(#1686,#1687),.UNSPECIFIED.,.F.,
  .F.,(2,2),(-4.,4.),.PIECEWISE_BEZIER_KNOTS.);
#1686 = CARTESIAN_POINT('',(1.000000000001E-02,-9.999999999998E-03));
#1687 = CARTESIAN_POINT('',(1.000000000001E-02,-8.01));
#1688 = ( GEOMETRIC_REPRESENTATION_CONTEXT(2) 
PARAMETRIC_REPRESENTATION_CONTEXT() REPRESENTATION_CONTEXT('2D SPACE',''
  ) );
#1689 = ADVANCED_FACE('',(#1690),#1467,.T.);
#1690 = FACE_BOUND('',#1691,.T.);
#1691 = EDGE_LOOP('',(#1692,#1693,#1713,#1731));
#1692 = ORIENTED_EDGE('',*,*,#1453,.T.);
#1693 = ORIENTED_EDGE('',*,*,#1694,.T.);
#1694 = EDGE_CURVE('',#1429,#1695,#1697,.T.);
#1695 = VERTEX_POINT('',#1696);
#1696 = CARTESIAN_POINT('',(-43.,35.,8.));
#1697 = SURFACE_CURVE('',#1698,(#1701,#1707),.PCURVE_S1.);
#1698 = B_SPLINE_CURVE_WITH_KNOTS('',1,(#1699,#1700),.UNSPECIFIED.,.F.,
  .F.,(2,2),(-4.,4.),.PIECEWISE_BEZIER_KNOTS.);
#1699 = CARTESIAN_POINT('',(-43.,43.,8.));
#1700 = CARTESIAN_POINT('',(-43.,35.,8.));
#1701 = PCURVE('',#1467,#1702);
#1702 = DEFINITIONAL_REPRESENTATION('',(#1703),#1706);
#1703 = B_SPLINE_CURVE_WITH_KNOTS('',1,(#1704,#1705),.UNSPECIFIED.,.F.,
  .F.,(2,2),(-4.,4.),.PIECEWISE_BEZIER_KNOTS.);
#1704 = CARTESIAN_POINT('',(80.01,-8.01));
#1705 = CARTESIAN_POINT('',(80.01,-1.00000000001E-02));
#1706 = ( GEOMETRIC_REPRESENTATION_CONTEXT(2) 
PARAMETRIC_REPRESENTATION_CONTEXT() REPRESENTATION_CONTEXT('2D SPACE',''
  ) );
#1707 = PCURVE('',#1442,#1708);
#1708 = DEFINITIONAL_REPRESENTATION('',(#1709),#1712);
#1709 = B_SPLINE_CURVE_WITH_KNOTS('',1,(#1710,#1711),.UNSPECIFIED.,.F.,
  .F.,(2,2),(-4.,4.),.PIECEWISE_BEZIER_KNOTS.);
#1710 = CARTESIAN_POINT('',(181.01,8.01));
#1711 = CARTESIAN_POINT('',(181.01,1.00000000002E-02));
#1712 = ( GEOMETRIC_REPRESENTATION_CONTEXT(2) 
PARAMETRIC_REPRESENTATION_CONTEXT() REPRESENTATION_CONTEXT('2D SPACE',''
  ) );
#1713 = ORIENTED_EDGE('',*,*,#1714,.T.);
#1714 = EDGE_CURVE('',#1695,#1634,#1715,.T.);
#1715 = SURFACE_CURVE('',#1716,(#1719,#1725),.PCURVE_S1.);
#1716 = B_SPLINE_CURVE_WITH_KNOTS('',1,(#1717,#1718),.UNSPECIFIED.,.F.,
  .F.,(2,2),(-40.,40.),.PIECEWISE_BEZIER_KNOTS.);
#1717 = CARTESIAN_POINT('',(-43.,35.,8.));
#1718 = CARTESIAN_POINT('',(-43.,35.,88.));
#1719 = PCURVE('',#1467,#1720);
#1720 = DEFINITIONAL_REPRESENTATION('',(#1721),#1724);
#1721 = B_SPLINE_CURVE_WITH_KNOTS('',1,(#1722,#1723),.UNSPECIFIED.,.F.,
  .F.,(2,2),(-40.,40.),.PIECEWISE_BEZIER_KNOTS.);
#1722 = CARTESIAN_POINT('',(80.01,-1.00000000001E-02));
#1723 = CARTESIAN_POINT('',(1.000000000001E-02,-9.999999999998E-03));
#1724 = ( GEOMETRIC_REPRESENTATION_CONTEXT(2) 
PARAMETRIC_REPRESENTATION_CONTEXT() REPRESENTATION_CONTEXT('2D SPACE',''
  ) );
#1725 = PCURVE('',#1315,#1726);
#1726 = DEFINITIONAL_REPRESENTATION('',(#1727),#1730);
#1727 = B_SPLINE_CURVE_WITH_KNOTS('',1,(#1728,#1729),.UNSPECIFIED.,.F.,
  .F.,(2,2),(-40.,40.),.PIECEWISE_BEZIER_KNOTS.);
#1728 = CARTESIAN_POINT('',(80.01,-181.01));
#1729 = CARTESIAN_POINT('',(1.00000000001E-02,-181.01));
#1730 = ( GEOMETRIC_REPRESENTATION_CONTEXT(2) 
PARAMETRIC_REPRESENTATION_CONTEXT() REPRESENTATION_CONTEXT('2D SPACE',''
  ) );
#1731 = ORIENTED_EDGE('',*,*,#1672,.T.);
#1732 = ADVANCED_FACE('',(#1733),#1442,.T.);
#1733 = FACE_BOUND('',#1734,.T.);
#1734 = EDGE_LOOP('',(#1735,#1736,#1756,#1774));
#1735 = ORIENTED_EDGE('',*,*,#1428,.T.);
#1736 = ORIENTED_EDGE('',*,*,#1737,.T.);
#1737 = EDGE_CURVE('',#1404,#1738,#1740,.T.);
#1738 = VERTEX_POINT('',#1739);
#1739 = CARTESIAN_POINT('',(138.,35.,8.));
#1740 = SURFACE_CURVE('',#1741,(#1744,#1750),.PCURVE_S1.);
#1741 = B_SPLINE_CURVE_WITH_KNOTS('',1,(#1742,#1743),.UNSPECIFIED.,.F.,
  .F.,(2,2),(-4.,4.),.PIECEWISE_BEZIER_KNOTS.);
#1742 = CARTESIAN_POINT('',(138.,43.,8.));
#1743 = CARTESIAN_POINT('',(138.,35.,8.));
#1744 = PCURVE('',#1442,#1745);
#1745 = DEFINITIONAL_REPRESENTATION('',(#1746),#1749);
#1746 = B_SPLINE_CURVE_WITH_KNOTS('',1,(#1747,#1748),.UNSPECIFIED.,.F.,
  .F.,(2,2),(-4.,4.),.PIECEWISE_BEZIER_KNOTS.);
#1747 = CARTESIAN_POINT('',(9.999999999962E-03,8.01));
#1748 = CARTESIAN_POINT('',(9.999999999962E-03,1.00000000002E-02));
#1749 = ( GEOMETRIC_REPRESENTATION_CONTEXT(2) 
PARAMETRIC_REPRESENTATION_CONTEXT() REPRESENTATION_CONTEXT('2D SPACE',''
  ) );
#1750 = PCURVE('',#1417,#1751);
#1751 = DEFINITIONAL_REPRESENTATION('',(#1752),#1755);
#1752 = B_SPLINE_CURVE_WITH_KNOTS('',1,(#1753,#1754),.UNSPECIFIED.,.F.,
  .F.,(2,2),(-4.,4.),.PIECEWISE_BEZIER_KNOTS.);
#1753 = CARTESIAN_POINT('',(-80.01,-8.01));
#1754 = CARTESIAN_POINT('',(-80.01,-1.00000000001E-02));
#1755 = ( GEOMETRIC_REPRESENTATION_CONTEXT(2) 
PARAMETRIC_REPRESENTATION_CONTEXT() REPRESENTATION_CONTEXT('2D SPACE',''
  ) );
#1756 = ORIENTED_EDGE('',*,*,#1757,.T.);
#1757 = EDGE_CURVE('',#1738,#1695,#1758,.T.);
#1758 = SURFACE_CURVE('',#1759,(#1762,#1768),.PCURVE_S1.);
#1759 = B_SPLINE_CURVE_WITH_KNOTS('',1,(#1760,#1761),.UNSPECIFIED.,.F.,
  .F.,(2,2),(-90.5,90.5),.PIECEWISE_BEZIER_KNOTS.);
#1760 = CARTESIAN_POINT('',(138.,35.,8.));
#1761 = CARTESIAN_POINT('',(-43.,35.,8.));
#1762 = PCURVE('',#1442,#1763);
#1763 = DEFINITIONAL_REPRESENTATION('',(#1764),#1767);
#1764 = B_SPLINE_CURVE_WITH_KNOTS('',1,(#1765,#1766),.UNSPECIFIED.,.F.,
  .F.,(2,2),(-90.5,90.5),.PIECEWISE_BEZIER_KNOTS.);
#1765 = CARTESIAN_POINT('',(9.999999999962E-03,1.00000000002E-02));
#1766 = CARTESIAN_POINT('',(181.01,1.00000000002E-02));
#1767 = ( GEOMETRIC_REPRESENTATION_CONTEXT(2) 
PARAMETRIC_REPRESENTATION_CONTEXT() REPRESENTATION_CONTEXT('2D SPACE',''
  ) );
#1768 = PCURVE('',#1315,#1769);
#1769 = DEFINITIONAL_REPRESENTATION('',(#1770),#1773);
#1770 = B_SPLINE_CURVE_WITH_KNOTS('',1,(#1771,#1772),.UNSPECIFIED.,.F.,
  .F.,(2,2),(-90.5,90.5),.PIECEWISE_BEZIER_KNOTS.);
#1771 = CARTESIAN_POINT('',(80.01,-9.999999999962E-03));
#1772 = CARTESIAN_POINT('',(80.01,-181.01));
#1773 = ( GEOMETRIC_REPRESENTATION_CONTEXT(2) 
PARAMETRIC_REPRESENTATION_CONTEXT() REPRESENTATION_CONTEXT('2D SPACE',''
  ) );
#1774 = ORIENTED_EDGE('',*,*,#1694,.F.);
#1775 = ADVANCED_FACE('',(#1776),#1417,.T.);
#1776 = FACE_BOUND('',#1777,.T.);
#1777 = EDGE_LOOP('',(#1778,#1779,#1797,#1798));
#1778 = ORIENTED_EDGE('',*,*,#1653,.F.);
#1779 = ORIENTED_EDGE('',*,*,#1780,.F.);
#1780 = EDGE_CURVE('',#1738,#1632,#1781,.T.);
#1781 = SURFACE_CURVE('',#1782,(#1785,#1791),.PCURVE_S1.);
#1782 = B_SPLINE_CURVE_WITH_KNOTS('',1,(#1783,#1784),.UNSPECIFIED.,.F.,
  .F.,(2,2),(-40.,40.),.PIECEWISE_BEZIER_KNOTS.);
#1783 = CARTESIAN_POINT('',(138.,35.,8.));
#1784 = CARTESIAN_POINT('',(138.,35.,88.));
#1785 = PCURVE('',#1417,#1786);
#1786 = DEFINITIONAL_REPRESENTATION('',(#1787),#1790);
#1787 = B_SPLINE_CURVE_WITH_KNOTS('',1,(#1788,#1789),.UNSPECIFIED.,.F.,
  .F.,(2,2),(-40.,40.),.PIECEWISE_BEZIER_KNOTS.);
#1788 = CARTESIAN_POINT('',(-80.01,-1.00000000001E-02));
#1789 = CARTESIAN_POINT('',(-1.000000000001E-02,-9.999999999998E-03));
#1790 = ( GEOMETRIC_REPRESENTATION_CONTEXT(2) 
PARAMETRIC_REPRESENTATION_CONTEXT() REPRESENTATION_CONTEXT('2D SPACE',''
  ) );
#1791 = PCURVE('',#1315,#1792);
#1792 = DEFINITIONAL_REPRESENTATION('',(#1793),#1796);
#1793 = B_SPLINE_CURVE_WITH_KNOTS('',1,(#1794,#1795),.UNSPECIFIED.,.F.,
  .F.,(2,2),(-40.,40.),.PIECEWISE_BEZIER_KNOTS.);
#1794 = CARTESIAN_POINT('',(80.01,-9.999999999962E-03));
#1795 = CARTESIAN_POINT('',(1.00000000001E-02,-9.999999999962E-03));
#1796 = ( GEOMETRIC_REPRESENTATION_CONTEXT(2) 
PARAMETRIC_REPRESENTATION_CONTEXT() REPRESENTATION_CONTEXT('2D SPACE',''
  ) );
#1797 = ORIENTED_EDGE('',*,*,#1737,.F.);
#1798 = ORIENTED_EDGE('',*,*,#1401,.F.);
#1799 = ADVANCED_FACE('',(#1800,#1806,#1810),#1315,.T.);
#1800 = FACE_BOUND('',#1801,.T.);
#1801 = EDGE_LOOP('',(#1802,#1803,#1804,#1805));
#1802 = ORIENTED_EDGE('',*,*,#1780,.T.);
#1803 = ORIENTED_EDGE('',*,*,#1631,.T.);
#1804 = ORIENTED_EDGE('',*,*,#1714,.F.);
#1805 = ORIENTED_EDGE('',*,*,#1757,.F.);
#1806 = FACE_BOUND('',#1807,.T.);
#1807 = EDGE_LOOP('',(#1808,#1809));
#1808 = ORIENTED_EDGE('',*,*,#1299,.F.);
#1809 = ORIENTED_EDGE('',*,*,#1327,.F.);
#1810 = FACE_BOUND('',#1811,.T.);
#1811 = EDGE_LOOP('',(#1812,#1813));
#1812 = ORIENTED_EDGE('',*,*,#1604,.F.);
#1813 = ORIENTED_EDGE('',*,*,#1581,.F.);
#1814 = ( GEOMETRIC_REPRESENTATION_CONTEXT(3) 
GLOBAL_UNCERTAINTY_ASSIGNED_CONTEXT((#1818)) 
GLOBAL_UNIT_ASSIGNED_CONTEXT((#1815,#1816,#1817)) REPRESENTATION_CONTEXT
('Context #1','3D Context with UNIT and UNCERTAINTY') );
#1815 = ( LENGTH_UNIT() NAMED_UNIT(*) SI_UNIT(.MILLI.,.METRE.) );
#1816 = ( NAMED_UNIT(*) PLANE_ANGLE_UNIT() SI_UNIT($,.RADIAN.) );
#1817 = ( NAMED_UNIT(*) SI_UNIT($,.STERADIAN.) SOLID_ANGLE_UNIT() );
#1818 = UNCERTAINTY_MEASURE_WITH_UNIT(LENGTH_MEASURE(1.E-04),#1815,
  'distance_accuracy_value','confusion accuracy');
#1819 = CONTEXT_DEPENDENT_SHAPE_REPRESENTATION(#1820,#1822);
#1820 = ( REPRESENTATION_RELATIONSHIP('','',#1265,#1238) 
REPRESENTATION_RELATIONSHIP_WITH_TRANSFORMATION(#1821) 
SHAPE_REPRESENTATION_RELATIONSHIP() );
#1821 = ITEM_DEFINED_TRANSFORMATION('','',#11,#1239);
#1822 = PRODUCT_DEFINITION_SHAPE('Placement','Placement of an item',
  #1823);
#1823 = NEXT_ASSEMBLY_USAGE_OCCURRENCE('64','','',#1233,#1260,$);
#1824 = PRODUCT_RELATED_PRODUCT_CATEGORY('part',$,(#1262));
#1825 = SHAPE_DEFINITION_REPRESENTATION(#1826,#1832);
#1826 = PRODUCT_DEFINITION_SHAPE('','',#1827);
#1827 = PRODUCT_DEFINITION('design','',#1828,#1831);
#1828 = PRODUCT_DEFINITION_FORMATION('','',#1829);
#1829 = PRODUCT('OCCBrep 7.2.2','OCCBrep 7.2.2','',(#1830));
#1830 = PRODUCT_CONTEXT('',#2,'mechanical');
#1831 = PRODUCT_DEFINITION_CONTEXT('part definition',#2,'design');
#1832 = ADVANCED_BREP_SHAPE_REPRESENTATION('',(#11,#1833),#2413);
#1833 = MANIFOLD_SOLID_BREP('',#1834);
#1834 = CLOSED_SHELL('',(#1835,#2065,#2148,#2291,#2317,#2358,#2382,#2406
    ));
#1835 = ADVANCED_FACE('',(#1836,#1943,#2004),#1849,.T.);
#1836 = FACE_BOUND('',#1837,.T.);
#1837 = EDGE_LOOP('',(#1838,#1870,#1895,#1920));
#1838 = ORIENTED_EDGE('',*,*,#1839,.T.);
#1839 = EDGE_CURVE('',#1840,#1842,#1844,.T.);
#1840 = VERTEX_POINT('',#1841);
#1841 = CARTESIAN_POINT('',(138.,-43.,8.));
#1842 = VERTEX_POINT('',#1843);
#1843 = CARTESIAN_POINT('',(138.,-43.,88.));
#1844 = SURFACE_CURVE('',#1845,(#1848,#1859),.PCURVE_S1.);
#1845 = B_SPLINE_CURVE_WITH_KNOTS('',1,(#1846,#1847),.UNSPECIFIED.,.F.,
  .F.,(2,2),(-40.,40.),.PIECEWISE_BEZIER_KNOTS.);
#1846 = CARTESIAN_POINT('',(138.,-43.,8.));
#1847 = CARTESIAN_POINT('',(138.,-43.,88.));
#1848 = PCURVE('',#1849,#1854);
#1849 = PLANE('',#1850);
#1850 = AXIS2_PLACEMENT_3D('',#1851,#1852,#1853);
#1851 = CARTESIAN_POINT('',(-43.01,-43.,7.99));
#1852 = DIRECTION('',(0.,-1.,0.));
#1853 = DIRECTION('',(0.,0.,-1.));
#1854 = DEFINITIONAL_REPRESENTATION('',(#1855),#1858);
#1855 = B_SPLINE_CURVE_WITH_KNOTS('',1,(#1856,#1857),.UNSPECIFIED.,.F.,
  .F.,(2,2),(-40.,40.),.PIECEWISE_BEZIER_KNOTS.);
#1856 = CARTESIAN_POINT('',(-1.000000000005E-02,181.01));
#1857 = CARTESIAN_POINT('',(-80.01,181.01));
#1858 = ( GEOMETRIC_REPRESENTATION_CONTEXT(2) 
PARAMETRIC_REPRESENTATION_CONTEXT() REPRESENTATION_CONTEXT('2D SPACE',''
  ) );
#1859 = PCURVE('',#1860,#1865);
#1860 = PLANE('',#1861);
#1861 = AXIS2_PLACEMENT_3D('',#1862,#1863,#1864);
#1862 = CARTESIAN_POINT('',(138.,-34.99,7.99));
#1863 = DIRECTION('',(1.,0.,0.));
#1864 = DIRECTION('',(0.,0.,1.));
#1865 = DEFINITIONAL_REPRESENTATION('',(#1866),#1869);
#1866 = B_SPLINE_CURVE_WITH_KNOTS('',1,(#1867,#1868),.UNSPECIFIED.,.F.,
  .F.,(2,2),(-40.,40.),.PIECEWISE_BEZIER_KNOTS.);
#1867 = CARTESIAN_POINT('',(9.99999999997E-03,8.01));
#1868 = CARTESIAN_POINT('',(80.01,8.01));
#1869 = ( GEOMETRIC_REPRESENTATION_CONTEXT(2) 
PARAMETRIC_REPRESENTATION_CONTEXT() REPRESENTATION_CONTEXT('2D SPACE',''
  ) );
#1870 = ORIENTED_EDGE('',*,*,#1871,.T.);
#1871 = EDGE_CURVE('',#1842,#1872,#1874,.T.);
#1872 = VERTEX_POINT('',#1873);
#1873 = CARTESIAN_POINT('',(-43.,-43.,88.));
#1874 = SURFACE_CURVE('',#1875,(#1878,#1884),.PCURVE_S1.);
#1875 = B_SPLINE_CURVE_WITH_KNOTS('',1,(#1876,#1877),.UNSPECIFIED.,.F.,
  .F.,(2,2),(-90.5,90.5),.PIECEWISE_BEZIER_KNOTS.);
#1876 = CARTESIAN_POINT('',(138.,-43.,88.));
#1877 = CARTESIAN_POINT('',(-43.,-43.,88.));
#1878 = PCURVE('',#1849,#1879);
#1879 = DEFINITIONAL_REPRESENTATION('',(#1880),#1883);
#1880 = B_SPLINE_CURVE_WITH_KNOTS('',1,(#1881,#1882),.UNSPECIFIED.,.F.,
  .F.,(2,2),(-90.5,90.5),.PIECEWISE_BEZIER_KNOTS.);
#1881 = CARTESIAN_POINT('',(-80.01,181.01));
#1882 = CARTESIAN_POINT('',(-80.01,9.9999999996E-03));
#1883 = ( GEOMETRIC_REPRESENTATION_CONTEXT(2) 
PARAMETRIC_REPRESENTATION_CONTEXT() REPRESENTATION_CONTEXT('2D SPACE',''
  ) );
#1884 = PCURVE('',#1885,#1890);
#1885 = PLANE('',#1886);
#1886 = AXIS2_PLACEMENT_3D('',#1887,#1888,#1889);
#1887 = CARTESIAN_POINT('',(138.01,-34.99,88.));
#1888 = DIRECTION('',(0.,0.,1.));
#1889 = DIRECTION('',(1.,0.,0.));
#1890 = DEFINITIONAL_REPRESENTATION('',(#1891),#1894);
#1891 = B_SPLINE_CURVE_WITH_KNOTS('',1,(#1892,#1893),.UNSPECIFIED.,.F.,
  .F.,(2,2),(-90.5,90.5),.PIECEWISE_BEZIER_KNOTS.);
#1892 = CARTESIAN_POINT('',(-9.999999999962E-03,-8.01));
#1893 = CARTESIAN_POINT('',(-181.01,-8.01));
#1894 = ( GEOMETRIC_REPRESENTATION_CONTEXT(2) 
PARAMETRIC_REPRESENTATION_CONTEXT() REPRESENTATION_CONTEXT('2D SPACE',''
  ) );
#1895 = ORIENTED_EDGE('',*,*,#1896,.T.);
#1896 = EDGE_CURVE('',#1872,#1897,#1899,.T.);
#1897 = VERTEX_POINT('',#1898);
#1898 = CARTESIAN_POINT('',(-43.,-43.,8.));
#1899 = SURFACE_CURVE('',#1900,(#1903,#1909),.PCURVE_S1.);
#1900 = B_SPLINE_CURVE_WITH_KNOTS('',1,(#1901,#1902),.UNSPECIFIED.,.F.,
  .F.,(2,2),(-40.,40.),.PIECEWISE_BEZIER_KNOTS.);
#1901 = CARTESIAN_POINT('',(-43.,-43.,88.));
#1902 = CARTESIAN_POINT('',(-43.,-43.,8.));
#1903 = PCURVE('',#1849,#1904);
#1904 = DEFINITIONAL_REPRESENTATION('',(#1905),#1908);
#1905 = B_SPLINE_CURVE_WITH_KNOTS('',1,(#1906,#1907),.UNSPECIFIED.,.F.,
  .F.,(2,2),(-40.,40.),.PIECEWISE_BEZIER_KNOTS.);
#1906 = CARTESIAN_POINT('',(-80.01,9.9999999996E-03));
#1907 = CARTESIAN_POINT('',(-1.000000000003E-02,9.9999999996E-03));
#1908 = ( GEOMETRIC_REPRESENTATION_CONTEXT(2) 
PARAMETRIC_REPRESENTATION_CONTEXT() REPRESENTATION_CONTEXT('2D SPACE',''
  ) );
#1909 = PCURVE('',#1910,#1915);
#1910 = PLANE('',#1911);
#1911 = AXIS2_PLACEMENT_3D('',#1912,#1913,#1914);
#1912 = CARTESIAN_POINT('',(-43.,-34.99,7.99));
#1913 = DIRECTION('',(-1.,0.,0.));
#1914 = DIRECTION('',(0.,0.,-1.));
#1915 = DEFINITIONAL_REPRESENTATION('',(#1916),#1919);
#1916 = B_SPLINE_CURVE_WITH_KNOTS('',1,(#1917,#1918),.UNSPECIFIED.,.F.,
  .F.,(2,2),(-40.,40.),.PIECEWISE_BEZIER_KNOTS.);
#1917 = CARTESIAN_POINT('',(-80.01,8.01));
#1918 = CARTESIAN_POINT('',(-9.99999999997E-03,8.01));
#1919 = ( GEOMETRIC_REPRESENTATION_CONTEXT(2) 
PARAMETRIC_REPRESENTATION_CONTEXT() REPRESENTATION_CONTEXT('2D SPACE',''
  ) );
#1920 = ORIENTED_EDGE('',*,*,#1921,.T.);
#1921 = EDGE_CURVE('',#1897,#1840,#1922,.T.);
#1922 = SURFACE_CURVE('',#1923,(#1926,#1932),.PCURVE_S1.);
#1923 = B_SPLINE_CURVE_WITH_KNOTS('',1,(#1924,#1925),.UNSPECIFIED.,.F.,
  .F.,(2,2),(-90.5,90.5),.PIECEWISE_BEZIER_KNOTS.);
#1924 = CARTESIAN_POINT('',(-43.,-43.,8.));
#1925 = CARTESIAN_POINT('',(138.,-43.,8.));
#1926 = PCURVE('',#1849,#1927);
#1927 = DEFINITIONAL_REPRESENTATION('',(#1928),#1931);
#1928 = B_SPLINE_CURVE_WITH_KNOTS('',1,(#1929,#1930),.UNSPECIFIED.,.F.,
  .F.,(2,2),(-90.5,90.5),.PIECEWISE_BEZIER_KNOTS.);
#1929 = CARTESIAN_POINT('',(-1.000000000003E-02,9.9999999996E-03));
#1930 = CARTESIAN_POINT('',(-1.000000000005E-02,181.01));
#1931 = ( GEOMETRIC_REPRESENTATION_CONTEXT(2) 
PARAMETRIC_REPRESENTATION_CONTEXT() REPRESENTATION_CONTEXT('2D SPACE',''
  ) );
#1932 = PCURVE('',#1933,#1938);
#1933 = PLANE('',#1934);
#1934 = AXIS2_PLACEMENT_3D('',#1935,#1936,#1937);
#1935 = CARTESIAN_POINT('',(-43.01,-34.99,8.));
#1936 = DIRECTION('',(0.,0.,-1.));
#1937 = DIRECTION('',(-1.,0.,0.));
#1938 = DEFINITIONAL_REPRESENTATION('',(#1939),#1942);
#1939 = B_SPLINE_CURVE_WITH_KNOTS('',1,(#1940,#1941),.UNSPECIFIED.,.F.,
  .F.,(2,2),(-90.5,90.5),.PIECEWISE_BEZIER_KNOTS.);
#1940 = CARTESIAN_POINT('',(-9.9999999996E-03,-8.01));
#1941 = CARTESIAN_POINT('',(-181.01,-8.01));
#1942 = ( GEOMETRIC_REPRESENTATION_CONTEXT(2) 
PARAMETRIC_REPRESENTATION_CONTEXT() REPRESENTATION_CONTEXT('2D SPACE',''
  ) );
#1943 = FACE_BOUND('',#1944,.T.);
#1944 = EDGE_LOOP('',(#1945,#1979));
#1945 = ORIENTED_EDGE('',*,*,#1946,.T.);
#1946 = EDGE_CURVE('',#1947,#1949,#1951,.T.);
#1947 = VERTEX_POINT('',#1948);
#1948 = CARTESIAN_POINT('',(-13.,-43.,61.));
#1949 = VERTEX_POINT('',#1950);
#1950 = CARTESIAN_POINT('',(13.,-43.,61.));
#1951 = SURFACE_CURVE('',#1952,(#1957,#1968),.PCURVE_S1.);
#1952 = CIRCLE('',#1953,13.);
#1953 = AXIS2_PLACEMENT_3D('',#1954,#1955,#1956);
#1954 = CARTESIAN_POINT('',(-2.40420407736E-13,-43.,61.));
#1955 = DIRECTION('',(8.807057647267E-15,1.,-2.668805347657E-16));
#1956 = DIRECTION('',(-1.,8.807057647267E-15,-6.938893903907E-15));
#1957 = PCURVE('',#1849,#1958);
#1958 = DEFINITIONAL_REPRESENTATION('',(#1959),#1967);
#1959 = ( BOUNDED_CURVE() B_SPLINE_CURVE(2,(#1960,#1961,#1962,#1963,
#1964,#1965,#1966),.UNSPECIFIED.,.T.,.F.) B_SPLINE_CURVE_WITH_KNOTS((1,2
    ,2,2,2,1),(-2.094395102393,0.,2.094395102393,4.188790204786,
6.28318530718,8.377580409573),.UNSPECIFIED.) CURVE() 
GEOMETRIC_REPRESENTATION_ITEM() RATIONAL_B_SPLINE_CURVE((1.,0.5,1.,0.5,
1.,0.5,1.)) REPRESENTATION_ITEM('') );
#1960 = CARTESIAN_POINT('',(-53.01,30.01));
#1961 = CARTESIAN_POINT('',(-75.52666049839,30.01));
#1962 = CARTESIAN_POINT('',(-64.26833024919,49.51));
#1963 = CARTESIAN_POINT('',(-53.01,69.01));
#1964 = CARTESIAN_POINT('',(-41.7516697508,49.51));
#1965 = CARTESIAN_POINT('',(-30.4933395016,30.01));
#1966 = CARTESIAN_POINT('',(-53.01,30.01));
#1967 = ( GEOMETRIC_REPRESENTATION_CONTEXT(2) 
PARAMETRIC_REPRESENTATION_CONTEXT() REPRESENTATION_CONTEXT('2D SPACE',''
  ) );
#1968 = PCURVE('',#1969,#1974);
#1969 = CYLINDRICAL_SURFACE('',#1970,13.);
#1970 = AXIS2_PLACEMENT_3D('',#1971,#1972,#1973);
#1971 = CARTESIAN_POINT('',(-2.502334856027E-13,-39.,61.));
#1972 = DIRECTION('',(-8.00641604297E-16,1.,8.00641604297E-16));
#1973 = DIRECTION('',(1.,8.00641604297E-16,0.));
#1974 = DEFINITIONAL_REPRESENTATION('',(#1975),#1978);
#1975 = B_SPLINE_CURVE_WITH_KNOTS('',1,(#1976,#1977),.UNSPECIFIED.,.F.,
  .F.,(2,2),(0.,3.14159265359),.PIECEWISE_BEZIER_KNOTS.);
#1976 = CARTESIAN_POINT('',(3.14159265359,-4.));
#1977 = CARTESIAN_POINT('',(6.28318530718,-4.));
#1978 = ( GEOMETRIC_REPRESENTATION_CONTEXT(2) 
PARAMETRIC_REPRESENTATION_CONTEXT() REPRESENTATION_CONTEXT('2D SPACE',''
  ) );
#1979 = ORIENTED_EDGE('',*,*,#1980,.T.);
#1980 = EDGE_CURVE('',#1949,#1947,#1981,.T.);
#1981 = SURFACE_CURVE('',#1982,(#1987,#1998),.PCURVE_S1.);
#1982 = CIRCLE('',#1983,13.);
#1983 = AXIS2_PLACEMENT_3D('',#1984,#1985,#1986);
#1984 = CARTESIAN_POINT('',(-2.453269466693E-13,-43.,61.));
#1985 = DIRECTION('',(8.273296577736E-15,1.,2.401924812891E-15));
#1986 = DIRECTION('',(1.,-8.273296577736E-15,8.00641604297E-15));
#1987 = PCURVE('',#1849,#1988);
#1988 = DEFINITIONAL_REPRESENTATION('',(#1989),#1997);
#1989 = ( BOUNDED_CURVE() B_SPLINE_CURVE(2,(#1990,#1991,#1992,#1993,
#1994,#1995,#1996),.UNSPECIFIED.,.T.,.F.) B_SPLINE_CURVE_WITH_KNOTS((1,2
    ,2,2,2,1),(-2.094395102393,0.,2.094395102393,4.188790204786,
6.28318530718,8.377580409573),.UNSPECIFIED.) CURVE() 
GEOMETRIC_REPRESENTATION_ITEM() RATIONAL_B_SPLINE_CURVE((1.,0.5,1.,0.5,
1.,0.5,1.)) REPRESENTATION_ITEM('') );
#1990 = CARTESIAN_POINT('',(-53.01,56.01));
#1991 = CARTESIAN_POINT('',(-30.4933395016,56.01));
#1992 = CARTESIAN_POINT('',(-41.7516697508,36.51));
#1993 = CARTESIAN_POINT('',(-53.00999999999,17.01));
#1994 = CARTESIAN_POINT('',(-64.26833024919,36.51));
#1995 = CARTESIAN_POINT('',(-75.52666049839,56.009999999999));
#1996 = CARTESIAN_POINT('',(-53.01,56.01));
#1997 = ( GEOMETRIC_REPRESENTATION_CONTEXT(2) 
PARAMETRIC_REPRESENTATION_CONTEXT() REPRESENTATION_CONTEXT('2D SPACE',''
  ) );
#1998 = PCURVE('',#1969,#1999);
#1999 = DEFINITIONAL_REPRESENTATION('',(#2000),#2003);
#2000 = B_SPLINE_CURVE_WITH_KNOTS('',1,(#2001,#2002),.UNSPECIFIED.,.F.,
  .F.,(2,2),(0.,3.14159265359),.PIECEWISE_BEZIER_KNOTS.);
#2001 = CARTESIAN_POINT('',(6.28318530718,-4.));
#2002 = CARTESIAN_POINT('',(9.424777960769,-4.));
#2003 = ( GEOMETRIC_REPRESENTATION_CONTEXT(2) 
PARAMETRIC_REPRESENTATION_CONTEXT() REPRESENTATION_CONTEXT('2D SPACE',''
  ) );
#2004 = FACE_BOUND('',#2005,.T.);
#2005 = EDGE_LOOP('',(#2006,#2040));
#2006 = ORIENTED_EDGE('',*,*,#2007,.T.);
#2007 = EDGE_CURVE('',#2008,#2010,#2012,.T.);
#2008 = VERTEX_POINT('',#2009);
#2009 = CARTESIAN_POINT('',(123.,-43.,61.));
#2010 = VERTEX_POINT('',#2011);
#2011 = CARTESIAN_POINT('',(97.,-43.,61.));
#2012 = SURFACE_CURVE('',#2013,(#2018,#2029),.PCURVE_S1.);
#2013 = CIRCLE('',#2014,13.);
#2014 = AXIS2_PLACEMENT_3D('',#2015,#2016,#2017);
#2015 = CARTESIAN_POINT('',(110.,-43.,61.));
#2016 = DIRECTION('',(7.472654973439E-15,1.,1.601283208594E-15));
#2017 = DIRECTION('',(1.,-7.472654973439E-15,6.938893903907E-15));
#2018 = PCURVE('',#1849,#2019);
#2019 = DEFINITIONAL_REPRESENTATION('',(#2020),#2028);
#2020 = ( BOUNDED_CURVE() B_SPLINE_CURVE(2,(#2021,#2022,#2023,#2024,
#2025,#2026,#2027),.UNSPECIFIED.,.T.,.F.) B_SPLINE_CURVE_WITH_KNOTS((1,2
    ,2,2,2,1),(-2.094395102393,0.,2.094395102393,4.188790204786,
6.28318530718,8.377580409573),.UNSPECIFIED.) CURVE() 
GEOMETRIC_REPRESENTATION_ITEM() RATIONAL_B_SPLINE_CURVE((1.,0.5,1.,0.5,
1.,0.5,1.)) REPRESENTATION_ITEM('') );
#2021 = CARTESIAN_POINT('',(-53.01,166.01));
#2022 = CARTESIAN_POINT('',(-30.4933395016,166.01));
#2023 = CARTESIAN_POINT('',(-41.7516697508,146.51));
#2024 = CARTESIAN_POINT('',(-53.01,127.01));
#2025 = CARTESIAN_POINT('',(-64.26833024919,146.51));
#2026 = CARTESIAN_POINT('',(-75.52666049839,166.01));
#2027 = CARTESIAN_POINT('',(-53.01,166.01));
#2028 = ( GEOMETRIC_REPRESENTATION_CONTEXT(2) 
PARAMETRIC_REPRESENTATION_CONTEXT() REPRESENTATION_CONTEXT('2D SPACE',''
  ) );
#2029 = PCURVE('',#2030,#2035);
#2030 = CYLINDRICAL_SURFACE('',#2031,13.);
#2031 = AXIS2_PLACEMENT_3D('',#2032,#2033,#2034);
#2032 = CARTESIAN_POINT('',(110.,-39.,61.));
#2033 = DIRECTION('',(-1.067522139063E-15,1.,1.067522139063E-15));
#2034 = DIRECTION('',(1.,1.067522139063E-15,0.));
#2035 = DEFINITIONAL_REPRESENTATION('',(#2036),#2039);
#2036 = B_SPLINE_CURVE_WITH_KNOTS('',1,(#2037,#2038),.UNSPECIFIED.,.F.,
  .F.,(2,2),(0.,3.14159265359),.PIECEWISE_BEZIER_KNOTS.);
#2037 = CARTESIAN_POINT('',(6.28318530718,-4.));
#2038 = CARTESIAN_POINT('',(9.424777960769,-4.));
#2039 = ( GEOMETRIC_REPRESENTATION_CONTEXT(2) 
PARAMETRIC_REPRESENTATION_CONTEXT() REPRESENTATION_CONTEXT('2D SPACE',''
  ) );
#2040 = ORIENTED_EDGE('',*,*,#2041,.T.);
#2041 = EDGE_CURVE('',#2010,#2008,#2042,.T.);
#2042 = SURFACE_CURVE('',#2043,(#2048,#2059),.PCURVE_S1.);
#2043 = CIRCLE('',#2044,13.);
#2044 = AXIS2_PLACEMENT_3D('',#2045,#2046,#2047);
#2045 = CARTESIAN_POINT('',(110.,-43.,61.));
#2046 = DIRECTION('',(7.472654973439E-15,1.,1.067522139063E-15));
#2047 = DIRECTION('',(-1.,7.472654973439E-15,-8.540177112501E-15));
#2048 = PCURVE('',#1849,#2049);
#2049 = DEFINITIONAL_REPRESENTATION('',(#2050),#2058);
#2050 = ( BOUNDED_CURVE() B_SPLINE_CURVE(2,(#2051,#2052,#2053,#2054,
#2055,#2056,#2057),.UNSPECIFIED.,.T.,.F.) B_SPLINE_CURVE_WITH_KNOTS((1,2
    ,2,2,2,1),(-2.094395102393,0.,2.094395102393,4.188790204786,
6.28318530718,8.377580409573),.UNSPECIFIED.) CURVE() 
GEOMETRIC_REPRESENTATION_ITEM() RATIONAL_B_SPLINE_CURVE((1.,0.5,1.,0.5,
1.,0.5,1.)) REPRESENTATION_ITEM('') );
#2051 = CARTESIAN_POINT('',(-53.01,140.01));
#2052 = CARTESIAN_POINT('',(-75.52666049839,140.01));
#2053 = CARTESIAN_POINT('',(-64.26833024919,159.51));
#2054 = CARTESIAN_POINT('',(-53.01,179.01));
#2055 = CARTESIAN_POINT('',(-41.7516697508,159.51));
#2056 = CARTESIAN_POINT('',(-30.4933395016,140.01));
#2057 = CARTESIAN_POINT('',(-53.01,140.01));
#2058 = ( GEOMETRIC_REPRESENTATION_CONTEXT(2) 
PARAMETRIC_REPRESENTATION_CONTEXT() REPRESENTATION_CONTEXT('2D SPACE',''
  ) );
#2059 = PCURVE('',#2030,#2060);
#2060 = DEFINITIONAL_REPRESENTATION('',(#2061),#2064);
#2061 = B_SPLINE_CURVE_WITH_KNOTS('',1,(#2062,#2063),.UNSPECIFIED.,.F.,
  .F.,(2,2),(0.,3.14159265359),.PIECEWISE_BEZIER_KNOTS.);
#2062 = CARTESIAN_POINT('',(3.14159265359,-4.));
#2063 = CARTESIAN_POINT('',(6.28318530718,-4.));
#2064 = ( GEOMETRIC_REPRESENTATION_CONTEXT(2) 
PARAMETRIC_REPRESENTATION_CONTEXT() REPRESENTATION_CONTEXT('2D SPACE',''
  ) );
#2065 = ADVANCED_FACE('',(#2066),#2030,.F.);
#2066 = FACE_BOUND('',#2067,.F.);
#2067 = EDGE_LOOP('',(#2068,#2088,#2089,#2090,#2091,#2123));
#2068 = ORIENTED_EDGE('',*,*,#2069,.T.);
#2069 = EDGE_CURVE('',#2070,#2010,#2072,.T.);
#2070 = VERTEX_POINT('',#2071);
#2071 = CARTESIAN_POINT('',(97.,-35.,61.));
#2072 = SEAM_CURVE('',#2073,(#2076,#2082),.PCURVE_S1.);
#2073 = B_SPLINE_CURVE_WITH_KNOTS('',1,(#2074,#2075),.UNSPECIFIED.,.F.,
  .F.,(2,2),(9.999999999994E-03,8.01),.PIECEWISE_BEZIER_KNOTS.);
#2074 = CARTESIAN_POINT('',(97.,-35.,61.));
#2075 = CARTESIAN_POINT('',(97.,-43.,61.));
#2076 = PCURVE('',#2030,#2077);
#2077 = DEFINITIONAL_REPRESENTATION('',(#2078),#2081);
#2078 = B_SPLINE_CURVE_WITH_KNOTS('',1,(#2079,#2080),.UNSPECIFIED.,.F.,
  .F.,(2,2),(9.999999999994E-03,8.01),.PIECEWISE_BEZIER_KNOTS.);
#2079 = CARTESIAN_POINT('',(3.14159265359,4.));
#2080 = CARTESIAN_POINT('',(3.14159265359,-4.));
#2081 = ( GEOMETRIC_REPRESENTATION_CONTEXT(2) 
PARAMETRIC_REPRESENTATION_CONTEXT() REPRESENTATION_CONTEXT('2D SPACE',''
  ) );
#2082 = PCURVE('',#2030,#2083);
#2083 = DEFINITIONAL_REPRESENTATION('',(#2084),#2087);
#2084 = B_SPLINE_CURVE_WITH_KNOTS('',1,(#2085,#2086),.UNSPECIFIED.,.F.,
  .F.,(2,2),(9.999999999994E-03,8.01),.PIECEWISE_BEZIER_KNOTS.);
#2085 = CARTESIAN_POINT('',(9.424777960769,4.));
#2086 = CARTESIAN_POINT('',(9.424777960769,-4.));
#2087 = ( GEOMETRIC_REPRESENTATION_CONTEXT(2) 
PARAMETRIC_REPRESENTATION_CONTEXT() REPRESENTATION_CONTEXT('2D SPACE',''
  ) );
#2088 = ORIENTED_EDGE('',*,*,#2041,.T.);
#2089 = ORIENTED_EDGE('',*,*,#2007,.T.);
#2090 = ORIENTED_EDGE('',*,*,#2069,.F.);
#2091 = ORIENTED_EDGE('',*,*,#2092,.T.);
#2092 = EDGE_CURVE('',#2070,#2093,#2095,.T.);
#2093 = VERTEX_POINT('',#2094);
#2094 = CARTESIAN_POINT('',(123.,-35.,61.));
#2095 = SURFACE_CURVE('',#2096,(#2101,#2107),.PCURVE_S1.);
#2096 = CIRCLE('',#2097,13.);
#2097 = AXIS2_PLACEMENT_3D('',#2098,#2099,#2100);
#2098 = CARTESIAN_POINT('',(110.,-35.,61.));
#2099 = DIRECTION('',(1.067522139063E-15,-1.,-1.601283208594E-15));
#2100 = DIRECTION('',(-1.,-1.067522139063E-15,5.871371764845E-15));
#2101 = PCURVE('',#2030,#2102);
#2102 = DEFINITIONAL_REPRESENTATION('',(#2103),#2106);
#2103 = B_SPLINE_CURVE_WITH_KNOTS('',1,(#2104,#2105),.UNSPECIFIED.,.F.,
  .F.,(2,2),(0.,3.14159265359),.PIECEWISE_BEZIER_KNOTS.);
#2104 = CARTESIAN_POINT('',(9.424777960769,4.));
#2105 = CARTESIAN_POINT('',(6.28318530718,4.));
#2106 = ( GEOMETRIC_REPRESENTATION_CONTEXT(2) 
PARAMETRIC_REPRESENTATION_CONTEXT() REPRESENTATION_CONTEXT('2D SPACE',''
  ) );
#2107 = PCURVE('',#2108,#2113);
#2108 = PLANE('',#2109);
#2109 = AXIS2_PLACEMENT_3D('',#2110,#2111,#2112);
#2110 = CARTESIAN_POINT('',(138.01,-35.,7.99));
#2111 = DIRECTION('',(0.,1.,0.));
#2112 = DIRECTION('',(0.,0.,1.));
#2113 = DEFINITIONAL_REPRESENTATION('',(#2114),#2122);
#2114 = ( BOUNDED_CURVE() B_SPLINE_CURVE(2,(#2115,#2116,#2117,#2118,
#2119,#2120,#2121),.UNSPECIFIED.,.T.,.F.) B_SPLINE_CURVE_WITH_KNOTS((1,2
    ,2,2,2,1),(-2.094395102393,0.,2.094395102393,4.188790204786,
6.28318530718,8.377580409573),.UNSPECIFIED.) CURVE() 
GEOMETRIC_REPRESENTATION_ITEM() RATIONAL_B_SPLINE_CURVE((1.,0.5,1.,0.5,
1.,0.5,1.)) REPRESENTATION_ITEM('') );
#2115 = CARTESIAN_POINT('',(53.01,-41.01));
#2116 = CARTESIAN_POINT('',(30.493339501605,-41.01));
#2117 = CARTESIAN_POINT('',(41.751669750802,-21.51));
#2118 = CARTESIAN_POINT('',(53.01,-2.01));
#2119 = CARTESIAN_POINT('',(64.268330249197,-21.51));
#2120 = CARTESIAN_POINT('',(75.526660498395,-41.01));
#2121 = CARTESIAN_POINT('',(53.01,-41.01));
#2122 = ( GEOMETRIC_REPRESENTATION_CONTEXT(2) 
PARAMETRIC_REPRESENTATION_CONTEXT() REPRESENTATION_CONTEXT('2D SPACE',''
  ) );
#2123 = ORIENTED_EDGE('',*,*,#2124,.T.);
#2124 = EDGE_CURVE('',#2093,#2070,#2125,.T.);
#2125 = SURFACE_CURVE('',#2126,(#2131,#2137),.PCURVE_S1.);
#2126 = CIRCLE('',#2127,13.);
#2127 = AXIS2_PLACEMENT_3D('',#2128,#2129,#2130);
#2128 = CARTESIAN_POINT('',(110.,-35.,61.));
#2129 = DIRECTION('',(1.067522139063E-15,-1.,-1.067522139063E-15));
#2130 = DIRECTION('',(1.,1.067522139063E-15,-7.472654973439E-15));
#2131 = PCURVE('',#2030,#2132);
#2132 = DEFINITIONAL_REPRESENTATION('',(#2133),#2136);
#2133 = B_SPLINE_CURVE_WITH_KNOTS('',1,(#2134,#2135),.UNSPECIFIED.,.F.,
  .F.,(2,2),(0.,3.14159265359),.PIECEWISE_BEZIER_KNOTS.);
#2134 = CARTESIAN_POINT('',(6.28318530718,4.));
#2135 = CARTESIAN_POINT('',(3.14159265359,4.));
#2136 = ( GEOMETRIC_REPRESENTATION_CONTEXT(2) 
PARAMETRIC_REPRESENTATION_CONTEXT() REPRESENTATION_CONTEXT('2D SPACE',''
  ) );
#2137 = PCURVE('',#2108,#2138);
#2138 = DEFINITIONAL_REPRESENTATION('',(#2139),#2147);
#2139 = ( BOUNDED_CURVE() B_SPLINE_CURVE(2,(#2140,#2141,#2142,#2143,
#2144,#2145,#2146),.UNSPECIFIED.,.T.,.F.) B_SPLINE_CURVE_WITH_KNOTS((1,2
    ,2,2,2,1),(-2.094395102393,0.,2.094395102393,4.188790204786,
6.28318530718,8.377580409573),.UNSPECIFIED.) CURVE() 
GEOMETRIC_REPRESENTATION_ITEM() RATIONAL_B_SPLINE_CURVE((1.,0.5,1.,0.5,
1.,0.5,1.)) REPRESENTATION_ITEM('') );
#2140 = CARTESIAN_POINT('',(53.01,-15.01));
#2141 = CARTESIAN_POINT('',(75.526660498395,-15.01));
#2142 = CARTESIAN_POINT('',(64.268330249198,-34.51));
#2143 = CARTESIAN_POINT('',(53.01,-54.01));
#2144 = CARTESIAN_POINT('',(41.751669750802,-34.51));
#2145 = CARTESIAN_POINT('',(30.493339501605,-15.01));
#2146 = CARTESIAN_POINT('',(53.01,-15.01));
#2147 = ( GEOMETRIC_REPRESENTATION_CONTEXT(2) 
PARAMETRIC_REPRESENTATION_CONTEXT() REPRESENTATION_CONTEXT('2D SPACE',''
  ) );
#2148 = ADVANCED_FACE('',(#2149,#2231,#2287),#2108,.T.);
#2149 = FACE_BOUND('',#2150,.T.);
#2150 = EDGE_LOOP('',(#2151,#2173,#2193,#2213));
#2151 = ORIENTED_EDGE('',*,*,#2152,.T.);
#2152 = EDGE_CURVE('',#2153,#2155,#2157,.T.);
#2153 = VERTEX_POINT('',#2154);
#2154 = CARTESIAN_POINT('',(138.,-35.,88.));
#2155 = VERTEX_POINT('',#2156);
#2156 = CARTESIAN_POINT('',(138.,-35.,8.));
#2157 = SURFACE_CURVE('',#2158,(#2161,#2167),.PCURVE_S1.);
#2158 = B_SPLINE_CURVE_WITH_KNOTS('',1,(#2159,#2160),.UNSPECIFIED.,.F.,
  .F.,(2,2),(-40.,40.),.PIECEWISE_BEZIER_KNOTS.);
#2159 = CARTESIAN_POINT('',(138.,-35.,88.));
#2160 = CARTESIAN_POINT('',(138.,-35.,8.));
#2161 = PCURVE('',#2108,#2162);
#2162 = DEFINITIONAL_REPRESENTATION('',(#2163),#2166);
#2163 = B_SPLINE_CURVE_WITH_KNOTS('',1,(#2164,#2165),.UNSPECIFIED.,.F.,
  .F.,(2,2),(-40.,40.),.PIECEWISE_BEZIER_KNOTS.);
#2164 = CARTESIAN_POINT('',(80.01,-9.999999999962E-03));
#2165 = CARTESIAN_POINT('',(1.000000000004E-02,-9.999999999962E-03));
#2166 = ( GEOMETRIC_REPRESENTATION_CONTEXT(2) 
PARAMETRIC_REPRESENTATION_CONTEXT() REPRESENTATION_CONTEXT('2D SPACE',''
  ) );
#2167 = PCURVE('',#1860,#2168);
#2168 = DEFINITIONAL_REPRESENTATION('',(#2169),#2172);
#2169 = B_SPLINE_CURVE_WITH_KNOTS('',1,(#2170,#2171),.UNSPECIFIED.,.F.,
  .F.,(2,2),(-40.,40.),.PIECEWISE_BEZIER_KNOTS.);
#2170 = CARTESIAN_POINT('',(80.01,1.00000000001E-02));
#2171 = CARTESIAN_POINT('',(9.99999999998E-03,9.999999999998E-03));
#2172 = ( GEOMETRIC_REPRESENTATION_CONTEXT(2) 
PARAMETRIC_REPRESENTATION_CONTEXT() REPRESENTATION_CONTEXT('2D SPACE',''
  ) );
#2173 = ORIENTED_EDGE('',*,*,#2174,.T.);
#2174 = EDGE_CURVE('',#2155,#2175,#2177,.T.);
#2175 = VERTEX_POINT('',#2176);
#2176 = CARTESIAN_POINT('',(-43.,-35.,8.));
#2177 = SURFACE_CURVE('',#2178,(#2181,#2187),.PCURVE_S1.);
#2178 = B_SPLINE_CURVE_WITH_KNOTS('',1,(#2179,#2180),.UNSPECIFIED.,.F.,
  .F.,(2,2),(-90.5,90.5),.PIECEWISE_BEZIER_KNOTS.);
#2179 = CARTESIAN_POINT('',(138.,-35.,8.));
#2180 = CARTESIAN_POINT('',(-43.,-35.,8.));
#2181 = PCURVE('',#2108,#2182);
#2182 = DEFINITIONAL_REPRESENTATION('',(#2183),#2186);
#2183 = B_SPLINE_CURVE_WITH_KNOTS('',1,(#2184,#2185),.UNSPECIFIED.,.F.,
  .F.,(2,2),(-90.5,90.5),.PIECEWISE_BEZIER_KNOTS.);
#2184 = CARTESIAN_POINT('',(1.000000000004E-02,-9.999999999962E-03));
#2185 = CARTESIAN_POINT('',(1.000000000003E-02,-181.01));
#2186 = ( GEOMETRIC_REPRESENTATION_CONTEXT(2) 
PARAMETRIC_REPRESENTATION_CONTEXT() REPRESENTATION_CONTEXT('2D SPACE',''
  ) );
#2187 = PCURVE('',#1933,#2188);
#2188 = DEFINITIONAL_REPRESENTATION('',(#2189),#2192);
#2189 = B_SPLINE_CURVE_WITH_KNOTS('',1,(#2190,#2191),.UNSPECIFIED.,.F.,
  .F.,(2,2),(-90.5,90.5),.PIECEWISE_BEZIER_KNOTS.);
#2190 = CARTESIAN_POINT('',(-181.01,-1.00000000002E-02));
#2191 = CARTESIAN_POINT('',(-9.9999999996E-03,-1.00000000002E-02));
#2192 = ( GEOMETRIC_REPRESENTATION_CONTEXT(2) 
PARAMETRIC_REPRESENTATION_CONTEXT() REPRESENTATION_CONTEXT('2D SPACE',''
  ) );
#2193 = ORIENTED_EDGE('',*,*,#2194,.T.);
#2194 = EDGE_CURVE('',#2175,#2195,#2197,.T.);
#2195 = VERTEX_POINT('',#2196);
#2196 = CARTESIAN_POINT('',(-43.,-35.,88.));
#2197 = SURFACE_CURVE('',#2198,(#2201,#2207),.PCURVE_S1.);
#2198 = B_SPLINE_CURVE_WITH_KNOTS('',1,(#2199,#2200),.UNSPECIFIED.,.F.,
  .F.,(2,2),(-40.,40.),.PIECEWISE_BEZIER_KNOTS.);
#2199 = CARTESIAN_POINT('',(-43.,-35.,8.));
#2200 = CARTESIAN_POINT('',(-43.,-35.,88.));
#2201 = PCURVE('',#2108,#2202);
#2202 = DEFINITIONAL_REPRESENTATION('',(#2203),#2206);
#2203 = B_SPLINE_CURVE_WITH_KNOTS('',1,(#2204,#2205),.UNSPECIFIED.,.F.,
  .F.,(2,2),(-40.,40.),.PIECEWISE_BEZIER_KNOTS.);
#2204 = CARTESIAN_POINT('',(1.000000000003E-02,-181.01));
#2205 = CARTESIAN_POINT('',(80.01,-181.01));
#2206 = ( GEOMETRIC_REPRESENTATION_CONTEXT(2) 
PARAMETRIC_REPRESENTATION_CONTEXT() REPRESENTATION_CONTEXT('2D SPACE',''
  ) );
#2207 = PCURVE('',#1910,#2208);
#2208 = DEFINITIONAL_REPRESENTATION('',(#2209),#2212);
#2209 = B_SPLINE_CURVE_WITH_KNOTS('',1,(#2210,#2211),.UNSPECIFIED.,.F.,
  .F.,(2,2),(-40.,40.),.PIECEWISE_BEZIER_KNOTS.);
#2210 = CARTESIAN_POINT('',(-9.999999999989E-03,9.999999999998E-03));
#2211 = CARTESIAN_POINT('',(-80.01,1.00000000001E-02));
#2212 = ( GEOMETRIC_REPRESENTATION_CONTEXT(2) 
PARAMETRIC_REPRESENTATION_CONTEXT() REPRESENTATION_CONTEXT('2D SPACE',''
  ) );
#2213 = ORIENTED_EDGE('',*,*,#2214,.F.);
#2214 = EDGE_CURVE('',#2153,#2195,#2215,.T.);
#2215 = SURFACE_CURVE('',#2216,(#2219,#2225),.PCURVE_S1.);
#2216 = B_SPLINE_CURVE_WITH_KNOTS('',1,(#2217,#2218),.UNSPECIFIED.,.F.,
  .F.,(2,2),(-90.5,90.5),.PIECEWISE_BEZIER_KNOTS.);
#2217 = CARTESIAN_POINT('',(138.,-35.,88.));
#2218 = CARTESIAN_POINT('',(-43.,-35.,88.));
#2219 = PCURVE('',#2108,#2220);
#2220 = DEFINITIONAL_REPRESENTATION('',(#2221),#2224);
#2221 = B_SPLINE_CURVE_WITH_KNOTS('',1,(#2222,#2223),.UNSPECIFIED.,.F.,
  .F.,(2,2),(-90.5,90.5),.PIECEWISE_BEZIER_KNOTS.);
#2222 = CARTESIAN_POINT('',(80.01,-9.999999999962E-03));
#2223 = CARTESIAN_POINT('',(80.01,-181.01));
#2224 = ( GEOMETRIC_REPRESENTATION_CONTEXT(2) 
PARAMETRIC_REPRESENTATION_CONTEXT() REPRESENTATION_CONTEXT('2D SPACE',''
  ) );
#2225 = PCURVE('',#1885,#2226);
#2226 = DEFINITIONAL_REPRESENTATION('',(#2227),#2230);
#2227 = B_SPLINE_CURVE_WITH_KNOTS('',1,(#2228,#2229),.UNSPECIFIED.,.F.,
  .F.,(2,2),(-90.5,90.5),.PIECEWISE_BEZIER_KNOTS.);
#2228 = CARTESIAN_POINT('',(-9.999999999962E-03,-1.00000000002E-02));
#2229 = CARTESIAN_POINT('',(-181.01,-1.00000000002E-02));
#2230 = ( GEOMETRIC_REPRESENTATION_CONTEXT(2) 
PARAMETRIC_REPRESENTATION_CONTEXT() REPRESENTATION_CONTEXT('2D SPACE',''
  ) );
#2231 = FACE_BOUND('',#2232,.T.);
#2232 = EDGE_LOOP('',(#2233,#2262));
#2233 = ORIENTED_EDGE('',*,*,#2234,.T.);
#2234 = EDGE_CURVE('',#2235,#2237,#2239,.T.);
#2235 = VERTEX_POINT('',#2236);
#2236 = CARTESIAN_POINT('',(-13.,-35.,61.));
#2237 = VERTEX_POINT('',#2238);
#2238 = CARTESIAN_POINT('',(13.,-35.,61.));
#2239 = SURFACE_CURVE('',#2240,(#2245,#2256),.PCURVE_S1.);
#2240 = CIRCLE('',#2241,13.);
#2241 = AXIS2_PLACEMENT_3D('',#2242,#2243,#2244);
#2242 = CARTESIAN_POINT('',(-2.502334856027E-13,-35.,61.));
#2243 = DIRECTION('',(2.668805347657E-16,-1.,-1.334402673828E-15));
#2244 = DIRECTION('',(-1.,-2.668805347657E-16,9.073938182033E-15));
#2245 = PCURVE('',#2108,#2246);
#2246 = DEFINITIONAL_REPRESENTATION('',(#2247),#2255);
#2247 = ( BOUNDED_CURVE() B_SPLINE_CURVE(2,(#2248,#2249,#2250,#2251,
#2252,#2253,#2254),.UNSPECIFIED.,.T.,.F.) B_SPLINE_CURVE_WITH_KNOTS((1,2
    ,2,2,2,1),(-2.094395102393,0.,2.094395102393,4.188790204786,
6.28318530718,8.377580409573),.UNSPECIFIED.) CURVE() 
GEOMETRIC_REPRESENTATION_ITEM() RATIONAL_B_SPLINE_CURVE((1.,0.5,1.,0.5,
1.,0.5,1.)) REPRESENTATION_ITEM('') );
#2248 = CARTESIAN_POINT('',(53.01,-151.01));
#2249 = CARTESIAN_POINT('',(30.493339501605,-151.01));
#2250 = CARTESIAN_POINT('',(41.751669750802,-131.51));
#2251 = CARTESIAN_POINT('',(53.009999999999,-112.01));
#2252 = CARTESIAN_POINT('',(64.268330249197,-131.51));
#2253 = CARTESIAN_POINT('',(75.526660498395,-151.01));
#2254 = CARTESIAN_POINT('',(53.01,-151.01));
#2255 = ( GEOMETRIC_REPRESENTATION_CONTEXT(2) 
PARAMETRIC_REPRESENTATION_CONTEXT() REPRESENTATION_CONTEXT('2D SPACE',''
  ) );
#2256 = PCURVE('',#1969,#2257);
#2257 = DEFINITIONAL_REPRESENTATION('',(#2258),#2261);
#2258 = B_SPLINE_CURVE_WITH_KNOTS('',1,(#2259,#2260),.UNSPECIFIED.,.F.,
  .F.,(2,2),(-0.,3.14159265359),.PIECEWISE_BEZIER_KNOTS.);
#2259 = CARTESIAN_POINT('',(9.424777960769,4.));
#2260 = CARTESIAN_POINT('',(6.28318530718,4.));
#2261 = ( GEOMETRIC_REPRESENTATION_CONTEXT(2) 
PARAMETRIC_REPRESENTATION_CONTEXT() REPRESENTATION_CONTEXT('2D SPACE',''
  ) );
#2262 = ORIENTED_EDGE('',*,*,#2263,.T.);
#2263 = EDGE_CURVE('',#2237,#2235,#2264,.T.);
#2264 = SURFACE_CURVE('',#2265,(#2270,#2281),.PCURVE_S1.);
#2265 = CIRCLE('',#2266,13.);
#2266 = AXIS2_PLACEMENT_3D('',#2267,#2268,#2269);
#2267 = CARTESIAN_POINT('',(-2.502334856027E-13,-35.,61.));
#2268 = DIRECTION('',(8.00641604297E-16,-1.,-8.00641604297E-16));
#2269 = DIRECTION('',(1.,8.00641604297E-16,-8.540177112501E-15));
#2270 = PCURVE('',#2108,#2271);
#2271 = DEFINITIONAL_REPRESENTATION('',(#2272),#2280);
#2272 = ( BOUNDED_CURVE() B_SPLINE_CURVE(2,(#2273,#2274,#2275,#2276,
#2277,#2278,#2279),.UNSPECIFIED.,.T.,.F.) B_SPLINE_CURVE_WITH_KNOTS((1,2
    ,2,2,2,1),(-2.094395102393,0.,2.094395102393,4.188790204786,
6.28318530718,8.377580409573),.UNSPECIFIED.) CURVE() 
GEOMETRIC_REPRESENTATION_ITEM() RATIONAL_B_SPLINE_CURVE((1.,0.5,1.,0.5,
1.,0.5,1.)) REPRESENTATION_ITEM('') );
#2273 = CARTESIAN_POINT('',(53.01,-125.01));
#2274 = CARTESIAN_POINT('',(75.526660498395,-125.01));
#2275 = CARTESIAN_POINT('',(64.268330249198,-144.51));
#2276 = CARTESIAN_POINT('',(53.01,-164.01));
#2277 = CARTESIAN_POINT('',(41.751669750802,-144.51));
#2278 = CARTESIAN_POINT('',(30.493339501605,-125.01));
#2279 = CARTESIAN_POINT('',(53.01,-125.01));
#2280 = ( GEOMETRIC_REPRESENTATION_CONTEXT(2) 
PARAMETRIC_REPRESENTATION_CONTEXT() REPRESENTATION_CONTEXT('2D SPACE',''
  ) );
#2281 = PCURVE('',#1969,#2282);
#2282 = DEFINITIONAL_REPRESENTATION('',(#2283),#2286);
#2283 = B_SPLINE_CURVE_WITH_KNOTS('',1,(#2284,#2285),.UNSPECIFIED.,.F.,
  .F.,(2,2),(-0.,3.14159265359),.PIECEWISE_BEZIER_KNOTS.);
#2284 = CARTESIAN_POINT('',(6.28318530718,4.));
#2285 = CARTESIAN_POINT('',(3.14159265359,4.));
#2286 = ( GEOMETRIC_REPRESENTATION_CONTEXT(2) 
PARAMETRIC_REPRESENTATION_CONTEXT() REPRESENTATION_CONTEXT('2D SPACE',''
  ) );
#2287 = FACE_BOUND('',#2288,.T.);
#2288 = EDGE_LOOP('',(#2289,#2290));
#2289 = ORIENTED_EDGE('',*,*,#2124,.T.);
#2290 = ORIENTED_EDGE('',*,*,#2092,.T.);
#2291 = ADVANCED_FACE('',(#2292),#1969,.F.);
#2292 = FACE_BOUND('',#2293,.F.);
#2293 = EDGE_LOOP('',(#2294,#2312,#2313,#2314,#2315,#2316));
#2294 = ORIENTED_EDGE('',*,*,#2295,.T.);
#2295 = EDGE_CURVE('',#2235,#1947,#2296,.T.);
#2296 = SEAM_CURVE('',#2297,(#2300,#2306),.PCURVE_S1.);
#2297 = B_SPLINE_CURVE_WITH_KNOTS('',1,(#2298,#2299),.UNSPECIFIED.,.F.,
  .F.,(2,2),(9.999999999994E-03,8.01),.PIECEWISE_BEZIER_KNOTS.);
#2298 = CARTESIAN_POINT('',(-13.,-35.,61.));
#2299 = CARTESIAN_POINT('',(-13.,-43.,61.));
#2300 = PCURVE('',#1969,#2301);
#2301 = DEFINITIONAL_REPRESENTATION('',(#2302),#2305);
#2302 = B_SPLINE_CURVE_WITH_KNOTS('',1,(#2303,#2304),.UNSPECIFIED.,.F.,
  .F.,(2,2),(9.999999999994E-03,8.01),.PIECEWISE_BEZIER_KNOTS.);
#2303 = CARTESIAN_POINT('',(3.14159265359,4.));
#2304 = CARTESIAN_POINT('',(3.14159265359,-4.));
#2305 = ( GEOMETRIC_REPRESENTATION_CONTEXT(2) 
PARAMETRIC_REPRESENTATION_CONTEXT() REPRESENTATION_CONTEXT('2D SPACE',''
  ) );
#2306 = PCURVE('',#1969,#2307);
#2307 = DEFINITIONAL_REPRESENTATION('',(#2308),#2311);
#2308 = B_SPLINE_CURVE_WITH_KNOTS('',1,(#2309,#2310),.UNSPECIFIED.,.F.,
  .F.,(2,2),(9.999999999994E-03,8.01),.PIECEWISE_BEZIER_KNOTS.);
#2309 = CARTESIAN_POINT('',(9.424777960769,4.));
#2310 = CARTESIAN_POINT('',(9.424777960769,-4.));
#2311 = ( GEOMETRIC_REPRESENTATION_CONTEXT(2) 
PARAMETRIC_REPRESENTATION_CONTEXT() REPRESENTATION_CONTEXT('2D SPACE',''
  ) );
#2312 = ORIENTED_EDGE('',*,*,#1946,.T.);
#2313 = ORIENTED_EDGE('',*,*,#1980,.T.);
#2314 = ORIENTED_EDGE('',*,*,#2295,.F.);
#2315 = ORIENTED_EDGE('',*,*,#2234,.T.);
#2316 = ORIENTED_EDGE('',*,*,#2263,.T.);
#2317 = ADVANCED_FACE('',(#2318),#1933,.T.);
#2318 = FACE_BOUND('',#2319,.T.);
#2319 = EDGE_LOOP('',(#2320,#2321,#2339,#2340));
#2320 = ORIENTED_EDGE('',*,*,#2174,.F.);
#2321 = ORIENTED_EDGE('',*,*,#2322,.T.);
#2322 = EDGE_CURVE('',#2155,#1840,#2323,.T.);
#2323 = SURFACE_CURVE('',#2324,(#2327,#2333),.PCURVE_S1.);
#2324 = B_SPLINE_CURVE_WITH_KNOTS('',1,(#2325,#2326),.UNSPECIFIED.,.F.,
  .F.,(2,2),(-4.,4.),.PIECEWISE_BEZIER_KNOTS.);
#2325 = CARTESIAN_POINT('',(138.,-35.,8.));
#2326 = CARTESIAN_POINT('',(138.,-43.,8.));
#2327 = PCURVE('',#1933,#2328);
#2328 = DEFINITIONAL_REPRESENTATION('',(#2329),#2332);
#2329 = B_SPLINE_CURVE_WITH_KNOTS('',1,(#2330,#2331),.UNSPECIFIED.,.F.,
  .F.,(2,2),(-4.,4.),.PIECEWISE_BEZIER_KNOTS.);
#2330 = CARTESIAN_POINT('',(-181.01,-1.00000000002E-02));
#2331 = CARTESIAN_POINT('',(-181.01,-8.01));
#2332 = ( GEOMETRIC_REPRESENTATION_CONTEXT(2) 
PARAMETRIC_REPRESENTATION_CONTEXT() REPRESENTATION_CONTEXT('2D SPACE',''
  ) );
#2333 = PCURVE('',#1860,#2334);
#2334 = DEFINITIONAL_REPRESENTATION('',(#2335),#2338);
#2335 = B_SPLINE_CURVE_WITH_KNOTS('',1,(#2336,#2337),.UNSPECIFIED.,.F.,
  .F.,(2,2),(-4.,4.),.PIECEWISE_BEZIER_KNOTS.);
#2336 = CARTESIAN_POINT('',(9.99999999998E-03,9.999999999998E-03));
#2337 = CARTESIAN_POINT('',(9.99999999997E-03,8.01));
#2338 = ( GEOMETRIC_REPRESENTATION_CONTEXT(2) 
PARAMETRIC_REPRESENTATION_CONTEXT() REPRESENTATION_CONTEXT('2D SPACE',''
  ) );
#2339 = ORIENTED_EDGE('',*,*,#1921,.F.);
#2340 = ORIENTED_EDGE('',*,*,#2341,.T.);
#2341 = EDGE_CURVE('',#1897,#2175,#2342,.T.);
#2342 = SURFACE_CURVE('',#2343,(#2346,#2352),.PCURVE_S1.);
#2343 = B_SPLINE_CURVE_WITH_KNOTS('',1,(#2344,#2345),.UNSPECIFIED.,.F.,
  .F.,(2,2),(-4.,4.),.PIECEWISE_BEZIER_KNOTS.);
#2344 = CARTESIAN_POINT('',(-43.,-43.,8.));
#2345 = CARTESIAN_POINT('',(-43.,-35.,8.));
#2346 = PCURVE('',#1933,#2347);
#2347 = DEFINITIONAL_REPRESENTATION('',(#2348),#2351);
#2348 = B_SPLINE_CURVE_WITH_KNOTS('',1,(#2349,#2350),.UNSPECIFIED.,.F.,
  .F.,(2,2),(-4.,4.),.PIECEWISE_BEZIER_KNOTS.);
#2349 = CARTESIAN_POINT('',(-9.9999999996E-03,-8.01));
#2350 = CARTESIAN_POINT('',(-9.9999999996E-03,-1.00000000002E-02));
#2351 = ( GEOMETRIC_REPRESENTATION_CONTEXT(2) 
PARAMETRIC_REPRESENTATION_CONTEXT() REPRESENTATION_CONTEXT('2D SPACE',''
  ) );
#2352 = PCURVE('',#1910,#2353);
#2353 = DEFINITIONAL_REPRESENTATION('',(#2354),#2357);
#2354 = B_SPLINE_CURVE_WITH_KNOTS('',1,(#2355,#2356),.UNSPECIFIED.,.F.,
  .F.,(2,2),(-4.,4.),.PIECEWISE_BEZIER_KNOTS.);
#2355 = CARTESIAN_POINT('',(-9.99999999997E-03,8.01));
#2356 = CARTESIAN_POINT('',(-9.999999999989E-03,9.999999999998E-03));
#2357 = ( GEOMETRIC_REPRESENTATION_CONTEXT(2) 
PARAMETRIC_REPRESENTATION_CONTEXT() REPRESENTATION_CONTEXT('2D SPACE',''
  ) );
#2358 = ADVANCED_FACE('',(#2359),#1910,.T.);
#2359 = FACE_BOUND('',#2360,.T.);
#2360 = EDGE_LOOP('',(#2361,#2362,#2380,#2381));
#2361 = ORIENTED_EDGE('',*,*,#1896,.F.);
#2362 = ORIENTED_EDGE('',*,*,#2363,.F.);
#2363 = EDGE_CURVE('',#2195,#1872,#2364,.T.);
#2364 = SURFACE_CURVE('',#2365,(#2368,#2374),.PCURVE_S1.);
#2365 = B_SPLINE_CURVE_WITH_KNOTS('',1,(#2366,#2367),.UNSPECIFIED.,.F.,
  .F.,(2,2),(-4.,4.),.PIECEWISE_BEZIER_KNOTS.);
#2366 = CARTESIAN_POINT('',(-43.,-35.,88.));
#2367 = CARTESIAN_POINT('',(-43.,-43.,88.));
#2368 = PCURVE('',#1910,#2369);
#2369 = DEFINITIONAL_REPRESENTATION('',(#2370),#2373);
#2370 = B_SPLINE_CURVE_WITH_KNOTS('',1,(#2371,#2372),.UNSPECIFIED.,.F.,
  .F.,(2,2),(-4.,4.),.PIECEWISE_BEZIER_KNOTS.);
#2371 = CARTESIAN_POINT('',(-80.01,1.00000000001E-02));
#2372 = CARTESIAN_POINT('',(-80.01,8.01));
#2373 = ( GEOMETRIC_REPRESENTATION_CONTEXT(2) 
PARAMETRIC_REPRESENTATION_CONTEXT() REPRESENTATION_CONTEXT('2D SPACE',''
  ) );
#2374 = PCURVE('',#1885,#2375);
#2375 = DEFINITIONAL_REPRESENTATION('',(#2376),#2379);
#2376 = B_SPLINE_CURVE_WITH_KNOTS('',1,(#2377,#2378),.UNSPECIFIED.,.F.,
  .F.,(2,2),(-4.,4.),.PIECEWISE_BEZIER_KNOTS.);
#2377 = CARTESIAN_POINT('',(-181.01,-1.00000000002E-02));
#2378 = CARTESIAN_POINT('',(-181.01,-8.01));
#2379 = ( GEOMETRIC_REPRESENTATION_CONTEXT(2) 
PARAMETRIC_REPRESENTATION_CONTEXT() REPRESENTATION_CONTEXT('2D SPACE',''
  ) );
#2380 = ORIENTED_EDGE('',*,*,#2194,.F.);
#2381 = ORIENTED_EDGE('',*,*,#2341,.F.);
#2382 = ADVANCED_FACE('',(#2383),#1885,.T.);
#2383 = FACE_BOUND('',#2384,.T.);
#2384 = EDGE_LOOP('',(#2385,#2386,#2404,#2405));
#2385 = ORIENTED_EDGE('',*,*,#1871,.F.);
#2386 = ORIENTED_EDGE('',*,*,#2387,.T.);
#2387 = EDGE_CURVE('',#1842,#2153,#2388,.T.);
#2388 = SURFACE_CURVE('',#2389,(#2392,#2398),.PCURVE_S1.);
#2389 = B_SPLINE_CURVE_WITH_KNOTS('',1,(#2390,#2391),.UNSPECIFIED.,.F.,
  .F.,(2,2),(-4.,4.),.PIECEWISE_BEZIER_KNOTS.);
#2390 = CARTESIAN_POINT('',(138.,-43.,88.));
#2391 = CARTESIAN_POINT('',(138.,-35.,88.));
#2392 = PCURVE('',#1885,#2393);
#2393 = DEFINITIONAL_REPRESENTATION('',(#2394),#2397);
#2394 = B_SPLINE_CURVE_WITH_KNOTS('',1,(#2395,#2396),.UNSPECIFIED.,.F.,
  .F.,(2,2),(-4.,4.),.PIECEWISE_BEZIER_KNOTS.);
#2395 = CARTESIAN_POINT('',(-9.999999999962E-03,-8.01));
#2396 = CARTESIAN_POINT('',(-9.999999999962E-03,-1.00000000002E-02));
#2397 = ( GEOMETRIC_REPRESENTATION_CONTEXT(2) 
PARAMETRIC_REPRESENTATION_CONTEXT() REPRESENTATION_CONTEXT('2D SPACE',''
  ) );
#2398 = PCURVE('',#1860,#2399);
#2399 = DEFINITIONAL_REPRESENTATION('',(#2400),#2403);
#2400 = B_SPLINE_CURVE_WITH_KNOTS('',1,(#2401,#2402),.UNSPECIFIED.,.F.,
  .F.,(2,2),(-4.,4.),.PIECEWISE_BEZIER_KNOTS.);
#2401 = CARTESIAN_POINT('',(80.01,8.01));
#2402 = CARTESIAN_POINT('',(80.01,1.00000000001E-02));
#2403 = ( GEOMETRIC_REPRESENTATION_CONTEXT(2) 
PARAMETRIC_REPRESENTATION_CONTEXT() REPRESENTATION_CONTEXT('2D SPACE',''
  ) );
#2404 = ORIENTED_EDGE('',*,*,#2214,.T.);
#2405 = ORIENTED_EDGE('',*,*,#2363,.T.);
#2406 = ADVANCED_FACE('',(#2407),#1860,.T.);
#2407 = FACE_BOUND('',#2408,.T.);
#2408 = EDGE_LOOP('',(#2409,#2410,#2411,#2412));
#2409 = ORIENTED_EDGE('',*,*,#2322,.F.);
#2410 = ORIENTED_EDGE('',*,*,#2152,.F.);
#2411 = ORIENTED_EDGE('',*,*,#2387,.F.);
#2412 = ORIENTED_EDGE('',*,*,#1839,.F.);
#2413 = ( GEOMETRIC_REPRESENTATION_CONTEXT(3) 
GLOBAL_UNCERTAINTY_ASSIGNED_CONTEXT((#2417)) 
GLOBAL_UNIT_ASSIGNED_CONTEXT((#2414,#2415,#2416)) REPRESENTATION_CONTEXT
('Context #1','3D Context with UNIT and UNCERTAINTY') );
#2414 = ( LENGTH_UNIT() NAMED_UNIT(*) SI_UNIT(.MILLI.,.METRE.) );
#2415 = ( NAMED_UNIT(*) PLANE_ANGLE_UNIT() SI_UNIT($,.RADIAN.) );
#2416 = ( NAMED_UNIT(*) SI_UNIT($,.STERADIAN.) SOLID_ANGLE_UNIT() );
#2417 = UNCERTAINTY_MEASURE_WITH_UNIT(LENGTH_MEASURE(1.E-04),#2414,
  'distance_accuracy_value','confusion accuracy');
#2418 = CONTEXT_DEPENDENT_SHAPE_REPRESENTATION(#2419,#2421);
#2419 = ( REPRESENTATION_RELATIONSHIP('','',#1832,#1238) 
REPRESENTATION_RELATIONSHIP_WITH_TRANSFORMATION(#2420) 
SHAPE_REPRESENTATION_RELATIONSHIP() );
#2420 = ITEM_DEFINED_TRANSFORMATION('','',#11,#1243);
#2421 = PRODUCT_DEFINITION_SHAPE('Placement','Placement of an item',
  #2422);
#2422 = NEXT_ASSEMBLY_USAGE_OCCURRENCE('65','','',#1233,#1827,$);
#2423 = PRODUCT_RELATED_PRODUCT_CATEGORY('part',$,(#1829));
#2424 = SHAPE_DEFINITION_REPRESENTATION(#2425,#2431);
#2425 = PRODUCT_DEFINITION_SHAPE('','',#2426);
#2426 = PRODUCT_DEFINITION('design','',#2427,#2430);
#2427 = PRODUCT_DEFINITION_FORMATION('','',#2428);
#2428 = PRODUCT('OCCBrep 7.3','OCCBrep 7.3','',(#2429));
#2429 = PRODUCT_CONTEXT('',#2,'mechanical');
#2430 = PRODUCT_DEFINITION_CONTEXT('part definition',#2,'design');
#2431 = ADVANCED_BREP_SHAPE_REPRESENTATION('',(#11,#2432),#2714);
#2432 = MANIFOLD_SOLID_BREP('',#2433);
#2433 = CLOSED_SHELL('',(#2434,#2571,#2576,#2700,#2705));
#2434 = ADVANCED_FACE('',(#2435),#2448,.T.);
#2435 = FACE_BOUND('',#2436,.T.);
#2436 = EDGE_LOOP('',(#2437,#2464,#2492,#2513,#2514,#2546));
#2437 = ORIENTED_EDGE('',*,*,#2438,.F.);
#2438 = EDGE_CURVE('',#2439,#2441,#2443,.T.);
#2439 = VERTEX_POINT('',#2440);
#2440 = CARTESIAN_POINT('',(97.5,-67.,61.));
#2441 = VERTEX_POINT('',#2442);
#2442 = CARTESIAN_POINT('',(97.5,43.,61.));
#2443 = SEAM_CURVE('',#2444,(#2447,#2458),.PCURVE_S1.);
#2444 = B_SPLINE_CURVE_WITH_KNOTS('',1,(#2445,#2446),.UNSPECIFIED.,.F.,
  .F.,(2,2),(1.000000000001E-02,110.01),.PIECEWISE_BEZIER_KNOTS.);
#2445 = CARTESIAN_POINT('',(97.5,-67.,61.));
#2446 = CARTESIAN_POINT('',(97.5,43.,61.));
#2447 = PCURVE('',#2448,#2453);
#2448 = CYLINDRICAL_SURFACE('',#2449,12.5);
#2449 = AXIS2_PLACEMENT_3D('',#2450,#2451,#2452);
#2450 = CARTESIAN_POINT('',(110.,-12.,61.));
#2451 = DIRECTION('',(1.110223024625E-15,-1.,-1.387778780781E-15));
#2452 = DIRECTION('',(0.,1.387778780781E-15,-1.));
#2453 = DEFINITIONAL_REPRESENTATION('',(#2454),#2457);
#2454 = B_SPLINE_CURVE_WITH_KNOTS('',1,(#2455,#2456),.UNSPECIFIED.,.F.,
  .F.,(2,2),(1.000000000001E-02,110.01),.PIECEWISE_BEZIER_KNOTS.);
#2455 = CARTESIAN_POINT('',(4.712388980385,55.000000000001));
#2456 = CARTESIAN_POINT('',(4.712388980385,-55.));
#2457 = ( GEOMETRIC_REPRESENTATION_CONTEXT(2) 
PARAMETRIC_REPRESENTATION_CONTEXT() REPRESENTATION_CONTEXT('2D SPACE',''
  ) );
#2458 = PCURVE('',#2448,#2459);
#2459 = DEFINITIONAL_REPRESENTATION('',(#2460),#2463);
#2460 = B_SPLINE_CURVE_WITH_KNOTS('',1,(#2461,#2462),.UNSPECIFIED.,.F.,
  .F.,(2,2),(1.000000000001E-02,110.01),.PIECEWISE_BEZIER_KNOTS.);
#2461 = CARTESIAN_POINT('',(-1.570796326795,55.000000000001));
#2462 = CARTESIAN_POINT('',(-1.570796326795,-55.));
#2463 = ( GEOMETRIC_REPRESENTATION_CONTEXT(2) 
PARAMETRIC_REPRESENTATION_CONTEXT() REPRESENTATION_CONTEXT('2D SPACE',''
  ) );
#2464 = ORIENTED_EDGE('',*,*,#2465,.F.);
#2465 = EDGE_CURVE('',#2466,#2439,#2468,.T.);
#2466 = VERTEX_POINT('',#2467);
#2467 = CARTESIAN_POINT('',(122.5,-67.,61.));
#2468 = SURFACE_CURVE('',#2469,(#2474,#2480),.PCURVE_S1.);
#2469 = CIRCLE('',#2470,12.5);
#2470 = AXIS2_PLACEMENT_3D('',#2471,#2472,#2473);
#2471 = CARTESIAN_POINT('',(110.,-67.,61.));
#2472 = DIRECTION('',(1.110223024625E-15,-1.,-1.110223024625E-15));
#2473 = DIRECTION('',(1.,1.110223024625E-15,1.387778780781E-14));
#2474 = PCURVE('',#2448,#2475);
#2475 = DEFINITIONAL_REPRESENTATION('',(#2476),#2479);
#2476 = B_SPLINE_CURVE_WITH_KNOTS('',1,(#2477,#2478),.UNSPECIFIED.,.F.,
  .F.,(2,2),(0.,3.14159265359),.PIECEWISE_BEZIER_KNOTS.);
#2477 = CARTESIAN_POINT('',(1.570796326795,55.000000000001));
#2478 = CARTESIAN_POINT('',(4.712388980385,55.000000000001));
#2479 = ( GEOMETRIC_REPRESENTATION_CONTEXT(2) 
PARAMETRIC_REPRESENTATION_CONTEXT() REPRESENTATION_CONTEXT('2D SPACE',''
  ) );
#2480 = PCURVE('',#2481,#2486);
#2481 = PLANE('',#2482);
#2482 = AXIS2_PLACEMENT_3D('',#2483,#2484,#2485);
#2483 = CARTESIAN_POINT('',(122.51,-67.,48.49));
#2484 = DIRECTION('',(0.,-1.,0.));
#2485 = DIRECTION('',(0.,0.,-1.));
#2486 = DEFINITIONAL_REPRESENTATION('',(#2487),#2491);
#2487 = CIRCLE('',#2488,12.5);
#2488 = AXIS2_PLACEMENT_2D('',#2489,#2490);
#2489 = CARTESIAN_POINT('',(-12.51,-12.51));
#2490 = DIRECTION('',(-1.387778780781E-14,1.));
#2491 = ( GEOMETRIC_REPRESENTATION_CONTEXT(2) 
PARAMETRIC_REPRESENTATION_CONTEXT() REPRESENTATION_CONTEXT('2D SPACE',''
  ) );
#2492 = ORIENTED_EDGE('',*,*,#2493,.F.);
#2493 = EDGE_CURVE('',#2439,#2466,#2494,.T.);
#2494 = SURFACE_CURVE('',#2495,(#2500,#2506),.PCURVE_S1.);
#2495 = CIRCLE('',#2496,12.5);
#2496 = AXIS2_PLACEMENT_3D('',#2497,#2498,#2499);
#2497 = CARTESIAN_POINT('',(110.,-67.,61.));
#2498 = DIRECTION('',(1.110223024625E-15,-1.,-1.110223024625E-15));
#2499 = DIRECTION('',(-1.,-1.110223024625E-15,-1.665334536938E-14));
#2500 = PCURVE('',#2448,#2501);
#2501 = DEFINITIONAL_REPRESENTATION('',(#2502),#2505);
#2502 = B_SPLINE_CURVE_WITH_KNOTS('',1,(#2503,#2504),.UNSPECIFIED.,.F.,
  .F.,(2,2),(0.,3.14159265359),.PIECEWISE_BEZIER_KNOTS.);
#2503 = CARTESIAN_POINT('',(-1.570796326795,55.000000000001));
#2504 = CARTESIAN_POINT('',(1.570796326795,55.000000000001));
#2505 = ( GEOMETRIC_REPRESENTATION_CONTEXT(2) 
PARAMETRIC_REPRESENTATION_CONTEXT() REPRESENTATION_CONTEXT('2D SPACE',''
  ) );
#2506 = PCURVE('',#2481,#2507);
#2507 = DEFINITIONAL_REPRESENTATION('',(#2508),#2512);
#2508 = CIRCLE('',#2509,12.5);
#2509 = AXIS2_PLACEMENT_2D('',#2510,#2511);
#2510 = CARTESIAN_POINT('',(-12.51,-12.51));
#2511 = DIRECTION('',(1.665334536938E-14,-1.));
#2512 = ( GEOMETRIC_REPRESENTATION_CONTEXT(2) 
PARAMETRIC_REPRESENTATION_CONTEXT() REPRESENTATION_CONTEXT('2D SPACE',''
  ) );
#2513 = ORIENTED_EDGE('',*,*,#2438,.T.);
#2514 = ORIENTED_EDGE('',*,*,#2515,.F.);
#2515 = EDGE_CURVE('',#2516,#2441,#2518,.T.);
#2516 = VERTEX_POINT('',#2517);
#2517 = CARTESIAN_POINT('',(122.5,43.,61.));
#2518 = SURFACE_CURVE('',#2519,(#2524,#2530),.PCURVE_S1.);
#2519 = CIRCLE('',#2520,12.5);
#2520 = AXIS2_PLACEMENT_3D('',#2521,#2522,#2523);
#2521 = CARTESIAN_POINT('',(110.,43.,61.));
#2522 = DIRECTION('',(-1.110223024625E-15,1.,1.665334536938E-15));
#2523 = DIRECTION('',(1.,1.110223024625E-15,-1.665334536938E-14));
#2524 = PCURVE('',#2448,#2525);
#2525 = DEFINITIONAL_REPRESENTATION('',(#2526),#2529);
#2526 = B_SPLINE_CURVE_WITH_KNOTS('',1,(#2527,#2528),.UNSPECIFIED.,.F.,
  .F.,(2,2),(0.,3.14159265359),.PIECEWISE_BEZIER_KNOTS.);
#2527 = CARTESIAN_POINT('',(1.570796326795,-55.));
#2528 = CARTESIAN_POINT('',(-1.570796326795,-55.));
#2529 = ( GEOMETRIC_REPRESENTATION_CONTEXT(2) 
PARAMETRIC_REPRESENTATION_CONTEXT() REPRESENTATION_CONTEXT('2D SPACE',''
  ) );
#2530 = PCURVE('',#2531,#2536);
#2531 = PLANE('',#2532);
#2532 = AXIS2_PLACEMENT_3D('',#2533,#2534,#2535);
#2533 = CARTESIAN_POINT('',(125.01,43.,45.99));
#2534 = DIRECTION('',(0.,-1.,0.));
#2535 = DIRECTION('',(0.,0.,-1.));
#2536 = DEFINITIONAL_REPRESENTATION('',(#2537),#2545);
#2537 = ( BOUNDED_CURVE() B_SPLINE_CURVE(2,(#2538,#2539,#2540,#2541,
#2542,#2543,#2544),.UNSPECIFIED.,.T.,.F.) B_SPLINE_CURVE_WITH_KNOTS((1,2
    ,2,2,2,1),(-2.094395102393,0.,2.094395102393,4.188790204786,
6.28318530718,8.377580409573),.UNSPECIFIED.) CURVE() 
GEOMETRIC_REPRESENTATION_ITEM() RATIONAL_B_SPLINE_CURVE((1.,0.5,1.,0.5,
1.,0.5,1.)) REPRESENTATION_ITEM('') );
#2538 = CARTESIAN_POINT('',(-15.01,-2.510000000001));
#2539 = CARTESIAN_POINT('',(6.640635094611,-2.510000000001));
#2540 = CARTESIAN_POINT('',(-4.184682452695,-21.26));
#2541 = CARTESIAN_POINT('',(-15.01,-40.01));
#2542 = CARTESIAN_POINT('',(-25.8353175473,-21.26));
#2543 = CARTESIAN_POINT('',(-36.66063509461,-2.51));
#2544 = CARTESIAN_POINT('',(-15.01,-2.510000000001));
#2545 = ( GEOMETRIC_REPRESENTATION_CONTEXT(2) 
PARAMETRIC_REPRESENTATION_CONTEXT() REPRESENTATION_CONTEXT('2D SPACE',''
  ) );
#2546 = ORIENTED_EDGE('',*,*,#2547,.F.);
#2547 = EDGE_CURVE('',#2441,#2516,#2548,.T.);
#2548 = SURFACE_CURVE('',#2549,(#2554,#2560),.PCURVE_S1.);
#2549 = CIRCLE('',#2550,12.5);
#2550 = AXIS2_PLACEMENT_3D('',#2551,#2552,#2553);
#2551 = CARTESIAN_POINT('',(110.,43.,61.));
#2552 = DIRECTION('',(-1.110223024625E-15,1.,1.110223024625E-15));
#2553 = DIRECTION('',(-1.,-1.110223024625E-15,1.498801083244E-14));
#2554 = PCURVE('',#2448,#2555);
#2555 = DEFINITIONAL_REPRESENTATION('',(#2556),#2559);
#2556 = B_SPLINE_CURVE_WITH_KNOTS('',1,(#2557,#2558),.UNSPECIFIED.,.F.,
  .F.,(2,2),(0.,3.14159265359),.PIECEWISE_BEZIER_KNOTS.);
#2557 = CARTESIAN_POINT('',(4.712388980385,-55.));
#2558 = CARTESIAN_POINT('',(1.570796326795,-55.));
#2559 = ( GEOMETRIC_REPRESENTATION_CONTEXT(2) 
PARAMETRIC_REPRESENTATION_CONTEXT() REPRESENTATION_CONTEXT('2D SPACE',''
  ) );
#2560 = PCURVE('',#2531,#2561);
#2561 = DEFINITIONAL_REPRESENTATION('',(#2562),#2570);
#2562 = ( BOUNDED_CURVE() B_SPLINE_CURVE(2,(#2563,#2564,#2565,#2566,
#2567,#2568,#2569),.UNSPECIFIED.,.T.,.F.) B_SPLINE_CURVE_WITH_KNOTS((1,2
    ,2,2,2,1),(-2.094395102393,0.,2.094395102393,4.188790204786,
6.28318530718,8.377580409573),.UNSPECIFIED.) CURVE() 
GEOMETRIC_REPRESENTATION_ITEM() RATIONAL_B_SPLINE_CURVE((1.,0.5,1.,0.5,
1.,0.5,1.)) REPRESENTATION_ITEM('') );
#2563 = CARTESIAN_POINT('',(-15.01,-27.51));
#2564 = CARTESIAN_POINT('',(-36.66063509461,-27.51));
#2565 = CARTESIAN_POINT('',(-25.8353175473,-8.760000000001));
#2566 = CARTESIAN_POINT('',(-15.01,9.989999999999));
#2567 = CARTESIAN_POINT('',(-4.184682452694,-8.760000000001));
#2568 = CARTESIAN_POINT('',(6.640635094611,-27.51));
#2569 = CARTESIAN_POINT('',(-15.01,-27.51));
#2570 = ( GEOMETRIC_REPRESENTATION_CONTEXT(2) 
PARAMETRIC_REPRESENTATION_CONTEXT() REPRESENTATION_CONTEXT('2D SPACE',''
  ) );
#2571 = ADVANCED_FACE('',(#2572),#2481,.T.);
#2572 = FACE_BOUND('',#2573,.T.);
#2573 = EDGE_LOOP('',(#2574,#2575));
#2574 = ORIENTED_EDGE('',*,*,#2493,.T.);
#2575 = ORIENTED_EDGE('',*,*,#2465,.T.);
#2576 = ADVANCED_FACE('',(#2577),#2590,.T.);
#2577 = FACE_BOUND('',#2578,.T.);
#2578 = EDGE_LOOP('',(#2579,#2606,#2629,#2650,#2651,#2679));
#2579 = ORIENTED_EDGE('',*,*,#2580,.T.);
#2580 = EDGE_CURVE('',#2581,#2583,#2585,.T.);
#2581 = VERTEX_POINT('',#2582);
#2582 = CARTESIAN_POINT('',(95.,48.,61.));
#2583 = VERTEX_POINT('',#2584);
#2584 = CARTESIAN_POINT('',(95.,43.,61.));
#2585 = SEAM_CURVE('',#2586,(#2589,#2600),.PCURVE_S1.);
#2586 = B_SPLINE_CURVE_WITH_KNOTS('',1,(#2587,#2588),.UNSPECIFIED.,.F.,
  .F.,(2,2),(1.E-02,5.01),.PIECEWISE_BEZIER_KNOTS.);
#2587 = CARTESIAN_POINT('',(95.,48.,61.));
#2588 = CARTESIAN_POINT('',(95.,43.,61.));
#2589 = PCURVE('',#2590,#2595);
#2590 = CYLINDRICAL_SURFACE('',#2591,15.);
#2591 = AXIS2_PLACEMENT_3D('',#2592,#2593,#2594);
#2592 = CARTESIAN_POINT('',(110.,45.5,61.));
#2593 = DIRECTION('',(-9.251858538543E-16,1.,1.850371707709E-15));
#2594 = DIRECTION('',(0.,-1.850371707709E-15,1.));
#2595 = DEFINITIONAL_REPRESENTATION('',(#2596),#2599);
#2596 = B_SPLINE_CURVE_WITH_KNOTS('',1,(#2597,#2598),.UNSPECIFIED.,.F.,
  .F.,(2,2),(1.E-02,5.01),.PIECEWISE_BEZIER_KNOTS.);
#2597 = CARTESIAN_POINT('',(-1.570796326795,2.5));
#2598 = CARTESIAN_POINT('',(-1.570796326795,-2.5));
#2599 = ( GEOMETRIC_REPRESENTATION_CONTEXT(2) 
PARAMETRIC_REPRESENTATION_CONTEXT() REPRESENTATION_CONTEXT('2D SPACE',''
  ) );
#2600 = PCURVE('',#2590,#2601);
#2601 = DEFINITIONAL_REPRESENTATION('',(#2602),#2605);
#2602 = B_SPLINE_CURVE_WITH_KNOTS('',1,(#2603,#2604),.UNSPECIFIED.,.F.,
  .F.,(2,2),(1.E-02,5.01),.PIECEWISE_BEZIER_KNOTS.);
#2603 = CARTESIAN_POINT('',(4.712388980385,2.5));
#2604 = CARTESIAN_POINT('',(4.712388980385,-2.5));
#2605 = ( GEOMETRIC_REPRESENTATION_CONTEXT(2) 
PARAMETRIC_REPRESENTATION_CONTEXT() REPRESENTATION_CONTEXT('2D SPACE',''
  ) );
#2606 = ORIENTED_EDGE('',*,*,#2607,.F.);
#2607 = EDGE_CURVE('',#2608,#2583,#2610,.T.);
#2608 = VERTEX_POINT('',#2609);
#2609 = CARTESIAN_POINT('',(125.,43.,61.));
#2610 = SURFACE_CURVE('',#2611,(#2616,#2622),.PCURVE_S1.);
#2611 = CIRCLE('',#2612,15.);
#2612 = AXIS2_PLACEMENT_3D('',#2613,#2614,#2615);
#2613 = CARTESIAN_POINT('',(110.,43.,61.));
#2614 = DIRECTION('',(4.625929269271E-16,-1.,-1.387778780781E-15));
#2615 = DIRECTION('',(1.,4.625929269271E-16,6.47630097698E-15));
#2616 = PCURVE('',#2590,#2617);
#2617 = DEFINITIONAL_REPRESENTATION('',(#2618),#2621);
#2618 = B_SPLINE_CURVE_WITH_KNOTS('',1,(#2619,#2620),.UNSPECIFIED.,.F.,
  .F.,(2,2),(0.,3.14159265359),.PIECEWISE_BEZIER_KNOTS.);
#2619 = CARTESIAN_POINT('',(1.570796326795,-2.5));
#2620 = CARTESIAN_POINT('',(-1.570796326795,-2.5));
#2621 = ( GEOMETRIC_REPRESENTATION_CONTEXT(2) 
PARAMETRIC_REPRESENTATION_CONTEXT() REPRESENTATION_CONTEXT('2D SPACE',''
  ) );
#2622 = PCURVE('',#2531,#2623);
#2623 = DEFINITIONAL_REPRESENTATION('',(#2624),#2628);
#2624 = CIRCLE('',#2625,15.);
#2625 = AXIS2_PLACEMENT_2D('',#2626,#2627);
#2626 = CARTESIAN_POINT('',(-15.01,-15.01));
#2627 = DIRECTION('',(-6.47630097698E-15,1.));
#2628 = ( GEOMETRIC_REPRESENTATION_CONTEXT(2) 
PARAMETRIC_REPRESENTATION_CONTEXT() REPRESENTATION_CONTEXT('2D SPACE',''
  ) );
#2629 = ORIENTED_EDGE('',*,*,#2630,.F.);
#2630 = EDGE_CURVE('',#2583,#2608,#2631,.T.);
#2631 = SURFACE_CURVE('',#2632,(#2637,#2643),.PCURVE_S1.);
#2632 = CIRCLE('',#2633,15.);
#2633 = AXIS2_PLACEMENT_3D('',#2634,#2635,#2636);
#2634 = CARTESIAN_POINT('',(110.,43.,61.));
#2635 = DIRECTION('',(4.625929269271E-16,-1.,-1.387778780781E-15));
#2636 = DIRECTION('',(-1.,-4.625929269271E-16,-8.789265611616E-15));
#2637 = PCURVE('',#2590,#2638);
#2638 = DEFINITIONAL_REPRESENTATION('',(#2639),#2642);
#2639 = B_SPLINE_CURVE_WITH_KNOTS('',1,(#2640,#2641),.UNSPECIFIED.,.F.,
  .F.,(2,2),(-0.,3.14159265359),.PIECEWISE_BEZIER_KNOTS.);
#2640 = CARTESIAN_POINT('',(4.712388980385,-2.5));
#2641 = CARTESIAN_POINT('',(1.570796326795,-2.5));
#2642 = ( GEOMETRIC_REPRESENTATION_CONTEXT(2) 
PARAMETRIC_REPRESENTATION_CONTEXT() REPRESENTATION_CONTEXT('2D SPACE',''
  ) );
#2643 = PCURVE('',#2531,#2644);
#2644 = DEFINITIONAL_REPRESENTATION('',(#2645),#2649);
#2645 = CIRCLE('',#2646,15.);
#2646 = AXIS2_PLACEMENT_2D('',#2647,#2648);
#2647 = CARTESIAN_POINT('',(-15.01,-15.01));
#2648 = DIRECTION('',(8.789265611616E-15,-1.));
#2649 = ( GEOMETRIC_REPRESENTATION_CONTEXT(2) 
PARAMETRIC_REPRESENTATION_CONTEXT() REPRESENTATION_CONTEXT('2D SPACE',''
  ) );
#2650 = ORIENTED_EDGE('',*,*,#2580,.F.);
#2651 = ORIENTED_EDGE('',*,*,#2652,.F.);
#2652 = EDGE_CURVE('',#2653,#2581,#2655,.T.);
#2653 = VERTEX_POINT('',#2654);
#2654 = CARTESIAN_POINT('',(125.,48.,61.));
#2655 = SURFACE_CURVE('',#2656,(#2661,#2667),.PCURVE_S1.);
#2656 = CIRCLE('',#2657,15.);
#2657 = AXIS2_PLACEMENT_3D('',#2658,#2659,#2660);
#2658 = CARTESIAN_POINT('',(110.,48.,61.));
#2659 = DIRECTION('',(-1.387778780781E-15,1.,1.387778780781E-15));
#2660 = DIRECTION('',(1.,1.387778780781E-15,-8.326672684689E-15));
#2661 = PCURVE('',#2590,#2662);
#2662 = DEFINITIONAL_REPRESENTATION('',(#2663),#2666);
#2663 = B_SPLINE_CURVE_WITH_KNOTS('',1,(#2664,#2665),.UNSPECIFIED.,.F.,
  .F.,(2,2),(0.,3.14159265359),.PIECEWISE_BEZIER_KNOTS.);
#2664 = CARTESIAN_POINT('',(1.570796326795,2.5));
#2665 = CARTESIAN_POINT('',(4.712388980385,2.5));
#2666 = ( GEOMETRIC_REPRESENTATION_CONTEXT(2) 
PARAMETRIC_REPRESENTATION_CONTEXT() REPRESENTATION_CONTEXT('2D SPACE',''
  ) );
#2667 = PCURVE('',#2668,#2673);
#2668 = PLANE('',#2669);
#2669 = AXIS2_PLACEMENT_3D('',#2670,#2671,#2672);
#2670 = CARTESIAN_POINT('',(94.990000000001,48.,45.99));
#2671 = DIRECTION('',(0.,1.,0.));
#2672 = DIRECTION('',(0.,0.,1.));
#2673 = DEFINITIONAL_REPRESENTATION('',(#2674),#2678);
#2674 = CIRCLE('',#2675,15.);
#2675 = AXIS2_PLACEMENT_2D('',#2676,#2677);
#2676 = CARTESIAN_POINT('',(15.01,15.01));
#2677 = DIRECTION('',(-8.326672684689E-15,1.));
#2678 = ( GEOMETRIC_REPRESENTATION_CONTEXT(2) 
PARAMETRIC_REPRESENTATION_CONTEXT() REPRESENTATION_CONTEXT('2D SPACE',''
  ) );
#2679 = ORIENTED_EDGE('',*,*,#2680,.F.);
#2680 = EDGE_CURVE('',#2581,#2653,#2681,.T.);
#2681 = SURFACE_CURVE('',#2682,(#2687,#2693),.PCURVE_S1.);
#2682 = CIRCLE('',#2683,15.);
#2683 = AXIS2_PLACEMENT_3D('',#2684,#2685,#2686);
#2684 = CARTESIAN_POINT('',(110.,48.,61.));
#2685 = DIRECTION('',(-1.387778780781E-15,1.,1.387778780781E-15));
#2686 = DIRECTION('',(-1.,-1.387778780781E-15,7.864079757761E-15));
#2687 = PCURVE('',#2590,#2688);
#2688 = DEFINITIONAL_REPRESENTATION('',(#2689),#2692);
#2689 = B_SPLINE_CURVE_WITH_KNOTS('',1,(#2690,#2691),.UNSPECIFIED.,.F.,
  .F.,(2,2),(0.,3.14159265359),.PIECEWISE_BEZIER_KNOTS.);
#2690 = CARTESIAN_POINT('',(-1.570796326795,2.5));
#2691 = CARTESIAN_POINT('',(1.570796326795,2.5));
#2692 = ( GEOMETRIC_REPRESENTATION_CONTEXT(2) 
PARAMETRIC_REPRESENTATION_CONTEXT() REPRESENTATION_CONTEXT('2D SPACE',''
  ) );
#2693 = PCURVE('',#2668,#2694);
#2694 = DEFINITIONAL_REPRESENTATION('',(#2695),#2699);
#2695 = CIRCLE('',#2696,15.);
#2696 = AXIS2_PLACEMENT_2D('',#2697,#2698);
#2697 = CARTESIAN_POINT('',(15.01,15.01));
#2698 = DIRECTION('',(7.864079757761E-15,-1.));
#2699 = ( GEOMETRIC_REPRESENTATION_CONTEXT(2) 
PARAMETRIC_REPRESENTATION_CONTEXT() REPRESENTATION_CONTEXT('2D SPACE',''
  ) );
#2700 = ADVANCED_FACE('',(#2701),#2668,.T.);
#2701 = FACE_BOUND('',#2702,.T.);
#2702 = EDGE_LOOP('',(#2703,#2704));
#2703 = ORIENTED_EDGE('',*,*,#2680,.T.);
#2704 = ORIENTED_EDGE('',*,*,#2652,.T.);
#2705 = ADVANCED_FACE('',(#2706,#2710),#2531,.T.);
#2706 = FACE_BOUND('',#2707,.T.);
#2707 = EDGE_LOOP('',(#2708,#2709));
#2708 = ORIENTED_EDGE('',*,*,#2607,.T.);
#2709 = ORIENTED_EDGE('',*,*,#2630,.T.);
#2710 = FACE_BOUND('',#2711,.T.);
#2711 = EDGE_LOOP('',(#2712,#2713));
#2712 = ORIENTED_EDGE('',*,*,#2547,.T.);
#2713 = ORIENTED_EDGE('',*,*,#2515,.T.);
#2714 = ( GEOMETRIC_REPRESENTATION_CONTEXT(3) 
GLOBAL_UNCERTAINTY_ASSIGNED_CONTEXT((#2718)) 
GLOBAL_UNIT_ASSIGNED_CONTEXT((#2715,#2716,#2717)) REPRESENTATION_CONTEXT
('Context #1','3D Context with UNIT and UNCERTAINTY') );
#2715 = ( LENGTH_UNIT() NAMED_UNIT(*) SI_UNIT(.MILLI.,.METRE.) );
#2716 = ( NAMED_UNIT(*) PLANE_ANGLE_UNIT() SI_UNIT($,.RADIAN.) );
#2717 = ( NAMED_UNIT(*) SI_UNIT($,.STERADIAN.) SOLID_ANGLE_UNIT() );
#2718 = UNCERTAINTY_MEASURE_WITH_UNIT(LENGTH_MEASURE(1.E-04),#2715,
  'distance_accuracy_value','confusion accuracy');
#2719 = CONTEXT_DEPENDENT_SHAPE_REPRESENTATION(#2720,#2722);
#2720 = ( REPRESENTATION_RELATIONSHIP('','',#2431,#10) 
REPRESENTATION_RELATIONSHIP_WITH_TRANSFORMATION(#2721) 
SHAPE_REPRESENTATION_RELATIONSHIP() );
#2721 = ITEM_DEFINED_TRANSFORMATION('','',#11,#23);
#2722 = PRODUCT_DEFINITION_SHAPE('Placement','Placement of an item',
  #2723);
#2723 = NEXT_ASSEMBLY_USAGE_OCCURRENCE('67','','',#5,#2426,$);
#2724 = PRODUCT_RELATED_PRODUCT_CATEGORY('part',$,(#2428));
ENDSEC;
END-ISO-10303-21;
