ISO-10303-21;
HEADER;
/* Generated by software containing ST-Developer
 * from STEP Tools, Inc. (www.steptools.com) 
 */
/* OPTION: using custom schema-name function */

FILE_DESCRIPTION(
/* description */ (''),
/* implementation_level */ '2;1');

FILE_NAME(
/* name */ 'FORMWORKS_3m_tubes',
/* time_stamp */ '2026-01-25T15:56:19+01:00',
/* author */ (''),
/* organization */ (''),
/* preprocessor_version */ 'ST-DEVELOPER v19.2',
/* originating_system */ 'Rhino 8.27',
/* authorisation */ '');

FILE_SCHEMA (('CONFIG_CONTROL_DESIGN'));
ENDSEC;

DATA;
#10=SHAPE_REPRESENTATION_RELATIONSHIP('','',#4814,#47);
#11=B_SPLINE_SURFACE_WITH_KNOTS('',3,1,((#8797,#8798),(#8799,#8800),(#8801,
#8802),(#8803,#8804),(#8805,#8806),(#8807,#8808),(#8809,#8810),(#8811,#8812),
(#8813,#8814),(#8815,#8816),(#8817,#8818),(#8819,#8820),(#8821,#8822)),
 .UNSPECIFIED.,.F.,.F.,.F.,(4,3,3,3,4),(2,2),(0.,1.440540559817,2.87191076326935,
4.30328096672268,5.74382152653896),(0.,5.),.UNSPECIFIED.);
#12=B_SPLINE_SURFACE_WITH_KNOTS('',3,1,((#8823,#8824),(#8825,#8826),(#8827,
#8828),(#8829,#8830),(#8831,#8832),(#8833,#8834),(#8835,#8836),(#8837,#8838),
(#8839,#8840),(#8841,#8842),(#8843,#8844),(#8845,#8846),(#8847,#8848)),
 .UNSPECIFIED.,.F.,.F.,.F.,(4,3,3,3,4),(2,2),(5.74382152653896,7.18436208635751,
8.61573228980816,10.0471024932591,11.4876430530775),(0.,5.),
 .UNSPECIFIED.);
#13=B_SPLINE_SURFACE_WITH_KNOTS('',3,1,((#8849,#8850),(#8851,#8852),(#8853,
#8854),(#8855,#8856),(#8857,#8858),(#8859,#8860),(#8861,#8862),(#8863,#8864),
(#8865,#8866),(#8867,#8868),(#8869,#8870),(#8871,#8872),(#8873,#8874)),
 .UNSPECIFIED.,.F.,.F.,.F.,(4,3,3,3,4),(2,2),(0.,1.44054055981688,2.87191076326909,
4.30328096672091,5.74382152653849),(0.,5.),.UNSPECIFIED.);
#14=B_SPLINE_SURFACE_WITH_KNOTS('',3,1,((#8875,#8876),(#8877,#8878),(#8879,
#8880),(#8881,#8882),(#8883,#8884),(#8885,#8886),(#8887,#8888),(#8889,#8890),
(#8891,#8892),(#8893,#8894),(#8895,#8896),(#8897,#8898),(#8899,#8900)),
 .UNSPECIFIED.,.F.,.F.,.F.,(4,3,3,3,4),(2,2),(5.74382152653849,7.18436208635583,
8.61573228980729,10.0471024932583,11.4876430530765),(0.,5.),
 .UNSPECIFIED.);
#15=B_SPLINE_SURFACE_WITH_KNOTS('',1,3,((#8903,#8904,#8905,#8906,#8907,
#8908,#8909,#8910,#8911,#8912,#8913,#8914,#8915),(#8916,#8917,#8918,#8919,
#8920,#8921,#8922,#8923,#8924,#8925,#8926,#8927,#8928)),.UNSPECIFIED.,.F.,
 .F.,.F.,(2,2),(4,3,3,3,4),(0.,5.),(0.,1.440540559817,2.87191076326935,
4.30328096672268,5.74382152653896),.UNSPECIFIED.);
#16=B_SPLINE_SURFACE_WITH_KNOTS('',1,3,((#8929,#8930,#8931,#8932,#8933,
#8934,#8935,#8936,#8937,#8938,#8939,#8940,#8941),(#8942,#8943,#8944,#8945,
#8946,#8947,#8948,#8949,#8950,#8951,#8952,#8953,#8954)),.UNSPECIFIED.,.F.,
 .F.,.F.,(2,2),(4,3,3,3,4),(0.,5.),(5.74382152653896,7.18436208635751,8.61573228980816,
10.0471024932591,11.4876430530775),.UNSPECIFIED.);
#17=B_SPLINE_SURFACE_WITH_KNOTS('',1,3,((#8955,#8956,#8957,#8958,#8959,
#8960,#8961,#8962,#8963,#8964,#8965,#8966,#8967),(#8968,#8969,#8970,#8971,
#8972,#8973,#8974,#8975,#8976,#8977,#8978,#8979,#8980)),.UNSPECIFIED.,.F.,
 .F.,.F.,(2,2),(4,3,3,3,4),(0.,5.),(0.,1.44054055981688,2.87191076326909,
4.30328096672091,5.74382152653849),.UNSPECIFIED.);
#18=B_SPLINE_SURFACE_WITH_KNOTS('',1,3,((#8981,#8982,#8983,#8984,#8985,
#8986,#8987,#8988,#8989,#8990,#8991,#8992,#8993),(#8994,#8995,#8996,#8997,
#8998,#8999,#9000,#9001,#9002,#9003,#9004,#9005,#9006)),.UNSPECIFIED.,.F.,
 .F.,.F.,(2,2),(4,3,3,3,4),(0.,5.),(5.74382152653849,7.18436208635583,8.61573228980729,
10.0471024932583,11.4876430530765),.UNSPECIFIED.);
#19=B_SPLINE_SURFACE_WITH_KNOTS('',3,1,((#9009,#9010),(#9011,#9012),(#9013,
#9014),(#9015,#9016),(#9017,#9018),(#9019,#9020)),.UNSPECIFIED.,.F.,.F.,
 .F.,(4,1,1,4),(2,2),(-2.22093431623739E-5,1.08185083324639,1.72949789065371,
2.39916869173332),(0.,1.),.UNSPECIFIED.);
#20=B_SPLINE_SURFACE_WITH_KNOTS('',3,1,((#9021,#9022),(#9023,#9024),(#9025,
#9026),(#9027,#9028),(#9029,#9030),(#9031,#9032)),.UNSPECIFIED.,.F.,.F.,
 .F.,(4,1,1,4),(2,2),(1.45369759476655E-5,0.669695195129135,1.3173320729351,
2.39920543805474),(0.,1.),.UNSPECIFIED.);
#21=B_SPLINE_SURFACE_WITH_KNOTS('',3,1,((#9033,#9034),(#9035,#9036),(#9037,
#9038),(#9039,#9040),(#9041,#9042),(#9043,#9044)),.UNSPECIFIED.,.F.,.F.,
 .F.,(4,1,1,4),(2,2),(-2.22093427076266E-5,1.08185083324741,1.72949789065493,
2.39916869173418),(0.,1.),.UNSPECIFIED.);
#22=B_SPLINE_SURFACE_WITH_KNOTS('',3,1,((#9045,#9046),(#9047,#9048),(#9049,
#9050),(#9051,#9052),(#9053,#9054),(#9055,#9056)),.UNSPECIFIED.,.F.,.F.,
 .F.,(4,1,1,4),(2,2),(1.4536975945445E-5,0.669695195129353,1.31733207293458,
2.39920543805649),(0.,1.),.UNSPECIFIED.);
#23=B_SPLINE_SURFACE_WITH_KNOTS('',1,3,((#9057,#9058,#9059,#9060,#9061,
#9062),(#9063,#9064,#9065,#9066,#9067,#9068)),.UNSPECIFIED.,.F.,.F.,.F.,
(2,2),(4,1,1,4),(0.,1.),(-2.22093436402798E-5,1.08185083324524,1.72949789065387,
2.3991686917315),.UNSPECIFIED.);
#24=B_SPLINE_SURFACE_WITH_KNOTS('',1,3,((#9069,#9070,#9071,#9072,#9073,
#9074),(#9075,#9076,#9077,#9078,#9079,#9080)),.UNSPECIFIED.,.F.,.F.,.F.,
(2,2),(4,1,1,4),(0.,1.),(1.4536976652435E-5,0.669695195130419,1.31733207293547,
2.39920543805649),.UNSPECIFIED.);
#25=B_SPLINE_SURFACE_WITH_KNOTS('',1,3,((#9081,#9082,#9083,#9084,#9085,
#9086),(#9087,#9088,#9089,#9090,#9091,#9092)),.UNSPECIFIED.,.F.,.F.,.F.,
(2,2),(4,1,1,4),(0.,1.),(-2.22093437182818E-5,1.08185083324584,1.72949789065345,
2.39916869173228),.UNSPECIFIED.);
#26=B_SPLINE_SURFACE_WITH_KNOTS('',1,3,((#9093,#9094,#9095,#9096,#9097,
#9098),(#9099,#9100,#9101,#9102,#9103,#9104)),.UNSPECIFIED.,.F.,.F.,.F.,
(2,2),(4,1,1,4),(0.,1.),(1.45369761674896E-5,0.669695195130256,1.31733207293576,
2.3992054380554),.UNSPECIFIED.);
#27=B_SPLINE_SURFACE_WITH_KNOTS('',3,1,((#9886,#9887),(#9888,#9889),(#9890,
#9891),(#9892,#9893),(#9894,#9895),(#9896,#9897),(#9898,#9899),(#9900,#9901),
(#9902,#9903),(#9904,#9905),(#9906,#9907),(#9908,#9909),(#9910,#9911)),
 .UNSPECIFIED.,.F.,.F.,.F.,(4,3,3,3,4),(2,2),(0.,1.440540559817,2.87191076326935,
4.30328096672268,5.74382152653896),(0.,5.),.UNSPECIFIED.);
#28=B_SPLINE_SURFACE_WITH_KNOTS('',3,1,((#9912,#9913),(#9914,#9915),(#9916,
#9917),(#9918,#9919),(#9920,#9921),(#9922,#9923),(#9924,#9925),(#9926,#9927),
(#9928,#9929),(#9930,#9931),(#9932,#9933),(#9934,#9935),(#9936,#9937)),
 .UNSPECIFIED.,.F.,.F.,.F.,(4,3,3,3,4),(2,2),(5.74382152653896,7.18436208635751,
8.61573228980816,10.0471024932591,11.4876430530775),(0.,5.),
 .UNSPECIFIED.);
#29=B_SPLINE_SURFACE_WITH_KNOTS('',3,1,((#9938,#9939),(#9940,#9941),(#9942,
#9943),(#9944,#9945),(#9946,#9947),(#9948,#9949),(#9950,#9951),(#9952,#9953),
(#9954,#9955),(#9956,#9957),(#9958,#9959),(#9960,#9961),(#9962,#9963)),
 .UNSPECIFIED.,.F.,.F.,.F.,(4,3,3,3,4),(2,2),(0.,1.44054055981688,2.87191076326909,
4.30328096672091,5.74382152653849),(0.,5.),.UNSPECIFIED.);
#30=B_SPLINE_SURFACE_WITH_KNOTS('',3,1,((#9964,#9965),(#9966,#9967),(#9968,
#9969),(#9970,#9971),(#9972,#9973),(#9974,#9975),(#9976,#9977),(#9978,#9979),
(#9980,#9981),(#9982,#9983),(#9984,#9985),(#9986,#9987),(#9988,#9989)),
 .UNSPECIFIED.,.F.,.F.,.F.,(4,3,3,3,4),(2,2),(5.74382152653849,7.18436208635583,
8.61573228980729,10.0471024932583,11.4876430530765),(0.,5.),
 .UNSPECIFIED.);
#31=B_SPLINE_SURFACE_WITH_KNOTS('',1,3,((#9992,#9993,#9994,#9995,#9996,
#9997,#9998,#9999,#10000,#10001,#10002,#10003,#10004),(#10005,#10006,#10007,
#10008,#10009,#10010,#10011,#10012,#10013,#10014,#10015,#10016,#10017)),
 .UNSPECIFIED.,.F.,.F.,.F.,(2,2),(4,3,3,3,4),(0.,5.),(0.,1.440540559817,
2.87191076326935,4.30328096672268,5.74382152653896),.UNSPECIFIED.);
#32=B_SPLINE_SURFACE_WITH_KNOTS('',1,3,((#10018,#10019,#10020,#10021,#10022,
#10023,#10024,#10025,#10026,#10027,#10028,#10029,#10030),(#10031,#10032,
#10033,#10034,#10035,#10036,#10037,#10038,#10039,#10040,#10041,#10042,#10043)),
 .UNSPECIFIED.,.F.,.F.,.F.,(2,2),(4,3,3,3,4),(0.,5.),(5.74382152653896,
7.18436208635751,8.61573228980816,10.0471024932591,11.4876430530775),
 .UNSPECIFIED.);
#33=B_SPLINE_SURFACE_WITH_KNOTS('',1,3,((#10044,#10045,#10046,#10047,#10048,
#10049,#10050,#10051,#10052,#10053,#10054,#10055,#10056),(#10057,#10058,
#10059,#10060,#10061,#10062,#10063,#10064,#10065,#10066,#10067,#10068,#10069)),
 .UNSPECIFIED.,.F.,.F.,.F.,(2,2),(4,3,3,3,4),(0.,5.),(0.,1.44054055981688,
2.87191076326909,4.30328096672091,5.74382152653849),.UNSPECIFIED.);
#34=B_SPLINE_SURFACE_WITH_KNOTS('',1,3,((#10070,#10071,#10072,#10073,#10074,
#10075,#10076,#10077,#10078,#10079,#10080,#10081,#10082),(#10083,#10084,
#10085,#10086,#10087,#10088,#10089,#10090,#10091,#10092,#10093,#10094,#10095)),
 .UNSPECIFIED.,.F.,.F.,.F.,(2,2),(4,3,3,3,4),(0.,5.),(5.74382152653849,
7.18436208635583,8.61573228980729,10.0471024932583,11.4876430530765),
 .UNSPECIFIED.);
#35=B_SPLINE_SURFACE_WITH_KNOTS('',3,1,((#10098,#10099),(#10100,#10101),
(#10102,#10103),(#10104,#10105),(#10106,#10107),(#10108,#10109)),
 .UNSPECIFIED.,.F.,.F.,.F.,(4,1,1,4),(2,2),(-2.22093431623739E-5,1.08185083324639,
1.72949789065371,2.39916869173332),(0.,1.),.UNSPECIFIED.);
#36=B_SPLINE_SURFACE_WITH_KNOTS('',3,1,((#10110,#10111),(#10112,#10113),
(#10114,#10115),(#10116,#10117),(#10118,#10119),(#10120,#10121)),
 .UNSPECIFIED.,.F.,.F.,.F.,(4,1,1,4),(2,2),(1.45369759476655E-5,0.669695195129135,
1.3173320729351,2.39920543805474),(0.,1.),.UNSPECIFIED.);
#37=B_SPLINE_SURFACE_WITH_KNOTS('',3,1,((#10122,#10123),(#10124,#10125),
(#10126,#10127),(#10128,#10129),(#10130,#10131),(#10132,#10133)),
 .UNSPECIFIED.,.F.,.F.,.F.,(4,1,1,4),(2,2),(-2.22093427076266E-5,1.08185083324741,
1.72949789065493,2.39916869173418),(0.,1.),.UNSPECIFIED.);
#38=B_SPLINE_SURFACE_WITH_KNOTS('',3,1,((#10134,#10135),(#10136,#10137),
(#10138,#10139),(#10140,#10141),(#10142,#10143),(#10144,#10145)),
 .UNSPECIFIED.,.F.,.F.,.F.,(4,1,1,4),(2,2),(1.4536975945445E-5,0.669695195129353,
1.31733207293458,2.39920543805649),(0.,1.),.UNSPECIFIED.);
#39=B_SPLINE_SURFACE_WITH_KNOTS('',1,3,((#10146,#10147,#10148,#10149,#10150,
#10151),(#10152,#10153,#10154,#10155,#10156,#10157)),.UNSPECIFIED.,.F.,
 .F.,.F.,(2,2),(4,1,1,4),(0.,1.),(-2.22093436402798E-5,1.08185083324524,
1.72949789065387,2.3991686917315),.UNSPECIFIED.);
#40=B_SPLINE_SURFACE_WITH_KNOTS('',1,3,((#10158,#10159,#10160,#10161,#10162,
#10163),(#10164,#10165,#10166,#10167,#10168,#10169)),.UNSPECIFIED.,.F.,
 .F.,.F.,(2,2),(4,1,1,4),(0.,1.),(1.4536976652435E-5,0.669695195130419,
1.31733207293547,2.39920543805649),.UNSPECIFIED.);
#41=B_SPLINE_SURFACE_WITH_KNOTS('',1,3,((#10170,#10171,#10172,#10173,#10174,
#10175),(#10176,#10177,#10178,#10179,#10180,#10181)),.UNSPECIFIED.,.F.,
 .F.,.F.,(2,2),(4,1,1,4),(0.,1.),(-2.22093437182818E-5,1.08185083324584,
1.72949789065345,2.39916869173228),.UNSPECIFIED.);
#42=B_SPLINE_SURFACE_WITH_KNOTS('',1,3,((#10182,#10183,#10184,#10185,#10186,
#10187),(#10188,#10189,#10190,#10191,#10192,#10193)),.UNSPECIFIED.,.F.,
 .F.,.F.,(2,2),(4,1,1,4),(0.,1.),(1.45369761674896E-5,0.669695195130256,
1.31733207293576,2.3992054380554),.UNSPECIFIED.);
#43=MANIFOLD_SOLID_BREP('brep_1',#48);
#44=MANIFOLD_SOLID_BREP('brep_2',#49);
#45=MANIFOLD_SOLID_BREP('brep_3',#50);
#46=MANIFOLD_SOLID_BREP('brep_4',#51);
#47=ADVANCED_BREP_SHAPE_REPRESENTATION('brep_rep_0',(#43,#44,#45,#46,#5208),
#4813);
#48=CLOSED_SHELL('',(#134,#135,#136,#137,#138,#139,#140,#141,#142,#143,
#144,#145,#146,#147,#148,#149,#150,#151,#152,#153,#154,#155,#156,#157,#158,
#159,#160,#161,#162,#163,#164,#165,#166,#167,#168,#169,#170,#171,#172,#173,
#174,#175,#176,#177,#178,#179,#180,#181,#182,#183,#184,#185,#186,#187,#188,
#189,#190,#191,#192,#193,#194,#195,#196,#197,#198,#199,#200,#201,#202,#203,
#204,#205,#206,#207,#208,#209,#210,#211,#212,#213,#214,#215,#216,#217,#218,
#219,#220));
#49=CLOSED_SHELL('',(#221,#222,#223,#224,#225,#226,#227,#228,#229,#230,
#231,#232,#233,#234,#235,#236,#237,#238,#239,#240,#241,#242,#243,#244,#245,
#246,#247,#248,#249,#250,#251,#252,#253,#254,#255,#256,#257,#258,#259,#260,
#261,#262,#263,#264,#265,#266,#267,#268,#269,#270,#271,#272,#273,#274,#275,
#276,#277,#278,#279,#280,#281,#282,#283,#284,#285,#286,#287,#288,#289,#290,
#291,#292,#293,#294,#295,#296,#297,#298,#299,#300,#301,#302,#303,#304,#305,
#306,#307));
#50=CLOSED_SHELL('',(#308,#309,#310,#311,#312,#313,#314,#315,#316,#317,
#318,#319,#320,#321,#322,#323,#324,#325,#326,#327,#328,#329,#330,#331,#332,
#333,#334,#335,#336,#337,#338,#339,#340,#341,#342,#343,#344,#345,#346,#347,
#348,#349,#350,#351,#352,#353,#354,#355,#356,#357,#358,#359,#360,#361,#362,
#363,#364,#365,#366,#367,#368,#369,#370,#371,#372));
#51=CLOSED_SHELL('',(#373,#374,#375,#376,#377,#378,#379,#380,#381,#382,
#383,#384,#385,#386,#387,#388,#389,#390,#391,#392,#393,#394,#395,#396,#397,
#398,#399,#400,#401,#402,#403,#404,#405,#406,#407,#408,#409,#410,#411,#412,
#413,#414,#415,#416,#417,#418,#419,#420,#421,#422,#423,#424,#425,#426,#427,
#428,#429,#430,#431,#432,#433,#434,#435,#436,#437));
#52=FACE_BOUND('',#745,.T.);
#53=FACE_BOUND('',#749,.T.);
#54=FACE_BOUND('',#753,.T.);
#55=FACE_BOUND('',#757,.T.);
#56=FACE_BOUND('',#764,.T.);
#57=FACE_BOUND('',#765,.T.);
#58=FACE_BOUND('',#777,.T.);
#59=FACE_BOUND('',#780,.T.);
#60=FACE_BOUND('',#794,.T.);
#61=FACE_BOUND('',#796,.T.);
#62=FACE_BOUND('',#800,.T.);
#63=FACE_BOUND('',#801,.T.);
#64=FACE_BOUND('',#807,.T.);
#65=FACE_BOUND('',#809,.T.);
#66=FACE_BOUND('',#811,.T.);
#67=FACE_BOUND('',#812,.T.);
#68=FACE_BOUND('',#813,.T.);
#69=FACE_BOUND('',#814,.T.);
#70=FACE_BOUND('',#815,.T.);
#71=FACE_BOUND('',#816,.T.);
#72=FACE_BOUND('',#817,.T.);
#73=FACE_BOUND('',#818,.T.);
#74=FACE_BOUND('',#819,.T.);
#75=FACE_BOUND('',#821,.T.);
#76=FACE_BOUND('',#822,.T.);
#77=FACE_BOUND('',#823,.T.);
#78=FACE_BOUND('',#824,.T.);
#79=FACE_BOUND('',#825,.T.);
#80=FACE_BOUND('',#860,.T.);
#81=FACE_BOUND('',#864,.T.);
#82=FACE_BOUND('',#868,.T.);
#83=FACE_BOUND('',#872,.T.);
#84=FACE_BOUND('',#879,.T.);
#85=FACE_BOUND('',#880,.T.);
#86=FACE_BOUND('',#892,.T.);
#87=FACE_BOUND('',#895,.T.);
#88=FACE_BOUND('',#909,.T.);
#89=FACE_BOUND('',#911,.T.);
#90=FACE_BOUND('',#915,.T.);
#91=FACE_BOUND('',#916,.T.);
#92=FACE_BOUND('',#922,.T.);
#93=FACE_BOUND('',#924,.T.);
#94=FACE_BOUND('',#926,.T.);
#95=FACE_BOUND('',#927,.T.);
#96=FACE_BOUND('',#928,.T.);
#97=FACE_BOUND('',#929,.T.);
#98=FACE_BOUND('',#930,.T.);
#99=FACE_BOUND('',#931,.T.);
#100=FACE_BOUND('',#932,.T.);
#101=FACE_BOUND('',#933,.T.);
#102=FACE_BOUND('',#934,.T.);
#103=FACE_BOUND('',#936,.T.);
#104=FACE_BOUND('',#937,.T.);
#105=FACE_BOUND('',#938,.T.);
#106=FACE_BOUND('',#939,.T.);
#107=FACE_BOUND('',#940,.T.);
#108=FACE_BOUND('',#973,.T.);
#109=FACE_BOUND('',#980,.T.);
#110=FACE_BOUND('',#993,.T.);
#111=FACE_BOUND('',#994,.T.);
#112=FACE_BOUND('',#995,.T.);
#113=FACE_BOUND('',#996,.T.);
#114=FACE_BOUND('',#997,.T.);
#115=FACE_BOUND('',#998,.T.);
#116=FACE_BOUND('',#999,.T.);
#117=FACE_BOUND('',#1000,.T.);
#118=FACE_BOUND('',#1001,.T.);
#119=FACE_BOUND('',#1002,.T.);
#120=FACE_BOUND('',#1008,.T.);
#121=FACE_BOUND('',#1051,.T.);
#122=FACE_BOUND('',#1058,.T.);
#123=FACE_BOUND('',#1071,.T.);
#124=FACE_BOUND('',#1072,.T.);
#125=FACE_BOUND('',#1073,.T.);
#126=FACE_BOUND('',#1074,.T.);
#127=FACE_BOUND('',#1075,.T.);
#128=FACE_BOUND('',#1076,.T.);
#129=FACE_BOUND('',#1077,.T.);
#130=FACE_BOUND('',#1078,.T.);
#131=FACE_BOUND('',#1079,.T.);
#132=FACE_BOUND('',#1080,.T.);
#133=FACE_BOUND('',#1086,.T.);
#134=ADVANCED_FACE('',(#438),#4656,.T.);
#135=ADVANCED_FACE('',(#439),#4657,.T.);
#136=ADVANCED_FACE('',(#440,#52),#4538,.T.);
#137=ADVANCED_FACE('',(#441),#4658,.T.);
#138=ADVANCED_FACE('',(#442),#4659,.T.);
#139=ADVANCED_FACE('',(#443,#53),#4539,.T.);
#140=ADVANCED_FACE('',(#444),#4660,.T.);
#141=ADVANCED_FACE('',(#445),#4661,.T.);
#142=ADVANCED_FACE('',(#446,#54),#4540,.T.);
#143=ADVANCED_FACE('',(#447),#4662,.T.);
#144=ADVANCED_FACE('',(#448),#4663,.T.);
#145=ADVANCED_FACE('',(#449,#55),#4541,.T.);
#146=ADVANCED_FACE('',(#450),#4664,.T.);
#147=ADVANCED_FACE('',(#451),#4665,.T.);
#148=ADVANCED_FACE('',(#452),#4666,.T.);
#149=ADVANCED_FACE('',(#453),#4542,.T.);
#150=ADVANCED_FACE('',(#454),#4543,.T.);
#151=ADVANCED_FACE('',(#455,#56,#57),#4544,.T.);
#152=ADVANCED_FACE('',(#456),#4545,.T.);
#153=ADVANCED_FACE('',(#457),#4546,.T.);
#154=ADVANCED_FACE('',(#458),#4547,.T.);
#155=ADVANCED_FACE('',(#459),#4548,.T.);
#156=ADVANCED_FACE('',(#460),#4456,.F.);
#157=ADVANCED_FACE('',(#461),#4549,.T.);
#158=ADVANCED_FACE('',(#462),#4550,.T.);
#159=ADVANCED_FACE('',(#463),#4551,.T.);
#160=ADVANCED_FACE('',(#464),#4552,.T.);
#161=ADVANCED_FACE('',(#465),#4553,.T.);
#162=ADVANCED_FACE('',(#466,#58),#4554,.T.);
#163=ADVANCED_FACE('',(#467),#4457,.F.);
#164=ADVANCED_FACE('',(#468,#59),#4555,.T.);
#165=ADVANCED_FACE('',(#469),#4458,.F.);
#166=ADVANCED_FACE('',(#470),#4459,.F.);
#167=ADVANCED_FACE('',(#471),#4460,.T.);
#168=ADVANCED_FACE('',(#472),#4461,.T.);
#169=ADVANCED_FACE('',(#473),#4462,.T.);
#170=ADVANCED_FACE('',(#474),#4463,.T.);
#171=ADVANCED_FACE('',(#475),#4464,.T.);
#172=ADVANCED_FACE('',(#476),#4465,.T.);
#173=ADVANCED_FACE('',(#477),#4466,.T.);
#174=ADVANCED_FACE('',(#478),#4467,.F.);
#175=ADVANCED_FACE('',(#479),#4468,.F.);
#176=ADVANCED_FACE('',(#480),#4469,.F.);
#177=ADVANCED_FACE('',(#481,#60),#4556,.T.);
#178=ADVANCED_FACE('',(#482,#61),#4557,.T.);
#179=ADVANCED_FACE('',(#483),#4667,.T.);
#180=ADVANCED_FACE('',(#484),#4668,.T.);
#181=ADVANCED_FACE('',(#485,#62,#63),#4558,.T.);
#182=ADVANCED_FACE('',(#486),#4470,.T.);
#183=ADVANCED_FACE('',(#487),#4471,.T.);
#184=ADVANCED_FACE('',(#488),#4472,.F.);
#185=ADVANCED_FACE('',(#489),#4473,.F.);
#186=ADVANCED_FACE('',(#490,#64),#4559,.T.);
#187=ADVANCED_FACE('',(#491,#65),#4560,.T.);
#188=ADVANCED_FACE('',(#492,#66,#67,#68,#69,#70,#71,#72,#73,#74),#4561,
 .T.);
#189=ADVANCED_FACE('',(#493,#75,#76,#77,#78,#79),#4562,.T.);
#190=ADVANCED_FACE('',(#494),#4669,.T.);
#191=ADVANCED_FACE('',(#495),#4670,.T.);
#192=ADVANCED_FACE('',(#496),#4671,.T.);
#193=ADVANCED_FACE('',(#497),#4672,.T.);
#194=ADVANCED_FACE('',(#498),#4673,.T.);
#195=ADVANCED_FACE('',(#499),#4674,.T.);
#196=ADVANCED_FACE('',(#500),#4675,.T.);
#197=ADVANCED_FACE('',(#501),#4676,.T.);
#198=ADVANCED_FACE('',(#502),#4677,.T.);
#199=ADVANCED_FACE('',(#503),#4678,.T.);
#200=ADVANCED_FACE('',(#504),#4679,.T.);
#201=ADVANCED_FACE('',(#505),#4474,.F.);
#202=ADVANCED_FACE('',(#506),#4475,.F.);
#203=ADVANCED_FACE('',(#507),#4476,.F.);
#204=ADVANCED_FACE('',(#508),#4477,.F.);
#205=ADVANCED_FACE('',(#509),#4478,.T.);
#206=ADVANCED_FACE('',(#510),#4479,.T.);
#207=ADVANCED_FACE('',(#511),#4480,.T.);
#208=ADVANCED_FACE('',(#512),#4481,.T.);
#209=ADVANCED_FACE('',(#513),#4482,.T.);
#210=ADVANCED_FACE('',(#514),#4483,.T.);
#211=ADVANCED_FACE('',(#515),#4484,.T.);
#212=ADVANCED_FACE('',(#516),#4485,.F.);
#213=ADVANCED_FACE('',(#517),#4486,.F.);
#214=ADVANCED_FACE('',(#518),#4487,.F.);
#215=ADVANCED_FACE('',(#519),#4680,.T.);
#216=ADVANCED_FACE('',(#520),#4681,.T.);
#217=ADVANCED_FACE('',(#521),#4488,.T.);
#218=ADVANCED_FACE('',(#522),#4489,.T.);
#219=ADVANCED_FACE('',(#523),#4490,.F.);
#220=ADVANCED_FACE('',(#524),#4491,.F.);
#221=ADVANCED_FACE('',(#525),#4682,.T.);
#222=ADVANCED_FACE('',(#526),#4683,.T.);
#223=ADVANCED_FACE('',(#527,#80),#4563,.T.);
#224=ADVANCED_FACE('',(#528),#4684,.T.);
#225=ADVANCED_FACE('',(#529),#4685,.T.);
#226=ADVANCED_FACE('',(#530,#81),#4564,.T.);
#227=ADVANCED_FACE('',(#531),#4686,.T.);
#228=ADVANCED_FACE('',(#532),#4687,.T.);
#229=ADVANCED_FACE('',(#533,#82),#4565,.T.);
#230=ADVANCED_FACE('',(#534),#4688,.T.);
#231=ADVANCED_FACE('',(#535),#4689,.T.);
#232=ADVANCED_FACE('',(#536,#83),#4566,.T.);
#233=ADVANCED_FACE('',(#537),#4690,.T.);
#234=ADVANCED_FACE('',(#538),#4691,.T.);
#235=ADVANCED_FACE('',(#539),#4692,.T.);
#236=ADVANCED_FACE('',(#540),#4567,.T.);
#237=ADVANCED_FACE('',(#541),#4568,.T.);
#238=ADVANCED_FACE('',(#542,#84,#85),#4569,.T.);
#239=ADVANCED_FACE('',(#543),#4570,.T.);
#240=ADVANCED_FACE('',(#544),#4571,.T.);
#241=ADVANCED_FACE('',(#545),#4572,.T.);
#242=ADVANCED_FACE('',(#546),#4573,.T.);
#243=ADVANCED_FACE('',(#547),#4492,.F.);
#244=ADVANCED_FACE('',(#548),#4574,.T.);
#245=ADVANCED_FACE('',(#549),#4575,.T.);
#246=ADVANCED_FACE('',(#550),#4576,.T.);
#247=ADVANCED_FACE('',(#551),#4577,.T.);
#248=ADVANCED_FACE('',(#552),#4578,.T.);
#249=ADVANCED_FACE('',(#553,#86),#4579,.T.);
#250=ADVANCED_FACE('',(#554),#4493,.F.);
#251=ADVANCED_FACE('',(#555,#87),#4580,.T.);
#252=ADVANCED_FACE('',(#556),#4494,.F.);
#253=ADVANCED_FACE('',(#557),#4495,.F.);
#254=ADVANCED_FACE('',(#558),#4496,.T.);
#255=ADVANCED_FACE('',(#559),#4497,.T.);
#256=ADVANCED_FACE('',(#560),#4498,.T.);
#257=ADVANCED_FACE('',(#561),#4499,.T.);
#258=ADVANCED_FACE('',(#562),#4500,.T.);
#259=ADVANCED_FACE('',(#563),#4501,.T.);
#260=ADVANCED_FACE('',(#564),#4502,.T.);
#261=ADVANCED_FACE('',(#565),#4503,.F.);
#262=ADVANCED_FACE('',(#566),#4504,.F.);
#263=ADVANCED_FACE('',(#567),#4505,.F.);
#264=ADVANCED_FACE('',(#568,#88),#4581,.T.);
#265=ADVANCED_FACE('',(#569,#89),#4582,.T.);
#266=ADVANCED_FACE('',(#570),#4693,.T.);
#267=ADVANCED_FACE('',(#571),#4694,.T.);
#268=ADVANCED_FACE('',(#572,#90,#91),#4583,.T.);
#269=ADVANCED_FACE('',(#573),#4506,.T.);
#270=ADVANCED_FACE('',(#574),#4507,.T.);
#271=ADVANCED_FACE('',(#575),#4508,.F.);
#272=ADVANCED_FACE('',(#576),#4509,.F.);
#273=ADVANCED_FACE('',(#577,#92),#4584,.T.);
#274=ADVANCED_FACE('',(#578,#93),#4585,.T.);
#275=ADVANCED_FACE('',(#579,#94,#95,#96,#97,#98,#99,#100,#101,#102),#4586,
 .T.);
#276=ADVANCED_FACE('',(#580,#103,#104,#105,#106,#107),#4587,.T.);
#277=ADVANCED_FACE('',(#581),#4695,.T.);
#278=ADVANCED_FACE('',(#582),#4696,.T.);
#279=ADVANCED_FACE('',(#583),#4697,.T.);
#280=ADVANCED_FACE('',(#584),#4698,.T.);
#281=ADVANCED_FACE('',(#585),#4699,.T.);
#282=ADVANCED_FACE('',(#586),#4700,.T.);
#283=ADVANCED_FACE('',(#587),#4701,.T.);
#284=ADVANCED_FACE('',(#588),#4702,.T.);
#285=ADVANCED_FACE('',(#589),#4703,.T.);
#286=ADVANCED_FACE('',(#590),#4704,.T.);
#287=ADVANCED_FACE('',(#591),#4705,.T.);
#288=ADVANCED_FACE('',(#592),#4510,.F.);
#289=ADVANCED_FACE('',(#593),#4511,.F.);
#290=ADVANCED_FACE('',(#594),#4512,.F.);
#291=ADVANCED_FACE('',(#595),#4513,.F.);
#292=ADVANCED_FACE('',(#596),#4514,.T.);
#293=ADVANCED_FACE('',(#597),#4515,.T.);
#294=ADVANCED_FACE('',(#598),#4516,.T.);
#295=ADVANCED_FACE('',(#599),#4517,.T.);
#296=ADVANCED_FACE('',(#600),#4518,.T.);
#297=ADVANCED_FACE('',(#601),#4519,.T.);
#298=ADVANCED_FACE('',(#602),#4520,.T.);
#299=ADVANCED_FACE('',(#603),#4521,.F.);
#300=ADVANCED_FACE('',(#604),#4522,.F.);
#301=ADVANCED_FACE('',(#605),#4523,.F.);
#302=ADVANCED_FACE('',(#606),#4706,.T.);
#303=ADVANCED_FACE('',(#607),#4707,.T.);
#304=ADVANCED_FACE('',(#608),#4524,.T.);
#305=ADVANCED_FACE('',(#609),#4525,.T.);
#306=ADVANCED_FACE('',(#610),#4526,.F.);
#307=ADVANCED_FACE('',(#611),#4527,.F.);
#308=ADVANCED_FACE('',(#612,#108),#4588,.T.);
#309=ADVANCED_FACE('',(#613),#4589,.T.);
#310=ADVANCED_FACE('',(#614),#4590,.T.);
#311=ADVANCED_FACE('',(#615),#4591,.T.);
#312=ADVANCED_FACE('',(#616),#4592,.T.);
#313=ADVANCED_FACE('',(#617),#4593,.T.);
#314=ADVANCED_FACE('',(#618,#109),#4594,.T.);
#315=ADVANCED_FACE('',(#619),#4595,.T.);
#316=ADVANCED_FACE('',(#620),#4528,.F.);
#317=ADVANCED_FACE('',(#621),#4596,.T.);
#318=ADVANCED_FACE('',(#622),#4529,.F.);
#319=ADVANCED_FACE('',(#623),#4597,.T.);
#320=ADVANCED_FACE('',(#624),#4530,.F.);
#321=ADVANCED_FACE('',(#625),#4598,.T.);
#322=ADVANCED_FACE('',(#626),#4599,.T.);
#323=ADVANCED_FACE('',(#627),#4600,.T.);
#324=ADVANCED_FACE('',(#628),#4601,.T.);
#325=ADVANCED_FACE('',(#629),#4602,.T.);
#326=ADVANCED_FACE('',(#630,#110,#111,#112,#113,#114,#115,#116,#117,#118,
#119),#4603,.T.);
#327=ADVANCED_FACE('',(#631),#4604,.T.);
#328=ADVANCED_FACE('',(#632),#4605,.T.);
#329=ADVANCED_FACE('',(#633),#4606,.T.);
#330=ADVANCED_FACE('',(#634),#4607,.T.);
#331=ADVANCED_FACE('',(#635,#120),#4608,.T.);
#332=ADVANCED_FACE('',(#636),#4609,.T.);
#333=ADVANCED_FACE('',(#637),#4610,.T.);
#334=ADVANCED_FACE('',(#638),#4611,.T.);
#335=ADVANCED_FACE('',(#639),#4612,.T.);
#336=ADVANCED_FACE('',(#640),#4708,.T.);
#337=ADVANCED_FACE('',(#641),#4613,.T.);
#338=ADVANCED_FACE('',(#642),#4709,.T.);
#339=ADVANCED_FACE('',(#643),#4710,.T.);
#340=ADVANCED_FACE('',(#644),#4614,.T.);
#341=ADVANCED_FACE('',(#645),#4711,.T.);
#342=ADVANCED_FACE('',(#646),#4531,.T.);
#343=ADVANCED_FACE('',(#647),#4615,.T.);
#344=ADVANCED_FACE('',(#648),#4532,.T.);
#345=ADVANCED_FACE('',(#649),#4712,.T.);
#346=ADVANCED_FACE('',(#650),#4616,.T.);
#347=ADVANCED_FACE('',(#651),#4713,.T.);
#348=ADVANCED_FACE('',(#652),#4714,.T.);
#349=ADVANCED_FACE('',(#653),#4617,.T.);
#350=ADVANCED_FACE('',(#654),#4715,.T.);
#351=ADVANCED_FACE('',(#655),#11,.T.);
#352=ADVANCED_FACE('',(#656),#12,.T.);
#353=ADVANCED_FACE('',(#657),#13,.T.);
#354=ADVANCED_FACE('',(#658),#14,.T.);
#355=ADVANCED_FACE('',(#659),#4618,.T.);
#356=ADVANCED_FACE('',(#660),#4619,.T.);
#357=ADVANCED_FACE('',(#661),#15,.T.);
#358=ADVANCED_FACE('',(#662),#16,.T.);
#359=ADVANCED_FACE('',(#663),#17,.T.);
#360=ADVANCED_FACE('',(#664),#18,.T.);
#361=ADVANCED_FACE('',(#665),#4620,.T.);
#362=ADVANCED_FACE('',(#666),#4621,.T.);
#363=ADVANCED_FACE('',(#667),#19,.T.);
#364=ADVANCED_FACE('',(#668),#20,.T.);
#365=ADVANCED_FACE('',(#669),#21,.T.);
#366=ADVANCED_FACE('',(#670),#22,.T.);
#367=ADVANCED_FACE('',(#671),#23,.T.);
#368=ADVANCED_FACE('',(#672),#24,.T.);
#369=ADVANCED_FACE('',(#673),#25,.T.);
#370=ADVANCED_FACE('',(#674),#26,.T.);
#371=ADVANCED_FACE('',(#675),#4716,.T.);
#372=ADVANCED_FACE('',(#676),#4717,.T.);
#373=ADVANCED_FACE('',(#677,#121),#4622,.T.);
#374=ADVANCED_FACE('',(#678),#4623,.T.);
#375=ADVANCED_FACE('',(#679),#4624,.T.);
#376=ADVANCED_FACE('',(#680),#4625,.T.);
#377=ADVANCED_FACE('',(#681),#4626,.T.);
#378=ADVANCED_FACE('',(#682),#4627,.T.);
#379=ADVANCED_FACE('',(#683,#122),#4628,.T.);
#380=ADVANCED_FACE('',(#684),#4629,.T.);
#381=ADVANCED_FACE('',(#685),#4533,.F.);
#382=ADVANCED_FACE('',(#686),#4630,.T.);
#383=ADVANCED_FACE('',(#687),#4534,.F.);
#384=ADVANCED_FACE('',(#688),#4631,.T.);
#385=ADVANCED_FACE('',(#689),#4535,.F.);
#386=ADVANCED_FACE('',(#690),#4632,.T.);
#387=ADVANCED_FACE('',(#691),#4633,.T.);
#388=ADVANCED_FACE('',(#692),#4634,.T.);
#389=ADVANCED_FACE('',(#693),#4635,.T.);
#390=ADVANCED_FACE('',(#694),#4636,.T.);
#391=ADVANCED_FACE('',(#695,#123,#124,#125,#126,#127,#128,#129,#130,#131,
#132),#4637,.T.);
#392=ADVANCED_FACE('',(#696),#4638,.T.);
#393=ADVANCED_FACE('',(#697),#4639,.T.);
#394=ADVANCED_FACE('',(#698),#4640,.T.);
#395=ADVANCED_FACE('',(#699),#4641,.T.);
#396=ADVANCED_FACE('',(#700,#133),#4642,.T.);
#397=ADVANCED_FACE('',(#701),#4643,.T.);
#398=ADVANCED_FACE('',(#702),#4644,.T.);
#399=ADVANCED_FACE('',(#703),#4645,.T.);
#400=ADVANCED_FACE('',(#704),#4646,.T.);
#401=ADVANCED_FACE('',(#705),#4718,.T.);
#402=ADVANCED_FACE('',(#706),#4647,.T.);
#403=ADVANCED_FACE('',(#707),#4719,.T.);
#404=ADVANCED_FACE('',(#708),#4720,.T.);
#405=ADVANCED_FACE('',(#709),#4648,.T.);
#406=ADVANCED_FACE('',(#710),#4721,.T.);
#407=ADVANCED_FACE('',(#711),#4536,.T.);
#408=ADVANCED_FACE('',(#712),#4649,.T.);
#409=ADVANCED_FACE('',(#713),#4537,.T.);
#410=ADVANCED_FACE('',(#714),#4722,.T.);
#411=ADVANCED_FACE('',(#715),#4650,.T.);
#412=ADVANCED_FACE('',(#716),#4723,.T.);
#413=ADVANCED_FACE('',(#717),#4724,.T.);
#414=ADVANCED_FACE('',(#718),#4651,.T.);
#415=ADVANCED_FACE('',(#719),#4725,.T.);
#416=ADVANCED_FACE('',(#720),#27,.T.);
#417=ADVANCED_FACE('',(#721),#28,.T.);
#418=ADVANCED_FACE('',(#722),#29,.T.);
#419=ADVANCED_FACE('',(#723),#30,.T.);
#420=ADVANCED_FACE('',(#724),#4652,.T.);
#421=ADVANCED_FACE('',(#725),#4653,.T.);
#422=ADVANCED_FACE('',(#726),#31,.T.);
#423=ADVANCED_FACE('',(#727),#32,.T.);
#424=ADVANCED_FACE('',(#728),#33,.T.);
#425=ADVANCED_FACE('',(#729),#34,.T.);
#426=ADVANCED_FACE('',(#730),#4654,.T.);
#427=ADVANCED_FACE('',(#731),#4655,.T.);
#428=ADVANCED_FACE('',(#732),#35,.T.);
#429=ADVANCED_FACE('',(#733),#36,.T.);
#430=ADVANCED_FACE('',(#734),#37,.T.);
#431=ADVANCED_FACE('',(#735),#38,.T.);
#432=ADVANCED_FACE('',(#736),#39,.T.);
#433=ADVANCED_FACE('',(#737),#40,.T.);
#434=ADVANCED_FACE('',(#738),#41,.T.);
#435=ADVANCED_FACE('',(#739),#42,.T.);
#436=ADVANCED_FACE('',(#740),#4726,.T.);
#437=ADVANCED_FACE('',(#741),#4727,.T.);
#438=FACE_OUTER_BOUND('',#742,.T.);
#439=FACE_OUTER_BOUND('',#743,.T.);
#440=FACE_OUTER_BOUND('',#744,.T.);
#441=FACE_OUTER_BOUND('',#746,.T.);
#442=FACE_OUTER_BOUND('',#747,.T.);
#443=FACE_OUTER_BOUND('',#748,.T.);
#444=FACE_OUTER_BOUND('',#750,.T.);
#445=FACE_OUTER_BOUND('',#751,.T.);
#446=FACE_OUTER_BOUND('',#752,.T.);
#447=FACE_OUTER_BOUND('',#754,.T.);
#448=FACE_OUTER_BOUND('',#755,.T.);
#449=FACE_OUTER_BOUND('',#756,.T.);
#450=FACE_OUTER_BOUND('',#758,.T.);
#451=FACE_OUTER_BOUND('',#759,.T.);
#452=FACE_OUTER_BOUND('',#760,.T.);
#453=FACE_OUTER_BOUND('',#761,.T.);
#454=FACE_OUTER_BOUND('',#762,.T.);
#455=FACE_OUTER_BOUND('',#763,.T.);
#456=FACE_OUTER_BOUND('',#766,.T.);
#457=FACE_OUTER_BOUND('',#767,.T.);
#458=FACE_OUTER_BOUND('',#768,.T.);
#459=FACE_OUTER_BOUND('',#769,.T.);
#460=FACE_OUTER_BOUND('',#770,.T.);
#461=FACE_OUTER_BOUND('',#771,.T.);
#462=FACE_OUTER_BOUND('',#772,.T.);
#463=FACE_OUTER_BOUND('',#773,.T.);
#464=FACE_OUTER_BOUND('',#774,.T.);
#465=FACE_OUTER_BOUND('',#775,.T.);
#466=FACE_OUTER_BOUND('',#776,.T.);
#467=FACE_OUTER_BOUND('',#778,.T.);
#468=FACE_OUTER_BOUND('',#779,.T.);
#469=FACE_OUTER_BOUND('',#781,.T.);
#470=FACE_OUTER_BOUND('',#782,.T.);
#471=FACE_OUTER_BOUND('',#783,.T.);
#472=FACE_OUTER_BOUND('',#784,.T.);
#473=FACE_OUTER_BOUND('',#785,.T.);
#474=FACE_OUTER_BOUND('',#786,.T.);
#475=FACE_OUTER_BOUND('',#787,.T.);
#476=FACE_OUTER_BOUND('',#788,.T.);
#477=FACE_OUTER_BOUND('',#789,.T.);
#478=FACE_OUTER_BOUND('',#790,.T.);
#479=FACE_OUTER_BOUND('',#791,.T.);
#480=FACE_OUTER_BOUND('',#792,.T.);
#481=FACE_OUTER_BOUND('',#793,.T.);
#482=FACE_OUTER_BOUND('',#795,.T.);
#483=FACE_OUTER_BOUND('',#797,.T.);
#484=FACE_OUTER_BOUND('',#798,.T.);
#485=FACE_OUTER_BOUND('',#799,.T.);
#486=FACE_OUTER_BOUND('',#802,.T.);
#487=FACE_OUTER_BOUND('',#803,.T.);
#488=FACE_OUTER_BOUND('',#804,.T.);
#489=FACE_OUTER_BOUND('',#805,.T.);
#490=FACE_OUTER_BOUND('',#806,.T.);
#491=FACE_OUTER_BOUND('',#808,.T.);
#492=FACE_OUTER_BOUND('',#810,.T.);
#493=FACE_OUTER_BOUND('',#820,.T.);
#494=FACE_OUTER_BOUND('',#826,.T.);
#495=FACE_OUTER_BOUND('',#827,.T.);
#496=FACE_OUTER_BOUND('',#828,.T.);
#497=FACE_OUTER_BOUND('',#829,.T.);
#498=FACE_OUTER_BOUND('',#830,.T.);
#499=FACE_OUTER_BOUND('',#831,.T.);
#500=FACE_OUTER_BOUND('',#832,.T.);
#501=FACE_OUTER_BOUND('',#833,.T.);
#502=FACE_OUTER_BOUND('',#834,.T.);
#503=FACE_OUTER_BOUND('',#835,.T.);
#504=FACE_OUTER_BOUND('',#836,.T.);
#505=FACE_OUTER_BOUND('',#837,.T.);
#506=FACE_OUTER_BOUND('',#838,.T.);
#507=FACE_OUTER_BOUND('',#839,.T.);
#508=FACE_OUTER_BOUND('',#840,.T.);
#509=FACE_OUTER_BOUND('',#841,.T.);
#510=FACE_OUTER_BOUND('',#842,.T.);
#511=FACE_OUTER_BOUND('',#843,.T.);
#512=FACE_OUTER_BOUND('',#844,.T.);
#513=FACE_OUTER_BOUND('',#845,.T.);
#514=FACE_OUTER_BOUND('',#846,.T.);
#515=FACE_OUTER_BOUND('',#847,.T.);
#516=FACE_OUTER_BOUND('',#848,.T.);
#517=FACE_OUTER_BOUND('',#849,.T.);
#518=FACE_OUTER_BOUND('',#850,.T.);
#519=FACE_OUTER_BOUND('',#851,.T.);
#520=FACE_OUTER_BOUND('',#852,.T.);
#521=FACE_OUTER_BOUND('',#853,.T.);
#522=FACE_OUTER_BOUND('',#854,.T.);
#523=FACE_OUTER_BOUND('',#855,.T.);
#524=FACE_OUTER_BOUND('',#856,.T.);
#525=FACE_OUTER_BOUND('',#857,.T.);
#526=FACE_OUTER_BOUND('',#858,.T.);
#527=FACE_OUTER_BOUND('',#859,.T.);
#528=FACE_OUTER_BOUND('',#861,.T.);
#529=FACE_OUTER_BOUND('',#862,.T.);
#530=FACE_OUTER_BOUND('',#863,.T.);
#531=FACE_OUTER_BOUND('',#865,.T.);
#532=FACE_OUTER_BOUND('',#866,.T.);
#533=FACE_OUTER_BOUND('',#867,.T.);
#534=FACE_OUTER_BOUND('',#869,.T.);
#535=FACE_OUTER_BOUND('',#870,.T.);
#536=FACE_OUTER_BOUND('',#871,.T.);
#537=FACE_OUTER_BOUND('',#873,.T.);
#538=FACE_OUTER_BOUND('',#874,.T.);
#539=FACE_OUTER_BOUND('',#875,.T.);
#540=FACE_OUTER_BOUND('',#876,.T.);
#541=FACE_OUTER_BOUND('',#877,.T.);
#542=FACE_OUTER_BOUND('',#878,.T.);
#543=FACE_OUTER_BOUND('',#881,.T.);
#544=FACE_OUTER_BOUND('',#882,.T.);
#545=FACE_OUTER_BOUND('',#883,.T.);
#546=FACE_OUTER_BOUND('',#884,.T.);
#547=FACE_OUTER_BOUND('',#885,.T.);
#548=FACE_OUTER_BOUND('',#886,.T.);
#549=FACE_OUTER_BOUND('',#887,.T.);
#550=FACE_OUTER_BOUND('',#888,.T.);
#551=FACE_OUTER_BOUND('',#889,.T.);
#552=FACE_OUTER_BOUND('',#890,.T.);
#553=FACE_OUTER_BOUND('',#891,.T.);
#554=FACE_OUTER_BOUND('',#893,.T.);
#555=FACE_OUTER_BOUND('',#894,.T.);
#556=FACE_OUTER_BOUND('',#896,.T.);
#557=FACE_OUTER_BOUND('',#897,.T.);
#558=FACE_OUTER_BOUND('',#898,.T.);
#559=FACE_OUTER_BOUND('',#899,.T.);
#560=FACE_OUTER_BOUND('',#900,.T.);
#561=FACE_OUTER_BOUND('',#901,.T.);
#562=FACE_OUTER_BOUND('',#902,.T.);
#563=FACE_OUTER_BOUND('',#903,.T.);
#564=FACE_OUTER_BOUND('',#904,.T.);
#565=FACE_OUTER_BOUND('',#905,.T.);
#566=FACE_OUTER_BOUND('',#906,.T.);
#567=FACE_OUTER_BOUND('',#907,.T.);
#568=FACE_OUTER_BOUND('',#908,.T.);
#569=FACE_OUTER_BOUND('',#910,.T.);
#570=FACE_OUTER_BOUND('',#912,.T.);
#571=FACE_OUTER_BOUND('',#913,.T.);
#572=FACE_OUTER_BOUND('',#914,.T.);
#573=FACE_OUTER_BOUND('',#917,.T.);
#574=FACE_OUTER_BOUND('',#918,.T.);
#575=FACE_OUTER_BOUND('',#919,.T.);
#576=FACE_OUTER_BOUND('',#920,.T.);
#577=FACE_OUTER_BOUND('',#921,.T.);
#578=FACE_OUTER_BOUND('',#923,.T.);
#579=FACE_OUTER_BOUND('',#925,.T.);
#580=FACE_OUTER_BOUND('',#935,.T.);
#581=FACE_OUTER_BOUND('',#941,.T.);
#582=FACE_OUTER_BOUND('',#942,.T.);
#583=FACE_OUTER_BOUND('',#943,.T.);
#584=FACE_OUTER_BOUND('',#944,.T.);
#585=FACE_OUTER_BOUND('',#945,.T.);
#586=FACE_OUTER_BOUND('',#946,.T.);
#587=FACE_OUTER_BOUND('',#947,.T.);
#588=FACE_OUTER_BOUND('',#948,.T.);
#589=FACE_OUTER_BOUND('',#949,.T.);
#590=FACE_OUTER_BOUND('',#950,.T.);
#591=FACE_OUTER_BOUND('',#951,.T.);
#592=FACE_OUTER_BOUND('',#952,.T.);
#593=FACE_OUTER_BOUND('',#953,.T.);
#594=FACE_OUTER_BOUND('',#954,.T.);
#595=FACE_OUTER_BOUND('',#955,.T.);
#596=FACE_OUTER_BOUND('',#956,.T.);
#597=FACE_OUTER_BOUND('',#957,.T.);
#598=FACE_OUTER_BOUND('',#958,.T.);
#599=FACE_OUTER_BOUND('',#959,.T.);
#600=FACE_OUTER_BOUND('',#960,.T.);
#601=FACE_OUTER_BOUND('',#961,.T.);
#602=FACE_OUTER_BOUND('',#962,.T.);
#603=FACE_OUTER_BOUND('',#963,.T.);
#604=FACE_OUTER_BOUND('',#964,.T.);
#605=FACE_OUTER_BOUND('',#965,.T.);
#606=FACE_OUTER_BOUND('',#966,.T.);
#607=FACE_OUTER_BOUND('',#967,.T.);
#608=FACE_OUTER_BOUND('',#968,.T.);
#609=FACE_OUTER_BOUND('',#969,.T.);
#610=FACE_OUTER_BOUND('',#970,.T.);
#611=FACE_OUTER_BOUND('',#971,.T.);
#612=FACE_OUTER_BOUND('',#972,.T.);
#613=FACE_OUTER_BOUND('',#974,.T.);
#614=FACE_OUTER_BOUND('',#975,.T.);
#615=FACE_OUTER_BOUND('',#976,.T.);
#616=FACE_OUTER_BOUND('',#977,.T.);
#617=FACE_OUTER_BOUND('',#978,.T.);
#618=FACE_OUTER_BOUND('',#979,.T.);
#619=FACE_OUTER_BOUND('',#981,.T.);
#620=FACE_OUTER_BOUND('',#982,.T.);
#621=FACE_OUTER_BOUND('',#983,.T.);
#622=FACE_OUTER_BOUND('',#984,.T.);
#623=FACE_OUTER_BOUND('',#985,.T.);
#624=FACE_OUTER_BOUND('',#986,.T.);
#625=FACE_OUTER_BOUND('',#987,.T.);
#626=FACE_OUTER_BOUND('',#988,.T.);
#627=FACE_OUTER_BOUND('',#989,.T.);
#628=FACE_OUTER_BOUND('',#990,.T.);
#629=FACE_OUTER_BOUND('',#991,.T.);
#630=FACE_OUTER_BOUND('',#992,.T.);
#631=FACE_OUTER_BOUND('',#1003,.T.);
#632=FACE_OUTER_BOUND('',#1004,.T.);
#633=FACE_OUTER_BOUND('',#1005,.T.);
#634=FACE_OUTER_BOUND('',#1006,.T.);
#635=FACE_OUTER_BOUND('',#1007,.T.);
#636=FACE_OUTER_BOUND('',#1009,.T.);
#637=FACE_OUTER_BOUND('',#1010,.T.);
#638=FACE_OUTER_BOUND('',#1011,.T.);
#639=FACE_OUTER_BOUND('',#1012,.T.);
#640=FACE_OUTER_BOUND('',#1013,.T.);
#641=FACE_OUTER_BOUND('',#1014,.T.);
#642=FACE_OUTER_BOUND('',#1015,.T.);
#643=FACE_OUTER_BOUND('',#1016,.T.);
#644=FACE_OUTER_BOUND('',#1017,.T.);
#645=FACE_OUTER_BOUND('',#1018,.T.);
#646=FACE_OUTER_BOUND('',#1019,.T.);
#647=FACE_OUTER_BOUND('',#1020,.T.);
#648=FACE_OUTER_BOUND('',#1021,.T.);
#649=FACE_OUTER_BOUND('',#1022,.T.);
#650=FACE_OUTER_BOUND('',#1023,.T.);
#651=FACE_OUTER_BOUND('',#1024,.T.);
#652=FACE_OUTER_BOUND('',#1025,.T.);
#653=FACE_OUTER_BOUND('',#1026,.T.);
#654=FACE_OUTER_BOUND('',#1027,.T.);
#655=FACE_OUTER_BOUND('',#1028,.T.);
#656=FACE_OUTER_BOUND('',#1029,.T.);
#657=FACE_OUTER_BOUND('',#1030,.T.);
#658=FACE_OUTER_BOUND('',#1031,.T.);
#659=FACE_OUTER_BOUND('',#1032,.T.);
#660=FACE_OUTER_BOUND('',#1033,.T.);
#661=FACE_OUTER_BOUND('',#1034,.T.);
#662=FACE_OUTER_BOUND('',#1035,.T.);
#663=FACE_OUTER_BOUND('',#1036,.T.);
#664=FACE_OUTER_BOUND('',#1037,.T.);
#665=FACE_OUTER_BOUND('',#1038,.T.);
#666=FACE_OUTER_BOUND('',#1039,.T.);
#667=FACE_OUTER_BOUND('',#1040,.T.);
#668=FACE_OUTER_BOUND('',#1041,.T.);
#669=FACE_OUTER_BOUND('',#1042,.T.);
#670=FACE_OUTER_BOUND('',#1043,.T.);
#671=FACE_OUTER_BOUND('',#1044,.T.);
#672=FACE_OUTER_BOUND('',#1045,.T.);
#673=FACE_OUTER_BOUND('',#1046,.T.);
#674=FACE_OUTER_BOUND('',#1047,.T.);
#675=FACE_OUTER_BOUND('',#1048,.T.);
#676=FACE_OUTER_BOUND('',#1049,.T.);
#677=FACE_OUTER_BOUND('',#1050,.T.);
#678=FACE_OUTER_BOUND('',#1052,.T.);
#679=FACE_OUTER_BOUND('',#1053,.T.);
#680=FACE_OUTER_BOUND('',#1054,.T.);
#681=FACE_OUTER_BOUND('',#1055,.T.);
#682=FACE_OUTER_BOUND('',#1056,.T.);
#683=FACE_OUTER_BOUND('',#1057,.T.);
#684=FACE_OUTER_BOUND('',#1059,.T.);
#685=FACE_OUTER_BOUND('',#1060,.T.);
#686=FACE_OUTER_BOUND('',#1061,.T.);
#687=FACE_OUTER_BOUND('',#1062,.T.);
#688=FACE_OUTER_BOUND('',#1063,.T.);
#689=FACE_OUTER_BOUND('',#1064,.T.);
#690=FACE_OUTER_BOUND('',#1065,.T.);
#691=FACE_OUTER_BOUND('',#1066,.T.);
#692=FACE_OUTER_BOUND('',#1067,.T.);
#693=FACE_OUTER_BOUND('',#1068,.T.);
#694=FACE_OUTER_BOUND('',#1069,.T.);
#695=FACE_OUTER_BOUND('',#1070,.T.);
#696=FACE_OUTER_BOUND('',#1081,.T.);
#697=FACE_OUTER_BOUND('',#1082,.T.);
#698=FACE_OUTER_BOUND('',#1083,.T.);
#699=FACE_OUTER_BOUND('',#1084,.T.);
#700=FACE_OUTER_BOUND('',#1085,.T.);
#701=FACE_OUTER_BOUND('',#1087,.T.);
#702=FACE_OUTER_BOUND('',#1088,.T.);
#703=FACE_OUTER_BOUND('',#1089,.T.);
#704=FACE_OUTER_BOUND('',#1090,.T.);
#705=FACE_OUTER_BOUND('',#1091,.T.);
#706=FACE_OUTER_BOUND('',#1092,.T.);
#707=FACE_OUTER_BOUND('',#1093,.T.);
#708=FACE_OUTER_BOUND('',#1094,.T.);
#709=FACE_OUTER_BOUND('',#1095,.T.);
#710=FACE_OUTER_BOUND('',#1096,.T.);
#711=FACE_OUTER_BOUND('',#1097,.T.);
#712=FACE_OUTER_BOUND('',#1098,.T.);
#713=FACE_OUTER_BOUND('',#1099,.T.);
#714=FACE_OUTER_BOUND('',#1100,.T.);
#715=FACE_OUTER_BOUND('',#1101,.T.);
#716=FACE_OUTER_BOUND('',#1102,.T.);
#717=FACE_OUTER_BOUND('',#1103,.T.);
#718=FACE_OUTER_BOUND('',#1104,.T.);
#719=FACE_OUTER_BOUND('',#1105,.T.);
#720=FACE_OUTER_BOUND('',#1106,.T.);
#721=FACE_OUTER_BOUND('',#1107,.T.);
#722=FACE_OUTER_BOUND('',#1108,.T.);
#723=FACE_OUTER_BOUND('',#1109,.T.);
#724=FACE_OUTER_BOUND('',#1110,.T.);
#725=FACE_OUTER_BOUND('',#1111,.T.);
#726=FACE_OUTER_BOUND('',#1112,.T.);
#727=FACE_OUTER_BOUND('',#1113,.T.);
#728=FACE_OUTER_BOUND('',#1114,.T.);
#729=FACE_OUTER_BOUND('',#1115,.T.);
#730=FACE_OUTER_BOUND('',#1116,.T.);
#731=FACE_OUTER_BOUND('',#1117,.T.);
#732=FACE_OUTER_BOUND('',#1118,.T.);
#733=FACE_OUTER_BOUND('',#1119,.T.);
#734=FACE_OUTER_BOUND('',#1120,.T.);
#735=FACE_OUTER_BOUND('',#1121,.T.);
#736=FACE_OUTER_BOUND('',#1122,.T.);
#737=FACE_OUTER_BOUND('',#1123,.T.);
#738=FACE_OUTER_BOUND('',#1124,.T.);
#739=FACE_OUTER_BOUND('',#1125,.T.);
#740=FACE_OUTER_BOUND('',#1126,.T.);
#741=FACE_OUTER_BOUND('',#1127,.T.);
#742=EDGE_LOOP('',(#1128,#1129,#1130,#1131));
#743=EDGE_LOOP('',(#1132,#1133,#1134,#1135));
#744=EDGE_LOOP('',(#1136,#1137));
#745=EDGE_LOOP('',(#1138,#1139));
#746=EDGE_LOOP('',(#1140,#1141,#1142,#1143));
#747=EDGE_LOOP('',(#1144,#1145,#1146,#1147));
#748=EDGE_LOOP('',(#1148,#1149));
#749=EDGE_LOOP('',(#1150,#1151));
#750=EDGE_LOOP('',(#1152,#1153,#1154,#1155));
#751=EDGE_LOOP('',(#1156,#1157,#1158,#1159));
#752=EDGE_LOOP('',(#1160,#1161));
#753=EDGE_LOOP('',(#1162,#1163));
#754=EDGE_LOOP('',(#1164,#1165,#1166,#1167));
#755=EDGE_LOOP('',(#1168,#1169,#1170,#1171));
#756=EDGE_LOOP('',(#1172,#1173));
#757=EDGE_LOOP('',(#1174,#1175));
#758=EDGE_LOOP('',(#1176,#1177,#1178,#1179));
#759=EDGE_LOOP('',(#1180,#1181,#1182,#1183));
#760=EDGE_LOOP('',(#1184,#1185,#1186,#1187));
#761=EDGE_LOOP('',(#1188,#1189,#1190,#1191));
#762=EDGE_LOOP('',(#1192,#1193,#1194,#1195));
#763=EDGE_LOOP('',(#1196,#1197,#1198,#1199));
#764=EDGE_LOOP('',(#1200,#1201));
#765=EDGE_LOOP('',(#1202,#1203));
#766=EDGE_LOOP('',(#1204,#1205,#1206,#1207,#1208));
#767=EDGE_LOOP('',(#1209,#1210,#1211,#1212));
#768=EDGE_LOOP('',(#1213,#1214,#1215,#1216));
#769=EDGE_LOOP('',(#1217,#1218,#1219,#1220,#1221));
#770=EDGE_LOOP('',(#1222,#1223,#1224,#1225));
#771=EDGE_LOOP('',(#1226,#1227,#1228,#1229));
#772=EDGE_LOOP('',(#1230,#1231,#1232,#1233));
#773=EDGE_LOOP('',(#1234,#1235,#1236,#1237));
#774=EDGE_LOOP('',(#1238,#1239,#1240,#1241));
#775=EDGE_LOOP('',(#1242,#1243,#1244,#1245));
#776=EDGE_LOOP('',(#1246,#1247));
#777=EDGE_LOOP('',(#1248,#1249));
#778=EDGE_LOOP('',(#1250,#1251,#1252,#1253));
#779=EDGE_LOOP('',(#1254,#1255,#1256,#1257,#1258));
#780=EDGE_LOOP('',(#1259,#1260,#1261,#1262,#1263));
#781=EDGE_LOOP('',(#1264,#1265,#1266,#1267));
#782=EDGE_LOOP('',(#1268,#1269,#1270,#1271));
#783=EDGE_LOOP('',(#1272,#1273,#1274,#1275));
#784=EDGE_LOOP('',(#1276,#1277,#1278,#1279));
#785=EDGE_LOOP('',(#1280,#1281,#1282,#1283));
#786=EDGE_LOOP('',(#1284,#1285,#1286,#1287));
#787=EDGE_LOOP('',(#1288,#1289,#1290,#1291));
#788=EDGE_LOOP('',(#1292,#1293,#1294,#1295));
#789=EDGE_LOOP('',(#1296,#1297,#1298,#1299));
#790=EDGE_LOOP('',(#1300,#1301,#1302,#1303));
#791=EDGE_LOOP('',(#1304,#1305,#1306,#1307));
#792=EDGE_LOOP('',(#1308,#1309,#1310,#1311));
#793=EDGE_LOOP('',(#1312,#1313));
#794=EDGE_LOOP('',(#1314,#1315));
#795=EDGE_LOOP('',(#1316,#1317));
#796=EDGE_LOOP('',(#1318,#1319));
#797=EDGE_LOOP('',(#1320,#1321,#1322,#1323));
#798=EDGE_LOOP('',(#1324,#1325,#1326,#1327));
#799=EDGE_LOOP('',(#1328,#1329,#1330,#1331));
#800=EDGE_LOOP('',(#1332,#1333));
#801=EDGE_LOOP('',(#1334,#1335));
#802=EDGE_LOOP('',(#1336,#1337,#1338,#1339));
#803=EDGE_LOOP('',(#1340,#1341,#1342,#1343));
#804=EDGE_LOOP('',(#1344,#1345,#1346,#1347));
#805=EDGE_LOOP('',(#1348,#1349,#1350,#1351));
#806=EDGE_LOOP('',(#1352,#1353));
#807=EDGE_LOOP('',(#1354,#1355));
#808=EDGE_LOOP('',(#1356,#1357));
#809=EDGE_LOOP('',(#1358,#1359));
#810=EDGE_LOOP('',(#1360,#1361,#1362,#1363,#1364));
#811=EDGE_LOOP('',(#1365,#1366));
#812=EDGE_LOOP('',(#1367,#1368));
#813=EDGE_LOOP('',(#1369,#1370));
#814=EDGE_LOOP('',(#1371,#1372));
#815=EDGE_LOOP('',(#1373,#1374));
#816=EDGE_LOOP('',(#1375,#1376));
#817=EDGE_LOOP('',(#1377,#1378));
#818=EDGE_LOOP('',(#1379,#1380));
#819=EDGE_LOOP('',(#1381,#1382));
#820=EDGE_LOOP('',(#1383,#1384,#1385,#1386,#1387));
#821=EDGE_LOOP('',(#1388,#1389));
#822=EDGE_LOOP('',(#1390,#1391));
#823=EDGE_LOOP('',(#1392,#1393));
#824=EDGE_LOOP('',(#1394,#1395));
#825=EDGE_LOOP('',(#1396,#1397));
#826=EDGE_LOOP('',(#1398,#1399,#1400,#1401));
#827=EDGE_LOOP('',(#1402,#1403,#1404,#1405));
#828=EDGE_LOOP('',(#1406,#1407,#1408,#1409));
#829=EDGE_LOOP('',(#1410,#1411,#1412,#1413));
#830=EDGE_LOOP('',(#1414,#1415,#1416,#1417));
#831=EDGE_LOOP('',(#1418,#1419,#1420,#1421));
#832=EDGE_LOOP('',(#1422,#1423,#1424,#1425));
#833=EDGE_LOOP('',(#1426,#1427,#1428,#1429));
#834=EDGE_LOOP('',(#1430,#1431,#1432,#1433));
#835=EDGE_LOOP('',(#1434,#1435,#1436,#1437));
#836=EDGE_LOOP('',(#1438,#1439,#1440,#1441));
#837=EDGE_LOOP('',(#1442,#1443,#1444,#1445));
#838=EDGE_LOOP('',(#1446,#1447,#1448,#1449));
#839=EDGE_LOOP('',(#1450,#1451,#1452,#1453));
#840=EDGE_LOOP('',(#1454,#1455,#1456,#1457));
#841=EDGE_LOOP('',(#1458,#1459,#1460,#1461));
#842=EDGE_LOOP('',(#1462,#1463,#1464,#1465));
#843=EDGE_LOOP('',(#1466,#1467,#1468,#1469));
#844=EDGE_LOOP('',(#1470,#1471,#1472,#1473));
#845=EDGE_LOOP('',(#1474,#1475,#1476,#1477));
#846=EDGE_LOOP('',(#1478,#1479,#1480,#1481));
#847=EDGE_LOOP('',(#1482,#1483,#1484,#1485));
#848=EDGE_LOOP('',(#1486,#1487,#1488,#1489));
#849=EDGE_LOOP('',(#1490,#1491,#1492,#1493));
#850=EDGE_LOOP('',(#1494,#1495,#1496,#1497));
#851=EDGE_LOOP('',(#1498,#1499,#1500,#1501));
#852=EDGE_LOOP('',(#1502,#1503,#1504,#1505));
#853=EDGE_LOOP('',(#1506,#1507,#1508,#1509));
#854=EDGE_LOOP('',(#1510,#1511,#1512,#1513));
#855=EDGE_LOOP('',(#1514,#1515,#1516,#1517));
#856=EDGE_LOOP('',(#1518,#1519,#1520,#1521));
#857=EDGE_LOOP('',(#1522,#1523,#1524,#1525));
#858=EDGE_LOOP('',(#1526,#1527,#1528,#1529));
#859=EDGE_LOOP('',(#1530,#1531));
#860=EDGE_LOOP('',(#1532,#1533));
#861=EDGE_LOOP('',(#1534,#1535,#1536,#1537));
#862=EDGE_LOOP('',(#1538,#1539,#1540,#1541));
#863=EDGE_LOOP('',(#1542,#1543));
#864=EDGE_LOOP('',(#1544,#1545));
#865=EDGE_LOOP('',(#1546,#1547,#1548,#1549));
#866=EDGE_LOOP('',(#1550,#1551,#1552,#1553));
#867=EDGE_LOOP('',(#1554,#1555));
#868=EDGE_LOOP('',(#1556,#1557));
#869=EDGE_LOOP('',(#1558,#1559,#1560,#1561));
#870=EDGE_LOOP('',(#1562,#1563,#1564,#1565));
#871=EDGE_LOOP('',(#1566,#1567));
#872=EDGE_LOOP('',(#1568,#1569));
#873=EDGE_LOOP('',(#1570,#1571,#1572,#1573));
#874=EDGE_LOOP('',(#1574,#1575,#1576,#1577));
#875=EDGE_LOOP('',(#1578,#1579,#1580,#1581));
#876=EDGE_LOOP('',(#1582,#1583,#1584,#1585));
#877=EDGE_LOOP('',(#1586,#1587,#1588,#1589));
#878=EDGE_LOOP('',(#1590,#1591,#1592,#1593));
#879=EDGE_LOOP('',(#1594,#1595));
#880=EDGE_LOOP('',(#1596,#1597));
#881=EDGE_LOOP('',(#1598,#1599,#1600,#1601,#1602));
#882=EDGE_LOOP('',(#1603,#1604,#1605,#1606));
#883=EDGE_LOOP('',(#1607,#1608,#1609,#1610));
#884=EDGE_LOOP('',(#1611,#1612,#1613,#1614,#1615));
#885=EDGE_LOOP('',(#1616,#1617,#1618,#1619));
#886=EDGE_LOOP('',(#1620,#1621,#1622,#1623));
#887=EDGE_LOOP('',(#1624,#1625,#1626,#1627));
#888=EDGE_LOOP('',(#1628,#1629,#1630,#1631));
#889=EDGE_LOOP('',(#1632,#1633,#1634,#1635));
#890=EDGE_LOOP('',(#1636,#1637,#1638,#1639));
#891=EDGE_LOOP('',(#1640,#1641));
#892=EDGE_LOOP('',(#1642,#1643));
#893=EDGE_LOOP('',(#1644,#1645,#1646,#1647));
#894=EDGE_LOOP('',(#1648,#1649,#1650,#1651,#1652));
#895=EDGE_LOOP('',(#1653,#1654,#1655,#1656,#1657));
#896=EDGE_LOOP('',(#1658,#1659,#1660,#1661));
#897=EDGE_LOOP('',(#1662,#1663,#1664,#1665));
#898=EDGE_LOOP('',(#1666,#1667,#1668,#1669));
#899=EDGE_LOOP('',(#1670,#1671,#1672,#1673));
#900=EDGE_LOOP('',(#1674,#1675,#1676,#1677));
#901=EDGE_LOOP('',(#1678,#1679,#1680,#1681));
#902=EDGE_LOOP('',(#1682,#1683,#1684,#1685));
#903=EDGE_LOOP('',(#1686,#1687,#1688,#1689));
#904=EDGE_LOOP('',(#1690,#1691,#1692,#1693));
#905=EDGE_LOOP('',(#1694,#1695,#1696,#1697));
#906=EDGE_LOOP('',(#1698,#1699,#1700,#1701));
#907=EDGE_LOOP('',(#1702,#1703,#1704,#1705));
#908=EDGE_LOOP('',(#1706,#1707));
#909=EDGE_LOOP('',(#1708,#1709));
#910=EDGE_LOOP('',(#1710,#1711));
#911=EDGE_LOOP('',(#1712,#1713));
#912=EDGE_LOOP('',(#1714,#1715,#1716,#1717));
#913=EDGE_LOOP('',(#1718,#1719,#1720,#1721));
#914=EDGE_LOOP('',(#1722,#1723,#1724,#1725));
#915=EDGE_LOOP('',(#1726,#1727));
#916=EDGE_LOOP('',(#1728,#1729));
#917=EDGE_LOOP('',(#1730,#1731,#1732,#1733));
#918=EDGE_LOOP('',(#1734,#1735,#1736,#1737));
#919=EDGE_LOOP('',(#1738,#1739,#1740,#1741));
#920=EDGE_LOOP('',(#1742,#1743,#1744,#1745));
#921=EDGE_LOOP('',(#1746,#1747));
#922=EDGE_LOOP('',(#1748,#1749));
#923=EDGE_LOOP('',(#1750,#1751));
#924=EDGE_LOOP('',(#1752,#1753));
#925=EDGE_LOOP('',(#1754,#1755,#1756,#1757,#1758));
#926=EDGE_LOOP('',(#1759,#1760));
#927=EDGE_LOOP('',(#1761,#1762));
#928=EDGE_LOOP('',(#1763,#1764));
#929=EDGE_LOOP('',(#1765,#1766));
#930=EDGE_LOOP('',(#1767,#1768));
#931=EDGE_LOOP('',(#1769,#1770));
#932=EDGE_LOOP('',(#1771,#1772));
#933=EDGE_LOOP('',(#1773,#1774));
#934=EDGE_LOOP('',(#1775,#1776));
#935=EDGE_LOOP('',(#1777,#1778,#1779,#1780,#1781));
#936=EDGE_LOOP('',(#1782,#1783));
#937=EDGE_LOOP('',(#1784,#1785));
#938=EDGE_LOOP('',(#1786,#1787));
#939=EDGE_LOOP('',(#1788,#1789));
#940=EDGE_LOOP('',(#1790,#1791));
#941=EDGE_LOOP('',(#1792,#1793,#1794,#1795));
#942=EDGE_LOOP('',(#1796,#1797,#1798,#1799));
#943=EDGE_LOOP('',(#1800,#1801,#1802,#1803));
#944=EDGE_LOOP('',(#1804,#1805,#1806,#1807));
#945=EDGE_LOOP('',(#1808,#1809,#1810,#1811));
#946=EDGE_LOOP('',(#1812,#1813,#1814,#1815));
#947=EDGE_LOOP('',(#1816,#1817,#1818,#1819));
#948=EDGE_LOOP('',(#1820,#1821,#1822,#1823));
#949=EDGE_LOOP('',(#1824,#1825,#1826,#1827));
#950=EDGE_LOOP('',(#1828,#1829,#1830,#1831));
#951=EDGE_LOOP('',(#1832,#1833,#1834,#1835));
#952=EDGE_LOOP('',(#1836,#1837,#1838,#1839));
#953=EDGE_LOOP('',(#1840,#1841,#1842,#1843));
#954=EDGE_LOOP('',(#1844,#1845,#1846,#1847));
#955=EDGE_LOOP('',(#1848,#1849,#1850,#1851));
#956=EDGE_LOOP('',(#1852,#1853,#1854,#1855));
#957=EDGE_LOOP('',(#1856,#1857,#1858,#1859));
#958=EDGE_LOOP('',(#1860,#1861,#1862,#1863));
#959=EDGE_LOOP('',(#1864,#1865,#1866,#1867));
#960=EDGE_LOOP('',(#1868,#1869,#1870,#1871));
#961=EDGE_LOOP('',(#1872,#1873,#1874,#1875));
#962=EDGE_LOOP('',(#1876,#1877,#1878,#1879));
#963=EDGE_LOOP('',(#1880,#1881,#1882,#1883));
#964=EDGE_LOOP('',(#1884,#1885,#1886,#1887));
#965=EDGE_LOOP('',(#1888,#1889,#1890,#1891));
#966=EDGE_LOOP('',(#1892,#1893,#1894,#1895));
#967=EDGE_LOOP('',(#1896,#1897,#1898,#1899));
#968=EDGE_LOOP('',(#1900,#1901,#1902,#1903));
#969=EDGE_LOOP('',(#1904,#1905,#1906,#1907));
#970=EDGE_LOOP('',(#1908,#1909,#1910,#1911));
#971=EDGE_LOOP('',(#1912,#1913,#1914,#1915));
#972=EDGE_LOOP('',(#1916,#1917,#1918,#1919,#1920));
#973=EDGE_LOOP('',(#1921,#1922,#1923,#1924,#1925));
#974=EDGE_LOOP('',(#1926,#1927,#1928,#1929));
#975=EDGE_LOOP('',(#1930,#1931,#1932,#1933));
#976=EDGE_LOOP('',(#1934,#1935,#1936,#1937));
#977=EDGE_LOOP('',(#1938,#1939,#1940,#1941));
#978=EDGE_LOOP('',(#1942,#1943,#1944,#1945));
#979=EDGE_LOOP('',(#1946,#1947,#1948,#1949,#1950));
#980=EDGE_LOOP('',(#1951,#1952,#1953,#1954,#1955,#1956));
#981=EDGE_LOOP('',(#1957,#1958,#1959,#1960));
#982=EDGE_LOOP('',(#1961,#1962,#1963,#1964));
#983=EDGE_LOOP('',(#1965,#1966,#1967,#1968));
#984=EDGE_LOOP('',(#1969,#1970,#1971,#1972));
#985=EDGE_LOOP('',(#1973,#1974,#1975,#1976));
#986=EDGE_LOOP('',(#1977,#1978,#1979,#1980));
#987=EDGE_LOOP('',(#1981,#1982,#1983,#1984));
#988=EDGE_LOOP('',(#1985,#1986,#1987,#1988));
#989=EDGE_LOOP('',(#1989,#1990,#1991,#1992));
#990=EDGE_LOOP('',(#1993,#1994,#1995,#1996));
#991=EDGE_LOOP('',(#1997,#1998,#1999,#2000));
#992=EDGE_LOOP('',(#2001,#2002,#2003,#2004,#2005));
#993=EDGE_LOOP('',(#2006,#2007,#2008,#2009));
#994=EDGE_LOOP('',(#2010,#2011,#2012,#2013,#2014,#2015));
#995=EDGE_LOOP('',(#2016,#2017));
#996=EDGE_LOOP('',(#2018,#2019));
#997=EDGE_LOOP('',(#2020,#2021));
#998=EDGE_LOOP('',(#2022,#2023));
#999=EDGE_LOOP('',(#2024,#2025));
#1000=EDGE_LOOP('',(#2026,#2027));
#1001=EDGE_LOOP('',(#2028,#2029));
#1002=EDGE_LOOP('',(#2030,#2031));
#1003=EDGE_LOOP('',(#2032,#2033,#2034,#2035));
#1004=EDGE_LOOP('',(#2036,#2037,#2038,#2039));
#1005=EDGE_LOOP('',(#2040,#2041,#2042,#2043));
#1006=EDGE_LOOP('',(#2044,#2045,#2046,#2047));
#1007=EDGE_LOOP('',(#2048,#2049,#2050,#2051));
#1008=EDGE_LOOP('',(#2052,#2053));
#1009=EDGE_LOOP('',(#2054,#2055,#2056,#2057));
#1010=EDGE_LOOP('',(#2058,#2059,#2060,#2061));
#1011=EDGE_LOOP('',(#2062,#2063,#2064,#2065));
#1012=EDGE_LOOP('',(#2066,#2067,#2068,#2069));
#1013=EDGE_LOOP('',(#2070,#2071,#2072,#2073));
#1014=EDGE_LOOP('',(#2074,#2075));
#1015=EDGE_LOOP('',(#2076,#2077,#2078,#2079));
#1016=EDGE_LOOP('',(#2080,#2081,#2082,#2083));
#1017=EDGE_LOOP('',(#2084,#2085));
#1018=EDGE_LOOP('',(#2086,#2087,#2088,#2089));
#1019=EDGE_LOOP('',(#2090,#2091,#2092,#2093));
#1020=EDGE_LOOP('',(#2094,#2095));
#1021=EDGE_LOOP('',(#2096,#2097,#2098,#2099));
#1022=EDGE_LOOP('',(#2100,#2101,#2102,#2103));
#1023=EDGE_LOOP('',(#2104,#2105));
#1024=EDGE_LOOP('',(#2106,#2107,#2108,#2109));
#1025=EDGE_LOOP('',(#2110,#2111,#2112,#2113));
#1026=EDGE_LOOP('',(#2114,#2115));
#1027=EDGE_LOOP('',(#2116,#2117,#2118,#2119));
#1028=EDGE_LOOP('',(#2120,#2121,#2122,#2123));
#1029=EDGE_LOOP('',(#2124,#2125,#2126,#2127));
#1030=EDGE_LOOP('',(#2128,#2129,#2130,#2131));
#1031=EDGE_LOOP('',(#2132,#2133,#2134,#2135));
#1032=EDGE_LOOP('',(#2136,#2137));
#1033=EDGE_LOOP('',(#2138,#2139));
#1034=EDGE_LOOP('',(#2140,#2141,#2142,#2143));
#1035=EDGE_LOOP('',(#2144,#2145,#2146,#2147));
#1036=EDGE_LOOP('',(#2148,#2149,#2150,#2151));
#1037=EDGE_LOOP('',(#2152,#2153,#2154,#2155));
#1038=EDGE_LOOP('',(#2156,#2157));
#1039=EDGE_LOOP('',(#2158,#2159));
#1040=EDGE_LOOP('',(#2160,#2161,#2162,#2163));
#1041=EDGE_LOOP('',(#2164,#2165,#2166,#2167));
#1042=EDGE_LOOP('',(#2168,#2169,#2170,#2171));
#1043=EDGE_LOOP('',(#2172,#2173,#2174,#2175));
#1044=EDGE_LOOP('',(#2176,#2177,#2178,#2179));
#1045=EDGE_LOOP('',(#2180,#2181,#2182,#2183));
#1046=EDGE_LOOP('',(#2184,#2185,#2186,#2187));
#1047=EDGE_LOOP('',(#2188,#2189,#2190,#2191));
#1048=EDGE_LOOP('',(#2192,#2193,#2194,#2195));
#1049=EDGE_LOOP('',(#2196,#2197,#2198,#2199));
#1050=EDGE_LOOP('',(#2200,#2201,#2202,#2203,#2204));
#1051=EDGE_LOOP('',(#2205,#2206,#2207,#2208,#2209));
#1052=EDGE_LOOP('',(#2210,#2211,#2212,#2213));
#1053=EDGE_LOOP('',(#2214,#2215,#2216,#2217));
#1054=EDGE_LOOP('',(#2218,#2219,#2220,#2221));
#1055=EDGE_LOOP('',(#2222,#2223,#2224,#2225));
#1056=EDGE_LOOP('',(#2226,#2227,#2228,#2229));
#1057=EDGE_LOOP('',(#2230,#2231,#2232,#2233,#2234));
#1058=EDGE_LOOP('',(#2235,#2236,#2237,#2238,#2239,#2240));
#1059=EDGE_LOOP('',(#2241,#2242,#2243,#2244));
#1060=EDGE_LOOP('',(#2245,#2246,#2247,#2248));
#1061=EDGE_LOOP('',(#2249,#2250,#2251,#2252));
#1062=EDGE_LOOP('',(#2253,#2254,#2255,#2256));
#1063=EDGE_LOOP('',(#2257,#2258,#2259,#2260));
#1064=EDGE_LOOP('',(#2261,#2262,#2263,#2264));
#1065=EDGE_LOOP('',(#2265,#2266,#2267,#2268));
#1066=EDGE_LOOP('',(#2269,#2270,#2271,#2272));
#1067=EDGE_LOOP('',(#2273,#2274,#2275,#2276));
#1068=EDGE_LOOP('',(#2277,#2278,#2279,#2280));
#1069=EDGE_LOOP('',(#2281,#2282,#2283,#2284));
#1070=EDGE_LOOP('',(#2285,#2286,#2287,#2288,#2289));
#1071=EDGE_LOOP('',(#2290,#2291,#2292,#2293));
#1072=EDGE_LOOP('',(#2294,#2295,#2296,#2297,#2298,#2299));
#1073=EDGE_LOOP('',(#2300,#2301));
#1074=EDGE_LOOP('',(#2302,#2303));
#1075=EDGE_LOOP('',(#2304,#2305));
#1076=EDGE_LOOP('',(#2306,#2307));
#1077=EDGE_LOOP('',(#2308,#2309));
#1078=EDGE_LOOP('',(#2310,#2311));
#1079=EDGE_LOOP('',(#2312,#2313));
#1080=EDGE_LOOP('',(#2314,#2315));
#1081=EDGE_LOOP('',(#2316,#2317,#2318,#2319));
#1082=EDGE_LOOP('',(#2320,#2321,#2322,#2323));
#1083=EDGE_LOOP('',(#2324,#2325,#2326,#2327));
#1084=EDGE_LOOP('',(#2328,#2329,#2330,#2331));
#1085=EDGE_LOOP('',(#2332,#2333,#2334,#2335));
#1086=EDGE_LOOP('',(#2336,#2337));
#1087=EDGE_LOOP('',(#2338,#2339,#2340,#2341));
#1088=EDGE_LOOP('',(#2342,#2343,#2344,#2345));
#1089=EDGE_LOOP('',(#2346,#2347,#2348,#2349));
#1090=EDGE_LOOP('',(#2350,#2351,#2352,#2353));
#1091=EDGE_LOOP('',(#2354,#2355,#2356,#2357));
#1092=EDGE_LOOP('',(#2358,#2359));
#1093=EDGE_LOOP('',(#2360,#2361,#2362,#2363));
#1094=EDGE_LOOP('',(#2364,#2365,#2366,#2367));
#1095=EDGE_LOOP('',(#2368,#2369));
#1096=EDGE_LOOP('',(#2370,#2371,#2372,#2373));
#1097=EDGE_LOOP('',(#2374,#2375,#2376,#2377));
#1098=EDGE_LOOP('',(#2378,#2379));
#1099=EDGE_LOOP('',(#2380,#2381,#2382,#2383));
#1100=EDGE_LOOP('',(#2384,#2385,#2386,#2387));
#1101=EDGE_LOOP('',(#2388,#2389));
#1102=EDGE_LOOP('',(#2390,#2391,#2392,#2393));
#1103=EDGE_LOOP('',(#2394,#2395,#2396,#2397));
#1104=EDGE_LOOP('',(#2398,#2399));
#1105=EDGE_LOOP('',(#2400,#2401,#2402,#2403));
#1106=EDGE_LOOP('',(#2404,#2405,#2406,#2407));
#1107=EDGE_LOOP('',(#2408,#2409,#2410,#2411));
#1108=EDGE_LOOP('',(#2412,#2413,#2414,#2415));
#1109=EDGE_LOOP('',(#2416,#2417,#2418,#2419));
#1110=EDGE_LOOP('',(#2420,#2421));
#1111=EDGE_LOOP('',(#2422,#2423));
#1112=EDGE_LOOP('',(#2424,#2425,#2426,#2427));
#1113=EDGE_LOOP('',(#2428,#2429,#2430,#2431));
#1114=EDGE_LOOP('',(#2432,#2433,#2434,#2435));
#1115=EDGE_LOOP('',(#2436,#2437,#2438,#2439));
#1116=EDGE_LOOP('',(#2440,#2441));
#1117=EDGE_LOOP('',(#2442,#2443));
#1118=EDGE_LOOP('',(#2444,#2445,#2446,#2447));
#1119=EDGE_LOOP('',(#2448,#2449,#2450,#2451));
#1120=EDGE_LOOP('',(#2452,#2453,#2454,#2455));
#1121=EDGE_LOOP('',(#2456,#2457,#2458,#2459));
#1122=EDGE_LOOP('',(#2460,#2461,#2462,#2463));
#1123=EDGE_LOOP('',(#2464,#2465,#2466,#2467));
#1124=EDGE_LOOP('',(#2468,#2469,#2470,#2471));
#1125=EDGE_LOOP('',(#2472,#2473,#2474,#2475));
#1126=EDGE_LOOP('',(#2476,#2477,#2478,#2479));
#1127=EDGE_LOOP('',(#2480,#2481,#2482,#2483));
#1128=ORIENTED_EDGE('',*,*,#2486,.F.);
#1129=ORIENTED_EDGE('',*,*,#2484,.T.);
#1130=ORIENTED_EDGE('',*,*,#2485,.T.);
#1131=ORIENTED_EDGE('',*,*,#2601,.F.);
#1132=ORIENTED_EDGE('',*,*,#2489,.F.);
#1133=ORIENTED_EDGE('',*,*,#2487,.T.);
#1134=ORIENTED_EDGE('',*,*,#2605,.F.);
#1135=ORIENTED_EDGE('',*,*,#2604,.F.);
#1136=ORIENTED_EDGE('',*,*,#2489,.T.);
#1137=ORIENTED_EDGE('',*,*,#2606,.T.);
#1138=ORIENTED_EDGE('',*,*,#2486,.T.);
#1139=ORIENTED_EDGE('',*,*,#2603,.T.);
#1140=ORIENTED_EDGE('',*,*,#2492,.F.);
#1141=ORIENTED_EDGE('',*,*,#2490,.T.);
#1142=ORIENTED_EDGE('',*,*,#2491,.T.);
#1143=ORIENTED_EDGE('',*,*,#2607,.F.);
#1144=ORIENTED_EDGE('',*,*,#2495,.F.);
#1145=ORIENTED_EDGE('',*,*,#2493,.T.);
#1146=ORIENTED_EDGE('',*,*,#2611,.F.);
#1147=ORIENTED_EDGE('',*,*,#2610,.F.);
#1148=ORIENTED_EDGE('',*,*,#2495,.T.);
#1149=ORIENTED_EDGE('',*,*,#2612,.T.);
#1150=ORIENTED_EDGE('',*,*,#2492,.T.);
#1151=ORIENTED_EDGE('',*,*,#2609,.T.);
#1152=ORIENTED_EDGE('',*,*,#2498,.F.);
#1153=ORIENTED_EDGE('',*,*,#2496,.T.);
#1154=ORIENTED_EDGE('',*,*,#2497,.T.);
#1155=ORIENTED_EDGE('',*,*,#2613,.F.);
#1156=ORIENTED_EDGE('',*,*,#2501,.F.);
#1157=ORIENTED_EDGE('',*,*,#2499,.T.);
#1158=ORIENTED_EDGE('',*,*,#2617,.F.);
#1159=ORIENTED_EDGE('',*,*,#2616,.F.);
#1160=ORIENTED_EDGE('',*,*,#2501,.T.);
#1161=ORIENTED_EDGE('',*,*,#2618,.T.);
#1162=ORIENTED_EDGE('',*,*,#2498,.T.);
#1163=ORIENTED_EDGE('',*,*,#2615,.T.);
#1164=ORIENTED_EDGE('',*,*,#2504,.F.);
#1165=ORIENTED_EDGE('',*,*,#2502,.T.);
#1166=ORIENTED_EDGE('',*,*,#2503,.T.);
#1167=ORIENTED_EDGE('',*,*,#2619,.F.);
#1168=ORIENTED_EDGE('',*,*,#2507,.F.);
#1169=ORIENTED_EDGE('',*,*,#2505,.T.);
#1170=ORIENTED_EDGE('',*,*,#2623,.F.);
#1171=ORIENTED_EDGE('',*,*,#2622,.F.);
#1172=ORIENTED_EDGE('',*,*,#2507,.T.);
#1173=ORIENTED_EDGE('',*,*,#2624,.T.);
#1174=ORIENTED_EDGE('',*,*,#2504,.T.);
#1175=ORIENTED_EDGE('',*,*,#2621,.T.);
#1176=ORIENTED_EDGE('',*,*,#2625,.T.);
#1177=ORIENTED_EDGE('',*,*,#2626,.T.);
#1178=ORIENTED_EDGE('',*,*,#2512,.F.);
#1179=ORIENTED_EDGE('',*,*,#2514,.T.);
#1180=ORIENTED_EDGE('',*,*,#2628,.T.);
#1181=ORIENTED_EDGE('',*,*,#2629,.T.);
#1182=ORIENTED_EDGE('',*,*,#2515,.F.);
#1183=ORIENTED_EDGE('',*,*,#2517,.T.);
#1184=ORIENTED_EDGE('',*,*,#2631,.T.);
#1185=ORIENTED_EDGE('',*,*,#2632,.T.);
#1186=ORIENTED_EDGE('',*,*,#2518,.F.);
#1187=ORIENTED_EDGE('',*,*,#2520,.T.);
#1188=ORIENTED_EDGE('',*,*,#2522,.F.);
#1189=ORIENTED_EDGE('',*,*,#2521,.F.);
#1190=ORIENTED_EDGE('',*,*,#2524,.F.);
#1191=ORIENTED_EDGE('',*,*,#2523,.F.);
#1192=ORIENTED_EDGE('',*,*,#2528,.T.);
#1193=ORIENTED_EDGE('',*,*,#2523,.T.);
#1194=ORIENTED_EDGE('',*,*,#2529,.F.);
#1195=ORIENTED_EDGE('',*,*,#2527,.F.);
#1196=ORIENTED_EDGE('',*,*,#2529,.T.);
#1197=ORIENTED_EDGE('',*,*,#2532,.T.);
#1198=ORIENTED_EDGE('',*,*,#2531,.F.);
#1199=ORIENTED_EDGE('',*,*,#2530,.T.);
#1200=ORIENTED_EDGE('',*,*,#2632,.F.);
#1201=ORIENTED_EDGE('',*,*,#2519,.F.);
#1202=ORIENTED_EDGE('',*,*,#2630,.F.);
#1203=ORIENTED_EDGE('',*,*,#2517,.F.);
#1204=ORIENTED_EDGE('',*,*,#2535,.F.);
#1205=ORIENTED_EDGE('',*,*,#2588,.F.);
#1206=ORIENTED_EDGE('',*,*,#2525,.F.);
#1207=ORIENTED_EDGE('',*,*,#2533,.T.);
#1208=ORIENTED_EDGE('',*,*,#2560,.T.);
#1209=ORIENTED_EDGE('',*,*,#2535,.T.);
#1210=ORIENTED_EDGE('',*,*,#2536,.T.);
#1211=ORIENTED_EDGE('',*,*,#2522,.T.);
#1212=ORIENTED_EDGE('',*,*,#2534,.F.);
#1213=ORIENTED_EDGE('',*,*,#2524,.T.);
#1214=ORIENTED_EDGE('',*,*,#2537,.T.);
#1215=ORIENTED_EDGE('',*,*,#2538,.T.);
#1216=ORIENTED_EDGE('',*,*,#2532,.F.);
#1217=ORIENTED_EDGE('',*,*,#2533,.F.);
#1218=ORIENTED_EDGE('',*,*,#2526,.T.);
#1219=ORIENTED_EDGE('',*,*,#2531,.T.);
#1220=ORIENTED_EDGE('',*,*,#2538,.F.);
#1221=ORIENTED_EDGE('',*,*,#2559,.F.);
#1222=ORIENTED_EDGE('',*,*,#2491,.F.);
#1223=ORIENTED_EDGE('',*,*,#2540,.T.);
#1224=ORIENTED_EDGE('',*,*,#2635,.F.);
#1225=ORIENTED_EDGE('',*,*,#2634,.F.);
#1226=ORIENTED_EDGE('',*,*,#2541,.T.);
#1227=ORIENTED_EDGE('',*,*,#2543,.T.);
#1228=ORIENTED_EDGE('',*,*,#2542,.F.);
#1229=ORIENTED_EDGE('',*,*,#2544,.F.);
#1230=ORIENTED_EDGE('',*,*,#2547,.T.);
#1231=ORIENTED_EDGE('',*,*,#2546,.F.);
#1232=ORIENTED_EDGE('',*,*,#2543,.F.);
#1233=ORIENTED_EDGE('',*,*,#2545,.T.);
#1234=ORIENTED_EDGE('',*,*,#2551,.T.);
#1235=ORIENTED_EDGE('',*,*,#2548,.T.);
#1236=ORIENTED_EDGE('',*,*,#2550,.T.);
#1237=ORIENTED_EDGE('',*,*,#2549,.F.);
#1238=ORIENTED_EDGE('',*,*,#2552,.T.);
#1239=ORIENTED_EDGE('',*,*,#2544,.T.);
#1240=ORIENTED_EDGE('',*,*,#2553,.F.);
#1241=ORIENTED_EDGE('',*,*,#2550,.F.);
#1242=ORIENTED_EDGE('',*,*,#2547,.F.);
#1243=ORIENTED_EDGE('',*,*,#2555,.F.);
#1244=ORIENTED_EDGE('',*,*,#2551,.F.);
#1245=ORIENTED_EDGE('',*,*,#2554,.T.);
#1246=ORIENTED_EDGE('',*,*,#2648,.F.);
#1247=ORIENTED_EDGE('',*,*,#2569,.F.);
#1248=ORIENTED_EDGE('',*,*,#2556,.T.);
#1249=ORIENTED_EDGE('',*,*,#2637,.T.);
#1250=ORIENTED_EDGE('',*,*,#2556,.F.);
#1251=ORIENTED_EDGE('',*,*,#2557,.T.);
#1252=ORIENTED_EDGE('',*,*,#2638,.F.);
#1253=ORIENTED_EDGE('',*,*,#2636,.F.);
#1254=ORIENTED_EDGE('',*,*,#2549,.T.);
#1255=ORIENTED_EDGE('',*,*,#2553,.T.);
#1256=ORIENTED_EDGE('',*,*,#2542,.T.);
#1257=ORIENTED_EDGE('',*,*,#2546,.T.);
#1258=ORIENTED_EDGE('',*,*,#2554,.F.);
#1259=ORIENTED_EDGE('',*,*,#2537,.F.);
#1260=ORIENTED_EDGE('',*,*,#2521,.T.);
#1261=ORIENTED_EDGE('',*,*,#2536,.F.);
#1262=ORIENTED_EDGE('',*,*,#2560,.F.);
#1263=ORIENTED_EDGE('',*,*,#2559,.T.);
#1264=ORIENTED_EDGE('',*,*,#2497,.F.);
#1265=ORIENTED_EDGE('',*,*,#2562,.T.);
#1266=ORIENTED_EDGE('',*,*,#2640,.F.);
#1267=ORIENTED_EDGE('',*,*,#2639,.F.);
#1268=ORIENTED_EDGE('',*,*,#2503,.F.);
#1269=ORIENTED_EDGE('',*,*,#2564,.T.);
#1270=ORIENTED_EDGE('',*,*,#2642,.F.);
#1271=ORIENTED_EDGE('',*,*,#2641,.F.);
#1272=ORIENTED_EDGE('',*,*,#2643,.T.);
#1273=ORIENTED_EDGE('',*,*,#2566,.F.);
#1274=ORIENTED_EDGE('',*,*,#2565,.F.);
#1275=ORIENTED_EDGE('',*,*,#2633,.F.);
#1276=ORIENTED_EDGE('',*,*,#2645,.T.);
#1277=ORIENTED_EDGE('',*,*,#2568,.F.);
#1278=ORIENTED_EDGE('',*,*,#2567,.F.);
#1279=ORIENTED_EDGE('',*,*,#2629,.F.);
#1280=ORIENTED_EDGE('',*,*,#2647,.T.);
#1281=ORIENTED_EDGE('',*,*,#2514,.F.);
#1282=ORIENTED_EDGE('',*,*,#2570,.F.);
#1283=ORIENTED_EDGE('',*,*,#2569,.T.);
#1284=ORIENTED_EDGE('',*,*,#2649,.T.);
#1285=ORIENTED_EDGE('',*,*,#2511,.F.);
#1286=ORIENTED_EDGE('',*,*,#2571,.F.);
#1287=ORIENTED_EDGE('',*,*,#2494,.T.);
#1288=ORIENTED_EDGE('',*,*,#2651,.T.);
#1289=ORIENTED_EDGE('',*,*,#2510,.F.);
#1290=ORIENTED_EDGE('',*,*,#2572,.F.);
#1291=ORIENTED_EDGE('',*,*,#2488,.T.);
#1292=ORIENTED_EDGE('',*,*,#2653,.T.);
#1293=ORIENTED_EDGE('',*,*,#2509,.F.);
#1294=ORIENTED_EDGE('',*,*,#2573,.F.);
#1295=ORIENTED_EDGE('',*,*,#2506,.T.);
#1296=ORIENTED_EDGE('',*,*,#2655,.T.);
#1297=ORIENTED_EDGE('',*,*,#2508,.F.);
#1298=ORIENTED_EDGE('',*,*,#2574,.F.);
#1299=ORIENTED_EDGE('',*,*,#2500,.T.);
#1300=ORIENTED_EDGE('',*,*,#2658,.T.);
#1301=ORIENTED_EDGE('',*,*,#2575,.T.);
#1302=ORIENTED_EDGE('',*,*,#2659,.F.);
#1303=ORIENTED_EDGE('',*,*,#2657,.F.);
#1304=ORIENTED_EDGE('',*,*,#2661,.T.);
#1305=ORIENTED_EDGE('',*,*,#2577,.T.);
#1306=ORIENTED_EDGE('',*,*,#2662,.F.);
#1307=ORIENTED_EDGE('',*,*,#2660,.F.);
#1308=ORIENTED_EDGE('',*,*,#2485,.F.);
#1309=ORIENTED_EDGE('',*,*,#2580,.T.);
#1310=ORIENTED_EDGE('',*,*,#2664,.F.);
#1311=ORIENTED_EDGE('',*,*,#2663,.F.);
#1312=ORIENTED_EDGE('',*,*,#2566,.T.);
#1313=ORIENTED_EDGE('',*,*,#2644,.T.);
#1314=ORIENTED_EDGE('',*,*,#2658,.F.);
#1315=ORIENTED_EDGE('',*,*,#2576,.F.);
#1316=ORIENTED_EDGE('',*,*,#2568,.T.);
#1317=ORIENTED_EDGE('',*,*,#2646,.T.);
#1318=ORIENTED_EDGE('',*,*,#2661,.F.);
#1319=ORIENTED_EDGE('',*,*,#2578,.F.);
#1320=ORIENTED_EDGE('',*,*,#2583,.F.);
#1321=ORIENTED_EDGE('',*,*,#2581,.T.);
#1322=ORIENTED_EDGE('',*,*,#2666,.F.);
#1323=ORIENTED_EDGE('',*,*,#2665,.F.);
#1324=ORIENTED_EDGE('',*,*,#2586,.F.);
#1325=ORIENTED_EDGE('',*,*,#2584,.T.);
#1326=ORIENTED_EDGE('',*,*,#2669,.F.);
#1327=ORIENTED_EDGE('',*,*,#2668,.F.);
#1328=ORIENTED_EDGE('',*,*,#2587,.F.);
#1329=ORIENTED_EDGE('',*,*,#2588,.T.);
#1330=ORIENTED_EDGE('',*,*,#2534,.T.);
#1331=ORIENTED_EDGE('',*,*,#2528,.F.);
#1332=ORIENTED_EDGE('',*,*,#2585,.T.);
#1333=ORIENTED_EDGE('',*,*,#2669,.T.);
#1334=ORIENTED_EDGE('',*,*,#2583,.T.);
#1335=ORIENTED_EDGE('',*,*,#2667,.T.);
#1336=ORIENTED_EDGE('',*,*,#2670,.T.);
#1337=ORIENTED_EDGE('',*,*,#2589,.T.);
#1338=ORIENTED_EDGE('',*,*,#2590,.T.);
#1339=ORIENTED_EDGE('',*,*,#2671,.F.);
#1340=ORIENTED_EDGE('',*,*,#2666,.T.);
#1341=ORIENTED_EDGE('',*,*,#2591,.T.);
#1342=ORIENTED_EDGE('',*,*,#2592,.T.);
#1343=ORIENTED_EDGE('',*,*,#2673,.F.);
#1344=ORIENTED_EDGE('',*,*,#2675,.T.);
#1345=ORIENTED_EDGE('',*,*,#2677,.T.);
#1346=ORIENTED_EDGE('',*,*,#2593,.F.);
#1347=ORIENTED_EDGE('',*,*,#2676,.F.);
#1348=ORIENTED_EDGE('',*,*,#2678,.T.);
#1349=ORIENTED_EDGE('',*,*,#2680,.T.);
#1350=ORIENTED_EDGE('',*,*,#2595,.F.);
#1351=ORIENTED_EDGE('',*,*,#2679,.F.);
#1352=ORIENTED_EDGE('',*,*,#2672,.F.);
#1353=ORIENTED_EDGE('',*,*,#2590,.F.);
#1354=ORIENTED_EDGE('',*,*,#2594,.T.);
#1355=ORIENTED_EDGE('',*,*,#2676,.T.);
#1356=ORIENTED_EDGE('',*,*,#2674,.F.);
#1357=ORIENTED_EDGE('',*,*,#2592,.F.);
#1358=ORIENTED_EDGE('',*,*,#2596,.T.);
#1359=ORIENTED_EDGE('',*,*,#2679,.T.);
#1360=ORIENTED_EDGE('',*,*,#2545,.F.);
#1361=ORIENTED_EDGE('',*,*,#2541,.F.);
#1362=ORIENTED_EDGE('',*,*,#2552,.F.);
#1363=ORIENTED_EDGE('',*,*,#2548,.F.);
#1364=ORIENTED_EDGE('',*,*,#2555,.T.);
#1365=ORIENTED_EDGE('',*,*,#2539,.T.);
#1366=ORIENTED_EDGE('',*,*,#2635,.T.);
#1367=ORIENTED_EDGE('',*,*,#2558,.T.);
#1368=ORIENTED_EDGE('',*,*,#2638,.T.);
#1369=ORIENTED_EDGE('',*,*,#2561,.T.);
#1370=ORIENTED_EDGE('',*,*,#2640,.T.);
#1371=ORIENTED_EDGE('',*,*,#2563,.T.);
#1372=ORIENTED_EDGE('',*,*,#2642,.T.);
#1373=ORIENTED_EDGE('',*,*,#2597,.T.);
#1374=ORIENTED_EDGE('',*,*,#2659,.T.);
#1375=ORIENTED_EDGE('',*,*,#2598,.T.);
#1376=ORIENTED_EDGE('',*,*,#2662,.T.);
#1377=ORIENTED_EDGE('',*,*,#2579,.T.);
#1378=ORIENTED_EDGE('',*,*,#2664,.T.);
#1379=ORIENTED_EDGE('',*,*,#2677,.F.);
#1380=ORIENTED_EDGE('',*,*,#2599,.F.);
#1381=ORIENTED_EDGE('',*,*,#2680,.F.);
#1382=ORIENTED_EDGE('',*,*,#2600,.F.);
#1383=ORIENTED_EDGE('',*,*,#2530,.F.);
#1384=ORIENTED_EDGE('',*,*,#2526,.F.);
#1385=ORIENTED_EDGE('',*,*,#2525,.T.);
#1386=ORIENTED_EDGE('',*,*,#2587,.T.);
#1387=ORIENTED_EDGE('',*,*,#2527,.T.);
#1388=ORIENTED_EDGE('',*,*,#2510,.T.);
#1389=ORIENTED_EDGE('',*,*,#2652,.T.);
#1390=ORIENTED_EDGE('',*,*,#2509,.T.);
#1391=ORIENTED_EDGE('',*,*,#2654,.T.);
#1392=ORIENTED_EDGE('',*,*,#2508,.T.);
#1393=ORIENTED_EDGE('',*,*,#2656,.T.);
#1394=ORIENTED_EDGE('',*,*,#2626,.F.);
#1395=ORIENTED_EDGE('',*,*,#2513,.F.);
#1396=ORIENTED_EDGE('',*,*,#2511,.T.);
#1397=ORIENTED_EDGE('',*,*,#2650,.T.);
#1398=ORIENTED_EDGE('',*,*,#2601,.T.);
#1399=ORIENTED_EDGE('',*,*,#2602,.T.);
#1400=ORIENTED_EDGE('',*,*,#2484,.F.);
#1401=ORIENTED_EDGE('',*,*,#2603,.F.);
#1402=ORIENTED_EDGE('',*,*,#2604,.T.);
#1403=ORIENTED_EDGE('',*,*,#2488,.F.);
#1404=ORIENTED_EDGE('',*,*,#2487,.F.);
#1405=ORIENTED_EDGE('',*,*,#2606,.F.);
#1406=ORIENTED_EDGE('',*,*,#2607,.T.);
#1407=ORIENTED_EDGE('',*,*,#2608,.T.);
#1408=ORIENTED_EDGE('',*,*,#2490,.F.);
#1409=ORIENTED_EDGE('',*,*,#2609,.F.);
#1410=ORIENTED_EDGE('',*,*,#2610,.T.);
#1411=ORIENTED_EDGE('',*,*,#2494,.F.);
#1412=ORIENTED_EDGE('',*,*,#2493,.F.);
#1413=ORIENTED_EDGE('',*,*,#2612,.F.);
#1414=ORIENTED_EDGE('',*,*,#2613,.T.);
#1415=ORIENTED_EDGE('',*,*,#2614,.T.);
#1416=ORIENTED_EDGE('',*,*,#2496,.F.);
#1417=ORIENTED_EDGE('',*,*,#2615,.F.);
#1418=ORIENTED_EDGE('',*,*,#2616,.T.);
#1419=ORIENTED_EDGE('',*,*,#2500,.F.);
#1420=ORIENTED_EDGE('',*,*,#2499,.F.);
#1421=ORIENTED_EDGE('',*,*,#2618,.F.);
#1422=ORIENTED_EDGE('',*,*,#2619,.T.);
#1423=ORIENTED_EDGE('',*,*,#2620,.T.);
#1424=ORIENTED_EDGE('',*,*,#2502,.F.);
#1425=ORIENTED_EDGE('',*,*,#2621,.F.);
#1426=ORIENTED_EDGE('',*,*,#2622,.T.);
#1427=ORIENTED_EDGE('',*,*,#2506,.F.);
#1428=ORIENTED_EDGE('',*,*,#2505,.F.);
#1429=ORIENTED_EDGE('',*,*,#2624,.F.);
#1430=ORIENTED_EDGE('',*,*,#2627,.T.);
#1431=ORIENTED_EDGE('',*,*,#2512,.T.);
#1432=ORIENTED_EDGE('',*,*,#2513,.T.);
#1433=ORIENTED_EDGE('',*,*,#2625,.F.);
#1434=ORIENTED_EDGE('',*,*,#2630,.T.);
#1435=ORIENTED_EDGE('',*,*,#2515,.T.);
#1436=ORIENTED_EDGE('',*,*,#2516,.T.);
#1437=ORIENTED_EDGE('',*,*,#2628,.F.);
#1438=ORIENTED_EDGE('',*,*,#2633,.T.);
#1439=ORIENTED_EDGE('',*,*,#2518,.T.);
#1440=ORIENTED_EDGE('',*,*,#2519,.T.);
#1441=ORIENTED_EDGE('',*,*,#2631,.F.);
#1442=ORIENTED_EDGE('',*,*,#2634,.T.);
#1443=ORIENTED_EDGE('',*,*,#2539,.F.);
#1444=ORIENTED_EDGE('',*,*,#2540,.F.);
#1445=ORIENTED_EDGE('',*,*,#2608,.F.);
#1446=ORIENTED_EDGE('',*,*,#2636,.T.);
#1447=ORIENTED_EDGE('',*,*,#2558,.F.);
#1448=ORIENTED_EDGE('',*,*,#2557,.F.);
#1449=ORIENTED_EDGE('',*,*,#2637,.F.);
#1450=ORIENTED_EDGE('',*,*,#2639,.T.);
#1451=ORIENTED_EDGE('',*,*,#2561,.F.);
#1452=ORIENTED_EDGE('',*,*,#2562,.F.);
#1453=ORIENTED_EDGE('',*,*,#2614,.F.);
#1454=ORIENTED_EDGE('',*,*,#2641,.T.);
#1455=ORIENTED_EDGE('',*,*,#2563,.F.);
#1456=ORIENTED_EDGE('',*,*,#2564,.F.);
#1457=ORIENTED_EDGE('',*,*,#2620,.F.);
#1458=ORIENTED_EDGE('',*,*,#2520,.F.);
#1459=ORIENTED_EDGE('',*,*,#2565,.T.);
#1460=ORIENTED_EDGE('',*,*,#2644,.F.);
#1461=ORIENTED_EDGE('',*,*,#2643,.F.);
#1462=ORIENTED_EDGE('',*,*,#2516,.F.);
#1463=ORIENTED_EDGE('',*,*,#2567,.T.);
#1464=ORIENTED_EDGE('',*,*,#2646,.F.);
#1465=ORIENTED_EDGE('',*,*,#2645,.F.);
#1466=ORIENTED_EDGE('',*,*,#2648,.T.);
#1467=ORIENTED_EDGE('',*,*,#2570,.T.);
#1468=ORIENTED_EDGE('',*,*,#2627,.F.);
#1469=ORIENTED_EDGE('',*,*,#2647,.F.);
#1470=ORIENTED_EDGE('',*,*,#2611,.T.);
#1471=ORIENTED_EDGE('',*,*,#2571,.T.);
#1472=ORIENTED_EDGE('',*,*,#2650,.F.);
#1473=ORIENTED_EDGE('',*,*,#2649,.F.);
#1474=ORIENTED_EDGE('',*,*,#2605,.T.);
#1475=ORIENTED_EDGE('',*,*,#2572,.T.);
#1476=ORIENTED_EDGE('',*,*,#2652,.F.);
#1477=ORIENTED_EDGE('',*,*,#2651,.F.);
#1478=ORIENTED_EDGE('',*,*,#2623,.T.);
#1479=ORIENTED_EDGE('',*,*,#2573,.T.);
#1480=ORIENTED_EDGE('',*,*,#2654,.F.);
#1481=ORIENTED_EDGE('',*,*,#2653,.F.);
#1482=ORIENTED_EDGE('',*,*,#2617,.T.);
#1483=ORIENTED_EDGE('',*,*,#2574,.T.);
#1484=ORIENTED_EDGE('',*,*,#2656,.F.);
#1485=ORIENTED_EDGE('',*,*,#2655,.F.);
#1486=ORIENTED_EDGE('',*,*,#2657,.T.);
#1487=ORIENTED_EDGE('',*,*,#2597,.F.);
#1488=ORIENTED_EDGE('',*,*,#2575,.F.);
#1489=ORIENTED_EDGE('',*,*,#2576,.T.);
#1490=ORIENTED_EDGE('',*,*,#2660,.T.);
#1491=ORIENTED_EDGE('',*,*,#2598,.F.);
#1492=ORIENTED_EDGE('',*,*,#2577,.F.);
#1493=ORIENTED_EDGE('',*,*,#2578,.T.);
#1494=ORIENTED_EDGE('',*,*,#2663,.T.);
#1495=ORIENTED_EDGE('',*,*,#2579,.F.);
#1496=ORIENTED_EDGE('',*,*,#2580,.F.);
#1497=ORIENTED_EDGE('',*,*,#2602,.F.);
#1498=ORIENTED_EDGE('',*,*,#2665,.T.);
#1499=ORIENTED_EDGE('',*,*,#2582,.F.);
#1500=ORIENTED_EDGE('',*,*,#2581,.F.);
#1501=ORIENTED_EDGE('',*,*,#2667,.F.);
#1502=ORIENTED_EDGE('',*,*,#2668,.T.);
#1503=ORIENTED_EDGE('',*,*,#2585,.F.);
#1504=ORIENTED_EDGE('',*,*,#2584,.F.);
#1505=ORIENTED_EDGE('',*,*,#2670,.F.);
#1506=ORIENTED_EDGE('',*,*,#2671,.T.);
#1507=ORIENTED_EDGE('',*,*,#2672,.T.);
#1508=ORIENTED_EDGE('',*,*,#2589,.F.);
#1509=ORIENTED_EDGE('',*,*,#2586,.T.);
#1510=ORIENTED_EDGE('',*,*,#2673,.T.);
#1511=ORIENTED_EDGE('',*,*,#2674,.T.);
#1512=ORIENTED_EDGE('',*,*,#2591,.F.);
#1513=ORIENTED_EDGE('',*,*,#2582,.T.);
#1514=ORIENTED_EDGE('',*,*,#2594,.F.);
#1515=ORIENTED_EDGE('',*,*,#2593,.T.);
#1516=ORIENTED_EDGE('',*,*,#2599,.T.);
#1517=ORIENTED_EDGE('',*,*,#2675,.F.);
#1518=ORIENTED_EDGE('',*,*,#2596,.F.);
#1519=ORIENTED_EDGE('',*,*,#2595,.T.);
#1520=ORIENTED_EDGE('',*,*,#2600,.T.);
#1521=ORIENTED_EDGE('',*,*,#2678,.F.);
#1522=ORIENTED_EDGE('',*,*,#2683,.F.);
#1523=ORIENTED_EDGE('',*,*,#2681,.T.);
#1524=ORIENTED_EDGE('',*,*,#2682,.T.);
#1525=ORIENTED_EDGE('',*,*,#2798,.F.);
#1526=ORIENTED_EDGE('',*,*,#2686,.F.);
#1527=ORIENTED_EDGE('',*,*,#2684,.T.);
#1528=ORIENTED_EDGE('',*,*,#2802,.F.);
#1529=ORIENTED_EDGE('',*,*,#2801,.F.);
#1530=ORIENTED_EDGE('',*,*,#2686,.T.);
#1531=ORIENTED_EDGE('',*,*,#2803,.T.);
#1532=ORIENTED_EDGE('',*,*,#2683,.T.);
#1533=ORIENTED_EDGE('',*,*,#2800,.T.);
#1534=ORIENTED_EDGE('',*,*,#2689,.F.);
#1535=ORIENTED_EDGE('',*,*,#2687,.T.);
#1536=ORIENTED_EDGE('',*,*,#2688,.T.);
#1537=ORIENTED_EDGE('',*,*,#2804,.F.);
#1538=ORIENTED_EDGE('',*,*,#2692,.F.);
#1539=ORIENTED_EDGE('',*,*,#2690,.T.);
#1540=ORIENTED_EDGE('',*,*,#2808,.F.);
#1541=ORIENTED_EDGE('',*,*,#2807,.F.);
#1542=ORIENTED_EDGE('',*,*,#2692,.T.);
#1543=ORIENTED_EDGE('',*,*,#2809,.T.);
#1544=ORIENTED_EDGE('',*,*,#2689,.T.);
#1545=ORIENTED_EDGE('',*,*,#2806,.T.);
#1546=ORIENTED_EDGE('',*,*,#2695,.F.);
#1547=ORIENTED_EDGE('',*,*,#2693,.T.);
#1548=ORIENTED_EDGE('',*,*,#2694,.T.);
#1549=ORIENTED_EDGE('',*,*,#2810,.F.);
#1550=ORIENTED_EDGE('',*,*,#2698,.F.);
#1551=ORIENTED_EDGE('',*,*,#2696,.T.);
#1552=ORIENTED_EDGE('',*,*,#2814,.F.);
#1553=ORIENTED_EDGE('',*,*,#2813,.F.);
#1554=ORIENTED_EDGE('',*,*,#2698,.T.);
#1555=ORIENTED_EDGE('',*,*,#2815,.T.);
#1556=ORIENTED_EDGE('',*,*,#2695,.T.);
#1557=ORIENTED_EDGE('',*,*,#2812,.T.);
#1558=ORIENTED_EDGE('',*,*,#2701,.F.);
#1559=ORIENTED_EDGE('',*,*,#2699,.T.);
#1560=ORIENTED_EDGE('',*,*,#2700,.T.);
#1561=ORIENTED_EDGE('',*,*,#2816,.F.);
#1562=ORIENTED_EDGE('',*,*,#2704,.F.);
#1563=ORIENTED_EDGE('',*,*,#2702,.T.);
#1564=ORIENTED_EDGE('',*,*,#2820,.F.);
#1565=ORIENTED_EDGE('',*,*,#2819,.F.);
#1566=ORIENTED_EDGE('',*,*,#2704,.T.);
#1567=ORIENTED_EDGE('',*,*,#2821,.T.);
#1568=ORIENTED_EDGE('',*,*,#2701,.T.);
#1569=ORIENTED_EDGE('',*,*,#2818,.T.);
#1570=ORIENTED_EDGE('',*,*,#2822,.T.);
#1571=ORIENTED_EDGE('',*,*,#2823,.T.);
#1572=ORIENTED_EDGE('',*,*,#2709,.F.);
#1573=ORIENTED_EDGE('',*,*,#2711,.T.);
#1574=ORIENTED_EDGE('',*,*,#2825,.T.);
#1575=ORIENTED_EDGE('',*,*,#2826,.T.);
#1576=ORIENTED_EDGE('',*,*,#2712,.F.);
#1577=ORIENTED_EDGE('',*,*,#2714,.T.);
#1578=ORIENTED_EDGE('',*,*,#2828,.T.);
#1579=ORIENTED_EDGE('',*,*,#2829,.T.);
#1580=ORIENTED_EDGE('',*,*,#2715,.F.);
#1581=ORIENTED_EDGE('',*,*,#2717,.T.);
#1582=ORIENTED_EDGE('',*,*,#2719,.F.);
#1583=ORIENTED_EDGE('',*,*,#2718,.F.);
#1584=ORIENTED_EDGE('',*,*,#2721,.F.);
#1585=ORIENTED_EDGE('',*,*,#2720,.F.);
#1586=ORIENTED_EDGE('',*,*,#2725,.T.);
#1587=ORIENTED_EDGE('',*,*,#2720,.T.);
#1588=ORIENTED_EDGE('',*,*,#2726,.F.);
#1589=ORIENTED_EDGE('',*,*,#2724,.F.);
#1590=ORIENTED_EDGE('',*,*,#2726,.T.);
#1591=ORIENTED_EDGE('',*,*,#2729,.T.);
#1592=ORIENTED_EDGE('',*,*,#2728,.F.);
#1593=ORIENTED_EDGE('',*,*,#2727,.T.);
#1594=ORIENTED_EDGE('',*,*,#2829,.F.);
#1595=ORIENTED_EDGE('',*,*,#2716,.F.);
#1596=ORIENTED_EDGE('',*,*,#2827,.F.);
#1597=ORIENTED_EDGE('',*,*,#2714,.F.);
#1598=ORIENTED_EDGE('',*,*,#2732,.F.);
#1599=ORIENTED_EDGE('',*,*,#2785,.F.);
#1600=ORIENTED_EDGE('',*,*,#2722,.F.);
#1601=ORIENTED_EDGE('',*,*,#2730,.T.);
#1602=ORIENTED_EDGE('',*,*,#2757,.T.);
#1603=ORIENTED_EDGE('',*,*,#2732,.T.);
#1604=ORIENTED_EDGE('',*,*,#2733,.T.);
#1605=ORIENTED_EDGE('',*,*,#2719,.T.);
#1606=ORIENTED_EDGE('',*,*,#2731,.F.);
#1607=ORIENTED_EDGE('',*,*,#2721,.T.);
#1608=ORIENTED_EDGE('',*,*,#2734,.T.);
#1609=ORIENTED_EDGE('',*,*,#2735,.T.);
#1610=ORIENTED_EDGE('',*,*,#2729,.F.);
#1611=ORIENTED_EDGE('',*,*,#2730,.F.);
#1612=ORIENTED_EDGE('',*,*,#2723,.T.);
#1613=ORIENTED_EDGE('',*,*,#2728,.T.);
#1614=ORIENTED_EDGE('',*,*,#2735,.F.);
#1615=ORIENTED_EDGE('',*,*,#2756,.F.);
#1616=ORIENTED_EDGE('',*,*,#2688,.F.);
#1617=ORIENTED_EDGE('',*,*,#2737,.T.);
#1618=ORIENTED_EDGE('',*,*,#2832,.F.);
#1619=ORIENTED_EDGE('',*,*,#2831,.F.);
#1620=ORIENTED_EDGE('',*,*,#2738,.T.);
#1621=ORIENTED_EDGE('',*,*,#2740,.T.);
#1622=ORIENTED_EDGE('',*,*,#2739,.F.);
#1623=ORIENTED_EDGE('',*,*,#2741,.F.);
#1624=ORIENTED_EDGE('',*,*,#2744,.T.);
#1625=ORIENTED_EDGE('',*,*,#2743,.F.);
#1626=ORIENTED_EDGE('',*,*,#2740,.F.);
#1627=ORIENTED_EDGE('',*,*,#2742,.T.);
#1628=ORIENTED_EDGE('',*,*,#2748,.T.);
#1629=ORIENTED_EDGE('',*,*,#2745,.T.);
#1630=ORIENTED_EDGE('',*,*,#2747,.T.);
#1631=ORIENTED_EDGE('',*,*,#2746,.F.);
#1632=ORIENTED_EDGE('',*,*,#2749,.T.);
#1633=ORIENTED_EDGE('',*,*,#2741,.T.);
#1634=ORIENTED_EDGE('',*,*,#2750,.F.);
#1635=ORIENTED_EDGE('',*,*,#2747,.F.);
#1636=ORIENTED_EDGE('',*,*,#2744,.F.);
#1637=ORIENTED_EDGE('',*,*,#2752,.F.);
#1638=ORIENTED_EDGE('',*,*,#2748,.F.);
#1639=ORIENTED_EDGE('',*,*,#2751,.T.);
#1640=ORIENTED_EDGE('',*,*,#2845,.F.);
#1641=ORIENTED_EDGE('',*,*,#2766,.F.);
#1642=ORIENTED_EDGE('',*,*,#2753,.T.);
#1643=ORIENTED_EDGE('',*,*,#2834,.T.);
#1644=ORIENTED_EDGE('',*,*,#2753,.F.);
#1645=ORIENTED_EDGE('',*,*,#2754,.T.);
#1646=ORIENTED_EDGE('',*,*,#2835,.F.);
#1647=ORIENTED_EDGE('',*,*,#2833,.F.);
#1648=ORIENTED_EDGE('',*,*,#2746,.T.);
#1649=ORIENTED_EDGE('',*,*,#2750,.T.);
#1650=ORIENTED_EDGE('',*,*,#2739,.T.);
#1651=ORIENTED_EDGE('',*,*,#2743,.T.);
#1652=ORIENTED_EDGE('',*,*,#2751,.F.);
#1653=ORIENTED_EDGE('',*,*,#2734,.F.);
#1654=ORIENTED_EDGE('',*,*,#2718,.T.);
#1655=ORIENTED_EDGE('',*,*,#2733,.F.);
#1656=ORIENTED_EDGE('',*,*,#2757,.F.);
#1657=ORIENTED_EDGE('',*,*,#2756,.T.);
#1658=ORIENTED_EDGE('',*,*,#2694,.F.);
#1659=ORIENTED_EDGE('',*,*,#2759,.T.);
#1660=ORIENTED_EDGE('',*,*,#2837,.F.);
#1661=ORIENTED_EDGE('',*,*,#2836,.F.);
#1662=ORIENTED_EDGE('',*,*,#2700,.F.);
#1663=ORIENTED_EDGE('',*,*,#2761,.T.);
#1664=ORIENTED_EDGE('',*,*,#2839,.F.);
#1665=ORIENTED_EDGE('',*,*,#2838,.F.);
#1666=ORIENTED_EDGE('',*,*,#2840,.T.);
#1667=ORIENTED_EDGE('',*,*,#2763,.F.);
#1668=ORIENTED_EDGE('',*,*,#2762,.F.);
#1669=ORIENTED_EDGE('',*,*,#2830,.F.);
#1670=ORIENTED_EDGE('',*,*,#2842,.T.);
#1671=ORIENTED_EDGE('',*,*,#2765,.F.);
#1672=ORIENTED_EDGE('',*,*,#2764,.F.);
#1673=ORIENTED_EDGE('',*,*,#2826,.F.);
#1674=ORIENTED_EDGE('',*,*,#2844,.T.);
#1675=ORIENTED_EDGE('',*,*,#2711,.F.);
#1676=ORIENTED_EDGE('',*,*,#2767,.F.);
#1677=ORIENTED_EDGE('',*,*,#2766,.T.);
#1678=ORIENTED_EDGE('',*,*,#2846,.T.);
#1679=ORIENTED_EDGE('',*,*,#2708,.F.);
#1680=ORIENTED_EDGE('',*,*,#2768,.F.);
#1681=ORIENTED_EDGE('',*,*,#2691,.T.);
#1682=ORIENTED_EDGE('',*,*,#2848,.T.);
#1683=ORIENTED_EDGE('',*,*,#2707,.F.);
#1684=ORIENTED_EDGE('',*,*,#2769,.F.);
#1685=ORIENTED_EDGE('',*,*,#2685,.T.);
#1686=ORIENTED_EDGE('',*,*,#2850,.T.);
#1687=ORIENTED_EDGE('',*,*,#2706,.F.);
#1688=ORIENTED_EDGE('',*,*,#2770,.F.);
#1689=ORIENTED_EDGE('',*,*,#2703,.T.);
#1690=ORIENTED_EDGE('',*,*,#2852,.T.);
#1691=ORIENTED_EDGE('',*,*,#2705,.F.);
#1692=ORIENTED_EDGE('',*,*,#2771,.F.);
#1693=ORIENTED_EDGE('',*,*,#2697,.T.);
#1694=ORIENTED_EDGE('',*,*,#2855,.T.);
#1695=ORIENTED_EDGE('',*,*,#2772,.T.);
#1696=ORIENTED_EDGE('',*,*,#2856,.F.);
#1697=ORIENTED_EDGE('',*,*,#2854,.F.);
#1698=ORIENTED_EDGE('',*,*,#2858,.T.);
#1699=ORIENTED_EDGE('',*,*,#2774,.T.);
#1700=ORIENTED_EDGE('',*,*,#2859,.F.);
#1701=ORIENTED_EDGE('',*,*,#2857,.F.);
#1702=ORIENTED_EDGE('',*,*,#2682,.F.);
#1703=ORIENTED_EDGE('',*,*,#2777,.T.);
#1704=ORIENTED_EDGE('',*,*,#2861,.F.);
#1705=ORIENTED_EDGE('',*,*,#2860,.F.);
#1706=ORIENTED_EDGE('',*,*,#2763,.T.);
#1707=ORIENTED_EDGE('',*,*,#2841,.T.);
#1708=ORIENTED_EDGE('',*,*,#2855,.F.);
#1709=ORIENTED_EDGE('',*,*,#2773,.F.);
#1710=ORIENTED_EDGE('',*,*,#2765,.T.);
#1711=ORIENTED_EDGE('',*,*,#2843,.T.);
#1712=ORIENTED_EDGE('',*,*,#2858,.F.);
#1713=ORIENTED_EDGE('',*,*,#2775,.F.);
#1714=ORIENTED_EDGE('',*,*,#2780,.F.);
#1715=ORIENTED_EDGE('',*,*,#2778,.T.);
#1716=ORIENTED_EDGE('',*,*,#2863,.F.);
#1717=ORIENTED_EDGE('',*,*,#2862,.F.);
#1718=ORIENTED_EDGE('',*,*,#2783,.F.);
#1719=ORIENTED_EDGE('',*,*,#2781,.T.);
#1720=ORIENTED_EDGE('',*,*,#2866,.F.);
#1721=ORIENTED_EDGE('',*,*,#2865,.F.);
#1722=ORIENTED_EDGE('',*,*,#2784,.F.);
#1723=ORIENTED_EDGE('',*,*,#2785,.T.);
#1724=ORIENTED_EDGE('',*,*,#2731,.T.);
#1725=ORIENTED_EDGE('',*,*,#2725,.F.);
#1726=ORIENTED_EDGE('',*,*,#2782,.T.);
#1727=ORIENTED_EDGE('',*,*,#2866,.T.);
#1728=ORIENTED_EDGE('',*,*,#2780,.T.);
#1729=ORIENTED_EDGE('',*,*,#2864,.T.);
#1730=ORIENTED_EDGE('',*,*,#2867,.T.);
#1731=ORIENTED_EDGE('',*,*,#2786,.T.);
#1732=ORIENTED_EDGE('',*,*,#2787,.T.);
#1733=ORIENTED_EDGE('',*,*,#2868,.F.);
#1734=ORIENTED_EDGE('',*,*,#2863,.T.);
#1735=ORIENTED_EDGE('',*,*,#2788,.T.);
#1736=ORIENTED_EDGE('',*,*,#2789,.T.);
#1737=ORIENTED_EDGE('',*,*,#2870,.F.);
#1738=ORIENTED_EDGE('',*,*,#2872,.T.);
#1739=ORIENTED_EDGE('',*,*,#2874,.T.);
#1740=ORIENTED_EDGE('',*,*,#2790,.F.);
#1741=ORIENTED_EDGE('',*,*,#2873,.F.);
#1742=ORIENTED_EDGE('',*,*,#2875,.T.);
#1743=ORIENTED_EDGE('',*,*,#2877,.T.);
#1744=ORIENTED_EDGE('',*,*,#2792,.F.);
#1745=ORIENTED_EDGE('',*,*,#2876,.F.);
#1746=ORIENTED_EDGE('',*,*,#2869,.F.);
#1747=ORIENTED_EDGE('',*,*,#2787,.F.);
#1748=ORIENTED_EDGE('',*,*,#2791,.T.);
#1749=ORIENTED_EDGE('',*,*,#2873,.T.);
#1750=ORIENTED_EDGE('',*,*,#2871,.F.);
#1751=ORIENTED_EDGE('',*,*,#2789,.F.);
#1752=ORIENTED_EDGE('',*,*,#2793,.T.);
#1753=ORIENTED_EDGE('',*,*,#2876,.T.);
#1754=ORIENTED_EDGE('',*,*,#2742,.F.);
#1755=ORIENTED_EDGE('',*,*,#2738,.F.);
#1756=ORIENTED_EDGE('',*,*,#2749,.F.);
#1757=ORIENTED_EDGE('',*,*,#2745,.F.);
#1758=ORIENTED_EDGE('',*,*,#2752,.T.);
#1759=ORIENTED_EDGE('',*,*,#2736,.T.);
#1760=ORIENTED_EDGE('',*,*,#2832,.T.);
#1761=ORIENTED_EDGE('',*,*,#2755,.T.);
#1762=ORIENTED_EDGE('',*,*,#2835,.T.);
#1763=ORIENTED_EDGE('',*,*,#2758,.T.);
#1764=ORIENTED_EDGE('',*,*,#2837,.T.);
#1765=ORIENTED_EDGE('',*,*,#2760,.T.);
#1766=ORIENTED_EDGE('',*,*,#2839,.T.);
#1767=ORIENTED_EDGE('',*,*,#2794,.T.);
#1768=ORIENTED_EDGE('',*,*,#2856,.T.);
#1769=ORIENTED_EDGE('',*,*,#2795,.T.);
#1770=ORIENTED_EDGE('',*,*,#2859,.T.);
#1771=ORIENTED_EDGE('',*,*,#2776,.T.);
#1772=ORIENTED_EDGE('',*,*,#2861,.T.);
#1773=ORIENTED_EDGE('',*,*,#2874,.F.);
#1774=ORIENTED_EDGE('',*,*,#2796,.F.);
#1775=ORIENTED_EDGE('',*,*,#2877,.F.);
#1776=ORIENTED_EDGE('',*,*,#2797,.F.);
#1777=ORIENTED_EDGE('',*,*,#2727,.F.);
#1778=ORIENTED_EDGE('',*,*,#2723,.F.);
#1779=ORIENTED_EDGE('',*,*,#2722,.T.);
#1780=ORIENTED_EDGE('',*,*,#2784,.T.);
#1781=ORIENTED_EDGE('',*,*,#2724,.T.);
#1782=ORIENTED_EDGE('',*,*,#2707,.T.);
#1783=ORIENTED_EDGE('',*,*,#2849,.T.);
#1784=ORIENTED_EDGE('',*,*,#2706,.T.);
#1785=ORIENTED_EDGE('',*,*,#2851,.T.);
#1786=ORIENTED_EDGE('',*,*,#2705,.T.);
#1787=ORIENTED_EDGE('',*,*,#2853,.T.);
#1788=ORIENTED_EDGE('',*,*,#2823,.F.);
#1789=ORIENTED_EDGE('',*,*,#2710,.F.);
#1790=ORIENTED_EDGE('',*,*,#2708,.T.);
#1791=ORIENTED_EDGE('',*,*,#2847,.T.);
#1792=ORIENTED_EDGE('',*,*,#2798,.T.);
#1793=ORIENTED_EDGE('',*,*,#2799,.T.);
#1794=ORIENTED_EDGE('',*,*,#2681,.F.);
#1795=ORIENTED_EDGE('',*,*,#2800,.F.);
#1796=ORIENTED_EDGE('',*,*,#2801,.T.);
#1797=ORIENTED_EDGE('',*,*,#2685,.F.);
#1798=ORIENTED_EDGE('',*,*,#2684,.F.);
#1799=ORIENTED_EDGE('',*,*,#2803,.F.);
#1800=ORIENTED_EDGE('',*,*,#2804,.T.);
#1801=ORIENTED_EDGE('',*,*,#2805,.T.);
#1802=ORIENTED_EDGE('',*,*,#2687,.F.);
#1803=ORIENTED_EDGE('',*,*,#2806,.F.);
#1804=ORIENTED_EDGE('',*,*,#2807,.T.);
#1805=ORIENTED_EDGE('',*,*,#2691,.F.);
#1806=ORIENTED_EDGE('',*,*,#2690,.F.);
#1807=ORIENTED_EDGE('',*,*,#2809,.F.);
#1808=ORIENTED_EDGE('',*,*,#2810,.T.);
#1809=ORIENTED_EDGE('',*,*,#2811,.T.);
#1810=ORIENTED_EDGE('',*,*,#2693,.F.);
#1811=ORIENTED_EDGE('',*,*,#2812,.F.);
#1812=ORIENTED_EDGE('',*,*,#2813,.T.);
#1813=ORIENTED_EDGE('',*,*,#2697,.F.);
#1814=ORIENTED_EDGE('',*,*,#2696,.F.);
#1815=ORIENTED_EDGE('',*,*,#2815,.F.);
#1816=ORIENTED_EDGE('',*,*,#2816,.T.);
#1817=ORIENTED_EDGE('',*,*,#2817,.T.);
#1818=ORIENTED_EDGE('',*,*,#2699,.F.);
#1819=ORIENTED_EDGE('',*,*,#2818,.F.);
#1820=ORIENTED_EDGE('',*,*,#2819,.T.);
#1821=ORIENTED_EDGE('',*,*,#2703,.F.);
#1822=ORIENTED_EDGE('',*,*,#2702,.F.);
#1823=ORIENTED_EDGE('',*,*,#2821,.F.);
#1824=ORIENTED_EDGE('',*,*,#2824,.T.);
#1825=ORIENTED_EDGE('',*,*,#2709,.T.);
#1826=ORIENTED_EDGE('',*,*,#2710,.T.);
#1827=ORIENTED_EDGE('',*,*,#2822,.F.);
#1828=ORIENTED_EDGE('',*,*,#2827,.T.);
#1829=ORIENTED_EDGE('',*,*,#2712,.T.);
#1830=ORIENTED_EDGE('',*,*,#2713,.T.);
#1831=ORIENTED_EDGE('',*,*,#2825,.F.);
#1832=ORIENTED_EDGE('',*,*,#2830,.T.);
#1833=ORIENTED_EDGE('',*,*,#2715,.T.);
#1834=ORIENTED_EDGE('',*,*,#2716,.T.);
#1835=ORIENTED_EDGE('',*,*,#2828,.F.);
#1836=ORIENTED_EDGE('',*,*,#2831,.T.);
#1837=ORIENTED_EDGE('',*,*,#2736,.F.);
#1838=ORIENTED_EDGE('',*,*,#2737,.F.);
#1839=ORIENTED_EDGE('',*,*,#2805,.F.);
#1840=ORIENTED_EDGE('',*,*,#2833,.T.);
#1841=ORIENTED_EDGE('',*,*,#2755,.F.);
#1842=ORIENTED_EDGE('',*,*,#2754,.F.);
#1843=ORIENTED_EDGE('',*,*,#2834,.F.);
#1844=ORIENTED_EDGE('',*,*,#2836,.T.);
#1845=ORIENTED_EDGE('',*,*,#2758,.F.);
#1846=ORIENTED_EDGE('',*,*,#2759,.F.);
#1847=ORIENTED_EDGE('',*,*,#2811,.F.);
#1848=ORIENTED_EDGE('',*,*,#2838,.T.);
#1849=ORIENTED_EDGE('',*,*,#2760,.F.);
#1850=ORIENTED_EDGE('',*,*,#2761,.F.);
#1851=ORIENTED_EDGE('',*,*,#2817,.F.);
#1852=ORIENTED_EDGE('',*,*,#2717,.F.);
#1853=ORIENTED_EDGE('',*,*,#2762,.T.);
#1854=ORIENTED_EDGE('',*,*,#2841,.F.);
#1855=ORIENTED_EDGE('',*,*,#2840,.F.);
#1856=ORIENTED_EDGE('',*,*,#2713,.F.);
#1857=ORIENTED_EDGE('',*,*,#2764,.T.);
#1858=ORIENTED_EDGE('',*,*,#2843,.F.);
#1859=ORIENTED_EDGE('',*,*,#2842,.F.);
#1860=ORIENTED_EDGE('',*,*,#2845,.T.);
#1861=ORIENTED_EDGE('',*,*,#2767,.T.);
#1862=ORIENTED_EDGE('',*,*,#2824,.F.);
#1863=ORIENTED_EDGE('',*,*,#2844,.F.);
#1864=ORIENTED_EDGE('',*,*,#2808,.T.);
#1865=ORIENTED_EDGE('',*,*,#2768,.T.);
#1866=ORIENTED_EDGE('',*,*,#2847,.F.);
#1867=ORIENTED_EDGE('',*,*,#2846,.F.);
#1868=ORIENTED_EDGE('',*,*,#2802,.T.);
#1869=ORIENTED_EDGE('',*,*,#2769,.T.);
#1870=ORIENTED_EDGE('',*,*,#2849,.F.);
#1871=ORIENTED_EDGE('',*,*,#2848,.F.);
#1872=ORIENTED_EDGE('',*,*,#2820,.T.);
#1873=ORIENTED_EDGE('',*,*,#2770,.T.);
#1874=ORIENTED_EDGE('',*,*,#2851,.F.);
#1875=ORIENTED_EDGE('',*,*,#2850,.F.);
#1876=ORIENTED_EDGE('',*,*,#2814,.T.);
#1877=ORIENTED_EDGE('',*,*,#2771,.T.);
#1878=ORIENTED_EDGE('',*,*,#2853,.F.);
#1879=ORIENTED_EDGE('',*,*,#2852,.F.);
#1880=ORIENTED_EDGE('',*,*,#2854,.T.);
#1881=ORIENTED_EDGE('',*,*,#2794,.F.);
#1882=ORIENTED_EDGE('',*,*,#2772,.F.);
#1883=ORIENTED_EDGE('',*,*,#2773,.T.);
#1884=ORIENTED_EDGE('',*,*,#2857,.T.);
#1885=ORIENTED_EDGE('',*,*,#2795,.F.);
#1886=ORIENTED_EDGE('',*,*,#2774,.F.);
#1887=ORIENTED_EDGE('',*,*,#2775,.T.);
#1888=ORIENTED_EDGE('',*,*,#2860,.T.);
#1889=ORIENTED_EDGE('',*,*,#2776,.F.);
#1890=ORIENTED_EDGE('',*,*,#2777,.F.);
#1891=ORIENTED_EDGE('',*,*,#2799,.F.);
#1892=ORIENTED_EDGE('',*,*,#2862,.T.);
#1893=ORIENTED_EDGE('',*,*,#2779,.F.);
#1894=ORIENTED_EDGE('',*,*,#2778,.F.);
#1895=ORIENTED_EDGE('',*,*,#2864,.F.);
#1896=ORIENTED_EDGE('',*,*,#2865,.T.);
#1897=ORIENTED_EDGE('',*,*,#2782,.F.);
#1898=ORIENTED_EDGE('',*,*,#2781,.F.);
#1899=ORIENTED_EDGE('',*,*,#2867,.F.);
#1900=ORIENTED_EDGE('',*,*,#2868,.T.);
#1901=ORIENTED_EDGE('',*,*,#2869,.T.);
#1902=ORIENTED_EDGE('',*,*,#2786,.F.);
#1903=ORIENTED_EDGE('',*,*,#2783,.T.);
#1904=ORIENTED_EDGE('',*,*,#2870,.T.);
#1905=ORIENTED_EDGE('',*,*,#2871,.T.);
#1906=ORIENTED_EDGE('',*,*,#2788,.F.);
#1907=ORIENTED_EDGE('',*,*,#2779,.T.);
#1908=ORIENTED_EDGE('',*,*,#2791,.F.);
#1909=ORIENTED_EDGE('',*,*,#2790,.T.);
#1910=ORIENTED_EDGE('',*,*,#2796,.T.);
#1911=ORIENTED_EDGE('',*,*,#2872,.F.);
#1912=ORIENTED_EDGE('',*,*,#2793,.F.);
#1913=ORIENTED_EDGE('',*,*,#2792,.T.);
#1914=ORIENTED_EDGE('',*,*,#2797,.T.);
#1915=ORIENTED_EDGE('',*,*,#2875,.F.);
#1916=ORIENTED_EDGE('',*,*,#2878,.T.);
#1917=ORIENTED_EDGE('',*,*,#2879,.T.);
#1918=ORIENTED_EDGE('',*,*,#2880,.T.);
#1919=ORIENTED_EDGE('',*,*,#2881,.T.);
#1920=ORIENTED_EDGE('',*,*,#2882,.T.);
#1921=ORIENTED_EDGE('',*,*,#2922,.T.);
#1922=ORIENTED_EDGE('',*,*,#2926,.T.);
#1923=ORIENTED_EDGE('',*,*,#2925,.T.);
#1924=ORIENTED_EDGE('',*,*,#2924,.T.);
#1925=ORIENTED_EDGE('',*,*,#2923,.T.);
#1926=ORIENTED_EDGE('',*,*,#2888,.T.);
#1927=ORIENTED_EDGE('',*,*,#2878,.F.);
#1928=ORIENTED_EDGE('',*,*,#2891,.F.);
#1929=ORIENTED_EDGE('',*,*,#2887,.F.);
#1930=ORIENTED_EDGE('',*,*,#2889,.T.);
#1931=ORIENTED_EDGE('',*,*,#2879,.F.);
#1932=ORIENTED_EDGE('',*,*,#2888,.F.);
#1933=ORIENTED_EDGE('',*,*,#2886,.F.);
#1934=ORIENTED_EDGE('',*,*,#2890,.T.);
#1935=ORIENTED_EDGE('',*,*,#2880,.F.);
#1936=ORIENTED_EDGE('',*,*,#2889,.F.);
#1937=ORIENTED_EDGE('',*,*,#2885,.F.);
#1938=ORIENTED_EDGE('',*,*,#2892,.T.);
#1939=ORIENTED_EDGE('',*,*,#2881,.F.);
#1940=ORIENTED_EDGE('',*,*,#2890,.F.);
#1941=ORIENTED_EDGE('',*,*,#2884,.F.);
#1942=ORIENTED_EDGE('',*,*,#2891,.T.);
#1943=ORIENTED_EDGE('',*,*,#2882,.F.);
#1944=ORIENTED_EDGE('',*,*,#2892,.F.);
#1945=ORIENTED_EDGE('',*,*,#2883,.F.);
#1946=ORIENTED_EDGE('',*,*,#2883,.T.);
#1947=ORIENTED_EDGE('',*,*,#2884,.T.);
#1948=ORIENTED_EDGE('',*,*,#2885,.T.);
#1949=ORIENTED_EDGE('',*,*,#2886,.T.);
#1950=ORIENTED_EDGE('',*,*,#2887,.T.);
#1951=ORIENTED_EDGE('',*,*,#2898,.T.);
#1952=ORIENTED_EDGE('',*,*,#2897,.T.);
#1953=ORIENTED_EDGE('',*,*,#2902,.T.);
#1954=ORIENTED_EDGE('',*,*,#2901,.T.);
#1955=ORIENTED_EDGE('',*,*,#2900,.T.);
#1956=ORIENTED_EDGE('',*,*,#2899,.T.);
#1957=ORIENTED_EDGE('',*,*,#2906,.F.);
#1958=ORIENTED_EDGE('',*,*,#2903,.T.);
#1959=ORIENTED_EDGE('',*,*,#2907,.T.);
#1960=ORIENTED_EDGE('',*,*,#2897,.F.);
#1961=ORIENTED_EDGE('',*,*,#2908,.F.);
#1962=ORIENTED_EDGE('',*,*,#2927,.T.);
#1963=ORIENTED_EDGE('',*,*,#2906,.T.);
#1964=ORIENTED_EDGE('',*,*,#2898,.F.);
#1965=ORIENTED_EDGE('',*,*,#2904,.T.);
#1966=ORIENTED_EDGE('',*,*,#2908,.T.);
#1967=ORIENTED_EDGE('',*,*,#2899,.F.);
#1968=ORIENTED_EDGE('',*,*,#2909,.F.);
#1969=ORIENTED_EDGE('',*,*,#2910,.F.);
#1970=ORIENTED_EDGE('',*,*,#2928,.T.);
#1971=ORIENTED_EDGE('',*,*,#2909,.T.);
#1972=ORIENTED_EDGE('',*,*,#2900,.F.);
#1973=ORIENTED_EDGE('',*,*,#2911,.F.);
#1974=ORIENTED_EDGE('',*,*,#2905,.T.);
#1975=ORIENTED_EDGE('',*,*,#2910,.T.);
#1976=ORIENTED_EDGE('',*,*,#2901,.F.);
#1977=ORIENTED_EDGE('',*,*,#2907,.F.);
#1978=ORIENTED_EDGE('',*,*,#2929,.T.);
#1979=ORIENTED_EDGE('',*,*,#2911,.T.);
#1980=ORIENTED_EDGE('',*,*,#2902,.F.);
#1981=ORIENTED_EDGE('',*,*,#2913,.F.);
#1982=ORIENTED_EDGE('',*,*,#2912,.F.);
#1983=ORIENTED_EDGE('',*,*,#2914,.T.);
#1984=ORIENTED_EDGE('',*,*,#2922,.F.);
#1985=ORIENTED_EDGE('',*,*,#2916,.F.);
#1986=ORIENTED_EDGE('',*,*,#2915,.F.);
#1987=ORIENTED_EDGE('',*,*,#2913,.T.);
#1988=ORIENTED_EDGE('',*,*,#2923,.F.);
#1989=ORIENTED_EDGE('',*,*,#2918,.F.);
#1990=ORIENTED_EDGE('',*,*,#2917,.F.);
#1991=ORIENTED_EDGE('',*,*,#2916,.T.);
#1992=ORIENTED_EDGE('',*,*,#2924,.F.);
#1993=ORIENTED_EDGE('',*,*,#2920,.F.);
#1994=ORIENTED_EDGE('',*,*,#2919,.F.);
#1995=ORIENTED_EDGE('',*,*,#2918,.T.);
#1996=ORIENTED_EDGE('',*,*,#2925,.F.);
#1997=ORIENTED_EDGE('',*,*,#2914,.F.);
#1998=ORIENTED_EDGE('',*,*,#2921,.F.);
#1999=ORIENTED_EDGE('',*,*,#2920,.T.);
#2000=ORIENTED_EDGE('',*,*,#2926,.F.);
#2001=ORIENTED_EDGE('',*,*,#2912,.T.);
#2002=ORIENTED_EDGE('',*,*,#2915,.T.);
#2003=ORIENTED_EDGE('',*,*,#2917,.T.);
#2004=ORIENTED_EDGE('',*,*,#2919,.T.);
#2005=ORIENTED_EDGE('',*,*,#2921,.T.);
#2006=ORIENTED_EDGE('',*,*,#2895,.T.);
#2007=ORIENTED_EDGE('',*,*,#2893,.T.);
#2008=ORIENTED_EDGE('',*,*,#2894,.T.);
#2009=ORIENTED_EDGE('',*,*,#2896,.T.);
#2010=ORIENTED_EDGE('',*,*,#2929,.F.);
#2011=ORIENTED_EDGE('',*,*,#2903,.F.);
#2012=ORIENTED_EDGE('',*,*,#2927,.F.);
#2013=ORIENTED_EDGE('',*,*,#2904,.F.);
#2014=ORIENTED_EDGE('',*,*,#2928,.F.);
#2015=ORIENTED_EDGE('',*,*,#2905,.F.);
#2016=ORIENTED_EDGE('',*,*,#2951,.F.);
#2017=ORIENTED_EDGE('',*,*,#2947,.F.);
#2018=ORIENTED_EDGE('',*,*,#2957,.F.);
#2019=ORIENTED_EDGE('',*,*,#2953,.F.);
#2020=ORIENTED_EDGE('',*,*,#2965,.T.);
#2021=ORIENTED_EDGE('',*,*,#2966,.T.);
#2022=ORIENTED_EDGE('',*,*,#2968,.T.);
#2023=ORIENTED_EDGE('',*,*,#2969,.T.);
#2024=ORIENTED_EDGE('',*,*,#2972,.F.);
#2025=ORIENTED_EDGE('',*,*,#2971,.F.);
#2026=ORIENTED_EDGE('',*,*,#2975,.F.);
#2027=ORIENTED_EDGE('',*,*,#2974,.F.);
#2028=ORIENTED_EDGE('',*,*,#2981,.F.);
#2029=ORIENTED_EDGE('',*,*,#2977,.F.);
#2030=ORIENTED_EDGE('',*,*,#2987,.F.);
#2031=ORIENTED_EDGE('',*,*,#2983,.F.);
#2032=ORIENTED_EDGE('',*,*,#2933,.F.);
#2033=ORIENTED_EDGE('',*,*,#2930,.T.);
#2034=ORIENTED_EDGE('',*,*,#2931,.T.);
#2035=ORIENTED_EDGE('',*,*,#2932,.F.);
#2036=ORIENTED_EDGE('',*,*,#2931,.F.);
#2037=ORIENTED_EDGE('',*,*,#2934,.T.);
#2038=ORIENTED_EDGE('',*,*,#2935,.T.);
#2039=ORIENTED_EDGE('',*,*,#2941,.F.);
#2040=ORIENTED_EDGE('',*,*,#2935,.F.);
#2041=ORIENTED_EDGE('',*,*,#2937,.T.);
#2042=ORIENTED_EDGE('',*,*,#2938,.T.);
#2043=ORIENTED_EDGE('',*,*,#2936,.F.);
#2044=ORIENTED_EDGE('',*,*,#2938,.F.);
#2045=ORIENTED_EDGE('',*,*,#2940,.T.);
#2046=ORIENTED_EDGE('',*,*,#2933,.T.);
#2047=ORIENTED_EDGE('',*,*,#2939,.F.);
#2048=ORIENTED_EDGE('',*,*,#2940,.F.);
#2049=ORIENTED_EDGE('',*,*,#2937,.F.);
#2050=ORIENTED_EDGE('',*,*,#2934,.F.);
#2051=ORIENTED_EDGE('',*,*,#2930,.F.);
#2052=ORIENTED_EDGE('',*,*,#2962,.F.);
#2053=ORIENTED_EDGE('',*,*,#2958,.F.);
#2054=ORIENTED_EDGE('',*,*,#2932,.T.);
#2055=ORIENTED_EDGE('',*,*,#2942,.T.);
#2056=ORIENTED_EDGE('',*,*,#2896,.F.);
#2057=ORIENTED_EDGE('',*,*,#2943,.T.);
#2058=ORIENTED_EDGE('',*,*,#2941,.T.);
#2059=ORIENTED_EDGE('',*,*,#2944,.T.);
#2060=ORIENTED_EDGE('',*,*,#2895,.F.);
#2061=ORIENTED_EDGE('',*,*,#2942,.F.);
#2062=ORIENTED_EDGE('',*,*,#2936,.T.);
#2063=ORIENTED_EDGE('',*,*,#2945,.F.);
#2064=ORIENTED_EDGE('',*,*,#2893,.F.);
#2065=ORIENTED_EDGE('',*,*,#2944,.F.);
#2066=ORIENTED_EDGE('',*,*,#2939,.T.);
#2067=ORIENTED_EDGE('',*,*,#2943,.F.);
#2068=ORIENTED_EDGE('',*,*,#2894,.F.);
#2069=ORIENTED_EDGE('',*,*,#2945,.T.);
#2070=ORIENTED_EDGE('',*,*,#2946,.T.);
#2071=ORIENTED_EDGE('',*,*,#2949,.T.);
#2072=ORIENTED_EDGE('',*,*,#2947,.T.);
#2073=ORIENTED_EDGE('',*,*,#2948,.T.);
#2074=ORIENTED_EDGE('',*,*,#2950,.F.);
#2075=ORIENTED_EDGE('',*,*,#2946,.F.);
#2076=ORIENTED_EDGE('',*,*,#2950,.T.);
#2077=ORIENTED_EDGE('',*,*,#2948,.F.);
#2078=ORIENTED_EDGE('',*,*,#2951,.T.);
#2079=ORIENTED_EDGE('',*,*,#2949,.F.);
#2080=ORIENTED_EDGE('',*,*,#2952,.T.);
#2081=ORIENTED_EDGE('',*,*,#2955,.T.);
#2082=ORIENTED_EDGE('',*,*,#2953,.T.);
#2083=ORIENTED_EDGE('',*,*,#2954,.T.);
#2084=ORIENTED_EDGE('',*,*,#2956,.F.);
#2085=ORIENTED_EDGE('',*,*,#2952,.F.);
#2086=ORIENTED_EDGE('',*,*,#2956,.T.);
#2087=ORIENTED_EDGE('',*,*,#2954,.F.);
#2088=ORIENTED_EDGE('',*,*,#2957,.T.);
#2089=ORIENTED_EDGE('',*,*,#2955,.F.);
#2090=ORIENTED_EDGE('',*,*,#2961,.T.);
#2091=ORIENTED_EDGE('',*,*,#2958,.T.);
#2092=ORIENTED_EDGE('',*,*,#2960,.T.);
#2093=ORIENTED_EDGE('',*,*,#2963,.F.);
#2094=ORIENTED_EDGE('',*,*,#2959,.T.);
#2095=ORIENTED_EDGE('',*,*,#3016,.F.);
#2096=ORIENTED_EDGE('',*,*,#3018,.T.);
#2097=ORIENTED_EDGE('',*,*,#2960,.F.);
#2098=ORIENTED_EDGE('',*,*,#2962,.T.);
#2099=ORIENTED_EDGE('',*,*,#2961,.F.);
#2100=ORIENTED_EDGE('',*,*,#2976,.T.);
#2101=ORIENTED_EDGE('',*,*,#2979,.T.);
#2102=ORIENTED_EDGE('',*,*,#2977,.T.);
#2103=ORIENTED_EDGE('',*,*,#2978,.T.);
#2104=ORIENTED_EDGE('',*,*,#2980,.F.);
#2105=ORIENTED_EDGE('',*,*,#2976,.F.);
#2106=ORIENTED_EDGE('',*,*,#2980,.T.);
#2107=ORIENTED_EDGE('',*,*,#2978,.F.);
#2108=ORIENTED_EDGE('',*,*,#2981,.T.);
#2109=ORIENTED_EDGE('',*,*,#2979,.F.);
#2110=ORIENTED_EDGE('',*,*,#2982,.T.);
#2111=ORIENTED_EDGE('',*,*,#2985,.T.);
#2112=ORIENTED_EDGE('',*,*,#2983,.T.);
#2113=ORIENTED_EDGE('',*,*,#2984,.T.);
#2114=ORIENTED_EDGE('',*,*,#2986,.F.);
#2115=ORIENTED_EDGE('',*,*,#2982,.F.);
#2116=ORIENTED_EDGE('',*,*,#2986,.T.);
#2117=ORIENTED_EDGE('',*,*,#2984,.F.);
#2118=ORIENTED_EDGE('',*,*,#2987,.T.);
#2119=ORIENTED_EDGE('',*,*,#2985,.F.);
#2120=ORIENTED_EDGE('',*,*,#2992,.T.);
#2121=ORIENTED_EDGE('',*,*,#2971,.T.);
#2122=ORIENTED_EDGE('',*,*,#2970,.T.);
#2123=ORIENTED_EDGE('',*,*,#2989,.F.);
#2124=ORIENTED_EDGE('',*,*,#2970,.F.);
#2125=ORIENTED_EDGE('',*,*,#2972,.T.);
#2126=ORIENTED_EDGE('',*,*,#2992,.F.);
#2127=ORIENTED_EDGE('',*,*,#3006,.F.);
#2128=ORIENTED_EDGE('',*,*,#2993,.T.);
#2129=ORIENTED_EDGE('',*,*,#2974,.T.);
#2130=ORIENTED_EDGE('',*,*,#2973,.T.);
#2131=ORIENTED_EDGE('',*,*,#2991,.F.);
#2132=ORIENTED_EDGE('',*,*,#2973,.F.);
#2133=ORIENTED_EDGE('',*,*,#2975,.T.);
#2134=ORIENTED_EDGE('',*,*,#2993,.F.);
#2135=ORIENTED_EDGE('',*,*,#3002,.F.);
#2136=ORIENTED_EDGE('',*,*,#3007,.T.);
#2137=ORIENTED_EDGE('',*,*,#3004,.T.);
#2138=ORIENTED_EDGE('',*,*,#3003,.T.);
#2139=ORIENTED_EDGE('',*,*,#3000,.T.);
#2140=ORIENTED_EDGE('',*,*,#2994,.T.);
#2141=ORIENTED_EDGE('',*,*,#2964,.F.);
#2142=ORIENTED_EDGE('',*,*,#2965,.F.);
#2143=ORIENTED_EDGE('',*,*,#2998,.F.);
#2144=ORIENTED_EDGE('',*,*,#3010,.T.);
#2145=ORIENTED_EDGE('',*,*,#2998,.T.);
#2146=ORIENTED_EDGE('',*,*,#2966,.F.);
#2147=ORIENTED_EDGE('',*,*,#2964,.T.);
#2148=ORIENTED_EDGE('',*,*,#2997,.T.);
#2149=ORIENTED_EDGE('',*,*,#2967,.F.);
#2150=ORIENTED_EDGE('',*,*,#2968,.F.);
#2151=ORIENTED_EDGE('',*,*,#2999,.F.);
#2152=ORIENTED_EDGE('',*,*,#3014,.T.);
#2153=ORIENTED_EDGE('',*,*,#2999,.T.);
#2154=ORIENTED_EDGE('',*,*,#2969,.F.);
#2155=ORIENTED_EDGE('',*,*,#2967,.T.);
#2156=ORIENTED_EDGE('',*,*,#3008,.F.);
#2157=ORIENTED_EDGE('',*,*,#3011,.F.);
#2158=ORIENTED_EDGE('',*,*,#3012,.F.);
#2159=ORIENTED_EDGE('',*,*,#3015,.F.);
#2160=ORIENTED_EDGE('',*,*,#2991,.T.);
#2161=ORIENTED_EDGE('',*,*,#3001,.T.);
#2162=ORIENTED_EDGE('',*,*,#3000,.F.);
#2163=ORIENTED_EDGE('',*,*,#2990,.T.);
#2164=ORIENTED_EDGE('',*,*,#3002,.T.);
#2165=ORIENTED_EDGE('',*,*,#2990,.F.);
#2166=ORIENTED_EDGE('',*,*,#3003,.F.);
#2167=ORIENTED_EDGE('',*,*,#3001,.F.);
#2168=ORIENTED_EDGE('',*,*,#2989,.T.);
#2169=ORIENTED_EDGE('',*,*,#3005,.T.);
#2170=ORIENTED_EDGE('',*,*,#3004,.F.);
#2171=ORIENTED_EDGE('',*,*,#2988,.T.);
#2172=ORIENTED_EDGE('',*,*,#3006,.T.);
#2173=ORIENTED_EDGE('',*,*,#2988,.F.);
#2174=ORIENTED_EDGE('',*,*,#3007,.F.);
#2175=ORIENTED_EDGE('',*,*,#3005,.F.);
#2176=ORIENTED_EDGE('',*,*,#2995,.F.);
#2177=ORIENTED_EDGE('',*,*,#3008,.T.);
#2178=ORIENTED_EDGE('',*,*,#3009,.F.);
#2179=ORIENTED_EDGE('',*,*,#2994,.F.);
#2180=ORIENTED_EDGE('',*,*,#3009,.T.);
#2181=ORIENTED_EDGE('',*,*,#3011,.T.);
#2182=ORIENTED_EDGE('',*,*,#2995,.T.);
#2183=ORIENTED_EDGE('',*,*,#3010,.F.);
#2184=ORIENTED_EDGE('',*,*,#2996,.F.);
#2185=ORIENTED_EDGE('',*,*,#3012,.T.);
#2186=ORIENTED_EDGE('',*,*,#3013,.F.);
#2187=ORIENTED_EDGE('',*,*,#2997,.F.);
#2188=ORIENTED_EDGE('',*,*,#3013,.T.);
#2189=ORIENTED_EDGE('',*,*,#3015,.T.);
#2190=ORIENTED_EDGE('',*,*,#2996,.T.);
#2191=ORIENTED_EDGE('',*,*,#3014,.F.);
#2192=ORIENTED_EDGE('',*,*,#2963,.T.);
#2193=ORIENTED_EDGE('',*,*,#3017,.F.);
#2194=ORIENTED_EDGE('',*,*,#2959,.F.);
#2195=ORIENTED_EDGE('',*,*,#3019,.F.);
#2196=ORIENTED_EDGE('',*,*,#3016,.T.);
#2197=ORIENTED_EDGE('',*,*,#3017,.T.);
#2198=ORIENTED_EDGE('',*,*,#3018,.F.);
#2199=ORIENTED_EDGE('',*,*,#3019,.T.);
#2200=ORIENTED_EDGE('',*,*,#3020,.T.);
#2201=ORIENTED_EDGE('',*,*,#3021,.T.);
#2202=ORIENTED_EDGE('',*,*,#3022,.T.);
#2203=ORIENTED_EDGE('',*,*,#3023,.T.);
#2204=ORIENTED_EDGE('',*,*,#3024,.T.);
#2205=ORIENTED_EDGE('',*,*,#3064,.T.);
#2206=ORIENTED_EDGE('',*,*,#3068,.T.);
#2207=ORIENTED_EDGE('',*,*,#3067,.T.);
#2208=ORIENTED_EDGE('',*,*,#3066,.T.);
#2209=ORIENTED_EDGE('',*,*,#3065,.T.);
#2210=ORIENTED_EDGE('',*,*,#3030,.T.);
#2211=ORIENTED_EDGE('',*,*,#3020,.F.);
#2212=ORIENTED_EDGE('',*,*,#3033,.F.);
#2213=ORIENTED_EDGE('',*,*,#3029,.F.);
#2214=ORIENTED_EDGE('',*,*,#3031,.T.);
#2215=ORIENTED_EDGE('',*,*,#3021,.F.);
#2216=ORIENTED_EDGE('',*,*,#3030,.F.);
#2217=ORIENTED_EDGE('',*,*,#3028,.F.);
#2218=ORIENTED_EDGE('',*,*,#3032,.T.);
#2219=ORIENTED_EDGE('',*,*,#3022,.F.);
#2220=ORIENTED_EDGE('',*,*,#3031,.F.);
#2221=ORIENTED_EDGE('',*,*,#3027,.F.);
#2222=ORIENTED_EDGE('',*,*,#3034,.T.);
#2223=ORIENTED_EDGE('',*,*,#3023,.F.);
#2224=ORIENTED_EDGE('',*,*,#3032,.F.);
#2225=ORIENTED_EDGE('',*,*,#3026,.F.);
#2226=ORIENTED_EDGE('',*,*,#3033,.T.);
#2227=ORIENTED_EDGE('',*,*,#3024,.F.);
#2228=ORIENTED_EDGE('',*,*,#3034,.F.);
#2229=ORIENTED_EDGE('',*,*,#3025,.F.);
#2230=ORIENTED_EDGE('',*,*,#3025,.T.);
#2231=ORIENTED_EDGE('',*,*,#3026,.T.);
#2232=ORIENTED_EDGE('',*,*,#3027,.T.);
#2233=ORIENTED_EDGE('',*,*,#3028,.T.);
#2234=ORIENTED_EDGE('',*,*,#3029,.T.);
#2235=ORIENTED_EDGE('',*,*,#3040,.T.);
#2236=ORIENTED_EDGE('',*,*,#3039,.T.);
#2237=ORIENTED_EDGE('',*,*,#3044,.T.);
#2238=ORIENTED_EDGE('',*,*,#3043,.T.);
#2239=ORIENTED_EDGE('',*,*,#3042,.T.);
#2240=ORIENTED_EDGE('',*,*,#3041,.T.);
#2241=ORIENTED_EDGE('',*,*,#3048,.F.);
#2242=ORIENTED_EDGE('',*,*,#3045,.T.);
#2243=ORIENTED_EDGE('',*,*,#3049,.T.);
#2244=ORIENTED_EDGE('',*,*,#3039,.F.);
#2245=ORIENTED_EDGE('',*,*,#3050,.F.);
#2246=ORIENTED_EDGE('',*,*,#3069,.T.);
#2247=ORIENTED_EDGE('',*,*,#3048,.T.);
#2248=ORIENTED_EDGE('',*,*,#3040,.F.);
#2249=ORIENTED_EDGE('',*,*,#3046,.T.);
#2250=ORIENTED_EDGE('',*,*,#3050,.T.);
#2251=ORIENTED_EDGE('',*,*,#3041,.F.);
#2252=ORIENTED_EDGE('',*,*,#3051,.F.);
#2253=ORIENTED_EDGE('',*,*,#3052,.F.);
#2254=ORIENTED_EDGE('',*,*,#3070,.T.);
#2255=ORIENTED_EDGE('',*,*,#3051,.T.);
#2256=ORIENTED_EDGE('',*,*,#3042,.F.);
#2257=ORIENTED_EDGE('',*,*,#3053,.F.);
#2258=ORIENTED_EDGE('',*,*,#3047,.T.);
#2259=ORIENTED_EDGE('',*,*,#3052,.T.);
#2260=ORIENTED_EDGE('',*,*,#3043,.F.);
#2261=ORIENTED_EDGE('',*,*,#3049,.F.);
#2262=ORIENTED_EDGE('',*,*,#3071,.T.);
#2263=ORIENTED_EDGE('',*,*,#3053,.T.);
#2264=ORIENTED_EDGE('',*,*,#3044,.F.);
#2265=ORIENTED_EDGE('',*,*,#3055,.F.);
#2266=ORIENTED_EDGE('',*,*,#3054,.F.);
#2267=ORIENTED_EDGE('',*,*,#3056,.T.);
#2268=ORIENTED_EDGE('',*,*,#3064,.F.);
#2269=ORIENTED_EDGE('',*,*,#3058,.F.);
#2270=ORIENTED_EDGE('',*,*,#3057,.F.);
#2271=ORIENTED_EDGE('',*,*,#3055,.T.);
#2272=ORIENTED_EDGE('',*,*,#3065,.F.);
#2273=ORIENTED_EDGE('',*,*,#3060,.F.);
#2274=ORIENTED_EDGE('',*,*,#3059,.F.);
#2275=ORIENTED_EDGE('',*,*,#3058,.T.);
#2276=ORIENTED_EDGE('',*,*,#3066,.F.);
#2277=ORIENTED_EDGE('',*,*,#3062,.F.);
#2278=ORIENTED_EDGE('',*,*,#3061,.F.);
#2279=ORIENTED_EDGE('',*,*,#3060,.T.);
#2280=ORIENTED_EDGE('',*,*,#3067,.F.);
#2281=ORIENTED_EDGE('',*,*,#3056,.F.);
#2282=ORIENTED_EDGE('',*,*,#3063,.F.);
#2283=ORIENTED_EDGE('',*,*,#3062,.T.);
#2284=ORIENTED_EDGE('',*,*,#3068,.F.);
#2285=ORIENTED_EDGE('',*,*,#3054,.T.);
#2286=ORIENTED_EDGE('',*,*,#3057,.T.);
#2287=ORIENTED_EDGE('',*,*,#3059,.T.);
#2288=ORIENTED_EDGE('',*,*,#3061,.T.);
#2289=ORIENTED_EDGE('',*,*,#3063,.T.);
#2290=ORIENTED_EDGE('',*,*,#3037,.T.);
#2291=ORIENTED_EDGE('',*,*,#3035,.T.);
#2292=ORIENTED_EDGE('',*,*,#3036,.T.);
#2293=ORIENTED_EDGE('',*,*,#3038,.T.);
#2294=ORIENTED_EDGE('',*,*,#3071,.F.);
#2295=ORIENTED_EDGE('',*,*,#3045,.F.);
#2296=ORIENTED_EDGE('',*,*,#3069,.F.);
#2297=ORIENTED_EDGE('',*,*,#3046,.F.);
#2298=ORIENTED_EDGE('',*,*,#3070,.F.);
#2299=ORIENTED_EDGE('',*,*,#3047,.F.);
#2300=ORIENTED_EDGE('',*,*,#3093,.F.);
#2301=ORIENTED_EDGE('',*,*,#3089,.F.);
#2302=ORIENTED_EDGE('',*,*,#3099,.F.);
#2303=ORIENTED_EDGE('',*,*,#3095,.F.);
#2304=ORIENTED_EDGE('',*,*,#3107,.T.);
#2305=ORIENTED_EDGE('',*,*,#3108,.T.);
#2306=ORIENTED_EDGE('',*,*,#3110,.T.);
#2307=ORIENTED_EDGE('',*,*,#3111,.T.);
#2308=ORIENTED_EDGE('',*,*,#3114,.F.);
#2309=ORIENTED_EDGE('',*,*,#3113,.F.);
#2310=ORIENTED_EDGE('',*,*,#3117,.F.);
#2311=ORIENTED_EDGE('',*,*,#3116,.F.);
#2312=ORIENTED_EDGE('',*,*,#3123,.F.);
#2313=ORIENTED_EDGE('',*,*,#3119,.F.);
#2314=ORIENTED_EDGE('',*,*,#3129,.F.);
#2315=ORIENTED_EDGE('',*,*,#3125,.F.);
#2316=ORIENTED_EDGE('',*,*,#3075,.F.);
#2317=ORIENTED_EDGE('',*,*,#3072,.T.);
#2318=ORIENTED_EDGE('',*,*,#3073,.T.);
#2319=ORIENTED_EDGE('',*,*,#3074,.F.);
#2320=ORIENTED_EDGE('',*,*,#3073,.F.);
#2321=ORIENTED_EDGE('',*,*,#3076,.T.);
#2322=ORIENTED_EDGE('',*,*,#3077,.T.);
#2323=ORIENTED_EDGE('',*,*,#3083,.F.);
#2324=ORIENTED_EDGE('',*,*,#3077,.F.);
#2325=ORIENTED_EDGE('',*,*,#3079,.T.);
#2326=ORIENTED_EDGE('',*,*,#3080,.T.);
#2327=ORIENTED_EDGE('',*,*,#3078,.F.);
#2328=ORIENTED_EDGE('',*,*,#3080,.F.);
#2329=ORIENTED_EDGE('',*,*,#3082,.T.);
#2330=ORIENTED_EDGE('',*,*,#3075,.T.);
#2331=ORIENTED_EDGE('',*,*,#3081,.F.);
#2332=ORIENTED_EDGE('',*,*,#3082,.F.);
#2333=ORIENTED_EDGE('',*,*,#3079,.F.);
#2334=ORIENTED_EDGE('',*,*,#3076,.F.);
#2335=ORIENTED_EDGE('',*,*,#3072,.F.);
#2336=ORIENTED_EDGE('',*,*,#3104,.F.);
#2337=ORIENTED_EDGE('',*,*,#3100,.F.);
#2338=ORIENTED_EDGE('',*,*,#3074,.T.);
#2339=ORIENTED_EDGE('',*,*,#3084,.T.);
#2340=ORIENTED_EDGE('',*,*,#3038,.F.);
#2341=ORIENTED_EDGE('',*,*,#3085,.T.);
#2342=ORIENTED_EDGE('',*,*,#3083,.T.);
#2343=ORIENTED_EDGE('',*,*,#3086,.T.);
#2344=ORIENTED_EDGE('',*,*,#3037,.F.);
#2345=ORIENTED_EDGE('',*,*,#3084,.F.);
#2346=ORIENTED_EDGE('',*,*,#3078,.T.);
#2347=ORIENTED_EDGE('',*,*,#3087,.F.);
#2348=ORIENTED_EDGE('',*,*,#3035,.F.);
#2349=ORIENTED_EDGE('',*,*,#3086,.F.);
#2350=ORIENTED_EDGE('',*,*,#3081,.T.);
#2351=ORIENTED_EDGE('',*,*,#3085,.F.);
#2352=ORIENTED_EDGE('',*,*,#3036,.F.);
#2353=ORIENTED_EDGE('',*,*,#3087,.T.);
#2354=ORIENTED_EDGE('',*,*,#3088,.T.);
#2355=ORIENTED_EDGE('',*,*,#3091,.T.);
#2356=ORIENTED_EDGE('',*,*,#3089,.T.);
#2357=ORIENTED_EDGE('',*,*,#3090,.T.);
#2358=ORIENTED_EDGE('',*,*,#3092,.F.);
#2359=ORIENTED_EDGE('',*,*,#3088,.F.);
#2360=ORIENTED_EDGE('',*,*,#3092,.T.);
#2361=ORIENTED_EDGE('',*,*,#3090,.F.);
#2362=ORIENTED_EDGE('',*,*,#3093,.T.);
#2363=ORIENTED_EDGE('',*,*,#3091,.F.);
#2364=ORIENTED_EDGE('',*,*,#3094,.T.);
#2365=ORIENTED_EDGE('',*,*,#3097,.T.);
#2366=ORIENTED_EDGE('',*,*,#3095,.T.);
#2367=ORIENTED_EDGE('',*,*,#3096,.T.);
#2368=ORIENTED_EDGE('',*,*,#3098,.F.);
#2369=ORIENTED_EDGE('',*,*,#3094,.F.);
#2370=ORIENTED_EDGE('',*,*,#3098,.T.);
#2371=ORIENTED_EDGE('',*,*,#3096,.F.);
#2372=ORIENTED_EDGE('',*,*,#3099,.T.);
#2373=ORIENTED_EDGE('',*,*,#3097,.F.);
#2374=ORIENTED_EDGE('',*,*,#3103,.T.);
#2375=ORIENTED_EDGE('',*,*,#3100,.T.);
#2376=ORIENTED_EDGE('',*,*,#3102,.T.);
#2377=ORIENTED_EDGE('',*,*,#3105,.F.);
#2378=ORIENTED_EDGE('',*,*,#3101,.T.);
#2379=ORIENTED_EDGE('',*,*,#3158,.F.);
#2380=ORIENTED_EDGE('',*,*,#3160,.T.);
#2381=ORIENTED_EDGE('',*,*,#3102,.F.);
#2382=ORIENTED_EDGE('',*,*,#3104,.T.);
#2383=ORIENTED_EDGE('',*,*,#3103,.F.);
#2384=ORIENTED_EDGE('',*,*,#3118,.T.);
#2385=ORIENTED_EDGE('',*,*,#3121,.T.);
#2386=ORIENTED_EDGE('',*,*,#3119,.T.);
#2387=ORIENTED_EDGE('',*,*,#3120,.T.);
#2388=ORIENTED_EDGE('',*,*,#3122,.F.);
#2389=ORIENTED_EDGE('',*,*,#3118,.F.);
#2390=ORIENTED_EDGE('',*,*,#3122,.T.);
#2391=ORIENTED_EDGE('',*,*,#3120,.F.);
#2392=ORIENTED_EDGE('',*,*,#3123,.T.);
#2393=ORIENTED_EDGE('',*,*,#3121,.F.);
#2394=ORIENTED_EDGE('',*,*,#3124,.T.);
#2395=ORIENTED_EDGE('',*,*,#3127,.T.);
#2396=ORIENTED_EDGE('',*,*,#3125,.T.);
#2397=ORIENTED_EDGE('',*,*,#3126,.T.);
#2398=ORIENTED_EDGE('',*,*,#3128,.F.);
#2399=ORIENTED_EDGE('',*,*,#3124,.F.);
#2400=ORIENTED_EDGE('',*,*,#3128,.T.);
#2401=ORIENTED_EDGE('',*,*,#3126,.F.);
#2402=ORIENTED_EDGE('',*,*,#3129,.T.);
#2403=ORIENTED_EDGE('',*,*,#3127,.F.);
#2404=ORIENTED_EDGE('',*,*,#3134,.T.);
#2405=ORIENTED_EDGE('',*,*,#3113,.T.);
#2406=ORIENTED_EDGE('',*,*,#3112,.T.);
#2407=ORIENTED_EDGE('',*,*,#3131,.F.);
#2408=ORIENTED_EDGE('',*,*,#3112,.F.);
#2409=ORIENTED_EDGE('',*,*,#3114,.T.);
#2410=ORIENTED_EDGE('',*,*,#3134,.F.);
#2411=ORIENTED_EDGE('',*,*,#3148,.F.);
#2412=ORIENTED_EDGE('',*,*,#3135,.T.);
#2413=ORIENTED_EDGE('',*,*,#3116,.T.);
#2414=ORIENTED_EDGE('',*,*,#3115,.T.);
#2415=ORIENTED_EDGE('',*,*,#3133,.F.);
#2416=ORIENTED_EDGE('',*,*,#3115,.F.);
#2417=ORIENTED_EDGE('',*,*,#3117,.T.);
#2418=ORIENTED_EDGE('',*,*,#3135,.F.);
#2419=ORIENTED_EDGE('',*,*,#3144,.F.);
#2420=ORIENTED_EDGE('',*,*,#3149,.T.);
#2421=ORIENTED_EDGE('',*,*,#3146,.T.);
#2422=ORIENTED_EDGE('',*,*,#3145,.T.);
#2423=ORIENTED_EDGE('',*,*,#3142,.T.);
#2424=ORIENTED_EDGE('',*,*,#3136,.T.);
#2425=ORIENTED_EDGE('',*,*,#3106,.F.);
#2426=ORIENTED_EDGE('',*,*,#3107,.F.);
#2427=ORIENTED_EDGE('',*,*,#3140,.F.);
#2428=ORIENTED_EDGE('',*,*,#3152,.T.);
#2429=ORIENTED_EDGE('',*,*,#3140,.T.);
#2430=ORIENTED_EDGE('',*,*,#3108,.F.);
#2431=ORIENTED_EDGE('',*,*,#3106,.T.);
#2432=ORIENTED_EDGE('',*,*,#3139,.T.);
#2433=ORIENTED_EDGE('',*,*,#3109,.F.);
#2434=ORIENTED_EDGE('',*,*,#3110,.F.);
#2435=ORIENTED_EDGE('',*,*,#3141,.F.);
#2436=ORIENTED_EDGE('',*,*,#3156,.T.);
#2437=ORIENTED_EDGE('',*,*,#3141,.T.);
#2438=ORIENTED_EDGE('',*,*,#3111,.F.);
#2439=ORIENTED_EDGE('',*,*,#3109,.T.);
#2440=ORIENTED_EDGE('',*,*,#3150,.F.);
#2441=ORIENTED_EDGE('',*,*,#3153,.F.);
#2442=ORIENTED_EDGE('',*,*,#3154,.F.);
#2443=ORIENTED_EDGE('',*,*,#3157,.F.);
#2444=ORIENTED_EDGE('',*,*,#3133,.T.);
#2445=ORIENTED_EDGE('',*,*,#3143,.T.);
#2446=ORIENTED_EDGE('',*,*,#3142,.F.);
#2447=ORIENTED_EDGE('',*,*,#3132,.T.);
#2448=ORIENTED_EDGE('',*,*,#3144,.T.);
#2449=ORIENTED_EDGE('',*,*,#3132,.F.);
#2450=ORIENTED_EDGE('',*,*,#3145,.F.);
#2451=ORIENTED_EDGE('',*,*,#3143,.F.);
#2452=ORIENTED_EDGE('',*,*,#3131,.T.);
#2453=ORIENTED_EDGE('',*,*,#3147,.T.);
#2454=ORIENTED_EDGE('',*,*,#3146,.F.);
#2455=ORIENTED_EDGE('',*,*,#3130,.T.);
#2456=ORIENTED_EDGE('',*,*,#3148,.T.);
#2457=ORIENTED_EDGE('',*,*,#3130,.F.);
#2458=ORIENTED_EDGE('',*,*,#3149,.F.);
#2459=ORIENTED_EDGE('',*,*,#3147,.F.);
#2460=ORIENTED_EDGE('',*,*,#3137,.F.);
#2461=ORIENTED_EDGE('',*,*,#3150,.T.);
#2462=ORIENTED_EDGE('',*,*,#3151,.F.);
#2463=ORIENTED_EDGE('',*,*,#3136,.F.);
#2464=ORIENTED_EDGE('',*,*,#3151,.T.);
#2465=ORIENTED_EDGE('',*,*,#3153,.T.);
#2466=ORIENTED_EDGE('',*,*,#3137,.T.);
#2467=ORIENTED_EDGE('',*,*,#3152,.F.);
#2468=ORIENTED_EDGE('',*,*,#3138,.F.);
#2469=ORIENTED_EDGE('',*,*,#3154,.T.);
#2470=ORIENTED_EDGE('',*,*,#3155,.F.);
#2471=ORIENTED_EDGE('',*,*,#3139,.F.);
#2472=ORIENTED_EDGE('',*,*,#3155,.T.);
#2473=ORIENTED_EDGE('',*,*,#3157,.T.);
#2474=ORIENTED_EDGE('',*,*,#3138,.T.);
#2475=ORIENTED_EDGE('',*,*,#3156,.F.);
#2476=ORIENTED_EDGE('',*,*,#3105,.T.);
#2477=ORIENTED_EDGE('',*,*,#3159,.F.);
#2478=ORIENTED_EDGE('',*,*,#3101,.F.);
#2479=ORIENTED_EDGE('',*,*,#3161,.F.);
#2480=ORIENTED_EDGE('',*,*,#3158,.T.);
#2481=ORIENTED_EDGE('',*,*,#3159,.T.);
#2482=ORIENTED_EDGE('',*,*,#3160,.F.);
#2483=ORIENTED_EDGE('',*,*,#3161,.T.);
#2484=EDGE_CURVE('',#4032,#4033,#3884,.T.);
#2485=EDGE_CURVE('',#4033,#4106,#3500,.T.);
#2486=EDGE_CURVE('',#4032,#4105,#3501,.T.);
#2487=EDGE_CURVE('',#4034,#4035,#3885,.T.);
#2488=EDGE_CURVE('',#4035,#4108,#3502,.T.);
#2489=EDGE_CURVE('',#4034,#4107,#3503,.T.);
#2490=EDGE_CURVE('',#4036,#4037,#3886,.T.);
#2491=EDGE_CURVE('',#4037,#4110,#3504,.T.);
#2492=EDGE_CURVE('',#4036,#4109,#3505,.T.);
#2493=EDGE_CURVE('',#4038,#4039,#3887,.T.);
#2494=EDGE_CURVE('',#4039,#4112,#3506,.T.);
#2495=EDGE_CURVE('',#4038,#4111,#3507,.T.);
#2496=EDGE_CURVE('',#4040,#4041,#3888,.T.);
#2497=EDGE_CURVE('',#4041,#4114,#3508,.T.);
#2498=EDGE_CURVE('',#4040,#4113,#3509,.T.);
#2499=EDGE_CURVE('',#4042,#4043,#3889,.T.);
#2500=EDGE_CURVE('',#4043,#4116,#3510,.T.);
#2501=EDGE_CURVE('',#4042,#4115,#3511,.T.);
#2502=EDGE_CURVE('',#4044,#4045,#3890,.T.);
#2503=EDGE_CURVE('',#4045,#4118,#3512,.T.);
#2504=EDGE_CURVE('',#4044,#4117,#3513,.T.);
#2505=EDGE_CURVE('',#4046,#4047,#3891,.T.);
#2506=EDGE_CURVE('',#4047,#4120,#3514,.T.);
#2507=EDGE_CURVE('',#4046,#4119,#3515,.T.);
#2508=EDGE_CURVE('',#4048,#4138,#3516,.T.);
#2509=EDGE_CURVE('',#4049,#4137,#3517,.T.);
#2510=EDGE_CURVE('',#4050,#4136,#3518,.T.);
#2511=EDGE_CURVE('',#4051,#4135,#3519,.T.);
#2512=EDGE_CURVE('',#4052,#4053,#3892,.T.);
#2513=EDGE_CURVE('',#4053,#4122,#3520,.T.);
#2514=EDGE_CURVE('',#4052,#4121,#3521,.T.);
#2515=EDGE_CURVE('',#4054,#4055,#3893,.T.);
#2516=EDGE_CURVE('',#4055,#4124,#3522,.T.);
#2517=EDGE_CURVE('',#4054,#4123,#3523,.T.);
#2518=EDGE_CURVE('',#4056,#4057,#3894,.T.);
#2519=EDGE_CURVE('',#4057,#4126,#3524,.T.);
#2520=EDGE_CURVE('',#4056,#4125,#3525,.T.);
#2521=EDGE_CURVE('',#4059,#4060,#3162,.T.);
#2522=EDGE_CURVE('',#4060,#4061,#3163,.T.);
#2523=EDGE_CURVE('',#4061,#4058,#3164,.T.);
#2524=EDGE_CURVE('',#4058,#4059,#3165,.T.);
#2525=EDGE_CURVE('',#4062,#4063,#3166,.T.);
#2526=EDGE_CURVE('',#4062,#4065,#3167,.T.);
#2527=EDGE_CURVE('',#4064,#4066,#3168,.T.);
#2528=EDGE_CURVE('',#4064,#4061,#3169,.T.);
#2529=EDGE_CURVE('',#4066,#4058,#3170,.T.);
#2530=EDGE_CURVE('',#4065,#4066,#3171,.T.);
#2531=EDGE_CURVE('',#4065,#4067,#3172,.T.);
#2532=EDGE_CURVE('',#4058,#4067,#3173,.T.);
#2533=EDGE_CURVE('',#4062,#4069,#3174,.T.);
#2534=EDGE_CURVE('',#4068,#4061,#3175,.T.);
#2535=EDGE_CURVE('',#4068,#4070,#3176,.T.);
#2536=EDGE_CURVE('',#4070,#4060,#3177,.T.);
#2537=EDGE_CURVE('',#4059,#4071,#3178,.T.);
#2538=EDGE_CURVE('',#4071,#4067,#3179,.T.);
#2539=EDGE_CURVE('',#4072,#4127,#3526,.T.);
#2540=EDGE_CURVE('',#4037,#4072,#3895,.T.);
#2541=EDGE_CURVE('',#4073,#4074,#3180,.T.);
#2542=EDGE_CURVE('',#4075,#4076,#3181,.T.);
#2543=EDGE_CURVE('',#4074,#4076,#3182,.T.);
#2544=EDGE_CURVE('',#4073,#4075,#3183,.T.);
#2545=EDGE_CURVE('',#4074,#4077,#3184,.T.);
#2546=EDGE_CURVE('',#4076,#4078,#3185,.T.);
#2547=EDGE_CURVE('',#4077,#4078,#3186,.T.);
#2548=EDGE_CURVE('',#4081,#4079,#3187,.T.);
#2549=EDGE_CURVE('',#4082,#4080,#3188,.T.);
#2550=EDGE_CURVE('',#4079,#4080,#3189,.T.);
#2551=EDGE_CURVE('',#4082,#4081,#3190,.T.);
#2552=EDGE_CURVE('',#4079,#4073,#3191,.T.);
#2553=EDGE_CURVE('',#4080,#4075,#3192,.T.);
#2554=EDGE_CURVE('',#4082,#4078,#3193,.T.);
#2555=EDGE_CURVE('',#4081,#4077,#3194,.T.);
#2556=EDGE_CURVE('',#4084,#4128,#3527,.T.);
#2557=EDGE_CURVE('',#4084,#4085,#3896,.T.);
#2558=EDGE_CURVE('',#4085,#4129,#3528,.T.);
#2559=EDGE_CURVE('',#4069,#4071,#3195,.T.);
#2560=EDGE_CURVE('',#4069,#4070,#3196,.T.);
#2561=EDGE_CURVE('',#4086,#4130,#3529,.T.);
#2562=EDGE_CURVE('',#4041,#4086,#3897,.T.);
#2563=EDGE_CURVE('',#4087,#4131,#3530,.T.);
#2564=EDGE_CURVE('',#4045,#4087,#3898,.T.);
#2565=EDGE_CURVE('',#4056,#4088,#3899,.T.);
#2566=EDGE_CURVE('',#4088,#4132,#3197,.T.);
#2567=EDGE_CURVE('',#4055,#4089,#3900,.T.);
#2568=EDGE_CURVE('',#4089,#4133,#3198,.T.);
#2569=EDGE_CURVE('',#4083,#4134,#3531,.T.);
#2570=EDGE_CURVE('',#4083,#4052,#3901,.T.);
#2571=EDGE_CURVE('',#4039,#4051,#3902,.T.);
#2572=EDGE_CURVE('',#4035,#4050,#3903,.T.);
#2573=EDGE_CURVE('',#4047,#4049,#3904,.T.);
#2574=EDGE_CURVE('',#4043,#4048,#3905,.T.);
#2575=EDGE_CURVE('',#4091,#4090,#3906,.T.);
#2576=EDGE_CURVE('',#4091,#4139,#3199,.T.);
#2577=EDGE_CURVE('',#4093,#4092,#3907,.T.);
#2578=EDGE_CURVE('',#4093,#4141,#3200,.T.);
#2579=EDGE_CURVE('',#4094,#4143,#3532,.T.);
#2580=EDGE_CURVE('',#4033,#4094,#3908,.T.);
#2581=EDGE_CURVE('',#4095,#4096,#3909,.T.);
#2582=EDGE_CURVE('',#4096,#4145,#3533,.T.);
#2583=EDGE_CURVE('',#4095,#4144,#3534,.T.);
#2584=EDGE_CURVE('',#4097,#4098,#3910,.T.);
#2585=EDGE_CURVE('',#4098,#4147,#3535,.T.);
#2586=EDGE_CURVE('',#4097,#4146,#3536,.T.);
#2587=EDGE_CURVE('',#4063,#4064,#3201,.T.);
#2588=EDGE_CURVE('',#4063,#4068,#3202,.T.);
#2589=EDGE_CURVE('',#4097,#4099,#3911,.T.);
#2590=EDGE_CURVE('',#4099,#4148,#3203,.T.);
#2591=EDGE_CURVE('',#4096,#4100,#3912,.T.);
#2592=EDGE_CURVE('',#4100,#4149,#3204,.T.);
#2593=EDGE_CURVE('',#4102,#4101,#3913,.T.);
#2594=EDGE_CURVE('',#4102,#4150,#3205,.T.);
#2595=EDGE_CURVE('',#4104,#4103,#3914,.T.);
#2596=EDGE_CURVE('',#4104,#4152,#3206,.T.);
#2597=EDGE_CURVE('',#4090,#4140,#3207,.T.);
#2598=EDGE_CURVE('',#4092,#4142,#3208,.T.);
#2599=EDGE_CURVE('',#4101,#4151,#3209,.T.);
#2600=EDGE_CURVE('',#4103,#4153,#3210,.T.);
#2601=EDGE_CURVE('',#4105,#4106,#3915,.T.);
#2602=EDGE_CURVE('',#4106,#4033,#3537,.T.);
#2603=EDGE_CURVE('',#4105,#4032,#3538,.T.);
#2604=EDGE_CURVE('',#4107,#4108,#3916,.T.);
#2605=EDGE_CURVE('',#4108,#4035,#3539,.T.);
#2606=EDGE_CURVE('',#4107,#4034,#3540,.T.);
#2607=EDGE_CURVE('',#4109,#4110,#3917,.T.);
#2608=EDGE_CURVE('',#4110,#4037,#3541,.T.);
#2609=EDGE_CURVE('',#4109,#4036,#3542,.T.);
#2610=EDGE_CURVE('',#4111,#4112,#3918,.T.);
#2611=EDGE_CURVE('',#4112,#4039,#3543,.T.);
#2612=EDGE_CURVE('',#4111,#4038,#3544,.T.);
#2613=EDGE_CURVE('',#4113,#4114,#3919,.T.);
#2614=EDGE_CURVE('',#4114,#4041,#3545,.T.);
#2615=EDGE_CURVE('',#4113,#4040,#3546,.T.);
#2616=EDGE_CURVE('',#4115,#4116,#3920,.T.);
#2617=EDGE_CURVE('',#4116,#4043,#3547,.T.);
#2618=EDGE_CURVE('',#4115,#4042,#3548,.T.);
#2619=EDGE_CURVE('',#4117,#4118,#3921,.T.);
#2620=EDGE_CURVE('',#4118,#4045,#3549,.T.);
#2621=EDGE_CURVE('',#4117,#4044,#3550,.T.);
#2622=EDGE_CURVE('',#4119,#4120,#3922,.T.);
#2623=EDGE_CURVE('',#4120,#4047,#3551,.T.);
#2624=EDGE_CURVE('',#4119,#4046,#3552,.T.);
#2625=EDGE_CURVE('',#4121,#4122,#3923,.T.);
#2626=EDGE_CURVE('',#4122,#4053,#3553,.T.);
#2627=EDGE_CURVE('',#4121,#4052,#3554,.T.);
#2628=EDGE_CURVE('',#4123,#4124,#3924,.T.);
#2629=EDGE_CURVE('',#4124,#4055,#3555,.T.);
#2630=EDGE_CURVE('',#4123,#4054,#3556,.T.);
#2631=EDGE_CURVE('',#4125,#4126,#3925,.T.);
#2632=EDGE_CURVE('',#4126,#4057,#3557,.T.);
#2633=EDGE_CURVE('',#4125,#4056,#3558,.T.);
#2634=EDGE_CURVE('',#4110,#4127,#3926,.T.);
#2635=EDGE_CURVE('',#4127,#4072,#3559,.T.);
#2636=EDGE_CURVE('',#4128,#4129,#3927,.T.);
#2637=EDGE_CURVE('',#4128,#4084,#3560,.T.);
#2638=EDGE_CURVE('',#4129,#4085,#3561,.T.);
#2639=EDGE_CURVE('',#4114,#4130,#3928,.T.);
#2640=EDGE_CURVE('',#4130,#4086,#3562,.T.);
#2641=EDGE_CURVE('',#4118,#4131,#3929,.T.);
#2642=EDGE_CURVE('',#4131,#4087,#3563,.T.);
#2643=EDGE_CURVE('',#4125,#4132,#3930,.T.);
#2644=EDGE_CURVE('',#4132,#4088,#3211,.T.);
#2645=EDGE_CURVE('',#4124,#4133,#3931,.T.);
#2646=EDGE_CURVE('',#4133,#4089,#3212,.T.);
#2647=EDGE_CURVE('',#4134,#4121,#3932,.T.);
#2648=EDGE_CURVE('',#4134,#4083,#3564,.T.);
#2649=EDGE_CURVE('',#4112,#4135,#3933,.T.);
#2650=EDGE_CURVE('',#4135,#4051,#3565,.T.);
#2651=EDGE_CURVE('',#4108,#4136,#3934,.T.);
#2652=EDGE_CURVE('',#4136,#4050,#3566,.T.);
#2653=EDGE_CURVE('',#4120,#4137,#3935,.T.);
#2654=EDGE_CURVE('',#4137,#4049,#3567,.T.);
#2655=EDGE_CURVE('',#4116,#4138,#3936,.T.);
#2656=EDGE_CURVE('',#4138,#4048,#3568,.T.);
#2657=EDGE_CURVE('',#4139,#4140,#3937,.T.);
#2658=EDGE_CURVE('',#4139,#4091,#3213,.T.);
#2659=EDGE_CURVE('',#4140,#4090,#3214,.T.);
#2660=EDGE_CURVE('',#4141,#4142,#3938,.T.);
#2661=EDGE_CURVE('',#4141,#4093,#3215,.T.);
#2662=EDGE_CURVE('',#4142,#4092,#3216,.T.);
#2663=EDGE_CURVE('',#4106,#4143,#3939,.T.);
#2664=EDGE_CURVE('',#4143,#4094,#3569,.T.);
#2665=EDGE_CURVE('',#4144,#4145,#3940,.T.);
#2666=EDGE_CURVE('',#4145,#4096,#3570,.T.);
#2667=EDGE_CURVE('',#4144,#4095,#3571,.T.);
#2668=EDGE_CURVE('',#4146,#4147,#3941,.T.);
#2669=EDGE_CURVE('',#4147,#4098,#3572,.T.);
#2670=EDGE_CURVE('',#4146,#4097,#3573,.T.);
#2671=EDGE_CURVE('',#4146,#4148,#3942,.T.);
#2672=EDGE_CURVE('',#4148,#4099,#3217,.T.);
#2673=EDGE_CURVE('',#4145,#4149,#3943,.T.);
#2674=EDGE_CURVE('',#4149,#4100,#3218,.T.);
#2675=EDGE_CURVE('',#4150,#4151,#3944,.T.);
#2676=EDGE_CURVE('',#4150,#4102,#3219,.T.);
#2677=EDGE_CURVE('',#4151,#4101,#3220,.T.);
#2678=EDGE_CURVE('',#4152,#4153,#3945,.T.);
#2679=EDGE_CURVE('',#4152,#4104,#3221,.T.);
#2680=EDGE_CURVE('',#4153,#4103,#3222,.T.);
#2681=EDGE_CURVE('',#4154,#4155,#3946,.T.);
#2682=EDGE_CURVE('',#4155,#4228,#3574,.T.);
#2683=EDGE_CURVE('',#4154,#4227,#3575,.T.);
#2684=EDGE_CURVE('',#4156,#4157,#3947,.T.);
#2685=EDGE_CURVE('',#4157,#4230,#3576,.T.);
#2686=EDGE_CURVE('',#4156,#4229,#3577,.T.);
#2687=EDGE_CURVE('',#4158,#4159,#3948,.T.);
#2688=EDGE_CURVE('',#4159,#4232,#3578,.T.);
#2689=EDGE_CURVE('',#4158,#4231,#3579,.T.);
#2690=EDGE_CURVE('',#4160,#4161,#3949,.T.);
#2691=EDGE_CURVE('',#4161,#4234,#3580,.T.);
#2692=EDGE_CURVE('',#4160,#4233,#3581,.T.);
#2693=EDGE_CURVE('',#4162,#4163,#3950,.T.);
#2694=EDGE_CURVE('',#4163,#4236,#3582,.T.);
#2695=EDGE_CURVE('',#4162,#4235,#3583,.T.);
#2696=EDGE_CURVE('',#4164,#4165,#3951,.T.);
#2697=EDGE_CURVE('',#4165,#4238,#3584,.T.);
#2698=EDGE_CURVE('',#4164,#4237,#3585,.T.);
#2699=EDGE_CURVE('',#4166,#4167,#3952,.T.);
#2700=EDGE_CURVE('',#4167,#4240,#3586,.T.);
#2701=EDGE_CURVE('',#4166,#4239,#3587,.T.);
#2702=EDGE_CURVE('',#4168,#4169,#3953,.T.);
#2703=EDGE_CURVE('',#4169,#4242,#3588,.T.);
#2704=EDGE_CURVE('',#4168,#4241,#3589,.T.);
#2705=EDGE_CURVE('',#4170,#4260,#3590,.T.);
#2706=EDGE_CURVE('',#4171,#4259,#3591,.T.);
#2707=EDGE_CURVE('',#4172,#4258,#3592,.T.);
#2708=EDGE_CURVE('',#4173,#4257,#3593,.T.);
#2709=EDGE_CURVE('',#4174,#4175,#3954,.T.);
#2710=EDGE_CURVE('',#4175,#4244,#3594,.T.);
#2711=EDGE_CURVE('',#4174,#4243,#3595,.T.);
#2712=EDGE_CURVE('',#4176,#4177,#3955,.T.);
#2713=EDGE_CURVE('',#4177,#4246,#3596,.T.);
#2714=EDGE_CURVE('',#4176,#4245,#3597,.T.);
#2715=EDGE_CURVE('',#4178,#4179,#3956,.T.);
#2716=EDGE_CURVE('',#4179,#4248,#3598,.T.);
#2717=EDGE_CURVE('',#4178,#4247,#3599,.T.);
#2718=EDGE_CURVE('',#4181,#4182,#3223,.T.);
#2719=EDGE_CURVE('',#4182,#4183,#3224,.T.);
#2720=EDGE_CURVE('',#4183,#4180,#3225,.T.);
#2721=EDGE_CURVE('',#4180,#4181,#3226,.T.);
#2722=EDGE_CURVE('',#4184,#4185,#3227,.T.);
#2723=EDGE_CURVE('',#4184,#4187,#3228,.T.);
#2724=EDGE_CURVE('',#4186,#4188,#3229,.T.);
#2725=EDGE_CURVE('',#4186,#4183,#3230,.T.);
#2726=EDGE_CURVE('',#4188,#4180,#3231,.T.);
#2727=EDGE_CURVE('',#4187,#4188,#3232,.T.);
#2728=EDGE_CURVE('',#4187,#4189,#3233,.T.);
#2729=EDGE_CURVE('',#4180,#4189,#3234,.T.);
#2730=EDGE_CURVE('',#4184,#4191,#3235,.T.);
#2731=EDGE_CURVE('',#4190,#4183,#3236,.T.);
#2732=EDGE_CURVE('',#4190,#4192,#3237,.T.);
#2733=EDGE_CURVE('',#4192,#4182,#3238,.T.);
#2734=EDGE_CURVE('',#4181,#4193,#3239,.T.);
#2735=EDGE_CURVE('',#4193,#4189,#3240,.T.);
#2736=EDGE_CURVE('',#4194,#4249,#3600,.T.);
#2737=EDGE_CURVE('',#4159,#4194,#3957,.T.);
#2738=EDGE_CURVE('',#4195,#4196,#3241,.T.);
#2739=EDGE_CURVE('',#4197,#4198,#3242,.T.);
#2740=EDGE_CURVE('',#4196,#4198,#3243,.T.);
#2741=EDGE_CURVE('',#4195,#4197,#3244,.T.);
#2742=EDGE_CURVE('',#4196,#4199,#3245,.T.);
#2743=EDGE_CURVE('',#4198,#4200,#3246,.T.);
#2744=EDGE_CURVE('',#4199,#4200,#3247,.T.);
#2745=EDGE_CURVE('',#4203,#4201,#3248,.T.);
#2746=EDGE_CURVE('',#4204,#4202,#3249,.T.);
#2747=EDGE_CURVE('',#4201,#4202,#3250,.T.);
#2748=EDGE_CURVE('',#4204,#4203,#3251,.T.);
#2749=EDGE_CURVE('',#4201,#4195,#3252,.T.);
#2750=EDGE_CURVE('',#4202,#4197,#3253,.T.);
#2751=EDGE_CURVE('',#4204,#4200,#3254,.T.);
#2752=EDGE_CURVE('',#4203,#4199,#3255,.T.);
#2753=EDGE_CURVE('',#4206,#4250,#3601,.T.);
#2754=EDGE_CURVE('',#4206,#4207,#3958,.T.);
#2755=EDGE_CURVE('',#4207,#4251,#3602,.T.);
#2756=EDGE_CURVE('',#4191,#4193,#3256,.T.);
#2757=EDGE_CURVE('',#4191,#4192,#3257,.T.);
#2758=EDGE_CURVE('',#4208,#4252,#3603,.T.);
#2759=EDGE_CURVE('',#4163,#4208,#3959,.T.);
#2760=EDGE_CURVE('',#4209,#4253,#3604,.T.);
#2761=EDGE_CURVE('',#4167,#4209,#3960,.T.);
#2762=EDGE_CURVE('',#4178,#4210,#3961,.T.);
#2763=EDGE_CURVE('',#4210,#4254,#3258,.T.);
#2764=EDGE_CURVE('',#4177,#4211,#3962,.T.);
#2765=EDGE_CURVE('',#4211,#4255,#3259,.T.);
#2766=EDGE_CURVE('',#4205,#4256,#3605,.T.);
#2767=EDGE_CURVE('',#4205,#4174,#3963,.T.);
#2768=EDGE_CURVE('',#4161,#4173,#3964,.T.);
#2769=EDGE_CURVE('',#4157,#4172,#3965,.T.);
#2770=EDGE_CURVE('',#4169,#4171,#3966,.T.);
#2771=EDGE_CURVE('',#4165,#4170,#3967,.T.);
#2772=EDGE_CURVE('',#4213,#4212,#3968,.T.);
#2773=EDGE_CURVE('',#4213,#4261,#3260,.T.);
#2774=EDGE_CURVE('',#4215,#4214,#3969,.T.);
#2775=EDGE_CURVE('',#4215,#4263,#3261,.T.);
#2776=EDGE_CURVE('',#4216,#4265,#3606,.T.);
#2777=EDGE_CURVE('',#4155,#4216,#3970,.T.);
#2778=EDGE_CURVE('',#4217,#4218,#3971,.T.);
#2779=EDGE_CURVE('',#4218,#4267,#3607,.T.);
#2780=EDGE_CURVE('',#4217,#4266,#3608,.T.);
#2781=EDGE_CURVE('',#4219,#4220,#3972,.T.);
#2782=EDGE_CURVE('',#4220,#4269,#3609,.T.);
#2783=EDGE_CURVE('',#4219,#4268,#3610,.T.);
#2784=EDGE_CURVE('',#4185,#4186,#3262,.T.);
#2785=EDGE_CURVE('',#4185,#4190,#3263,.T.);
#2786=EDGE_CURVE('',#4219,#4221,#3973,.T.);
#2787=EDGE_CURVE('',#4221,#4270,#3264,.T.);
#2788=EDGE_CURVE('',#4218,#4222,#3974,.T.);
#2789=EDGE_CURVE('',#4222,#4271,#3265,.T.);
#2790=EDGE_CURVE('',#4224,#4223,#3975,.T.);
#2791=EDGE_CURVE('',#4224,#4272,#3266,.T.);
#2792=EDGE_CURVE('',#4226,#4225,#3976,.T.);
#2793=EDGE_CURVE('',#4226,#4274,#3267,.T.);
#2794=EDGE_CURVE('',#4212,#4262,#3268,.T.);
#2795=EDGE_CURVE('',#4214,#4264,#3269,.T.);
#2796=EDGE_CURVE('',#4223,#4273,#3270,.T.);
#2797=EDGE_CURVE('',#4225,#4275,#3271,.T.);
#2798=EDGE_CURVE('',#4227,#4228,#3977,.T.);
#2799=EDGE_CURVE('',#4228,#4155,#3611,.T.);
#2800=EDGE_CURVE('',#4227,#4154,#3612,.T.);
#2801=EDGE_CURVE('',#4229,#4230,#3978,.T.);
#2802=EDGE_CURVE('',#4230,#4157,#3613,.T.);
#2803=EDGE_CURVE('',#4229,#4156,#3614,.T.);
#2804=EDGE_CURVE('',#4231,#4232,#3979,.T.);
#2805=EDGE_CURVE('',#4232,#4159,#3615,.T.);
#2806=EDGE_CURVE('',#4231,#4158,#3616,.T.);
#2807=EDGE_CURVE('',#4233,#4234,#3980,.T.);
#2808=EDGE_CURVE('',#4234,#4161,#3617,.T.);
#2809=EDGE_CURVE('',#4233,#4160,#3618,.T.);
#2810=EDGE_CURVE('',#4235,#4236,#3981,.T.);
#2811=EDGE_CURVE('',#4236,#4163,#3619,.T.);
#2812=EDGE_CURVE('',#4235,#4162,#3620,.T.);
#2813=EDGE_CURVE('',#4237,#4238,#3982,.T.);
#2814=EDGE_CURVE('',#4238,#4165,#3621,.T.);
#2815=EDGE_CURVE('',#4237,#4164,#3622,.T.);
#2816=EDGE_CURVE('',#4239,#4240,#3983,.T.);
#2817=EDGE_CURVE('',#4240,#4167,#3623,.T.);
#2818=EDGE_CURVE('',#4239,#4166,#3624,.T.);
#2819=EDGE_CURVE('',#4241,#4242,#3984,.T.);
#2820=EDGE_CURVE('',#4242,#4169,#3625,.T.);
#2821=EDGE_CURVE('',#4241,#4168,#3626,.T.);
#2822=EDGE_CURVE('',#4243,#4244,#3985,.T.);
#2823=EDGE_CURVE('',#4244,#4175,#3627,.T.);
#2824=EDGE_CURVE('',#4243,#4174,#3628,.T.);
#2825=EDGE_CURVE('',#4245,#4246,#3986,.T.);
#2826=EDGE_CURVE('',#4246,#4177,#3629,.T.);
#2827=EDGE_CURVE('',#4245,#4176,#3630,.T.);
#2828=EDGE_CURVE('',#4247,#4248,#3987,.T.);
#2829=EDGE_CURVE('',#4248,#4179,#3631,.T.);
#2830=EDGE_CURVE('',#4247,#4178,#3632,.T.);
#2831=EDGE_CURVE('',#4232,#4249,#3988,.T.);
#2832=EDGE_CURVE('',#4249,#4194,#3633,.T.);
#2833=EDGE_CURVE('',#4250,#4251,#3989,.T.);
#2834=EDGE_CURVE('',#4250,#4206,#3634,.T.);
#2835=EDGE_CURVE('',#4251,#4207,#3635,.T.);
#2836=EDGE_CURVE('',#4236,#4252,#3990,.T.);
#2837=EDGE_CURVE('',#4252,#4208,#3636,.T.);
#2838=EDGE_CURVE('',#4240,#4253,#3991,.T.);
#2839=EDGE_CURVE('',#4253,#4209,#3637,.T.);
#2840=EDGE_CURVE('',#4247,#4254,#3992,.T.);
#2841=EDGE_CURVE('',#4254,#4210,#3272,.T.);
#2842=EDGE_CURVE('',#4246,#4255,#3993,.T.);
#2843=EDGE_CURVE('',#4255,#4211,#3273,.T.);
#2844=EDGE_CURVE('',#4256,#4243,#3994,.T.);
#2845=EDGE_CURVE('',#4256,#4205,#3638,.T.);
#2846=EDGE_CURVE('',#4234,#4257,#3995,.T.);
#2847=EDGE_CURVE('',#4257,#4173,#3639,.T.);
#2848=EDGE_CURVE('',#4230,#4258,#3996,.T.);
#2849=EDGE_CURVE('',#4258,#4172,#3640,.T.);
#2850=EDGE_CURVE('',#4242,#4259,#3997,.T.);
#2851=EDGE_CURVE('',#4259,#4171,#3641,.T.);
#2852=EDGE_CURVE('',#4238,#4260,#3998,.T.);
#2853=EDGE_CURVE('',#4260,#4170,#3642,.T.);
#2854=EDGE_CURVE('',#4261,#4262,#3999,.T.);
#2855=EDGE_CURVE('',#4261,#4213,#3274,.T.);
#2856=EDGE_CURVE('',#4262,#4212,#3275,.T.);
#2857=EDGE_CURVE('',#4263,#4264,#4000,.T.);
#2858=EDGE_CURVE('',#4263,#4215,#3276,.T.);
#2859=EDGE_CURVE('',#4264,#4214,#3277,.T.);
#2860=EDGE_CURVE('',#4228,#4265,#4001,.T.);
#2861=EDGE_CURVE('',#4265,#4216,#3643,.T.);
#2862=EDGE_CURVE('',#4266,#4267,#4002,.T.);
#2863=EDGE_CURVE('',#4267,#4218,#3644,.T.);
#2864=EDGE_CURVE('',#4266,#4217,#3645,.T.);
#2865=EDGE_CURVE('',#4268,#4269,#4003,.T.);
#2866=EDGE_CURVE('',#4269,#4220,#3646,.T.);
#2867=EDGE_CURVE('',#4268,#4219,#3647,.T.);
#2868=EDGE_CURVE('',#4268,#4270,#4004,.T.);
#2869=EDGE_CURVE('',#4270,#4221,#3278,.T.);
#2870=EDGE_CURVE('',#4267,#4271,#4005,.T.);
#2871=EDGE_CURVE('',#4271,#4222,#3279,.T.);
#2872=EDGE_CURVE('',#4272,#4273,#4006,.T.);
#2873=EDGE_CURVE('',#4272,#4224,#3280,.T.);
#2874=EDGE_CURVE('',#4273,#4223,#3281,.T.);
#2875=EDGE_CURVE('',#4274,#4275,#4007,.T.);
#2876=EDGE_CURVE('',#4274,#4226,#3282,.T.);
#2877=EDGE_CURVE('',#4275,#4225,#3283,.T.);
#2878=EDGE_CURVE('',#4277,#4276,#3284,.T.);
#2879=EDGE_CURVE('',#4276,#4278,#3285,.T.);
#2880=EDGE_CURVE('',#4278,#4279,#3286,.T.);
#2881=EDGE_CURVE('',#4279,#4280,#3287,.T.);
#2882=EDGE_CURVE('',#4280,#4277,#3288,.T.);
#2883=EDGE_CURVE('',#4282,#4281,#3289,.T.);
#2884=EDGE_CURVE('',#4281,#4283,#3290,.T.);
#2885=EDGE_CURVE('',#4283,#4284,#3291,.T.);
#2886=EDGE_CURVE('',#4284,#4285,#3292,.T.);
#2887=EDGE_CURVE('',#4285,#4282,#3293,.T.);
#2888=EDGE_CURVE('',#4285,#4276,#3294,.T.);
#2889=EDGE_CURVE('',#4284,#4278,#3295,.T.);
#2890=EDGE_CURVE('',#4283,#4279,#3296,.T.);
#2891=EDGE_CURVE('',#4282,#4277,#3297,.T.);
#2892=EDGE_CURVE('',#4281,#4280,#3298,.T.);
#2893=EDGE_CURVE('',#4286,#4287,#3299,.T.);
#2894=EDGE_CURVE('',#4287,#4288,#3300,.T.);
#2895=EDGE_CURVE('',#4289,#4286,#3301,.T.);
#2896=EDGE_CURVE('',#4288,#4289,#3302,.T.);
#2897=EDGE_CURVE('',#4290,#4291,#3303,.T.);
#2898=EDGE_CURVE('',#4292,#4290,#3304,.T.);
#2899=EDGE_CURVE('',#4293,#4292,#3305,.T.);
#2900=EDGE_CURVE('',#4294,#4293,#3306,.T.);
#2901=EDGE_CURVE('',#4295,#4294,#3307,.T.);
#2902=EDGE_CURVE('',#4291,#4295,#3308,.T.);
#2903=EDGE_CURVE('',#4296,#4297,#3309,.T.);
#2904=EDGE_CURVE('',#4299,#4298,#3310,.T.);
#2905=EDGE_CURVE('',#4301,#4300,#3311,.T.);
#2906=EDGE_CURVE('',#4296,#4290,#3312,.T.);
#2907=EDGE_CURVE('',#4297,#4291,#3313,.T.);
#2908=EDGE_CURVE('',#4298,#4292,#4008,.T.);
#2909=EDGE_CURVE('',#4299,#4293,#3314,.T.);
#2910=EDGE_CURVE('',#4300,#4294,#4009,.T.);
#2911=EDGE_CURVE('',#4301,#4295,#3315,.T.);
#2912=EDGE_CURVE('',#4302,#4303,#3316,.T.);
#2913=EDGE_CURVE('',#4303,#4307,#3317,.T.);
#2914=EDGE_CURVE('',#4302,#4308,#3318,.T.);
#2915=EDGE_CURVE('',#4303,#4304,#3319,.T.);
#2916=EDGE_CURVE('',#4304,#4309,#3320,.T.);
#2917=EDGE_CURVE('',#4304,#4305,#3321,.T.);
#2918=EDGE_CURVE('',#4305,#4310,#3322,.T.);
#2919=EDGE_CURVE('',#4305,#4306,#3323,.T.);
#2920=EDGE_CURVE('',#4306,#4311,#3324,.T.);
#2921=EDGE_CURVE('',#4306,#4302,#3325,.T.);
#2922=EDGE_CURVE('',#4307,#4308,#3326,.T.);
#2923=EDGE_CURVE('',#4309,#4307,#3327,.T.);
#2924=EDGE_CURVE('',#4310,#4309,#3328,.T.);
#2925=EDGE_CURVE('',#4311,#4310,#3329,.T.);
#2926=EDGE_CURVE('',#4308,#4311,#3330,.T.);
#2927=EDGE_CURVE('',#4298,#4296,#3331,.T.);
#2928=EDGE_CURVE('',#4300,#4299,#3332,.T.);
#2929=EDGE_CURVE('',#4297,#4301,#3333,.T.);
#2930=EDGE_CURVE('',#4312,#4313,#3334,.T.);
#2931=EDGE_CURVE('',#4313,#4317,#3335,.T.);
#2932=EDGE_CURVE('',#4316,#4317,#3336,.T.);
#2933=EDGE_CURVE('',#4312,#4316,#3337,.T.);
#2934=EDGE_CURVE('',#4313,#4314,#3338,.T.);
#2935=EDGE_CURVE('',#4314,#4318,#3339,.T.);
#2936=EDGE_CURVE('',#4318,#4319,#3340,.T.);
#2937=EDGE_CURVE('',#4314,#4315,#3341,.T.);
#2938=EDGE_CURVE('',#4315,#4319,#3342,.T.);
#2939=EDGE_CURVE('',#4319,#4316,#3343,.T.);
#2940=EDGE_CURVE('',#4315,#4312,#3344,.T.);
#2941=EDGE_CURVE('',#4317,#4318,#3345,.T.);
#2942=EDGE_CURVE('',#4317,#4289,#3346,.T.);
#2943=EDGE_CURVE('',#4288,#4316,#3347,.T.);
#2944=EDGE_CURVE('',#4318,#4286,#3348,.T.);
#2945=EDGE_CURVE('',#4287,#4319,#3349,.T.);
#2946=EDGE_CURVE('',#4320,#4321,#3648,.T.);
#2947=EDGE_CURVE('',#4322,#4323,#3649,.T.);
#2948=EDGE_CURVE('',#4323,#4320,#4010,.T.);
#2949=EDGE_CURVE('',#4321,#4322,#4011,.T.);
#2950=EDGE_CURVE('',#4321,#4320,#3650,.T.);
#2951=EDGE_CURVE('',#4323,#4322,#3651,.T.);
#2952=EDGE_CURVE('',#4324,#4325,#3652,.T.);
#2953=EDGE_CURVE('',#4326,#4327,#3653,.T.);
#2954=EDGE_CURVE('',#4327,#4324,#4012,.T.);
#2955=EDGE_CURVE('',#4325,#4326,#4013,.T.);
#2956=EDGE_CURVE('',#4325,#4324,#3654,.T.);
#2957=EDGE_CURVE('',#4327,#4326,#3655,.T.);
#2958=EDGE_CURVE('',#4328,#4329,#3656,.T.);
#2959=EDGE_CURVE('',#4364,#4365,#3657,.T.);
#2960=EDGE_CURVE('',#4329,#4363,#4014,.T.);
#2961=EDGE_CURVE('',#4362,#4328,#4015,.T.);
#2962=EDGE_CURVE('',#4329,#4328,#3658,.T.);
#2963=EDGE_CURVE('',#4362,#4363,#3659,.T.);
#2964=EDGE_CURVE('',#4331,#4355,#3350,.T.);
#2965=EDGE_CURVE('',#4330,#4331,#3351,.T.);
#2966=EDGE_CURVE('',#4331,#4330,#3352,.T.);
#2967=EDGE_CURVE('',#4333,#4359,#3353,.T.);
#2968=EDGE_CURVE('',#4332,#4333,#3354,.T.);
#2969=EDGE_CURVE('',#4333,#4332,#3355,.T.);
#2970=EDGE_CURVE('',#4335,#4351,#3356,.T.);
#2971=EDGE_CURVE('',#4334,#4335,#3357,.T.);
#2972=EDGE_CURVE('',#4335,#4334,#3358,.T.);
#2973=EDGE_CURVE('',#4337,#4347,#3359,.T.);
#2974=EDGE_CURVE('',#4336,#4337,#3360,.T.);
#2975=EDGE_CURVE('',#4337,#4336,#3361,.T.);
#2976=EDGE_CURVE('',#4338,#4339,#3660,.T.);
#2977=EDGE_CURVE('',#4340,#4341,#3661,.T.);
#2978=EDGE_CURVE('',#4341,#4338,#4016,.T.);
#2979=EDGE_CURVE('',#4339,#4340,#4017,.T.);
#2980=EDGE_CURVE('',#4339,#4338,#3662,.T.);
#2981=EDGE_CURVE('',#4341,#4340,#3663,.T.);
#2982=EDGE_CURVE('',#4342,#4343,#3664,.T.);
#2983=EDGE_CURVE('',#4344,#4345,#3665,.T.);
#2984=EDGE_CURVE('',#4345,#4342,#4018,.T.);
#2985=EDGE_CURVE('',#4343,#4344,#4019,.T.);
#2986=EDGE_CURVE('',#4343,#4342,#3666,.T.);
#2987=EDGE_CURVE('',#4345,#4344,#3667,.T.);
#2988=EDGE_CURVE('',#4353,#4350,#3362,.T.);
#2989=EDGE_CURVE('',#4350,#4351,#3363,.T.);
#2990=EDGE_CURVE('',#4349,#4346,#3364,.T.);
#2991=EDGE_CURVE('',#4346,#4347,#3365,.T.);
#2992=EDGE_CURVE('',#4350,#4334,#3366,.T.);
#2993=EDGE_CURVE('',#4346,#4336,#3367,.T.);
#2994=EDGE_CURVE('',#4354,#4355,#3368,.T.);
#2995=EDGE_CURVE('',#4357,#4354,#3369,.T.);
#2996=EDGE_CURVE('',#4361,#4358,#3370,.T.);
#2997=EDGE_CURVE('',#4358,#4359,#3371,.T.);
#2998=EDGE_CURVE('',#4354,#4330,#3372,.T.);
#2999=EDGE_CURVE('',#4358,#4332,#3373,.T.);
#3000=EDGE_CURVE('',#4349,#4348,#3374,.T.);
#3001=EDGE_CURVE('',#4347,#4348,#3375,.T.);
#3002=EDGE_CURVE('',#4347,#4346,#3376,.T.);
#3003=EDGE_CURVE('',#4348,#4349,#3377,.T.);
#3004=EDGE_CURVE('',#4353,#4352,#3378,.T.);
#3005=EDGE_CURVE('',#4351,#4352,#3379,.T.);
#3006=EDGE_CURVE('',#4351,#4350,#3380,.T.);
#3007=EDGE_CURVE('',#4352,#4353,#3381,.T.);
#3008=EDGE_CURVE('',#4357,#4356,#3382,.T.);
#3009=EDGE_CURVE('',#4355,#4356,#3383,.T.);
#3010=EDGE_CURVE('',#4355,#4354,#3384,.T.);
#3011=EDGE_CURVE('',#4356,#4357,#3385,.T.);
#3012=EDGE_CURVE('',#4361,#4360,#3386,.T.);
#3013=EDGE_CURVE('',#4359,#4360,#3387,.T.);
#3014=EDGE_CURVE('',#4359,#4358,#3388,.T.);
#3015=EDGE_CURVE('',#4360,#4361,#3389,.T.);
#3016=EDGE_CURVE('',#4364,#4365,#3668,.T.);
#3017=EDGE_CURVE('',#4365,#4363,#3390,.T.);
#3018=EDGE_CURVE('',#4362,#4363,#3669,.T.);
#3019=EDGE_CURVE('',#4362,#4364,#3391,.T.);
#3020=EDGE_CURVE('',#4367,#4366,#3392,.T.);
#3021=EDGE_CURVE('',#4366,#4368,#3393,.T.);
#3022=EDGE_CURVE('',#4368,#4369,#3394,.T.);
#3023=EDGE_CURVE('',#4369,#4370,#3395,.T.);
#3024=EDGE_CURVE('',#4370,#4367,#3396,.T.);
#3025=EDGE_CURVE('',#4372,#4371,#3397,.T.);
#3026=EDGE_CURVE('',#4371,#4373,#3398,.T.);
#3027=EDGE_CURVE('',#4373,#4374,#3399,.T.);
#3028=EDGE_CURVE('',#4374,#4375,#3400,.T.);
#3029=EDGE_CURVE('',#4375,#4372,#3401,.T.);
#3030=EDGE_CURVE('',#4375,#4366,#3402,.T.);
#3031=EDGE_CURVE('',#4374,#4368,#3403,.T.);
#3032=EDGE_CURVE('',#4373,#4369,#3404,.T.);
#3033=EDGE_CURVE('',#4372,#4367,#3405,.T.);
#3034=EDGE_CURVE('',#4371,#4370,#3406,.T.);
#3035=EDGE_CURVE('',#4376,#4377,#3407,.T.);
#3036=EDGE_CURVE('',#4377,#4378,#3408,.T.);
#3037=EDGE_CURVE('',#4379,#4376,#3409,.T.);
#3038=EDGE_CURVE('',#4378,#4379,#3410,.T.);
#3039=EDGE_CURVE('',#4380,#4381,#3411,.T.);
#3040=EDGE_CURVE('',#4382,#4380,#3412,.T.);
#3041=EDGE_CURVE('',#4383,#4382,#3413,.T.);
#3042=EDGE_CURVE('',#4384,#4383,#3414,.T.);
#3043=EDGE_CURVE('',#4385,#4384,#3415,.T.);
#3044=EDGE_CURVE('',#4381,#4385,#3416,.T.);
#3045=EDGE_CURVE('',#4386,#4387,#3417,.T.);
#3046=EDGE_CURVE('',#4389,#4388,#3418,.T.);
#3047=EDGE_CURVE('',#4391,#4390,#3419,.T.);
#3048=EDGE_CURVE('',#4386,#4380,#3420,.T.);
#3049=EDGE_CURVE('',#4387,#4381,#3421,.T.);
#3050=EDGE_CURVE('',#4388,#4382,#4020,.T.);
#3051=EDGE_CURVE('',#4389,#4383,#3422,.T.);
#3052=EDGE_CURVE('',#4390,#4384,#4021,.T.);
#3053=EDGE_CURVE('',#4391,#4385,#3423,.T.);
#3054=EDGE_CURVE('',#4392,#4393,#3424,.T.);
#3055=EDGE_CURVE('',#4393,#4397,#3425,.T.);
#3056=EDGE_CURVE('',#4392,#4398,#3426,.T.);
#3057=EDGE_CURVE('',#4393,#4394,#3427,.T.);
#3058=EDGE_CURVE('',#4394,#4399,#3428,.T.);
#3059=EDGE_CURVE('',#4394,#4395,#3429,.T.);
#3060=EDGE_CURVE('',#4395,#4400,#3430,.T.);
#3061=EDGE_CURVE('',#4395,#4396,#3431,.T.);
#3062=EDGE_CURVE('',#4396,#4401,#3432,.T.);
#3063=EDGE_CURVE('',#4396,#4392,#3433,.T.);
#3064=EDGE_CURVE('',#4397,#4398,#3434,.T.);
#3065=EDGE_CURVE('',#4399,#4397,#3435,.T.);
#3066=EDGE_CURVE('',#4400,#4399,#3436,.T.);
#3067=EDGE_CURVE('',#4401,#4400,#3437,.T.);
#3068=EDGE_CURVE('',#4398,#4401,#3438,.T.);
#3069=EDGE_CURVE('',#4388,#4386,#3439,.T.);
#3070=EDGE_CURVE('',#4390,#4389,#3440,.T.);
#3071=EDGE_CURVE('',#4387,#4391,#3441,.T.);
#3072=EDGE_CURVE('',#4402,#4403,#3442,.T.);
#3073=EDGE_CURVE('',#4403,#4407,#3443,.T.);
#3074=EDGE_CURVE('',#4406,#4407,#3444,.T.);
#3075=EDGE_CURVE('',#4402,#4406,#3445,.T.);
#3076=EDGE_CURVE('',#4403,#4404,#3446,.T.);
#3077=EDGE_CURVE('',#4404,#4408,#3447,.T.);
#3078=EDGE_CURVE('',#4408,#4409,#3448,.T.);
#3079=EDGE_CURVE('',#4404,#4405,#3449,.T.);
#3080=EDGE_CURVE('',#4405,#4409,#3450,.T.);
#3081=EDGE_CURVE('',#4409,#4406,#3451,.T.);
#3082=EDGE_CURVE('',#4405,#4402,#3452,.T.);
#3083=EDGE_CURVE('',#4407,#4408,#3453,.T.);
#3084=EDGE_CURVE('',#4407,#4379,#3454,.T.);
#3085=EDGE_CURVE('',#4378,#4406,#3455,.T.);
#3086=EDGE_CURVE('',#4408,#4376,#3456,.T.);
#3087=EDGE_CURVE('',#4377,#4409,#3457,.T.);
#3088=EDGE_CURVE('',#4410,#4411,#3670,.T.);
#3089=EDGE_CURVE('',#4412,#4413,#3671,.T.);
#3090=EDGE_CURVE('',#4413,#4410,#4022,.T.);
#3091=EDGE_CURVE('',#4411,#4412,#4023,.T.);
#3092=EDGE_CURVE('',#4411,#4410,#3672,.T.);
#3093=EDGE_CURVE('',#4413,#4412,#3673,.T.);
#3094=EDGE_CURVE('',#4414,#4415,#3674,.T.);
#3095=EDGE_CURVE('',#4416,#4417,#3675,.T.);
#3096=EDGE_CURVE('',#4417,#4414,#4024,.T.);
#3097=EDGE_CURVE('',#4415,#4416,#4025,.T.);
#3098=EDGE_CURVE('',#4415,#4414,#3676,.T.);
#3099=EDGE_CURVE('',#4417,#4416,#3677,.T.);
#3100=EDGE_CURVE('',#4418,#4419,#3678,.T.);
#3101=EDGE_CURVE('',#4454,#4455,#3679,.T.);
#3102=EDGE_CURVE('',#4419,#4453,#4026,.T.);
#3103=EDGE_CURVE('',#4452,#4418,#4027,.T.);
#3104=EDGE_CURVE('',#4419,#4418,#3680,.T.);
#3105=EDGE_CURVE('',#4452,#4453,#3681,.T.);
#3106=EDGE_CURVE('',#4421,#4445,#3458,.T.);
#3107=EDGE_CURVE('',#4420,#4421,#3459,.T.);
#3108=EDGE_CURVE('',#4421,#4420,#3460,.T.);
#3109=EDGE_CURVE('',#4423,#4449,#3461,.T.);
#3110=EDGE_CURVE('',#4422,#4423,#3462,.T.);
#3111=EDGE_CURVE('',#4423,#4422,#3463,.T.);
#3112=EDGE_CURVE('',#4425,#4441,#3464,.T.);
#3113=EDGE_CURVE('',#4424,#4425,#3465,.T.);
#3114=EDGE_CURVE('',#4425,#4424,#3466,.T.);
#3115=EDGE_CURVE('',#4427,#4437,#3467,.T.);
#3116=EDGE_CURVE('',#4426,#4427,#3468,.T.);
#3117=EDGE_CURVE('',#4427,#4426,#3469,.T.);
#3118=EDGE_CURVE('',#4428,#4429,#3682,.T.);
#3119=EDGE_CURVE('',#4430,#4431,#3683,.T.);
#3120=EDGE_CURVE('',#4431,#4428,#4028,.T.);
#3121=EDGE_CURVE('',#4429,#4430,#4029,.T.);
#3122=EDGE_CURVE('',#4429,#4428,#3684,.T.);
#3123=EDGE_CURVE('',#4431,#4430,#3685,.T.);
#3124=EDGE_CURVE('',#4432,#4433,#3686,.T.);
#3125=EDGE_CURVE('',#4434,#4435,#3687,.T.);
#3126=EDGE_CURVE('',#4435,#4432,#4030,.T.);
#3127=EDGE_CURVE('',#4433,#4434,#4031,.T.);
#3128=EDGE_CURVE('',#4433,#4432,#3688,.T.);
#3129=EDGE_CURVE('',#4435,#4434,#3689,.T.);
#3130=EDGE_CURVE('',#4443,#4440,#3470,.T.);
#3131=EDGE_CURVE('',#4440,#4441,#3471,.T.);
#3132=EDGE_CURVE('',#4439,#4436,#3472,.T.);
#3133=EDGE_CURVE('',#4436,#4437,#3473,.T.);
#3134=EDGE_CURVE('',#4440,#4424,#3474,.T.);
#3135=EDGE_CURVE('',#4436,#4426,#3475,.T.);
#3136=EDGE_CURVE('',#4444,#4445,#3476,.T.);
#3137=EDGE_CURVE('',#4447,#4444,#3477,.T.);
#3138=EDGE_CURVE('',#4451,#4448,#3478,.T.);
#3139=EDGE_CURVE('',#4448,#4449,#3479,.T.);
#3140=EDGE_CURVE('',#4444,#4420,#3480,.T.);
#3141=EDGE_CURVE('',#4448,#4422,#3481,.T.);
#3142=EDGE_CURVE('',#4439,#4438,#3482,.T.);
#3143=EDGE_CURVE('',#4437,#4438,#3483,.T.);
#3144=EDGE_CURVE('',#4437,#4436,#3484,.T.);
#3145=EDGE_CURVE('',#4438,#4439,#3485,.T.);
#3146=EDGE_CURVE('',#4443,#4442,#3486,.T.);
#3147=EDGE_CURVE('',#4441,#4442,#3487,.T.);
#3148=EDGE_CURVE('',#4441,#4440,#3488,.T.);
#3149=EDGE_CURVE('',#4442,#4443,#3489,.T.);
#3150=EDGE_CURVE('',#4447,#4446,#3490,.T.);
#3151=EDGE_CURVE('',#4445,#4446,#3491,.T.);
#3152=EDGE_CURVE('',#4445,#4444,#3492,.T.);
#3153=EDGE_CURVE('',#4446,#4447,#3493,.T.);
#3154=EDGE_CURVE('',#4451,#4450,#3494,.T.);
#3155=EDGE_CURVE('',#4449,#4450,#3495,.T.);
#3156=EDGE_CURVE('',#4449,#4448,#3496,.T.);
#3157=EDGE_CURVE('',#4450,#4451,#3497,.T.);
#3158=EDGE_CURVE('',#4454,#4455,#3690,.T.);
#3159=EDGE_CURVE('',#4455,#4453,#3498,.T.);
#3160=EDGE_CURVE('',#4452,#4453,#3691,.T.);
#3161=EDGE_CURVE('',#4452,#4454,#3499,.T.);
#3162=B_SPLINE_CURVE_WITH_KNOTS('',1,(#6623,#6624),.UNSPECIFIED.,.F.,.F.,
(2,2),(0.,30.7378746836887),.UNSPECIFIED.);
#3163=B_SPLINE_CURVE_WITH_KNOTS('',1,(#6625,#6626,#6627),.UNSPECIFIED.,
 .F.,.F.,(2,1,2),(0.,7.71186464143585,7.75780811495787),.UNSPECIFIED.);
#3164=B_SPLINE_CURVE_WITH_KNOTS('',1,(#6628,#6629,#6630),.UNSPECIFIED.,
 .F.,.F.,(2,1,2),(0.,31.4958135902657,31.5466716576514),.UNSPECIFIED.);
#3165=B_SPLINE_CURVE_WITH_KNOTS('',1,(#6631,#6632,#6633),.UNSPECIFIED.,
 .F.,.F.,(2,1,2),(0.,2.11946501139789,7.75780811495788),.UNSPECIFIED.);
#3166=B_SPLINE_CURVE_WITH_KNOTS('',1,(#6634,#6635),.UNSPECIFIED.,.F.,.F.,
(2,2),(0.,1.),.UNSPECIFIED.);
#3167=B_SPLINE_CURVE_WITH_KNOTS('',1,(#6636,#6637),.UNSPECIFIED.,.F.,.F.,
(2,2),(0.,1.),.UNSPECIFIED.);
#3168=B_SPLINE_CURVE_WITH_KNOTS('',1,(#6638,#6639),.UNSPECIFIED.,.F.,.F.,
(2,2),(0.,1.),.UNSPECIFIED.);
#3169=B_SPLINE_CURVE_WITH_KNOTS('',1,(#6640,#6641),.UNSPECIFIED.,.F.,.F.,
(2,2),(0.,1.),.UNSPECIFIED.);
#3170=B_SPLINE_CURVE_WITH_KNOTS('',1,(#6642,#6643),.UNSPECIFIED.,.F.,.F.,
(2,2),(0.,1.),.UNSPECIFIED.);
#3171=B_SPLINE_CURVE_WITH_KNOTS('',1,(#6644,#6645),.UNSPECIFIED.,.F.,.F.,
(2,2),(0.,1.),.UNSPECIFIED.);
#3172=B_SPLINE_CURVE_WITH_KNOTS('',1,(#6646,#6647),.UNSPECIFIED.,.F.,.F.,
(2,2),(0.,1.),.UNSPECIFIED.);
#3173=B_SPLINE_CURVE_WITH_KNOTS('',1,(#6648,#6649),.UNSPECIFIED.,.F.,.F.,
(2,2),(0.,1.),.UNSPECIFIED.);
#3174=B_SPLINE_CURVE_WITH_KNOTS('',1,(#6650,#6651),.UNSPECIFIED.,.F.,.F.,
(2,2),(0.,223.77),.UNSPECIFIED.);
#3175=B_SPLINE_CURVE_WITH_KNOTS('',1,(#6652,#6653),.UNSPECIFIED.,.F.,.F.,
(2,2),(0.,1.),.UNSPECIFIED.);
#3176=B_SPLINE_CURVE_WITH_KNOTS('',1,(#6654,#6655),.UNSPECIFIED.,.F.,.F.,
(2,2),(0.,1.),.UNSPECIFIED.);
#3177=B_SPLINE_CURVE_WITH_KNOTS('',1,(#6656,#6657),.UNSPECIFIED.,.F.,.F.,
(2,2),(0.,1.),.UNSPECIFIED.);
#3178=B_SPLINE_CURVE_WITH_KNOTS('',1,(#6658,#6659),.UNSPECIFIED.,.F.,.F.,
(2,2),(0.,1.),.UNSPECIFIED.);
#3179=B_SPLINE_CURVE_WITH_KNOTS('',1,(#6660,#6661),.UNSPECIFIED.,.F.,.F.,
(2,2),(0.,1.),.UNSPECIFIED.);
#3180=B_SPLINE_CURVE_WITH_KNOTS('',1,(#6667,#6668),.UNSPECIFIED.,.F.,.F.,
(2,2),(4.16469894165437,75.5213460565358),.UNSPECIFIED.);
#3181=B_SPLINE_CURVE_WITH_KNOTS('',1,(#6669,#6670),.UNSPECIFIED.,.F.,.F.,
(2,2),(0.,78.6750584944257),.UNSPECIFIED.);
#3182=B_SPLINE_CURVE_WITH_KNOTS('',1,(#6671,#6672),.UNSPECIFIED.,.F.,.F.,
(2,2),(55.0359527233921,69.7880576575007),.UNSPECIFIED.);
#3183=B_SPLINE_CURVE_WITH_KNOTS('',1,(#6673,#6674),.UNSPECIFIED.,.F.,.F.,
(2,2),(55.0359527233921,69.7880576575007),.UNSPECIFIED.);
#3184=B_SPLINE_CURVE_WITH_KNOTS('',1,(#6675,#6676),.UNSPECIFIED.,.F.,.F.,
(2,2),(78.6750584944257,135.024989060849),.UNSPECIFIED.);
#3185=B_SPLINE_CURVE_WITH_KNOTS('',1,(#6677,#6678),.UNSPECIFIED.,.F.,.F.,
(2,2),(78.6750584944257,135.024989060849),.UNSPECIFIED.);
#3186=B_SPLINE_CURVE_WITH_KNOTS('',1,(#6679,#6680),.UNSPECIFIED.,.F.,.F.,
(2,2),(9.30412256053497,12.1133209118716),.UNSPECIFIED.);
#3187=B_SPLINE_CURVE_WITH_KNOTS('',1,(#6681,#6682),.UNSPECIFIED.,.F.,.F.,
(2,2),(179.675244916854,236.025175483277),.UNSPECIFIED.);
#3188=B_SPLINE_CURVE_WITH_KNOTS('',1,(#6683,#6684),.UNSPECIFIED.,.F.,.F.,
(2,2),(-56.7824031096856,1.00000000000014),.UNSPECIFIED.);
#3189=B_SPLINE_CURVE_WITH_KNOTS('',1,(#6685,#6686),.UNSPECIFIED.,.F.,.F.,
(2,2),(55.0359527233921,69.7880576575007),.UNSPECIFIED.);
#3190=B_SPLINE_CURVE_WITH_KNOTS('',1,(#6687,#6688),.UNSPECIFIED.,.F.,.F.,
(2,2),(-12.1133209118716,-9.30412256053497),.UNSPECIFIED.);
#3191=B_SPLINE_CURVE_WITH_KNOTS('',1,(#6689,#6690),.UNSPECIFIED.,.F.,.F.,
(2,2),(-73.9303275312148,-5.75949464903386),.UNSPECIFIED.);
#3192=B_SPLINE_CURVE_WITH_KNOTS('',1,(#6691,#6692),.UNSPECIFIED.,.F.,.F.,
(2,2),(-2.72174614685764,77.9533123475681),.UNSPECIFIED.);
#3193=B_SPLINE_CURVE_WITH_KNOTS('',1,(#6693,#6694),.UNSPECIFIED.,.F.,.F.,
(2,2),(7.41532348885129,24.1313456174219),.UNSPECIFIED.);
#3194=B_SPLINE_CURVE_WITH_KNOTS('',1,(#6695,#6696),.UNSPECIFIED.,.F.,.F.,
(2,2),(-9.30412256053497,7.41189956803573),.UNSPECIFIED.);
#3195=B_SPLINE_CURVE_WITH_KNOTS('',1,(#6705,#6706),.UNSPECIFIED.,.F.,.F.,
(2,2),(218.127892470196,295.081204817764),.UNSPECIFIED.);
#3196=B_SPLINE_CURVE_WITH_KNOTS('',1,(#6707,#6708),.UNSPECIFIED.,.F.,.F.,
(2,2),(-218.127892470196,-141.174580122628),.UNSPECIFIED.);
#3197=B_SPLINE_CURVE_WITH_KNOTS('',3,(#6721,#6722,#6723,#6724,#6725,#6726,
#6727,#6728,#6729,#6730,#6731),.UNSPECIFIED.,.F.,.F.,(4,2,3,2,4),(0.,2.05791508545747,
4.10272966181294,6.14754423817425,8.20545932362627),.UNSPECIFIED.);
#3198=B_SPLINE_CURVE_WITH_KNOTS('',3,(#6734,#6735,#6736,#6737,#6738,#6739,
#6740,#6741,#6742,#6743,#6744),.UNSPECIFIED.,.F.,.F.,(4,2,3,2,4),(0.,2.05791508545329,
4.10272966181344,6.14754423817208,8.20545932362641),.UNSPECIFIED.);
#3199=B_SPLINE_CURVE_WITH_KNOTS('',3,(#6760,#6761,#6762,#6763,#6764,#6765,
#6766,#6767,#6768,#6769,#6770),.UNSPECIFIED.,.F.,.F.,(4,2,3,2,4),(0.,1.44054055981836,
2.87191076326934,4.30328096671998,5.74382152653854),.UNSPECIFIED.);
#3200=B_SPLINE_CURVE_WITH_KNOTS('',3,(#6773,#6774,#6775,#6776,#6777,#6778,
#6779,#6780,#6781,#6782,#6783),.UNSPECIFIED.,.F.,.F.,(4,2,3,2,4),(0.,1.44054055981815,
2.87191076326919,4.30328096672064,5.74382152653799),.UNSPECIFIED.);
#3201=B_SPLINE_CURVE_WITH_KNOTS('',1,(#6809,#6810),.UNSPECIFIED.,.F.,.F.,
(2,2),(0.,1.),.UNSPECIFIED.);
#3202=B_SPLINE_CURVE_WITH_KNOTS('',1,(#6811,#6812),.UNSPECIFIED.,.F.,.F.,
(2,2),(0.,1.),.UNSPECIFIED.);
#3203=B_SPLINE_CURVE_WITH_KNOTS('',3,(#6815,#6816,#6817,#6818,#6819,#6820,
#6821,#6822,#6823,#6824,#6825),.UNSPECIFIED.,.F.,.F.,(4,2,3,2,4),(0.,2.05791508545747,
4.10272966181294,6.14754423817425,8.20545932362627),.UNSPECIFIED.);
#3204=B_SPLINE_CURVE_WITH_KNOTS('',3,(#6828,#6829,#6830,#6831,#6832,#6833,
#6834,#6835,#6836,#6837,#6838),.UNSPECIFIED.,.F.,.F.,(4,2,3,2,4),(0.,2.05791508545329,
4.10272966181344,6.14754423817208,8.20545932362641),.UNSPECIFIED.);
#3205=B_SPLINE_CURVE_WITH_KNOTS('',3,(#6841,#6842,#6843,#6844,#6845,#6846,
#6847,#6848,#6849,#6850,#6851),.UNSPECIFIED.,.F.,.F.,(4,2,3,2,4),(0.,1.44054055981836,
2.87191076326934,4.30328096671998,5.74382152653854),.UNSPECIFIED.);
#3206=B_SPLINE_CURVE_WITH_KNOTS('',3,(#6854,#6855,#6856,#6857,#6858,#6859,
#6860,#6861,#6862,#6863,#6864),.UNSPECIFIED.,.F.,.F.,(4,2,3,2,4),(0.,1.44054055981815,
2.87191076326919,4.30328096672064,5.74382152653799),.UNSPECIFIED.);
#3207=B_SPLINE_CURVE_WITH_KNOTS('',3,(#6865,#6866,#6867,#6868,#6869,#6870,
#6871,#6872,#6873,#6874,#6875),.UNSPECIFIED.,.F.,.F.,(4,2,3,2,4),(0.,1.44054055975972,
2.87191076327448,4.30328096679216,5.7438215265486),.UNSPECIFIED.);
#3208=B_SPLINE_CURVE_WITH_KNOTS('',3,(#6876,#6877,#6878,#6879,#6880,#6881,
#6882,#6883,#6884,#6885,#6886),.UNSPECIFIED.,.F.,.F.,(4,2,3,2,4),(0.,1.44054055975851,
2.871910763274,4.30328096679127,5.74382152654833),.UNSPECIFIED.);
#3209=B_SPLINE_CURVE_WITH_KNOTS('',3,(#6887,#6888,#6889,#6890,#6891,#6892,
#6893,#6894,#6895,#6896,#6897),.UNSPECIFIED.,.F.,.F.,(4,2,3,2,4),(0.,1.44054055975972,
2.87191076327448,4.30328096679216,5.7438215265486),.UNSPECIFIED.);
#3210=B_SPLINE_CURVE_WITH_KNOTS('',3,(#6898,#6899,#6900,#6901,#6902,#6903,
#6904,#6905,#6906,#6907,#6908),.UNSPECIFIED.,.F.,.F.,(4,2,3,2,4),(0.,1.44054055975851,
2.871910763274,4.30328096679127,5.74382152654833),.UNSPECIFIED.);
#3211=B_SPLINE_CURVE_WITH_KNOTS('',3,(#7044,#7045,#7046,#7047,#7048,#7049,
#7050,#7051,#7052,#7053,#7054),.UNSPECIFIED.,.F.,.F.,(4,2,3,2,4),(8.20545932362627,
10.2633744090838,12.3081889854392,14.3530035617961,16.4109186472522),
 .UNSPECIFIED.);
#3212=B_SPLINE_CURVE_WITH_KNOTS('',3,(#7057,#7058,#7059,#7060,#7061,#7062,
#7063,#7064,#7065,#7066,#7067),.UNSPECIFIED.,.F.,.F.,(4,2,3,2,4),(8.20545932362641,
10.263374409079,12.3081889854398,14.3530035617977,16.4109186472526),
 .UNSPECIFIED.);
#3213=B_SPLINE_CURVE_WITH_KNOTS('',3,(#7095,#7096,#7097,#7098,#7099,#7100,
#7101,#7102,#7103,#7104,#7105),.UNSPECIFIED.,.F.,.F.,(4,2,3,2,4),(5.74382152653854,
7.18436208635482,8.61573228980815,10.0471024932605,11.4876430530775),
 .UNSPECIFIED.);
#3214=B_SPLINE_CURVE_WITH_KNOTS('',3,(#7106,#7107,#7108,#7109,#7110,#7111,
#7112,#7113,#7114,#7115,#7116),.UNSPECIFIED.,.F.,.F.,(4,2,3,2,4),(5.7438215265486,
7.184362086308,8.6157322898233,10.0471024933405,11.4876430530979),
 .UNSPECIFIED.);
#3215=B_SPLINE_CURVE_WITH_KNOTS('',3,(#7119,#7120,#7121,#7122,#7123,#7124,
#7125,#7126,#7127,#7128,#7129),.UNSPECIFIED.,.F.,.F.,(4,2,3,2,4),(5.74382152653799,
7.18436208635556,8.61573228980739,10.0471024932596,11.4876430530765),
 .UNSPECIFIED.);
#3216=B_SPLINE_CURVE_WITH_KNOTS('',3,(#7130,#7131,#7132,#7133,#7134,#7135,
#7136,#7137,#7138,#7139,#7140),.UNSPECIFIED.,.F.,.F.,(4,2,3,2,4),(5.74382152654833,
7.18436208630778,8.61573228982265,10.0471024933399,11.4876430530971),
 .UNSPECIFIED.);
#3217=B_SPLINE_CURVE_WITH_KNOTS('',3,(#7168,#7169,#7170,#7171,#7172,#7173,
#7174,#7175,#7176,#7177,#7178),.UNSPECIFIED.,.F.,.F.,(4,2,3,2,4),(8.20545932362627,
10.2633744090838,12.3081889854392,14.3530035617961,16.4109186472522),
 .UNSPECIFIED.);
#3218=B_SPLINE_CURVE_WITH_KNOTS('',3,(#7181,#7182,#7183,#7184,#7185,#7186,
#7187,#7188,#7189,#7190,#7191),.UNSPECIFIED.,.F.,.F.,(4,2,3,2,4),(8.20545932362641,
10.263374409079,12.3081889854398,14.3530035617977,16.4109186472526),
 .UNSPECIFIED.);
#3219=B_SPLINE_CURVE_WITH_KNOTS('',3,(#7194,#7195,#7196,#7197,#7198,#7199,
#7200,#7201,#7202,#7203,#7204),.UNSPECIFIED.,.F.,.F.,(4,2,3,2,4),(5.74382152653854,
7.18436208635482,8.61573228980815,10.0471024932605,11.4876430530775),
 .UNSPECIFIED.);
#3220=B_SPLINE_CURVE_WITH_KNOTS('',3,(#7205,#7206,#7207,#7208,#7209,#7210,
#7211,#7212,#7213,#7214,#7215),.UNSPECIFIED.,.F.,.F.,(4,2,3,2,4),(5.7438215265486,
7.184362086308,8.6157322898233,10.0471024933405,11.4876430530979),
 .UNSPECIFIED.);
#3221=B_SPLINE_CURVE_WITH_KNOTS('',3,(#7218,#7219,#7220,#7221,#7222,#7223,
#7224,#7225,#7226,#7227,#7228),.UNSPECIFIED.,.F.,.F.,(4,2,3,2,4),(5.74382152653799,
7.18436208635556,8.61573228980739,10.0471024932596,11.4876430530765),
 .UNSPECIFIED.);
#3222=B_SPLINE_CURVE_WITH_KNOTS('',3,(#7229,#7230,#7231,#7232,#7233,#7234,
#7235,#7236,#7237,#7238,#7239),.UNSPECIFIED.,.F.,.F.,(4,2,3,2,4),(5.74382152654833,
7.18436208630778,8.61573228982265,10.0471024933399,11.4876430530971),
 .UNSPECIFIED.);
#3223=B_SPLINE_CURVE_WITH_KNOTS('',1,(#8065,#8066),.UNSPECIFIED.,.F.,.F.,
(2,2),(0.,30.7378746836887),.UNSPECIFIED.);
#3224=B_SPLINE_CURVE_WITH_KNOTS('',1,(#8067,#8068,#8069),.UNSPECIFIED.,
 .F.,.F.,(2,1,2),(0.,7.71186464143585,7.75780811495787),.UNSPECIFIED.);
#3225=B_SPLINE_CURVE_WITH_KNOTS('',1,(#8070,#8071,#8072),.UNSPECIFIED.,
 .F.,.F.,(2,1,2),(0.,31.4958135902657,31.5466716576514),.UNSPECIFIED.);
#3226=B_SPLINE_CURVE_WITH_KNOTS('',1,(#8073,#8074,#8075),.UNSPECIFIED.,
 .F.,.F.,(2,1,2),(0.,2.11946501139789,7.75780811495788),.UNSPECIFIED.);
#3227=B_SPLINE_CURVE_WITH_KNOTS('',1,(#8076,#8077),.UNSPECIFIED.,.F.,.F.,
(2,2),(0.,1.),.UNSPECIFIED.);
#3228=B_SPLINE_CURVE_WITH_KNOTS('',1,(#8078,#8079),.UNSPECIFIED.,.F.,.F.,
(2,2),(0.,1.),.UNSPECIFIED.);
#3229=B_SPLINE_CURVE_WITH_KNOTS('',1,(#8080,#8081),.UNSPECIFIED.,.F.,.F.,
(2,2),(0.,1.),.UNSPECIFIED.);
#3230=B_SPLINE_CURVE_WITH_KNOTS('',1,(#8082,#8083),.UNSPECIFIED.,.F.,.F.,
(2,2),(0.,1.),.UNSPECIFIED.);
#3231=B_SPLINE_CURVE_WITH_KNOTS('',1,(#8084,#8085),.UNSPECIFIED.,.F.,.F.,
(2,2),(0.,1.),.UNSPECIFIED.);
#3232=B_SPLINE_CURVE_WITH_KNOTS('',1,(#8086,#8087),.UNSPECIFIED.,.F.,.F.,
(2,2),(0.,1.),.UNSPECIFIED.);
#3233=B_SPLINE_CURVE_WITH_KNOTS('',1,(#8088,#8089),.UNSPECIFIED.,.F.,.F.,
(2,2),(0.,1.),.UNSPECIFIED.);
#3234=B_SPLINE_CURVE_WITH_KNOTS('',1,(#8090,#8091),.UNSPECIFIED.,.F.,.F.,
(2,2),(0.,1.),.UNSPECIFIED.);
#3235=B_SPLINE_CURVE_WITH_KNOTS('',1,(#8092,#8093),.UNSPECIFIED.,.F.,.F.,
(2,2),(0.,223.77),.UNSPECIFIED.);
#3236=B_SPLINE_CURVE_WITH_KNOTS('',1,(#8094,#8095),.UNSPECIFIED.,.F.,.F.,
(2,2),(0.,1.),.UNSPECIFIED.);
#3237=B_SPLINE_CURVE_WITH_KNOTS('',1,(#8096,#8097),.UNSPECIFIED.,.F.,.F.,
(2,2),(0.,1.),.UNSPECIFIED.);
#3238=B_SPLINE_CURVE_WITH_KNOTS('',1,(#8098,#8099),.UNSPECIFIED.,.F.,.F.,
(2,2),(0.,1.),.UNSPECIFIED.);
#3239=B_SPLINE_CURVE_WITH_KNOTS('',1,(#8100,#8101),.UNSPECIFIED.,.F.,.F.,
(2,2),(0.,1.),.UNSPECIFIED.);
#3240=B_SPLINE_CURVE_WITH_KNOTS('',1,(#8102,#8103),.UNSPECIFIED.,.F.,.F.,
(2,2),(0.,1.),.UNSPECIFIED.);
#3241=B_SPLINE_CURVE_WITH_KNOTS('',1,(#8109,#8110),.UNSPECIFIED.,.F.,.F.,
(2,2),(4.16469894165437,75.5213460565358),.UNSPECIFIED.);
#3242=B_SPLINE_CURVE_WITH_KNOTS('',1,(#8111,#8112),.UNSPECIFIED.,.F.,.F.,
(2,2),(0.,78.6750584944257),.UNSPECIFIED.);
#3243=B_SPLINE_CURVE_WITH_KNOTS('',1,(#8113,#8114),.UNSPECIFIED.,.F.,.F.,
(2,2),(55.0359527233921,69.7880576575007),.UNSPECIFIED.);
#3244=B_SPLINE_CURVE_WITH_KNOTS('',1,(#8115,#8116),.UNSPECIFIED.,.F.,.F.,
(2,2),(55.0359527233921,69.7880576575007),.UNSPECIFIED.);
#3245=B_SPLINE_CURVE_WITH_KNOTS('',1,(#8117,#8118),.UNSPECIFIED.,.F.,.F.,
(2,2),(78.6750584944257,135.024989060849),.UNSPECIFIED.);
#3246=B_SPLINE_CURVE_WITH_KNOTS('',1,(#8119,#8120),.UNSPECIFIED.,.F.,.F.,
(2,2),(78.6750584944257,135.024989060849),.UNSPECIFIED.);
#3247=B_SPLINE_CURVE_WITH_KNOTS('',1,(#8121,#8122),.UNSPECIFIED.,.F.,.F.,
(2,2),(9.30412256053497,12.1133209118716),.UNSPECIFIED.);
#3248=B_SPLINE_CURVE_WITH_KNOTS('',1,(#8123,#8124),.UNSPECIFIED.,.F.,.F.,
(2,2),(179.675244916854,236.025175483277),.UNSPECIFIED.);
#3249=B_SPLINE_CURVE_WITH_KNOTS('',1,(#8125,#8126),.UNSPECIFIED.,.F.,.F.,
(2,2),(-56.7824031096856,1.00000000000014),.UNSPECIFIED.);
#3250=B_SPLINE_CURVE_WITH_KNOTS('',1,(#8127,#8128),.UNSPECIFIED.,.F.,.F.,
(2,2),(55.0359527233921,69.7880576575007),.UNSPECIFIED.);
#3251=B_SPLINE_CURVE_WITH_KNOTS('',1,(#8129,#8130),.UNSPECIFIED.,.F.,.F.,
(2,2),(-12.1133209118716,-9.30412256053497),.UNSPECIFIED.);
#3252=B_SPLINE_CURVE_WITH_KNOTS('',1,(#8131,#8132),.UNSPECIFIED.,.F.,.F.,
(2,2),(-73.9303275312148,-5.75949464903386),.UNSPECIFIED.);
#3253=B_SPLINE_CURVE_WITH_KNOTS('',1,(#8133,#8134),.UNSPECIFIED.,.F.,.F.,
(2,2),(-2.72174614685764,77.9533123475681),.UNSPECIFIED.);
#3254=B_SPLINE_CURVE_WITH_KNOTS('',1,(#8135,#8136),.UNSPECIFIED.,.F.,.F.,
(2,2),(7.41532348885129,24.1313456174219),.UNSPECIFIED.);
#3255=B_SPLINE_CURVE_WITH_KNOTS('',1,(#8137,#8138),.UNSPECIFIED.,.F.,.F.,
(2,2),(-9.30412256053497,7.41189956803573),.UNSPECIFIED.);
#3256=B_SPLINE_CURVE_WITH_KNOTS('',1,(#8147,#8148),.UNSPECIFIED.,.F.,.F.,
(2,2),(218.127892470196,295.081204817764),.UNSPECIFIED.);
#3257=B_SPLINE_CURVE_WITH_KNOTS('',1,(#8149,#8150),.UNSPECIFIED.,.F.,.F.,
(2,2),(-218.127892470196,-141.174580122628),.UNSPECIFIED.);
#3258=B_SPLINE_CURVE_WITH_KNOTS('',3,(#8163,#8164,#8165,#8166,#8167,#8168,
#8169,#8170,#8171,#8172,#8173),.UNSPECIFIED.,.F.,.F.,(4,2,3,2,4),(0.,2.05791508545747,
4.10272966181294,6.14754423817425,8.20545932362627),.UNSPECIFIED.);
#3259=B_SPLINE_CURVE_WITH_KNOTS('',3,(#8176,#8177,#8178,#8179,#8180,#8181,
#8182,#8183,#8184,#8185,#8186),.UNSPECIFIED.,.F.,.F.,(4,2,3,2,4),(0.,2.05791508545329,
4.10272966181344,6.14754423817208,8.20545932362641),.UNSPECIFIED.);
#3260=B_SPLINE_CURVE_WITH_KNOTS('',3,(#8202,#8203,#8204,#8205,#8206,#8207,
#8208,#8209,#8210,#8211,#8212),.UNSPECIFIED.,.F.,.F.,(4,2,3,2,4),(0.,1.44054055981836,
2.87191076326934,4.30328096671998,5.74382152653854),.UNSPECIFIED.);
#3261=B_SPLINE_CURVE_WITH_KNOTS('',3,(#8215,#8216,#8217,#8218,#8219,#8220,
#8221,#8222,#8223,#8224,#8225),.UNSPECIFIED.,.F.,.F.,(4,2,3,2,4),(0.,1.44054055981815,
2.87191076326919,4.30328096672064,5.74382152653799),.UNSPECIFIED.);
#3262=B_SPLINE_CURVE_WITH_KNOTS('',1,(#8251,#8252),.UNSPECIFIED.,.F.,.F.,
(2,2),(0.,1.),.UNSPECIFIED.);
#3263=B_SPLINE_CURVE_WITH_KNOTS('',1,(#8253,#8254),.UNSPECIFIED.,.F.,.F.,
(2,2),(0.,1.),.UNSPECIFIED.);
#3264=B_SPLINE_CURVE_WITH_KNOTS('',3,(#8257,#8258,#8259,#8260,#8261,#8262,
#8263,#8264,#8265,#8266,#8267),.UNSPECIFIED.,.F.,.F.,(4,2,3,2,4),(0.,2.05791508545747,
4.10272966181294,6.14754423817425,8.20545932362627),.UNSPECIFIED.);
#3265=B_SPLINE_CURVE_WITH_KNOTS('',3,(#8270,#8271,#8272,#8273,#8274,#8275,
#8276,#8277,#8278,#8279,#8280),.UNSPECIFIED.,.F.,.F.,(4,2,3,2,4),(0.,2.05791508545329,
4.10272966181344,6.14754423817208,8.20545932362641),.UNSPECIFIED.);
#3266=B_SPLINE_CURVE_WITH_KNOTS('',3,(#8283,#8284,#8285,#8286,#8287,#8288,
#8289,#8290,#8291,#8292,#8293),.UNSPECIFIED.,.F.,.F.,(4,2,3,2,4),(0.,1.44054055981836,
2.87191076326934,4.30328096671998,5.74382152653854),.UNSPECIFIED.);
#3267=B_SPLINE_CURVE_WITH_KNOTS('',3,(#8296,#8297,#8298,#8299,#8300,#8301,
#8302,#8303,#8304,#8305,#8306),.UNSPECIFIED.,.F.,.F.,(4,2,3,2,4),(0.,1.44054055981815,
2.87191076326919,4.30328096672064,5.74382152653799),.UNSPECIFIED.);
#3268=B_SPLINE_CURVE_WITH_KNOTS('',3,(#8307,#8308,#8309,#8310,#8311,#8312,
#8313,#8314,#8315,#8316,#8317),.UNSPECIFIED.,.F.,.F.,(4,2,3,2,4),(0.,1.44054055975972,
2.87191076327448,4.30328096679216,5.7438215265486),.UNSPECIFIED.);
#3269=B_SPLINE_CURVE_WITH_KNOTS('',3,(#8318,#8319,#8320,#8321,#8322,#8323,
#8324,#8325,#8326,#8327,#8328),.UNSPECIFIED.,.F.,.F.,(4,2,3,2,4),(0.,1.44054055975851,
2.871910763274,4.30328096679127,5.74382152654833),.UNSPECIFIED.);
#3270=B_SPLINE_CURVE_WITH_KNOTS('',3,(#8329,#8330,#8331,#8332,#8333,#8334,
#8335,#8336,#8337,#8338,#8339),.UNSPECIFIED.,.F.,.F.,(4,2,3,2,4),(0.,1.44054055975972,
2.87191076327448,4.30328096679216,5.7438215265486),.UNSPECIFIED.);
#3271=B_SPLINE_CURVE_WITH_KNOTS('',3,(#8340,#8341,#8342,#8343,#8344,#8345,
#8346,#8347,#8348,#8349,#8350),.UNSPECIFIED.,.F.,.F.,(4,2,3,2,4),(0.,1.44054055975851,
2.871910763274,4.30328096679127,5.74382152654833),.UNSPECIFIED.);
#3272=B_SPLINE_CURVE_WITH_KNOTS('',3,(#8486,#8487,#8488,#8489,#8490,#8491,
#8492,#8493,#8494,#8495,#8496),.UNSPECIFIED.,.F.,.F.,(4,2,3,2,4),(8.20545932362627,
10.2633744090838,12.3081889854392,14.3530035617961,16.4109186472522),
 .UNSPECIFIED.);
#3273=B_SPLINE_CURVE_WITH_KNOTS('',3,(#8499,#8500,#8501,#8502,#8503,#8504,
#8505,#8506,#8507,#8508,#8509),.UNSPECIFIED.,.F.,.F.,(4,2,3,2,4),(8.20545932362641,
10.263374409079,12.3081889854398,14.3530035617977,16.4109186472526),
 .UNSPECIFIED.);
#3274=B_SPLINE_CURVE_WITH_KNOTS('',3,(#8537,#8538,#8539,#8540,#8541,#8542,
#8543,#8544,#8545,#8546,#8547),.UNSPECIFIED.,.F.,.F.,(4,2,3,2,4),(5.74382152653854,
7.18436208635482,8.61573228980815,10.0471024932605,11.4876430530775),
 .UNSPECIFIED.);
#3275=B_SPLINE_CURVE_WITH_KNOTS('',3,(#8548,#8549,#8550,#8551,#8552,#8553,
#8554,#8555,#8556,#8557,#8558),.UNSPECIFIED.,.F.,.F.,(4,2,3,2,4),(5.7438215265486,
7.184362086308,8.6157322898233,10.0471024933405,11.4876430530979),
 .UNSPECIFIED.);
#3276=B_SPLINE_CURVE_WITH_KNOTS('',3,(#8561,#8562,#8563,#8564,#8565,#8566,
#8567,#8568,#8569,#8570,#8571),.UNSPECIFIED.,.F.,.F.,(4,2,3,2,4),(5.74382152653799,
7.18436208635556,8.61573228980739,10.0471024932596,11.4876430530765),
 .UNSPECIFIED.);
#3277=B_SPLINE_CURVE_WITH_KNOTS('',3,(#8572,#8573,#8574,#8575,#8576,#8577,
#8578,#8579,#8580,#8581,#8582),.UNSPECIFIED.,.F.,.F.,(4,2,3,2,4),(5.74382152654833,
7.18436208630778,8.61573228982265,10.0471024933399,11.4876430530971),
 .UNSPECIFIED.);
#3278=B_SPLINE_CURVE_WITH_KNOTS('',3,(#8610,#8611,#8612,#8613,#8614,#8615,
#8616,#8617,#8618,#8619,#8620),.UNSPECIFIED.,.F.,.F.,(4,2,3,2,4),(8.20545932362627,
10.2633744090838,12.3081889854392,14.3530035617961,16.4109186472522),
 .UNSPECIFIED.);
#3279=B_SPLINE_CURVE_WITH_KNOTS('',3,(#8623,#8624,#8625,#8626,#8627,#8628,
#8629,#8630,#8631,#8632,#8633),.UNSPECIFIED.,.F.,.F.,(4,2,3,2,4),(8.20545932362641,
10.263374409079,12.3081889854398,14.3530035617977,16.4109186472526),
 .UNSPECIFIED.);
#3280=B_SPLINE_CURVE_WITH_KNOTS('',3,(#8636,#8637,#8638,#8639,#8640,#8641,
#8642,#8643,#8644,#8645,#8646),.UNSPECIFIED.,.F.,.F.,(4,2,3,2,4),(5.74382152653854,
7.18436208635482,8.61573228980815,10.0471024932605,11.4876430530775),
 .UNSPECIFIED.);
#3281=B_SPLINE_CURVE_WITH_KNOTS('',3,(#8647,#8648,#8649,#8650,#8651,#8652,
#8653,#8654,#8655,#8656,#8657),.UNSPECIFIED.,.F.,.F.,(4,2,3,2,4),(5.7438215265486,
7.184362086308,8.6157322898233,10.0471024933405,11.4876430530979),
 .UNSPECIFIED.);
#3282=B_SPLINE_CURVE_WITH_KNOTS('',3,(#8660,#8661,#8662,#8663,#8664,#8665,
#8666,#8667,#8668,#8669,#8670),.UNSPECIFIED.,.F.,.F.,(4,2,3,2,4),(5.74382152653799,
7.18436208635556,8.61573228980739,10.0471024932596,11.4876430530765),
 .UNSPECIFIED.);
#3283=B_SPLINE_CURVE_WITH_KNOTS('',3,(#8671,#8672,#8673,#8674,#8675,#8676,
#8677,#8678,#8679,#8680,#8681),.UNSPECIFIED.,.F.,.F.,(4,2,3,2,4),(5.74382152654833,
7.18436208630778,8.61573228982265,10.0471024933399,11.4876430530971),
 .UNSPECIFIED.);
#3284=B_SPLINE_CURVE_WITH_KNOTS('',1,(#9215,#9216),.UNSPECIFIED.,.F.,.F.,
(2,2),(0.,80.6750584944258),.UNSPECIFIED.);
#3285=B_SPLINE_CURVE_WITH_KNOTS('',1,(#9217,#9218),.UNSPECIFIED.,.F.,.F.,
(2,2),(80.6750584944258,138.457461604111),.UNSPECIFIED.);
#3286=B_SPLINE_CURVE_WITH_KNOTS('',1,(#9219,#9220),.UNSPECIFIED.,.F.,.F.,
(2,2),(138.457461604111,170.832565327944),.UNSPECIFIED.);
#3287=B_SPLINE_CURVE_WITH_KNOTS('',1,(#9221,#9222),.UNSPECIFIED.,.F.,.F.,
(2,2),(170.832565327944,228.61496843763),.UNSPECIFIED.);
#3288=B_SPLINE_CURVE_WITH_KNOTS('',1,(#9223,#9224),.UNSPECIFIED.,.F.,.F.,
(2,2),(228.61496843763,309.290026932055),.UNSPECIFIED.);
#3289=B_SPLINE_CURVE_WITH_KNOTS('',1,(#9225,#9226),.UNSPECIFIED.,.F.,.F.,
(2,2),(-309.290026932055,-228.61496843763),.UNSPECIFIED.);
#3290=B_SPLINE_CURVE_WITH_KNOTS('',1,(#9227,#9228),.UNSPECIFIED.,.F.,.F.,
(2,2),(-228.61496843763,-170.832565327944),.UNSPECIFIED.);
#3291=B_SPLINE_CURVE_WITH_KNOTS('',1,(#9229,#9230),.UNSPECIFIED.,.F.,.F.,
(2,2),(-170.832565327944,-138.457461604111),.UNSPECIFIED.);
#3292=B_SPLINE_CURVE_WITH_KNOTS('',1,(#9231,#9232),.UNSPECIFIED.,.F.,.F.,
(2,2),(-138.457461604111,-80.6750584944258),.UNSPECIFIED.);
#3293=B_SPLINE_CURVE_WITH_KNOTS('',1,(#9233,#9234),.UNSPECIFIED.,.F.,.F.,
(2,2),(-80.6750584944258,0.),.UNSPECIFIED.);
#3294=B_SPLINE_CURVE_WITH_KNOTS('',1,(#9235,#9236),.UNSPECIFIED.,.F.,.F.,
(2,2),(0.,13.7597297152032),.UNSPECIFIED.);
#3295=B_SPLINE_CURVE_WITH_KNOTS('',1,(#9237,#9238),.UNSPECIFIED.,.F.,.F.,
(2,2),(0.,13.7597297152032),.UNSPECIFIED.);
#3296=B_SPLINE_CURVE_WITH_KNOTS('',1,(#9239,#9240),.UNSPECIFIED.,.F.,.F.,
(2,2),(0.,13.7597297152032),.UNSPECIFIED.);
#3297=B_SPLINE_CURVE_WITH_KNOTS('',1,(#9241,#9242),.UNSPECIFIED.,.F.,.F.,
(2,2),(0.,13.7597297152032),.UNSPECIFIED.);
#3298=B_SPLINE_CURVE_WITH_KNOTS('',1,(#9243,#9244),.UNSPECIFIED.,.F.,.F.,
(2,2),(0.,13.7597297152032),.UNSPECIFIED.);
#3299=B_SPLINE_CURVE_WITH_KNOTS('',1,(#9245,#9246),.UNSPECIFIED.,.F.,.F.,
(2,2),(-1.00000000000066,10.9999999999998),.UNSPECIFIED.);
#3300=B_SPLINE_CURVE_WITH_KNOTS('',1,(#9247,#9248),.UNSPECIFIED.,.F.,.F.,
(2,2),(-1.,11.),.UNSPECIFIED.);
#3301=B_SPLINE_CURVE_WITH_KNOTS('',1,(#9249,#9250),.UNSPECIFIED.,.F.,.F.,
(2,2),(-0.999999999999968,11.0000000000001),.UNSPECIFIED.);
#3302=B_SPLINE_CURVE_WITH_KNOTS('',1,(#9251,#9252),.UNSPECIFIED.,.F.,.F.,
(2,2),(-1.,11.),.UNSPECIFIED.);
#3303=B_SPLINE_CURVE_WITH_KNOTS('',3,(#9253,#9254,#9255,#9256),
 .UNSPECIFIED.,.F.,.F.,(4,4),(0.,5.78683826032578),.UNSPECIFIED.);
#3304=B_SPLINE_CURVE_WITH_KNOTS('',3,(#9257,#9258,#9259,#9260,#9261,#9262,
#9263),.UNSPECIFIED.,.F.,.F.,(4,3,4),(0.,2.68450625072671,5.36907293118082),
 .UNSPECIFIED.);
#3305=B_SPLINE_CURVE_WITH_KNOTS('',3,(#9264,#9265,#9266,#9267),
 .UNSPECIFIED.,.F.,.F.,(4,4),(0.,1.88823608166002),.UNSPECIFIED.);
#3306=B_SPLINE_CURVE_WITH_KNOTS('',3,(#9268,#9269,#9270,#9271,#9272,#9273,
#9274),.UNSPECIFIED.,.F.,.F.,(4,3,4),(0.,2.68481619027025,5.3696928043739),
 .UNSPECIFIED.);
#3307=B_SPLINE_CURVE_WITH_KNOTS('',3,(#9275,#9276,#9277,#9278),
 .UNSPECIFIED.,.F.,.F.,(4,4),(0.,5.78639954512276),.UNSPECIFIED.);
#3308=B_SPLINE_CURVE_WITH_KNOTS('',3,(#9279,#9280,#9281,#9282,#9283,#9284,
#9285),.UNSPECIFIED.,.F.,.F.,(4,3,4),(0.,4.57886496607962,9.15723703384039),
 .UNSPECIFIED.);
#3309=B_SPLINE_CURVE_WITH_KNOTS('',3,(#9286,#9287,#9288,#9289),
 .UNSPECIFIED.,.F.,.F.,(4,4),(0.,5.78683826032582),.UNSPECIFIED.);
#3310=B_SPLINE_CURVE_WITH_KNOTS('',3,(#9290,#9291,#9292,#9293),
 .UNSPECIFIED.,.F.,.F.,(4,4),(0.,1.88823608166),.UNSPECIFIED.);
#3311=B_SPLINE_CURVE_WITH_KNOTS('',3,(#9294,#9295,#9296,#9297),
 .UNSPECIFIED.,.F.,.F.,(4,4),(0.,5.78639954512289),.UNSPECIFIED.);
#3312=B_SPLINE_CURVE_WITH_KNOTS('',1,(#9298,#9299),.UNSPECIFIED.,.F.,.F.,
(2,2),(2.15697547838698,4.15744652756852),.UNSPECIFIED.);
#3313=B_SPLINE_CURVE_WITH_KNOTS('',1,(#9300,#9301),.UNSPECIFIED.,.F.,.F.,
(2,2),(2.25907484209237,4.25954589127392),.UNSPECIFIED.);
#3314=B_SPLINE_CURVE_WITH_KNOTS('',1,(#9304,#9305),.UNSPECIFIED.,.F.,.F.,
(2,2),(2.17782302627346,4.17829407545501),.UNSPECIFIED.);
#3315=B_SPLINE_CURVE_WITH_KNOTS('',1,(#9308,#9309),.UNSPECIFIED.,.F.,.F.,
(2,2),(2.3499272056777,4.35039825485924),.UNSPECIFIED.);
#3316=B_SPLINE_CURVE_WITH_KNOTS('',1,(#9310,#9311),.UNSPECIFIED.,.F.,.F.,
(2,2),(-927.870080796165,-847.19502230174),.UNSPECIFIED.);
#3317=B_SPLINE_CURVE_WITH_KNOTS('',1,(#9312,#9313),.UNSPECIFIED.,.F.,.F.,
(2,2),(0.,1.75972971520512),.UNSPECIFIED.);
#3318=B_SPLINE_CURVE_WITH_KNOTS('',1,(#9314,#9315),.UNSPECIFIED.,.F.,.F.,
(2,2),(0.,1.75972971520318),.UNSPECIFIED.);
#3319=B_SPLINE_CURVE_WITH_KNOTS('',1,(#9316,#9317),.UNSPECIFIED.,.F.,.F.,
(2,2),(-847.19502230174,-789.412619192054),.UNSPECIFIED.);
#3320=B_SPLINE_CURVE_WITH_KNOTS('',1,(#9318,#9319),.UNSPECIFIED.,.F.,.F.,
(2,2),(0.,1.75972971520512),.UNSPECIFIED.);
#3321=B_SPLINE_CURVE_WITH_KNOTS('',1,(#9320,#9321),.UNSPECIFIED.,.F.,.F.,
(2,2),(-789.412619192054,-757.037515468221),.UNSPECIFIED.);
#3322=B_SPLINE_CURVE_WITH_KNOTS('',1,(#9322,#9323),.UNSPECIFIED.,.F.,.F.,
(2,2),(0.,1.75972971520457),.UNSPECIFIED.);
#3323=B_SPLINE_CURVE_WITH_KNOTS('',1,(#9324,#9325),.UNSPECIFIED.,.F.,.F.,
(2,2),(-757.037515468221,-699.255112358536),.UNSPECIFIED.);
#3324=B_SPLINE_CURVE_WITH_KNOTS('',1,(#9326,#9327),.UNSPECIFIED.,.F.,.F.,
(2,2),(0.,1.75972971520318),.UNSPECIFIED.);
#3325=B_SPLINE_CURVE_WITH_KNOTS('',1,(#9328,#9329),.UNSPECIFIED.,.F.,.F.,
(2,2),(-699.255112358536,-618.58005386411),.UNSPECIFIED.);
#3326=B_SPLINE_CURVE_WITH_KNOTS('',1,(#9330,#9331),.UNSPECIFIED.,.F.,.F.,
(2,2),(847.19502230174,927.870080796165),.UNSPECIFIED.);
#3327=B_SPLINE_CURVE_WITH_KNOTS('',1,(#9332,#9333),.UNSPECIFIED.,.F.,.F.,
(2,2),(789.412619192054,847.19502230174),.UNSPECIFIED.);
#3328=B_SPLINE_CURVE_WITH_KNOTS('',1,(#9334,#9335),.UNSPECIFIED.,.F.,.F.,
(2,2),(757.037515468221,789.412619192054),.UNSPECIFIED.);
#3329=B_SPLINE_CURVE_WITH_KNOTS('',1,(#9336,#9337),.UNSPECIFIED.,.F.,.F.,
(2,2),(699.255112358536,757.037515468221),.UNSPECIFIED.);
#3330=B_SPLINE_CURVE_WITH_KNOTS('',1,(#9338,#9339),.UNSPECIFIED.,.F.,.F.,
(2,2),(618.58005386411,699.255112358536),.UNSPECIFIED.);
#3331=B_SPLINE_CURVE_WITH_KNOTS('',3,(#9340,#9341,#9342,#9343,#9344,#9345,
#9346),.UNSPECIFIED.,.F.,.F.,(4,3,4),(0.,2.68450625072669,5.36907293118091),
 .UNSPECIFIED.);
#3332=B_SPLINE_CURVE_WITH_KNOTS('',3,(#9347,#9348,#9349,#9350,#9351,#9352,
#9353),.UNSPECIFIED.,.F.,.F.,(4,3,4),(0.,2.68481619027046,5.3696928043737),
 .UNSPECIFIED.);
#3333=B_SPLINE_CURVE_WITH_KNOTS('',3,(#9354,#9355,#9356,#9357,#9358,#9359,
#9360),.UNSPECIFIED.,.F.,.F.,(4,3,4),(0.,4.57886496607936,9.15723703384015),
 .UNSPECIFIED.);
#3334=B_SPLINE_CURVE_WITH_KNOTS('',1,(#9361,#9362),.UNSPECIFIED.,.F.,.F.,
(2,2),(0.,10.),.UNSPECIFIED.);
#3335=B_SPLINE_CURVE_WITH_KNOTS('',1,(#9363,#9364),.UNSPECIFIED.,.F.,.F.,
(2,2),(0.,9.5),.UNSPECIFIED.);
#3336=B_SPLINE_CURVE_WITH_KNOTS('',1,(#9365,#9366),.UNSPECIFIED.,.F.,.F.,
(2,2),(0.,10.),.UNSPECIFIED.);
#3337=B_SPLINE_CURVE_WITH_KNOTS('',1,(#9367,#9368),.UNSPECIFIED.,.F.,.F.,
(2,2),(0.,9.49999999999999),.UNSPECIFIED.);
#3338=B_SPLINE_CURVE_WITH_KNOTS('',1,(#9369,#9370),.UNSPECIFIED.,.F.,.F.,
(2,2),(10.,20.),.UNSPECIFIED.);
#3339=B_SPLINE_CURVE_WITH_KNOTS('',1,(#9371,#9372),.UNSPECIFIED.,.F.,.F.,
(2,2),(0.,9.49999999999999),.UNSPECIFIED.);
#3340=B_SPLINE_CURVE_WITH_KNOTS('',1,(#9373,#9374),.UNSPECIFIED.,.F.,.F.,
(2,2),(0.,10.),.UNSPECIFIED.);
#3341=B_SPLINE_CURVE_WITH_KNOTS('',1,(#9375,#9376),.UNSPECIFIED.,.F.,.F.,
(2,2),(20.,30.),.UNSPECIFIED.);
#3342=B_SPLINE_CURVE_WITH_KNOTS('',1,(#9377,#9378),.UNSPECIFIED.,.F.,.F.,
(2,2),(0.,9.49999999999999),.UNSPECIFIED.);
#3343=B_SPLINE_CURVE_WITH_KNOTS('',1,(#9379,#9380),.UNSPECIFIED.,.F.,.F.,
(2,2),(0.,10.),.UNSPECIFIED.);
#3344=B_SPLINE_CURVE_WITH_KNOTS('',1,(#9381,#9382),.UNSPECIFIED.,.F.,.F.,
(2,2),(30.,40.),.UNSPECIFIED.);
#3345=B_SPLINE_CURVE_WITH_KNOTS('',1,(#9383,#9384),.UNSPECIFIED.,.F.,.F.,
(2,2),(0.,10.),.UNSPECIFIED.);
#3346=B_SPLINE_CURVE_WITH_KNOTS('',3,(#9385,#9386,#9387,#9388,#9389,#9390,
#9391,#9392,#9393,#9394,#9395,#9396),.UNSPECIFIED.,.F.,.F.,(4,1,1,1,1,1,
1,1,1,4),(0.,0.192450089730012,0.384900179459753,0.577350269189864,0.769800358919712,
0.962250448649486,1.15470053837946,1.34715062810918,1.53960071783916,1.73205080756887),
 .UNSPECIFIED.);
#3347=B_SPLINE_CURVE_WITH_KNOTS('',3,(#9397,#9398,#9399,#9400,#9401,#9402,
#9403,#9404,#9405,#9406,#9407,#9408),.UNSPECIFIED.,.F.,.F.,(4,1,1,1,1,1,
1,1,1,4),(-1.73205080756887,-1.53960071783916,-1.34715062810919,-1.1547005383793,
-0.962250448649428,-0.769800358919453,-0.577350269189737,-0.384900179459725,
-0.192450089729721,0.),.UNSPECIFIED.);
#3348=B_SPLINE_CURVE_WITH_KNOTS('',3,(#9409,#9410,#9411,#9412,#9413,#9414,
#9415,#9416,#9417,#9418,#9419,#9420),.UNSPECIFIED.,.F.,.F.,(4,1,1,1,1,1,
1,1,1,4),(0.,0.192450089730024,0.38490017945977,0.577350269189745,0.76980035891972,
0.962250448649568,1.15470053837944,1.34715062810932,1.5396007178393,1.73205080756918),
 .UNSPECIFIED.);
#3349=B_SPLINE_CURVE_WITH_KNOTS('',3,(#9421,#9422,#9423,#9424,#9425,#9426,
#9427,#9428,#9429,#9430,#9431,#9432),.UNSPECIFIED.,.F.,.F.,(4,1,1,1,1,1,
1,1,1,4),(-1.73205080756875,-1.53960071783891,-1.34715062810906,-1.15470053837928,
-0.962250448649305,-0.769800358919457,-0.577350269189609,-0.384900179459737,
-0.192450089729795,0.),.UNSPECIFIED.);
#3350=B_SPLINE_CURVE_WITH_KNOTS('',1,(#9489,#9490),.UNSPECIFIED.,.F.,.F.,
(2,2),(0.654500309183133,1.30900061654564),.UNSPECIFIED.);
#3351=B_SPLINE_CURVE_WITH_KNOTS('',3,(#9491,#9492,#9493,#9494,#9495,#9496,
#9497,#9498,#9499,#9500,#9501,#9502,#9503),.UNSPECIFIED.,.F.,.F.,(4,3,3,
3,4),(0.,1.0296071915117,2.05138547027003,3.07316374902791,4.1027709405409),
 .UNSPECIFIED.);
#3352=B_SPLINE_CURVE_WITH_KNOTS('',3,(#9504,#9505,#9506,#9507,#9508,#9509,
#9510,#9511,#9512,#9513,#9514,#9515,#9516),.UNSPECIFIED.,.F.,.F.,(4,3,3,
3,4),(-4.10277094054107,-3.07316374902882,-2.05138547027082,-1.02960719151225,
0.),.UNSPECIFIED.);
#3353=B_SPLINE_CURVE_WITH_KNOTS('',1,(#9517,#9518),.UNSPECIFIED.,.F.,.F.,
(2,2),(0.654500309183136,1.3090006165457),.UNSPECIFIED.);
#3354=B_SPLINE_CURVE_WITH_KNOTS('',3,(#9519,#9520,#9521,#9522,#9523,#9524,
#9525,#9526,#9527,#9528,#9529,#9530,#9531),.UNSPECIFIED.,.F.,.F.,(4,3,3,
3,4),(0.,1.02960719151203,2.05138547027009,3.07316374902827,4.10277094054076),
 .UNSPECIFIED.);
#3355=B_SPLINE_CURVE_WITH_KNOTS('',3,(#9532,#9533,#9534,#9535,#9536,#9537,
#9538,#9539,#9540,#9541,#9542,#9543,#9544),.UNSPECIFIED.,.F.,.F.,(4,3,3,
3,4),(-4.10277094054054,-3.07316374902827,-2.05138547026992,-1.02960719151251,
0.),.UNSPECIFIED.);
#3356=B_SPLINE_CURVE_WITH_KNOTS('',1,(#9545,#9546),.UNSPECIFIED.,.F.,.F.,
(2,2),(0.654500309183141,1.30900061654582),.UNSPECIFIED.);
#3357=B_SPLINE_CURVE_WITH_KNOTS('',3,(#9547,#9548,#9549,#9550,#9551,#9552,
#9553,#9554,#9555,#9556,#9557,#9558,#9559),.UNSPECIFIED.,.F.,.F.,(4,3,3,
3,4),(-4.10277094054132,-3.0731637490288,-2.05138547027095,-1.02960719151247,
0.),.UNSPECIFIED.);
#3358=B_SPLINE_CURVE_WITH_KNOTS('',3,(#9560,#9561,#9562,#9563,#9564,#9565,
#9566,#9567,#9568,#9569,#9570,#9571,#9572),.UNSPECIFIED.,.F.,.F.,(4,3,3,
3,4),(0.,1.02960719151277,2.05138547027111,3.07316374902939,4.10277094054153),
 .UNSPECIFIED.);
#3359=B_SPLINE_CURVE_WITH_KNOTS('',1,(#9573,#9574),.UNSPECIFIED.,.F.,.F.,
(2,2),(0.65450030918315,1.30900061654576),.UNSPECIFIED.);
#3360=B_SPLINE_CURVE_WITH_KNOTS('',3,(#9575,#9576,#9577,#9578,#9579,#9580,
#9581,#9582,#9583,#9584,#9585,#9586,#9587),.UNSPECIFIED.,.F.,.F.,(4,3,3,
3,4),(-4.10277094054102,-3.07316374902861,-2.05138547027063,-1.02960719151211,
0.),.UNSPECIFIED.);
#3361=B_SPLINE_CURVE_WITH_KNOTS('',3,(#9588,#9589,#9590,#9591,#9592,#9593,
#9594,#9595,#9596,#9597,#9598,#9599,#9600),.UNSPECIFIED.,.F.,.F.,(4,3,3,
3,4),(0.,1.02960719151213,2.05138547026997,3.07316374902795,4.10277094054021),
 .UNSPECIFIED.);
#3362=B_SPLINE_CURVE_WITH_KNOTS('',1,(#9641,#9642),.UNSPECIFIED.,.F.,.F.,
(2,2),(0.,1.),.UNSPECIFIED.);
#3363=B_SPLINE_CURVE_WITH_KNOTS('',3,(#9643,#9644,#9645,#9646,#9647,#9648),
 .UNSPECIFIED.,.F.,.F.,(4,1,1,4),(-2.22093427073577E-5,1.08185083324741,
1.72949789065493,2.39916869173418),.UNSPECIFIED.);
#3364=B_SPLINE_CURVE_WITH_KNOTS('',1,(#9649,#9650),.UNSPECIFIED.,.F.,.F.,
(2,2),(0.,1.),.UNSPECIFIED.);
#3365=B_SPLINE_CURVE_WITH_KNOTS('',3,(#9651,#9652,#9653,#9654,#9655,#9656),
 .UNSPECIFIED.,.F.,.F.,(4,1,1,4),(-2.22093431625492E-5,1.08185083324639,
1.72949789065371,2.39916869173332),.UNSPECIFIED.);
#3366=B_SPLINE_CURVE_WITH_KNOTS('',1,(#9657,#9658),.UNSPECIFIED.,.F.,.F.,
(2,2),(-0.763941581385523,-0.381970789764804),.UNSPECIFIED.);
#3367=B_SPLINE_CURVE_WITH_KNOTS('',1,(#9659,#9660),.UNSPECIFIED.,.F.,.F.,
(2,2),(-0.763941581385521,-0.381970789764813),.UNSPECIFIED.);
#3368=B_SPLINE_CURVE_WITH_KNOTS('',3,(#9661,#9662,#9663,#9664,#9665,#9666),
 .UNSPECIFIED.,.F.,.F.,(4,1,1,4),(-2.22093436403892E-5,1.08185083324524,
1.72949789065387,2.3991686917315),.UNSPECIFIED.);
#3369=B_SPLINE_CURVE_WITH_KNOTS('',1,(#9667,#9668),.UNSPECIFIED.,.F.,.F.,
(2,2),(0.,1.),.UNSPECIFIED.);
#3370=B_SPLINE_CURVE_WITH_KNOTS('',1,(#9669,#9670),.UNSPECIFIED.,.F.,.F.,
(2,2),(0.,1.),.UNSPECIFIED.);
#3371=B_SPLINE_CURVE_WITH_KNOTS('',3,(#9671,#9672,#9673,#9674,#9675,#9676),
 .UNSPECIFIED.,.F.,.F.,(4,1,1,4),(-2.22093437181048E-5,1.08185083324584,
1.72949789065345,2.39916869173228),.UNSPECIFIED.);
#3372=B_SPLINE_CURVE_WITH_KNOTS('',1,(#9677,#9678),.UNSPECIFIED.,.F.,.F.,
(2,2),(-0.763941581385568,-0.381970789764876),.UNSPECIFIED.);
#3373=B_SPLINE_CURVE_WITH_KNOTS('',1,(#9679,#9680),.UNSPECIFIED.,.F.,.F.,
(2,2),(-0.763941581385509,-0.381970789764815),.UNSPECIFIED.);
#3374=B_SPLINE_CURVE_WITH_KNOTS('',3,(#9681,#9682,#9683,#9684,#9685,#9686),
 .UNSPECIFIED.,.F.,.F.,(4,1,1,4),(-2.22093431612169E-5,1.08185083324639,
1.72949789065371,2.39916869173332),.UNSPECIFIED.);
#3375=B_SPLINE_CURVE_WITH_KNOTS('',1,(#9687,#9688),.UNSPECIFIED.,.F.,.F.,
(2,2),(0.,1.),.UNSPECIFIED.);
#3376=B_SPLINE_CURVE_WITH_KNOTS('',3,(#9689,#9690,#9691,#9692,#9693,#9694),
 .UNSPECIFIED.,.F.,.F.,(4,1,1,4),(1.45369759485536E-5,0.669695195129135,
1.3173320729351,2.39920543805474),.UNSPECIFIED.);
#3377=B_SPLINE_CURVE_WITH_KNOTS('',3,(#9695,#9696,#9697,#9698,#9699,#9700),
 .UNSPECIFIED.,.F.,.F.,(4,1,1,4),(1.45369759468254E-5,0.669695195129135,
1.3173320729351,2.39920543805474),.UNSPECIFIED.);
#3378=B_SPLINE_CURVE_WITH_KNOTS('',3,(#9701,#9702,#9703,#9704,#9705,#9706),
 .UNSPECIFIED.,.F.,.F.,(4,1,1,4),(-2.22093427080239E-5,1.08185083324741,
1.72949789065493,2.39916869173418),.UNSPECIFIED.);
#3379=B_SPLINE_CURVE_WITH_KNOTS('',1,(#9707,#9708),.UNSPECIFIED.,.F.,.F.,
(2,2),(0.,1.),.UNSPECIFIED.);
#3380=B_SPLINE_CURVE_WITH_KNOTS('',3,(#9709,#9710,#9711,#9712,#9713,#9714),
 .UNSPECIFIED.,.F.,.F.,(4,1,1,4),(1.4536975945445E-5,0.669695195129353,
1.31733207293458,2.39920543805649),.UNSPECIFIED.);
#3381=B_SPLINE_CURVE_WITH_KNOTS('',3,(#9715,#9716,#9717,#9718,#9719,#9720),
 .UNSPECIFIED.,.F.,.F.,(4,1,1,4),(1.45369759463332E-5,0.669695195129352,
1.31733207293458,2.39920543805649),.UNSPECIFIED.);
#3382=B_SPLINE_CURVE_WITH_KNOTS('',3,(#9721,#9722,#9723,#9724,#9725,#9726),
 .UNSPECIFIED.,.F.,.F.,(4,1,1,4),(-2.22093436406112E-5,1.08185083324524,
1.72949789065387,2.3991686917315),.UNSPECIFIED.);
#3383=B_SPLINE_CURVE_WITH_KNOTS('',1,(#9727,#9728),.UNSPECIFIED.,.F.,.F.,
(2,2),(0.,1.),.UNSPECIFIED.);
#3384=B_SPLINE_CURVE_WITH_KNOTS('',3,(#9729,#9730,#9731,#9732,#9733,#9734),
 .UNSPECIFIED.,.F.,.F.,(4,1,1,4),(1.4536976652435E-5,0.66969519513042,1.31733207293547,
2.39920543805649),.UNSPECIFIED.);
#3385=B_SPLINE_CURVE_WITH_KNOTS('',3,(#9735,#9736,#9737,#9738,#9739,#9740),
 .UNSPECIFIED.,.F.,.F.,(4,1,1,4),(1.45369766526571E-5,0.669695195130419,
1.31733207293547,2.39920543805649),.UNSPECIFIED.);
#3386=B_SPLINE_CURVE_WITH_KNOTS('',3,(#9741,#9742,#9743,#9744,#9745,#9746),
 .UNSPECIFIED.,.F.,.F.,(4,1,1,4),(-2.22093437187709E-5,1.08185083324584,
1.72949789065345,2.39916869173228),.UNSPECIFIED.);
#3387=B_SPLINE_CURVE_WITH_KNOTS('',1,(#9747,#9748),.UNSPECIFIED.,.F.,.F.,
(2,2),(0.,1.),.UNSPECIFIED.);
#3388=B_SPLINE_CURVE_WITH_KNOTS('',3,(#9749,#9750,#9751,#9752,#9753,#9754),
 .UNSPECIFIED.,.F.,.F.,(4,1,1,4),(1.45369761677117E-5,0.669695195130256,
1.31733207293576,2.3992054380554),.UNSPECIFIED.);
#3389=B_SPLINE_CURVE_WITH_KNOTS('',3,(#9755,#9756,#9757,#9758,#9759,#9760),
 .UNSPECIFIED.,.F.,.F.,(4,1,1,4),(1.45369761668235E-5,0.669695195130254,
1.31733207293575,2.3992054380554),.UNSPECIFIED.);
#3390=B_SPLINE_CURVE_WITH_KNOTS('',1,(#9764,#9765),.UNSPECIFIED.,.F.,.F.,
(2,2),(0.,1.),.UNSPECIFIED.);
#3391=B_SPLINE_CURVE_WITH_KNOTS('',1,(#9769,#9770),.UNSPECIFIED.,.F.,.F.,
(2,2),(-1.,0.),.UNSPECIFIED.);
#3392=B_SPLINE_CURVE_WITH_KNOTS('',1,(#10304,#10305),.UNSPECIFIED.,.F.,
 .F.,(2,2),(0.,80.6750584944258),.UNSPECIFIED.);
#3393=B_SPLINE_CURVE_WITH_KNOTS('',1,(#10306,#10307),.UNSPECIFIED.,.F.,
 .F.,(2,2),(80.6750584944258,138.457461604111),.UNSPECIFIED.);
#3394=B_SPLINE_CURVE_WITH_KNOTS('',1,(#10308,#10309),.UNSPECIFIED.,.F.,
 .F.,(2,2),(138.457461604111,170.832565327944),.UNSPECIFIED.);
#3395=B_SPLINE_CURVE_WITH_KNOTS('',1,(#10310,#10311),.UNSPECIFIED.,.F.,
 .F.,(2,2),(170.832565327944,228.61496843763),.UNSPECIFIED.);
#3396=B_SPLINE_CURVE_WITH_KNOTS('',1,(#10312,#10313),.UNSPECIFIED.,.F.,
 .F.,(2,2),(228.61496843763,309.290026932055),.UNSPECIFIED.);
#3397=B_SPLINE_CURVE_WITH_KNOTS('',1,(#10314,#10315),.UNSPECIFIED.,.F.,
 .F.,(2,2),(-309.290026932055,-228.61496843763),.UNSPECIFIED.);
#3398=B_SPLINE_CURVE_WITH_KNOTS('',1,(#10316,#10317),.UNSPECIFIED.,.F.,
 .F.,(2,2),(-228.61496843763,-170.832565327944),.UNSPECIFIED.);
#3399=B_SPLINE_CURVE_WITH_KNOTS('',1,(#10318,#10319),.UNSPECIFIED.,.F.,
 .F.,(2,2),(-170.832565327944,-138.457461604111),.UNSPECIFIED.);
#3400=B_SPLINE_CURVE_WITH_KNOTS('',1,(#10320,#10321),.UNSPECIFIED.,.F.,
 .F.,(2,2),(-138.457461604111,-80.6750584944258),.UNSPECIFIED.);
#3401=B_SPLINE_CURVE_WITH_KNOTS('',1,(#10322,#10323),.UNSPECIFIED.,.F.,
 .F.,(2,2),(-80.6750584944258,0.),.UNSPECIFIED.);
#3402=B_SPLINE_CURVE_WITH_KNOTS('',1,(#10324,#10325),.UNSPECIFIED.,.F.,
 .F.,(2,2),(0.,13.7597297152032),.UNSPECIFIED.);
#3403=B_SPLINE_CURVE_WITH_KNOTS('',1,(#10326,#10327),.UNSPECIFIED.,.F.,
 .F.,(2,2),(0.,13.7597297152032),.UNSPECIFIED.);
#3404=B_SPLINE_CURVE_WITH_KNOTS('',1,(#10328,#10329),.UNSPECIFIED.,.F.,
 .F.,(2,2),(0.,13.7597297152032),.UNSPECIFIED.);
#3405=B_SPLINE_CURVE_WITH_KNOTS('',1,(#10330,#10331),.UNSPECIFIED.,.F.,
 .F.,(2,2),(0.,13.7597297152032),.UNSPECIFIED.);
#3406=B_SPLINE_CURVE_WITH_KNOTS('',1,(#10332,#10333),.UNSPECIFIED.,.F.,
 .F.,(2,2),(0.,13.7597297152032),.UNSPECIFIED.);
#3407=B_SPLINE_CURVE_WITH_KNOTS('',1,(#10334,#10335),.UNSPECIFIED.,.F.,
 .F.,(2,2),(-1.00000000000066,10.9999999999998),.UNSPECIFIED.);
#3408=B_SPLINE_CURVE_WITH_KNOTS('',1,(#10336,#10337),.UNSPECIFIED.,.F.,
 .F.,(2,2),(-1.,11.),.UNSPECIFIED.);
#3409=B_SPLINE_CURVE_WITH_KNOTS('',1,(#10338,#10339),.UNSPECIFIED.,.F.,
 .F.,(2,2),(-0.999999999999968,11.0000000000001),.UNSPECIFIED.);
#3410=B_SPLINE_CURVE_WITH_KNOTS('',1,(#10340,#10341),.UNSPECIFIED.,.F.,
 .F.,(2,2),(-1.,11.),.UNSPECIFIED.);
#3411=B_SPLINE_CURVE_WITH_KNOTS('',3,(#10342,#10343,#10344,#10345),
 .UNSPECIFIED.,.F.,.F.,(4,4),(0.,5.78683826032578),.UNSPECIFIED.);
#3412=B_SPLINE_CURVE_WITH_KNOTS('',3,(#10346,#10347,#10348,#10349,#10350,
#10351,#10352),.UNSPECIFIED.,.F.,.F.,(4,3,4),(0.,2.68450625072671,5.36907293118082),
 .UNSPECIFIED.);
#3413=B_SPLINE_CURVE_WITH_KNOTS('',3,(#10353,#10354,#10355,#10356),
 .UNSPECIFIED.,.F.,.F.,(4,4),(0.,1.88823608166002),.UNSPECIFIED.);
#3414=B_SPLINE_CURVE_WITH_KNOTS('',3,(#10357,#10358,#10359,#10360,#10361,
#10362,#10363),.UNSPECIFIED.,.F.,.F.,(4,3,4),(0.,2.68481619027025,5.3696928043739),
 .UNSPECIFIED.);
#3415=B_SPLINE_CURVE_WITH_KNOTS('',3,(#10364,#10365,#10366,#10367),
 .UNSPECIFIED.,.F.,.F.,(4,4),(0.,5.78639954512276),.UNSPECIFIED.);
#3416=B_SPLINE_CURVE_WITH_KNOTS('',3,(#10368,#10369,#10370,#10371,#10372,
#10373,#10374),.UNSPECIFIED.,.F.,.F.,(4,3,4),(0.,4.57886496607962,9.15723703384039),
 .UNSPECIFIED.);
#3417=B_SPLINE_CURVE_WITH_KNOTS('',3,(#10375,#10376,#10377,#10378),
 .UNSPECIFIED.,.F.,.F.,(4,4),(0.,5.78683826032582),.UNSPECIFIED.);
#3418=B_SPLINE_CURVE_WITH_KNOTS('',3,(#10379,#10380,#10381,#10382),
 .UNSPECIFIED.,.F.,.F.,(4,4),(0.,1.88823608166),.UNSPECIFIED.);
#3419=B_SPLINE_CURVE_WITH_KNOTS('',3,(#10383,#10384,#10385,#10386),
 .UNSPECIFIED.,.F.,.F.,(4,4),(0.,5.78639954512289),.UNSPECIFIED.);
#3420=B_SPLINE_CURVE_WITH_KNOTS('',1,(#10387,#10388),.UNSPECIFIED.,.F.,
 .F.,(2,2),(2.15697547838698,4.15744652756852),.UNSPECIFIED.);
#3421=B_SPLINE_CURVE_WITH_KNOTS('',1,(#10389,#10390),.UNSPECIFIED.,.F.,
 .F.,(2,2),(2.25907484209237,4.25954589127392),.UNSPECIFIED.);
#3422=B_SPLINE_CURVE_WITH_KNOTS('',1,(#10393,#10394),.UNSPECIFIED.,.F.,
 .F.,(2,2),(2.17782302627346,4.17829407545501),.UNSPECIFIED.);
#3423=B_SPLINE_CURVE_WITH_KNOTS('',1,(#10397,#10398),.UNSPECIFIED.,.F.,
 .F.,(2,2),(2.3499272056777,4.35039825485924),.UNSPECIFIED.);
#3424=B_SPLINE_CURVE_WITH_KNOTS('',1,(#10399,#10400),.UNSPECIFIED.,.F.,
 .F.,(2,2),(-927.870080796165,-847.19502230174),.UNSPECIFIED.);
#3425=B_SPLINE_CURVE_WITH_KNOTS('',1,(#10401,#10402),.UNSPECIFIED.,.F.,
 .F.,(2,2),(0.,1.75972971520512),.UNSPECIFIED.);
#3426=B_SPLINE_CURVE_WITH_KNOTS('',1,(#10403,#10404),.UNSPECIFIED.,.F.,
 .F.,(2,2),(0.,1.75972971520318),.UNSPECIFIED.);
#3427=B_SPLINE_CURVE_WITH_KNOTS('',1,(#10405,#10406),.UNSPECIFIED.,.F.,
 .F.,(2,2),(-847.19502230174,-789.412619192054),.UNSPECIFIED.);
#3428=B_SPLINE_CURVE_WITH_KNOTS('',1,(#10407,#10408),.UNSPECIFIED.,.F.,
 .F.,(2,2),(0.,1.75972971520512),.UNSPECIFIED.);
#3429=B_SPLINE_CURVE_WITH_KNOTS('',1,(#10409,#10410),.UNSPECIFIED.,.F.,
 .F.,(2,2),(-789.412619192054,-757.037515468221),.UNSPECIFIED.);
#3430=B_SPLINE_CURVE_WITH_KNOTS('',1,(#10411,#10412),.UNSPECIFIED.,.F.,
 .F.,(2,2),(0.,1.75972971520457),.UNSPECIFIED.);
#3431=B_SPLINE_CURVE_WITH_KNOTS('',1,(#10413,#10414),.UNSPECIFIED.,.F.,
 .F.,(2,2),(-757.037515468221,-699.255112358536),.UNSPECIFIED.);
#3432=B_SPLINE_CURVE_WITH_KNOTS('',1,(#10415,#10416),.UNSPECIFIED.,.F.,
 .F.,(2,2),(0.,1.75972971520318),.UNSPECIFIED.);
#3433=B_SPLINE_CURVE_WITH_KNOTS('',1,(#10417,#10418),.UNSPECIFIED.,.F.,
 .F.,(2,2),(-699.255112358536,-618.58005386411),.UNSPECIFIED.);
#3434=B_SPLINE_CURVE_WITH_KNOTS('',1,(#10419,#10420),.UNSPECIFIED.,.F.,
 .F.,(2,2),(847.19502230174,927.870080796165),.UNSPECIFIED.);
#3435=B_SPLINE_CURVE_WITH_KNOTS('',1,(#10421,#10422),.UNSPECIFIED.,.F.,
 .F.,(2,2),(789.412619192054,847.19502230174),.UNSPECIFIED.);
#3436=B_SPLINE_CURVE_WITH_KNOTS('',1,(#10423,#10424),.UNSPECIFIED.,.F.,
 .F.,(2,2),(757.037515468221,789.412619192054),.UNSPECIFIED.);
#3437=B_SPLINE_CURVE_WITH_KNOTS('',1,(#10425,#10426),.UNSPECIFIED.,.F.,
 .F.,(2,2),(699.255112358536,757.037515468221),.UNSPECIFIED.);
#3438=B_SPLINE_CURVE_WITH_KNOTS('',1,(#10427,#10428),.UNSPECIFIED.,.F.,
 .F.,(2,2),(618.58005386411,699.255112358536),.UNSPECIFIED.);
#3439=B_SPLINE_CURVE_WITH_KNOTS('',3,(#10429,#10430,#10431,#10432,#10433,
#10434,#10435),.UNSPECIFIED.,.F.,.F.,(4,3,4),(0.,2.68450625072669,5.36907293118091),
 .UNSPECIFIED.);
#3440=B_SPLINE_CURVE_WITH_KNOTS('',3,(#10436,#10437,#10438,#10439,#10440,
#10441,#10442),.UNSPECIFIED.,.F.,.F.,(4,3,4),(0.,2.68481619027046,5.3696928043737),
 .UNSPECIFIED.);
#3441=B_SPLINE_CURVE_WITH_KNOTS('',3,(#10443,#10444,#10445,#10446,#10447,
#10448,#10449),.UNSPECIFIED.,.F.,.F.,(4,3,4),(0.,4.57886496607936,9.15723703384015),
 .UNSPECIFIED.);
#3442=B_SPLINE_CURVE_WITH_KNOTS('',1,(#10450,#10451),.UNSPECIFIED.,.F.,
 .F.,(2,2),(0.,10.),.UNSPECIFIED.);
#3443=B_SPLINE_CURVE_WITH_KNOTS('',1,(#10452,#10453),.UNSPECIFIED.,.F.,
 .F.,(2,2),(0.,9.5),.UNSPECIFIED.);
#3444=B_SPLINE_CURVE_WITH_KNOTS('',1,(#10454,#10455),.UNSPECIFIED.,.F.,
 .F.,(2,2),(0.,10.),.UNSPECIFIED.);
#3445=B_SPLINE_CURVE_WITH_KNOTS('',1,(#10456,#10457),.UNSPECIFIED.,.F.,
 .F.,(2,2),(0.,9.49999999999999),.UNSPECIFIED.);
#3446=B_SPLINE_CURVE_WITH_KNOTS('',1,(#10458,#10459),.UNSPECIFIED.,.F.,
 .F.,(2,2),(10.,20.),.UNSPECIFIED.);
#3447=B_SPLINE_CURVE_WITH_KNOTS('',1,(#10460,#10461),.UNSPECIFIED.,.F.,
 .F.,(2,2),(0.,9.49999999999999),.UNSPECIFIED.);
#3448=B_SPLINE_CURVE_WITH_KNOTS('',1,(#10462,#10463),.UNSPECIFIED.,.F.,
 .F.,(2,2),(0.,10.),.UNSPECIFIED.);
#3449=B_SPLINE_CURVE_WITH_KNOTS('',1,(#10464,#10465),.UNSPECIFIED.,.F.,
 .F.,(2,2),(20.,30.),.UNSPECIFIED.);
#3450=B_SPLINE_CURVE_WITH_KNOTS('',1,(#10466,#10467),.UNSPECIFIED.,.F.,
 .F.,(2,2),(0.,9.49999999999999),.UNSPECIFIED.);
#3451=B_SPLINE_CURVE_WITH_KNOTS('',1,(#10468,#10469),.UNSPECIFIED.,.F.,
 .F.,(2,2),(0.,10.),.UNSPECIFIED.);
#3452=B_SPLINE_CURVE_WITH_KNOTS('',1,(#10470,#10471),.UNSPECIFIED.,.F.,
 .F.,(2,2),(30.,40.),.UNSPECIFIED.);
#3453=B_SPLINE_CURVE_WITH_KNOTS('',1,(#10472,#10473),.UNSPECIFIED.,.F.,
 .F.,(2,2),(0.,10.),.UNSPECIFIED.);
#3454=B_SPLINE_CURVE_WITH_KNOTS('',3,(#10474,#10475,#10476,#10477,#10478,
#10479,#10480,#10481,#10482,#10483,#10484,#10485),.UNSPECIFIED.,.F.,.F.,
(4,1,1,1,1,1,1,1,1,4),(0.,0.192450089730012,0.384900179459753,0.577350269189864,
0.769800358919712,0.962250448649486,1.15470053837946,1.34715062810918,1.53960071783916,
1.73205080756887),.UNSPECIFIED.);
#3455=B_SPLINE_CURVE_WITH_KNOTS('',3,(#10486,#10487,#10488,#10489,#10490,
#10491,#10492,#10493,#10494,#10495,#10496,#10497),.UNSPECIFIED.,.F.,.F.,
(4,1,1,1,1,1,1,1,1,4),(-1.73205080756887,-1.53960071783916,-1.34715062810919,
-1.1547005383793,-0.962250448649428,-0.769800358919453,-0.577350269189737,
-0.384900179459725,-0.192450089729721,0.),.UNSPECIFIED.);
#3456=B_SPLINE_CURVE_WITH_KNOTS('',3,(#10498,#10499,#10500,#10501,#10502,
#10503,#10504,#10505,#10506,#10507,#10508,#10509),.UNSPECIFIED.,.F.,.F.,
(4,1,1,1,1,1,1,1,1,4),(0.,0.192450089730024,0.38490017945977,0.577350269189745,
0.76980035891972,0.962250448649568,1.15470053837944,1.34715062810932,1.5396007178393,
1.73205080756918),.UNSPECIFIED.);
#3457=B_SPLINE_CURVE_WITH_KNOTS('',3,(#10510,#10511,#10512,#10513,#10514,
#10515,#10516,#10517,#10518,#10519,#10520,#10521),.UNSPECIFIED.,.F.,.F.,
(4,1,1,1,1,1,1,1,1,4),(-1.73205080756875,-1.53960071783891,-1.34715062810906,
-1.15470053837928,-0.962250448649305,-0.769800358919457,-0.577350269189609,
-0.384900179459737,-0.192450089729795,0.),.UNSPECIFIED.);
#3458=B_SPLINE_CURVE_WITH_KNOTS('',1,(#10578,#10579),.UNSPECIFIED.,.F.,
 .F.,(2,2),(0.654500309183133,1.30900061654564),.UNSPECIFIED.);
#3459=B_SPLINE_CURVE_WITH_KNOTS('',3,(#10580,#10581,#10582,#10583,#10584,
#10585,#10586,#10587,#10588,#10589,#10590,#10591,#10592),.UNSPECIFIED.,
 .F.,.F.,(4,3,3,3,4),(0.,1.0296071915117,2.05138547027003,3.07316374902791,
4.1027709405409),.UNSPECIFIED.);
#3460=B_SPLINE_CURVE_WITH_KNOTS('',3,(#10593,#10594,#10595,#10596,#10597,
#10598,#10599,#10600,#10601,#10602,#10603,#10604,#10605),.UNSPECIFIED.,
 .F.,.F.,(4,3,3,3,4),(-4.10277094054107,-3.07316374902882,-2.05138547027082,
-1.02960719151225,0.),.UNSPECIFIED.);
#3461=B_SPLINE_CURVE_WITH_KNOTS('',1,(#10606,#10607),.UNSPECIFIED.,.F.,
 .F.,(2,2),(0.654500309183136,1.3090006165457),.UNSPECIFIED.);
#3462=B_SPLINE_CURVE_WITH_KNOTS('',3,(#10608,#10609,#10610,#10611,#10612,
#10613,#10614,#10615,#10616,#10617,#10618,#10619,#10620),.UNSPECIFIED.,
 .F.,.F.,(4,3,3,3,4),(0.,1.02960719151203,2.05138547027009,3.07316374902827,
4.10277094054076),.UNSPECIFIED.);
#3463=B_SPLINE_CURVE_WITH_KNOTS('',3,(#10621,#10622,#10623,#10624,#10625,
#10626,#10627,#10628,#10629,#10630,#10631,#10632,#10633),.UNSPECIFIED.,
 .F.,.F.,(4,3,3,3,4),(-4.10277094054054,-3.07316374902827,-2.05138547026992,
-1.02960719151251,0.),.UNSPECIFIED.);
#3464=B_SPLINE_CURVE_WITH_KNOTS('',1,(#10634,#10635),.UNSPECIFIED.,.F.,
 .F.,(2,2),(0.654500309183141,1.30900061654582),.UNSPECIFIED.);
#3465=B_SPLINE_CURVE_WITH_KNOTS('',3,(#10636,#10637,#10638,#10639,#10640,
#10641,#10642,#10643,#10644,#10645,#10646,#10647,#10648),.UNSPECIFIED.,
 .F.,.F.,(4,3,3,3,4),(-4.10277094054132,-3.0731637490288,-2.05138547027095,
-1.02960719151247,0.),.UNSPECIFIED.);
#3466=B_SPLINE_CURVE_WITH_KNOTS('',3,(#10649,#10650,#10651,#10652,#10653,
#10654,#10655,#10656,#10657,#10658,#10659,#10660,#10661),.UNSPECIFIED.,
 .F.,.F.,(4,3,3,3,4),(0.,1.02960719151277,2.05138547027111,3.07316374902939,
4.10277094054153),.UNSPECIFIED.);
#3467=B_SPLINE_CURVE_WITH_KNOTS('',1,(#10662,#10663),.UNSPECIFIED.,.F.,
 .F.,(2,2),(0.65450030918315,1.30900061654576),.UNSPECIFIED.);
#3468=B_SPLINE_CURVE_WITH_KNOTS('',3,(#10664,#10665,#10666,#10667,#10668,
#10669,#10670,#10671,#10672,#10673,#10674,#10675,#10676),.UNSPECIFIED.,
 .F.,.F.,(4,3,3,3,4),(-4.10277094054102,-3.07316374902861,-2.05138547027063,
-1.02960719151211,0.),.UNSPECIFIED.);
#3469=B_SPLINE_CURVE_WITH_KNOTS('',3,(#10677,#10678,#10679,#10680,#10681,
#10682,#10683,#10684,#10685,#10686,#10687,#10688,#10689),.UNSPECIFIED.,
 .F.,.F.,(4,3,3,3,4),(0.,1.02960719151213,2.05138547026997,3.07316374902795,
4.10277094054021),.UNSPECIFIED.);
#3470=B_SPLINE_CURVE_WITH_KNOTS('',1,(#10730,#10731),.UNSPECIFIED.,.F.,
 .F.,(2,2),(0.,1.),.UNSPECIFIED.);
#3471=B_SPLINE_CURVE_WITH_KNOTS('',3,(#10732,#10733,#10734,#10735,#10736,
#10737),.UNSPECIFIED.,.F.,.F.,(4,1,1,4),(-2.22093427073577E-5,1.08185083324741,
1.72949789065493,2.39916869173418),.UNSPECIFIED.);
#3472=B_SPLINE_CURVE_WITH_KNOTS('',1,(#10738,#10739),.UNSPECIFIED.,.F.,
 .F.,(2,2),(0.,1.),.UNSPECIFIED.);
#3473=B_SPLINE_CURVE_WITH_KNOTS('',3,(#10740,#10741,#10742,#10743,#10744,
#10745),.UNSPECIFIED.,.F.,.F.,(4,1,1,4),(-2.22093431625492E-5,1.08185083324639,
1.72949789065371,2.39916869173332),.UNSPECIFIED.);
#3474=B_SPLINE_CURVE_WITH_KNOTS('',1,(#10746,#10747),.UNSPECIFIED.,.F.,
 .F.,(2,2),(-0.763941581385523,-0.381970789764804),.UNSPECIFIED.);
#3475=B_SPLINE_CURVE_WITH_KNOTS('',1,(#10748,#10749),.UNSPECIFIED.,.F.,
 .F.,(2,2),(-0.763941581385521,-0.381970789764813),.UNSPECIFIED.);
#3476=B_SPLINE_CURVE_WITH_KNOTS('',3,(#10750,#10751,#10752,#10753,#10754,
#10755),.UNSPECIFIED.,.F.,.F.,(4,1,1,4),(-2.22093436403892E-5,1.08185083324524,
1.72949789065387,2.3991686917315),.UNSPECIFIED.);
#3477=B_SPLINE_CURVE_WITH_KNOTS('',1,(#10756,#10757),.UNSPECIFIED.,.F.,
 .F.,(2,2),(0.,1.),.UNSPECIFIED.);
#3478=B_SPLINE_CURVE_WITH_KNOTS('',1,(#10758,#10759),.UNSPECIFIED.,.F.,
 .F.,(2,2),(0.,1.),.UNSPECIFIED.);
#3479=B_SPLINE_CURVE_WITH_KNOTS('',3,(#10760,#10761,#10762,#10763,#10764,
#10765),.UNSPECIFIED.,.F.,.F.,(4,1,1,4),(-2.22093437181048E-5,1.08185083324584,
1.72949789065345,2.39916869173228),.UNSPECIFIED.);
#3480=B_SPLINE_CURVE_WITH_KNOTS('',1,(#10766,#10767),.UNSPECIFIED.,.F.,
 .F.,(2,2),(-0.763941581385568,-0.381970789764876),.UNSPECIFIED.);
#3481=B_SPLINE_CURVE_WITH_KNOTS('',1,(#10768,#10769),.UNSPECIFIED.,.F.,
 .F.,(2,2),(-0.763941581385509,-0.381970789764815),.UNSPECIFIED.);
#3482=B_SPLINE_CURVE_WITH_KNOTS('',3,(#10770,#10771,#10772,#10773,#10774,
#10775),.UNSPECIFIED.,.F.,.F.,(4,1,1,4),(-2.22093431612169E-5,1.08185083324639,
1.72949789065371,2.39916869173332),.UNSPECIFIED.);
#3483=B_SPLINE_CURVE_WITH_KNOTS('',1,(#10776,#10777),.UNSPECIFIED.,.F.,
 .F.,(2,2),(0.,1.),.UNSPECIFIED.);
#3484=B_SPLINE_CURVE_WITH_KNOTS('',3,(#10778,#10779,#10780,#10781,#10782,
#10783),.UNSPECIFIED.,.F.,.F.,(4,1,1,4),(1.45369759485536E-5,0.669695195129135,
1.3173320729351,2.39920543805474),.UNSPECIFIED.);
#3485=B_SPLINE_CURVE_WITH_KNOTS('',3,(#10784,#10785,#10786,#10787,#10788,
#10789),.UNSPECIFIED.,.F.,.F.,(4,1,1,4),(1.45369759468254E-5,0.669695195129135,
1.3173320729351,2.39920543805474),.UNSPECIFIED.);
#3486=B_SPLINE_CURVE_WITH_KNOTS('',3,(#10790,#10791,#10792,#10793,#10794,
#10795),.UNSPECIFIED.,.F.,.F.,(4,1,1,4),(-2.22093427080239E-5,1.08185083324741,
1.72949789065493,2.39916869173418),.UNSPECIFIED.);
#3487=B_SPLINE_CURVE_WITH_KNOTS('',1,(#10796,#10797),.UNSPECIFIED.,.F.,
 .F.,(2,2),(0.,1.),.UNSPECIFIED.);
#3488=B_SPLINE_CURVE_WITH_KNOTS('',3,(#10798,#10799,#10800,#10801,#10802,
#10803),.UNSPECIFIED.,.F.,.F.,(4,1,1,4),(1.4536975945445E-5,0.669695195129353,
1.31733207293458,2.39920543805649),.UNSPECIFIED.);
#3489=B_SPLINE_CURVE_WITH_KNOTS('',3,(#10804,#10805,#10806,#10807,#10808,
#10809),.UNSPECIFIED.,.F.,.F.,(4,1,1,4),(1.45369759463332E-5,0.669695195129352,
1.31733207293458,2.39920543805649),.UNSPECIFIED.);
#3490=B_SPLINE_CURVE_WITH_KNOTS('',3,(#10810,#10811,#10812,#10813,#10814,
#10815),.UNSPECIFIED.,.F.,.F.,(4,1,1,4),(-2.22093436406112E-5,1.08185083324524,
1.72949789065387,2.3991686917315),.UNSPECIFIED.);
#3491=B_SPLINE_CURVE_WITH_KNOTS('',1,(#10816,#10817),.UNSPECIFIED.,.F.,
 .F.,(2,2),(0.,1.),.UNSPECIFIED.);
#3492=B_SPLINE_CURVE_WITH_KNOTS('',3,(#10818,#10819,#10820,#10821,#10822,
#10823),.UNSPECIFIED.,.F.,.F.,(4,1,1,4),(1.4536976652435E-5,0.66969519513042,
1.31733207293547,2.39920543805649),.UNSPECIFIED.);
#3493=B_SPLINE_CURVE_WITH_KNOTS('',3,(#10824,#10825,#10826,#10827,#10828,
#10829),.UNSPECIFIED.,.F.,.F.,(4,1,1,4),(1.45369766526571E-5,0.669695195130419,
1.31733207293547,2.39920543805649),.UNSPECIFIED.);
#3494=B_SPLINE_CURVE_WITH_KNOTS('',3,(#10830,#10831,#10832,#10833,#10834,
#10835),.UNSPECIFIED.,.F.,.F.,(4,1,1,4),(-2.22093437187709E-5,1.08185083324584,
1.72949789065345,2.39916869173228),.UNSPECIFIED.);
#3495=B_SPLINE_CURVE_WITH_KNOTS('',1,(#10836,#10837),.UNSPECIFIED.,.F.,
 .F.,(2,2),(0.,1.),.UNSPECIFIED.);
#3496=B_SPLINE_CURVE_WITH_KNOTS('',3,(#10838,#10839,#10840,#10841,#10842,
#10843),.UNSPECIFIED.,.F.,.F.,(4,1,1,4),(1.45369761677117E-5,0.669695195130256,
1.31733207293576,2.3992054380554),.UNSPECIFIED.);
#3497=B_SPLINE_CURVE_WITH_KNOTS('',3,(#10844,#10845,#10846,#10847,#10848,
#10849),.UNSPECIFIED.,.F.,.F.,(4,1,1,4),(1.45369761668235E-5,0.669695195130254,
1.31733207293575,2.3992054380554),.UNSPECIFIED.);
#3498=B_SPLINE_CURVE_WITH_KNOTS('',1,(#10853,#10854),.UNSPECIFIED.,.F.,
 .F.,(2,2),(0.,1.),.UNSPECIFIED.);
#3499=B_SPLINE_CURVE_WITH_KNOTS('',1,(#10858,#10859),.UNSPECIFIED.,.F.,
 .F.,(2,2),(-1.,0.),.UNSPECIFIED.);
#3500=TRIMMED_CURVE($,#3692,(#6506),(#6507),.T.,.CARTESIAN.);
#3501=TRIMMED_CURVE($,#3693,(#6509),(#6510),.T.,.CARTESIAN.);
#3502=TRIMMED_CURVE($,#3694,(#6516),(#6517),.T.,.CARTESIAN.);
#3503=TRIMMED_CURVE($,#3695,(#6519),(#6520),.T.,.CARTESIAN.);
#3504=TRIMMED_CURVE($,#3696,(#6526),(#6527),.T.,.CARTESIAN.);
#3505=TRIMMED_CURVE($,#3697,(#6529),(#6530),.T.,.CARTESIAN.);
#3506=TRIMMED_CURVE($,#3698,(#6536),(#6537),.T.,.CARTESIAN.);
#3507=TRIMMED_CURVE($,#3699,(#6539),(#6540),.T.,.CARTESIAN.);
#3508=TRIMMED_CURVE($,#3700,(#6546),(#6547),.T.,.CARTESIAN.);
#3509=TRIMMED_CURVE($,#3701,(#6549),(#6550),.T.,.CARTESIAN.);
#3510=TRIMMED_CURVE($,#3702,(#6556),(#6557),.T.,.CARTESIAN.);
#3511=TRIMMED_CURVE($,#3703,(#6559),(#6560),.T.,.CARTESIAN.);
#3512=TRIMMED_CURVE($,#3704,(#6566),(#6567),.T.,.CARTESIAN.);
#3513=TRIMMED_CURVE($,#3705,(#6569),(#6570),.T.,.CARTESIAN.);
#3514=TRIMMED_CURVE($,#3706,(#6576),(#6577),.T.,.CARTESIAN.);
#3515=TRIMMED_CURVE($,#3707,(#6579),(#6580),.T.,.CARTESIAN.);
#3516=TRIMMED_CURVE($,#3708,(#6582),(#6583),.T.,.CARTESIAN.);
#3517=TRIMMED_CURVE($,#3709,(#6585),(#6586),.T.,.CARTESIAN.);
#3518=TRIMMED_CURVE($,#3710,(#6588),(#6589),.T.,.CARTESIAN.);
#3519=TRIMMED_CURVE($,#3711,(#6591),(#6592),.T.,.CARTESIAN.);
#3520=TRIMMED_CURVE($,#3712,(#6598),(#6599),.T.,.CARTESIAN.);
#3521=TRIMMED_CURVE($,#3713,(#6601),(#6602),.T.,.CARTESIAN.);
#3522=TRIMMED_CURVE($,#3714,(#6608),(#6609),.T.,.CARTESIAN.);
#3523=TRIMMED_CURVE($,#3715,(#6611),(#6612),.T.,.CARTESIAN.);
#3524=TRIMMED_CURVE($,#3716,(#6618),(#6619),.T.,.CARTESIAN.);
#3525=TRIMMED_CURVE($,#3717,(#6621),(#6622),.T.,.CARTESIAN.);
#3526=TRIMMED_CURVE($,#3718,(#6663),(#6664),.T.,.CARTESIAN.);
#3527=TRIMMED_CURVE($,#3719,(#6698),(#6699),.T.,.CARTESIAN.);
#3528=TRIMMED_CURVE($,#3720,(#6703),(#6704),.T.,.CARTESIAN.);
#3529=TRIMMED_CURVE($,#3721,(#6710),(#6711),.T.,.CARTESIAN.);
#3530=TRIMMED_CURVE($,#3722,(#6715),(#6716),.T.,.CARTESIAN.);
#3531=TRIMMED_CURVE($,#3723,(#6746),(#6747),.T.,.CARTESIAN.);
#3532=TRIMMED_CURVE($,#3724,(#6785),(#6786),.T.,.CARTESIAN.);
#3533=TRIMMED_CURVE($,#3725,(#6794),(#6795),.T.,.CARTESIAN.);
#3534=TRIMMED_CURVE($,#3726,(#6797),(#6798),.T.,.CARTESIAN.);
#3535=TRIMMED_CURVE($,#3727,(#6804),(#6805),.T.,.CARTESIAN.);
#3536=TRIMMED_CURVE($,#3728,(#6807),(#6808),.T.,.CARTESIAN.);
#3537=TRIMMED_CURVE($,#3729,(#6914),(#6915),.T.,.CARTESIAN.);
#3538=TRIMMED_CURVE($,#3730,(#6917),(#6918),.T.,.CARTESIAN.);
#3539=TRIMMED_CURVE($,#3731,(#6924),(#6925),.T.,.CARTESIAN.);
#3540=TRIMMED_CURVE($,#3732,(#6927),(#6928),.T.,.CARTESIAN.);
#3541=TRIMMED_CURVE($,#3733,(#6934),(#6935),.T.,.CARTESIAN.);
#3542=TRIMMED_CURVE($,#3734,(#6937),(#6938),.T.,.CARTESIAN.);
#3543=TRIMMED_CURVE($,#3735,(#6944),(#6945),.T.,.CARTESIAN.);
#3544=TRIMMED_CURVE($,#3736,(#6947),(#6948),.T.,.CARTESIAN.);
#3545=TRIMMED_CURVE($,#3737,(#6954),(#6955),.T.,.CARTESIAN.);
#3546=TRIMMED_CURVE($,#3738,(#6957),(#6958),.T.,.CARTESIAN.);
#3547=TRIMMED_CURVE($,#3739,(#6964),(#6965),.T.,.CARTESIAN.);
#3548=TRIMMED_CURVE($,#3740,(#6967),(#6968),.T.,.CARTESIAN.);
#3549=TRIMMED_CURVE($,#3741,(#6974),(#6975),.T.,.CARTESIAN.);
#3550=TRIMMED_CURVE($,#3742,(#6977),(#6978),.T.,.CARTESIAN.);
#3551=TRIMMED_CURVE($,#3743,(#6984),(#6985),.T.,.CARTESIAN.);
#3552=TRIMMED_CURVE($,#3744,(#6987),(#6988),.T.,.CARTESIAN.);
#3553=TRIMMED_CURVE($,#3745,(#6994),(#6995),.T.,.CARTESIAN.);
#3554=TRIMMED_CURVE($,#3746,(#6997),(#6998),.T.,.CARTESIAN.);
#3555=TRIMMED_CURVE($,#3747,(#7004),(#7005),.T.,.CARTESIAN.);
#3556=TRIMMED_CURVE($,#3748,(#7007),(#7008),.T.,.CARTESIAN.);
#3557=TRIMMED_CURVE($,#3749,(#7014),(#7015),.T.,.CARTESIAN.);
#3558=TRIMMED_CURVE($,#3750,(#7017),(#7018),.T.,.CARTESIAN.);
#3559=TRIMMED_CURVE($,#3751,(#7022),(#7023),.T.,.CARTESIAN.);
#3560=TRIMMED_CURVE($,#3752,(#7027),(#7028),.T.,.CARTESIAN.);
#3561=TRIMMED_CURVE($,#3753,(#7030),(#7031),.T.,.CARTESIAN.);
#3562=TRIMMED_CURVE($,#3754,(#7035),(#7036),.T.,.CARTESIAN.);
#3563=TRIMMED_CURVE($,#3755,(#7040),(#7041),.T.,.CARTESIAN.);
#3564=TRIMMED_CURVE($,#3756,(#7071),(#7072),.T.,.CARTESIAN.);
#3565=TRIMMED_CURVE($,#3757,(#7076),(#7077),.T.,.CARTESIAN.);
#3566=TRIMMED_CURVE($,#3758,(#7081),(#7082),.T.,.CARTESIAN.);
#3567=TRIMMED_CURVE($,#3759,(#7086),(#7087),.T.,.CARTESIAN.);
#3568=TRIMMED_CURVE($,#3760,(#7091),(#7092),.T.,.CARTESIAN.);
#3569=TRIMMED_CURVE($,#3761,(#7144),(#7145),.T.,.CARTESIAN.);
#3570=TRIMMED_CURVE($,#3762,(#7151),(#7152),.T.,.CARTESIAN.);
#3571=TRIMMED_CURVE($,#3763,(#7154),(#7155),.T.,.CARTESIAN.);
#3572=TRIMMED_CURVE($,#3764,(#7161),(#7162),.T.,.CARTESIAN.);
#3573=TRIMMED_CURVE($,#3765,(#7164),(#7165),.T.,.CARTESIAN.);
#3574=TRIMMED_CURVE($,#3766,(#7948),(#7949),.T.,.CARTESIAN.);
#3575=TRIMMED_CURVE($,#3767,(#7951),(#7952),.T.,.CARTESIAN.);
#3576=TRIMMED_CURVE($,#3768,(#7958),(#7959),.T.,.CARTESIAN.);
#3577=TRIMMED_CURVE($,#3769,(#7961),(#7962),.T.,.CARTESIAN.);
#3578=TRIMMED_CURVE($,#3770,(#7968),(#7969),.T.,.CARTESIAN.);
#3579=TRIMMED_CURVE($,#3771,(#7971),(#7972),.T.,.CARTESIAN.);
#3580=TRIMMED_CURVE($,#3772,(#7978),(#7979),.T.,.CARTESIAN.);
#3581=TRIMMED_CURVE($,#3773,(#7981),(#7982),.T.,.CARTESIAN.);
#3582=TRIMMED_CURVE($,#3774,(#7988),(#7989),.T.,.CARTESIAN.);
#3583=TRIMMED_CURVE($,#3775,(#7991),(#7992),.T.,.CARTESIAN.);
#3584=TRIMMED_CURVE($,#3776,(#7998),(#7999),.T.,.CARTESIAN.);
#3585=TRIMMED_CURVE($,#3777,(#8001),(#8002),.T.,.CARTESIAN.);
#3586=TRIMMED_CURVE($,#3778,(#8008),(#8009),.T.,.CARTESIAN.);
#3587=TRIMMED_CURVE($,#3779,(#8011),(#8012),.T.,.CARTESIAN.);
#3588=TRIMMED_CURVE($,#3780,(#8018),(#8019),.T.,.CARTESIAN.);
#3589=TRIMMED_CURVE($,#3781,(#8021),(#8022),.T.,.CARTESIAN.);
#3590=TRIMMED_CURVE($,#3782,(#8024),(#8025),.T.,.CARTESIAN.);
#3591=TRIMMED_CURVE($,#3783,(#8027),(#8028),.T.,.CARTESIAN.);
#3592=TRIMMED_CURVE($,#3784,(#8030),(#8031),.T.,.CARTESIAN.);
#3593=TRIMMED_CURVE($,#3785,(#8033),(#8034),.T.,.CARTESIAN.);
#3594=TRIMMED_CURVE($,#3786,(#8040),(#8041),.T.,.CARTESIAN.);
#3595=TRIMMED_CURVE($,#3787,(#8043),(#8044),.T.,.CARTESIAN.);
#3596=TRIMMED_CURVE($,#3788,(#8050),(#8051),.T.,.CARTESIAN.);
#3597=TRIMMED_CURVE($,#3789,(#8053),(#8054),.T.,.CARTESIAN.);
#3598=TRIMMED_CURVE($,#3790,(#8060),(#8061),.T.,.CARTESIAN.);
#3599=TRIMMED_CURVE($,#3791,(#8063),(#8064),.T.,.CARTESIAN.);
#3600=TRIMMED_CURVE($,#3792,(#8105),(#8106),.T.,.CARTESIAN.);
#3601=TRIMMED_CURVE($,#3793,(#8140),(#8141),.T.,.CARTESIAN.);
#3602=TRIMMED_CURVE($,#3794,(#8145),(#8146),.T.,.CARTESIAN.);
#3603=TRIMMED_CURVE($,#3795,(#8152),(#8153),.T.,.CARTESIAN.);
#3604=TRIMMED_CURVE($,#3796,(#8157),(#8158),.T.,.CARTESIAN.);
#3605=TRIMMED_CURVE($,#3797,(#8188),(#8189),.T.,.CARTESIAN.);
#3606=TRIMMED_CURVE($,#3798,(#8227),(#8228),.T.,.CARTESIAN.);
#3607=TRIMMED_CURVE($,#3799,(#8236),(#8237),.T.,.CARTESIAN.);
#3608=TRIMMED_CURVE($,#3800,(#8239),(#8240),.T.,.CARTESIAN.);
#3609=TRIMMED_CURVE($,#3801,(#8246),(#8247),.T.,.CARTESIAN.);
#3610=TRIMMED_CURVE($,#3802,(#8249),(#8250),.T.,.CARTESIAN.);
#3611=TRIMMED_CURVE($,#3803,(#8356),(#8357),.T.,.CARTESIAN.);
#3612=TRIMMED_CURVE($,#3804,(#8359),(#8360),.T.,.CARTESIAN.);
#3613=TRIMMED_CURVE($,#3805,(#8366),(#8367),.T.,.CARTESIAN.);
#3614=TRIMMED_CURVE($,#3806,(#8369),(#8370),.T.,.CARTESIAN.);
#3615=TRIMMED_CURVE($,#3807,(#8376),(#8377),.T.,.CARTESIAN.);
#3616=TRIMMED_CURVE($,#3808,(#8379),(#8380),.T.,.CARTESIAN.);
#3617=TRIMMED_CURVE($,#3809,(#8386),(#8387),.T.,.CARTESIAN.);
#3618=TRIMMED_CURVE($,#3810,(#8389),(#8390),.T.,.CARTESIAN.);
#3619=TRIMMED_CURVE($,#3811,(#8396),(#8397),.T.,.CARTESIAN.);
#3620=TRIMMED_CURVE($,#3812,(#8399),(#8400),.T.,.CARTESIAN.);
#3621=TRIMMED_CURVE($,#3813,(#8406),(#8407),.T.,.CARTESIAN.);
#3622=TRIMMED_CURVE($,#3814,(#8409),(#8410),.T.,.CARTESIAN.);
#3623=TRIMMED_CURVE($,#3815,(#8416),(#8417),.T.,.CARTESIAN.);
#3624=TRIMMED_CURVE($,#3816,(#8419),(#8420),.T.,.CARTESIAN.);
#3625=TRIMMED_CURVE($,#3817,(#8426),(#8427),.T.,.CARTESIAN.);
#3626=TRIMMED_CURVE($,#3818,(#8429),(#8430),.T.,.CARTESIAN.);
#3627=TRIMMED_CURVE($,#3819,(#8436),(#8437),.T.,.CARTESIAN.);
#3628=TRIMMED_CURVE($,#3820,(#8439),(#8440),.T.,.CARTESIAN.);
#3629=TRIMMED_CURVE($,#3821,(#8446),(#8447),.T.,.CARTESIAN.);
#3630=TRIMMED_CURVE($,#3822,(#8449),(#8450),.T.,.CARTESIAN.);
#3631=TRIMMED_CURVE($,#3823,(#8456),(#8457),.T.,.CARTESIAN.);
#3632=TRIMMED_CURVE($,#3824,(#8459),(#8460),.T.,.CARTESIAN.);
#3633=TRIMMED_CURVE($,#3825,(#8464),(#8465),.T.,.CARTESIAN.);
#3634=TRIMMED_CURVE($,#3826,(#8469),(#8470),.T.,.CARTESIAN.);
#3635=TRIMMED_CURVE($,#3827,(#8472),(#8473),.T.,.CARTESIAN.);
#3636=TRIMMED_CURVE($,#3828,(#8477),(#8478),.T.,.CARTESIAN.);
#3637=TRIMMED_CURVE($,#3829,(#8482),(#8483),.T.,.CARTESIAN.);
#3638=TRIMMED_CURVE($,#3830,(#8513),(#8514),.T.,.CARTESIAN.);
#3639=TRIMMED_CURVE($,#3831,(#8518),(#8519),.T.,.CARTESIAN.);
#3640=TRIMMED_CURVE($,#3832,(#8523),(#8524),.T.,.CARTESIAN.);
#3641=TRIMMED_CURVE($,#3833,(#8528),(#8529),.T.,.CARTESIAN.);
#3642=TRIMMED_CURVE($,#3834,(#8533),(#8534),.T.,.CARTESIAN.);
#3643=TRIMMED_CURVE($,#3835,(#8586),(#8587),.T.,.CARTESIAN.);
#3644=TRIMMED_CURVE($,#3836,(#8593),(#8594),.T.,.CARTESIAN.);
#3645=TRIMMED_CURVE($,#3837,(#8596),(#8597),.T.,.CARTESIAN.);
#3646=TRIMMED_CURVE($,#3838,(#8603),(#8604),.T.,.CARTESIAN.);
#3647=TRIMMED_CURVE($,#3839,(#8606),(#8607),.T.,.CARTESIAN.);
#3648=TRIMMED_CURVE($,#3840,(#9434),(#9435),.T.,.CARTESIAN.);
#3649=TRIMMED_CURVE($,#3841,(#9437),(#9438),.T.,.CARTESIAN.);
#3650=TRIMMED_CURVE($,#3842,(#9448),(#9449),.T.,.CARTESIAN.);
#3651=TRIMMED_CURVE($,#3843,(#9451),(#9452),.T.,.CARTESIAN.);
#3652=TRIMMED_CURVE($,#3844,(#9454),(#9455),.T.,.CARTESIAN.);
#3653=TRIMMED_CURVE($,#3845,(#9457),(#9458),.T.,.CARTESIAN.);
#3654=TRIMMED_CURVE($,#3846,(#9468),(#9469),.T.,.CARTESIAN.);
#3655=TRIMMED_CURVE($,#3847,(#9471),(#9472),.T.,.CARTESIAN.);
#3656=TRIMMED_CURVE($,#3848,(#9474),(#9475),.T.,.CARTESIAN.);
#3657=TRIMMED_CURVE($,#3849,(#9477),(#9478),.T.,.CARTESIAN.);
#3658=TRIMMED_CURVE($,#3850,(#9484),(#9485),.T.,.CARTESIAN.);
#3659=TRIMMED_CURVE($,#3851,(#9487),(#9488),.T.,.CARTESIAN.);
#3660=TRIMMED_CURVE($,#3852,(#9602),(#9603),.T.,.CARTESIAN.);
#3661=TRIMMED_CURVE($,#3853,(#9605),(#9606),.T.,.CARTESIAN.);
#3662=TRIMMED_CURVE($,#3854,(#9616),(#9617),.T.,.CARTESIAN.);
#3663=TRIMMED_CURVE($,#3855,(#9619),(#9620),.T.,.CARTESIAN.);
#3664=TRIMMED_CURVE($,#3856,(#9622),(#9623),.T.,.CARTESIAN.);
#3665=TRIMMED_CURVE($,#3857,(#9625),(#9626),.T.,.CARTESIAN.);
#3666=TRIMMED_CURVE($,#3858,(#9636),(#9637),.T.,.CARTESIAN.);
#3667=TRIMMED_CURVE($,#3859,(#9639),(#9640),.T.,.CARTESIAN.);
#3668=TRIMMED_CURVE($,#3860,(#9762),(#9763),.T.,.CARTESIAN.);
#3669=TRIMMED_CURVE($,#3861,(#9767),(#9768),.T.,.CARTESIAN.);
#3670=TRIMMED_CURVE($,#3862,(#10523),(#10524),.T.,.CARTESIAN.);
#3671=TRIMMED_CURVE($,#3863,(#10526),(#10527),.T.,.CARTESIAN.);
#3672=TRIMMED_CURVE($,#3864,(#10537),(#10538),.T.,.CARTESIAN.);
#3673=TRIMMED_CURVE($,#3865,(#10540),(#10541),.T.,.CARTESIAN.);
#3674=TRIMMED_CURVE($,#3866,(#10543),(#10544),.T.,.CARTESIAN.);
#3675=TRIMMED_CURVE($,#3867,(#10546),(#10547),.T.,.CARTESIAN.);
#3676=TRIMMED_CURVE($,#3868,(#10557),(#10558),.T.,.CARTESIAN.);
#3677=TRIMMED_CURVE($,#3869,(#10560),(#10561),.T.,.CARTESIAN.);
#3678=TRIMMED_CURVE($,#3870,(#10563),(#10564),.T.,.CARTESIAN.);
#3679=TRIMMED_CURVE($,#3871,(#10566),(#10567),.T.,.CARTESIAN.);
#3680=TRIMMED_CURVE($,#3872,(#10573),(#10574),.T.,.CARTESIAN.);
#3681=TRIMMED_CURVE($,#3873,(#10576),(#10577),.T.,.CARTESIAN.);
#3682=TRIMMED_CURVE($,#3874,(#10691),(#10692),.T.,.CARTESIAN.);
#3683=TRIMMED_CURVE($,#3875,(#10694),(#10695),.T.,.CARTESIAN.);
#3684=TRIMMED_CURVE($,#3876,(#10705),(#10706),.T.,.CARTESIAN.);
#3685=TRIMMED_CURVE($,#3877,(#10708),(#10709),.T.,.CARTESIAN.);
#3686=TRIMMED_CURVE($,#3878,(#10711),(#10712),.T.,.CARTESIAN.);
#3687=TRIMMED_CURVE($,#3879,(#10714),(#10715),.T.,.CARTESIAN.);
#3688=TRIMMED_CURVE($,#3880,(#10725),(#10726),.T.,.CARTESIAN.);
#3689=TRIMMED_CURVE($,#3881,(#10728),(#10729),.T.,.CARTESIAN.);
#3690=TRIMMED_CURVE($,#3882,(#10851),(#10852),.T.,.CARTESIAN.);
#3691=TRIMMED_CURVE($,#3883,(#10856),(#10857),.T.,.CARTESIAN.);
#3692=CIRCLE('',#4877,1.49999999999966);
#3693=CIRCLE('',#4878,2.99999999999955);
#3694=CIRCLE('',#4879,2.25);
#3695=CIRCLE('',#4880,3.75);
#3696=CIRCLE('',#4881,1.49999999999966);
#3697=CIRCLE('',#4882,2.99999999999955);
#3698=CIRCLE('',#4883,2.25000000000011);
#3699=CIRCLE('',#4884,3.75);
#3700=CIRCLE('',#4885,1.49999999999977);
#3701=CIRCLE('',#4886,2.99999999999955);
#3702=CIRCLE('',#4887,2.24999999999977);
#3703=CIRCLE('',#4888,3.75);
#3704=CIRCLE('',#4889,1.49999999999977);
#3705=CIRCLE('',#4890,2.99999999999955);
#3706=CIRCLE('',#4891,2.25);
#3707=CIRCLE('',#4892,3.75);
#3708=CIRCLE('',#4893,2.24999999999977);
#3709=CIRCLE('',#4894,2.25);
#3710=CIRCLE('',#4895,2.25);
#3711=CIRCLE('',#4896,2.24999999999989);
#3712=CIRCLE('',#4897,3.75);
#3713=CIRCLE('',#4898,2.25);
#3714=CIRCLE('',#4899,2.50000000000059);
#3715=CIRCLE('',#4900,4.00000000000048);
#3716=CIRCLE('',#4901,3.99999999999998);
#3717=CIRCLE('',#4902,2.50000000000011);
#3718=CIRCLE('',#4903,1.49999999999989);
#3719=CIRCLE('',#4904,1.5);
#3720=CIRCLE('',#4905,1.5);
#3721=CIRCLE('',#4906,1.49999999999977);
#3722=CIRCLE('',#4907,1.5);
#3723=CIRCLE('',#4908,2.24999999999977);
#3724=CIRCLE('',#4909,1.5);
#3725=CIRCLE('',#4910,2.50000000000059);
#3726=CIRCLE('',#4911,4.00000000000039);
#3727=CIRCLE('',#4912,4.00000000000014);
#3728=CIRCLE('',#4913,2.50000000000014);
#3729=CIRCLE('',#4914,1.49999999999977);
#3730=CIRCLE('',#4915,2.99999999999955);
#3731=CIRCLE('',#4916,2.25);
#3732=CIRCLE('',#4917,3.75);
#3733=CIRCLE('',#4918,1.49999999999989);
#3734=CIRCLE('',#4919,2.99999999999955);
#3735=CIRCLE('',#4920,2.25);
#3736=CIRCLE('',#4921,3.74999999999989);
#3737=CIRCLE('',#4922,1.49999999999977);
#3738=CIRCLE('',#4923,2.99999999999955);
#3739=CIRCLE('',#4924,2.25000000000023);
#3740=CIRCLE('',#4925,3.75);
#3741=CIRCLE('',#4926,1.49999999999977);
#3742=CIRCLE('',#4927,2.99999999999955);
#3743=CIRCLE('',#4928,2.25000000000023);
#3744=CIRCLE('',#4929,3.75);
#3745=CIRCLE('',#4930,3.75);
#3746=CIRCLE('',#4931,2.25);
#3747=CIRCLE('',#4932,2.50000000000048);
#3748=CIRCLE('',#4933,4.00000000000002);
#3749=CIRCLE('',#4934,3.99999999999988);
#3750=CIRCLE('',#4935,2.50000000000025);
#3751=CIRCLE('',#4936,1.49999999999989);
#3752=CIRCLE('',#4937,1.5);
#3753=CIRCLE('',#4938,1.5);
#3754=CIRCLE('',#4939,1.50000000000023);
#3755=CIRCLE('',#4940,1.5);
#3756=CIRCLE('',#4941,2.25000000000023);
#3757=CIRCLE('',#4942,2.24999999999989);
#3758=CIRCLE('',#4943,2.25);
#3759=CIRCLE('',#4944,2.25000000000023);
#3760=CIRCLE('',#4945,2.25000000000023);
#3761=CIRCLE('',#4946,1.5);
#3762=CIRCLE('',#4947,2.50000000000084);
#3763=CIRCLE('',#4948,4.00000000000015);
#3764=CIRCLE('',#4949,4.00000000000002);
#3765=CIRCLE('',#4950,2.50000000000022);
#3766=CIRCLE('',#5012,1.49999999999977);
#3767=CIRCLE('',#5013,2.99999999999955);
#3768=CIRCLE('',#5014,2.25);
#3769=CIRCLE('',#5015,3.75000000000023);
#3770=CIRCLE('',#5016,1.49999999999955);
#3771=CIRCLE('',#5017,2.99999999999955);
#3772=CIRCLE('',#5018,2.24999999999977);
#3773=CIRCLE('',#5019,3.75);
#3774=CIRCLE('',#5020,1.49999999999955);
#3775=CIRCLE('',#5021,2.99999999999977);
#3776=CIRCLE('',#5022,2.25);
#3777=CIRCLE('',#5023,3.75);
#3778=CIRCLE('',#5024,1.49999999999977);
#3779=CIRCLE('',#5025,2.99999999999977);
#3780=CIRCLE('',#5026,2.25);
#3781=CIRCLE('',#5027,3.75);
#3782=CIRCLE('',#5028,2.25);
#3783=CIRCLE('',#5029,2.25);
#3784=CIRCLE('',#5030,2.25);
#3785=CIRCLE('',#5031,2.25);
#3786=CIRCLE('',#5032,3.75);
#3787=CIRCLE('',#5033,2.25);
#3788=CIRCLE('',#5034,2.50000000000023);
#3789=CIRCLE('',#5035,4.00000000000025);
#3790=CIRCLE('',#5036,3.99999999999998);
#3791=CIRCLE('',#5037,2.50000000000033);
#3792=CIRCLE('',#5038,1.5);
#3793=CIRCLE('',#5039,1.49999999999977);
#3794=CIRCLE('',#5040,1.5);
#3795=CIRCLE('',#5041,1.5);
#3796=CIRCLE('',#5042,1.5);
#3797=CIRCLE('',#5043,2.25);
#3798=CIRCLE('',#5044,1.5);
#3799=CIRCLE('',#5045,2.50000000000048);
#3800=CIRCLE('',#5046,4.00000000000036);
#3801=CIRCLE('',#5047,4.00000000000014);
#3802=CIRCLE('',#5048,2.50000000000003);
#3803=CIRCLE('',#5049,1.49999999999977);
#3804=CIRCLE('',#5050,2.99999999999955);
#3805=CIRCLE('',#5051,2.25);
#3806=CIRCLE('',#5052,3.75);
#3807=CIRCLE('',#5053,1.5);
#3808=CIRCLE('',#5054,2.99999999999955);
#3809=CIRCLE('',#5055,2.25);
#3810=CIRCLE('',#5056,3.75);
#3811=CIRCLE('',#5057,1.49999999999977);
#3812=CIRCLE('',#5058,2.99999999999932);
#3813=CIRCLE('',#5059,2.25000000000023);
#3814=CIRCLE('',#5060,3.75);
#3815=CIRCLE('',#5061,1.49999999999977);
#3816=CIRCLE('',#5062,2.99999999999932);
#3817=CIRCLE('',#5063,2.25000000000023);
#3818=CIRCLE('',#5064,3.75);
#3819=CIRCLE('',#5065,3.75000000000023);
#3820=CIRCLE('',#5066,2.25000000000023);
#3821=CIRCLE('',#5067,2.50000000000048);
#3822=CIRCLE('',#5068,4.00000000000014);
#3823=CIRCLE('',#5069,3.99999999999988);
#3824=CIRCLE('',#5070,2.50000000000014);
#3825=CIRCLE('',#5071,1.5);
#3826=CIRCLE('',#5072,1.5);
#3827=CIRCLE('',#5073,1.50000000000023);
#3828=CIRCLE('',#5074,1.5);
#3829=CIRCLE('',#5075,1.5);
#3830=CIRCLE('',#5076,2.25);
#3831=CIRCLE('',#5077,2.25000000000023);
#3832=CIRCLE('',#5078,2.25);
#3833=CIRCLE('',#5079,2.25000000000023);
#3834=CIRCLE('',#5080,2.25);
#3835=CIRCLE('',#5081,1.5);
#3836=CIRCLE('',#5082,2.50000000000072);
#3837=CIRCLE('',#5083,4.00000000000014);
#3838=CIRCLE('',#5084,4.00000000000013);
#3839=CIRCLE('',#5085,2.50000000000021);
#3840=CIRCLE('',#5125,1.19098300562462);
#3841=CIRCLE('',#5126,2.19098300562473);
#3842=CIRCLE('',#5127,1.19098300562462);
#3843=CIRCLE('',#5128,2.19098300562484);
#3844=CIRCLE('',#5129,1.19098300562496);
#3845=CIRCLE('',#5130,2.1909830056245);
#3846=CIRCLE('',#5131,1.19098300562473);
#3847=CIRCLE('',#5132,2.19098300562473);
#3848=CIRCLE('',#5133,0.999999999999773);
#3849=CIRCLE('',#5134,0.500000000289219);
#3850=CIRCLE('',#5135,0.999999999999773);
#3851=CIRCLE('',#5136,1.);
#3852=CIRCLE('',#5137,1.19098300562496);
#3853=CIRCLE('',#5138,2.1909830056245);
#3854=CIRCLE('',#5139,1.1909830056245);
#3855=CIRCLE('',#5140,2.1909830056245);
#3856=CIRCLE('',#5141,1.19098300562496);
#3857=CIRCLE('',#5142,2.19098300562473);
#3858=CIRCLE('',#5143,1.19098300562496);
#3859=CIRCLE('',#5144,2.19098300562462);
#3860=CIRCLE('',#5145,0.500000000288992);
#3861=CIRCLE('',#5146,0.999999999999773);
#3862=CIRCLE('',#5186,1.19098300562473);
#3863=CIRCLE('',#5187,2.19098300562473);
#3864=CIRCLE('',#5188,1.1909830056245);
#3865=CIRCLE('',#5189,2.19098300562496);
#3866=CIRCLE('',#5190,1.19098300562496);
#3867=CIRCLE('',#5191,2.1909830056245);
#3868=CIRCLE('',#5192,1.19098300562496);
#3869=CIRCLE('',#5193,2.1909830056245);
#3870=CIRCLE('',#5194,0.999999999999773);
#3871=CIRCLE('',#5195,0.500000000289447);
#3872=CIRCLE('',#5196,0.999999999999773);
#3873=CIRCLE('',#5197,1.);
#3874=CIRCLE('',#5198,1.19098300562496);
#3875=CIRCLE('',#5199,2.1909830056245);
#3876=CIRCLE('',#5200,1.1909830056245);
#3877=CIRCLE('',#5201,2.1909830056245);
#3878=CIRCLE('',#5202,1.19098300562473);
#3879=CIRCLE('',#5203,2.19098300562473);
#3880=CIRCLE('',#5204,1.19098300562473);
#3881=CIRCLE('',#5205,2.1909830056245);
#3882=CIRCLE('',#5206,0.500000000288992);
#3883=CIRCLE('',#5207,1.);
#3884=(
BOUNDED_CURVE()
B_SPLINE_CURVE(3,(#6501,#6502,#6503,#6504),.UNSPECIFIED.,.F.,.F.)
B_SPLINE_CURVE_WITH_KNOTS((4,4),(0.,3.67423461417495),.UNSPECIFIED.)
CURVE()
GEOMETRIC_REPRESENTATION_ITEM()
RATIONAL_B_SPLINE_CURVE((1.,1.,1.,1.))
REPRESENTATION_ITEM('')
);
#3885=(
BOUNDED_CURVE()
B_SPLINE_CURVE(3,(#6511,#6512,#6513,#6514),.UNSPECIFIED.,.F.,.F.)
B_SPLINE_CURVE_WITH_KNOTS((4,4),(0.,3.67423461417479),.UNSPECIFIED.)
CURVE()
GEOMETRIC_REPRESENTATION_ITEM()
RATIONAL_B_SPLINE_CURVE((1.,1.,1.,1.))
REPRESENTATION_ITEM('')
);
#3886=(
BOUNDED_CURVE()
B_SPLINE_CURVE(3,(#6521,#6522,#6523,#6524),.UNSPECIFIED.,.F.,.F.)
B_SPLINE_CURVE_WITH_KNOTS((4,4),(0.,3.67423461417495),.UNSPECIFIED.)
CURVE()
GEOMETRIC_REPRESENTATION_ITEM()
RATIONAL_B_SPLINE_CURVE((1.,1.,1.,1.))
REPRESENTATION_ITEM('')
);
#3887=(
BOUNDED_CURVE()
B_SPLINE_CURVE(3,(#6531,#6532,#6533,#6534),.UNSPECIFIED.,.F.,.F.)
B_SPLINE_CURVE_WITH_KNOTS((4,4),(0.,3.67423461417479),.UNSPECIFIED.)
CURVE()
GEOMETRIC_REPRESENTATION_ITEM()
RATIONAL_B_SPLINE_CURVE((1.,1.,1.,1.))
REPRESENTATION_ITEM('')
);
#3888=(
BOUNDED_CURVE()
B_SPLINE_CURVE(3,(#6541,#6542,#6543,#6544),.UNSPECIFIED.,.F.,.F.)
B_SPLINE_CURVE_WITH_KNOTS((4,4),(0.,3.67423461417495),.UNSPECIFIED.)
CURVE()
GEOMETRIC_REPRESENTATION_ITEM()
RATIONAL_B_SPLINE_CURVE((1.,1.,1.,1.))
REPRESENTATION_ITEM('')
);
#3889=(
BOUNDED_CURVE()
B_SPLINE_CURVE(3,(#6551,#6552,#6553,#6554),.UNSPECIFIED.,.F.,.F.)
B_SPLINE_CURVE_WITH_KNOTS((4,4),(0.,3.67423461417479),.UNSPECIFIED.)
CURVE()
GEOMETRIC_REPRESENTATION_ITEM()
RATIONAL_B_SPLINE_CURVE((1.,1.,1.,1.))
REPRESENTATION_ITEM('')
);
#3890=(
BOUNDED_CURVE()
B_SPLINE_CURVE(3,(#6561,#6562,#6563,#6564),.UNSPECIFIED.,.F.,.F.)
B_SPLINE_CURVE_WITH_KNOTS((4,4),(0.,3.67423461417495),.UNSPECIFIED.)
CURVE()
GEOMETRIC_REPRESENTATION_ITEM()
RATIONAL_B_SPLINE_CURVE((1.,1.,1.,1.))
REPRESENTATION_ITEM('')
);
#3891=(
BOUNDED_CURVE()
B_SPLINE_CURVE(3,(#6571,#6572,#6573,#6574),.UNSPECIFIED.,.F.,.F.)
B_SPLINE_CURVE_WITH_KNOTS((4,4),(0.,3.67423461417479),.UNSPECIFIED.)
CURVE()
GEOMETRIC_REPRESENTATION_ITEM()
RATIONAL_B_SPLINE_CURVE((1.,1.,1.,1.))
REPRESENTATION_ITEM('')
);
#3892=(
BOUNDED_CURVE()
B_SPLINE_CURVE(3,(#6593,#6594,#6595,#6596),.UNSPECIFIED.,.F.,.F.)
B_SPLINE_CURVE_WITH_KNOTS((4,4),(0.,3.67423461417495),.UNSPECIFIED.)
CURVE()
GEOMETRIC_REPRESENTATION_ITEM()
RATIONAL_B_SPLINE_CURVE((1.,1.,1.,1.))
REPRESENTATION_ITEM('')
);
#3893=(
BOUNDED_CURVE()
B_SPLINE_CURVE(3,(#6603,#6604,#6605,#6606),.UNSPECIFIED.,.F.,.F.)
B_SPLINE_CURVE_WITH_KNOTS((4,4),(0.,3.67423461417473),.UNSPECIFIED.)
CURVE()
GEOMETRIC_REPRESENTATION_ITEM()
RATIONAL_B_SPLINE_CURVE((1.,1.,1.,1.))
REPRESENTATION_ITEM('')
);
#3894=(
BOUNDED_CURVE()
B_SPLINE_CURVE(3,(#6613,#6614,#6615,#6616),.UNSPECIFIED.,.F.,.F.)
B_SPLINE_CURVE_WITH_KNOTS((4,4),(0.,3.67423461418448),.UNSPECIFIED.)
CURVE()
GEOMETRIC_REPRESENTATION_ITEM()
RATIONAL_B_SPLINE_CURVE((1.,1.,1.,1.))
REPRESENTATION_ITEM('')
);
#3895=(
BOUNDED_CURVE()
B_SPLINE_CURVE(1,(#6665,#6666),.UNSPECIFIED.,.F.,.F.)
B_SPLINE_CURVE_WITH_KNOTS((2,2),(3.,23.5194594304064),.UNSPECIFIED.)
CURVE()
GEOMETRIC_REPRESENTATION_ITEM()
RATIONAL_B_SPLINE_CURVE((1.,1.))
REPRESENTATION_ITEM('')
);
#3896=(
BOUNDED_CURVE()
B_SPLINE_CURVE(1,(#6700,#6701),.UNSPECIFIED.,.F.,.F.)
B_SPLINE_CURVE_WITH_KNOTS((2,2),(0.,13.0194594303846),.UNSPECIFIED.)
CURVE()
GEOMETRIC_REPRESENTATION_ITEM()
RATIONAL_B_SPLINE_CURVE((1.,1.))
REPRESENTATION_ITEM('')
);
#3897=(
BOUNDED_CURVE()
B_SPLINE_CURVE(1,(#6712,#6713),.UNSPECIFIED.,.F.,.F.)
B_SPLINE_CURVE_WITH_KNOTS((2,2),(3.,23.5194594304064),.UNSPECIFIED.)
CURVE()
GEOMETRIC_REPRESENTATION_ITEM()
RATIONAL_B_SPLINE_CURVE((1.,1.))
REPRESENTATION_ITEM('')
);
#3898=(
BOUNDED_CURVE()
B_SPLINE_CURVE(1,(#6717,#6718),.UNSPECIFIED.,.F.,.F.)
B_SPLINE_CURVE_WITH_KNOTS((2,2),(3.,23.5194594304064),.UNSPECIFIED.)
CURVE()
GEOMETRIC_REPRESENTATION_ITEM()
RATIONAL_B_SPLINE_CURVE((1.,1.))
REPRESENTATION_ITEM('')
);
#3899=(
BOUNDED_CURVE()
B_SPLINE_CURVE(1,(#6719,#6720),.UNSPECIFIED.,.F.,.F.)
B_SPLINE_CURVE_WITH_KNOTS((2,2),(2.78284985313668,9.42141609315052),
 .UNSPECIFIED.)
CURVE()
GEOMETRIC_REPRESENTATION_ITEM()
RATIONAL_B_SPLINE_CURVE((1.,1.))
REPRESENTATION_ITEM('')
);
#3900=(
BOUNDED_CURVE()
B_SPLINE_CURVE(1,(#6732,#6733),.UNSPECIFIED.,.F.,.F.)
B_SPLINE_CURVE_WITH_KNOTS((2,2),(2.86882529974831,18.5737202548916),
 .UNSPECIFIED.)
CURVE()
GEOMETRIC_REPRESENTATION_ITEM()
RATIONAL_B_SPLINE_CURVE((1.,1.))
REPRESENTATION_ITEM('')
);
#3901=(
BOUNDED_CURVE()
B_SPLINE_CURVE(1,(#6748,#6749),.UNSPECIFIED.,.F.,.F.)
B_SPLINE_CURVE_WITH_KNOTS((2,2),(0.,8.8769999999782),.UNSPECIFIED.)
CURVE()
GEOMETRIC_REPRESENTATION_ITEM()
RATIONAL_B_SPLINE_CURVE((1.,1.))
REPRESENTATION_ITEM('')
);
#3902=(
BOUNDED_CURVE()
B_SPLINE_CURVE(1,(#6750,#6751),.UNSPECIFIED.,.F.,.F.)
B_SPLINE_CURVE_WITH_KNOTS((2,2),(3.00000000000001,19.377),.UNSPECIFIED.)
CURVE()
GEOMETRIC_REPRESENTATION_ITEM()
RATIONAL_B_SPLINE_CURVE((1.,1.))
REPRESENTATION_ITEM('')
);
#3903=(
BOUNDED_CURVE()
B_SPLINE_CURVE(1,(#6752,#6753),.UNSPECIFIED.,.F.,.F.)
B_SPLINE_CURVE_WITH_KNOTS((2,2),(2.99999999999999,19.377),.UNSPECIFIED.)
CURVE()
GEOMETRIC_REPRESENTATION_ITEM()
RATIONAL_B_SPLINE_CURVE((1.,1.))
REPRESENTATION_ITEM('')
);
#3904=(
BOUNDED_CURVE()
B_SPLINE_CURVE(1,(#6754,#6755),.UNSPECIFIED.,.F.,.F.)
B_SPLINE_CURVE_WITH_KNOTS((2,2),(3.,19.377),.UNSPECIFIED.)
CURVE()
GEOMETRIC_REPRESENTATION_ITEM()
RATIONAL_B_SPLINE_CURVE((1.,1.))
REPRESENTATION_ITEM('')
);
#3905=(
BOUNDED_CURVE()
B_SPLINE_CURVE(1,(#6756,#6757),.UNSPECIFIED.,.F.,.F.)
B_SPLINE_CURVE_WITH_KNOTS((2,2),(3.,19.377),.UNSPECIFIED.)
CURVE()
GEOMETRIC_REPRESENTATION_ITEM()
RATIONAL_B_SPLINE_CURVE((1.,1.))
REPRESENTATION_ITEM('')
);
#3906=(
BOUNDED_CURVE()
B_SPLINE_CURVE(1,(#6758,#6759),.UNSPECIFIED.,.F.,.F.)
B_SPLINE_CURVE_WITH_KNOTS((2,2),(3.45434454349162,27.8315845059868),
 .UNSPECIFIED.)
CURVE()
GEOMETRIC_REPRESENTATION_ITEM()
RATIONAL_B_SPLINE_CURVE((1.,1.))
REPRESENTATION_ITEM('')
);
#3907=(
BOUNDED_CURVE()
B_SPLINE_CURVE(1,(#6771,#6772),.UNSPECIFIED.,.F.,.F.)
B_SPLINE_CURVE_WITH_KNOTS((2,2),(3.2428781850237,27.6201181475189),
 .UNSPECIFIED.)
CURVE()
GEOMETRIC_REPRESENTATION_ITEM()
RATIONAL_B_SPLINE_CURVE((1.,1.))
REPRESENTATION_ITEM('')
);
#3908=(
BOUNDED_CURVE()
B_SPLINE_CURVE(1,(#6787,#6788),.UNSPECIFIED.,.F.,.F.)
B_SPLINE_CURVE_WITH_KNOTS((2,2),(3.,23.5194594304064),.UNSPECIFIED.)
CURVE()
GEOMETRIC_REPRESENTATION_ITEM()
RATIONAL_B_SPLINE_CURVE((1.,1.))
REPRESENTATION_ITEM('')
);
#3909=(
BOUNDED_CURVE()
B_SPLINE_CURVE(3,(#6789,#6790,#6791,#6792),.UNSPECIFIED.,.F.,.F.)
B_SPLINE_CURVE_WITH_KNOTS((4,4),(0.,3.67423461417473),.UNSPECIFIED.)
CURVE()
GEOMETRIC_REPRESENTATION_ITEM()
RATIONAL_B_SPLINE_CURVE((1.,1.,1.,1.))
REPRESENTATION_ITEM('')
);
#3910=(
BOUNDED_CURVE()
B_SPLINE_CURVE(3,(#6799,#6800,#6801,#6802),.UNSPECIFIED.,.F.,.F.)
B_SPLINE_CURVE_WITH_KNOTS((4,4),(0.,3.67423461418448),.UNSPECIFIED.)
CURVE()
GEOMETRIC_REPRESENTATION_ITEM()
RATIONAL_B_SPLINE_CURVE((1.,1.,1.,1.))
REPRESENTATION_ITEM('')
);
#3911=(
BOUNDED_CURVE()
B_SPLINE_CURVE(1,(#6813,#6814),.UNSPECIFIED.,.F.,.F.)
B_SPLINE_CURVE_WITH_KNOTS((2,2),(2.78284985313668,9.42141609315052),
 .UNSPECIFIED.)
CURVE()
GEOMETRIC_REPRESENTATION_ITEM()
RATIONAL_B_SPLINE_CURVE((1.,1.))
REPRESENTATION_ITEM('')
);
#3912=(
BOUNDED_CURVE()
B_SPLINE_CURVE(1,(#6826,#6827),.UNSPECIFIED.,.F.,.F.)
B_SPLINE_CURVE_WITH_KNOTS((2,2),(2.86882529974831,18.5737202548916),
 .UNSPECIFIED.)
CURVE()
GEOMETRIC_REPRESENTATION_ITEM()
RATIONAL_B_SPLINE_CURVE((1.,1.))
REPRESENTATION_ITEM('')
);
#3913=(
BOUNDED_CURVE()
B_SPLINE_CURVE(1,(#6839,#6840),.UNSPECIFIED.,.F.,.F.)
B_SPLINE_CURVE_WITH_KNOTS((2,2),(3.45434454349162,27.8315845059868),
 .UNSPECIFIED.)
CURVE()
GEOMETRIC_REPRESENTATION_ITEM()
RATIONAL_B_SPLINE_CURVE((1.,1.))
REPRESENTATION_ITEM('')
);
#3914=(
BOUNDED_CURVE()
B_SPLINE_CURVE(1,(#6852,#6853),.UNSPECIFIED.,.F.,.F.)
B_SPLINE_CURVE_WITH_KNOTS((2,2),(3.2428781850237,27.6201181475189),
 .UNSPECIFIED.)
CURVE()
GEOMETRIC_REPRESENTATION_ITEM()
RATIONAL_B_SPLINE_CURVE((1.,1.))
REPRESENTATION_ITEM('')
);
#3915=(
BOUNDED_CURVE()
B_SPLINE_CURVE(3,(#6909,#6910,#6911,#6912),.UNSPECIFIED.,.F.,.F.)
B_SPLINE_CURVE_WITH_KNOTS((4,4),(0.,3.67423461417495),.UNSPECIFIED.)
CURVE()
GEOMETRIC_REPRESENTATION_ITEM()
RATIONAL_B_SPLINE_CURVE((1.,1.,1.,1.))
REPRESENTATION_ITEM('')
);
#3916=(
BOUNDED_CURVE()
B_SPLINE_CURVE(3,(#6919,#6920,#6921,#6922),.UNSPECIFIED.,.F.,.F.)
B_SPLINE_CURVE_WITH_KNOTS((4,4),(0.,3.67423461417479),.UNSPECIFIED.)
CURVE()
GEOMETRIC_REPRESENTATION_ITEM()
RATIONAL_B_SPLINE_CURVE((1.,1.,1.,1.))
REPRESENTATION_ITEM('')
);
#3917=(
BOUNDED_CURVE()
B_SPLINE_CURVE(3,(#6929,#6930,#6931,#6932),.UNSPECIFIED.,.F.,.F.)
B_SPLINE_CURVE_WITH_KNOTS((4,4),(0.,3.67423461417495),.UNSPECIFIED.)
CURVE()
GEOMETRIC_REPRESENTATION_ITEM()
RATIONAL_B_SPLINE_CURVE((1.,1.,1.,1.))
REPRESENTATION_ITEM('')
);
#3918=(
BOUNDED_CURVE()
B_SPLINE_CURVE(3,(#6939,#6940,#6941,#6942),.UNSPECIFIED.,.F.,.F.)
B_SPLINE_CURVE_WITH_KNOTS((4,4),(0.,3.67423461417479),.UNSPECIFIED.)
CURVE()
GEOMETRIC_REPRESENTATION_ITEM()
RATIONAL_B_SPLINE_CURVE((1.,1.,1.,1.))
REPRESENTATION_ITEM('')
);
#3919=(
BOUNDED_CURVE()
B_SPLINE_CURVE(3,(#6949,#6950,#6951,#6952),.UNSPECIFIED.,.F.,.F.)
B_SPLINE_CURVE_WITH_KNOTS((4,4),(0.,3.67423461417495),.UNSPECIFIED.)
CURVE()
GEOMETRIC_REPRESENTATION_ITEM()
RATIONAL_B_SPLINE_CURVE((1.,1.,1.,1.))
REPRESENTATION_ITEM('')
);
#3920=(
BOUNDED_CURVE()
B_SPLINE_CURVE(3,(#6959,#6960,#6961,#6962),.UNSPECIFIED.,.F.,.F.)
B_SPLINE_CURVE_WITH_KNOTS((4,4),(0.,3.67423461417479),.UNSPECIFIED.)
CURVE()
GEOMETRIC_REPRESENTATION_ITEM()
RATIONAL_B_SPLINE_CURVE((1.,1.,1.,1.))
REPRESENTATION_ITEM('')
);
#3921=(
BOUNDED_CURVE()
B_SPLINE_CURVE(3,(#6969,#6970,#6971,#6972),.UNSPECIFIED.,.F.,.F.)
B_SPLINE_CURVE_WITH_KNOTS((4,4),(0.,3.67423461417495),.UNSPECIFIED.)
CURVE()
GEOMETRIC_REPRESENTATION_ITEM()
RATIONAL_B_SPLINE_CURVE((1.,1.,1.,1.))
REPRESENTATION_ITEM('')
);
#3922=(
BOUNDED_CURVE()
B_SPLINE_CURVE(3,(#6979,#6980,#6981,#6982),.UNSPECIFIED.,.F.,.F.)
B_SPLINE_CURVE_WITH_KNOTS((4,4),(0.,3.67423461417479),.UNSPECIFIED.)
CURVE()
GEOMETRIC_REPRESENTATION_ITEM()
RATIONAL_B_SPLINE_CURVE((1.,1.,1.,1.))
REPRESENTATION_ITEM('')
);
#3923=(
BOUNDED_CURVE()
B_SPLINE_CURVE(3,(#6989,#6990,#6991,#6992),.UNSPECIFIED.,.F.,.F.)
B_SPLINE_CURVE_WITH_KNOTS((4,4),(0.,3.67423461417495),.UNSPECIFIED.)
CURVE()
GEOMETRIC_REPRESENTATION_ITEM()
RATIONAL_B_SPLINE_CURVE((1.,1.,1.,1.))
REPRESENTATION_ITEM('')
);
#3924=(
BOUNDED_CURVE()
B_SPLINE_CURVE(3,(#6999,#7000,#7001,#7002),.UNSPECIFIED.,.F.,.F.)
B_SPLINE_CURVE_WITH_KNOTS((4,4),(0.,3.67423461417473),.UNSPECIFIED.)
CURVE()
GEOMETRIC_REPRESENTATION_ITEM()
RATIONAL_B_SPLINE_CURVE((1.,1.,1.,1.))
REPRESENTATION_ITEM('')
);
#3925=(
BOUNDED_CURVE()
B_SPLINE_CURVE(3,(#7009,#7010,#7011,#7012),.UNSPECIFIED.,.F.,.F.)
B_SPLINE_CURVE_WITH_KNOTS((4,4),(0.,3.67423461418448),.UNSPECIFIED.)
CURVE()
GEOMETRIC_REPRESENTATION_ITEM()
RATIONAL_B_SPLINE_CURVE((1.,1.,1.,1.))
REPRESENTATION_ITEM('')
);
#3926=(
BOUNDED_CURVE()
B_SPLINE_CURVE(1,(#7019,#7020),.UNSPECIFIED.,.F.,.F.)
B_SPLINE_CURVE_WITH_KNOTS((2,2),(2.99999999999999,23.5194594304064),
 .UNSPECIFIED.)
CURVE()
GEOMETRIC_REPRESENTATION_ITEM()
RATIONAL_B_SPLINE_CURVE((1.,1.))
REPRESENTATION_ITEM('')
);
#3927=(
BOUNDED_CURVE()
B_SPLINE_CURVE(1,(#7024,#7025),.UNSPECIFIED.,.F.,.F.)
B_SPLINE_CURVE_WITH_KNOTS((2,2),(0.,13.0194594303846),.UNSPECIFIED.)
CURVE()
GEOMETRIC_REPRESENTATION_ITEM()
RATIONAL_B_SPLINE_CURVE((1.,1.))
REPRESENTATION_ITEM('')
);
#3928=(
BOUNDED_CURVE()
B_SPLINE_CURVE(1,(#7032,#7033),.UNSPECIFIED.,.F.,.F.)
B_SPLINE_CURVE_WITH_KNOTS((2,2),(2.99999999999999,23.5194594304064),
 .UNSPECIFIED.)
CURVE()
GEOMETRIC_REPRESENTATION_ITEM()
RATIONAL_B_SPLINE_CURVE((1.,1.))
REPRESENTATION_ITEM('')
);
#3929=(
BOUNDED_CURVE()
B_SPLINE_CURVE(1,(#7037,#7038),.UNSPECIFIED.,.F.,.F.)
B_SPLINE_CURVE_WITH_KNOTS((2,2),(2.99999999999999,23.5194594304064),
 .UNSPECIFIED.)
CURVE()
GEOMETRIC_REPRESENTATION_ITEM()
RATIONAL_B_SPLINE_CURVE((1.,1.))
REPRESENTATION_ITEM('')
);
#3930=(
BOUNDED_CURVE()
B_SPLINE_CURVE(1,(#7042,#7043),.UNSPECIFIED.,.F.,.F.)
B_SPLINE_CURVE_WITH_KNOTS((2,2),(2.78284985313668,10.6854306482964),
 .UNSPECIFIED.)
CURVE()
GEOMETRIC_REPRESENTATION_ITEM()
RATIONAL_B_SPLINE_CURVE((1.,1.))
REPRESENTATION_ITEM('')
);
#3931=(
BOUNDED_CURVE()
B_SPLINE_CURVE(1,(#7055,#7056),.UNSPECIFIED.,.F.,.F.)
B_SPLINE_CURVE_WITH_KNOTS((2,2),(2.86882529974829,19.8767862219511),
 .UNSPECIFIED.)
CURVE()
GEOMETRIC_REPRESENTATION_ITEM()
RATIONAL_B_SPLINE_CURVE((1.,1.))
REPRESENTATION_ITEM('')
);
#3932=(
BOUNDED_CURVE()
B_SPLINE_CURVE(1,(#7068,#7069),.UNSPECIFIED.,.F.,.F.)
B_SPLINE_CURVE_WITH_KNOTS((2,2),(0.,8.8769999999782),.UNSPECIFIED.)
CURVE()
GEOMETRIC_REPRESENTATION_ITEM()
RATIONAL_B_SPLINE_CURVE((1.,1.))
REPRESENTATION_ITEM('')
);
#3933=(
BOUNDED_CURVE()
B_SPLINE_CURVE(1,(#7073,#7074),.UNSPECIFIED.,.F.,.F.)
B_SPLINE_CURVE_WITH_KNOTS((2,2),(3.00000000000001,19.377),.UNSPECIFIED.)
CURVE()
GEOMETRIC_REPRESENTATION_ITEM()
RATIONAL_B_SPLINE_CURVE((1.,1.))
REPRESENTATION_ITEM('')
);
#3934=(
BOUNDED_CURVE()
B_SPLINE_CURVE(1,(#7078,#7079),.UNSPECIFIED.,.F.,.F.)
B_SPLINE_CURVE_WITH_KNOTS((2,2),(2.99999999999999,19.377),.UNSPECIFIED.)
CURVE()
GEOMETRIC_REPRESENTATION_ITEM()
RATIONAL_B_SPLINE_CURVE((1.,1.))
REPRESENTATION_ITEM('')
);
#3935=(
BOUNDED_CURVE()
B_SPLINE_CURVE(1,(#7083,#7084),.UNSPECIFIED.,.F.,.F.)
B_SPLINE_CURVE_WITH_KNOTS((2,2),(3.,19.377),.UNSPECIFIED.)
CURVE()
GEOMETRIC_REPRESENTATION_ITEM()
RATIONAL_B_SPLINE_CURVE((1.,1.))
REPRESENTATION_ITEM('')
);
#3936=(
BOUNDED_CURVE()
B_SPLINE_CURVE(1,(#7088,#7089),.UNSPECIFIED.,.F.,.F.)
B_SPLINE_CURVE_WITH_KNOTS((2,2),(3.,19.377),.UNSPECIFIED.)
CURVE()
GEOMETRIC_REPRESENTATION_ITEM()
RATIONAL_B_SPLINE_CURVE((1.,1.))
REPRESENTATION_ITEM('')
);
#3937=(
BOUNDED_CURVE()
B_SPLINE_CURVE(1,(#7093,#7094),.UNSPECIFIED.,.F.,.F.)
B_SPLINE_CURVE_WITH_KNOTS((2,2),(2.50049122552726,26.8777311880224),
 .UNSPECIFIED.)
CURVE()
GEOMETRIC_REPRESENTATION_ITEM()
RATIONAL_B_SPLINE_CURVE((1.,1.))
REPRESENTATION_ITEM('')
);
#3938=(
BOUNDED_CURVE()
B_SPLINE_CURVE(1,(#7117,#7118),.UNSPECIFIED.,.F.,.F.)
B_SPLINE_CURVE_WITH_KNOTS((2,2),(2.28902486705945,26.6662648295546),
 .UNSPECIFIED.)
CURVE()
GEOMETRIC_REPRESENTATION_ITEM()
RATIONAL_B_SPLINE_CURVE((1.,1.))
REPRESENTATION_ITEM('')
);
#3939=(
BOUNDED_CURVE()
B_SPLINE_CURVE(1,(#7141,#7142),.UNSPECIFIED.,.F.,.F.)
B_SPLINE_CURVE_WITH_KNOTS((2,2),(2.99999999999999,23.5194594304064),
 .UNSPECIFIED.)
CURVE()
GEOMETRIC_REPRESENTATION_ITEM()
RATIONAL_B_SPLINE_CURVE((1.,1.))
REPRESENTATION_ITEM('')
);
#3940=(
BOUNDED_CURVE()
B_SPLINE_CURVE(3,(#7146,#7147,#7148,#7149),.UNSPECIFIED.,.F.,.F.)
B_SPLINE_CURVE_WITH_KNOTS((4,4),(0.,3.67423461417473),.UNSPECIFIED.)
CURVE()
GEOMETRIC_REPRESENTATION_ITEM()
RATIONAL_B_SPLINE_CURVE((1.,1.,1.,1.))
REPRESENTATION_ITEM('')
);
#3941=(
BOUNDED_CURVE()
B_SPLINE_CURVE(3,(#7156,#7157,#7158,#7159),.UNSPECIFIED.,.F.,.F.)
B_SPLINE_CURVE_WITH_KNOTS((4,4),(0.,3.67423461418448),.UNSPECIFIED.)
CURVE()
GEOMETRIC_REPRESENTATION_ITEM()
RATIONAL_B_SPLINE_CURVE((1.,1.,1.,1.))
REPRESENTATION_ITEM('')
);
#3942=(
BOUNDED_CURVE()
B_SPLINE_CURVE(1,(#7166,#7167),.UNSPECIFIED.,.F.,.F.)
B_SPLINE_CURVE_WITH_KNOTS((2,2),(2.78284985313668,10.6854306482965),
 .UNSPECIFIED.)
CURVE()
GEOMETRIC_REPRESENTATION_ITEM()
RATIONAL_B_SPLINE_CURVE((1.,1.))
REPRESENTATION_ITEM('')
);
#3943=(
BOUNDED_CURVE()
B_SPLINE_CURVE(1,(#7179,#7180),.UNSPECIFIED.,.F.,.F.)
B_SPLINE_CURVE_WITH_KNOTS((2,2),(2.86882529974829,19.8767862219511),
 .UNSPECIFIED.)
CURVE()
GEOMETRIC_REPRESENTATION_ITEM()
RATIONAL_B_SPLINE_CURVE((1.,1.))
REPRESENTATION_ITEM('')
);
#3944=(
BOUNDED_CURVE()
B_SPLINE_CURVE(1,(#7192,#7193),.UNSPECIFIED.,.F.,.F.)
B_SPLINE_CURVE_WITH_KNOTS((2,2),(2.50049122552726,26.8777311880224),
 .UNSPECIFIED.)
CURVE()
GEOMETRIC_REPRESENTATION_ITEM()
RATIONAL_B_SPLINE_CURVE((1.,1.))
REPRESENTATION_ITEM('')
);
#3945=(
BOUNDED_CURVE()
B_SPLINE_CURVE(1,(#7216,#7217),.UNSPECIFIED.,.F.,.F.)
B_SPLINE_CURVE_WITH_KNOTS((2,2),(2.28902486705945,26.6662648295546),
 .UNSPECIFIED.)
CURVE()
GEOMETRIC_REPRESENTATION_ITEM()
RATIONAL_B_SPLINE_CURVE((1.,1.))
REPRESENTATION_ITEM('')
);
#3946=(
BOUNDED_CURVE()
B_SPLINE_CURVE(3,(#7943,#7944,#7945,#7946),.UNSPECIFIED.,.F.,.F.)
B_SPLINE_CURVE_WITH_KNOTS((4,4),(0.,3.67423461417495),.UNSPECIFIED.)
CURVE()
GEOMETRIC_REPRESENTATION_ITEM()
RATIONAL_B_SPLINE_CURVE((1.,1.,1.,1.))
REPRESENTATION_ITEM('')
);
#3947=(
BOUNDED_CURVE()
B_SPLINE_CURVE(3,(#7953,#7954,#7955,#7956),.UNSPECIFIED.,.F.,.F.)
B_SPLINE_CURVE_WITH_KNOTS((4,4),(0.,3.67423461417479),.UNSPECIFIED.)
CURVE()
GEOMETRIC_REPRESENTATION_ITEM()
RATIONAL_B_SPLINE_CURVE((1.,1.,1.,1.))
REPRESENTATION_ITEM('')
);
#3948=(
BOUNDED_CURVE()
B_SPLINE_CURVE(3,(#7963,#7964,#7965,#7966),.UNSPECIFIED.,.F.,.F.)
B_SPLINE_CURVE_WITH_KNOTS((4,4),(0.,3.67423461417495),.UNSPECIFIED.)
CURVE()
GEOMETRIC_REPRESENTATION_ITEM()
RATIONAL_B_SPLINE_CURVE((1.,1.,1.,1.))
REPRESENTATION_ITEM('')
);
#3949=(
BOUNDED_CURVE()
B_SPLINE_CURVE(3,(#7973,#7974,#7975,#7976),.UNSPECIFIED.,.F.,.F.)
B_SPLINE_CURVE_WITH_KNOTS((4,4),(0.,3.67423461417479),.UNSPECIFIED.)
CURVE()
GEOMETRIC_REPRESENTATION_ITEM()
RATIONAL_B_SPLINE_CURVE((1.,1.,1.,1.))
REPRESENTATION_ITEM('')
);
#3950=(
BOUNDED_CURVE()
B_SPLINE_CURVE(3,(#7983,#7984,#7985,#7986),.UNSPECIFIED.,.F.,.F.)
B_SPLINE_CURVE_WITH_KNOTS((4,4),(0.,3.67423461417495),.UNSPECIFIED.)
CURVE()
GEOMETRIC_REPRESENTATION_ITEM()
RATIONAL_B_SPLINE_CURVE((1.,1.,1.,1.))
REPRESENTATION_ITEM('')
);
#3951=(
BOUNDED_CURVE()
B_SPLINE_CURVE(3,(#7993,#7994,#7995,#7996),.UNSPECIFIED.,.F.,.F.)
B_SPLINE_CURVE_WITH_KNOTS((4,4),(0.,3.67423461417479),.UNSPECIFIED.)
CURVE()
GEOMETRIC_REPRESENTATION_ITEM()
RATIONAL_B_SPLINE_CURVE((1.,1.,1.,1.))
REPRESENTATION_ITEM('')
);
#3952=(
BOUNDED_CURVE()
B_SPLINE_CURVE(3,(#8003,#8004,#8005,#8006),.UNSPECIFIED.,.F.,.F.)
B_SPLINE_CURVE_WITH_KNOTS((4,4),(0.,3.67423461417495),.UNSPECIFIED.)
CURVE()
GEOMETRIC_REPRESENTATION_ITEM()
RATIONAL_B_SPLINE_CURVE((1.,1.,1.,1.))
REPRESENTATION_ITEM('')
);
#3953=(
BOUNDED_CURVE()
B_SPLINE_CURVE(3,(#8013,#8014,#8015,#8016),.UNSPECIFIED.,.F.,.F.)
B_SPLINE_CURVE_WITH_KNOTS((4,4),(0.,3.67423461417479),.UNSPECIFIED.)
CURVE()
GEOMETRIC_REPRESENTATION_ITEM()
RATIONAL_B_SPLINE_CURVE((1.,1.,1.,1.))
REPRESENTATION_ITEM('')
);
#3954=(
BOUNDED_CURVE()
B_SPLINE_CURVE(3,(#8035,#8036,#8037,#8038),.UNSPECIFIED.,.F.,.F.)
B_SPLINE_CURVE_WITH_KNOTS((4,4),(0.,3.67423461417495),.UNSPECIFIED.)
CURVE()
GEOMETRIC_REPRESENTATION_ITEM()
RATIONAL_B_SPLINE_CURVE((1.,1.,1.,1.))
REPRESENTATION_ITEM('')
);
#3955=(
BOUNDED_CURVE()
B_SPLINE_CURVE(3,(#8045,#8046,#8047,#8048),.UNSPECIFIED.,.F.,.F.)
B_SPLINE_CURVE_WITH_KNOTS((4,4),(0.,3.67423461417473),.UNSPECIFIED.)
CURVE()
GEOMETRIC_REPRESENTATION_ITEM()
RATIONAL_B_SPLINE_CURVE((1.,1.,1.,1.))
REPRESENTATION_ITEM('')
);
#3956=(
BOUNDED_CURVE()
B_SPLINE_CURVE(3,(#8055,#8056,#8057,#8058),.UNSPECIFIED.,.F.,.F.)
B_SPLINE_CURVE_WITH_KNOTS((4,4),(0.,3.67423461418448),.UNSPECIFIED.)
CURVE()
GEOMETRIC_REPRESENTATION_ITEM()
RATIONAL_B_SPLINE_CURVE((1.,1.,1.,1.))
REPRESENTATION_ITEM('')
);
#3957=(
BOUNDED_CURVE()
B_SPLINE_CURVE(1,(#8107,#8108),.UNSPECIFIED.,.F.,.F.)
B_SPLINE_CURVE_WITH_KNOTS((2,2),(3.,23.5194594304064),.UNSPECIFIED.)
CURVE()
GEOMETRIC_REPRESENTATION_ITEM()
RATIONAL_B_SPLINE_CURVE((1.,1.))
REPRESENTATION_ITEM('')
);
#3958=(
BOUNDED_CURVE()
B_SPLINE_CURVE(1,(#8142,#8143),.UNSPECIFIED.,.F.,.F.)
B_SPLINE_CURVE_WITH_KNOTS((2,2),(0.,13.0194594303846),.UNSPECIFIED.)
CURVE()
GEOMETRIC_REPRESENTATION_ITEM()
RATIONAL_B_SPLINE_CURVE((1.,1.))
REPRESENTATION_ITEM('')
);
#3959=(
BOUNDED_CURVE()
B_SPLINE_CURVE(1,(#8154,#8155),.UNSPECIFIED.,.F.,.F.)
B_SPLINE_CURVE_WITH_KNOTS((2,2),(3.,23.5194594304064),.UNSPECIFIED.)
CURVE()
GEOMETRIC_REPRESENTATION_ITEM()
RATIONAL_B_SPLINE_CURVE((1.,1.))
REPRESENTATION_ITEM('')
);
#3960=(
BOUNDED_CURVE()
B_SPLINE_CURVE(1,(#8159,#8160),.UNSPECIFIED.,.F.,.F.)
B_SPLINE_CURVE_WITH_KNOTS((2,2),(3.,23.5194594304064),.UNSPECIFIED.)
CURVE()
GEOMETRIC_REPRESENTATION_ITEM()
RATIONAL_B_SPLINE_CURVE((1.,1.))
REPRESENTATION_ITEM('')
);
#3961=(
BOUNDED_CURVE()
B_SPLINE_CURVE(1,(#8161,#8162),.UNSPECIFIED.,.F.,.F.)
B_SPLINE_CURVE_WITH_KNOTS((2,2),(2.78284985313668,9.42141609315052),
 .UNSPECIFIED.)
CURVE()
GEOMETRIC_REPRESENTATION_ITEM()
RATIONAL_B_SPLINE_CURVE((1.,1.))
REPRESENTATION_ITEM('')
);
#3962=(
BOUNDED_CURVE()
B_SPLINE_CURVE(1,(#8174,#8175),.UNSPECIFIED.,.F.,.F.)
B_SPLINE_CURVE_WITH_KNOTS((2,2),(2.86882529974831,18.5737202548916),
 .UNSPECIFIED.)
CURVE()
GEOMETRIC_REPRESENTATION_ITEM()
RATIONAL_B_SPLINE_CURVE((1.,1.))
REPRESENTATION_ITEM('')
);
#3963=(
BOUNDED_CURVE()
B_SPLINE_CURVE(1,(#8190,#8191),.UNSPECIFIED.,.F.,.F.)
B_SPLINE_CURVE_WITH_KNOTS((2,2),(0.,8.8769999999782),.UNSPECIFIED.)
CURVE()
GEOMETRIC_REPRESENTATION_ITEM()
RATIONAL_B_SPLINE_CURVE((1.,1.))
REPRESENTATION_ITEM('')
);
#3964=(
BOUNDED_CURVE()
B_SPLINE_CURVE(1,(#8192,#8193),.UNSPECIFIED.,.F.,.F.)
B_SPLINE_CURVE_WITH_KNOTS((2,2),(3.00000000000001,19.377),.UNSPECIFIED.)
CURVE()
GEOMETRIC_REPRESENTATION_ITEM()
RATIONAL_B_SPLINE_CURVE((1.,1.))
REPRESENTATION_ITEM('')
);
#3965=(
BOUNDED_CURVE()
B_SPLINE_CURVE(1,(#8194,#8195),.UNSPECIFIED.,.F.,.F.)
B_SPLINE_CURVE_WITH_KNOTS((2,2),(2.99999999999999,19.377),.UNSPECIFIED.)
CURVE()
GEOMETRIC_REPRESENTATION_ITEM()
RATIONAL_B_SPLINE_CURVE((1.,1.))
REPRESENTATION_ITEM('')
);
#3966=(
BOUNDED_CURVE()
B_SPLINE_CURVE(1,(#8196,#8197),.UNSPECIFIED.,.F.,.F.)
B_SPLINE_CURVE_WITH_KNOTS((2,2),(3.,19.377),.UNSPECIFIED.)
CURVE()
GEOMETRIC_REPRESENTATION_ITEM()
RATIONAL_B_SPLINE_CURVE((1.,1.))
REPRESENTATION_ITEM('')
);
#3967=(
BOUNDED_CURVE()
B_SPLINE_CURVE(1,(#8198,#8199),.UNSPECIFIED.,.F.,.F.)
B_SPLINE_CURVE_WITH_KNOTS((2,2),(3.,19.377),.UNSPECIFIED.)
CURVE()
GEOMETRIC_REPRESENTATION_ITEM()
RATIONAL_B_SPLINE_CURVE((1.,1.))
REPRESENTATION_ITEM('')
);
#3968=(
BOUNDED_CURVE()
B_SPLINE_CURVE(1,(#8200,#8201),.UNSPECIFIED.,.F.,.F.)
B_SPLINE_CURVE_WITH_KNOTS((2,2),(3.45434454349162,27.8315845059868),
 .UNSPECIFIED.)
CURVE()
GEOMETRIC_REPRESENTATION_ITEM()
RATIONAL_B_SPLINE_CURVE((1.,1.))
REPRESENTATION_ITEM('')
);
#3969=(
BOUNDED_CURVE()
B_SPLINE_CURVE(1,(#8213,#8214),.UNSPECIFIED.,.F.,.F.)
B_SPLINE_CURVE_WITH_KNOTS((2,2),(3.2428781850237,27.6201181475189),
 .UNSPECIFIED.)
CURVE()
GEOMETRIC_REPRESENTATION_ITEM()
RATIONAL_B_SPLINE_CURVE((1.,1.))
REPRESENTATION_ITEM('')
);
#3970=(
BOUNDED_CURVE()
B_SPLINE_CURVE(1,(#8229,#8230),.UNSPECIFIED.,.F.,.F.)
B_SPLINE_CURVE_WITH_KNOTS((2,2),(3.,23.5194594304064),.UNSPECIFIED.)
CURVE()
GEOMETRIC_REPRESENTATION_ITEM()
RATIONAL_B_SPLINE_CURVE((1.,1.))
REPRESENTATION_ITEM('')
);
#3971=(
BOUNDED_CURVE()
B_SPLINE_CURVE(3,(#8231,#8232,#8233,#8234),.UNSPECIFIED.,.F.,.F.)
B_SPLINE_CURVE_WITH_KNOTS((4,4),(0.,3.67423461417473),.UNSPECIFIED.)
CURVE()
GEOMETRIC_REPRESENTATION_ITEM()
RATIONAL_B_SPLINE_CURVE((1.,1.,1.,1.))
REPRESENTATION_ITEM('')
);
#3972=(
BOUNDED_CURVE()
B_SPLINE_CURVE(3,(#8241,#8242,#8243,#8244),.UNSPECIFIED.,.F.,.F.)
B_SPLINE_CURVE_WITH_KNOTS((4,4),(0.,3.67423461418448),.UNSPECIFIED.)
CURVE()
GEOMETRIC_REPRESENTATION_ITEM()
RATIONAL_B_SPLINE_CURVE((1.,1.,1.,1.))
REPRESENTATION_ITEM('')
);
#3973=(
BOUNDED_CURVE()
B_SPLINE_CURVE(1,(#8255,#8256),.UNSPECIFIED.,.F.,.F.)
B_SPLINE_CURVE_WITH_KNOTS((2,2),(2.78284985313668,9.42141609315052),
 .UNSPECIFIED.)
CURVE()
GEOMETRIC_REPRESENTATION_ITEM()
RATIONAL_B_SPLINE_CURVE((1.,1.))
REPRESENTATION_ITEM('')
);
#3974=(
BOUNDED_CURVE()
B_SPLINE_CURVE(1,(#8268,#8269),.UNSPECIFIED.,.F.,.F.)
B_SPLINE_CURVE_WITH_KNOTS((2,2),(2.86882529974831,18.5737202548916),
 .UNSPECIFIED.)
CURVE()
GEOMETRIC_REPRESENTATION_ITEM()
RATIONAL_B_SPLINE_CURVE((1.,1.))
REPRESENTATION_ITEM('')
);
#3975=(
BOUNDED_CURVE()
B_SPLINE_CURVE(1,(#8281,#8282),.UNSPECIFIED.,.F.,.F.)
B_SPLINE_CURVE_WITH_KNOTS((2,2),(3.45434454349162,27.8315845059868),
 .UNSPECIFIED.)
CURVE()
GEOMETRIC_REPRESENTATION_ITEM()
RATIONAL_B_SPLINE_CURVE((1.,1.))
REPRESENTATION_ITEM('')
);
#3976=(
BOUNDED_CURVE()
B_SPLINE_CURVE(1,(#8294,#8295),.UNSPECIFIED.,.F.,.F.)
B_SPLINE_CURVE_WITH_KNOTS((2,2),(3.2428781850237,27.6201181475189),
 .UNSPECIFIED.)
CURVE()
GEOMETRIC_REPRESENTATION_ITEM()
RATIONAL_B_SPLINE_CURVE((1.,1.))
REPRESENTATION_ITEM('')
);
#3977=(
BOUNDED_CURVE()
B_SPLINE_CURVE(3,(#8351,#8352,#8353,#8354),.UNSPECIFIED.,.F.,.F.)
B_SPLINE_CURVE_WITH_KNOTS((4,4),(0.,3.67423461417495),.UNSPECIFIED.)
CURVE()
GEOMETRIC_REPRESENTATION_ITEM()
RATIONAL_B_SPLINE_CURVE((1.,1.,1.,1.))
REPRESENTATION_ITEM('')
);
#3978=(
BOUNDED_CURVE()
B_SPLINE_CURVE(3,(#8361,#8362,#8363,#8364),.UNSPECIFIED.,.F.,.F.)
B_SPLINE_CURVE_WITH_KNOTS((4,4),(0.,3.67423461417479),.UNSPECIFIED.)
CURVE()
GEOMETRIC_REPRESENTATION_ITEM()
RATIONAL_B_SPLINE_CURVE((1.,1.,1.,1.))
REPRESENTATION_ITEM('')
);
#3979=(
BOUNDED_CURVE()
B_SPLINE_CURVE(3,(#8371,#8372,#8373,#8374),.UNSPECIFIED.,.F.,.F.)
B_SPLINE_CURVE_WITH_KNOTS((4,4),(0.,3.67423461417495),.UNSPECIFIED.)
CURVE()
GEOMETRIC_REPRESENTATION_ITEM()
RATIONAL_B_SPLINE_CURVE((1.,1.,1.,1.))
REPRESENTATION_ITEM('')
);
#3980=(
BOUNDED_CURVE()
B_SPLINE_CURVE(3,(#8381,#8382,#8383,#8384),.UNSPECIFIED.,.F.,.F.)
B_SPLINE_CURVE_WITH_KNOTS((4,4),(0.,3.67423461417479),.UNSPECIFIED.)
CURVE()
GEOMETRIC_REPRESENTATION_ITEM()
RATIONAL_B_SPLINE_CURVE((1.,1.,1.,1.))
REPRESENTATION_ITEM('')
);
#3981=(
BOUNDED_CURVE()
B_SPLINE_CURVE(3,(#8391,#8392,#8393,#8394),.UNSPECIFIED.,.F.,.F.)
B_SPLINE_CURVE_WITH_KNOTS((4,4),(0.,3.67423461417495),.UNSPECIFIED.)
CURVE()
GEOMETRIC_REPRESENTATION_ITEM()
RATIONAL_B_SPLINE_CURVE((1.,1.,1.,1.))
REPRESENTATION_ITEM('')
);
#3982=(
BOUNDED_CURVE()
B_SPLINE_CURVE(3,(#8401,#8402,#8403,#8404),.UNSPECIFIED.,.F.,.F.)
B_SPLINE_CURVE_WITH_KNOTS((4,4),(0.,3.67423461417479),.UNSPECIFIED.)
CURVE()
GEOMETRIC_REPRESENTATION_ITEM()
RATIONAL_B_SPLINE_CURVE((1.,1.,1.,1.))
REPRESENTATION_ITEM('')
);
#3983=(
BOUNDED_CURVE()
B_SPLINE_CURVE(3,(#8411,#8412,#8413,#8414),.UNSPECIFIED.,.F.,.F.)
B_SPLINE_CURVE_WITH_KNOTS((4,4),(0.,3.67423461417495),.UNSPECIFIED.)
CURVE()
GEOMETRIC_REPRESENTATION_ITEM()
RATIONAL_B_SPLINE_CURVE((1.,1.,1.,1.))
REPRESENTATION_ITEM('')
);
#3984=(
BOUNDED_CURVE()
B_SPLINE_CURVE(3,(#8421,#8422,#8423,#8424),.UNSPECIFIED.,.F.,.F.)
B_SPLINE_CURVE_WITH_KNOTS((4,4),(0.,3.67423461417479),.UNSPECIFIED.)
CURVE()
GEOMETRIC_REPRESENTATION_ITEM()
RATIONAL_B_SPLINE_CURVE((1.,1.,1.,1.))
REPRESENTATION_ITEM('')
);
#3985=(
BOUNDED_CURVE()
B_SPLINE_CURVE(3,(#8431,#8432,#8433,#8434),.UNSPECIFIED.,.F.,.F.)
B_SPLINE_CURVE_WITH_KNOTS((4,4),(0.,3.67423461417495),.UNSPECIFIED.)
CURVE()
GEOMETRIC_REPRESENTATION_ITEM()
RATIONAL_B_SPLINE_CURVE((1.,1.,1.,1.))
REPRESENTATION_ITEM('')
);
#3986=(
BOUNDED_CURVE()
B_SPLINE_CURVE(3,(#8441,#8442,#8443,#8444),.UNSPECIFIED.,.F.,.F.)
B_SPLINE_CURVE_WITH_KNOTS((4,4),(0.,3.67423461417473),.UNSPECIFIED.)
CURVE()
GEOMETRIC_REPRESENTATION_ITEM()
RATIONAL_B_SPLINE_CURVE((1.,1.,1.,1.))
REPRESENTATION_ITEM('')
);
#3987=(
BOUNDED_CURVE()
B_SPLINE_CURVE(3,(#8451,#8452,#8453,#8454),.UNSPECIFIED.,.F.,.F.)
B_SPLINE_CURVE_WITH_KNOTS((4,4),(0.,3.67423461418448),.UNSPECIFIED.)
CURVE()
GEOMETRIC_REPRESENTATION_ITEM()
RATIONAL_B_SPLINE_CURVE((1.,1.,1.,1.))
REPRESENTATION_ITEM('')
);
#3988=(
BOUNDED_CURVE()
B_SPLINE_CURVE(1,(#8461,#8462),.UNSPECIFIED.,.F.,.F.)
B_SPLINE_CURVE_WITH_KNOTS((2,2),(2.99999999999999,23.5194594304064),
 .UNSPECIFIED.)
CURVE()
GEOMETRIC_REPRESENTATION_ITEM()
RATIONAL_B_SPLINE_CURVE((1.,1.))
REPRESENTATION_ITEM('')
);
#3989=(
BOUNDED_CURVE()
B_SPLINE_CURVE(1,(#8466,#8467),.UNSPECIFIED.,.F.,.F.)
B_SPLINE_CURVE_WITH_KNOTS((2,2),(0.,13.0194594303846),.UNSPECIFIED.)
CURVE()
GEOMETRIC_REPRESENTATION_ITEM()
RATIONAL_B_SPLINE_CURVE((1.,1.))
REPRESENTATION_ITEM('')
);
#3990=(
BOUNDED_CURVE()
B_SPLINE_CURVE(1,(#8474,#8475),.UNSPECIFIED.,.F.,.F.)
B_SPLINE_CURVE_WITH_KNOTS((2,2),(2.99999999999999,23.5194594304064),
 .UNSPECIFIED.)
CURVE()
GEOMETRIC_REPRESENTATION_ITEM()
RATIONAL_B_SPLINE_CURVE((1.,1.))
REPRESENTATION_ITEM('')
);
#3991=(
BOUNDED_CURVE()
B_SPLINE_CURVE(1,(#8479,#8480),.UNSPECIFIED.,.F.,.F.)
B_SPLINE_CURVE_WITH_KNOTS((2,2),(2.99999999999999,23.5194594304064),
 .UNSPECIFIED.)
CURVE()
GEOMETRIC_REPRESENTATION_ITEM()
RATIONAL_B_SPLINE_CURVE((1.,1.))
REPRESENTATION_ITEM('')
);
#3992=(
BOUNDED_CURVE()
B_SPLINE_CURVE(1,(#8484,#8485),.UNSPECIFIED.,.F.,.F.)
B_SPLINE_CURVE_WITH_KNOTS((2,2),(2.78284985313668,10.6854306482964),
 .UNSPECIFIED.)
CURVE()
GEOMETRIC_REPRESENTATION_ITEM()
RATIONAL_B_SPLINE_CURVE((1.,1.))
REPRESENTATION_ITEM('')
);
#3993=(
BOUNDED_CURVE()
B_SPLINE_CURVE(1,(#8497,#8498),.UNSPECIFIED.,.F.,.F.)
B_SPLINE_CURVE_WITH_KNOTS((2,2),(2.86882529974829,19.8767862219511),
 .UNSPECIFIED.)
CURVE()
GEOMETRIC_REPRESENTATION_ITEM()
RATIONAL_B_SPLINE_CURVE((1.,1.))
REPRESENTATION_ITEM('')
);
#3994=(
BOUNDED_CURVE()
B_SPLINE_CURVE(1,(#8510,#8511),.UNSPECIFIED.,.F.,.F.)
B_SPLINE_CURVE_WITH_KNOTS((2,2),(0.,8.8769999999782),.UNSPECIFIED.)
CURVE()
GEOMETRIC_REPRESENTATION_ITEM()
RATIONAL_B_SPLINE_CURVE((1.,1.))
REPRESENTATION_ITEM('')
);
#3995=(
BOUNDED_CURVE()
B_SPLINE_CURVE(1,(#8515,#8516),.UNSPECIFIED.,.F.,.F.)
B_SPLINE_CURVE_WITH_KNOTS((2,2),(3.00000000000001,19.377),.UNSPECIFIED.)
CURVE()
GEOMETRIC_REPRESENTATION_ITEM()
RATIONAL_B_SPLINE_CURVE((1.,1.))
REPRESENTATION_ITEM('')
);
#3996=(
BOUNDED_CURVE()
B_SPLINE_CURVE(1,(#8520,#8521),.UNSPECIFIED.,.F.,.F.)
B_SPLINE_CURVE_WITH_KNOTS((2,2),(2.99999999999999,19.377),.UNSPECIFIED.)
CURVE()
GEOMETRIC_REPRESENTATION_ITEM()
RATIONAL_B_SPLINE_CURVE((1.,1.))
REPRESENTATION_ITEM('')
);
#3997=(
BOUNDED_CURVE()
B_SPLINE_CURVE(1,(#8525,#8526),.UNSPECIFIED.,.F.,.F.)
B_SPLINE_CURVE_WITH_KNOTS((2,2),(3.,19.377),.UNSPECIFIED.)
CURVE()
GEOMETRIC_REPRESENTATION_ITEM()
RATIONAL_B_SPLINE_CURVE((1.,1.))
REPRESENTATION_ITEM('')
);
#3998=(
BOUNDED_CURVE()
B_SPLINE_CURVE(1,(#8530,#8531),.UNSPECIFIED.,.F.,.F.)
B_SPLINE_CURVE_WITH_KNOTS((2,2),(3.,19.377),.UNSPECIFIED.)
CURVE()
GEOMETRIC_REPRESENTATION_ITEM()
RATIONAL_B_SPLINE_CURVE((1.,1.))
REPRESENTATION_ITEM('')
);
#3999=(
BOUNDED_CURVE()
B_SPLINE_CURVE(1,(#8535,#8536),.UNSPECIFIED.,.F.,.F.)
B_SPLINE_CURVE_WITH_KNOTS((2,2),(2.50049122552726,26.8777311880224),
 .UNSPECIFIED.)
CURVE()
GEOMETRIC_REPRESENTATION_ITEM()
RATIONAL_B_SPLINE_CURVE((1.,1.))
REPRESENTATION_ITEM('')
);
#4000=(
BOUNDED_CURVE()
B_SPLINE_CURVE(1,(#8559,#8560),.UNSPECIFIED.,.F.,.F.)
B_SPLINE_CURVE_WITH_KNOTS((2,2),(2.28902486705945,26.6662648295546),
 .UNSPECIFIED.)
CURVE()
GEOMETRIC_REPRESENTATION_ITEM()
RATIONAL_B_SPLINE_CURVE((1.,1.))
REPRESENTATION_ITEM('')
);
#4001=(
BOUNDED_CURVE()
B_SPLINE_CURVE(1,(#8583,#8584),.UNSPECIFIED.,.F.,.F.)
B_SPLINE_CURVE_WITH_KNOTS((2,2),(2.99999999999999,23.5194594304064),
 .UNSPECIFIED.)
CURVE()
GEOMETRIC_REPRESENTATION_ITEM()
RATIONAL_B_SPLINE_CURVE((1.,1.))
REPRESENTATION_ITEM('')
);
#4002=(
BOUNDED_CURVE()
B_SPLINE_CURVE(3,(#8588,#8589,#8590,#8591),.UNSPECIFIED.,.F.,.F.)
B_SPLINE_CURVE_WITH_KNOTS((4,4),(0.,3.67423461417473),.UNSPECIFIED.)
CURVE()
GEOMETRIC_REPRESENTATION_ITEM()
RATIONAL_B_SPLINE_CURVE((1.,1.,1.,1.))
REPRESENTATION_ITEM('')
);
#4003=(
BOUNDED_CURVE()
B_SPLINE_CURVE(3,(#8598,#8599,#8600,#8601),.UNSPECIFIED.,.F.,.F.)
B_SPLINE_CURVE_WITH_KNOTS((4,4),(0.,3.67423461418448),.UNSPECIFIED.)
CURVE()
GEOMETRIC_REPRESENTATION_ITEM()
RATIONAL_B_SPLINE_CURVE((1.,1.,1.,1.))
REPRESENTATION_ITEM('')
);
#4004=(
BOUNDED_CURVE()
B_SPLINE_CURVE(1,(#8608,#8609),.UNSPECIFIED.,.F.,.F.)
B_SPLINE_CURVE_WITH_KNOTS((2,2),(2.78284985313668,10.6854306482965),
 .UNSPECIFIED.)
CURVE()
GEOMETRIC_REPRESENTATION_ITEM()
RATIONAL_B_SPLINE_CURVE((1.,1.))
REPRESENTATION_ITEM('')
);
#4005=(
BOUNDED_CURVE()
B_SPLINE_CURVE(1,(#8621,#8622),.UNSPECIFIED.,.F.,.F.)
B_SPLINE_CURVE_WITH_KNOTS((2,2),(2.86882529974829,19.8767862219511),
 .UNSPECIFIED.)
CURVE()
GEOMETRIC_REPRESENTATION_ITEM()
RATIONAL_B_SPLINE_CURVE((1.,1.))
REPRESENTATION_ITEM('')
);
#4006=(
BOUNDED_CURVE()
B_SPLINE_CURVE(1,(#8634,#8635),.UNSPECIFIED.,.F.,.F.)
B_SPLINE_CURVE_WITH_KNOTS((2,2),(2.50049122552726,26.8777311880224),
 .UNSPECIFIED.)
CURVE()
GEOMETRIC_REPRESENTATION_ITEM()
RATIONAL_B_SPLINE_CURVE((1.,1.))
REPRESENTATION_ITEM('')
);
#4007=(
BOUNDED_CURVE()
B_SPLINE_CURVE(1,(#8658,#8659),.UNSPECIFIED.,.F.,.F.)
B_SPLINE_CURVE_WITH_KNOTS((2,2),(2.28902486705945,26.6662648295546),
 .UNSPECIFIED.)
CURVE()
GEOMETRIC_REPRESENTATION_ITEM()
RATIONAL_B_SPLINE_CURVE((1.,1.))
REPRESENTATION_ITEM('')
);
#4008=(
BOUNDED_CURVE()
B_SPLINE_CURVE(1,(#9302,#9303),.UNSPECIFIED.,.F.,.F.)
B_SPLINE_CURVE_WITH_KNOTS((2,2),(2.14884633138842,4.14931738056997),
 .UNSPECIFIED.)
CURVE()
GEOMETRIC_REPRESENTATION_ITEM()
RATIONAL_B_SPLINE_CURVE((1.,1.))
REPRESENTATION_ITEM('')
);
#4009=(
BOUNDED_CURVE()
B_SPLINE_CURVE(1,(#9306,#9307),.UNSPECIFIED.,.F.,.F.)
B_SPLINE_CURVE_WITH_KNOTS((2,2),(2.27680453685734,4.27727558603888),
 .UNSPECIFIED.)
CURVE()
GEOMETRIC_REPRESENTATION_ITEM()
RATIONAL_B_SPLINE_CURVE((1.,1.))
REPRESENTATION_ITEM('')
);
#4010=(
BOUNDED_CURVE()
B_SPLINE_CURVE(3,(#9439,#9440,#9441,#9442),.UNSPECIFIED.,.F.,.F.)
B_SPLINE_CURVE_WITH_KNOTS((4,4),(0.886233714448193,3.33572345723152),
 .UNSPECIFIED.)
CURVE()
GEOMETRIC_REPRESENTATION_ITEM()
RATIONAL_B_SPLINE_CURVE((1.,1.,1.,1.))
REPRESENTATION_ITEM('')
);
#4011=(
BOUNDED_CURVE()
B_SPLINE_CURVE(3,(#9443,#9444,#9445,#9446),.UNSPECIFIED.,.F.,.F.)
B_SPLINE_CURVE_WITH_KNOTS((4,4),(-3.33572345723194,-0.886233714448466),
 .UNSPECIFIED.)
CURVE()
GEOMETRIC_REPRESENTATION_ITEM()
RATIONAL_B_SPLINE_CURVE((1.,1.,1.,1.))
REPRESENTATION_ITEM('')
);
#4012=(
BOUNDED_CURVE()
B_SPLINE_CURVE(3,(#9459,#9460,#9461,#9462),.UNSPECIFIED.,.F.,.F.)
B_SPLINE_CURVE_WITH_KNOTS((4,4),(0.886233714448289,3.3357234572316),
 .UNSPECIFIED.)
CURVE()
GEOMETRIC_REPRESENTATION_ITEM()
RATIONAL_B_SPLINE_CURVE((1.,1.,1.,1.))
REPRESENTATION_ITEM('')
);
#4013=(
BOUNDED_CURVE()
B_SPLINE_CURVE(3,(#9463,#9464,#9465,#9466),.UNSPECIFIED.,.F.,.F.)
B_SPLINE_CURVE_WITH_KNOTS((4,4),(-3.33572345723182,-0.886233714448395),
 .UNSPECIFIED.)
CURVE()
GEOMETRIC_REPRESENTATION_ITEM()
RATIONAL_B_SPLINE_CURVE((1.,1.,1.,1.))
REPRESENTATION_ITEM('')
);
#4014=(
BOUNDED_CURVE()
B_SPLINE_CURVE(1,(#9479,#9480),.UNSPECIFIED.,.F.,.F.)
B_SPLINE_CURVE_WITH_KNOTS((2,2),(0.5,4.),.UNSPECIFIED.)
CURVE()
GEOMETRIC_REPRESENTATION_ITEM()
RATIONAL_B_SPLINE_CURVE((1.,1.))
REPRESENTATION_ITEM('')
);
#4015=(
BOUNDED_CURVE()
B_SPLINE_CURVE(1,(#9481,#9482),.UNSPECIFIED.,.F.,.F.)
B_SPLINE_CURVE_WITH_KNOTS((2,2),(-4.00000000000001,-0.499999999999999),
 .UNSPECIFIED.)
CURVE()
GEOMETRIC_REPRESENTATION_ITEM()
RATIONAL_B_SPLINE_CURVE((1.,1.))
REPRESENTATION_ITEM('')
);
#4016=(
BOUNDED_CURVE()
B_SPLINE_CURVE(3,(#9607,#9608,#9609,#9610),.UNSPECIFIED.,.F.,.F.)
B_SPLINE_CURVE_WITH_KNOTS((4,4),(0.886233714448371,3.3357234572316),
 .UNSPECIFIED.)
CURVE()
GEOMETRIC_REPRESENTATION_ITEM()
RATIONAL_B_SPLINE_CURVE((1.,1.,1.,1.))
REPRESENTATION_ITEM('')
);
#4017=(
BOUNDED_CURVE()
B_SPLINE_CURVE(3,(#9611,#9612,#9613,#9614),.UNSPECIFIED.,.F.,.F.)
B_SPLINE_CURVE_WITH_KNOTS((4,4),(-3.33572345723195,-0.88623371444828),
 .UNSPECIFIED.)
CURVE()
GEOMETRIC_REPRESENTATION_ITEM()
RATIONAL_B_SPLINE_CURVE((1.,1.,1.,1.))
REPRESENTATION_ITEM('')
);
#4018=(
BOUNDED_CURVE()
B_SPLINE_CURVE(3,(#9627,#9628,#9629,#9630),.UNSPECIFIED.,.F.,.F.)
B_SPLINE_CURVE_WITH_KNOTS((4,4),(0.88623371444831,3.33572345723158),
 .UNSPECIFIED.)
CURVE()
GEOMETRIC_REPRESENTATION_ITEM()
RATIONAL_B_SPLINE_CURVE((1.,1.,1.,1.))
REPRESENTATION_ITEM('')
);
#4019=(
BOUNDED_CURVE()
B_SPLINE_CURVE(3,(#9631,#9632,#9633,#9634),.UNSPECIFIED.,.F.,.F.)
B_SPLINE_CURVE_WITH_KNOTS((4,4),(-3.33572345723167,-0.886233714448393),
 .UNSPECIFIED.)
CURVE()
GEOMETRIC_REPRESENTATION_ITEM()
RATIONAL_B_SPLINE_CURVE((1.,1.,1.,1.))
REPRESENTATION_ITEM('')
);
#4020=(
BOUNDED_CURVE()
B_SPLINE_CURVE(1,(#10391,#10392),.UNSPECIFIED.,.F.,.F.)
B_SPLINE_CURVE_WITH_KNOTS((2,2),(2.14884633138842,4.14931738056997),
 .UNSPECIFIED.)
CURVE()
GEOMETRIC_REPRESENTATION_ITEM()
RATIONAL_B_SPLINE_CURVE((1.,1.))
REPRESENTATION_ITEM('')
);
#4021=(
BOUNDED_CURVE()
B_SPLINE_CURVE(1,(#10395,#10396),.UNSPECIFIED.,.F.,.F.)
B_SPLINE_CURVE_WITH_KNOTS((2,2),(2.27680453685734,4.27727558603888),
 .UNSPECIFIED.)
CURVE()
GEOMETRIC_REPRESENTATION_ITEM()
RATIONAL_B_SPLINE_CURVE((1.,1.))
REPRESENTATION_ITEM('')
);
#4022=(
BOUNDED_CURVE()
B_SPLINE_CURVE(3,(#10528,#10529,#10530,#10531),.UNSPECIFIED.,.F.,.F.)
B_SPLINE_CURVE_WITH_KNOTS((4,4),(0.886233714448193,3.33572345723152),
 .UNSPECIFIED.)
CURVE()
GEOMETRIC_REPRESENTATION_ITEM()
RATIONAL_B_SPLINE_CURVE((1.,1.,1.,1.))
REPRESENTATION_ITEM('')
);
#4023=(
BOUNDED_CURVE()
B_SPLINE_CURVE(3,(#10532,#10533,#10534,#10535),.UNSPECIFIED.,.F.,.F.)
B_SPLINE_CURVE_WITH_KNOTS((4,4),(-3.33572345723194,-0.886233714448466),
 .UNSPECIFIED.)
CURVE()
GEOMETRIC_REPRESENTATION_ITEM()
RATIONAL_B_SPLINE_CURVE((1.,1.,1.,1.))
REPRESENTATION_ITEM('')
);
#4024=(
BOUNDED_CURVE()
B_SPLINE_CURVE(3,(#10548,#10549,#10550,#10551),.UNSPECIFIED.,.F.,.F.)
B_SPLINE_CURVE_WITH_KNOTS((4,4),(0.886233714448289,3.3357234572316),
 .UNSPECIFIED.)
CURVE()
GEOMETRIC_REPRESENTATION_ITEM()
RATIONAL_B_SPLINE_CURVE((1.,1.,1.,1.))
REPRESENTATION_ITEM('')
);
#4025=(
BOUNDED_CURVE()
B_SPLINE_CURVE(3,(#10552,#10553,#10554,#10555),.UNSPECIFIED.,.F.,.F.)
B_SPLINE_CURVE_WITH_KNOTS((4,4),(-3.33572345723182,-0.886233714448395),
 .UNSPECIFIED.)
CURVE()
GEOMETRIC_REPRESENTATION_ITEM()
RATIONAL_B_SPLINE_CURVE((1.,1.,1.,1.))
REPRESENTATION_ITEM('')
);
#4026=(
BOUNDED_CURVE()
B_SPLINE_CURVE(1,(#10568,#10569),.UNSPECIFIED.,.F.,.F.)
B_SPLINE_CURVE_WITH_KNOTS((2,2),(0.5,4.),.UNSPECIFIED.)
CURVE()
GEOMETRIC_REPRESENTATION_ITEM()
RATIONAL_B_SPLINE_CURVE((1.,1.))
REPRESENTATION_ITEM('')
);
#4027=(
BOUNDED_CURVE()
B_SPLINE_CURVE(1,(#10570,#10571),.UNSPECIFIED.,.F.,.F.)
B_SPLINE_CURVE_WITH_KNOTS((2,2),(-4.00000000000001,-0.499999999999999),
 .UNSPECIFIED.)
CURVE()
GEOMETRIC_REPRESENTATION_ITEM()
RATIONAL_B_SPLINE_CURVE((1.,1.))
REPRESENTATION_ITEM('')
);
#4028=(
BOUNDED_CURVE()
B_SPLINE_CURVE(3,(#10696,#10697,#10698,#10699),.UNSPECIFIED.,.F.,.F.)
B_SPLINE_CURVE_WITH_KNOTS((4,4),(0.886233714448371,3.3357234572316),
 .UNSPECIFIED.)
CURVE()
GEOMETRIC_REPRESENTATION_ITEM()
RATIONAL_B_SPLINE_CURVE((1.,1.,1.,1.))
REPRESENTATION_ITEM('')
);
#4029=(
BOUNDED_CURVE()
B_SPLINE_CURVE(3,(#10700,#10701,#10702,#10703),.UNSPECIFIED.,.F.,.F.)
B_SPLINE_CURVE_WITH_KNOTS((4,4),(-3.33572345723195,-0.88623371444828),
 .UNSPECIFIED.)
CURVE()
GEOMETRIC_REPRESENTATION_ITEM()
RATIONAL_B_SPLINE_CURVE((1.,1.,1.,1.))
REPRESENTATION_ITEM('')
);
#4030=(
BOUNDED_CURVE()
B_SPLINE_CURVE(3,(#10716,#10717,#10718,#10719),.UNSPECIFIED.,.F.,.F.)
B_SPLINE_CURVE_WITH_KNOTS((4,4),(0.88623371444831,3.33572345723158),
 .UNSPECIFIED.)
CURVE()
GEOMETRIC_REPRESENTATION_ITEM()
RATIONAL_B_SPLINE_CURVE((1.,1.,1.,1.))
REPRESENTATION_ITEM('')
);
#4031=(
BOUNDED_CURVE()
B_SPLINE_CURVE(3,(#10720,#10721,#10722,#10723),.UNSPECIFIED.,.F.,.F.)
B_SPLINE_CURVE_WITH_KNOTS((4,4),(-3.33572345723167,-0.886233714448393),
 .UNSPECIFIED.)
CURVE()
GEOMETRIC_REPRESENTATION_ITEM()
RATIONAL_B_SPLINE_CURVE((1.,1.,1.,1.))
REPRESENTATION_ITEM('')
);
#4032=VERTEX_POINT('',#6379);
#4033=VERTEX_POINT('',#6380);
#4034=VERTEX_POINT('',#6381);
#4035=VERTEX_POINT('',#6382);
#4036=VERTEX_POINT('',#6383);
#4037=VERTEX_POINT('',#6384);
#4038=VERTEX_POINT('',#6385);
#4039=VERTEX_POINT('',#6386);
#4040=VERTEX_POINT('',#6387);
#4041=VERTEX_POINT('',#6388);
#4042=VERTEX_POINT('',#6389);
#4043=VERTEX_POINT('',#6390);
#4044=VERTEX_POINT('',#6391);
#4045=VERTEX_POINT('',#6392);
#4046=VERTEX_POINT('',#6393);
#4047=VERTEX_POINT('',#6394);
#4048=VERTEX_POINT('',#6395);
#4049=VERTEX_POINT('',#6396);
#4050=VERTEX_POINT('',#6397);
#4051=VERTEX_POINT('',#6398);
#4052=VERTEX_POINT('',#6399);
#4053=VERTEX_POINT('',#6400);
#4054=VERTEX_POINT('',#6401);
#4055=VERTEX_POINT('',#6402);
#4056=VERTEX_POINT('',#6403);
#4057=VERTEX_POINT('',#6404);
#4058=VERTEX_POINT('',#6405);
#4059=VERTEX_POINT('',#6406);
#4060=VERTEX_POINT('',#6407);
#4061=VERTEX_POINT('',#6408);
#4062=VERTEX_POINT('',#6409);
#4063=VERTEX_POINT('',#6410);
#4064=VERTEX_POINT('',#6411);
#4065=VERTEX_POINT('',#6412);
#4066=VERTEX_POINT('',#6413);
#4067=VERTEX_POINT('',#6414);
#4068=VERTEX_POINT('',#6415);
#4069=VERTEX_POINT('',#6416);
#4070=VERTEX_POINT('',#6417);
#4071=VERTEX_POINT('',#6418);
#4072=VERTEX_POINT('',#6419);
#4073=VERTEX_POINT('',#6420);
#4074=VERTEX_POINT('',#6421);
#4075=VERTEX_POINT('',#6422);
#4076=VERTEX_POINT('',#6423);
#4077=VERTEX_POINT('',#6424);
#4078=VERTEX_POINT('',#6425);
#4079=VERTEX_POINT('',#6426);
#4080=VERTEX_POINT('',#6427);
#4081=VERTEX_POINT('',#6428);
#4082=VERTEX_POINT('',#6429);
#4083=VERTEX_POINT('',#6430);
#4084=VERTEX_POINT('',#6431);
#4085=VERTEX_POINT('',#6432);
#4086=VERTEX_POINT('',#6433);
#4087=VERTEX_POINT('',#6434);
#4088=VERTEX_POINT('',#6435);
#4089=VERTEX_POINT('',#6436);
#4090=VERTEX_POINT('',#6437);
#4091=VERTEX_POINT('',#6438);
#4092=VERTEX_POINT('',#6439);
#4093=VERTEX_POINT('',#6440);
#4094=VERTEX_POINT('',#6441);
#4095=VERTEX_POINT('',#6442);
#4096=VERTEX_POINT('',#6443);
#4097=VERTEX_POINT('',#6444);
#4098=VERTEX_POINT('',#6445);
#4099=VERTEX_POINT('',#6446);
#4100=VERTEX_POINT('',#6447);
#4101=VERTEX_POINT('',#6448);
#4102=VERTEX_POINT('',#6449);
#4103=VERTEX_POINT('',#6450);
#4104=VERTEX_POINT('',#6451);
#4105=VERTEX_POINT('',#6452);
#4106=VERTEX_POINT('',#6453);
#4107=VERTEX_POINT('',#6454);
#4108=VERTEX_POINT('',#6455);
#4109=VERTEX_POINT('',#6456);
#4110=VERTEX_POINT('',#6457);
#4111=VERTEX_POINT('',#6458);
#4112=VERTEX_POINT('',#6459);
#4113=VERTEX_POINT('',#6460);
#4114=VERTEX_POINT('',#6461);
#4115=VERTEX_POINT('',#6462);
#4116=VERTEX_POINT('',#6463);
#4117=VERTEX_POINT('',#6464);
#4118=VERTEX_POINT('',#6465);
#4119=VERTEX_POINT('',#6466);
#4120=VERTEX_POINT('',#6467);
#4121=VERTEX_POINT('',#6468);
#4122=VERTEX_POINT('',#6469);
#4123=VERTEX_POINT('',#6470);
#4124=VERTEX_POINT('',#6471);
#4125=VERTEX_POINT('',#6472);
#4126=VERTEX_POINT('',#6473);
#4127=VERTEX_POINT('',#6474);
#4128=VERTEX_POINT('',#6475);
#4129=VERTEX_POINT('',#6476);
#4130=VERTEX_POINT('',#6477);
#4131=VERTEX_POINT('',#6478);
#4132=VERTEX_POINT('',#6479);
#4133=VERTEX_POINT('',#6480);
#4134=VERTEX_POINT('',#6481);
#4135=VERTEX_POINT('',#6482);
#4136=VERTEX_POINT('',#6483);
#4137=VERTEX_POINT('',#6484);
#4138=VERTEX_POINT('',#6485);
#4139=VERTEX_POINT('',#6486);
#4140=VERTEX_POINT('',#6487);
#4141=VERTEX_POINT('',#6488);
#4142=VERTEX_POINT('',#6489);
#4143=VERTEX_POINT('',#6490);
#4144=VERTEX_POINT('',#6491);
#4145=VERTEX_POINT('',#6492);
#4146=VERTEX_POINT('',#6493);
#4147=VERTEX_POINT('',#6494);
#4148=VERTEX_POINT('',#6495);
#4149=VERTEX_POINT('',#6496);
#4150=VERTEX_POINT('',#6497);
#4151=VERTEX_POINT('',#6498);
#4152=VERTEX_POINT('',#6499);
#4153=VERTEX_POINT('',#6500);
#4154=VERTEX_POINT('',#7821);
#4155=VERTEX_POINT('',#7822);
#4156=VERTEX_POINT('',#7823);
#4157=VERTEX_POINT('',#7824);
#4158=VERTEX_POINT('',#7825);
#4159=VERTEX_POINT('',#7826);
#4160=VERTEX_POINT('',#7827);
#4161=VERTEX_POINT('',#7828);
#4162=VERTEX_POINT('',#7829);
#4163=VERTEX_POINT('',#7830);
#4164=VERTEX_POINT('',#7831);
#4165=VERTEX_POINT('',#7832);
#4166=VERTEX_POINT('',#7833);
#4167=VERTEX_POINT('',#7834);
#4168=VERTEX_POINT('',#7835);
#4169=VERTEX_POINT('',#7836);
#4170=VERTEX_POINT('',#7837);
#4171=VERTEX_POINT('',#7838);
#4172=VERTEX_POINT('',#7839);
#4173=VERTEX_POINT('',#7840);
#4174=VERTEX_POINT('',#7841);
#4175=VERTEX_POINT('',#7842);
#4176=VERTEX_POINT('',#7843);
#4177=VERTEX_POINT('',#7844);
#4178=VERTEX_POINT('',#7845);
#4179=VERTEX_POINT('',#7846);
#4180=VERTEX_POINT('',#7847);
#4181=VERTEX_POINT('',#7848);
#4182=VERTEX_POINT('',#7849);
#4183=VERTEX_POINT('',#7850);
#4184=VERTEX_POINT('',#7851);
#4185=VERTEX_POINT('',#7852);
#4186=VERTEX_POINT('',#7853);
#4187=VERTEX_POINT('',#7854);
#4188=VERTEX_POINT('',#7855);
#4189=VERTEX_POINT('',#7856);
#4190=VERTEX_POINT('',#7857);
#4191=VERTEX_POINT('',#7858);
#4192=VERTEX_POINT('',#7859);
#4193=VERTEX_POINT('',#7860);
#4194=VERTEX_POINT('',#7861);
#4195=VERTEX_POINT('',#7862);
#4196=VERTEX_POINT('',#7863);
#4197=VERTEX_POINT('',#7864);
#4198=VERTEX_POINT('',#7865);
#4199=VERTEX_POINT('',#7866);
#4200=VERTEX_POINT('',#7867);
#4201=VERTEX_POINT('',#7868);
#4202=VERTEX_POINT('',#7869);
#4203=VERTEX_POINT('',#7870);
#4204=VERTEX_POINT('',#7871);
#4205=VERTEX_POINT('',#7872);
#4206=VERTEX_POINT('',#7873);
#4207=VERTEX_POINT('',#7874);
#4208=VERTEX_POINT('',#7875);
#4209=VERTEX_POINT('',#7876);
#4210=VERTEX_POINT('',#7877);
#4211=VERTEX_POINT('',#7878);
#4212=VERTEX_POINT('',#7879);
#4213=VERTEX_POINT('',#7880);
#4214=VERTEX_POINT('',#7881);
#4215=VERTEX_POINT('',#7882);
#4216=VERTEX_POINT('',#7883);
#4217=VERTEX_POINT('',#7884);
#4218=VERTEX_POINT('',#7885);
#4219=VERTEX_POINT('',#7886);
#4220=VERTEX_POINT('',#7887);
#4221=VERTEX_POINT('',#7888);
#4222=VERTEX_POINT('',#7889);
#4223=VERTEX_POINT('',#7890);
#4224=VERTEX_POINT('',#7891);
#4225=VERTEX_POINT('',#7892);
#4226=VERTEX_POINT('',#7893);
#4227=VERTEX_POINT('',#7894);
#4228=VERTEX_POINT('',#7895);
#4229=VERTEX_POINT('',#7896);
#4230=VERTEX_POINT('',#7897);
#4231=VERTEX_POINT('',#7898);
#4232=VERTEX_POINT('',#7899);
#4233=VERTEX_POINT('',#7900);
#4234=VERTEX_POINT('',#7901);
#4235=VERTEX_POINT('',#7902);
#4236=VERTEX_POINT('',#7903);
#4237=VERTEX_POINT('',#7904);
#4238=VERTEX_POINT('',#7905);
#4239=VERTEX_POINT('',#7906);
#4240=VERTEX_POINT('',#7907);
#4241=VERTEX_POINT('',#7908);
#4242=VERTEX_POINT('',#7909);
#4243=VERTEX_POINT('',#7910);
#4244=VERTEX_POINT('',#7911);
#4245=VERTEX_POINT('',#7912);
#4246=VERTEX_POINT('',#7913);
#4247=VERTEX_POINT('',#7914);
#4248=VERTEX_POINT('',#7915);
#4249=VERTEX_POINT('',#7916);
#4250=VERTEX_POINT('',#7917);
#4251=VERTEX_POINT('',#7918);
#4252=VERTEX_POINT('',#7919);
#4253=VERTEX_POINT('',#7920);
#4254=VERTEX_POINT('',#7921);
#4255=VERTEX_POINT('',#7922);
#4256=VERTEX_POINT('',#7923);
#4257=VERTEX_POINT('',#7924);
#4258=VERTEX_POINT('',#7925);
#4259=VERTEX_POINT('',#7926);
#4260=VERTEX_POINT('',#7927);
#4261=VERTEX_POINT('',#7928);
#4262=VERTEX_POINT('',#7929);
#4263=VERTEX_POINT('',#7930);
#4264=VERTEX_POINT('',#7931);
#4265=VERTEX_POINT('',#7932);
#4266=VERTEX_POINT('',#7933);
#4267=VERTEX_POINT('',#7934);
#4268=VERTEX_POINT('',#7935);
#4269=VERTEX_POINT('',#7936);
#4270=VERTEX_POINT('',#7937);
#4271=VERTEX_POINT('',#7938);
#4272=VERTEX_POINT('',#7939);
#4273=VERTEX_POINT('',#7940);
#4274=VERTEX_POINT('',#7941);
#4275=VERTEX_POINT('',#7942);
#4276=VERTEX_POINT('',#9125);
#4277=VERTEX_POINT('',#9126);
#4278=VERTEX_POINT('',#9127);
#4279=VERTEX_POINT('',#9128);
#4280=VERTEX_POINT('',#9129);
#4281=VERTEX_POINT('',#9130);
#4282=VERTEX_POINT('',#9131);
#4283=VERTEX_POINT('',#9132);
#4284=VERTEX_POINT('',#9133);
#4285=VERTEX_POINT('',#9134);
#4286=VERTEX_POINT('',#9135);
#4287=VERTEX_POINT('',#9136);
#4288=VERTEX_POINT('',#9137);
#4289=VERTEX_POINT('',#9138);
#4290=VERTEX_POINT('',#9139);
#4291=VERTEX_POINT('',#9140);
#4292=VERTEX_POINT('',#9141);
#4293=VERTEX_POINT('',#9142);
#4294=VERTEX_POINT('',#9143);
#4295=VERTEX_POINT('',#9144);
#4296=VERTEX_POINT('',#9145);
#4297=VERTEX_POINT('',#9146);
#4298=VERTEX_POINT('',#9147);
#4299=VERTEX_POINT('',#9148);
#4300=VERTEX_POINT('',#9149);
#4301=VERTEX_POINT('',#9150);
#4302=VERTEX_POINT('',#9151);
#4303=VERTEX_POINT('',#9152);
#4304=VERTEX_POINT('',#9153);
#4305=VERTEX_POINT('',#9154);
#4306=VERTEX_POINT('',#9155);
#4307=VERTEX_POINT('',#9156);
#4308=VERTEX_POINT('',#9157);
#4309=VERTEX_POINT('',#9158);
#4310=VERTEX_POINT('',#9159);
#4311=VERTEX_POINT('',#9160);
#4312=VERTEX_POINT('',#9161);
#4313=VERTEX_POINT('',#9162);
#4314=VERTEX_POINT('',#9163);
#4315=VERTEX_POINT('',#9164);
#4316=VERTEX_POINT('',#9165);
#4317=VERTEX_POINT('',#9166);
#4318=VERTEX_POINT('',#9167);
#4319=VERTEX_POINT('',#9168);
#4320=VERTEX_POINT('',#9169);
#4321=VERTEX_POINT('',#9170);
#4322=VERTEX_POINT('',#9171);
#4323=VERTEX_POINT('',#9172);
#4324=VERTEX_POINT('',#9173);
#4325=VERTEX_POINT('',#9174);
#4326=VERTEX_POINT('',#9175);
#4327=VERTEX_POINT('',#9176);
#4328=VERTEX_POINT('',#9177);
#4329=VERTEX_POINT('',#9178);
#4330=VERTEX_POINT('',#9179);
#4331=VERTEX_POINT('',#9180);
#4332=VERTEX_POINT('',#9181);
#4333=VERTEX_POINT('',#9182);
#4334=VERTEX_POINT('',#9183);
#4335=VERTEX_POINT('',#9184);
#4336=VERTEX_POINT('',#9185);
#4337=VERTEX_POINT('',#9186);
#4338=VERTEX_POINT('',#9187);
#4339=VERTEX_POINT('',#9188);
#4340=VERTEX_POINT('',#9189);
#4341=VERTEX_POINT('',#9190);
#4342=VERTEX_POINT('',#9191);
#4343=VERTEX_POINT('',#9192);
#4344=VERTEX_POINT('',#9193);
#4345=VERTEX_POINT('',#9194);
#4346=VERTEX_POINT('',#9195);
#4347=VERTEX_POINT('',#9196);
#4348=VERTEX_POINT('',#9197);
#4349=VERTEX_POINT('',#9198);
#4350=VERTEX_POINT('',#9199);
#4351=VERTEX_POINT('',#9200);
#4352=VERTEX_POINT('',#9201);
#4353=VERTEX_POINT('',#9202);
#4354=VERTEX_POINT('',#9203);
#4355=VERTEX_POINT('',#9204);
#4356=VERTEX_POINT('',#9205);
#4357=VERTEX_POINT('',#9206);
#4358=VERTEX_POINT('',#9207);
#4359=VERTEX_POINT('',#9208);
#4360=VERTEX_POINT('',#9209);
#4361=VERTEX_POINT('',#9210);
#4362=VERTEX_POINT('',#9211);
#4363=VERTEX_POINT('',#9212);
#4364=VERTEX_POINT('',#9213);
#4365=VERTEX_POINT('',#9214);
#4366=VERTEX_POINT('',#10214);
#4367=VERTEX_POINT('',#10215);
#4368=VERTEX_POINT('',#10216);
#4369=VERTEX_POINT('',#10217);
#4370=VERTEX_POINT('',#10218);
#4371=VERTEX_POINT('',#10219);
#4372=VERTEX_POINT('',#10220);
#4373=VERTEX_POINT('',#10221);
#4374=VERTEX_POINT('',#10222);
#4375=VERTEX_POINT('',#10223);
#4376=VERTEX_POINT('',#10224);
#4377=VERTEX_POINT('',#10225);
#4378=VERTEX_POINT('',#10226);
#4379=VERTEX_POINT('',#10227);
#4380=VERTEX_POINT('',#10228);
#4381=VERTEX_POINT('',#10229);
#4382=VERTEX_POINT('',#10230);
#4383=VERTEX_POINT('',#10231);
#4384=VERTEX_POINT('',#10232);
#4385=VERTEX_POINT('',#10233);
#4386=VERTEX_POINT('',#10234);
#4387=VERTEX_POINT('',#10235);
#4388=VERTEX_POINT('',#10236);
#4389=VERTEX_POINT('',#10237);
#4390=VERTEX_POINT('',#10238);
#4391=VERTEX_POINT('',#10239);
#4392=VERTEX_POINT('',#10240);
#4393=VERTEX_POINT('',#10241);
#4394=VERTEX_POINT('',#10242);
#4395=VERTEX_POINT('',#10243);
#4396=VERTEX_POINT('',#10244);
#4397=VERTEX_POINT('',#10245);
#4398=VERTEX_POINT('',#10246);
#4399=VERTEX_POINT('',#10247);
#4400=VERTEX_POINT('',#10248);
#4401=VERTEX_POINT('',#10249);
#4402=VERTEX_POINT('',#10250);
#4403=VERTEX_POINT('',#10251);
#4404=VERTEX_POINT('',#10252);
#4405=VERTEX_POINT('',#10253);
#4406=VERTEX_POINT('',#10254);
#4407=VERTEX_POINT('',#10255);
#4408=VERTEX_POINT('',#10256);
#4409=VERTEX_POINT('',#10257);
#4410=VERTEX_POINT('',#10258);
#4411=VERTEX_POINT('',#10259);
#4412=VERTEX_POINT('',#10260);
#4413=VERTEX_POINT('',#10261);
#4414=VERTEX_POINT('',#10262);
#4415=VERTEX_POINT('',#10263);
#4416=VERTEX_POINT('',#10264);
#4417=VERTEX_POINT('',#10265);
#4418=VERTEX_POINT('',#10266);
#4419=VERTEX_POINT('',#10267);
#4420=VERTEX_POINT('',#10268);
#4421=VERTEX_POINT('',#10269);
#4422=VERTEX_POINT('',#10270);
#4423=VERTEX_POINT('',#10271);
#4424=VERTEX_POINT('',#10272);
#4425=VERTEX_POINT('',#10273);
#4426=VERTEX_POINT('',#10274);
#4427=VERTEX_POINT('',#10275);
#4428=VERTEX_POINT('',#10276);
#4429=VERTEX_POINT('',#10277);
#4430=VERTEX_POINT('',#10278);
#4431=VERTEX_POINT('',#10279);
#4432=VERTEX_POINT('',#10280);
#4433=VERTEX_POINT('',#10281);
#4434=VERTEX_POINT('',#10282);
#4435=VERTEX_POINT('',#10283);
#4436=VERTEX_POINT('',#10284);
#4437=VERTEX_POINT('',#10285);
#4438=VERTEX_POINT('',#10286);
#4439=VERTEX_POINT('',#10287);
#4440=VERTEX_POINT('',#10288);
#4441=VERTEX_POINT('',#10289);
#4442=VERTEX_POINT('',#10290);
#4443=VERTEX_POINT('',#10291);
#4444=VERTEX_POINT('',#10292);
#4445=VERTEX_POINT('',#10293);
#4446=VERTEX_POINT('',#10294);
#4447=VERTEX_POINT('',#10295);
#4448=VERTEX_POINT('',#10296);
#4449=VERTEX_POINT('',#10297);
#4450=VERTEX_POINT('',#10298);
#4451=VERTEX_POINT('',#10299);
#4452=VERTEX_POINT('',#10300);
#4453=VERTEX_POINT('',#10301);
#4454=VERTEX_POINT('',#10302);
#4455=VERTEX_POINT('',#10303);
#4456=CYLINDRICAL_SURFACE('',#4827,1.50000000000011);
#4457=CYLINDRICAL_SURFACE('',#4834,1.5);
#4458=CYLINDRICAL_SURFACE('',#4836,1.49999999999977);
#4459=CYLINDRICAL_SURFACE('',#4837,1.5);
#4460=CYLINDRICAL_SURFACE('',#4838,2.5);
#4461=CYLINDRICAL_SURFACE('',#4839,2.50000000000058);
#4462=CYLINDRICAL_SURFACE('',#4840,2.24999999999977);
#4463=CYLINDRICAL_SURFACE('',#4841,2.25000000000011);
#4464=CYLINDRICAL_SURFACE('',#4842,2.25);
#4465=CYLINDRICAL_SURFACE('',#4843,2.25);
#4466=CYLINDRICAL_SURFACE('',#4844,2.24999999999977);
#4467=CYLINDRICAL_SURFACE('',#4845,1.75000000000059);
#4468=CYLINDRICAL_SURFACE('',#4846,1.75000000000034);
#4469=CYLINDRICAL_SURFACE('',#4847,1.5);
#4470=CYLINDRICAL_SURFACE('',#4851,2.50000000000012);
#4471=CYLINDRICAL_SURFACE('',#4852,2.50000000000034);
#4472=CYLINDRICAL_SURFACE('',#4853,1.75000000000028);
#4473=CYLINDRICAL_SURFACE('',#4854,1.75000000000007);
#4474=CYLINDRICAL_SURFACE('',#4859,1.50000000000011);
#4475=CYLINDRICAL_SURFACE('',#4860,1.49999999999977);
#4476=CYLINDRICAL_SURFACE('',#4861,1.50000000000023);
#4477=CYLINDRICAL_SURFACE('',#4862,1.5);
#4478=CYLINDRICAL_SURFACE('',#4863,2.50000000000029);
#4479=CYLINDRICAL_SURFACE('',#4864,2.50000000000038);
#4480=CYLINDRICAL_SURFACE('',#4865,2.25000000000023);
#4481=CYLINDRICAL_SURFACE('',#4866,2.24999999999989);
#4482=CYLINDRICAL_SURFACE('',#4867,2.25);
#4483=CYLINDRICAL_SURFACE('',#4868,2.25);
#4484=CYLINDRICAL_SURFACE('',#4869,2.25000000000023);
#4485=CYLINDRICAL_SURFACE('',#4870,1.75000000000045);
#4486=CYLINDRICAL_SURFACE('',#4871,1.75000000000005);
#4487=CYLINDRICAL_SURFACE('',#4872,1.5);
#4488=CYLINDRICAL_SURFACE('',#4873,2.50000000000001);
#4489=CYLINDRICAL_SURFACE('',#4874,2.50000000000037);
#4490=CYLINDRICAL_SURFACE('',#4875,1.75000000000041);
#4491=CYLINDRICAL_SURFACE('',#4876,1.75000000000005);
#4492=CYLINDRICAL_SURFACE('',#4962,1.49999999999977);
#4493=CYLINDRICAL_SURFACE('',#4969,1.49999999999977);
#4494=CYLINDRICAL_SURFACE('',#4971,1.5);
#4495=CYLINDRICAL_SURFACE('',#4972,1.5);
#4496=CYLINDRICAL_SURFACE('',#4973,2.5);
#4497=CYLINDRICAL_SURFACE('',#4974,2.50000000000036);
#4498=CYLINDRICAL_SURFACE('',#4975,2.25);
#4499=CYLINDRICAL_SURFACE('',#4976,2.24999999999977);
#4500=CYLINDRICAL_SURFACE('',#4977,2.25);
#4501=CYLINDRICAL_SURFACE('',#4978,2.25);
#4502=CYLINDRICAL_SURFACE('',#4979,2.25);
#4503=CYLINDRICAL_SURFACE('',#4980,1.75000000000059);
#4504=CYLINDRICAL_SURFACE('',#4981,1.75000000000009);
#4505=CYLINDRICAL_SURFACE('',#4982,1.5);
#4506=CYLINDRICAL_SURFACE('',#4986,2.50000000000024);
#4507=CYLINDRICAL_SURFACE('',#4987,2.50000000000046);
#4508=CYLINDRICAL_SURFACE('',#4988,1.75000000000039);
#4509=CYLINDRICAL_SURFACE('',#4989,1.75000000000018);
#4510=CYLINDRICAL_SURFACE('',#4994,1.50000000000023);
#4511=CYLINDRICAL_SURFACE('',#4995,1.5);
#4512=CYLINDRICAL_SURFACE('',#4996,1.5);
#4513=CYLINDRICAL_SURFACE('',#4997,1.50000000000023);
#4514=CYLINDRICAL_SURFACE('',#4998,2.50000000000029);
#4515=CYLINDRICAL_SURFACE('',#4999,2.50000000000071);
#4516=CYLINDRICAL_SURFACE('',#5000,2.25);
#4517=CYLINDRICAL_SURFACE('',#5001,2.25000000000023);
#4518=CYLINDRICAL_SURFACE('',#5002,2.25);
#4519=CYLINDRICAL_SURFACE('',#5003,2.25);
#4520=CYLINDRICAL_SURFACE('',#5004,2.25);
#4521=CYLINDRICAL_SURFACE('',#5005,1.75000000000045);
#4522=CYLINDRICAL_SURFACE('',#5006,1.75000000000029);
#4523=CYLINDRICAL_SURFACE('',#5007,1.5);
#4524=CYLINDRICAL_SURFACE('',#5008,2.50000000000022);
#4525=CYLINDRICAL_SURFACE('',#5009,2.50000000000045);
#4526=CYLINDRICAL_SURFACE('',#5010,1.75000000000041);
#4527=CYLINDRICAL_SURFACE('',#5011,1.74999999999993);
#4528=CYLINDRICAL_SURFACE('',#5094,3.00000000000036);
#4529=CYLINDRICAL_SURFACE('',#5096,2.99999999999997);
#4530=CYLINDRICAL_SURFACE('',#5098,3.00000000000005);
#4531=CYLINDRICAL_SURFACE('',#5116,0.999999999999773);
#4532=CYLINDRICAL_SURFACE('',#5118,1.);
#4533=CYLINDRICAL_SURFACE('',#5155,3.00000000000039);
#4534=CYLINDRICAL_SURFACE('',#5157,3.00000000000007);
#4535=CYLINDRICAL_SURFACE('',#5159,2.99999999999977);
#4536=CYLINDRICAL_SURFACE('',#5177,1.);
#4537=CYLINDRICAL_SURFACE('',#5179,0.999999999999773);
#4538=PLANE('',#4816);
#4539=PLANE('',#4817);
#4540=PLANE('',#4818);
#4541=PLANE('',#4819);
#4542=PLANE('',#4820);
#4543=PLANE('',#4821);
#4544=PLANE('',#4822);
#4545=PLANE('',#4823);
#4546=PLANE('',#4824);
#4547=PLANE('',#4825);
#4548=PLANE('',#4826);
#4549=PLANE('',#4828);
#4550=PLANE('',#4829);
#4551=PLANE('',#4830);
#4552=PLANE('',#4831);
#4553=PLANE('',#4832);
#4554=PLANE('',#4833);
#4555=PLANE('',#4835);
#4556=PLANE('',#4848);
#4557=PLANE('',#4849);
#4558=PLANE('',#4850);
#4559=PLANE('',#4855);
#4560=PLANE('',#4856);
#4561=PLANE('',#4857);
#4562=PLANE('',#4858);
#4563=PLANE('',#4951);
#4564=PLANE('',#4952);
#4565=PLANE('',#4953);
#4566=PLANE('',#4954);
#4567=PLANE('',#4955);
#4568=PLANE('',#4956);
#4569=PLANE('',#4957);
#4570=PLANE('',#4958);
#4571=PLANE('',#4959);
#4572=PLANE('',#4960);
#4573=PLANE('',#4961);
#4574=PLANE('',#4963);
#4575=PLANE('',#4964);
#4576=PLANE('',#4965);
#4577=PLANE('',#4966);
#4578=PLANE('',#4967);
#4579=PLANE('',#4968);
#4580=PLANE('',#4970);
#4581=PLANE('',#4983);
#4582=PLANE('',#4984);
#4583=PLANE('',#4985);
#4584=PLANE('',#4990);
#4585=PLANE('',#4991);
#4586=PLANE('',#4992);
#4587=PLANE('',#4993);
#4588=PLANE('',#5086);
#4589=PLANE('',#5087);
#4590=PLANE('',#5088);
#4591=PLANE('',#5089);
#4592=PLANE('',#5090);
#4593=PLANE('',#5091);
#4594=PLANE('',#5092);
#4595=PLANE('',#5093);
#4596=PLANE('',#5095);
#4597=PLANE('',#5097);
#4598=PLANE('',#5099);
#4599=PLANE('',#5100);
#4600=PLANE('',#5101);
#4601=PLANE('',#5102);
#4602=PLANE('',#5103);
#4603=PLANE('',#5104);
#4604=PLANE('',#5105);
#4605=PLANE('',#5106);
#4606=PLANE('',#5107);
#4607=PLANE('',#5108);
#4608=PLANE('',#5109);
#4609=PLANE('',#5110);
#4610=PLANE('',#5111);
#4611=PLANE('',#5112);
#4612=PLANE('',#5113);
#4613=PLANE('',#5114);
#4614=PLANE('',#5115);
#4615=PLANE('',#5117);
#4616=PLANE('',#5119);
#4617=PLANE('',#5120);
#4618=PLANE('',#5121);
#4619=PLANE('',#5122);
#4620=PLANE('',#5123);
#4621=PLANE('',#5124);
#4622=PLANE('',#5147);
#4623=PLANE('',#5148);
#4624=PLANE('',#5149);
#4625=PLANE('',#5150);
#4626=PLANE('',#5151);
#4627=PLANE('',#5152);
#4628=PLANE('',#5153);
#4629=PLANE('',#5154);
#4630=PLANE('',#5156);
#4631=PLANE('',#5158);
#4632=PLANE('',#5160);
#4633=PLANE('',#5161);
#4634=PLANE('',#5162);
#4635=PLANE('',#5163);
#4636=PLANE('',#5164);
#4637=PLANE('',#5165);
#4638=PLANE('',#5166);
#4639=PLANE('',#5167);
#4640=PLANE('',#5168);
#4641=PLANE('',#5169);
#4642=PLANE('',#5170);
#4643=PLANE('',#5171);
#4644=PLANE('',#5172);
#4645=PLANE('',#5173);
#4646=PLANE('',#5174);
#4647=PLANE('',#5175);
#4648=PLANE('',#5176);
#4649=PLANE('',#5178);
#4650=PLANE('',#5180);
#4651=PLANE('',#5181);
#4652=PLANE('',#5182);
#4653=PLANE('',#5183);
#4654=PLANE('',#5184);
#4655=PLANE('',#5185);
#4656=(
BOUNDED_SURFACE()
B_SPLINE_SURFACE(2,3,((#5798,#5799,#5800,#5801),(#5802,#5803,#5804,#5805),
(#5806,#5807,#5808,#5809),(#5810,#5811,#5812,#5813),(#5814,#5815,#5816,
#5817)),.UNSPECIFIED.,.F.,.F.,.F.)
B_SPLINE_SURFACE_WITH_KNOTS((3,2,3),(4,4),(11.9999999999982,17.9999999999973,
23.9999999999964),(0.,3.67423461417495),.UNSPECIFIED.)
GEOMETRIC_REPRESENTATION_ITEM()
RATIONAL_B_SPLINE_SURFACE(((1.,1.,1.,1.),(0.707106781186548,0.707106781186548,
0.707106781186548,0.707106781186548),(1.,1.,1.,1.),(0.707106781186548,0.707106781186548,
0.707106781186548,0.707106781186548),(1.,1.,1.,1.)))
REPRESENTATION_ITEM('')
SURFACE()
);
#4657=(
BOUNDED_SURFACE()
B_SPLINE_SURFACE(2,3,((#5818,#5819,#5820,#5821),(#5822,#5823,#5824,#5825),
(#5826,#5827,#5828,#5829),(#5830,#5831,#5832,#5833),(#5834,#5835,#5836,
#5837)),.UNSPECIFIED.,.F.,.F.,.F.)
B_SPLINE_SURFACE_WITH_KNOTS((3,2,3),(4,4),(15.,22.5,30.),(0.,3.67423461417479),
 .UNSPECIFIED.)
GEOMETRIC_REPRESENTATION_ITEM()
RATIONAL_B_SPLINE_SURFACE(((1.,1.,1.,1.),(0.707106781186548,0.707106781186548,
0.707106781186548,0.707106781186548),(1.,1.,1.,1.),(0.707106781186548,0.707106781186548,
0.707106781186548,0.707106781186548),(1.,1.,1.,1.)))
REPRESENTATION_ITEM('')
SURFACE()
);
#4658=(
BOUNDED_SURFACE()
B_SPLINE_SURFACE(2,3,((#5839,#5840,#5841,#5842),(#5843,#5844,#5845,#5846),
(#5847,#5848,#5849,#5850),(#5851,#5852,#5853,#5854),(#5855,#5856,#5857,
#5858)),.UNSPECIFIED.,.F.,.F.,.F.)
B_SPLINE_SURFACE_WITH_KNOTS((3,2,3),(4,4),(11.9999999999982,17.9999999999973,
23.9999999999964),(0.,3.67423461417495),.UNSPECIFIED.)
GEOMETRIC_REPRESENTATION_ITEM()
RATIONAL_B_SPLINE_SURFACE(((1.,1.,1.,1.),(0.707106781186548,0.707106781186548,
0.707106781186548,0.707106781186548),(1.,1.,1.,1.),(0.707106781186548,0.707106781186548,
0.707106781186548,0.707106781186548),(1.,1.,1.,1.)))
REPRESENTATION_ITEM('')
SURFACE()
);
#4659=(
BOUNDED_SURFACE()
B_SPLINE_SURFACE(2,3,((#5859,#5860,#5861,#5862),(#5863,#5864,#5865,#5866),
(#5867,#5868,#5869,#5870),(#5871,#5872,#5873,#5874),(#5875,#5876,#5877,
#5878)),.UNSPECIFIED.,.F.,.F.,.F.)
B_SPLINE_SURFACE_WITH_KNOTS((3,2,3),(4,4),(15.,22.5,30.),(0.,3.67423461417479),
 .UNSPECIFIED.)
GEOMETRIC_REPRESENTATION_ITEM()
RATIONAL_B_SPLINE_SURFACE(((1.,1.,1.,1.),(0.707106781186548,0.707106781186548,
0.707106781186548,0.707106781186548),(1.,1.,1.,1.),(0.707106781186548,0.707106781186548,
0.707106781186548,0.707106781186548),(1.,1.,1.,1.)))
REPRESENTATION_ITEM('')
SURFACE()
);
#4660=(
BOUNDED_SURFACE()
B_SPLINE_SURFACE(2,3,((#5880,#5881,#5882,#5883),(#5884,#5885,#5886,#5887),
(#5888,#5889,#5890,#5891),(#5892,#5893,#5894,#5895),(#5896,#5897,#5898,
#5899)),.UNSPECIFIED.,.F.,.F.,.F.)
B_SPLINE_SURFACE_WITH_KNOTS((3,2,3),(4,4),(11.9999999999982,17.9999999999973,
23.9999999999964),(0.,3.67423461417495),.UNSPECIFIED.)
GEOMETRIC_REPRESENTATION_ITEM()
RATIONAL_B_SPLINE_SURFACE(((1.,1.,1.,1.),(0.707106781186548,0.707106781186548,
0.707106781186548,0.707106781186548),(1.,1.,1.,1.),(0.707106781186548,0.707106781186548,
0.707106781186548,0.707106781186548),(1.,1.,1.,1.)))
REPRESENTATION_ITEM('')
SURFACE()
);
#4661=(
BOUNDED_SURFACE()
B_SPLINE_SURFACE(2,3,((#5900,#5901,#5902,#5903),(#5904,#5905,#5906,#5907),
(#5908,#5909,#5910,#5911),(#5912,#5913,#5914,#5915),(#5916,#5917,#5918,
#5919)),.UNSPECIFIED.,.F.,.F.,.F.)
B_SPLINE_SURFACE_WITH_KNOTS((3,2,3),(4,4),(15.,22.5,30.),(0.,3.67423461417479),
 .UNSPECIFIED.)
GEOMETRIC_REPRESENTATION_ITEM()
RATIONAL_B_SPLINE_SURFACE(((1.,1.,1.,1.),(0.707106781186548,0.707106781186548,
0.707106781186548,0.707106781186548),(1.,1.,1.,1.),(0.707106781186548,0.707106781186548,
0.707106781186548,0.707106781186548),(1.,1.,1.,1.)))
REPRESENTATION_ITEM('')
SURFACE()
);
#4662=(
BOUNDED_SURFACE()
B_SPLINE_SURFACE(2,3,((#5921,#5922,#5923,#5924),(#5925,#5926,#5927,#5928),
(#5929,#5930,#5931,#5932),(#5933,#5934,#5935,#5936),(#5937,#5938,#5939,
#5940)),.UNSPECIFIED.,.F.,.F.,.F.)
B_SPLINE_SURFACE_WITH_KNOTS((3,2,3),(4,4),(11.9999999999982,17.9999999999973,
23.9999999999964),(0.,3.67423461417495),.UNSPECIFIED.)
GEOMETRIC_REPRESENTATION_ITEM()
RATIONAL_B_SPLINE_SURFACE(((1.,1.,1.,1.),(0.707106781186548,0.707106781186548,
0.707106781186548,0.707106781186548),(1.,1.,1.,1.),(0.707106781186548,0.707106781186548,
0.707106781186548,0.707106781186548),(1.,1.,1.,1.)))
REPRESENTATION_ITEM('')
SURFACE()
);
#4663=(
BOUNDED_SURFACE()
B_SPLINE_SURFACE(2,3,((#5941,#5942,#5943,#5944),(#5945,#5946,#5947,#5948),
(#5949,#5950,#5951,#5952),(#5953,#5954,#5955,#5956),(#5957,#5958,#5959,
#5960)),.UNSPECIFIED.,.F.,.F.,.F.)
B_SPLINE_SURFACE_WITH_KNOTS((3,2,3),(4,4),(15.,22.5,30.),(0.,3.67423461417479),
 .UNSPECIFIED.)
GEOMETRIC_REPRESENTATION_ITEM()
RATIONAL_B_SPLINE_SURFACE(((1.,1.,1.,1.),(0.707106781186548,0.707106781186548,
0.707106781186548,0.707106781186548),(1.,1.,1.,1.),(0.707106781186548,0.707106781186548,
0.707106781186548,0.707106781186548),(1.,1.,1.,1.)))
REPRESENTATION_ITEM('')
SURFACE()
);
#4664=(
BOUNDED_SURFACE()
B_SPLINE_SURFACE(3,2,((#5962,#5963,#5964,#5965,#5966),(#5967,#5968,#5969,
#5970,#5971),(#5972,#5973,#5974,#5975,#5976),(#5977,#5978,#5979,#5980,#5981)),
 .UNSPECIFIED.,.F.,.F.,.F.)
B_SPLINE_SURFACE_WITH_KNOTS((4,4),(3,2,3),(0.,3.67423461417495),(-15.,-7.5,
0.),.UNSPECIFIED.)
GEOMETRIC_REPRESENTATION_ITEM()
RATIONAL_B_SPLINE_SURFACE(((1.,0.707106781186548,1.,0.707106781186548,1.),
(1.,0.707106781186548,1.,0.707106781186548,1.),(1.,0.707106781186548,1.,
0.707106781186548,1.),(1.,0.707106781186548,1.,0.707106781186548,1.)))
REPRESENTATION_ITEM('')
SURFACE()
);
#4665=(
BOUNDED_SURFACE()
B_SPLINE_SURFACE(3,2,((#5982,#5983,#5984,#5985,#5986),(#5987,#5988,#5989,
#5990,#5991),(#5992,#5993,#5994,#5995,#5996),(#5997,#5998,#5999,#6000,#6001)),
 .UNSPECIFIED.,.F.,.F.,.F.)
B_SPLINE_SURFACE_WITH_KNOTS((4,4),(3,2,3),(0.,3.67423461417473),(-16.0000000000013,
-8.00000000000065,0.),.UNSPECIFIED.)
GEOMETRIC_REPRESENTATION_ITEM()
RATIONAL_B_SPLINE_SURFACE(((1.,0.707106781186548,1.,0.707106781186548,1.),
(1.,0.707106781186548,1.,0.707106781186548,1.),(1.,0.707106781186548,1.,
0.707106781186548,1.),(1.,0.707106781186548,1.,0.707106781186548,1.)))
REPRESENTATION_ITEM('')
SURFACE()
);
#4666=(
BOUNDED_SURFACE()
B_SPLINE_SURFACE(3,2,((#6002,#6003,#6004,#6005,#6006),(#6007,#6008,#6009,
#6010,#6011),(#6012,#6013,#6014,#6015,#6016),(#6017,#6018,#6019,#6020,#6021)),
 .UNSPECIFIED.,.F.,.F.,.F.)
B_SPLINE_SURFACE_WITH_KNOTS((4,4),(3,2,3),(0.,3.67423461418448),(16.0000000000002,
24.0000000000004,32.0000000000005),.UNSPECIFIED.)
GEOMETRIC_REPRESENTATION_ITEM()
RATIONAL_B_SPLINE_SURFACE(((1.,0.707106781186548,1.,0.707106781186548,1.),
(1.,0.707106781186548,1.,0.707106781186548,1.),(1.,0.707106781186548,1.,
0.707106781186548,1.),(1.,0.707106781186548,1.,0.707106781186548,1.)))
REPRESENTATION_ITEM('')
SURFACE()
);
#4667=(
BOUNDED_SURFACE()
B_SPLINE_SURFACE(2,3,((#6052,#6053,#6054,#6055),(#6056,#6057,#6058,#6059),
(#6060,#6061,#6062,#6063),(#6064,#6065,#6066,#6067),(#6068,#6069,#6070,
#6071)),.UNSPECIFIED.,.F.,.F.,.F.)
B_SPLINE_SURFACE_WITH_KNOTS((3,2,3),(4,4),(-16.0000000000013,-8.00000000000065,
0.),(0.,3.67423461417473),.UNSPECIFIED.)
GEOMETRIC_REPRESENTATION_ITEM()
RATIONAL_B_SPLINE_SURFACE(((1.,1.,1.,1.),(0.707106781186548,0.707106781186548,
0.707106781186548,0.707106781186548),(1.,1.,1.,1.),(0.707106781186548,0.707106781186548,
0.707106781186548,0.707106781186548),(1.,1.,1.,1.)))
REPRESENTATION_ITEM('')
SURFACE()
);
#4668=(
BOUNDED_SURFACE()
B_SPLINE_SURFACE(2,3,((#6072,#6073,#6074,#6075),(#6076,#6077,#6078,#6079),
(#6080,#6081,#6082,#6083),(#6084,#6085,#6086,#6087),(#6088,#6089,#6090,
#6091)),.UNSPECIFIED.,.F.,.F.,.F.)
B_SPLINE_SURFACE_WITH_KNOTS((3,2,3),(4,4),(16.0000000000002,24.0000000000004,
32.0000000000005),(0.,3.67423461418448),.UNSPECIFIED.)
GEOMETRIC_REPRESENTATION_ITEM()
RATIONAL_B_SPLINE_SURFACE(((1.,1.,1.,1.),(0.707106781186548,0.707106781186548,
0.707106781186548,0.707106781186548),(1.,1.,1.,1.),(0.707106781186548,0.707106781186548,
0.707106781186548,0.707106781186548),(1.,1.,1.,1.)))
REPRESENTATION_ITEM('')
SURFACE()
);
#4669=(
BOUNDED_SURFACE()
B_SPLINE_SURFACE(2,3,((#6101,#6102,#6103,#6104),(#6105,#6106,#6107,#6108),
(#6109,#6110,#6111,#6112),(#6113,#6114,#6115,#6116),(#6117,#6118,#6119,
#6120)),.UNSPECIFIED.,.F.,.F.,.F.)
B_SPLINE_SURFACE_WITH_KNOTS((3,2,3),(4,4),(0.,5.99999999999909,11.9999999999982),
(0.,3.67423461417495),.UNSPECIFIED.)
GEOMETRIC_REPRESENTATION_ITEM()
RATIONAL_B_SPLINE_SURFACE(((1.,1.,1.,1.),(0.707106781186548,0.707106781186548,
0.707106781186548,0.707106781186548),(1.,1.,1.,1.),(0.707106781186548,0.707106781186548,
0.707106781186548,0.707106781186548),(1.,1.,1.,1.)))
REPRESENTATION_ITEM('')
SURFACE()
);
#4670=(
BOUNDED_SURFACE()
B_SPLINE_SURFACE(2,3,((#6121,#6122,#6123,#6124),(#6125,#6126,#6127,#6128),
(#6129,#6130,#6131,#6132),(#6133,#6134,#6135,#6136),(#6137,#6138,#6139,
#6140)),.UNSPECIFIED.,.F.,.F.,.F.)
B_SPLINE_SURFACE_WITH_KNOTS((3,2,3),(4,4),(0.,7.5,15.),(0.,3.67423461417479),
 .UNSPECIFIED.)
GEOMETRIC_REPRESENTATION_ITEM()
RATIONAL_B_SPLINE_SURFACE(((1.,1.,1.,1.),(0.707106781186548,0.707106781186548,
0.707106781186548,0.707106781186548),(1.,1.,1.,1.),(0.707106781186548,0.707106781186548,
0.707106781186548,0.707106781186548),(1.,1.,1.,1.)))
REPRESENTATION_ITEM('')
SURFACE()
);
#4671=(
BOUNDED_SURFACE()
B_SPLINE_SURFACE(2,3,((#6141,#6142,#6143,#6144),(#6145,#6146,#6147,#6148),
(#6149,#6150,#6151,#6152),(#6153,#6154,#6155,#6156),(#6157,#6158,#6159,
#6160)),.UNSPECIFIED.,.F.,.F.,.F.)
B_SPLINE_SURFACE_WITH_KNOTS((3,2,3),(4,4),(0.,5.99999999999909,11.9999999999982),
(0.,3.67423461417495),.UNSPECIFIED.)
GEOMETRIC_REPRESENTATION_ITEM()
RATIONAL_B_SPLINE_SURFACE(((1.,1.,1.,1.),(0.707106781186548,0.707106781186548,
0.707106781186548,0.707106781186548),(1.,1.,1.,1.),(0.707106781186548,0.707106781186548,
0.707106781186548,0.707106781186548),(1.,1.,1.,1.)))
REPRESENTATION_ITEM('')
SURFACE()
);
#4672=(
BOUNDED_SURFACE()
B_SPLINE_SURFACE(2,3,((#6161,#6162,#6163,#6164),(#6165,#6166,#6167,#6168),
(#6169,#6170,#6171,#6172),(#6173,#6174,#6175,#6176),(#6177,#6178,#6179,
#6180)),.UNSPECIFIED.,.F.,.F.,.F.)
B_SPLINE_SURFACE_WITH_KNOTS((3,2,3),(4,4),(0.,7.5,15.),(0.,3.67423461417479),
 .UNSPECIFIED.)
GEOMETRIC_REPRESENTATION_ITEM()
RATIONAL_B_SPLINE_SURFACE(((1.,1.,1.,1.),(0.707106781186548,0.707106781186548,
0.707106781186548,0.707106781186548),(1.,1.,1.,1.),(0.707106781186548,0.707106781186548,
0.707106781186548,0.707106781186548),(1.,1.,1.,1.)))
REPRESENTATION_ITEM('')
SURFACE()
);
#4673=(
BOUNDED_SURFACE()
B_SPLINE_SURFACE(2,3,((#6181,#6182,#6183,#6184),(#6185,#6186,#6187,#6188),
(#6189,#6190,#6191,#6192),(#6193,#6194,#6195,#6196),(#6197,#6198,#6199,
#6200)),.UNSPECIFIED.,.F.,.F.,.F.)
B_SPLINE_SURFACE_WITH_KNOTS((3,2,3),(4,4),(0.,5.99999999999909,11.9999999999982),
(0.,3.67423461417495),.UNSPECIFIED.)
GEOMETRIC_REPRESENTATION_ITEM()
RATIONAL_B_SPLINE_SURFACE(((1.,1.,1.,1.),(0.707106781186548,0.707106781186548,
0.707106781186548,0.707106781186548),(1.,1.,1.,1.),(0.707106781186548,0.707106781186548,
0.707106781186548,0.707106781186548),(1.,1.,1.,1.)))
REPRESENTATION_ITEM('')
SURFACE()
);
#4674=(
BOUNDED_SURFACE()
B_SPLINE_SURFACE(2,3,((#6201,#6202,#6203,#6204),(#6205,#6206,#6207,#6208),
(#6209,#6210,#6211,#6212),(#6213,#6214,#6215,#6216),(#6217,#6218,#6219,
#6220)),.UNSPECIFIED.,.F.,.F.,.F.)
B_SPLINE_SURFACE_WITH_KNOTS((3,2,3),(4,4),(0.,7.5,15.),(0.,3.67423461417479),
 .UNSPECIFIED.)
GEOMETRIC_REPRESENTATION_ITEM()
RATIONAL_B_SPLINE_SURFACE(((1.,1.,1.,1.),(0.707106781186548,0.707106781186548,
0.707106781186548,0.707106781186548),(1.,1.,1.,1.),(0.707106781186548,0.707106781186548,
0.707106781186548,0.707106781186548),(1.,1.,1.,1.)))
REPRESENTATION_ITEM('')
SURFACE()
);
#4675=(
BOUNDED_SURFACE()
B_SPLINE_SURFACE(2,3,((#6221,#6222,#6223,#6224),(#6225,#6226,#6227,#6228),
(#6229,#6230,#6231,#6232),(#6233,#6234,#6235,#6236),(#6237,#6238,#6239,
#6240)),.UNSPECIFIED.,.F.,.F.,.F.)
B_SPLINE_SURFACE_WITH_KNOTS((3,2,3),(4,4),(0.,5.99999999999909,11.9999999999982),
(0.,3.67423461417495),.UNSPECIFIED.)
GEOMETRIC_REPRESENTATION_ITEM()
RATIONAL_B_SPLINE_SURFACE(((1.,1.,1.,1.),(0.707106781186548,0.707106781186548,
0.707106781186548,0.707106781186548),(1.,1.,1.,1.),(0.707106781186548,0.707106781186548,
0.707106781186548,0.707106781186548),(1.,1.,1.,1.)))
REPRESENTATION_ITEM('')
SURFACE()
);
#4676=(
BOUNDED_SURFACE()
B_SPLINE_SURFACE(2,3,((#6241,#6242,#6243,#6244),(#6245,#6246,#6247,#6248),
(#6249,#6250,#6251,#6252),(#6253,#6254,#6255,#6256),(#6257,#6258,#6259,
#6260)),.UNSPECIFIED.,.F.,.F.,.F.)
B_SPLINE_SURFACE_WITH_KNOTS((3,2,3),(4,4),(0.,7.5,15.),(0.,3.67423461417479),
 .UNSPECIFIED.)
GEOMETRIC_REPRESENTATION_ITEM()
RATIONAL_B_SPLINE_SURFACE(((1.,1.,1.,1.),(0.707106781186548,0.707106781186548,
0.707106781186548,0.707106781186548),(1.,1.,1.,1.),(0.707106781186548,0.707106781186548,
0.707106781186548,0.707106781186548),(1.,1.,1.,1.)))
REPRESENTATION_ITEM('')
SURFACE()
);
#4677=(
BOUNDED_SURFACE()
B_SPLINE_SURFACE(3,2,((#6261,#6262,#6263,#6264,#6265),(#6266,#6267,#6268,
#6269,#6270),(#6271,#6272,#6273,#6274,#6275),(#6276,#6277,#6278,#6279,#6280)),
 .UNSPECIFIED.,.F.,.F.,.F.)
B_SPLINE_SURFACE_WITH_KNOTS((4,4),(3,2,3),(0.,3.67423461417495),(-30.,-22.5,
-15.),.UNSPECIFIED.)
GEOMETRIC_REPRESENTATION_ITEM()
RATIONAL_B_SPLINE_SURFACE(((1.,0.707106781186548,1.,0.707106781186548,1.),
(1.,0.707106781186548,1.,0.707106781186548,1.),(1.,0.707106781186548,1.,
0.707106781186548,1.),(1.,0.707106781186548,1.,0.707106781186548,1.)))
REPRESENTATION_ITEM('')
SURFACE()
);
#4678=(
BOUNDED_SURFACE()
B_SPLINE_SURFACE(3,2,((#6281,#6282,#6283,#6284,#6285),(#6286,#6287,#6288,
#6289,#6290),(#6291,#6292,#6293,#6294,#6295),(#6296,#6297,#6298,#6299,#6300)),
 .UNSPECIFIED.,.F.,.F.,.F.)
B_SPLINE_SURFACE_WITH_KNOTS((4,4),(3,2,3),(0.,3.67423461417473),(-32.0000000000026,
-24.0000000000019,-16.0000000000013),.UNSPECIFIED.)
GEOMETRIC_REPRESENTATION_ITEM()
RATIONAL_B_SPLINE_SURFACE(((1.,0.707106781186548,1.,0.707106781186548,1.),
(1.,0.707106781186548,1.,0.707106781186548,1.),(1.,0.707106781186548,1.,
0.707106781186548,1.),(1.,0.707106781186548,1.,0.707106781186548,1.)))
REPRESENTATION_ITEM('')
SURFACE()
);
#4679=(
BOUNDED_SURFACE()
B_SPLINE_SURFACE(3,2,((#6301,#6302,#6303,#6304,#6305),(#6306,#6307,#6308,
#6309,#6310),(#6311,#6312,#6313,#6314,#6315),(#6316,#6317,#6318,#6319,#6320)),
 .UNSPECIFIED.,.F.,.F.,.F.)
B_SPLINE_SURFACE_WITH_KNOTS((4,4),(3,2,3),(0.,3.67423461418448),(0.,8.00000000000012,
16.0000000000002),.UNSPECIFIED.)
GEOMETRIC_REPRESENTATION_ITEM()
RATIONAL_B_SPLINE_SURFACE(((1.,0.707106781186548,1.,0.707106781186548,1.),
(1.,0.707106781186548,1.,0.707106781186548,1.),(1.,0.707106781186548,1.,
0.707106781186548,1.),(1.,0.707106781186548,1.,0.707106781186548,1.)))
REPRESENTATION_ITEM('')
SURFACE()
);
#4680=(
BOUNDED_SURFACE()
B_SPLINE_SURFACE(2,3,((#6335,#6336,#6337,#6338),(#6339,#6340,#6341,#6342),
(#6343,#6344,#6345,#6346),(#6347,#6348,#6349,#6350),(#6351,#6352,#6353,
#6354)),.UNSPECIFIED.,.F.,.F.,.F.)
B_SPLINE_SURFACE_WITH_KNOTS((3,2,3),(4,4),(-32.0000000000026,-24.0000000000019,
-16.0000000000013),(0.,3.67423461417473),.UNSPECIFIED.)
GEOMETRIC_REPRESENTATION_ITEM()
RATIONAL_B_SPLINE_SURFACE(((1.,1.,1.,1.),(0.707106781186548,0.707106781186548,
0.707106781186548,0.707106781186548),(1.,1.,1.,1.),(0.707106781186548,0.707106781186548,
0.707106781186548,0.707106781186548),(1.,1.,1.,1.)))
REPRESENTATION_ITEM('')
SURFACE()
);
#4681=(
BOUNDED_SURFACE()
B_SPLINE_SURFACE(2,3,((#6355,#6356,#6357,#6358),(#6359,#6360,#6361,#6362),
(#6363,#6364,#6365,#6366),(#6367,#6368,#6369,#6370),(#6371,#6372,#6373,
#6374)),.UNSPECIFIED.,.F.,.F.,.F.)
B_SPLINE_SURFACE_WITH_KNOTS((3,2,3),(4,4),(0.,8.00000000000012,16.0000000000002),
(0.,3.67423461418448),.UNSPECIFIED.)
GEOMETRIC_REPRESENTATION_ITEM()
RATIONAL_B_SPLINE_SURFACE(((1.,1.,1.,1.),(0.707106781186548,0.707106781186548,
0.707106781186548,0.707106781186548),(1.,1.,1.,1.),(0.707106781186548,0.707106781186548,
0.707106781186548,0.707106781186548),(1.,1.,1.,1.)))
REPRESENTATION_ITEM('')
SURFACE()
);
#4682=(
BOUNDED_SURFACE()
B_SPLINE_SURFACE(2,3,((#7240,#7241,#7242,#7243),(#7244,#7245,#7246,#7247),
(#7248,#7249,#7250,#7251),(#7252,#7253,#7254,#7255),(#7256,#7257,#7258,
#7259)),.UNSPECIFIED.,.F.,.F.,.F.)
B_SPLINE_SURFACE_WITH_KNOTS((3,2,3),(4,4),(11.9999999999982,17.9999999999973,
23.9999999999964),(0.,3.67423461417495),.UNSPECIFIED.)
GEOMETRIC_REPRESENTATION_ITEM()
RATIONAL_B_SPLINE_SURFACE(((1.,1.,1.,1.),(0.707106781186548,0.707106781186548,
0.707106781186548,0.707106781186548),(1.,1.,1.,1.),(0.707106781186548,0.707106781186548,
0.707106781186548,0.707106781186548),(1.,1.,1.,1.)))
REPRESENTATION_ITEM('')
SURFACE()
);
#4683=(
BOUNDED_SURFACE()
B_SPLINE_SURFACE(2,3,((#7260,#7261,#7262,#7263),(#7264,#7265,#7266,#7267),
(#7268,#7269,#7270,#7271),(#7272,#7273,#7274,#7275),(#7276,#7277,#7278,
#7279)),.UNSPECIFIED.,.F.,.F.,.F.)
B_SPLINE_SURFACE_WITH_KNOTS((3,2,3),(4,4),(15.,22.5,30.),(0.,3.67423461417479),
 .UNSPECIFIED.)
GEOMETRIC_REPRESENTATION_ITEM()
RATIONAL_B_SPLINE_SURFACE(((1.,1.,1.,1.),(0.707106781186548,0.707106781186548,
0.707106781186548,0.707106781186548),(1.,1.,1.,1.),(0.707106781186548,0.707106781186548,
0.707106781186548,0.707106781186548),(1.,1.,1.,1.)))
REPRESENTATION_ITEM('')
SURFACE()
);
#4684=(
BOUNDED_SURFACE()
B_SPLINE_SURFACE(2,3,((#7281,#7282,#7283,#7284),(#7285,#7286,#7287,#7288),
(#7289,#7290,#7291,#7292),(#7293,#7294,#7295,#7296),(#7297,#7298,#7299,
#7300)),.UNSPECIFIED.,.F.,.F.,.F.)
B_SPLINE_SURFACE_WITH_KNOTS((3,2,3),(4,4),(11.9999999999982,17.9999999999973,
23.9999999999964),(0.,3.67423461417495),.UNSPECIFIED.)
GEOMETRIC_REPRESENTATION_ITEM()
RATIONAL_B_SPLINE_SURFACE(((1.,1.,1.,1.),(0.707106781186548,0.707106781186548,
0.707106781186548,0.707106781186548),(1.,1.,1.,1.),(0.707106781186548,0.707106781186548,
0.707106781186548,0.707106781186548),(1.,1.,1.,1.)))
REPRESENTATION_ITEM('')
SURFACE()
);
#4685=(
BOUNDED_SURFACE()
B_SPLINE_SURFACE(2,3,((#7301,#7302,#7303,#7304),(#7305,#7306,#7307,#7308),
(#7309,#7310,#7311,#7312),(#7313,#7314,#7315,#7316),(#7317,#7318,#7319,
#7320)),.UNSPECIFIED.,.F.,.F.,.F.)
B_SPLINE_SURFACE_WITH_KNOTS((3,2,3),(4,4),(15.,22.5,30.),(0.,3.67423461417479),
 .UNSPECIFIED.)
GEOMETRIC_REPRESENTATION_ITEM()
RATIONAL_B_SPLINE_SURFACE(((1.,1.,1.,1.),(0.707106781186548,0.707106781186548,
0.707106781186548,0.707106781186548),(1.,1.,1.,1.),(0.707106781186548,0.707106781186548,
0.707106781186548,0.707106781186548),(1.,1.,1.,1.)))
REPRESENTATION_ITEM('')
SURFACE()
);
#4686=(
BOUNDED_SURFACE()
B_SPLINE_SURFACE(2,3,((#7322,#7323,#7324,#7325),(#7326,#7327,#7328,#7329),
(#7330,#7331,#7332,#7333),(#7334,#7335,#7336,#7337),(#7338,#7339,#7340,
#7341)),.UNSPECIFIED.,.F.,.F.,.F.)
B_SPLINE_SURFACE_WITH_KNOTS((3,2,3),(4,4),(11.9999999999982,17.9999999999973,
23.9999999999964),(0.,3.67423461417495),.UNSPECIFIED.)
GEOMETRIC_REPRESENTATION_ITEM()
RATIONAL_B_SPLINE_SURFACE(((1.,1.,1.,1.),(0.707106781186548,0.707106781186548,
0.707106781186548,0.707106781186548),(1.,1.,1.,1.),(0.707106781186548,0.707106781186548,
0.707106781186548,0.707106781186548),(1.,1.,1.,1.)))
REPRESENTATION_ITEM('')
SURFACE()
);
#4687=(
BOUNDED_SURFACE()
B_SPLINE_SURFACE(2,3,((#7342,#7343,#7344,#7345),(#7346,#7347,#7348,#7349),
(#7350,#7351,#7352,#7353),(#7354,#7355,#7356,#7357),(#7358,#7359,#7360,
#7361)),.UNSPECIFIED.,.F.,.F.,.F.)
B_SPLINE_SURFACE_WITH_KNOTS((3,2,3),(4,4),(15.,22.5,30.),(0.,3.67423461417479),
 .UNSPECIFIED.)
GEOMETRIC_REPRESENTATION_ITEM()
RATIONAL_B_SPLINE_SURFACE(((1.,1.,1.,1.),(0.707106781186548,0.707106781186548,
0.707106781186548,0.707106781186548),(1.,1.,1.,1.),(0.707106781186548,0.707106781186548,
0.707106781186548,0.707106781186548),(1.,1.,1.,1.)))
REPRESENTATION_ITEM('')
SURFACE()
);
#4688=(
BOUNDED_SURFACE()
B_SPLINE_SURFACE(2,3,((#7363,#7364,#7365,#7366),(#7367,#7368,#7369,#7370),
(#7371,#7372,#7373,#7374),(#7375,#7376,#7377,#7378),(#7379,#7380,#7381,
#7382)),.UNSPECIFIED.,.F.,.F.,.F.)
B_SPLINE_SURFACE_WITH_KNOTS((3,2,3),(4,4),(11.9999999999982,17.9999999999973,
23.9999999999964),(0.,3.67423461417495),.UNSPECIFIED.)
GEOMETRIC_REPRESENTATION_ITEM()
RATIONAL_B_SPLINE_SURFACE(((1.,1.,1.,1.),(0.707106781186548,0.707106781186548,
0.707106781186548,0.707106781186548),(1.,1.,1.,1.),(0.707106781186548,0.707106781186548,
0.707106781186548,0.707106781186548),(1.,1.,1.,1.)))
REPRESENTATION_ITEM('')
SURFACE()
);
#4689=(
BOUNDED_SURFACE()
B_SPLINE_SURFACE(2,3,((#7383,#7384,#7385,#7386),(#7387,#7388,#7389,#7390),
(#7391,#7392,#7393,#7394),(#7395,#7396,#7397,#7398),(#7399,#7400,#7401,
#7402)),.UNSPECIFIED.,.F.,.F.,.F.)
B_SPLINE_SURFACE_WITH_KNOTS((3,2,3),(4,4),(15.,22.5,30.),(0.,3.67423461417479),
 .UNSPECIFIED.)
GEOMETRIC_REPRESENTATION_ITEM()
RATIONAL_B_SPLINE_SURFACE(((1.,1.,1.,1.),(0.707106781186548,0.707106781186548,
0.707106781186548,0.707106781186548),(1.,1.,1.,1.),(0.707106781186548,0.707106781186548,
0.707106781186548,0.707106781186548),(1.,1.,1.,1.)))
REPRESENTATION_ITEM('')
SURFACE()
);
#4690=(
BOUNDED_SURFACE()
B_SPLINE_SURFACE(3,2,((#7404,#7405,#7406,#7407,#7408),(#7409,#7410,#7411,
#7412,#7413),(#7414,#7415,#7416,#7417,#7418),(#7419,#7420,#7421,#7422,#7423)),
 .UNSPECIFIED.,.F.,.F.,.F.)
B_SPLINE_SURFACE_WITH_KNOTS((4,4),(3,2,3),(0.,3.67423461417495),(-15.,-7.5,
0.),.UNSPECIFIED.)
GEOMETRIC_REPRESENTATION_ITEM()
RATIONAL_B_SPLINE_SURFACE(((1.,0.707106781186548,1.,0.707106781186548,1.),
(1.,0.707106781186548,1.,0.707106781186548,1.),(1.,0.707106781186548,1.,
0.707106781186548,1.),(1.,0.707106781186548,1.,0.707106781186548,1.)))
REPRESENTATION_ITEM('')
SURFACE()
);
#4691=(
BOUNDED_SURFACE()
B_SPLINE_SURFACE(3,2,((#7424,#7425,#7426,#7427,#7428),(#7429,#7430,#7431,
#7432,#7433),(#7434,#7435,#7436,#7437,#7438),(#7439,#7440,#7441,#7442,#7443)),
 .UNSPECIFIED.,.F.,.F.,.F.)
B_SPLINE_SURFACE_WITH_KNOTS((4,4),(3,2,3),(0.,3.67423461417473),(-16.0000000000013,
-8.00000000000065,0.),.UNSPECIFIED.)
GEOMETRIC_REPRESENTATION_ITEM()
RATIONAL_B_SPLINE_SURFACE(((1.,0.707106781186548,1.,0.707106781186548,1.),
(1.,0.707106781186548,1.,0.707106781186548,1.),(1.,0.707106781186548,1.,
0.707106781186548,1.),(1.,0.707106781186548,1.,0.707106781186548,1.)))
REPRESENTATION_ITEM('')
SURFACE()
);
#4692=(
BOUNDED_SURFACE()
B_SPLINE_SURFACE(3,2,((#7444,#7445,#7446,#7447,#7448),(#7449,#7450,#7451,
#7452,#7453),(#7454,#7455,#7456,#7457,#7458),(#7459,#7460,#7461,#7462,#7463)),
 .UNSPECIFIED.,.F.,.F.,.F.)
B_SPLINE_SURFACE_WITH_KNOTS((4,4),(3,2,3),(0.,3.67423461418448),(16.0000000000002,
24.0000000000004,32.0000000000005),.UNSPECIFIED.)
GEOMETRIC_REPRESENTATION_ITEM()
RATIONAL_B_SPLINE_SURFACE(((1.,0.707106781186548,1.,0.707106781186548,1.),
(1.,0.707106781186548,1.,0.707106781186548,1.),(1.,0.707106781186548,1.,
0.707106781186548,1.),(1.,0.707106781186548,1.,0.707106781186548,1.)))
REPRESENTATION_ITEM('')
SURFACE()
);
#4693=(
BOUNDED_SURFACE()
B_SPLINE_SURFACE(2,3,((#7494,#7495,#7496,#7497),(#7498,#7499,#7500,#7501),
(#7502,#7503,#7504,#7505),(#7506,#7507,#7508,#7509),(#7510,#7511,#7512,
#7513)),.UNSPECIFIED.,.F.,.F.,.F.)
B_SPLINE_SURFACE_WITH_KNOTS((3,2,3),(4,4),(-16.0000000000013,-8.00000000000065,
0.),(0.,3.67423461417473),.UNSPECIFIED.)
GEOMETRIC_REPRESENTATION_ITEM()
RATIONAL_B_SPLINE_SURFACE(((1.,1.,1.,1.),(0.707106781186548,0.707106781186548,
0.707106781186548,0.707106781186548),(1.,1.,1.,1.),(0.707106781186548,0.707106781186548,
0.707106781186548,0.707106781186548),(1.,1.,1.,1.)))
REPRESENTATION_ITEM('')
SURFACE()
);
#4694=(
BOUNDED_SURFACE()
B_SPLINE_SURFACE(2,3,((#7514,#7515,#7516,#7517),(#7518,#7519,#7520,#7521),
(#7522,#7523,#7524,#7525),(#7526,#7527,#7528,#7529),(#7530,#7531,#7532,
#7533)),.UNSPECIFIED.,.F.,.F.,.F.)
B_SPLINE_SURFACE_WITH_KNOTS((3,2,3),(4,4),(16.0000000000002,24.0000000000004,
32.0000000000005),(0.,3.67423461418448),.UNSPECIFIED.)
GEOMETRIC_REPRESENTATION_ITEM()
RATIONAL_B_SPLINE_SURFACE(((1.,1.,1.,1.),(0.707106781186548,0.707106781186548,
0.707106781186548,0.707106781186548),(1.,1.,1.,1.),(0.707106781186548,0.707106781186548,
0.707106781186548,0.707106781186548),(1.,1.,1.,1.)))
REPRESENTATION_ITEM('')
SURFACE()
);
#4695=(
BOUNDED_SURFACE()
B_SPLINE_SURFACE(2,3,((#7543,#7544,#7545,#7546),(#7547,#7548,#7549,#7550),
(#7551,#7552,#7553,#7554),(#7555,#7556,#7557,#7558),(#7559,#7560,#7561,
#7562)),.UNSPECIFIED.,.F.,.F.,.F.)
B_SPLINE_SURFACE_WITH_KNOTS((3,2,3),(4,4),(0.,5.99999999999909,11.9999999999982),
(0.,3.67423461417495),.UNSPECIFIED.)
GEOMETRIC_REPRESENTATION_ITEM()
RATIONAL_B_SPLINE_SURFACE(((1.,1.,1.,1.),(0.707106781186548,0.707106781186548,
0.707106781186548,0.707106781186548),(1.,1.,1.,1.),(0.707106781186548,0.707106781186548,
0.707106781186548,0.707106781186548),(1.,1.,1.,1.)))
REPRESENTATION_ITEM('')
SURFACE()
);
#4696=(
BOUNDED_SURFACE()
B_SPLINE_SURFACE(2,3,((#7563,#7564,#7565,#7566),(#7567,#7568,#7569,#7570),
(#7571,#7572,#7573,#7574),(#7575,#7576,#7577,#7578),(#7579,#7580,#7581,
#7582)),.UNSPECIFIED.,.F.,.F.,.F.)
B_SPLINE_SURFACE_WITH_KNOTS((3,2,3),(4,4),(0.,7.5,15.),(0.,3.67423461417479),
 .UNSPECIFIED.)
GEOMETRIC_REPRESENTATION_ITEM()
RATIONAL_B_SPLINE_SURFACE(((1.,1.,1.,1.),(0.707106781186548,0.707106781186548,
0.707106781186548,0.707106781186548),(1.,1.,1.,1.),(0.707106781186548,0.707106781186548,
0.707106781186548,0.707106781186548),(1.,1.,1.,1.)))
REPRESENTATION_ITEM('')
SURFACE()
);
#4697=(
BOUNDED_SURFACE()
B_SPLINE_SURFACE(2,3,((#7583,#7584,#7585,#7586),(#7587,#7588,#7589,#7590),
(#7591,#7592,#7593,#7594),(#7595,#7596,#7597,#7598),(#7599,#7600,#7601,
#7602)),.UNSPECIFIED.,.F.,.F.,.F.)
B_SPLINE_SURFACE_WITH_KNOTS((3,2,3),(4,4),(0.,5.99999999999909,11.9999999999982),
(0.,3.67423461417495),.UNSPECIFIED.)
GEOMETRIC_REPRESENTATION_ITEM()
RATIONAL_B_SPLINE_SURFACE(((1.,1.,1.,1.),(0.707106781186548,0.707106781186548,
0.707106781186548,0.707106781186548),(1.,1.,1.,1.),(0.707106781186548,0.707106781186548,
0.707106781186548,0.707106781186548),(1.,1.,1.,1.)))
REPRESENTATION_ITEM('')
SURFACE()
);
#4698=(
BOUNDED_SURFACE()
B_SPLINE_SURFACE(2,3,((#7603,#7604,#7605,#7606),(#7607,#7608,#7609,#7610),
(#7611,#7612,#7613,#7614),(#7615,#7616,#7617,#7618),(#7619,#7620,#7621,
#7622)),.UNSPECIFIED.,.F.,.F.,.F.)
B_SPLINE_SURFACE_WITH_KNOTS((3,2,3),(4,4),(0.,7.5,15.),(0.,3.67423461417479),
 .UNSPECIFIED.)
GEOMETRIC_REPRESENTATION_ITEM()
RATIONAL_B_SPLINE_SURFACE(((1.,1.,1.,1.),(0.707106781186548,0.707106781186548,
0.707106781186548,0.707106781186548),(1.,1.,1.,1.),(0.707106781186548,0.707106781186548,
0.707106781186548,0.707106781186548),(1.,1.,1.,1.)))
REPRESENTATION_ITEM('')
SURFACE()
);
#4699=(
BOUNDED_SURFACE()
B_SPLINE_SURFACE(2,3,((#7623,#7624,#7625,#7626),(#7627,#7628,#7629,#7630),
(#7631,#7632,#7633,#7634),(#7635,#7636,#7637,#7638),(#7639,#7640,#7641,
#7642)),.UNSPECIFIED.,.F.,.F.,.F.)
B_SPLINE_SURFACE_WITH_KNOTS((3,2,3),(4,4),(0.,5.99999999999909,11.9999999999982),
(0.,3.67423461417495),.UNSPECIFIED.)
GEOMETRIC_REPRESENTATION_ITEM()
RATIONAL_B_SPLINE_SURFACE(((1.,1.,1.,1.),(0.707106781186548,0.707106781186548,
0.707106781186548,0.707106781186548),(1.,1.,1.,1.),(0.707106781186548,0.707106781186548,
0.707106781186548,0.707106781186548),(1.,1.,1.,1.)))
REPRESENTATION_ITEM('')
SURFACE()
);
#4700=(
BOUNDED_SURFACE()
B_SPLINE_SURFACE(2,3,((#7643,#7644,#7645,#7646),(#7647,#7648,#7649,#7650),
(#7651,#7652,#7653,#7654),(#7655,#7656,#7657,#7658),(#7659,#7660,#7661,
#7662)),.UNSPECIFIED.,.F.,.F.,.F.)
B_SPLINE_SURFACE_WITH_KNOTS((3,2,3),(4,4),(0.,7.5,15.),(0.,3.67423461417479),
 .UNSPECIFIED.)
GEOMETRIC_REPRESENTATION_ITEM()
RATIONAL_B_SPLINE_SURFACE(((1.,1.,1.,1.),(0.707106781186548,0.707106781186548,
0.707106781186548,0.707106781186548),(1.,1.,1.,1.),(0.707106781186548,0.707106781186548,
0.707106781186548,0.707106781186548),(1.,1.,1.,1.)))
REPRESENTATION_ITEM('')
SURFACE()
);
#4701=(
BOUNDED_SURFACE()
B_SPLINE_SURFACE(2,3,((#7663,#7664,#7665,#7666),(#7667,#7668,#7669,#7670),
(#7671,#7672,#7673,#7674),(#7675,#7676,#7677,#7678),(#7679,#7680,#7681,
#7682)),.UNSPECIFIED.,.F.,.F.,.F.)
B_SPLINE_SURFACE_WITH_KNOTS((3,2,3),(4,4),(0.,5.99999999999909,11.9999999999982),
(0.,3.67423461417495),.UNSPECIFIED.)
GEOMETRIC_REPRESENTATION_ITEM()
RATIONAL_B_SPLINE_SURFACE(((1.,1.,1.,1.),(0.707106781186548,0.707106781186548,
0.707106781186548,0.707106781186548),(1.,1.,1.,1.),(0.707106781186548,0.707106781186548,
0.707106781186548,0.707106781186548),(1.,1.,1.,1.)))
REPRESENTATION_ITEM('')
SURFACE()
);
#4702=(
BOUNDED_SURFACE()
B_SPLINE_SURFACE(2,3,((#7683,#7684,#7685,#7686),(#7687,#7688,#7689,#7690),
(#7691,#7692,#7693,#7694),(#7695,#7696,#7697,#7698),(#7699,#7700,#7701,
#7702)),.UNSPECIFIED.,.F.,.F.,.F.)
B_SPLINE_SURFACE_WITH_KNOTS((3,2,3),(4,4),(0.,7.5,15.),(0.,3.67423461417479),
 .UNSPECIFIED.)
GEOMETRIC_REPRESENTATION_ITEM()
RATIONAL_B_SPLINE_SURFACE(((1.,1.,1.,1.),(0.707106781186548,0.707106781186548,
0.707106781186548,0.707106781186548),(1.,1.,1.,1.),(0.707106781186548,0.707106781186548,
0.707106781186548,0.707106781186548),(1.,1.,1.,1.)))
REPRESENTATION_ITEM('')
SURFACE()
);
#4703=(
BOUNDED_SURFACE()
B_SPLINE_SURFACE(3,2,((#7703,#7704,#7705,#7706,#7707),(#7708,#7709,#7710,
#7711,#7712),(#7713,#7714,#7715,#7716,#7717),(#7718,#7719,#7720,#7721,#7722)),
 .UNSPECIFIED.,.F.,.F.,.F.)
B_SPLINE_SURFACE_WITH_KNOTS((4,4),(3,2,3),(0.,3.67423461417495),(-30.,-22.5,
-15.),.UNSPECIFIED.)
GEOMETRIC_REPRESENTATION_ITEM()
RATIONAL_B_SPLINE_SURFACE(((1.,0.707106781186548,1.,0.707106781186548,1.),
(1.,0.707106781186548,1.,0.707106781186548,1.),(1.,0.707106781186548,1.,
0.707106781186548,1.),(1.,0.707106781186548,1.,0.707106781186548,1.)))
REPRESENTATION_ITEM('')
SURFACE()
);
#4704=(
BOUNDED_SURFACE()
B_SPLINE_SURFACE(3,2,((#7723,#7724,#7725,#7726,#7727),(#7728,#7729,#7730,
#7731,#7732),(#7733,#7734,#7735,#7736,#7737),(#7738,#7739,#7740,#7741,#7742)),
 .UNSPECIFIED.,.F.,.F.,.F.)
B_SPLINE_SURFACE_WITH_KNOTS((4,4),(3,2,3),(0.,3.67423461417473),(-32.0000000000026,
-24.0000000000019,-16.0000000000013),.UNSPECIFIED.)
GEOMETRIC_REPRESENTATION_ITEM()
RATIONAL_B_SPLINE_SURFACE(((1.,0.707106781186548,1.,0.707106781186548,1.),
(1.,0.707106781186548,1.,0.707106781186548,1.),(1.,0.707106781186548,1.,
0.707106781186548,1.),(1.,0.707106781186548,1.,0.707106781186548,1.)))
REPRESENTATION_ITEM('')
SURFACE()
);
#4705=(
BOUNDED_SURFACE()
B_SPLINE_SURFACE(3,2,((#7743,#7744,#7745,#7746,#7747),(#7748,#7749,#7750,
#7751,#7752),(#7753,#7754,#7755,#7756,#7757),(#7758,#7759,#7760,#7761,#7762)),
 .UNSPECIFIED.,.F.,.F.,.F.)
B_SPLINE_SURFACE_WITH_KNOTS((4,4),(3,2,3),(0.,3.67423461418448),(0.,8.00000000000012,
16.0000000000002),.UNSPECIFIED.)
GEOMETRIC_REPRESENTATION_ITEM()
RATIONAL_B_SPLINE_SURFACE(((1.,0.707106781186548,1.,0.707106781186548,1.),
(1.,0.707106781186548,1.,0.707106781186548,1.),(1.,0.707106781186548,1.,
0.707106781186548,1.),(1.,0.707106781186548,1.,0.707106781186548,1.)))
REPRESENTATION_ITEM('')
SURFACE()
);
#4706=(
BOUNDED_SURFACE()
B_SPLINE_SURFACE(2,3,((#7777,#7778,#7779,#7780),(#7781,#7782,#7783,#7784),
(#7785,#7786,#7787,#7788),(#7789,#7790,#7791,#7792),(#7793,#7794,#7795,
#7796)),.UNSPECIFIED.,.F.,.F.,.F.)
B_SPLINE_SURFACE_WITH_KNOTS((3,2,3),(4,4),(-32.0000000000026,-24.0000000000019,
-16.0000000000013),(0.,3.67423461417473),.UNSPECIFIED.)
GEOMETRIC_REPRESENTATION_ITEM()
RATIONAL_B_SPLINE_SURFACE(((1.,1.,1.,1.),(0.707106781186548,0.707106781186548,
0.707106781186548,0.707106781186548),(1.,1.,1.,1.),(0.707106781186548,0.707106781186548,
0.707106781186548,0.707106781186548),(1.,1.,1.,1.)))
REPRESENTATION_ITEM('')
SURFACE()
);
#4707=(
BOUNDED_SURFACE()
B_SPLINE_SURFACE(2,3,((#7797,#7798,#7799,#7800),(#7801,#7802,#7803,#7804),
(#7805,#7806,#7807,#7808),(#7809,#7810,#7811,#7812),(#7813,#7814,#7815,
#7816)),.UNSPECIFIED.,.F.,.F.,.F.)
B_SPLINE_SURFACE_WITH_KNOTS((3,2,3),(4,4),(0.,8.00000000000012,16.0000000000002),
(0.,3.67423461418448),.UNSPECIFIED.)
GEOMETRIC_REPRESENTATION_ITEM()
RATIONAL_B_SPLINE_SURFACE(((1.,1.,1.,1.),(0.707106781186548,0.707106781186548,
0.707106781186548,0.707106781186548),(1.,1.,1.,1.),(0.707106781186548,0.707106781186548,
0.707106781186548,0.707106781186548),(1.,1.,1.,1.)))
REPRESENTATION_ITEM('')
SURFACE()
);
#4708=(
BOUNDED_SURFACE()
B_SPLINE_SURFACE(1,2,((#8710,#8711,#8712,#8713,#8714),(#8715,#8716,#8717,
#8718,#8719)),.UNSPECIFIED.,.F.,.F.,.F.)
B_SPLINE_SURFACE_WITH_KNOTS((2,2),(3,2,3),(0.,3.67423461417495),(-11.9999999999982,
-5.99999999999908,0.),.UNSPECIFIED.)
GEOMETRIC_REPRESENTATION_ITEM()
RATIONAL_B_SPLINE_SURFACE(((1.,0.707106781186548,1.,0.707106781186548,1.),
(1.,0.707106781186548,1.,0.707106781186548,1.)))
REPRESENTATION_ITEM('')
SURFACE()
);
#4709=(
BOUNDED_SURFACE()
B_SPLINE_SURFACE(1,2,((#8721,#8722,#8723,#8724,#8725),(#8726,#8727,#8728,
#8729,#8730)),.UNSPECIFIED.,.F.,.F.,.F.)
B_SPLINE_SURFACE_WITH_KNOTS((2,2),(3,2,3),(0.,3.67423461417495),(-23.9999999999963,
-17.9999999999972,-11.9999999999982),.UNSPECIFIED.)
GEOMETRIC_REPRESENTATION_ITEM()
RATIONAL_B_SPLINE_SURFACE(((1.,0.707106781186548,1.,0.707106781186548,1.),
(1.,0.707106781186548,1.,0.707106781186548,1.)))
REPRESENTATION_ITEM('')
SURFACE()
);
#4710=(
BOUNDED_SURFACE()
B_SPLINE_SURFACE(1,2,((#8731,#8732,#8733,#8734,#8735),(#8736,#8737,#8738,
#8739,#8740)),.UNSPECIFIED.,.F.,.F.,.F.)
B_SPLINE_SURFACE_WITH_KNOTS((2,2),(3,2,3),(0.,3.67423461417495),(-11.9999999999982,
-5.99999999999909,0.),.UNSPECIFIED.)
GEOMETRIC_REPRESENTATION_ITEM()
RATIONAL_B_SPLINE_SURFACE(((1.,0.707106781186548,1.,0.707106781186548,1.),
(1.,0.707106781186548,1.,0.707106781186548,1.)))
REPRESENTATION_ITEM('')
SURFACE()
);
#4711=(
BOUNDED_SURFACE()
B_SPLINE_SURFACE(1,2,((#8742,#8743,#8744,#8745,#8746),(#8747,#8748,#8749,
#8750,#8751)),.UNSPECIFIED.,.F.,.F.,.F.)
B_SPLINE_SURFACE_WITH_KNOTS((2,2),(3,2,3),(0.,3.67423461417495),(-23.9999999999964,
-17.9999999999973,-11.9999999999982),.UNSPECIFIED.)
GEOMETRIC_REPRESENTATION_ITEM()
RATIONAL_B_SPLINE_SURFACE(((1.,0.707106781186548,1.,0.707106781186548,1.),
(1.,0.707106781186548,1.,0.707106781186548,1.)))
REPRESENTATION_ITEM('')
SURFACE()
);
#4712=(
BOUNDED_SURFACE()
B_SPLINE_SURFACE(1,2,((#8755,#8756,#8757,#8758,#8759),(#8760,#8761,#8762,
#8763,#8764)),.UNSPECIFIED.,.F.,.F.,.F.)
B_SPLINE_SURFACE_WITH_KNOTS((2,2),(3,2,3),(0.,3.67423461417495),(-11.9999999999982,
-5.99999999999909,0.),.UNSPECIFIED.)
GEOMETRIC_REPRESENTATION_ITEM()
RATIONAL_B_SPLINE_SURFACE(((1.,0.707106781186548,1.,0.707106781186548,1.),
(1.,0.707106781186548,1.,0.707106781186548,1.)))
REPRESENTATION_ITEM('')
SURFACE()
);
#4713=(
BOUNDED_SURFACE()
B_SPLINE_SURFACE(1,2,((#8766,#8767,#8768,#8769,#8770),(#8771,#8772,#8773,
#8774,#8775)),.UNSPECIFIED.,.F.,.F.,.F.)
B_SPLINE_SURFACE_WITH_KNOTS((2,2),(3,2,3),(0.,3.67423461417495),(-23.9999999999964,
-17.9999999999973,-11.9999999999982),.UNSPECIFIED.)
GEOMETRIC_REPRESENTATION_ITEM()
RATIONAL_B_SPLINE_SURFACE(((1.,0.707106781186548,1.,0.707106781186548,1.),
(1.,0.707106781186548,1.,0.707106781186548,1.)))
REPRESENTATION_ITEM('')
SURFACE()
);
#4714=(
BOUNDED_SURFACE()
B_SPLINE_SURFACE(1,2,((#8776,#8777,#8778,#8779,#8780),(#8781,#8782,#8783,
#8784,#8785)),.UNSPECIFIED.,.F.,.F.,.F.)
B_SPLINE_SURFACE_WITH_KNOTS((2,2),(3,2,3),(0.,3.67423461417486),(-11.9999999999982,
-5.99999999999909,0.),.UNSPECIFIED.)
GEOMETRIC_REPRESENTATION_ITEM()
RATIONAL_B_SPLINE_SURFACE(((1.,0.707106781186548,1.,0.707106781186548,1.),
(1.,0.707106781186548,1.,0.707106781186548,1.)))
REPRESENTATION_ITEM('')
SURFACE()
);
#4715=(
BOUNDED_SURFACE()
B_SPLINE_SURFACE(1,2,((#8787,#8788,#8789,#8790,#8791),(#8792,#8793,#8794,
#8795,#8796)),.UNSPECIFIED.,.F.,.F.,.F.)
B_SPLINE_SURFACE_WITH_KNOTS((2,2),(3,2,3),(0.,3.67423461417486),(-23.9999999999964,
-17.9999999999973,-11.9999999999982),.UNSPECIFIED.)
GEOMETRIC_REPRESENTATION_ITEM()
RATIONAL_B_SPLINE_SURFACE(((1.,0.707106781186548,1.,0.707106781186548,1.),
(1.,0.707106781186548,1.,0.707106781186548,1.)))
REPRESENTATION_ITEM('')
SURFACE()
);
#4716=(
BOUNDED_SURFACE()
B_SPLINE_SURFACE(2,1,((#9105,#9106),(#9107,#9108),(#9109,#9110),(#9111,
#9112),(#9113,#9114)),.UNSPECIFIED.,.F.,.F.,.F.)
B_SPLINE_SURFACE_WITH_KNOTS((3,2,3),(2,2),(4.8675651197281E-14,0.785378320864773,
1.5707566417295),(0.,1.),.UNSPECIFIED.)
GEOMETRIC_REPRESENTATION_ITEM()
RATIONAL_B_SPLINE_SURFACE(((1.,1.),(0.707106781186477,0.707106781186477),
(1.,1.),(0.707106781186477,0.707106781186477),(1.,1.)))
REPRESENTATION_ITEM('')
SURFACE()
);
#4717=(
BOUNDED_SURFACE()
B_SPLINE_SURFACE(2,1,((#9115,#9116),(#9117,#9118),(#9119,#9120),(#9121,
#9122),(#9123,#9124)),.UNSPECIFIED.,.F.,.F.,.F.)
B_SPLINE_SURFACE_WITH_KNOTS((3,2,3),(2,2),(4.86756511971813E-14,0.785378320864741,
1.57075664172943),(0.,1.),.UNSPECIFIED.)
GEOMETRIC_REPRESENTATION_ITEM()
RATIONAL_B_SPLINE_SURFACE(((1.,1.),(0.707106781186527,0.707106781186527),
(1.,1.),(0.707106781186527,0.707106781186527),(1.,1.)))
REPRESENTATION_ITEM('')
SURFACE()
);
#4718=(
BOUNDED_SURFACE()
B_SPLINE_SURFACE(1,2,((#9799,#9800,#9801,#9802,#9803),(#9804,#9805,#9806,
#9807,#9808)),.UNSPECIFIED.,.F.,.F.,.F.)
B_SPLINE_SURFACE_WITH_KNOTS((2,2),(3,2,3),(0.,3.67423461417495),(-11.9999999999982,
-5.99999999999908,0.),.UNSPECIFIED.)
GEOMETRIC_REPRESENTATION_ITEM()
RATIONAL_B_SPLINE_SURFACE(((1.,0.707106781186548,1.,0.707106781186548,1.),
(1.,0.707106781186548,1.,0.707106781186548,1.)))
REPRESENTATION_ITEM('')
SURFACE()
);
#4719=(
BOUNDED_SURFACE()
B_SPLINE_SURFACE(1,2,((#9810,#9811,#9812,#9813,#9814),(#9815,#9816,#9817,
#9818,#9819)),.UNSPECIFIED.,.F.,.F.,.F.)
B_SPLINE_SURFACE_WITH_KNOTS((2,2),(3,2,3),(0.,3.67423461417495),(-23.9999999999963,
-17.9999999999972,-11.9999999999982),.UNSPECIFIED.)
GEOMETRIC_REPRESENTATION_ITEM()
RATIONAL_B_SPLINE_SURFACE(((1.,0.707106781186548,1.,0.707106781186548,1.),
(1.,0.707106781186548,1.,0.707106781186548,1.)))
REPRESENTATION_ITEM('')
SURFACE()
);
#4720=(
BOUNDED_SURFACE()
B_SPLINE_SURFACE(1,2,((#9820,#9821,#9822,#9823,#9824),(#9825,#9826,#9827,
#9828,#9829)),.UNSPECIFIED.,.F.,.F.,.F.)
B_SPLINE_SURFACE_WITH_KNOTS((2,2),(3,2,3),(0.,3.67423461417495),(-11.9999999999982,
-5.99999999999909,0.),.UNSPECIFIED.)
GEOMETRIC_REPRESENTATION_ITEM()
RATIONAL_B_SPLINE_SURFACE(((1.,0.707106781186548,1.,0.707106781186548,1.),
(1.,0.707106781186548,1.,0.707106781186548,1.)))
REPRESENTATION_ITEM('')
SURFACE()
);
#4721=(
BOUNDED_SURFACE()
B_SPLINE_SURFACE(1,2,((#9831,#9832,#9833,#9834,#9835),(#9836,#9837,#9838,
#9839,#9840)),.UNSPECIFIED.,.F.,.F.,.F.)
B_SPLINE_SURFACE_WITH_KNOTS((2,2),(3,2,3),(0.,3.67423461417495),(-23.9999999999964,
-17.9999999999973,-11.9999999999982),.UNSPECIFIED.)
GEOMETRIC_REPRESENTATION_ITEM()
RATIONAL_B_SPLINE_SURFACE(((1.,0.707106781186548,1.,0.707106781186548,1.),
(1.,0.707106781186548,1.,0.707106781186548,1.)))
REPRESENTATION_ITEM('')
SURFACE()
);
#4722=(
BOUNDED_SURFACE()
B_SPLINE_SURFACE(1,2,((#9844,#9845,#9846,#9847,#9848),(#9849,#9850,#9851,
#9852,#9853)),.UNSPECIFIED.,.F.,.F.,.F.)
B_SPLINE_SURFACE_WITH_KNOTS((2,2),(3,2,3),(0.,3.67423461417495),(-11.9999999999982,
-5.99999999999909,0.),.UNSPECIFIED.)
GEOMETRIC_REPRESENTATION_ITEM()
RATIONAL_B_SPLINE_SURFACE(((1.,0.707106781186548,1.,0.707106781186548,1.),
(1.,0.707106781186548,1.,0.707106781186548,1.)))
REPRESENTATION_ITEM('')
SURFACE()
);
#4723=(
BOUNDED_SURFACE()
B_SPLINE_SURFACE(1,2,((#9855,#9856,#9857,#9858,#9859),(#9860,#9861,#9862,
#9863,#9864)),.UNSPECIFIED.,.F.,.F.,.F.)
B_SPLINE_SURFACE_WITH_KNOTS((2,2),(3,2,3),(0.,3.67423461417495),(-23.9999999999964,
-17.9999999999973,-11.9999999999982),.UNSPECIFIED.)
GEOMETRIC_REPRESENTATION_ITEM()
RATIONAL_B_SPLINE_SURFACE(((1.,0.707106781186548,1.,0.707106781186548,1.),
(1.,0.707106781186548,1.,0.707106781186548,1.)))
REPRESENTATION_ITEM('')
SURFACE()
);
#4724=(
BOUNDED_SURFACE()
B_SPLINE_SURFACE(1,2,((#9865,#9866,#9867,#9868,#9869),(#9870,#9871,#9872,
#9873,#9874)),.UNSPECIFIED.,.F.,.F.,.F.)
B_SPLINE_SURFACE_WITH_KNOTS((2,2),(3,2,3),(0.,3.67423461417486),(-11.9999999999982,
-5.99999999999909,0.),.UNSPECIFIED.)
GEOMETRIC_REPRESENTATION_ITEM()
RATIONAL_B_SPLINE_SURFACE(((1.,0.707106781186548,1.,0.707106781186548,1.),
(1.,0.707106781186548,1.,0.707106781186548,1.)))
REPRESENTATION_ITEM('')
SURFACE()
);
#4725=(
BOUNDED_SURFACE()
B_SPLINE_SURFACE(1,2,((#9876,#9877,#9878,#9879,#9880),(#9881,#9882,#9883,
#9884,#9885)),.UNSPECIFIED.,.F.,.F.,.F.)
B_SPLINE_SURFACE_WITH_KNOTS((2,2),(3,2,3),(0.,3.67423461417486),(-23.9999999999964,
-17.9999999999973,-11.9999999999982),.UNSPECIFIED.)
GEOMETRIC_REPRESENTATION_ITEM()
RATIONAL_B_SPLINE_SURFACE(((1.,0.707106781186548,1.,0.707106781186548,1.),
(1.,0.707106781186548,1.,0.707106781186548,1.)))
REPRESENTATION_ITEM('')
SURFACE()
);
#4726=(
BOUNDED_SURFACE()
B_SPLINE_SURFACE(2,1,((#10194,#10195),(#10196,#10197),(#10198,#10199),(#10200,
#10201),(#10202,#10203)),.UNSPECIFIED.,.F.,.F.,.F.)
B_SPLINE_SURFACE_WITH_KNOTS((3,2,3),(2,2),(4.8675651197281E-14,0.785378320864773,
1.5707566417295),(0.,1.),.UNSPECIFIED.)
GEOMETRIC_REPRESENTATION_ITEM()
RATIONAL_B_SPLINE_SURFACE(((1.,1.),(0.707106781186477,0.707106781186477),
(1.,1.),(0.707106781186477,0.707106781186477),(1.,1.)))
REPRESENTATION_ITEM('')
SURFACE()
);
#4727=(
BOUNDED_SURFACE()
B_SPLINE_SURFACE(2,1,((#10204,#10205),(#10206,#10207),(#10208,#10209),(#10210,
#10211),(#10212,#10213)),.UNSPECIFIED.,.F.,.F.,.F.)
B_SPLINE_SURFACE_WITH_KNOTS((3,2,3),(2,2),(4.86756511971813E-14,0.785378320864741,
1.57075664172943),(0.,1.),.UNSPECIFIED.)
GEOMETRIC_REPRESENTATION_ITEM()
RATIONAL_B_SPLINE_SURFACE(((1.,1.),(0.707106781186527,0.707106781186527),
(1.,1.),(0.707106781186527,0.707106781186527),(1.,1.)))
REPRESENTATION_ITEM('')
SURFACE()
);
#4728=SHAPE_DEFINITION_REPRESENTATION(#4729,#4814);
#4729=PRODUCT_DEFINITION_SHAPE($,$,#4731);
#4730=PRODUCT_DEFINITION_CONTEXT('3D Mechanical Parts',#4803,'design');
#4731=PRODUCT_DEFINITION('A','First version',#4773,#4730);
#4732=DATE_TIME_ROLE('classification_date');
#4733=DATE_TIME_ROLE('creation_date');
#4734=APPLIED_DATE_AND_TIME_ASSIGNMENT(#4758,#4732,(#4737));
#4735=APPLIED_DATE_AND_TIME_ASSIGNMENT(#4760,#4733,(#4731));
#4736=SECURITY_CLASSIFICATION_LEVEL('unclassified');
#4737=SECURITY_CLASSIFICATION('A','Security for version',#4736);
#4738=APPLIED_SECURITY_CLASSIFICATION_ASSIGNMENT(#4737,(#4773));
#4739=APPROVAL_ROLE('Version approval');
#4740=APPROVAL_ROLE('Version Security approval');
#4741=APPROVAL_ROLE('Definition approval');
#4742=APPROVAL_PERSON_ORGANIZATION(#4791,#4767,#4739);
#4743=APPROVAL_PERSON_ORGANIZATION(#4792,#4768,#4740);
#4744=APPROVAL_PERSON_ORGANIZATION(#4795,#4769,#4741);
#4745=COORDINATED_UNIVERSAL_TIME_OFFSET(5,0,.BEHIND.);
#4746=LOCAL_TIME(0,0,0.,#4745);
#4747=LOCAL_TIME(0,0,0.,#4745);
#4748=LOCAL_TIME(0,0,0.,#4745);
#4749=LOCAL_TIME(0,0,0.,#4745);
#4750=LOCAL_TIME(0,0,0.,#4745);
#4751=CALENDAR_DATE(1999,1,1);
#4752=CALENDAR_DATE(1999,1,1);
#4753=CALENDAR_DATE(1999,1,1);
#4754=CALENDAR_DATE(1999,1,1);
#4755=CALENDAR_DATE(1999,1,1);
#4756=DATE_AND_TIME(#4751,#4746);
#4757=DATE_AND_TIME(#4752,#4747);
#4758=DATE_AND_TIME(#4753,#4748);
#4759=DATE_AND_TIME(#4754,#4749);
#4760=DATE_AND_TIME(#4755,#4750);
#4761=APPROVAL_DATE_TIME(#4756,#4767);
#4762=APPROVAL_DATE_TIME(#4757,#4768);
#4763=APPROVAL_DATE_TIME(#4759,#4769);
#4764=APPROVAL_STATUS('not_yet_approved');
#4765=APPROVAL_STATUS('not_yet_approved');
#4766=APPROVAL_STATUS('approved');
#4767=APPROVAL(#4764,'Version approval');
#4768=APPROVAL(#4765,'Version Security approval');
#4769=APPROVAL(#4766,'Definition approval');
#4770=APPLIED_APPROVAL_ASSIGNMENT(#4767,(#4773));
#4771=APPLIED_APPROVAL_ASSIGNMENT(#4768,(#4737));
#4772=APPLIED_APPROVAL_ASSIGNMENT(#4769,(#4731));
#4773=PRODUCT_DEFINITION_FORMATION_WITH_SPECIFIED_SOURCE('A',
'First version',#4805,.MADE.);
#4774=PERSON_AND_ORGANIZATION_ROLE('design_owner');
#4775=PERSON_AND_ORGANIZATION_ROLE('creator');
#4776=PERSON_AND_ORGANIZATION_ROLE('design_supplier');
#4777=PERSON_AND_ORGANIZATION_ROLE('classification_officer');
#4778=PERSON_AND_ORGANIZATION_ROLE('creator');
#4779=ORGANIZATION('STI','lab','lab');
#4780=ORGANIZATION('STI','unknown','unknown');
#4781=ORGANIZATION('STI','unknown','unknown');
#4782=ORGANIZATION('STI','unknown','unknown');
#4783=ORGANIZATION('STI','unknown','unknown');
#4784=ORGANIZATION('STI','unknown','unknown');
#4785=ORGANIZATION('STI','unknown','unknown');
#4786=PERSON('1','Box','vc60',$,$,$);
#4787=PERSON('2','last','first',$,$,$);
#4788=PERSON('3','President','Mr.',$,$,$);
#4789=PERSON_AND_ORGANIZATION(#4786,#4779);
#4790=PERSON_AND_ORGANIZATION(#4787,#4780);
#4791=PERSON_AND_ORGANIZATION(#4788,#4781);
#4792=PERSON_AND_ORGANIZATION(#4788,#4782);
#4793=PERSON_AND_ORGANIZATION(#4788,#4783);
#4794=PERSON_AND_ORGANIZATION(#4787,#4784);
#4795=PERSON_AND_ORGANIZATION(#4788,#4785);
#4796=APPLIED_PERSON_AND_ORGANIZATION_ASSIGNMENT(#4789,#4774,(#4805));
#4797=APPLIED_PERSON_AND_ORGANIZATION_ASSIGNMENT(#4790,#4775,(#4773));
#4798=APPLIED_PERSON_AND_ORGANIZATION_ASSIGNMENT(#4790,#4776,(#4773));
#4799=APPLIED_PERSON_AND_ORGANIZATION_ASSIGNMENT(#4793,#4777,(#4737));
#4800=APPLIED_PERSON_AND_ORGANIZATION_ASSIGNMENT(#4794,#4778,(#4731));
#4801=PRODUCT_RELATED_PRODUCT_CATEGORY('detail','detail',(#4805));
#4802=APPLICATION_PROTOCOL_DEFINITION('International Standard',
'config_control_design',1994,#4803);
#4803=APPLICATION_CONTEXT(
'configuration controlled 3d designs of mechanical parts and assemblie
s');
#4804=PRODUCT_CONTEXT('3D Mechanical Parts',#4803,'mechanical');
#4805=PRODUCT('Document','Document','',(#4804));
#4806=(
LENGTH_UNIT()
NAMED_UNIT(*)
SI_UNIT(.MILLI.,.METRE.)
);
#4807=(
NAMED_UNIT(*)
PLANE_ANGLE_UNIT()
SI_UNIT($,.RADIAN.)
);
#4808=DIMENSIONAL_EXPONENTS(0.,0.,0.,0.,0.,0.,0.);
#4809=PLANE_ANGLE_MEASURE_WITH_UNIT(PLANE_ANGLE_MEASURE(0.01745329252),
#4807);
#4810=(
CONVERSION_BASED_UNIT('DEGREES',#4809)
NAMED_UNIT(#4808)
PLANE_ANGLE_UNIT()
);
#4811=(
NAMED_UNIT(*)
SI_UNIT($,.STERADIAN.)
SOLID_ANGLE_UNIT()
);
#4812=UNCERTAINTY_MEASURE_WITH_UNIT(LENGTH_MEASURE(0.01),#4806,
'DISTANCE_ACCURACY_VALUE',
'Maximum model space distance between geometric entities at asserted c
onnectivities');
#4813=(
GEOMETRIC_REPRESENTATION_CONTEXT(3)
GLOBAL_UNCERTAINTY_ASSIGNED_CONTEXT((#4812))
GLOBAL_UNIT_ASSIGNED_CONTEXT((#4811,#4810,#4806))
REPRESENTATION_CONTEXT('ID1','3D')
);
#4814=SHAPE_REPRESENTATION('Document',(#4815,#5208),#4813);
#4815=AXIS2_PLACEMENT_3D($,#5797,#5209,#5210);
#4816=AXIS2_PLACEMENT_3D('',#5838,#5211,$);
#4817=AXIS2_PLACEMENT_3D('',#5879,#5212,$);
#4818=AXIS2_PLACEMENT_3D('',#5920,#5213,$);
#4819=AXIS2_PLACEMENT_3D('',#5961,#5214,$);
#4820=AXIS2_PLACEMENT_3D('',#6022,#5215,$);
#4821=AXIS2_PLACEMENT_3D('',#6023,#5216,$);
#4822=AXIS2_PLACEMENT_3D('',#6024,#5217,$);
#4823=AXIS2_PLACEMENT_3D('',#6025,#5218,$);
#4824=AXIS2_PLACEMENT_3D('',#6026,#5219,$);
#4825=AXIS2_PLACEMENT_3D('',#6027,#5220,$);
#4826=AXIS2_PLACEMENT_3D('',#6028,#5221,$);
#4827=AXIS2_PLACEMENT_3D('',#6029,#5222,$);
#4828=AXIS2_PLACEMENT_3D('',#6030,#5223,$);
#4829=AXIS2_PLACEMENT_3D('',#6031,#5224,$);
#4830=AXIS2_PLACEMENT_3D('',#6032,#5225,$);
#4831=AXIS2_PLACEMENT_3D('',#6033,#5226,$);
#4832=AXIS2_PLACEMENT_3D('',#6034,#5227,$);
#4833=AXIS2_PLACEMENT_3D('',#6035,#5228,$);
#4834=AXIS2_PLACEMENT_3D('',#6036,#5229,$);
#4835=AXIS2_PLACEMENT_3D('',#6037,#5230,$);
#4836=AXIS2_PLACEMENT_3D('',#6038,#5231,$);
#4837=AXIS2_PLACEMENT_3D('',#6039,#5232,$);
#4838=AXIS2_PLACEMENT_3D('',#6040,#5233,$);
#4839=AXIS2_PLACEMENT_3D('',#6041,#5234,$);
#4840=AXIS2_PLACEMENT_3D('',#6042,#5235,$);
#4841=AXIS2_PLACEMENT_3D('',#6043,#5236,$);
#4842=AXIS2_PLACEMENT_3D('',#6044,#5237,$);
#4843=AXIS2_PLACEMENT_3D('',#6045,#5238,$);
#4844=AXIS2_PLACEMENT_3D('',#6046,#5239,$);
#4845=AXIS2_PLACEMENT_3D('',#6047,#5240,$);
#4846=AXIS2_PLACEMENT_3D('',#6048,#5241,$);
#4847=AXIS2_PLACEMENT_3D('',#6049,#5242,$);
#4848=AXIS2_PLACEMENT_3D('',#6050,#5243,$);
#4849=AXIS2_PLACEMENT_3D('',#6051,#5244,$);
#4850=AXIS2_PLACEMENT_3D('',#6092,#5245,$);
#4851=AXIS2_PLACEMENT_3D('',#6093,#5246,$);
#4852=AXIS2_PLACEMENT_3D('',#6094,#5247,$);
#4853=AXIS2_PLACEMENT_3D('',#6095,#5248,$);
#4854=AXIS2_PLACEMENT_3D('',#6096,#5249,$);
#4855=AXIS2_PLACEMENT_3D('',#6097,#5250,$);
#4856=AXIS2_PLACEMENT_3D('',#6098,#5251,$);
#4857=AXIS2_PLACEMENT_3D('',#6099,#5252,$);
#4858=AXIS2_PLACEMENT_3D('',#6100,#5253,$);
#4859=AXIS2_PLACEMENT_3D('',#6321,#5254,$);
#4860=AXIS2_PLACEMENT_3D('',#6322,#5255,$);
#4861=AXIS2_PLACEMENT_3D('',#6323,#5256,$);
#4862=AXIS2_PLACEMENT_3D('',#6324,#5257,$);
#4863=AXIS2_PLACEMENT_3D('',#6325,#5258,$);
#4864=AXIS2_PLACEMENT_3D('',#6326,#5259,$);
#4865=AXIS2_PLACEMENT_3D('',#6327,#5260,$);
#4866=AXIS2_PLACEMENT_3D('',#6328,#5261,$);
#4867=AXIS2_PLACEMENT_3D('',#6329,#5262,$);
#4868=AXIS2_PLACEMENT_3D('',#6330,#5263,$);
#4869=AXIS2_PLACEMENT_3D('',#6331,#5264,$);
#4870=AXIS2_PLACEMENT_3D('',#6332,#5265,$);
#4871=AXIS2_PLACEMENT_3D('',#6333,#5266,$);
#4872=AXIS2_PLACEMENT_3D('',#6334,#5267,$);
#4873=AXIS2_PLACEMENT_3D('',#6375,#5268,$);
#4874=AXIS2_PLACEMENT_3D('',#6376,#5269,$);
#4875=AXIS2_PLACEMENT_3D('',#6377,#5270,$);
#4876=AXIS2_PLACEMENT_3D('',#6378,#5271,$);
#4877=AXIS2_PLACEMENT_3D($,#6505,#5272,#5273);
#4878=AXIS2_PLACEMENT_3D($,#6508,#5274,#5275);
#4879=AXIS2_PLACEMENT_3D($,#6515,#5276,#5277);
#4880=AXIS2_PLACEMENT_3D($,#6518,#5278,#5279);
#4881=AXIS2_PLACEMENT_3D($,#6525,#5280,#5281);
#4882=AXIS2_PLACEMENT_3D($,#6528,#5282,#5283);
#4883=AXIS2_PLACEMENT_3D($,#6535,#5284,#5285);
#4884=AXIS2_PLACEMENT_3D($,#6538,#5286,#5287);
#4885=AXIS2_PLACEMENT_3D($,#6545,#5288,#5289);
#4886=AXIS2_PLACEMENT_3D($,#6548,#5290,#5291);
#4887=AXIS2_PLACEMENT_3D($,#6555,#5292,#5293);
#4888=AXIS2_PLACEMENT_3D($,#6558,#5294,#5295);
#4889=AXIS2_PLACEMENT_3D($,#6565,#5296,#5297);
#4890=AXIS2_PLACEMENT_3D($,#6568,#5298,#5299);
#4891=AXIS2_PLACEMENT_3D($,#6575,#5300,#5301);
#4892=AXIS2_PLACEMENT_3D($,#6578,#5302,#5303);
#4893=AXIS2_PLACEMENT_3D($,#6581,#5304,#5305);
#4894=AXIS2_PLACEMENT_3D($,#6584,#5306,#5307);
#4895=AXIS2_PLACEMENT_3D($,#6587,#5308,#5309);
#4896=AXIS2_PLACEMENT_3D($,#6590,#5310,#5311);
#4897=AXIS2_PLACEMENT_3D($,#6597,#5312,#5313);
#4898=AXIS2_PLACEMENT_3D($,#6600,#5314,#5315);
#4899=AXIS2_PLACEMENT_3D($,#6607,#5316,#5317);
#4900=AXIS2_PLACEMENT_3D($,#6610,#5318,#5319);
#4901=AXIS2_PLACEMENT_3D($,#6617,#5320,#5321);
#4902=AXIS2_PLACEMENT_3D($,#6620,#5322,#5323);
#4903=AXIS2_PLACEMENT_3D($,#6662,#5324,#5325);
#4904=AXIS2_PLACEMENT_3D($,#6697,#5326,#5327);
#4905=AXIS2_PLACEMENT_3D($,#6702,#5328,#5329);
#4906=AXIS2_PLACEMENT_3D($,#6709,#5330,#5331);
#4907=AXIS2_PLACEMENT_3D($,#6714,#5332,#5333);
#4908=AXIS2_PLACEMENT_3D($,#6745,#5334,#5335);
#4909=AXIS2_PLACEMENT_3D($,#6784,#5336,#5337);
#4910=AXIS2_PLACEMENT_3D($,#6793,#5338,#5339);
#4911=AXIS2_PLACEMENT_3D($,#6796,#5340,#5341);
#4912=AXIS2_PLACEMENT_3D($,#6803,#5342,#5343);
#4913=AXIS2_PLACEMENT_3D($,#6806,#5344,#5345);
#4914=AXIS2_PLACEMENT_3D($,#6913,#5346,#5347);
#4915=AXIS2_PLACEMENT_3D($,#6916,#5348,#5349);
#4916=AXIS2_PLACEMENT_3D($,#6923,#5350,#5351);
#4917=AXIS2_PLACEMENT_3D($,#6926,#5352,#5353);
#4918=AXIS2_PLACEMENT_3D($,#6933,#5354,#5355);
#4919=AXIS2_PLACEMENT_3D($,#6936,#5356,#5357);
#4920=AXIS2_PLACEMENT_3D($,#6943,#5358,#5359);
#4921=AXIS2_PLACEMENT_3D($,#6946,#5360,#5361);
#4922=AXIS2_PLACEMENT_3D($,#6953,#5362,#5363);
#4923=AXIS2_PLACEMENT_3D($,#6956,#5364,#5365);
#4924=AXIS2_PLACEMENT_3D($,#6963,#5366,#5367);
#4925=AXIS2_PLACEMENT_3D($,#6966,#5368,#5369);
#4926=AXIS2_PLACEMENT_3D($,#6973,#5370,#5371);
#4927=AXIS2_PLACEMENT_3D($,#6976,#5372,#5373);
#4928=AXIS2_PLACEMENT_3D($,#6983,#5374,#5375);
#4929=AXIS2_PLACEMENT_3D($,#6986,#5376,#5377);
#4930=AXIS2_PLACEMENT_3D($,#6993,#5378,#5379);
#4931=AXIS2_PLACEMENT_3D($,#6996,#5380,#5381);
#4932=AXIS2_PLACEMENT_3D($,#7003,#5382,#5383);
#4933=AXIS2_PLACEMENT_3D($,#7006,#5384,#5385);
#4934=AXIS2_PLACEMENT_3D($,#7013,#5386,#5387);
#4935=AXIS2_PLACEMENT_3D($,#7016,#5388,#5389);
#4936=AXIS2_PLACEMENT_3D($,#7021,#5390,#5391);
#4937=AXIS2_PLACEMENT_3D($,#7026,#5392,#5393);
#4938=AXIS2_PLACEMENT_3D($,#7029,#5394,#5395);
#4939=AXIS2_PLACEMENT_3D($,#7034,#5396,#5397);
#4940=AXIS2_PLACEMENT_3D($,#7039,#5398,#5399);
#4941=AXIS2_PLACEMENT_3D($,#7070,#5400,#5401);
#4942=AXIS2_PLACEMENT_3D($,#7075,#5402,#5403);
#4943=AXIS2_PLACEMENT_3D($,#7080,#5404,#5405);
#4944=AXIS2_PLACEMENT_3D($,#7085,#5406,#5407);
#4945=AXIS2_PLACEMENT_3D($,#7090,#5408,#5409);
#4946=AXIS2_PLACEMENT_3D($,#7143,#5410,#5411);
#4947=AXIS2_PLACEMENT_3D($,#7150,#5412,#5413);
#4948=AXIS2_PLACEMENT_3D($,#7153,#5414,#5415);
#4949=AXIS2_PLACEMENT_3D($,#7160,#5416,#5417);
#4950=AXIS2_PLACEMENT_3D($,#7163,#5418,#5419);
#4951=AXIS2_PLACEMENT_3D('',#7280,#5420,$);
#4952=AXIS2_PLACEMENT_3D('',#7321,#5421,$);
#4953=AXIS2_PLACEMENT_3D('',#7362,#5422,$);
#4954=AXIS2_PLACEMENT_3D('',#7403,#5423,$);
#4955=AXIS2_PLACEMENT_3D('',#7464,#5424,$);
#4956=AXIS2_PLACEMENT_3D('',#7465,#5425,$);
#4957=AXIS2_PLACEMENT_3D('',#7466,#5426,$);
#4958=AXIS2_PLACEMENT_3D('',#7467,#5427,$);
#4959=AXIS2_PLACEMENT_3D('',#7468,#5428,$);
#4960=AXIS2_PLACEMENT_3D('',#7469,#5429,$);
#4961=AXIS2_PLACEMENT_3D('',#7470,#5430,$);
#4962=AXIS2_PLACEMENT_3D('',#7471,#5431,$);
#4963=AXIS2_PLACEMENT_3D('',#7472,#5432,$);
#4964=AXIS2_PLACEMENT_3D('',#7473,#5433,$);
#4965=AXIS2_PLACEMENT_3D('',#7474,#5434,$);
#4966=AXIS2_PLACEMENT_3D('',#7475,#5435,$);
#4967=AXIS2_PLACEMENT_3D('',#7476,#5436,$);
#4968=AXIS2_PLACEMENT_3D('',#7477,#5437,$);
#4969=AXIS2_PLACEMENT_3D('',#7478,#5438,$);
#4970=AXIS2_PLACEMENT_3D('',#7479,#5439,$);
#4971=AXIS2_PLACEMENT_3D('',#7480,#5440,$);
#4972=AXIS2_PLACEMENT_3D('',#7481,#5441,$);
#4973=AXIS2_PLACEMENT_3D('',#7482,#5442,$);
#4974=AXIS2_PLACEMENT_3D('',#7483,#5443,$);
#4975=AXIS2_PLACEMENT_3D('',#7484,#5444,$);
#4976=AXIS2_PLACEMENT_3D('',#7485,#5445,$);
#4977=AXIS2_PLACEMENT_3D('',#7486,#5446,$);
#4978=AXIS2_PLACEMENT_3D('',#7487,#5447,$);
#4979=AXIS2_PLACEMENT_3D('',#7488,#5448,$);
#4980=AXIS2_PLACEMENT_3D('',#7489,#5449,$);
#4981=AXIS2_PLACEMENT_3D('',#7490,#5450,$);
#4982=AXIS2_PLACEMENT_3D('',#7491,#5451,$);
#4983=AXIS2_PLACEMENT_3D('',#7492,#5452,$);
#4984=AXIS2_PLACEMENT_3D('',#7493,#5453,$);
#4985=AXIS2_PLACEMENT_3D('',#7534,#5454,$);
#4986=AXIS2_PLACEMENT_3D('',#7535,#5455,$);
#4987=AXIS2_PLACEMENT_3D('',#7536,#5456,$);
#4988=AXIS2_PLACEMENT_3D('',#7537,#5457,$);
#4989=AXIS2_PLACEMENT_3D('',#7538,#5458,$);
#4990=AXIS2_PLACEMENT_3D('',#7539,#5459,$);
#4991=AXIS2_PLACEMENT_3D('',#7540,#5460,$);
#4992=AXIS2_PLACEMENT_3D('',#7541,#5461,$);
#4993=AXIS2_PLACEMENT_3D('',#7542,#5462,$);
#4994=AXIS2_PLACEMENT_3D('',#7763,#5463,$);
#4995=AXIS2_PLACEMENT_3D('',#7764,#5464,$);
#4996=AXIS2_PLACEMENT_3D('',#7765,#5465,$);
#4997=AXIS2_PLACEMENT_3D('',#7766,#5466,$);
#4998=AXIS2_PLACEMENT_3D('',#7767,#5467,$);
#4999=AXIS2_PLACEMENT_3D('',#7768,#5468,$);
#5000=AXIS2_PLACEMENT_3D('',#7769,#5469,$);
#5001=AXIS2_PLACEMENT_3D('',#7770,#5470,$);
#5002=AXIS2_PLACEMENT_3D('',#7771,#5471,$);
#5003=AXIS2_PLACEMENT_3D('',#7772,#5472,$);
#5004=AXIS2_PLACEMENT_3D('',#7773,#5473,$);
#5005=AXIS2_PLACEMENT_3D('',#7774,#5474,$);
#5006=AXIS2_PLACEMENT_3D('',#7775,#5475,$);
#5007=AXIS2_PLACEMENT_3D('',#7776,#5476,$);
#5008=AXIS2_PLACEMENT_3D('',#7817,#5477,$);
#5009=AXIS2_PLACEMENT_3D('',#7818,#5478,$);
#5010=AXIS2_PLACEMENT_3D('',#7819,#5479,$);
#5011=AXIS2_PLACEMENT_3D('',#7820,#5480,$);
#5012=AXIS2_PLACEMENT_3D($,#7947,#5481,#5482);
#5013=AXIS2_PLACEMENT_3D($,#7950,#5483,#5484);
#5014=AXIS2_PLACEMENT_3D($,#7957,#5485,#5486);
#5015=AXIS2_PLACEMENT_3D($,#7960,#5487,#5488);
#5016=AXIS2_PLACEMENT_3D($,#7967,#5489,#5490);
#5017=AXIS2_PLACEMENT_3D($,#7970,#5491,#5492);
#5018=AXIS2_PLACEMENT_3D($,#7977,#5493,#5494);
#5019=AXIS2_PLACEMENT_3D($,#7980,#5495,#5496);
#5020=AXIS2_PLACEMENT_3D($,#7987,#5497,#5498);
#5021=AXIS2_PLACEMENT_3D($,#7990,#5499,#5500);
#5022=AXIS2_PLACEMENT_3D($,#7997,#5501,#5502);
#5023=AXIS2_PLACEMENT_3D($,#8000,#5503,#5504);
#5024=AXIS2_PLACEMENT_3D($,#8007,#5505,#5506);
#5025=AXIS2_PLACEMENT_3D($,#8010,#5507,#5508);
#5026=AXIS2_PLACEMENT_3D($,#8017,#5509,#5510);
#5027=AXIS2_PLACEMENT_3D($,#8020,#5511,#5512);
#5028=AXIS2_PLACEMENT_3D($,#8023,#5513,#5514);
#5029=AXIS2_PLACEMENT_3D($,#8026,#5515,#5516);
#5030=AXIS2_PLACEMENT_3D($,#8029,#5517,#5518);
#5031=AXIS2_PLACEMENT_3D($,#8032,#5519,#5520);
#5032=AXIS2_PLACEMENT_3D($,#8039,#5521,#5522);
#5033=AXIS2_PLACEMENT_3D($,#8042,#5523,#5524);
#5034=AXIS2_PLACEMENT_3D($,#8049,#5525,#5526);
#5035=AXIS2_PLACEMENT_3D($,#8052,#5527,#5528);
#5036=AXIS2_PLACEMENT_3D($,#8059,#5529,#5530);
#5037=AXIS2_PLACEMENT_3D($,#8062,#5531,#5532);
#5038=AXIS2_PLACEMENT_3D($,#8104,#5533,#5534);
#5039=AXIS2_PLACEMENT_3D($,#8139,#5535,#5536);
#5040=AXIS2_PLACEMENT_3D($,#8144,#5537,#5538);
#5041=AXIS2_PLACEMENT_3D($,#8151,#5539,#5540);
#5042=AXIS2_PLACEMENT_3D($,#8156,#5541,#5542);
#5043=AXIS2_PLACEMENT_3D($,#8187,#5543,#5544);
#5044=AXIS2_PLACEMENT_3D($,#8226,#5545,#5546);
#5045=AXIS2_PLACEMENT_3D($,#8235,#5547,#5548);
#5046=AXIS2_PLACEMENT_3D($,#8238,#5549,#5550);
#5047=AXIS2_PLACEMENT_3D($,#8245,#5551,#5552);
#5048=AXIS2_PLACEMENT_3D($,#8248,#5553,#5554);
#5049=AXIS2_PLACEMENT_3D($,#8355,#5555,#5556);
#5050=AXIS2_PLACEMENT_3D($,#8358,#5557,#5558);
#5051=AXIS2_PLACEMENT_3D($,#8365,#5559,#5560);
#5052=AXIS2_PLACEMENT_3D($,#8368,#5561,#5562);
#5053=AXIS2_PLACEMENT_3D($,#8375,#5563,#5564);
#5054=AXIS2_PLACEMENT_3D($,#8378,#5565,#5566);
#5055=AXIS2_PLACEMENT_3D($,#8385,#5567,#5568);
#5056=AXIS2_PLACEMENT_3D($,#8388,#5569,#5570);
#5057=AXIS2_PLACEMENT_3D($,#8395,#5571,#5572);
#5058=AXIS2_PLACEMENT_3D($,#8398,#5573,#5574);
#5059=AXIS2_PLACEMENT_3D($,#8405,#5575,#5576);
#5060=AXIS2_PLACEMENT_3D($,#8408,#5577,#5578);
#5061=AXIS2_PLACEMENT_3D($,#8415,#5579,#5580);
#5062=AXIS2_PLACEMENT_3D($,#8418,#5581,#5582);
#5063=AXIS2_PLACEMENT_3D($,#8425,#5583,#5584);
#5064=AXIS2_PLACEMENT_3D($,#8428,#5585,#5586);
#5065=AXIS2_PLACEMENT_3D($,#8435,#5587,#5588);
#5066=AXIS2_PLACEMENT_3D($,#8438,#5589,#5590);
#5067=AXIS2_PLACEMENT_3D($,#8445,#5591,#5592);
#5068=AXIS2_PLACEMENT_3D($,#8448,#5593,#5594);
#5069=AXIS2_PLACEMENT_3D($,#8455,#5595,#5596);
#5070=AXIS2_PLACEMENT_3D($,#8458,#5597,#5598);
#5071=AXIS2_PLACEMENT_3D($,#8463,#5599,#5600);
#5072=AXIS2_PLACEMENT_3D($,#8468,#5601,#5602);
#5073=AXIS2_PLACEMENT_3D($,#8471,#5603,#5604);
#5074=AXIS2_PLACEMENT_3D($,#8476,#5605,#5606);
#5075=AXIS2_PLACEMENT_3D($,#8481,#5607,#5608);
#5076=AXIS2_PLACEMENT_3D($,#8512,#5609,#5610);
#5077=AXIS2_PLACEMENT_3D($,#8517,#5611,#5612);
#5078=AXIS2_PLACEMENT_3D($,#8522,#5613,#5614);
#5079=AXIS2_PLACEMENT_3D($,#8527,#5615,#5616);
#5080=AXIS2_PLACEMENT_3D($,#8532,#5617,#5618);
#5081=AXIS2_PLACEMENT_3D($,#8585,#5619,#5620);
#5082=AXIS2_PLACEMENT_3D($,#8592,#5621,#5622);
#5083=AXIS2_PLACEMENT_3D($,#8595,#5623,#5624);
#5084=AXIS2_PLACEMENT_3D($,#8602,#5625,#5626);
#5085=AXIS2_PLACEMENT_3D($,#8605,#5627,#5628);
#5086=AXIS2_PLACEMENT_3D('',#8682,#5629,$);
#5087=AXIS2_PLACEMENT_3D('',#8683,#5630,$);
#5088=AXIS2_PLACEMENT_3D('',#8684,#5631,$);
#5089=AXIS2_PLACEMENT_3D('',#8685,#5632,$);
#5090=AXIS2_PLACEMENT_3D('',#8686,#5633,$);
#5091=AXIS2_PLACEMENT_3D('',#8687,#5634,$);
#5092=AXIS2_PLACEMENT_3D('',#8688,#5635,$);
#5093=AXIS2_PLACEMENT_3D('',#8689,#5636,$);
#5094=AXIS2_PLACEMENT_3D('',#8690,#5637,$);
#5095=AXIS2_PLACEMENT_3D('',#8691,#5638,$);
#5096=AXIS2_PLACEMENT_3D('',#8692,#5639,$);
#5097=AXIS2_PLACEMENT_3D('',#8693,#5640,$);
#5098=AXIS2_PLACEMENT_3D('',#8694,#5641,$);
#5099=AXIS2_PLACEMENT_3D('',#8695,#5642,$);
#5100=AXIS2_PLACEMENT_3D('',#8696,#5643,$);
#5101=AXIS2_PLACEMENT_3D('',#8697,#5644,$);
#5102=AXIS2_PLACEMENT_3D('',#8698,#5645,$);
#5103=AXIS2_PLACEMENT_3D('',#8699,#5646,$);
#5104=AXIS2_PLACEMENT_3D('',#8700,#5647,$);
#5105=AXIS2_PLACEMENT_3D('',#8701,#5648,$);
#5106=AXIS2_PLACEMENT_3D('',#8702,#5649,$);
#5107=AXIS2_PLACEMENT_3D('',#8703,#5650,$);
#5108=AXIS2_PLACEMENT_3D('',#8704,#5651,$);
#5109=AXIS2_PLACEMENT_3D('',#8705,#5652,$);
#5110=AXIS2_PLACEMENT_3D('',#8706,#5653,$);
#5111=AXIS2_PLACEMENT_3D('',#8707,#5654,$);
#5112=AXIS2_PLACEMENT_3D('',#8708,#5655,$);
#5113=AXIS2_PLACEMENT_3D('',#8709,#5656,$);
#5114=AXIS2_PLACEMENT_3D('',#8720,#5657,$);
#5115=AXIS2_PLACEMENT_3D('',#8741,#5658,$);
#5116=AXIS2_PLACEMENT_3D('',#8752,#5659,$);
#5117=AXIS2_PLACEMENT_3D('',#8753,#5660,$);
#5118=AXIS2_PLACEMENT_3D('',#8754,#5661,$);
#5119=AXIS2_PLACEMENT_3D('',#8765,#5662,$);
#5120=AXIS2_PLACEMENT_3D('',#8786,#5663,$);
#5121=AXIS2_PLACEMENT_3D('',#8901,#5664,$);
#5122=AXIS2_PLACEMENT_3D('',#8902,#5665,$);
#5123=AXIS2_PLACEMENT_3D('',#9007,#5666,$);
#5124=AXIS2_PLACEMENT_3D('',#9008,#5667,$);
#5125=AXIS2_PLACEMENT_3D($,#9433,#5668,#5669);
#5126=AXIS2_PLACEMENT_3D($,#9436,#5670,#5671);
#5127=AXIS2_PLACEMENT_3D($,#9447,#5672,#5673);
#5128=AXIS2_PLACEMENT_3D($,#9450,#5674,#5675);
#5129=AXIS2_PLACEMENT_3D($,#9453,#5676,#5677);
#5130=AXIS2_PLACEMENT_3D($,#9456,#5678,#5679);
#5131=AXIS2_PLACEMENT_3D($,#9467,#5680,#5681);
#5132=AXIS2_PLACEMENT_3D($,#9470,#5682,#5683);
#5133=AXIS2_PLACEMENT_3D($,#9473,#5684,#5685);
#5134=AXIS2_PLACEMENT_3D($,#9476,#5686,#5687);
#5135=AXIS2_PLACEMENT_3D($,#9483,#5688,#5689);
#5136=AXIS2_PLACEMENT_3D($,#9486,#5690,#5691);
#5137=AXIS2_PLACEMENT_3D($,#9601,#5692,#5693);
#5138=AXIS2_PLACEMENT_3D($,#9604,#5694,#5695);
#5139=AXIS2_PLACEMENT_3D($,#9615,#5696,#5697);
#5140=AXIS2_PLACEMENT_3D($,#9618,#5698,#5699);
#5141=AXIS2_PLACEMENT_3D($,#9621,#5700,#5701);
#5142=AXIS2_PLACEMENT_3D($,#9624,#5702,#5703);
#5143=AXIS2_PLACEMENT_3D($,#9635,#5704,#5705);
#5144=AXIS2_PLACEMENT_3D($,#9638,#5706,#5707);
#5145=AXIS2_PLACEMENT_3D($,#9761,#5708,#5709);
#5146=AXIS2_PLACEMENT_3D($,#9766,#5710,#5711);
#5147=AXIS2_PLACEMENT_3D('',#9771,#5712,$);
#5148=AXIS2_PLACEMENT_3D('',#9772,#5713,$);
#5149=AXIS2_PLACEMENT_3D('',#9773,#5714,$);
#5150=AXIS2_PLACEMENT_3D('',#9774,#5715,$);
#5151=AXIS2_PLACEMENT_3D('',#9775,#5716,$);
#5152=AXIS2_PLACEMENT_3D('',#9776,#5717,$);
#5153=AXIS2_PLACEMENT_3D('',#9777,#5718,$);
#5154=AXIS2_PLACEMENT_3D('',#9778,#5719,$);
#5155=AXIS2_PLACEMENT_3D('',#9779,#5720,$);
#5156=AXIS2_PLACEMENT_3D('',#9780,#5721,$);
#5157=AXIS2_PLACEMENT_3D('',#9781,#5722,$);
#5158=AXIS2_PLACEMENT_3D('',#9782,#5723,$);
#5159=AXIS2_PLACEMENT_3D('',#9783,#5724,$);
#5160=AXIS2_PLACEMENT_3D('',#9784,#5725,$);
#5161=AXIS2_PLACEMENT_3D('',#9785,#5726,$);
#5162=AXIS2_PLACEMENT_3D('',#9786,#5727,$);
#5163=AXIS2_PLACEMENT_3D('',#9787,#5728,$);
#5164=AXIS2_PLACEMENT_3D('',#9788,#5729,$);
#5165=AXIS2_PLACEMENT_3D('',#9789,#5730,$);
#5166=AXIS2_PLACEMENT_3D('',#9790,#5731,$);
#5167=AXIS2_PLACEMENT_3D('',#9791,#5732,$);
#5168=AXIS2_PLACEMENT_3D('',#9792,#5733,$);
#5169=AXIS2_PLACEMENT_3D('',#9793,#5734,$);
#5170=AXIS2_PLACEMENT_3D('',#9794,#5735,$);
#5171=AXIS2_PLACEMENT_3D('',#9795,#5736,$);
#5172=AXIS2_PLACEMENT_3D('',#9796,#5737,$);
#5173=AXIS2_PLACEMENT_3D('',#9797,#5738,$);
#5174=AXIS2_PLACEMENT_3D('',#9798,#5739,$);
#5175=AXIS2_PLACEMENT_3D('',#9809,#5740,$);
#5176=AXIS2_PLACEMENT_3D('',#9830,#5741,$);
#5177=AXIS2_PLACEMENT_3D('',#9841,#5742,$);
#5178=AXIS2_PLACEMENT_3D('',#9842,#5743,$);
#5179=AXIS2_PLACEMENT_3D('',#9843,#5744,$);
#5180=AXIS2_PLACEMENT_3D('',#9854,#5745,$);
#5181=AXIS2_PLACEMENT_3D('',#9875,#5746,$);
#5182=AXIS2_PLACEMENT_3D('',#9990,#5747,$);
#5183=AXIS2_PLACEMENT_3D('',#9991,#5748,$);
#5184=AXIS2_PLACEMENT_3D('',#10096,#5749,$);
#5185=AXIS2_PLACEMENT_3D('',#10097,#5750,$);
#5186=AXIS2_PLACEMENT_3D($,#10522,#5751,#5752);
#5187=AXIS2_PLACEMENT_3D($,#10525,#5753,#5754);
#5188=AXIS2_PLACEMENT_3D($,#10536,#5755,#5756);
#5189=AXIS2_PLACEMENT_3D($,#10539,#5757,#5758);
#5190=AXIS2_PLACEMENT_3D($,#10542,#5759,#5760);
#5191=AXIS2_PLACEMENT_3D($,#10545,#5761,#5762);
#5192=AXIS2_PLACEMENT_3D($,#10556,#5763,#5764);
#5193=AXIS2_PLACEMENT_3D($,#10559,#5765,#5766);
#5194=AXIS2_PLACEMENT_3D($,#10562,#5767,#5768);
#5195=AXIS2_PLACEMENT_3D($,#10565,#5769,#5770);
#5196=AXIS2_PLACEMENT_3D($,#10572,#5771,#5772);
#5197=AXIS2_PLACEMENT_3D($,#10575,#5773,#5774);
#5198=AXIS2_PLACEMENT_3D($,#10690,#5775,#5776);
#5199=AXIS2_PLACEMENT_3D($,#10693,#5777,#5778);
#5200=AXIS2_PLACEMENT_3D($,#10704,#5779,#5780);
#5201=AXIS2_PLACEMENT_3D($,#10707,#5781,#5782);
#5202=AXIS2_PLACEMENT_3D($,#10710,#5783,#5784);
#5203=AXIS2_PLACEMENT_3D($,#10713,#5785,#5786);
#5204=AXIS2_PLACEMENT_3D($,#10724,#5787,#5788);
#5205=AXIS2_PLACEMENT_3D($,#10727,#5789,#5790);
#5206=AXIS2_PLACEMENT_3D($,#10850,#5791,#5792);
#5207=AXIS2_PLACEMENT_3D($,#10855,#5793,#5794);
#5208=AXIS2_PLACEMENT_3D($,#10860,#5795,#5796);
#5209=DIRECTION('',(0.,0.,1.));
#5210=DIRECTION('',(1.,0.,0.));
#5211=DIRECTION('',(0.,0.,1.));
#5212=DIRECTION('',(0.,0.,1.));
#5213=DIRECTION('',(0.,0.,1.));
#5214=DIRECTION('',(0.,0.,1.));
#5215=DIRECTION('',(-0.682387797804712,-0.682387797804702,-0.262094995782988));
#5216=DIRECTION('',(-0.16594726627406,-0.165947266274053,0.972071504382437));
#5217=DIRECTION('',(2.58448188377471E-16,-0.262939815393733,0.964812237422759));
#5218=DIRECTION('',(0.,1.,0.));
#5219=DIRECTION('',(-0.97449345974797,0.,-0.22441590163897));
#5220=DIRECTION('',(0.,-0.974493459747967,-0.224415901638983));
#5221=DIRECTION('',(1.,0.,0.));
#5222=DIRECTION('',(0.,0.,-1.));
#5223=DIRECTION('',(0.,-1.,0.));
#5224=DIRECTION('',(1.,0.,0.));
#5225=DIRECTION('',(0.,1.,0.));
#5226=DIRECTION('',(-1.,0.,0.));
#5227=DIRECTION('',(0.707106781186547,0.707106781186547,1.00485917355762E-14));
#5228=DIRECTION('',(0.,0.,1.));
#5229=DIRECTION('',(0.,0.,-1.));
#5230=DIRECTION('',(0.,0.,1.));
#5231=DIRECTION('',(0.,0.,-1.));
#5232=DIRECTION('',(0.,0.,-1.));
#5233=DIRECTION('',(-3.76587649952797E-15,-0.26293981539374,0.964812237422757));
#5234=DIRECTION('',(4.3343106881351E-15,-0.262939815393743,0.964812237422756));
#5235=DIRECTION('',(0.,0.,-1.));
#5236=DIRECTION('',(0.,0.,-1.));
#5237=DIRECTION('',(0.,0.,-1.));
#5238=DIRECTION('',(0.,0.,-1.));
#5239=DIRECTION('',(0.,0.,-1.));
#5240=DIRECTION('',(5.51033142017767E-15,0.262939815393744,-0.964812237422756));
#5241=DIRECTION('',(-1.22532369738192E-14,0.262939815393743,-0.964812237422756));
#5242=DIRECTION('',(0.,0.,-1.));
#5243=DIRECTION('',(0.,0.,1.));
#5244=DIRECTION('',(0.,0.,1.));
#5245=DIRECTION('',(-0.262939815393734,4.17113490623728E-14,0.964812237422758));
#5246=DIRECTION('',(0.262939815393743,-2.31636931857763E-14,-0.964812237422756));
#5247=DIRECTION('',(0.262939815393749,-4.6149750687605E-14,-0.964812237422754));
#5248=DIRECTION('',(-0.262939815393744,2.8639222512766E-14,0.964812237422756));
#5249=DIRECTION('',(-0.262939815393755,6.77734512501657E-14,0.964812237422753));
#5250=DIRECTION('',(0.,0.,1.));
#5251=DIRECTION('',(0.,0.,1.));
#5252=DIRECTION('',(0.,0.,-1.));
#5253=DIRECTION('',(0.,0.,1.));
#5254=DIRECTION('',(0.,0.,-1.));
#5255=DIRECTION('',(0.,0.,-1.));
#5256=DIRECTION('',(0.,0.,-1.));
#5257=DIRECTION('',(0.,0.,-1.));
#5258=DIRECTION('',(-1.03028696685199E-15,-0.26293981539374,0.964812237422757));
#5259=DIRECTION('',(1.35358391162252E-14,-0.262939815393743,0.964812237422756));
#5260=DIRECTION('',(0.,0.,-1.));
#5261=DIRECTION('',(0.,0.,-1.));
#5262=DIRECTION('',(0.,0.,-1.));
#5263=DIRECTION('',(0.,0.,-1.));
#5264=DIRECTION('',(0.,0.,-1.));
#5265=DIRECTION('',(5.51033142017767E-15,0.262939815393744,-0.964812237422756));
#5266=DIRECTION('',(-8.33800149106038E-15,0.262939815393743,-0.964812237422756));
#5267=DIRECTION('',(0.,0.,-1.));
#5268=DIRECTION('',(0.262939815393743,-2.58992827184518E-14,-0.964812237422756));
#5269=DIRECTION('',(0.262939815393749,-4.34496882917135E-14,-0.964812237422754));
#5270=DIRECTION('',(-0.262939815393744,2.86392225127651E-14,0.964812237422756));
#5271=DIRECTION('',(-0.262939815393755,4.67653127107322E-14,0.964812237422753));
#5272=DIRECTION('',(0.,0.,-1.));
#5273=DIRECTION('',(1.,3.78956125738806E-14,0.));
#5274=DIRECTION('',(0.,0.,-1.));
#5275=DIRECTION('',(1.,-1.51582450295511E-13,0.));
#5276=DIRECTION('',(0.,0.,-1.));
#5277=DIRECTION('',(1.,-2.52637417159147E-14,0.));
#5278=DIRECTION('',(0.,9.47390314346815E-16,1.));
#5279=DIRECTION('',(1.,1.51582450295488E-14,0.));
#5280=DIRECTION('',(0.,0.,-1.));
#5281=DIRECTION('',(1.,1.89478062869403E-13,0.));
#5282=DIRECTION('',(0.,0.,-1.));
#5283=DIRECTION('',(1.,-1.32634644008572E-13,0.));
#5284=DIRECTION('',(0.,0.,-1.));
#5285=DIRECTION('',(1.,2.52637417159134E-14,0.));
#5286=DIRECTION('',(0.,9.47390314346815E-16,1.));
#5287=DIRECTION('',(1.,0.,0.));
#5288=DIRECTION('',(0.,0.,-1.));
#5289=DIRECTION('',(1.,2.65269288017144E-13,0.));
#5290=DIRECTION('',(0.,0.,-1.));
#5291=DIRECTION('',(1.,-1.32634644008572E-13,0.));
#5292=DIRECTION('',(0.,0.,-1.));
#5293=DIRECTION('',(1.,7.57912251477517E-14,0.));
#5294=DIRECTION('',(0.,9.47390314346815E-16,1.));
#5295=DIRECTION('',(1.,4.54747350886464E-14,0.));
#5296=DIRECTION('',(0.,0.,-1.));
#5297=DIRECTION('',(1.,1.13686837721633E-13,0.));
#5298=DIRECTION('',(0.,0.,-1.));
#5299=DIRECTION('',(1.,-1.51582450295511E-13,0.));
#5300=DIRECTION('',(0.,0.,-1.));
#5301=DIRECTION('',(1.,-2.52637417159147E-14,0.));
#5302=DIRECTION('',(0.,9.47390314346815E-16,1.));
#5303=DIRECTION('',(1.,4.54747350886464E-14,0.));
#5304=DIRECTION('',(0.,-9.86864910777917E-17,-1.));
#5305=DIRECTION('',(1.,7.57912251477517E-14,0.));
#5306=DIRECTION('',(0.,0.,-1.));
#5307=DIRECTION('',(1.,-2.52637417159147E-14,0.));
#5308=DIRECTION('',(0.,0.,-1.));
#5309=DIRECTION('',(1.,-2.52637417159147E-14,0.));
#5310=DIRECTION('',(-9.86864910777954E-17,9.86864910777954E-17,-1.));
#5311=DIRECTION('',(1.,2.52637417159159E-14,-9.86864910777967E-17));
#5312=DIRECTION('',(0.,0.,1.));
#5313=DIRECTION('',(1.,-3.03164900590976E-14,0.));
#5314=DIRECTION('',(0.,0.,-1.));
#5315=DIRECTION('',(1.,1.26318708579573E-13,0.));
#5316=DIRECTION('',(-1.3713474800163E-14,0.262939815393741,-0.964812237422756));
#5317=DIRECTION('',(-3.63797880709085E-13,0.964812237422755,0.262939815393746));
#5318=DIRECTION('',(-2.88657986402486E-15,-0.262939815393728,0.96481223742276));
#5319=DIRECTION('',(-4.54747350886409E-13,0.964812237422759,0.262939815393731));
#5320=DIRECTION('',(-7.21644966006343E-16,-0.262939815393734,0.964812237422758));
#5321=DIRECTION('',(-1.70530256582425E-13,0.964812237422761,0.262939815393724));
#5322=DIRECTION('',(2.84217094304001E-15,0.262939815393743,-0.964812237422756));
#5323=DIRECTION('',(-9.09494701772888E-14,0.964812237422748,0.262939815393771));
#5324=DIRECTION('',(0.,0.,1.));
#5325=DIRECTION('',(1.,3.78956125738749E-14,0.));
#5326=DIRECTION('',(0.,0.,-1.));
#5327=DIRECTION('',(1.,-1.13686837721616E-13,0.));
#5328=DIRECTION('',(0.,0.,1.));
#5329=DIRECTION('',(1.,-1.13686837721616E-13,0.));
#5330=DIRECTION('',(0.,0.,1.));
#5331=DIRECTION('',(1.,-3.78956125738778E-14,0.));
#5332=DIRECTION('',(0.,0.,1.));
#5333=DIRECTION('',(1.,3.7895612573872E-14,0.));
#5334=DIRECTION('',(0.,0.,-1.));
#5335=DIRECTION('',(1.,2.52637417159172E-14,0.));
#5336=DIRECTION('',(0.,0.,1.));
#5337=DIRECTION('',(1.,3.7895612573872E-14,0.));
#5338=DIRECTION('',(-0.262939815393741,4.95958829560298E-14,0.964812237422756));
#5339=DIRECTION('',(0.964812237422756,-5.68434188607946E-13,0.262939815393741));
#5340=DIRECTION('',(0.262939815393732,-3.45001804902231E-14,-0.964812237422759));
#5341=DIRECTION('',(0.964812237422755,-5.96855898038426E-13,0.262939815393748));
#5342=DIRECTION('',(0.262939815393736,-3.84969833788782E-14,-0.964812237422758));
#5343=DIRECTION('',(0.964812237422756,-3.41060513164836E-13,0.262939815393742));
#5344=DIRECTION('',(-0.262939815393743,3.30402372128416E-14,0.964812237422756));
#5345=DIRECTION('',(0.964812237422748,-2.50111042987541E-13,0.262939815393774));
#5346=DIRECTION('',(0.,0.,-1.));
#5347=DIRECTION('',(-1.,-1.13686837721633E-13,0.));
#5348=DIRECTION('',(0.,0.,-1.));
#5349=DIRECTION('',(-1.,1.13686837721633E-13,0.));
#5350=DIRECTION('',(0.,1.57898385724471E-15,-1.));
#5351=DIRECTION('',(-1.,2.52637417159147E-14,0.));
#5352=DIRECTION('',(0.,0.,1.));
#5353=DIRECTION('',(-1.,1.51582450295488E-14,0.));
#5354=DIRECTION('',(0.,0.,-1.));
#5355=DIRECTION('',(-1.,-3.78956125738749E-14,0.));
#5356=DIRECTION('',(0.,0.,-1.));
#5357=DIRECTION('',(-1.,1.32634644008572E-13,0.));
#5358=DIRECTION('',(0.,1.57898385724471E-15,-1.));
#5359=DIRECTION('',(-1.,7.5791225147744E-14,0.));
#5360=DIRECTION('',(0.,0.,1.));
#5361=DIRECTION('',(-1.,1.51582450295493E-14,0.));
#5362=DIRECTION('',(0.,0.,-1.));
#5363=DIRECTION('',(-1.,3.78956125738778E-14,0.));
#5364=DIRECTION('',(0.,0.,-1.));
#5365=DIRECTION('',(-1.,1.32634644008572E-13,0.));
#5366=DIRECTION('',(0.,1.57898385724471E-15,-1.));
#5367=DIRECTION('',(-1.,5.05274834318242E-14,0.));
#5368=DIRECTION('',(0.,0.,1.));
#5369=DIRECTION('',(-1.,-1.51582450295488E-14,0.));
#5370=DIRECTION('',(0.,0.,-1.));
#5371=DIRECTION('',(-1.,3.78956125738778E-14,0.));
#5372=DIRECTION('',(0.,0.,-1.));
#5373=DIRECTION('',(-1.,1.13686837721633E-13,0.));
#5374=DIRECTION('',(0.,1.57898385724471E-15,-1.));
#5375=DIRECTION('',(-1.,2.52637417159121E-14,0.));
#5376=DIRECTION('',(0.,0.,1.));
#5377=DIRECTION('',(-1.,-1.51582450295488E-14,0.));
#5378=DIRECTION('',(0.,0.,1.));
#5379=DIRECTION('',(-1.,3.03164900590976E-14,0.));
#5380=DIRECTION('',(0.,0.,-1.));
#5381=DIRECTION('',(-1.,-7.5791225147744E-14,0.));
#5382=DIRECTION('',(-2.00728322852108E-14,0.262939815393741,-0.964812237422757));
#5383=DIRECTION('',(4.54747350886377E-13,-0.964812237422755,-0.262939815393747));
#5384=DIRECTION('',(-6.4948046940563E-15,-0.262939815393728,0.96481223742276));
#5385=DIRECTION('',(4.54747350886462E-13,-0.964812237422759,-0.262939815393733));
#5386=DIRECTION('',(-7.21644966006343E-16,-0.262939815393734,0.964812237422758));
#5387=DIRECTION('',(2.27373675443239E-13,-0.964812237422755,-0.262939815393745));
#5388=DIRECTION('',(2.84217094304001E-15,0.262939815393743,-0.964812237422756));
#5389=DIRECTION('',(1.81898940354567E-13,-0.964812237422761,-0.262939815393723));
#5390=DIRECTION('',(0.,0.,1.));
#5391=DIRECTION('',(-1.,3.78956125738749E-14,0.));
#5392=DIRECTION('',(0.,0.,-1.));
#5393=DIRECTION('',(-1.,3.7895612573872E-14,0.));
#5394=DIRECTION('',(0.,0.,1.));
#5395=DIRECTION('',(-1.,1.13686837721616E-13,0.));
#5396=DIRECTION('',(0.,0.,1.));
#5397=DIRECTION('',(-1.,-1.89478062869331E-13,0.));
#5398=DIRECTION('',(0.,0.,1.));
#5399=DIRECTION('',(-1.,-1.13686837721616E-13,0.));
#5400=DIRECTION('',(0.,0.,-1.));
#5401=DIRECTION('',(-1.,2.52637417159121E-14,0.));
#5402=DIRECTION('',(-4.93432455388958E-17,-4.93432455388958E-17,-1.));
#5403=DIRECTION('',(-1.,-7.57912251477479E-14,4.93432455388983E-17));
#5404=DIRECTION('',(0.,0.,-1.));
#5405=DIRECTION('',(-1.,-2.52637417159147E-14,0.));
#5406=DIRECTION('',(0.,0.,-1.));
#5407=DIRECTION('',(-1.,2.52637417159121E-14,0.));
#5408=DIRECTION('',(0.,0.,-1.));
#5409=DIRECTION('',(-1.,7.57912251477364E-14,0.));
#5410=DIRECTION('',(0.,0.,1.));
#5411=DIRECTION('',(-1.,3.7895612573872E-14,0.));
#5412=DIRECTION('',(-0.262939815393741,4.99511543239085E-14,0.964812237422757));
#5413=DIRECTION('',(-0.964812237422753,5.91171556152206E-13,-0.262939815393755));
#5414=DIRECTION('',(0.262939815393732,-3.45834472170685E-14,-0.964812237422759));
#5415=DIRECTION('',(-0.964812237422755,6.11066752753664E-13,-0.262939815393745));
#5416=DIRECTION('',(0.262939815393736,-3.8496983378876E-14,-0.964812237422758));
#5417=DIRECTION('',(-0.964812237422759,2.98427949019241E-13,-0.262939815393732));
#5418=DIRECTION('',(-0.262939815393743,3.30402372128386E-14,0.964812237422756));
#5419=DIRECTION('',(-0.964812237422765,2.72848410531855E-13,-0.26293981539371));
#5420=DIRECTION('',(0.,0.,1.));
#5421=DIRECTION('',(0.,0.,1.));
#5422=DIRECTION('',(0.,0.,1.));
#5423=DIRECTION('',(0.,0.,1.));
#5424=DIRECTION('',(-0.682387797804704,-0.682387797804699,-0.262094995783016));
#5425=DIRECTION('',(-0.16594726627406,-0.165947266274052,0.972071504382437));
#5426=DIRECTION('',(2.58448188377472E-16,-0.262939815393733,0.964812237422759));
#5427=DIRECTION('',(0.,1.,0.));
#5428=DIRECTION('',(-0.974493459747966,0.,-0.224415901638987));
#5429=DIRECTION('',(0.,-0.974493459747967,-0.224415901638983));
#5430=DIRECTION('',(1.,0.,0.));
#5431=DIRECTION('',(0.,0.,-1.));
#5432=DIRECTION('',(0.,-1.,0.));
#5433=DIRECTION('',(1.,0.,0.));
#5434=DIRECTION('',(0.,1.,0.));
#5435=DIRECTION('',(-1.,0.,0.));
#5436=DIRECTION('',(0.707106781186547,0.707106781186547,5.02429586778808E-15));
#5437=DIRECTION('',(0.,0.,1.));
#5438=DIRECTION('',(0.,0.,-1.));
#5439=DIRECTION('',(0.,0.,1.));
#5440=DIRECTION('',(0.,0.,-1.));
#5441=DIRECTION('',(0.,0.,-1.));
#5442=DIRECTION('',(-3.76587649952797E-15,-0.26293981539374,0.964812237422757));
#5443=DIRECTION('',(4.3343106881351E-15,-0.262939815393743,0.964812237422756));
#5444=DIRECTION('',(0.,0.,-1.));
#5445=DIRECTION('',(0.,0.,-1.));
#5446=DIRECTION('',(0.,0.,-1.));
#5447=DIRECTION('',(0.,0.,-1.));
#5448=DIRECTION('',(0.,0.,-1.));
#5449=DIRECTION('',(5.51033142017767E-15,0.262939815393744,-0.964812237422756));
#5450=DIRECTION('',(-1.22532369738192E-14,0.262939815393743,-0.964812237422756));
#5451=DIRECTION('',(0.,0.,-1.));
#5452=DIRECTION('',(0.,0.,1.));
#5453=DIRECTION('',(0.,0.,1.));
#5454=DIRECTION('',(-0.262939815393734,4.17113490623727E-14,0.964812237422758));
#5455=DIRECTION('',(0.262939815393732,-2.31281660489873E-14,-0.964812237422759));
#5456=DIRECTION('',(0.262939815393737,-3.42126327268373E-14,-0.964812237422758));
#5457=DIRECTION('',(-0.262939815393744,2.8639222512766E-14,0.964812237422756));
#5458=DIRECTION('',(-0.262939815393763,5.92360627669293E-14,0.96481223742275));
#5459=DIRECTION('',(0.,0.,1.));
#5460=DIRECTION('',(0.,0.,1.));
#5461=DIRECTION('',(0.,0.,-1.));
#5462=DIRECTION('',(0.,0.,1.));
#5463=DIRECTION('',(0.,0.,-1.));
#5464=DIRECTION('',(0.,0.,-1.));
#5465=DIRECTION('',(0.,0.,-1.));
#5466=DIRECTION('',(0.,0.,-1.));
#5467=DIRECTION('',(-1.03028696685199E-15,-0.26293981539374,0.964812237422757));
#5468=DIRECTION('',(1.35358391162252E-14,-0.262939815393743,0.964812237422756));
#5469=DIRECTION('',(0.,0.,-1.));
#5470=DIRECTION('',(0.,0.,-1.));
#5471=DIRECTION('',(0.,0.,-1.));
#5472=DIRECTION('',(0.,0.,-1.));
#5473=DIRECTION('',(0.,0.,-1.));
#5474=DIRECTION('',(5.51033142017767E-15,0.262939815393744,-0.964812237422756));
#5475=DIRECTION('',(-8.33800149106038E-15,0.262939815393743,-0.964812237422756));
#5476=DIRECTION('',(0.,0.,-1.));
#5477=DIRECTION('',(0.262939815393732,-2.58992827184506E-14,-0.964812237422759));
#5478=DIRECTION('',(0.262939815393737,-3.1477043194159E-14,-0.964812237422758));
#5479=DIRECTION('',(-0.262939815393744,2.86392225127651E-14,0.964812237422756));
#5480=DIRECTION('',(-0.262939815393763,5.53208272841702E-14,0.96481223742275));
#5481=DIRECTION('',(0.,0.,-1.));
#5482=DIRECTION('',(1.,1.13686837721633E-13,0.));
#5483=DIRECTION('',(0.,0.,-1.));
#5484=DIRECTION('',(1.,-1.13686837721633E-13,0.));
#5485=DIRECTION('',(0.,0.,-1.));
#5486=DIRECTION('',(1.,-2.52637417159147E-14,0.));
#5487=DIRECTION('',(0.,9.47390314346815E-16,1.));
#5488=DIRECTION('',(1.,4.54747350886437E-14,0.));
#5489=DIRECTION('',(0.,0.,-1.));
#5490=DIRECTION('',(1.,2.65269288017185E-13,0.));
#5491=DIRECTION('',(0.,0.,-1.));
#5492=DIRECTION('',(1.,-1.51582450295511E-13,0.));
#5493=DIRECTION('',(0.,0.,-1.));
#5494=DIRECTION('',(1.,7.57912251477517E-14,0.));
#5495=DIRECTION('',(0.,9.47390314346815E-16,1.));
#5496=DIRECTION('',(1.,1.51582450295488E-14,0.));
#5497=DIRECTION('',(0.,0.,-1.));
#5498=DIRECTION('',(1.,1.1368683772165E-13,0.));
#5499=DIRECTION('',(0.,0.,-1.));
#5500=DIRECTION('',(1.,-1.32634644008562E-13,0.));
#5501=DIRECTION('',(0.,0.,-1.));
#5502=DIRECTION('',(1.,-2.52637417159147E-14,0.));
#5503=DIRECTION('',(0.,9.47390314346815E-16,1.));
#5504=DIRECTION('',(1.,4.54747350886464E-14,0.));
#5505=DIRECTION('',(0.,0.,-1.));
#5506=DIRECTION('',(1.,1.13686837721633E-13,0.));
#5507=DIRECTION('',(0.,0.,-1.));
#5508=DIRECTION('',(1.,-1.32634644008562E-13,0.));
#5509=DIRECTION('',(0.,0.,-1.));
#5510=DIRECTION('',(1.,-2.52637417159147E-14,0.));
#5511=DIRECTION('',(0.,9.47390314346815E-16,1.));
#5512=DIRECTION('',(1.,4.54747350886464E-14,0.));
#5513=DIRECTION('',(0.,-9.86864910777917E-17,-1.));
#5514=DIRECTION('',(1.,-2.52637417159147E-14,0.));
#5515=DIRECTION('',(0.,0.,-1.));
#5516=DIRECTION('',(1.,-2.52637417159147E-14,0.));
#5517=DIRECTION('',(0.,0.,-1.));
#5518=DIRECTION('',(1.,-2.52637417159147E-14,0.));
#5519=DIRECTION('',(-9.86864910777954E-17,9.86864910777954E-17,-1.));
#5520=DIRECTION('',(1.,2.52637417159147E-14,-9.86864910777917E-17));
#5521=DIRECTION('',(0.,0.,1.));
#5522=DIRECTION('',(1.,0.,0.));
#5523=DIRECTION('',(0.,0.,-1.));
#5524=DIRECTION('',(1.,1.26318708579573E-13,0.));
#5525=DIRECTION('',(-1.3713474800163E-14,0.262939815393741,-0.964812237422756));
#5526=DIRECTION('',(-3.63797880709137E-13,0.964812237422757,0.262939815393738));
#5527=DIRECTION('',(-2.88657986402486E-15,-0.262939815393728,0.96481223742276));
#5528=DIRECTION('',(-4.54747350886436E-13,0.964812237422759,0.262939815393732));
#5529=DIRECTION('',(-7.21644966006343E-16,-0.262939815393734,0.964812237422758));
#5530=DIRECTION('',(-1.70530256582425E-13,0.964812237422761,0.262939815393724));
#5531=DIRECTION('',(2.84217094304001E-15,0.262939815393743,-0.964812237422756));
#5532=DIRECTION('',(-9.09494701772808E-14,0.964812237422755,0.262939815393748));
#5533=DIRECTION('',(0.,0.,1.));
#5534=DIRECTION('',(1.,3.7895612573872E-14,0.));
#5535=DIRECTION('',(0.,0.,-1.));
#5536=DIRECTION('',(1.,-3.78956125738778E-14,0.));
#5537=DIRECTION('',(0.,0.,1.));
#5538=DIRECTION('',(1.,-1.13686837721616E-13,0.));
#5539=DIRECTION('',(0.,0.,1.));
#5540=DIRECTION('',(1.,3.7895612573872E-14,0.));
#5541=DIRECTION('',(0.,0.,1.));
#5542=DIRECTION('',(1.,3.7895612573872E-14,0.));
#5543=DIRECTION('',(0.,0.,-1.));
#5544=DIRECTION('',(1.,2.52637417159147E-14,0.));
#5545=DIRECTION('',(0.,0.,1.));
#5546=DIRECTION('',(1.,3.7895612573872E-14,0.));
#5547=DIRECTION('',(-0.262939815393741,4.95958829560298E-14,0.964812237422756));
#5548=DIRECTION('',(0.964812237422753,-5.68434188607971E-13,0.262939815393752));
#5549=DIRECTION('',(0.262939815393732,-4.94604357470455E-14,-0.964812237422759));
#5550=DIRECTION('',(0.96481223742276,-5.68434188608028E-13,0.262939815393728));
#5551=DIRECTION('',(0.262939815393736,-3.84969833788782E-14,-0.964812237422758));
#5552=DIRECTION('',(0.964812237422757,-3.26849658449635E-13,0.262939815393738));
#5553=DIRECTION('',(-0.262939815393743,3.30402372128416E-14,0.964812237422756));
#5554=DIRECTION('',(0.964812237422746,-2.27373675443229E-13,0.26293981539378));
#5555=DIRECTION('',(0.,0.,-1.));
#5556=DIRECTION('',(-1.,3.78956125738778E-14,0.));
#5557=DIRECTION('',(0.,0.,-1.));
#5558=DIRECTION('',(-1.,1.51582450295511E-13,0.));
#5559=DIRECTION('',(0.,1.57898385724471E-15,-1.));
#5560=DIRECTION('',(-1.,5.05274834318293E-14,0.));
#5561=DIRECTION('',(0.,0.,1.));
#5562=DIRECTION('',(-1.,1.51582450295488E-14,0.));
#5563=DIRECTION('',(0.,0.,-1.));
#5564=DIRECTION('',(-1.,3.7895612573872E-14,0.));
#5565=DIRECTION('',(0.,0.,-1.));
#5566=DIRECTION('',(-1.,1.13686837721633E-13,0.));
#5567=DIRECTION('',(0.,1.57898385724471E-15,-1.));
#5568=DIRECTION('',(-1.,5.05274834318293E-14,0.));
#5569=DIRECTION('',(0.,0.,1.));
#5570=DIRECTION('',(-1.,1.51582450295488E-14,0.));
#5571=DIRECTION('',(0.,0.,-1.));
#5572=DIRECTION('',(-1.,-1.13686837721633E-13,0.));
#5573=DIRECTION('',(0.,0.,-1.));
#5574=DIRECTION('',(-1.,1.32634644008582E-13,0.));
#5575=DIRECTION('',(0.,1.57898385724471E-15,-1.));
#5576=DIRECTION('',(-1.,5.05274834318242E-14,0.));
#5577=DIRECTION('',(0.,0.,1.));
#5578=DIRECTION('',(-1.,1.51582450295488E-14,0.));
#5579=DIRECTION('',(0.,0.,-1.));
#5580=DIRECTION('',(-1.,-1.13686837721633E-13,0.));
#5581=DIRECTION('',(0.,0.,-1.));
#5582=DIRECTION('',(-1.,1.32634644008582E-13,0.));
#5583=DIRECTION('',(0.,1.57898385724471E-15,-1.));
#5584=DIRECTION('',(-1.,2.52637417159121E-14,0.));
#5585=DIRECTION('',(0.,0.,1.));
#5586=DIRECTION('',(-1.,-1.51582450295488E-14,0.));
#5587=DIRECTION('',(0.,0.,1.));
#5588=DIRECTION('',(-1.,6.06329801181915E-14,0.));
#5589=DIRECTION('',(0.,0.,-1.));
#5590=DIRECTION('',(-1.,2.52637417159121E-14,0.));
#5591=DIRECTION('',(-2.00728322852108E-14,0.262939815393741,-0.964812237422757));
#5592=DIRECTION('',(4.54747350886377E-13,-0.964812237422755,-0.262939815393747));
#5593=DIRECTION('',(-6.4948046940563E-15,-0.262939815393728,0.96481223742276));
#5594=DIRECTION('',(4.54747350886448E-13,-0.964812237422757,-0.262939815393739));
#5595=DIRECTION('',(-7.21644966006343E-16,-0.262939815393734,0.964812237422758));
#5596=DIRECTION('',(2.27373675443239E-13,-0.964812237422755,-0.262939815393745));
#5597=DIRECTION('',(2.84217094304001E-15,0.262939815393743,-0.964812237422756));
#5598=DIRECTION('',(1.81898940354575E-13,-0.964812237422758,-0.262939815393735));
#5599=DIRECTION('',(0.,0.,1.));
#5600=DIRECTION('',(-1.,3.7895612573872E-14,0.));
#5601=DIRECTION('',(0.,0.,-1.));
#5602=DIRECTION('',(-1.,3.7895612573872E-14,0.));
#5603=DIRECTION('',(0.,0.,1.));
#5604=DIRECTION('',(-1.,1.13686837721599E-13,0.));
#5605=DIRECTION('',(0.,0.,1.));
#5606=DIRECTION('',(-1.,3.7895612573872E-14,0.));
#5607=DIRECTION('',(0.,0.,1.));
#5608=DIRECTION('',(-1.,-3.7895612573872E-14,0.));
#5609=DIRECTION('',(0.,0.,-1.));
#5610=DIRECTION('',(-1.,2.52637417159147E-14,0.));
#5611=DIRECTION('',(-4.93432455388958E-17,-4.93432455388958E-17,-1.));
#5612=DIRECTION('',(-1.,7.57912251477364E-14,4.93432455388909E-17));
#5613=DIRECTION('',(0.,0.,-1.));
#5614=DIRECTION('',(-1.,-2.52637417159147E-14,0.));
#5615=DIRECTION('',(0.,0.,-1.));
#5616=DIRECTION('',(-1.,2.52637417159121E-14,0.));
#5617=DIRECTION('',(0.,0.,-1.));
#5618=DIRECTION('',(-1.,-2.52637417159147E-14,0.));
#5619=DIRECTION('',(0.,0.,1.));
#5620=DIRECTION('',(-1.,3.7895612573872E-14,0.));
#5621=DIRECTION('',(-0.262939815393741,7.38609173822231E-14,0.964812237422757));
#5622=DIRECTION('',(-0.964812237422753,5.456968210636E-13,-0.262939815393756));
#5623=DIRECTION('',(0.262939815393732,-3.45834472170685E-14,-0.964812237422759));
#5624=DIRECTION('',(-0.964812237422758,6.25277607468867E-13,-0.262939815393736));
#5625=DIRECTION('',(0.262939815393736,-3.8496983378876E-14,-0.964812237422758));
#5626=DIRECTION('',(-0.964812237422759,2.70006239588829E-13,-0.262939815393732));
#5627=DIRECTION('',(-0.262939815393743,3.30402372128386E-14,0.964812237422756));
#5628=DIRECTION('',(-0.964812237422766,3.41060513164819E-13,-0.262939815393705));
#5629=DIRECTION('',(0.,0.,1.));
#5630=DIRECTION('',(-1.,0.,0.));
#5631=DIRECTION('',(0.,-1.,0.));
#5632=DIRECTION('',(0.707106781186554,-0.707106781186542,1.50728876033641E-14));
#5633=DIRECTION('',(1.,0.,0.));
#5634=DIRECTION('',(0.,1.,0.));
#5635=DIRECTION('',(0.,0.,-1.));
#5636=DIRECTION('',(-0.582126437836133,-0.813000102446422,0.0126350225295235));
#5637=DIRECTION('',(-0.0216998345223555,1.94782885618095E-13,-0.999764530867995));
#5638=DIRECTION('',(-0.706940279366489,0.707106781186601,0.0153441001415634));
#5639=DIRECTION('',(-0.0216998345223602,1.9741899169833E-13,-0.999764530867995));
#5640=DIRECTION('',(0.812808666017977,0.582263542927189,-0.0176419676894077));
#5641=DIRECTION('',(-0.0216998345223638,1.9768035542333E-13,-0.999764530867995));
#5642=DIRECTION('',(1.,0.,0.));
#5643=DIRECTION('',(0.,1.,0.));
#5644=DIRECTION('',(-0.707106781186559,0.707106781186536,2.512147933894E-15));
#5645=DIRECTION('',(-1.,0.,0.));
#5646=DIRECTION('',(0.,-1.,0.));
#5647=DIRECTION('',(0.,0.,1.));
#5648=DIRECTION('',(0.,1.,0.));
#5649=DIRECTION('',(1.,0.,0.));
#5650=DIRECTION('',(0.,-1.,0.));
#5651=DIRECTION('',(-1.,0.,0.));
#5652=DIRECTION('',(0.,0.,1.));
#5653=DIRECTION('',(-6.2987693557356E-16,0.707106781186591,0.707106781186503));
#5654=DIRECTION('',(0.707106781186465,-3.13405174366608E-16,0.70710678118663));
#5655=DIRECTION('',(-2.82371315616395E-15,-0.707106781186515,0.70710678118658));
#5656=DIRECTION('',(-0.707106781186424,9.73579987857619E-15,0.707106781186671));
#5657=DIRECTION('',(0.,0.,1.));
#5658=DIRECTION('',(0.,0.,1.));
#5659=DIRECTION('',(8.8817841970039E-16,-8.88178419699911E-16,1.));
#5660=DIRECTION('',(0.,0.,1.));
#5661=DIRECTION('',(5.04870979341505E-28,-3.5527136788005E-15,1.));
#5662=DIRECTION('',(0.,0.,1.));
#5663=DIRECTION('',(0.,0.,1.));
#5664=DIRECTION('',(0.,0.,1.));
#5665=DIRECTION('',(0.,0.,1.));
#5666=DIRECTION('',(0.,0.,1.));
#5667=DIRECTION('',(0.,0.,1.));
#5668=DIRECTION('',(3.50503622039618E-14,5.48128004678984E-14,-1.));
#5669=DIRECTION('',(-1.,-1.90912611153494E-13,-3.5423238397621E-14));
#5670=DIRECTION('',(-1.47456597945511E-14,-3.39504881867751E-14,1.));
#5671=DIRECTION('',(1.,1.42693395125308E-13,1.47456597945542E-14));
#5672=DIRECTION('',(3.50503622039618E-14,7.30837339571953E-14,-1.));
#5673=DIRECTION('',(1.,-2.38640763941868E-14,3.50503622039618E-14));
#5674=DIRECTION('',(-1.47456597945514E-14,-3.07581288498076E-14,1.));
#5675=DIRECTION('',(-1.,0.,-1.47456597945534E-14));
#5676=DIRECTION('',(7.45752387321967E-16,7.90497530556983E-14,-1.));
#5677=DIRECTION('',(-1.,-4.29553375095239E-13,-3.72876193659061E-16));
#5678=DIRECTION('',(-2.17131107284071E-14,-1.35548590894925E-14,1.));
#5679=DIRECTION('',(1.,-3.11331043909795E-13,2.17131107284094E-14));
#5680=DIRECTION('',(7.45752387320347E-16,4.51180194327442E-14,-1.));
#5681=DIRECTION('',(1.,-1.43184458365107E-13,7.45752387318265E-16));
#5682=DIRECTION('',(-2.17131107284039E-14,-5.12044303175228E-14,1.));
#5683=DIRECTION('',(-1.,3.89163804887203E-14,-2.17131107284071E-14));
#5684=DIRECTION('',(1.76704842769514E-28,-1.77635683939992E-15,1.));
#5685=DIRECTION('',(1.,-5.40012479177799E-13,0.));
#5686=DIRECTION('',(0.,0.,1.));
#5687=DIRECTION('',(1.,-1.13686837655855E-13,0.));
#5688=DIRECTION('',(3.53409685539089E-28,-3.55271367880045E-15,1.));
#5689=DIRECTION('',(-1.,3.97903932025747E-13,0.));
#5690=DIRECTION('',(0.,0.,1.));
#5691=DIRECTION('',(1.,-5.6843418860808E-14,0.));
#5692=DIRECTION('',(1.65929906178327E-14,7.960906734619E-14,-1.));
#5693=DIRECTION('',(-1.,-2.38640763941799E-13,-1.64065525209987E-14));
#5694=DIRECTION('',(-1.2110696532297E-14,-1.3782884756422E-14,1.));
#5695=DIRECTION('',(1.,-6.48606341478739E-14,1.21170305786018E-14));
#5696=DIRECTION('',(1.65929906178315E-14,4.75417146915316E-14,-1.));
#5697=DIRECTION('',(1.,-1.19320381970945E-13,1.67794287146642E-14));
#5698=DIRECTION('',(-1.21106965322934E-14,-5.10777493914563E-14,1.));
#5699=DIRECTION('',(-1.,-1.81609775614047E-13,-1.21106965322983E-14));
#5700=DIRECTION('',(-1.11862858097377E-15,7.3829486344487E-14,-1.));
#5701=DIRECTION('',(-1.,4.77281527883599E-14,1.11862858097718E-15));
#5702=DIRECTION('',(-6.05534826614531E-15,-2.93139662926069E-14,1.));
#5703=DIRECTION('',(1.,-6.48606341478672E-14,6.05534826614854E-15));
#5704=DIRECTION('',(-1.11862858097471E-15,5.4067048080564E-14,-1.));
#5705=DIRECTION('',(1.,4.77281527883599E-14,-1.11862858097718E-15));
#5706=DIRECTION('',(-6.05534826614482E-15,-3.36717901494135E-14,1.));
#5707=DIRECTION('',(-1.,2.59442536591482E-14,-6.04901421984535E-15));
#5708=DIRECTION('',(0.,0.,-1.));
#5709=DIRECTION('',(1.,1.7053025648386E-13,0.));
#5710=DIRECTION('',(1.77635683940025E-15,0.,-1.));
#5711=DIRECTION('',(1.,3.97903932025747E-13,1.77635683940065E-15));
#5712=DIRECTION('',(0.,0.,1.));
#5713=DIRECTION('',(-1.,0.,0.));
#5714=DIRECTION('',(0.,-1.,0.));
#5715=DIRECTION('',(0.707106781186556,-0.707106781186539,1.50728876033641E-14));
#5716=DIRECTION('',(1.,0.,0.));
#5717=DIRECTION('',(0.,1.,0.));
#5718=DIRECTION('',(0.,0.,-1.));
#5719=DIRECTION('',(-0.58212643783614,-0.813000102446418,0.0126350225295231));
#5720=DIRECTION('',(-0.0216998345223555,1.94782885618095E-13,-0.999764530867995));
#5721=DIRECTION('',(-0.706940279366489,0.707106781186601,0.0153441001415621));
#5722=DIRECTION('',(-0.0216998345223602,1.9741899169833E-13,-0.999764530867995));
#5723=DIRECTION('',(0.812808666017984,0.58226354292718,-0.0176419676894071));
#5724=DIRECTION('',(-0.0216998345223638,1.9768035542333E-13,-0.999764530867995));
#5725=DIRECTION('',(1.,0.,0.));
#5726=DIRECTION('',(0.,1.,0.));
#5727=DIRECTION('',(-0.707106781186559,0.707106781186536,2.512147933894E-15));
#5728=DIRECTION('',(-1.,0.,0.));
#5729=DIRECTION('',(0.,-1.,0.));
#5730=DIRECTION('',(0.,0.,1.));
#5731=DIRECTION('',(0.,1.,0.));
#5732=DIRECTION('',(1.,0.,0.));
#5733=DIRECTION('',(0.,-1.,0.));
#5734=DIRECTION('',(-1.,0.,0.));
#5735=DIRECTION('',(0.,0.,1.));
#5736=DIRECTION('',(-6.2987693557356E-16,0.707106781186591,0.707106781186503));
#5737=DIRECTION('',(0.707106781186465,9.73518656120841E-15,0.70710678118663));
#5738=DIRECTION('',(-2.82371315616395E-15,-0.707106781186515,0.70710678118658));
#5739=DIRECTION('',(-0.707106781186424,9.73579987857619E-15,0.707106781186671));
#5740=DIRECTION('',(0.,0.,1.));
#5741=DIRECTION('',(0.,0.,1.));
#5742=DIRECTION('',(8.8817841970039E-16,-8.88178419699911E-16,1.));
#5743=DIRECTION('',(0.,0.,1.));
#5744=DIRECTION('',(5.04870979341505E-28,-3.5527136788005E-15,1.));
#5745=DIRECTION('',(0.,0.,1.));
#5746=DIRECTION('',(0.,0.,1.));
#5747=DIRECTION('',(0.,0.,1.));
#5748=DIRECTION('',(0.,0.,1.));
#5749=DIRECTION('',(0.,0.,1.));
#5750=DIRECTION('',(0.,0.,1.));
#5751=DIRECTION('',(3.50503622039618E-14,5.48128004678984E-14,-1.));
#5752=DIRECTION('',(-1.,0.,-3.50503622039585E-14));
#5753=DIRECTION('',(-1.47456597945511E-14,-3.39504881867751E-14,1.));
#5754=DIRECTION('',(1.,1.42693395125308E-13,1.47456597945542E-14));
#5755=DIRECTION('',(3.50503622039618E-14,7.30837339571953E-14,-1.));
#5756=DIRECTION('',(1.,1.67048534759323E-13,3.54232383976244E-14));
#5757=DIRECTION('',(-1.47456597945514E-14,-3.07581288498076E-14,1.));
#5758=DIRECTION('',(-1.,-5.18885073182884E-14,-1.47393257482491E-14));
#5759=DIRECTION('',(7.45752387321967E-16,7.90497530556983E-14,-1.));
#5760=DIRECTION('',(-1.,-3.34097069518519E-13,-7.45752387318123E-16));
#5761=DIRECTION('',(-2.17131107284071E-14,-1.35548590894925E-14,1.));
#5762=DIRECTION('',(1.,-3.11331043909795E-13,2.17131107284094E-14));
#5763=DIRECTION('',(7.45752387320347E-16,4.51180194327442E-14,-1.));
#5764=DIRECTION('',(1.,3.34097069518519E-13,7.45752387318123E-16));
#5765=DIRECTION('',(-2.17131107284039E-14,-5.12044303175228E-14,1.));
#5766=DIRECTION('',(-1.,3.89163804887243E-14,-2.17131107284094E-14));
#5767=DIRECTION('',(1.76704842769514E-28,-1.77635683939992E-15,1.));
#5768=DIRECTION('',(1.,-3.12638803734515E-13,0.));
#5769=DIRECTION('',(0.,0.,1.));
#5770=DIRECTION('',(1.,-2.84217094139509E-13,0.));
#5771=DIRECTION('',(3.53409685539089E-28,-3.55271367880045E-15,1.));
#5772=DIRECTION('',(-1.,1.70530256582463E-13,0.));
#5773=DIRECTION('',(0.,0.,1.));
#5774=DIRECTION('',(1.,-5.6843418860808E-14,0.));
#5775=DIRECTION('',(1.65929906178327E-14,7.960906734619E-14,-1.));
#5776=DIRECTION('',(-1.,-2.38640763941799E-13,-1.67794287146578E-14));
#5777=DIRECTION('',(-1.2110696532297E-14,-1.3782884756422E-14,1.));
#5778=DIRECTION('',(1.,-6.48606341478739E-14,1.21170305786018E-14));
#5779=DIRECTION('',(1.65929906178315E-14,4.75417146915316E-14,-1.));
#5780=DIRECTION('',(1.,-1.19320381970945E-13,1.67794287146642E-14));
#5781=DIRECTION('',(-1.21106965322934E-14,-5.10777493914563E-14,1.));
#5782=DIRECTION('',(-1.,-2.20526156102771E-13,-1.21106965322983E-14));
#5783=DIRECTION('',(-1.11862858097377E-15,7.3829486344487E-14,-1.));
#5784=DIRECTION('',(-1.,-3.34097069518583E-13,1.1186285809774E-15));
#5785=DIRECTION('',(-6.05534826614531E-15,-2.93139662926069E-14,1.));
#5786=DIRECTION('',(1.,-1.68637648784455E-13,6.05534826614854E-15));
#5787=DIRECTION('',(-1.11862858097471E-15,5.4067048080564E-14,-1.));
#5788=DIRECTION('',(1.,-4.7728152788369E-14,-1.1186285809774E-15));
#5789=DIRECTION('',(-6.05534826614482E-15,-3.36717901494135E-14,1.));
#5790=DIRECTION('',(-1.,2.59442536591496E-14,-6.05534826614917E-15));
#5791=DIRECTION('',(0.,0.,-1.));
#5792=DIRECTION('',(1.,3.41060512967721E-13,0.));
#5793=DIRECTION('',(1.77635683940025E-15,0.,-1.));
#5794=DIRECTION('',(1.,1.70530256582424E-13,1.77635683940025E-15));
#5795=DIRECTION('',(0.,0.,1.));
#5796=DIRECTION('',(1.,0.,0.));
#5797=CARTESIAN_POINT('',(0.,0.,0.));
#5798=CARTESIAN_POINT('',(-1022.20982886899,-294.559084599659,21.6194594304063));
#5799=CARTESIAN_POINT('',(-1021.70982886899,-294.55908459966,20.6194594304063));
#5800=CARTESIAN_POINT('',(-1021.20982886899,-294.55908459966,19.6194594304063));
#5801=CARTESIAN_POINT('',(-1020.70982886899,-294.55908459966,18.6194594304063));
#5802=CARTESIAN_POINT('',(-1022.20982886899,-297.559084599659,21.6194594304063));
#5803=CARTESIAN_POINT('',(-1021.70982886899,-297.059084599659,20.6194594304063));
#5804=CARTESIAN_POINT('',(-1021.20982886899,-296.55908459966,19.6194594304063));
#5805=CARTESIAN_POINT('',(-1020.70982886899,-296.05908459966,18.6194594304063));
#5806=CARTESIAN_POINT('',(-1019.20982886899,-297.559084599659,21.6194594304063));
#5807=CARTESIAN_POINT('',(-1019.20982886899,-297.05908459966,20.6194594304063));
#5808=CARTESIAN_POINT('',(-1019.20982886899,-296.55908459966,19.6194594304063));
#5809=CARTESIAN_POINT('',(-1019.20982886899,-296.05908459966,18.6194594304063));
#5810=CARTESIAN_POINT('',(-1016.20982886899,-297.55908459966,21.6194594304063));
#5811=CARTESIAN_POINT('',(-1016.70982886899,-297.05908459966,20.6194594304063));
#5812=CARTESIAN_POINT('',(-1017.20982886899,-296.55908459966,19.6194594304063));
#5813=CARTESIAN_POINT('',(-1017.70982886899,-296.05908459966,18.6194594304063));
#5814=CARTESIAN_POINT('',(-1016.20982886899,-294.55908459966,21.6194594304063));
#5815=CARTESIAN_POINT('',(-1016.70982886899,-294.55908459966,20.6194594304063));
#5816=CARTESIAN_POINT('',(-1017.20982886899,-294.55908459966,19.6194594304063));
#5817=CARTESIAN_POINT('',(-1017.70982886899,-294.55908459966,18.6194594304063));
#5818=CARTESIAN_POINT('',(-1022.95982886899,-294.55908459966,21.6194594304063));
#5819=CARTESIAN_POINT('',(-1022.45982886899,-294.55908459966,20.6194594304063));
#5820=CARTESIAN_POINT('',(-1021.95982886899,-294.55908459966,19.6194594304063));
#5821=CARTESIAN_POINT('',(-1021.45982886899,-294.55908459966,18.6194594304063));
#5822=CARTESIAN_POINT('',(-1022.95982886899,-290.80908459966,21.6194594304063));
#5823=CARTESIAN_POINT('',(-1022.45982886899,-291.30908459966,20.6194594304063));
#5824=CARTESIAN_POINT('',(-1021.95982886899,-291.80908459966,19.6194594304063));
#5825=CARTESIAN_POINT('',(-1021.45982886899,-292.30908459966,18.6194594304063));
#5826=CARTESIAN_POINT('',(-1019.20982886899,-290.80908459966,21.6194594304063));
#5827=CARTESIAN_POINT('',(-1019.20982886899,-291.30908459966,20.6194594304063));
#5828=CARTESIAN_POINT('',(-1019.20982886899,-291.80908459966,19.6194594304063));
#5829=CARTESIAN_POINT('',(-1019.20982886899,-292.30908459966,18.6194594304063));
#5830=CARTESIAN_POINT('',(-1015.45982886899,-290.80908459966,21.6194594304063));
#5831=CARTESIAN_POINT('',(-1015.95982886899,-291.30908459966,20.6194594304063));
#5832=CARTESIAN_POINT('',(-1016.45982886899,-291.80908459966,19.6194594304063));
#5833=CARTESIAN_POINT('',(-1016.95982886899,-292.30908459966,18.6194594304063));
#5834=CARTESIAN_POINT('',(-1015.45982886899,-294.55908459966,21.6194594304063));
#5835=CARTESIAN_POINT('',(-1015.95982886899,-294.55908459966,20.6194594304063));
#5836=CARTESIAN_POINT('',(-1016.45982886899,-294.55908459966,19.6194594304063));
#5837=CARTESIAN_POINT('',(-1016.95982886899,-294.55908459966,18.6194594304063));
#5838=CARTESIAN_POINT('',(-1023.03482886899,-298.38408459966,21.6194594304063));
#5839=CARTESIAN_POINT('',(-1022.20982886899,-278.559084599659,21.6194594304063));
#5840=CARTESIAN_POINT('',(-1021.70982886899,-278.55908459966,20.6194594304063));
#5841=CARTESIAN_POINT('',(-1021.20982886899,-278.55908459966,19.6194594304063));
#5842=CARTESIAN_POINT('',(-1020.70982886899,-278.55908459966,18.6194594304063));
#5843=CARTESIAN_POINT('',(-1022.20982886899,-281.559084599659,21.6194594304063));
#5844=CARTESIAN_POINT('',(-1021.70982886899,-281.059084599659,20.6194594304063));
#5845=CARTESIAN_POINT('',(-1021.20982886899,-280.55908459966,19.6194594304063));
#5846=CARTESIAN_POINT('',(-1020.70982886899,-280.05908459966,18.6194594304063));
#5847=CARTESIAN_POINT('',(-1019.20982886899,-281.559084599659,21.6194594304063));
#5848=CARTESIAN_POINT('',(-1019.20982886899,-281.05908459966,20.6194594304063));
#5849=CARTESIAN_POINT('',(-1019.20982886899,-280.55908459966,19.6194594304063));
#5850=CARTESIAN_POINT('',(-1019.20982886899,-280.05908459966,18.6194594304063));
#5851=CARTESIAN_POINT('',(-1016.20982886899,-281.55908459966,21.6194594304063));
#5852=CARTESIAN_POINT('',(-1016.70982886899,-281.05908459966,20.6194594304063));
#5853=CARTESIAN_POINT('',(-1017.20982886899,-280.55908459966,19.6194594304063));
#5854=CARTESIAN_POINT('',(-1017.70982886899,-280.05908459966,18.6194594304063));
#5855=CARTESIAN_POINT('',(-1016.20982886899,-278.55908459966,21.6194594304063));
#5856=CARTESIAN_POINT('',(-1016.70982886899,-278.55908459966,20.6194594304063));
#5857=CARTESIAN_POINT('',(-1017.20982886899,-278.55908459966,19.6194594304063));
#5858=CARTESIAN_POINT('',(-1017.70982886899,-278.55908459966,18.6194594304063));
#5859=CARTESIAN_POINT('',(-1022.95982886899,-278.55908459966,21.6194594304063));
#5860=CARTESIAN_POINT('',(-1022.45982886899,-278.55908459966,20.6194594304063));
#5861=CARTESIAN_POINT('',(-1021.95982886899,-278.55908459966,19.6194594304063));
#5862=CARTESIAN_POINT('',(-1021.45982886899,-278.55908459966,18.6194594304063));
#5863=CARTESIAN_POINT('',(-1022.95982886899,-274.80908459966,21.6194594304063));
#5864=CARTESIAN_POINT('',(-1022.45982886899,-275.30908459966,20.6194594304063));
#5865=CARTESIAN_POINT('',(-1021.95982886899,-275.80908459966,19.6194594304063));
#5866=CARTESIAN_POINT('',(-1021.45982886899,-276.30908459966,18.6194594304063));
#5867=CARTESIAN_POINT('',(-1019.20982886899,-274.80908459966,21.6194594304063));
#5868=CARTESIAN_POINT('',(-1019.20982886899,-275.30908459966,20.6194594304063));
#5869=CARTESIAN_POINT('',(-1019.20982886899,-275.80908459966,19.6194594304063));
#5870=CARTESIAN_POINT('',(-1019.20982886899,-276.30908459966,18.6194594304063));
#5871=CARTESIAN_POINT('',(-1015.45982886899,-274.80908459966,21.6194594304063));
#5872=CARTESIAN_POINT('',(-1015.95982886899,-275.30908459966,20.6194594304063));
#5873=CARTESIAN_POINT('',(-1016.45982886899,-275.80908459966,19.6194594304063));
#5874=CARTESIAN_POINT('',(-1016.95982886899,-276.30908459966,18.6194594304063));
#5875=CARTESIAN_POINT('',(-1015.45982886899,-278.55908459966,21.6194594304063));
#5876=CARTESIAN_POINT('',(-1015.95982886899,-278.55908459966,20.6194594304063));
#5877=CARTESIAN_POINT('',(-1016.45982886899,-278.55908459966,19.6194594304063));
#5878=CARTESIAN_POINT('',(-1016.95982886899,-278.55908459966,18.6194594304063));
#5879=CARTESIAN_POINT('',(-1023.03482886899,-282.38408459966,21.6194594304063));
#5880=CARTESIAN_POINT('',(-1038.20982886899,-294.559084599659,21.6194594304063));
#5881=CARTESIAN_POINT('',(-1037.70982886899,-294.55908459966,20.6194594304063));
#5882=CARTESIAN_POINT('',(-1037.20982886899,-294.55908459966,19.6194594304063));
#5883=CARTESIAN_POINT('',(-1036.70982886899,-294.55908459966,18.6194594304063));
#5884=CARTESIAN_POINT('',(-1038.20982886899,-297.559084599659,21.6194594304063));
#5885=CARTESIAN_POINT('',(-1037.70982886899,-297.059084599659,20.6194594304063));
#5886=CARTESIAN_POINT('',(-1037.20982886899,-296.55908459966,19.6194594304063));
#5887=CARTESIAN_POINT('',(-1036.70982886899,-296.05908459966,18.6194594304063));
#5888=CARTESIAN_POINT('',(-1035.20982886899,-297.559084599659,21.6194594304063));
#5889=CARTESIAN_POINT('',(-1035.20982886899,-297.05908459966,20.6194594304063));
#5890=CARTESIAN_POINT('',(-1035.20982886899,-296.55908459966,19.6194594304063));
#5891=CARTESIAN_POINT('',(-1035.20982886899,-296.05908459966,18.6194594304063));
#5892=CARTESIAN_POINT('',(-1032.20982886899,-297.55908459966,21.6194594304063));
#5893=CARTESIAN_POINT('',(-1032.70982886899,-297.05908459966,20.6194594304063));
#5894=CARTESIAN_POINT('',(-1033.20982886899,-296.55908459966,19.6194594304063));
#5895=CARTESIAN_POINT('',(-1033.70982886899,-296.05908459966,18.6194594304063));
#5896=CARTESIAN_POINT('',(-1032.20982886899,-294.55908459966,21.6194594304063));
#5897=CARTESIAN_POINT('',(-1032.70982886899,-294.55908459966,20.6194594304063));
#5898=CARTESIAN_POINT('',(-1033.20982886899,-294.55908459966,19.6194594304063));
#5899=CARTESIAN_POINT('',(-1033.70982886899,-294.55908459966,18.6194594304063));
#5900=CARTESIAN_POINT('',(-1038.95982886899,-294.55908459966,21.6194594304063));
#5901=CARTESIAN_POINT('',(-1038.45982886899,-294.55908459966,20.6194594304063));
#5902=CARTESIAN_POINT('',(-1037.95982886899,-294.55908459966,19.6194594304063));
#5903=CARTESIAN_POINT('',(-1037.45982886899,-294.55908459966,18.6194594304063));
#5904=CARTESIAN_POINT('',(-1038.95982886899,-290.80908459966,21.6194594304063));
#5905=CARTESIAN_POINT('',(-1038.45982886899,-291.30908459966,20.6194594304063));
#5906=CARTESIAN_POINT('',(-1037.95982886899,-291.80908459966,19.6194594304063));
#5907=CARTESIAN_POINT('',(-1037.45982886899,-292.30908459966,18.6194594304063));
#5908=CARTESIAN_POINT('',(-1035.20982886899,-290.80908459966,21.6194594304063));
#5909=CARTESIAN_POINT('',(-1035.20982886899,-291.30908459966,20.6194594304063));
#5910=CARTESIAN_POINT('',(-1035.20982886899,-291.80908459966,19.6194594304063));
#5911=CARTESIAN_POINT('',(-1035.20982886899,-292.30908459966,18.6194594304063));
#5912=CARTESIAN_POINT('',(-1031.45982886899,-290.80908459966,21.6194594304063));
#5913=CARTESIAN_POINT('',(-1031.95982886899,-291.30908459966,20.6194594304063));
#5914=CARTESIAN_POINT('',(-1032.45982886899,-291.80908459966,19.6194594304063));
#5915=CARTESIAN_POINT('',(-1032.95982886899,-292.30908459966,18.6194594304063));
#5916=CARTESIAN_POINT('',(-1031.45982886899,-294.55908459966,21.6194594304063));
#5917=CARTESIAN_POINT('',(-1031.95982886899,-294.55908459966,20.6194594304063));
#5918=CARTESIAN_POINT('',(-1032.45982886899,-294.55908459966,19.6194594304063));
#5919=CARTESIAN_POINT('',(-1032.95982886899,-294.55908459966,18.6194594304063));
#5920=CARTESIAN_POINT('',(-1039.03482886899,-298.38408459966,21.6194594304063));
#5921=CARTESIAN_POINT('',(-1038.20982886899,-278.55908459966,21.6194594304063));
#5922=CARTESIAN_POINT('',(-1037.70982886899,-278.55908459966,20.6194594304063));
#5923=CARTESIAN_POINT('',(-1037.20982886899,-278.55908459966,19.6194594304063));
#5924=CARTESIAN_POINT('',(-1036.70982886899,-278.559084599661,18.6194594304063));
#5925=CARTESIAN_POINT('',(-1038.20982886899,-281.559084599659,21.6194594304063));
#5926=CARTESIAN_POINT('',(-1037.70982886899,-281.05908459966,20.6194594304063));
#5927=CARTESIAN_POINT('',(-1037.20982886899,-280.55908459966,19.6194594304063));
#5928=CARTESIAN_POINT('',(-1036.70982886899,-280.05908459966,18.6194594304063));
#5929=CARTESIAN_POINT('',(-1035.20982886899,-281.55908459966,21.6194594304063));
#5930=CARTESIAN_POINT('',(-1035.20982886899,-281.05908459966,20.6194594304063));
#5931=CARTESIAN_POINT('',(-1035.20982886899,-280.55908459966,19.6194594304063));
#5932=CARTESIAN_POINT('',(-1035.20982886899,-280.05908459966,18.6194594304063));
#5933=CARTESIAN_POINT('',(-1032.20982886899,-281.55908459966,21.6194594304063));
#5934=CARTESIAN_POINT('',(-1032.70982886899,-281.05908459966,20.6194594304063));
#5935=CARTESIAN_POINT('',(-1033.20982886899,-280.55908459966,19.6194594304063));
#5936=CARTESIAN_POINT('',(-1033.70982886899,-280.05908459966,18.6194594304063));
#5937=CARTESIAN_POINT('',(-1032.20982886899,-278.55908459966,21.6194594304063));
#5938=CARTESIAN_POINT('',(-1032.70982886899,-278.55908459966,20.6194594304063));
#5939=CARTESIAN_POINT('',(-1033.20982886899,-278.55908459966,19.6194594304063));
#5940=CARTESIAN_POINT('',(-1033.70982886899,-278.55908459966,18.6194594304063));
#5941=CARTESIAN_POINT('',(-1038.95982886899,-278.55908459966,21.6194594304063));
#5942=CARTESIAN_POINT('',(-1038.45982886899,-278.55908459966,20.6194594304063));
#5943=CARTESIAN_POINT('',(-1037.95982886899,-278.55908459966,19.6194594304063));
#5944=CARTESIAN_POINT('',(-1037.45982886899,-278.55908459966,18.6194594304063));
#5945=CARTESIAN_POINT('',(-1038.95982886899,-274.80908459966,21.6194594304063));
#5946=CARTESIAN_POINT('',(-1038.45982886899,-275.30908459966,20.6194594304063));
#5947=CARTESIAN_POINT('',(-1037.95982886899,-275.80908459966,19.6194594304063));
#5948=CARTESIAN_POINT('',(-1037.45982886899,-276.30908459966,18.6194594304063));
#5949=CARTESIAN_POINT('',(-1035.20982886899,-274.80908459966,21.6194594304063));
#5950=CARTESIAN_POINT('',(-1035.20982886899,-275.30908459966,20.6194594304063));
#5951=CARTESIAN_POINT('',(-1035.20982886899,-275.80908459966,19.6194594304063));
#5952=CARTESIAN_POINT('',(-1035.20982886899,-276.30908459966,18.6194594304063));
#5953=CARTESIAN_POINT('',(-1031.45982886899,-274.80908459966,21.6194594304063));
#5954=CARTESIAN_POINT('',(-1031.95982886899,-275.30908459966,20.6194594304063));
#5955=CARTESIAN_POINT('',(-1032.45982886899,-275.80908459966,19.6194594304063));
#5956=CARTESIAN_POINT('',(-1032.95982886899,-276.30908459966,18.6194594304063));
#5957=CARTESIAN_POINT('',(-1031.45982886899,-278.55908459966,21.6194594304063));
#5958=CARTESIAN_POINT('',(-1031.95982886899,-278.55908459966,20.6194594304063));
#5959=CARTESIAN_POINT('',(-1032.45982886899,-278.55908459966,19.6194594304063));
#5960=CARTESIAN_POINT('',(-1032.95982886899,-278.55908459966,18.6194594304063));
#5961=CARTESIAN_POINT('',(-1039.03482886899,-282.38408459966,21.6194594304063));
#5962=CARTESIAN_POINT('',(-1029.45982886899,-286.559084599537,2.24245943040634));
#5963=CARTESIAN_POINT('',(-1029.45982886899,-288.809084599537,2.24245943040634));
#5964=CARTESIAN_POINT('',(-1027.20982886899,-288.809084599537,2.24245943040634));
#5965=CARTESIAN_POINT('',(-1024.95982886899,-288.809084599537,2.24245943040634));
#5966=CARTESIAN_POINT('',(-1024.95982886899,-286.559084599537,2.24245943040634));
#5967=CARTESIAN_POINT('',(-1029.95982886899,-286.559084599537,1.24245943040634));
#5968=CARTESIAN_POINT('',(-1029.95982886899,-289.309084599537,1.24245943040634));
#5969=CARTESIAN_POINT('',(-1027.20982886899,-289.309084599537,1.24245943040634));
#5970=CARTESIAN_POINT('',(-1024.45982886899,-289.309084599537,1.24245943040634));
#5971=CARTESIAN_POINT('',(-1024.45982886899,-286.559084599537,1.24245943040634));
#5972=CARTESIAN_POINT('',(-1030.45982886899,-286.559084599537,0.242459430406342));
#5973=CARTESIAN_POINT('',(-1030.45982886899,-289.809084599537,0.242459430406342));
#5974=CARTESIAN_POINT('',(-1027.20982886899,-289.809084599537,0.242459430406342));
#5975=CARTESIAN_POINT('',(-1023.95982886899,-289.809084599537,0.242459430406342));
#5976=CARTESIAN_POINT('',(-1023.95982886899,-286.559084599537,0.242459430406342));
#5977=CARTESIAN_POINT('',(-1030.95982886899,-286.559084599537,-0.757540569593658));
#5978=CARTESIAN_POINT('',(-1030.95982886899,-290.309084599537,-0.757540569593658));
#5979=CARTESIAN_POINT('',(-1027.20982886899,-290.309084599537,-0.757540569593658));
#5980=CARTESIAN_POINT('',(-1023.45982886899,-290.309084599537,-0.757540569593658));
#5981=CARTESIAN_POINT('',(-1023.45982886899,-286.559084599537,-0.757540569593658));
#5982=CARTESIAN_POINT('',(-1027.20982886899,-267.483321850466,1.1708136519622));
#5983=CARTESIAN_POINT('',(-1031.20982886899,-267.483321850468,1.17081365196169));
#5984=CARTESIAN_POINT('',(-1031.20982886899,-263.624072900777,2.22257291353668));
#5985=CARTESIAN_POINT('',(-1031.20982886899,-259.764823951086,3.27433217511168));
#5986=CARTESIAN_POINT('',(-1027.20982886899,-259.764823951084,3.27433217511218));
#5987=CARTESIAN_POINT('',(-1027.20982886899,-267.263855547149,2.26709579708175));
#5988=CARTESIAN_POINT('',(-1030.70982886899,-267.26385554715,2.26709579708134));
#5989=CARTESIAN_POINT('',(-1030.70982886899,-263.88701271617,3.1873851509595));
#5990=CARTESIAN_POINT('',(-1030.70982886899,-260.51016988519,4.10767450483767));
#5991=CARTESIAN_POINT('',(-1027.20982886899,-260.510169885189,4.10767450483808));
#5992=CARTESIAN_POINT('',(-1027.20982886899,-267.044389243831,3.3633779422013));
#5993=CARTESIAN_POINT('',(-1030.20982886899,-267.044389243833,3.36337794220099));
#5994=CARTESIAN_POINT('',(-1030.20982886899,-264.149952531564,4.15219738838232));
#5995=CARTESIAN_POINT('',(-1030.20982886899,-261.255515819295,4.94101683456366));
#5996=CARTESIAN_POINT('',(-1027.20982886899,-261.255515819294,4.94101683456397));
#5997=CARTESIAN_POINT('',(-1027.20982886899,-266.824922940514,4.45966008732085));
#5998=CARTESIAN_POINT('',(-1029.70982886899,-266.824922940515,4.45966008732063));
#5999=CARTESIAN_POINT('',(-1029.70982886899,-264.412892346957,5.11700962580514));
#6000=CARTESIAN_POINT('',(-1029.70982886899,-262.0008617534,5.77435916428965));
#6001=CARTESIAN_POINT('',(-1027.20982886899,-262.000861753399,5.77435916428986));
#6002=CARTESIAN_POINT('',(-1027.20982886899,-234.019887843881,13.4000005367072));
#6003=CARTESIAN_POINT('',(-1024.70982886899,-234.01988784388,13.4000005367073));
#6004=CARTESIAN_POINT('',(-1024.70982886899,-231.607857250323,14.0573500751917));
#6005=CARTESIAN_POINT('',(-1024.70982886899,-229.195826656766,14.7146996136761));
#6006=CARTESIAN_POINT('',(-1027.20982886899,-229.195826656767,14.714699613676));
#6007=CARTESIAN_POINT('',(-1027.20982886899,-234.239354147191,12.3037183915897));
#6008=CARTESIAN_POINT('',(-1024.20982886899,-234.23935414719,12.3037183915898));
#6009=CARTESIAN_POINT('',(-1024.20982886899,-231.344917434922,13.0925378377711));
#6010=CARTESIAN_POINT('',(-1024.20982886899,-228.450480722654,13.8813572839523));
#6011=CARTESIAN_POINT('',(-1027.20982886899,-228.450480722654,13.8813572839522));
#6012=CARTESIAN_POINT('',(-1027.20982886899,-234.458820450501,11.2074362464722));
#6013=CARTESIAN_POINT('',(-1023.70982886899,-234.4588204505,11.2074362464724));
#6014=CARTESIAN_POINT('',(-1023.70982886899,-231.08197761952,12.1277256003505));
#6015=CARTESIAN_POINT('',(-1023.70982886899,-227.705134788541,13.0480149542285));
#6016=CARTESIAN_POINT('',(-1027.20982886899,-227.705134788541,13.0480149542284));
#6017=CARTESIAN_POINT('',(-1027.20982886899,-234.678286753811,10.1111541013547));
#6018=CARTESIAN_POINT('',(-1023.20982886899,-234.67828675381,10.1111541013549));
#6019=CARTESIAN_POINT('',(-1023.20982886899,-230.819037804119,11.1629133629298));
#6020=CARTESIAN_POINT('',(-1023.20982886899,-226.959788854428,12.2146726245048));
#6021=CARTESIAN_POINT('',(-1027.20982886899,-226.959788854428,12.2146726245046));
#6022=CARTESIAN_POINT('',(-960.534770374564,-242.190891558225,14.1430268460604));
#6023=CARTESIAN_POINT('',(-1004.1763961425,-285.832517326153,-0.757540569593889));
#6024=CARTESIAN_POINT('',(-982.841635827554,-274.55908459966,-0.757540569593635));
#6025=CARTESIAN_POINT('',(-1039.7553606305,-298.55908459966,-3.38935970521892));
#6026=CARTESIAN_POINT('',(-960.534770374564,-298.55908459966,14.1430268460604));
#6027=CARTESIAN_POINT('',(-982.841635827554,-219.884026105234,14.1430268460604));
#6028=CARTESIAN_POINT('',(-1039.20982886899,-221.2047139205,-8.10846916824507));
#6029=CARTESIAN_POINT('',(-1019.20982886899,-278.55908459966,8.35972971520314));
#6030=CARTESIAN_POINT('',(-1040.20982886899,-299.55908459966,-1.90000000000002));
#6031=CARTESIAN_POINT('',(-959.534770374564,-299.55908459966,-1.90000000000002));
#6032=CARTESIAN_POINT('',(-982.427425759304,-218.884026105234,-1.90000000000002));
#6033=CARTESIAN_POINT('',(-1040.20982886899,-218.884026105234,-1.90000000000002));
#6034=CARTESIAN_POINT('',(-982.427425759304,-218.884026105235,-1.90000000000029));
#6035=CARTESIAN_POINT('',(-1024.91482886899,-288.854084599537,11.1194594303845));
#6036=CARTESIAN_POINT('',(-1027.20982886899,-286.559084599537,4.60972971519222));
#6037=CARTESIAN_POINT('',(-1040.20982886899,-218.884026105234,21.6194594304063));
#6038=CARTESIAN_POINT('',(-1035.20982886899,-294.55908459966,8.35972971520314));
#6039=CARTESIAN_POINT('',(-1035.20982886899,-278.559084599661,8.35972971520314));
#6040=CARTESIAN_POINT('',(-1027.20982886899,-232.7390800673,18.2081768165128));
#6041=CARTESIAN_POINT('',(-1027.20982886899,-266.774551040441,13.7827082940635));
#6042=CARTESIAN_POINT('',(-1027.20982886899,-286.559084599537,6.68095943039544));
#6043=CARTESIAN_POINT('',(-1019.20982886899,-278.55908459966,8.93095943040634));
#6044=CARTESIAN_POINT('',(-1019.20982886899,-294.55908459966,8.93095943040634));
#6045=CARTESIAN_POINT('',(-1035.20982886899,-278.55908459966,8.93095943040634));
#6046=CARTESIAN_POINT('',(-1035.20982886899,-294.55908459966,8.93095943040634));
#6047=CARTESIAN_POINT('',(-1027.20982886899,-230.497184555846,9.9819284591245));
#6048=CARTESIAN_POINT('',(-1027.20982886899,-265.73872633861,9.98192845912456));
#6049=CARTESIAN_POINT('',(-1019.20982886899,-294.55908459966,8.35972971520314));
#6050=CARTESIAN_POINT('',(-1029.75982886899,-236.311756580982,21.6194594304063));
#6051=CARTESIAN_POINT('',(-1029.75982886899,-271.553298363747,21.6194594304063));
#6052=CARTESIAN_POINT('',(-1008.1340661198,-286.559084599652,1.1708136519622));
#6053=CARTESIAN_POINT('',(-1007.91459981649,-286.559084599653,2.26709579708175));
#6054=CARTESIAN_POINT('',(-1007.69513351317,-286.559084599653,3.3633779422013));
#6055=CARTESIAN_POINT('',(-1007.47566720985,-286.559084599654,4.45966008732085));
#6056=CARTESIAN_POINT('',(-1008.13406611981,-290.559084599653,1.17081365196169));
#6057=CARTESIAN_POINT('',(-1007.91459981649,-290.059084599653,2.26709579708134));
#6058=CARTESIAN_POINT('',(-1007.69513351317,-289.559084599654,3.36337794220099));
#6059=CARTESIAN_POINT('',(-1007.47566720985,-289.059084599655,4.45966008732063));
#6060=CARTESIAN_POINT('',(-1004.27481717012,-290.559084599655,2.22257291353668));
#6061=CARTESIAN_POINT('',(-1004.53775698551,-290.059084599655,3.1873851509595));
#6062=CARTESIAN_POINT('',(-1004.8006968009,-289.559084599655,4.15219738838232));
#6063=CARTESIAN_POINT('',(-1005.0636366163,-289.059084599656,5.11700962580514));
#6064=CARTESIAN_POINT('',(-1000.41556822042,-290.559084599658,3.27433217511168));
#6065=CARTESIAN_POINT('',(-1001.16091415453,-290.059084599658,4.10767450483767));
#6066=CARTESIAN_POINT('',(-1001.90626008863,-289.559084599657,4.94101683456366));
#6067=CARTESIAN_POINT('',(-1002.65160602274,-289.059084599657,5.77435916428965));
#6068=CARTESIAN_POINT('',(-1000.41556822042,-286.559084599657,3.27433217511218));
#6069=CARTESIAN_POINT('',(-1001.16091415453,-286.559084599657,4.10767450483808));
#6070=CARTESIAN_POINT('',(-1001.90626008863,-286.559084599657,4.94101683456397));
#6071=CARTESIAN_POINT('',(-1002.65160602274,-286.559084599656,5.77435916428986));
#6072=CARTESIAN_POINT('',(-974.670632113218,-286.55908459966,13.4000005367072));
#6073=CARTESIAN_POINT('',(-974.890098416528,-286.55908459966,12.3037183915897));
#6074=CARTESIAN_POINT('',(-975.109564719838,-286.55908459966,11.2074362464722));
#6075=CARTESIAN_POINT('',(-975.329031023148,-286.559084599659,10.1111541013547));
#6076=CARTESIAN_POINT('',(-974.670632113218,-284.05908459966,13.4000005367073));
#6077=CARTESIAN_POINT('',(-974.890098416528,-283.55908459966,12.3037183915898));
#6078=CARTESIAN_POINT('',(-975.109564719837,-283.05908459966,11.2074362464724));
#6079=CARTESIAN_POINT('',(-975.329031023147,-282.55908459966,10.1111541013549));
#6080=CARTESIAN_POINT('',(-972.258601519661,-284.05908459966,14.0573500751917));
#6081=CARTESIAN_POINT('',(-971.995661704259,-283.55908459966,13.0925378377711));
#6082=CARTESIAN_POINT('',(-971.732721888857,-283.05908459966,12.1277256003505));
#6083=CARTESIAN_POINT('',(-971.469782073456,-282.55908459966,11.1629133629298));
#6084=CARTESIAN_POINT('',(-969.846570926104,-284.059084599661,14.7146996136761));
#6085=CARTESIAN_POINT('',(-969.101224991991,-283.559084599662,13.8813572839523));
#6086=CARTESIAN_POINT('',(-968.355879057878,-283.059084599662,13.0480149542285));
#6087=CARTESIAN_POINT('',(-967.610533123765,-282.559084599662,12.2146726245048));
#6088=CARTESIAN_POINT('',(-969.846570926104,-286.559084599661,14.714699613676));
#6089=CARTESIAN_POINT('',(-969.101224991992,-286.559084599661,13.8813572839522));
#6090=CARTESIAN_POINT('',(-968.355879057879,-286.559084599662,13.0480149542284));
#6091=CARTESIAN_POINT('',(-967.610533123766,-286.559084599662,12.2146726245046));
#6092=CARTESIAN_POINT('',(-1015.20982886899,-242.190891558219,-0.757540569593635));
#6093=CARTESIAN_POINT('',(-973.389824336638,-286.55908459966,18.2081768165127));
#6094=CARTESIAN_POINT('',(-1007.42529530978,-286.559084599655,13.7827082940636));
#6095=CARTESIAN_POINT('',(-971.147928825183,-286.559084599661,9.98192845912463));
#6096=CARTESIAN_POINT('',(-1006.38947060795,-286.559084599654,9.98192845912453));
#6097=CARTESIAN_POINT('',(-976.96250085032,-289.10908459966,21.6194594304063));
#6098=CARTESIAN_POINT('',(-1012.20404263309,-289.109084599654,21.6194594304063));
#6099=CARTESIAN_POINT('',(-1040.20982886899,-299.55908459966,-1.90000000000002));
#6100=CARTESIAN_POINT('',(-1041.60982886899,-272.15908459966,-0.757540569593658));
#6101=CARTESIAN_POINT('',(-1016.20982886899,-294.55908459966,21.6194594304063));
#6102=CARTESIAN_POINT('',(-1016.70982886899,-294.55908459966,20.6194594304063));
#6103=CARTESIAN_POINT('',(-1017.20982886899,-294.55908459966,19.6194594304063));
#6104=CARTESIAN_POINT('',(-1017.70982886899,-294.55908459966,18.6194594304063));
#6105=CARTESIAN_POINT('',(-1016.20982886899,-291.559084599661,21.6194594304063));
#6106=CARTESIAN_POINT('',(-1016.70982886899,-292.05908459966,20.6194594304063));
#6107=CARTESIAN_POINT('',(-1017.20982886899,-292.55908459966,19.6194594304063));
#6108=CARTESIAN_POINT('',(-1017.70982886899,-293.05908459966,18.6194594304063));
#6109=CARTESIAN_POINT('',(-1019.20982886899,-291.55908459966,21.6194594304063));
#6110=CARTESIAN_POINT('',(-1019.20982886899,-292.05908459966,20.6194594304063));
#6111=CARTESIAN_POINT('',(-1019.20982886899,-292.55908459966,19.6194594304063));
#6112=CARTESIAN_POINT('',(-1019.20982886899,-293.059084599661,18.6194594304063));
#6113=CARTESIAN_POINT('',(-1022.20982886899,-291.55908459966,21.6194594304063));
#6114=CARTESIAN_POINT('',(-1021.70982886899,-292.05908459966,20.6194594304063));
#6115=CARTESIAN_POINT('',(-1021.20982886899,-292.55908459966,19.6194594304063));
#6116=CARTESIAN_POINT('',(-1020.70982886899,-293.059084599661,18.6194594304063));
#6117=CARTESIAN_POINT('',(-1022.20982886899,-294.559084599659,21.6194594304063));
#6118=CARTESIAN_POINT('',(-1021.70982886899,-294.55908459966,20.6194594304063));
#6119=CARTESIAN_POINT('',(-1021.20982886899,-294.55908459966,19.6194594304063));
#6120=CARTESIAN_POINT('',(-1020.70982886899,-294.55908459966,18.6194594304063));
#6121=CARTESIAN_POINT('',(-1015.45982886899,-294.55908459966,21.6194594304063));
#6122=CARTESIAN_POINT('',(-1015.95982886899,-294.55908459966,20.6194594304063));
#6123=CARTESIAN_POINT('',(-1016.45982886899,-294.55908459966,19.6194594304063));
#6124=CARTESIAN_POINT('',(-1016.95982886899,-294.55908459966,18.6194594304063));
#6125=CARTESIAN_POINT('',(-1015.45982886899,-298.30908459966,21.6194594304063));
#6126=CARTESIAN_POINT('',(-1015.95982886899,-297.80908459966,20.6194594304063));
#6127=CARTESIAN_POINT('',(-1016.45982886899,-297.30908459966,19.6194594304063));
#6128=CARTESIAN_POINT('',(-1016.95982886899,-296.80908459966,18.6194594304063));
#6129=CARTESIAN_POINT('',(-1019.20982886899,-298.30908459966,21.6194594304063));
#6130=CARTESIAN_POINT('',(-1019.20982886899,-297.80908459966,20.6194594304063));
#6131=CARTESIAN_POINT('',(-1019.20982886899,-297.30908459966,19.6194594304063));
#6132=CARTESIAN_POINT('',(-1019.20982886899,-296.80908459966,18.6194594304063));
#6133=CARTESIAN_POINT('',(-1022.95982886899,-298.30908459966,21.6194594304063));
#6134=CARTESIAN_POINT('',(-1022.45982886899,-297.80908459966,20.6194594304063));
#6135=CARTESIAN_POINT('',(-1021.95982886899,-297.30908459966,19.6194594304063));
#6136=CARTESIAN_POINT('',(-1021.45982886899,-296.80908459966,18.6194594304063));
#6137=CARTESIAN_POINT('',(-1022.95982886899,-294.55908459966,21.6194594304063));
#6138=CARTESIAN_POINT('',(-1022.45982886899,-294.55908459966,20.6194594304063));
#6139=CARTESIAN_POINT('',(-1021.95982886899,-294.55908459966,19.6194594304063));
#6140=CARTESIAN_POINT('',(-1021.45982886899,-294.55908459966,18.6194594304063));
#6141=CARTESIAN_POINT('',(-1016.20982886899,-278.55908459966,21.6194594304063));
#6142=CARTESIAN_POINT('',(-1016.70982886899,-278.55908459966,20.6194594304063));
#6143=CARTESIAN_POINT('',(-1017.20982886899,-278.55908459966,19.6194594304063));
#6144=CARTESIAN_POINT('',(-1017.70982886899,-278.55908459966,18.6194594304063));
#6145=CARTESIAN_POINT('',(-1016.20982886899,-275.559084599661,21.6194594304063));
#6146=CARTESIAN_POINT('',(-1016.70982886899,-276.05908459966,20.6194594304063));
#6147=CARTESIAN_POINT('',(-1017.20982886899,-276.55908459966,19.6194594304063));
#6148=CARTESIAN_POINT('',(-1017.70982886899,-277.05908459966,18.6194594304063));
#6149=CARTESIAN_POINT('',(-1019.20982886899,-275.55908459966,21.6194594304063));
#6150=CARTESIAN_POINT('',(-1019.20982886899,-276.05908459966,20.6194594304063));
#6151=CARTESIAN_POINT('',(-1019.20982886899,-276.55908459966,19.6194594304063));
#6152=CARTESIAN_POINT('',(-1019.20982886899,-277.059084599661,18.6194594304063));
#6153=CARTESIAN_POINT('',(-1022.20982886899,-275.55908459966,21.6194594304063));
#6154=CARTESIAN_POINT('',(-1021.70982886899,-276.05908459966,20.6194594304063));
#6155=CARTESIAN_POINT('',(-1021.20982886899,-276.55908459966,19.6194594304063));
#6156=CARTESIAN_POINT('',(-1020.70982886899,-277.059084599661,18.6194594304063));
#6157=CARTESIAN_POINT('',(-1022.20982886899,-278.559084599659,21.6194594304063));
#6158=CARTESIAN_POINT('',(-1021.70982886899,-278.55908459966,20.6194594304063));
#6159=CARTESIAN_POINT('',(-1021.20982886899,-278.55908459966,19.6194594304063));
#6160=CARTESIAN_POINT('',(-1020.70982886899,-278.55908459966,18.6194594304063));
#6161=CARTESIAN_POINT('',(-1015.45982886899,-278.55908459966,21.6194594304063));
#6162=CARTESIAN_POINT('',(-1015.95982886899,-278.55908459966,20.6194594304063));
#6163=CARTESIAN_POINT('',(-1016.45982886899,-278.55908459966,19.6194594304063));
#6164=CARTESIAN_POINT('',(-1016.95982886899,-278.55908459966,18.6194594304063));
#6165=CARTESIAN_POINT('',(-1015.45982886899,-282.30908459966,21.6194594304063));
#6166=CARTESIAN_POINT('',(-1015.95982886899,-281.80908459966,20.6194594304063));
#6167=CARTESIAN_POINT('',(-1016.45982886899,-281.30908459966,19.6194594304063));
#6168=CARTESIAN_POINT('',(-1016.95982886899,-280.80908459966,18.6194594304063));
#6169=CARTESIAN_POINT('',(-1019.20982886899,-282.30908459966,21.6194594304063));
#6170=CARTESIAN_POINT('',(-1019.20982886899,-281.80908459966,20.6194594304063));
#6171=CARTESIAN_POINT('',(-1019.20982886899,-281.30908459966,19.6194594304063));
#6172=CARTESIAN_POINT('',(-1019.20982886899,-280.80908459966,18.6194594304063));
#6173=CARTESIAN_POINT('',(-1022.95982886899,-282.30908459966,21.6194594304063));
#6174=CARTESIAN_POINT('',(-1022.45982886899,-281.80908459966,20.6194594304063));
#6175=CARTESIAN_POINT('',(-1021.95982886899,-281.30908459966,19.6194594304063));
#6176=CARTESIAN_POINT('',(-1021.45982886899,-280.80908459966,18.6194594304063));
#6177=CARTESIAN_POINT('',(-1022.95982886899,-278.55908459966,21.6194594304063));
#6178=CARTESIAN_POINT('',(-1022.45982886899,-278.55908459966,20.6194594304063));
#6179=CARTESIAN_POINT('',(-1021.95982886899,-278.55908459966,19.6194594304063));
#6180=CARTESIAN_POINT('',(-1021.45982886899,-278.55908459966,18.6194594304063));
#6181=CARTESIAN_POINT('',(-1032.20982886899,-294.55908459966,21.6194594304063));
#6182=CARTESIAN_POINT('',(-1032.70982886899,-294.55908459966,20.6194594304063));
#6183=CARTESIAN_POINT('',(-1033.20982886899,-294.55908459966,19.6194594304063));
#6184=CARTESIAN_POINT('',(-1033.70982886899,-294.55908459966,18.6194594304063));
#6185=CARTESIAN_POINT('',(-1032.20982886899,-291.559084599661,21.6194594304063));
#6186=CARTESIAN_POINT('',(-1032.70982886899,-292.05908459966,20.6194594304063));
#6187=CARTESIAN_POINT('',(-1033.20982886899,-292.55908459966,19.6194594304063));
#6188=CARTESIAN_POINT('',(-1033.70982886899,-293.05908459966,18.6194594304063));
#6189=CARTESIAN_POINT('',(-1035.20982886899,-291.55908459966,21.6194594304063));
#6190=CARTESIAN_POINT('',(-1035.20982886899,-292.05908459966,20.6194594304063));
#6191=CARTESIAN_POINT('',(-1035.20982886899,-292.55908459966,19.6194594304063));
#6192=CARTESIAN_POINT('',(-1035.20982886899,-293.059084599661,18.6194594304063));
#6193=CARTESIAN_POINT('',(-1038.20982886899,-291.55908459966,21.6194594304063));
#6194=CARTESIAN_POINT('',(-1037.70982886899,-292.05908459966,20.6194594304063));
#6195=CARTESIAN_POINT('',(-1037.20982886899,-292.55908459966,19.6194594304063));
#6196=CARTESIAN_POINT('',(-1036.70982886899,-293.059084599661,18.6194594304063));
#6197=CARTESIAN_POINT('',(-1038.20982886899,-294.559084599659,21.6194594304063));
#6198=CARTESIAN_POINT('',(-1037.70982886899,-294.55908459966,20.6194594304063));
#6199=CARTESIAN_POINT('',(-1037.20982886899,-294.55908459966,19.6194594304063));
#6200=CARTESIAN_POINT('',(-1036.70982886899,-294.55908459966,18.6194594304063));
#6201=CARTESIAN_POINT('',(-1031.45982886899,-294.55908459966,21.6194594304063));
#6202=CARTESIAN_POINT('',(-1031.95982886899,-294.55908459966,20.6194594304063));
#6203=CARTESIAN_POINT('',(-1032.45982886899,-294.55908459966,19.6194594304063));
#6204=CARTESIAN_POINT('',(-1032.95982886899,-294.55908459966,18.6194594304063));
#6205=CARTESIAN_POINT('',(-1031.45982886899,-298.30908459966,21.6194594304063));
#6206=CARTESIAN_POINT('',(-1031.95982886899,-297.80908459966,20.6194594304063));
#6207=CARTESIAN_POINT('',(-1032.45982886899,-297.30908459966,19.6194594304063));
#6208=CARTESIAN_POINT('',(-1032.95982886899,-296.80908459966,18.6194594304063));
#6209=CARTESIAN_POINT('',(-1035.20982886899,-298.30908459966,21.6194594304063));
#6210=CARTESIAN_POINT('',(-1035.20982886899,-297.80908459966,20.6194594304063));
#6211=CARTESIAN_POINT('',(-1035.20982886899,-297.30908459966,19.6194594304063));
#6212=CARTESIAN_POINT('',(-1035.20982886899,-296.80908459966,18.6194594304063));
#6213=CARTESIAN_POINT('',(-1038.95982886899,-298.30908459966,21.6194594304063));
#6214=CARTESIAN_POINT('',(-1038.45982886899,-297.80908459966,20.6194594304063));
#6215=CARTESIAN_POINT('',(-1037.95982886899,-297.30908459966,19.6194594304063));
#6216=CARTESIAN_POINT('',(-1037.45982886899,-296.80908459966,18.6194594304063));
#6217=CARTESIAN_POINT('',(-1038.95982886899,-294.55908459966,21.6194594304063));
#6218=CARTESIAN_POINT('',(-1038.45982886899,-294.55908459966,20.6194594304063));
#6219=CARTESIAN_POINT('',(-1037.95982886899,-294.55908459966,19.6194594304063));
#6220=CARTESIAN_POINT('',(-1037.45982886899,-294.55908459966,18.6194594304063));
#6221=CARTESIAN_POINT('',(-1032.20982886899,-278.55908459966,21.6194594304063));
#6222=CARTESIAN_POINT('',(-1032.70982886899,-278.55908459966,20.6194594304063));
#6223=CARTESIAN_POINT('',(-1033.20982886899,-278.55908459966,19.6194594304063));
#6224=CARTESIAN_POINT('',(-1033.70982886899,-278.55908459966,18.6194594304063));
#6225=CARTESIAN_POINT('',(-1032.20982886899,-275.559084599661,21.6194594304063));
#6226=CARTESIAN_POINT('',(-1032.70982886899,-276.059084599661,20.6194594304063));
#6227=CARTESIAN_POINT('',(-1033.20982886899,-276.559084599661,19.6194594304063));
#6228=CARTESIAN_POINT('',(-1033.70982886899,-277.059084599661,18.6194594304063));
#6229=CARTESIAN_POINT('',(-1035.20982886899,-275.55908459966,21.6194594304063));
#6230=CARTESIAN_POINT('',(-1035.20982886899,-276.059084599661,20.6194594304063));
#6231=CARTESIAN_POINT('',(-1035.20982886899,-276.559084599661,19.6194594304063));
#6232=CARTESIAN_POINT('',(-1035.20982886899,-277.059084599661,18.6194594304063));
#6233=CARTESIAN_POINT('',(-1038.20982886899,-275.55908459966,21.6194594304063));
#6234=CARTESIAN_POINT('',(-1037.70982886899,-276.05908459966,20.6194594304063));
#6235=CARTESIAN_POINT('',(-1037.20982886899,-276.559084599661,19.6194594304063));
#6236=CARTESIAN_POINT('',(-1036.70982886899,-277.059084599661,18.6194594304063));
#6237=CARTESIAN_POINT('',(-1038.20982886899,-278.55908459966,21.6194594304063));
#6238=CARTESIAN_POINT('',(-1037.70982886899,-278.55908459966,20.6194594304063));
#6239=CARTESIAN_POINT('',(-1037.20982886899,-278.55908459966,19.6194594304063));
#6240=CARTESIAN_POINT('',(-1036.70982886899,-278.559084599661,18.6194594304063));
#6241=CARTESIAN_POINT('',(-1031.45982886899,-278.55908459966,21.6194594304063));
#6242=CARTESIAN_POINT('',(-1031.95982886899,-278.55908459966,20.6194594304063));
#6243=CARTESIAN_POINT('',(-1032.45982886899,-278.55908459966,19.6194594304063));
#6244=CARTESIAN_POINT('',(-1032.95982886899,-278.55908459966,18.6194594304063));
#6245=CARTESIAN_POINT('',(-1031.45982886899,-282.30908459966,21.6194594304063));
#6246=CARTESIAN_POINT('',(-1031.95982886899,-281.80908459966,20.6194594304063));
#6247=CARTESIAN_POINT('',(-1032.45982886899,-281.30908459966,19.6194594304063));
#6248=CARTESIAN_POINT('',(-1032.95982886899,-280.80908459966,18.6194594304063));
#6249=CARTESIAN_POINT('',(-1035.20982886899,-282.30908459966,21.6194594304063));
#6250=CARTESIAN_POINT('',(-1035.20982886899,-281.80908459966,20.6194594304063));
#6251=CARTESIAN_POINT('',(-1035.20982886899,-281.30908459966,19.6194594304063));
#6252=CARTESIAN_POINT('',(-1035.20982886899,-280.80908459966,18.6194594304063));
#6253=CARTESIAN_POINT('',(-1038.95982886899,-282.30908459966,21.6194594304063));
#6254=CARTESIAN_POINT('',(-1038.45982886899,-281.80908459966,20.6194594304063));
#6255=CARTESIAN_POINT('',(-1037.95982886899,-281.30908459966,19.6194594304063));
#6256=CARTESIAN_POINT('',(-1037.45982886899,-280.80908459966,18.6194594304063));
#6257=CARTESIAN_POINT('',(-1038.95982886899,-278.55908459966,21.6194594304063));
#6258=CARTESIAN_POINT('',(-1038.45982886899,-278.55908459966,20.6194594304063));
#6259=CARTESIAN_POINT('',(-1037.95982886899,-278.55908459966,19.6194594304063));
#6260=CARTESIAN_POINT('',(-1037.45982886899,-278.55908459966,18.6194594304063));
#6261=CARTESIAN_POINT('',(-1024.95982886899,-286.559084599537,2.24245943040634));
#6262=CARTESIAN_POINT('',(-1024.95982886899,-284.309084599537,2.24245943040634));
#6263=CARTESIAN_POINT('',(-1027.20982886899,-284.309084599537,2.24245943040634));
#6264=CARTESIAN_POINT('',(-1029.45982886899,-284.309084599537,2.24245943040634));
#6265=CARTESIAN_POINT('',(-1029.45982886899,-286.559084599537,2.24245943040634));
#6266=CARTESIAN_POINT('',(-1024.45982886899,-286.559084599537,1.24245943040634));
#6267=CARTESIAN_POINT('',(-1024.45982886899,-283.809084599537,1.24245943040634));
#6268=CARTESIAN_POINT('',(-1027.20982886899,-283.809084599537,1.24245943040634));
#6269=CARTESIAN_POINT('',(-1029.95982886899,-283.809084599537,1.24245943040634));
#6270=CARTESIAN_POINT('',(-1029.95982886899,-286.559084599537,1.24245943040634));
#6271=CARTESIAN_POINT('',(-1023.95982886899,-286.559084599537,0.242459430406342));
#6272=CARTESIAN_POINT('',(-1023.95982886899,-283.309084599537,0.242459430406342));
#6273=CARTESIAN_POINT('',(-1027.20982886899,-283.309084599537,0.242459430406342));
#6274=CARTESIAN_POINT('',(-1030.45982886899,-283.309084599537,0.242459430406342));
#6275=CARTESIAN_POINT('',(-1030.45982886899,-286.559084599537,0.242459430406342));
#6276=CARTESIAN_POINT('',(-1023.45982886899,-286.559084599537,-0.757540569593658));
#6277=CARTESIAN_POINT('',(-1023.45982886899,-282.809084599537,-0.757540569593658));
#6278=CARTESIAN_POINT('',(-1027.20982886899,-282.809084599537,-0.757540569593658));
#6279=CARTESIAN_POINT('',(-1030.95982886899,-282.809084599537,-0.757540569593658));
#6280=CARTESIAN_POINT('',(-1030.95982886899,-286.559084599537,-0.757540569593658));
#6281=CARTESIAN_POINT('',(-1027.20982886899,-259.764823951084,3.27433217511218));
#6282=CARTESIAN_POINT('',(-1023.20982886899,-259.764823951082,3.27433217511269));
#6283=CARTESIAN_POINT('',(-1023.20982886899,-263.624072900773,2.2225729135377));
#6284=CARTESIAN_POINT('',(-1023.20982886899,-267.483321850465,1.17081365196271));
#6285=CARTESIAN_POINT('',(-1027.20982886899,-267.483321850466,1.1708136519622));
#6286=CARTESIAN_POINT('',(-1027.20982886899,-260.510169885189,4.10767450483808));
#6287=CARTESIAN_POINT('',(-1023.70982886899,-260.510169885187,4.10767450483849));
#6288=CARTESIAN_POINT('',(-1023.70982886899,-263.887012716167,3.18738515096032));
#6289=CARTESIAN_POINT('',(-1023.70982886899,-267.263855547148,2.26709579708216));
#6290=CARTESIAN_POINT('',(-1027.20982886899,-267.263855547149,2.26709579708175));
#6291=CARTESIAN_POINT('',(-1027.20982886899,-261.255515819294,4.94101683456397));
#6292=CARTESIAN_POINT('',(-1024.20982886899,-261.255515819293,4.94101683456428));
#6293=CARTESIAN_POINT('',(-1024.20982886899,-264.149952531561,4.15219738838294));
#6294=CARTESIAN_POINT('',(-1024.20982886899,-267.04438924383,3.36337794220161));
#6295=CARTESIAN_POINT('',(-1027.20982886899,-267.044389243831,3.3633779422013));
#6296=CARTESIAN_POINT('',(-1027.20982886899,-262.000861753399,5.77435916428986));
#6297=CARTESIAN_POINT('',(-1024.70982886899,-262.000861753398,5.77435916429007));
#6298=CARTESIAN_POINT('',(-1024.70982886899,-264.412892346956,5.11700962580556));
#6299=CARTESIAN_POINT('',(-1024.70982886899,-266.824922940513,4.45966008732106));
#6300=CARTESIAN_POINT('',(-1027.20982886899,-266.824922940514,4.45966008732085));
#6301=CARTESIAN_POINT('',(-1027.20982886899,-229.195826656767,14.714699613676));
#6302=CARTESIAN_POINT('',(-1029.70982886899,-229.195826656767,14.7146996136759));
#6303=CARTESIAN_POINT('',(-1029.70982886899,-231.607857250324,14.0573500751916));
#6304=CARTESIAN_POINT('',(-1029.70982886899,-234.019887843881,13.4000005367072));
#6305=CARTESIAN_POINT('',(-1027.20982886899,-234.019887843881,13.4000005367072));
#6306=CARTESIAN_POINT('',(-1027.20982886899,-228.450480722654,13.8813572839522));
#6307=CARTESIAN_POINT('',(-1030.20982886899,-228.450480722654,13.8813572839521));
#6308=CARTESIAN_POINT('',(-1030.20982886899,-231.344917434923,13.0925378377709));
#6309=CARTESIAN_POINT('',(-1030.20982886899,-234.239354147191,12.3037183915896));
#6310=CARTESIAN_POINT('',(-1027.20982886899,-234.239354147191,12.3037183915897));
#6311=CARTESIAN_POINT('',(-1027.20982886899,-227.705134788541,13.0480149542284));
#6312=CARTESIAN_POINT('',(-1030.70982886899,-227.705134788542,13.0480149542283));
#6313=CARTESIAN_POINT('',(-1030.70982886899,-231.081977619521,12.1277256003502));
#6314=CARTESIAN_POINT('',(-1030.70982886899,-234.458820450501,11.2074362464721));
#6315=CARTESIAN_POINT('',(-1027.20982886899,-234.458820450501,11.2074362464722));
#6316=CARTESIAN_POINT('',(-1027.20982886899,-226.959788854428,12.2146726245046));
#6317=CARTESIAN_POINT('',(-1031.20982886899,-226.959788854429,12.2146726245044));
#6318=CARTESIAN_POINT('',(-1031.20982886899,-230.81903780412,11.1629133629295));
#6319=CARTESIAN_POINT('',(-1031.20982886899,-234.678286753811,10.1111541013545));
#6320=CARTESIAN_POINT('',(-1027.20982886899,-234.678286753811,10.1111541013547));
#6321=CARTESIAN_POINT('',(-1019.20982886899,-278.55908459966,8.35972971520314));
#6322=CARTESIAN_POINT('',(-1027.20982886899,-286.559084599537,4.60972971519222));
#6323=CARTESIAN_POINT('',(-1035.20982886899,-294.55908459966,8.35972971520314));
#6324=CARTESIAN_POINT('',(-1035.20982886899,-278.559084599661,8.35972971520314));
#6325=CARTESIAN_POINT('',(-1027.20982886899,-232.7390800673,18.2081768165128));
#6326=CARTESIAN_POINT('',(-1027.20982886899,-266.774551040441,13.7827082940636));
#6327=CARTESIAN_POINT('',(-1027.20982886899,-286.559084599537,6.68095943039544));
#6328=CARTESIAN_POINT('',(-1019.20982886899,-278.55908459966,8.93095943040634));
#6329=CARTESIAN_POINT('',(-1019.20982886899,-294.55908459966,8.93095943040634));
#6330=CARTESIAN_POINT('',(-1035.20982886899,-278.559084599661,8.93095943040634));
#6331=CARTESIAN_POINT('',(-1035.20982886899,-294.55908459966,8.93095943040634));
#6332=CARTESIAN_POINT('',(-1027.20982886899,-230.497184555845,9.98192845912456));
#6333=CARTESIAN_POINT('',(-1027.20982886899,-265.73872633861,9.98192845912456));
#6334=CARTESIAN_POINT('',(-1019.20982886899,-294.55908459966,8.35972971520314));
#6335=CARTESIAN_POINT('',(-1000.41556822042,-286.559084599657,3.27433217511218));
#6336=CARTESIAN_POINT('',(-1001.16091415453,-286.559084599657,4.10767450483808));
#6337=CARTESIAN_POINT('',(-1001.90626008863,-286.559084599657,4.94101683456397));
#6338=CARTESIAN_POINT('',(-1002.65160602274,-286.559084599656,5.77435916428986));
#6339=CARTESIAN_POINT('',(-1000.41556822042,-282.559084599657,3.27433217511269));
#6340=CARTESIAN_POINT('',(-1001.16091415452,-283.059084599656,4.10767450483849));
#6341=CARTESIAN_POINT('',(-1001.90626008863,-283.559084599656,4.94101683456428));
#6342=CARTESIAN_POINT('',(-1002.65160602274,-284.059084599656,5.77435916429007));
#6343=CARTESIAN_POINT('',(-1004.27481717011,-282.559084599654,2.2225729135377));
#6344=CARTESIAN_POINT('',(-1004.5377569855,-283.059084599654,3.18738515096032));
#6345=CARTESIAN_POINT('',(-1004.8006968009,-283.559084599654,4.15219738838294));
#6346=CARTESIAN_POINT('',(-1005.06363661629,-284.059084599654,5.11700962580556));
#6347=CARTESIAN_POINT('',(-1008.1340661198,-282.559084599652,1.17081365196271));
#6348=CARTESIAN_POINT('',(-1007.91459981648,-283.059084599652,2.26709579708216));
#6349=CARTESIAN_POINT('',(-1007.69513351317,-283.559084599653,3.36337794220161));
#6350=CARTESIAN_POINT('',(-1007.47566720985,-284.059084599653,4.45966008732106));
#6351=CARTESIAN_POINT('',(-1008.1340661198,-286.559084599652,1.1708136519622));
#6352=CARTESIAN_POINT('',(-1007.91459981649,-286.559084599653,2.26709579708175));
#6353=CARTESIAN_POINT('',(-1007.69513351317,-286.559084599653,3.3633779422013));
#6354=CARTESIAN_POINT('',(-1007.47566720985,-286.559084599654,4.45966008732085));
#6355=CARTESIAN_POINT('',(-969.846570926104,-286.559084599661,14.714699613676));
#6356=CARTESIAN_POINT('',(-969.101224991992,-286.559084599661,13.8813572839522));
#6357=CARTESIAN_POINT('',(-968.355879057879,-286.559084599662,13.0480149542284));
#6358=CARTESIAN_POINT('',(-967.610533123766,-286.559084599662,12.2146726245046));
#6359=CARTESIAN_POINT('',(-969.846570926105,-289.059084599662,14.7146996136759));
#6360=CARTESIAN_POINT('',(-969.101224991992,-289.559084599662,13.8813572839521));
#6361=CARTESIAN_POINT('',(-968.35587905788,-290.059084599662,13.0480149542283));
#6362=CARTESIAN_POINT('',(-967.610533123767,-290.559084599662,12.2146726245044));
#6363=CARTESIAN_POINT('',(-972.258601519662,-289.059084599661,14.0573500751916));
#6364=CARTESIAN_POINT('',(-971.995661704261,-289.559084599661,13.0925378377709));
#6365=CARTESIAN_POINT('',(-971.732721888859,-290.05908459966,12.1277256003502));
#6366=CARTESIAN_POINT('',(-971.469782073458,-290.55908459966,11.1629133629295));
#6367=CARTESIAN_POINT('',(-974.670632113219,-289.05908459966,13.4000005367072));
#6368=CARTESIAN_POINT('',(-974.890098416529,-289.55908459966,12.3037183915896));
#6369=CARTESIAN_POINT('',(-975.109564719839,-290.05908459966,11.2074362464721));
#6370=CARTESIAN_POINT('',(-975.329031023149,-290.55908459966,10.1111541013545));
#6371=CARTESIAN_POINT('',(-974.670632113218,-286.55908459966,13.4000005367072));
#6372=CARTESIAN_POINT('',(-974.890098416528,-286.55908459966,12.3037183915897));
#6373=CARTESIAN_POINT('',(-975.109564719838,-286.55908459966,11.2074362464722));
#6374=CARTESIAN_POINT('',(-975.329031023148,-286.559084599659,10.1111541013547));
#6375=CARTESIAN_POINT('',(-973.389824336638,-286.55908459966,18.2081768165128));
#6376=CARTESIAN_POINT('',(-1007.42529530978,-286.559084599654,13.7827082940635));
#6377=CARTESIAN_POINT('',(-971.147928825183,-286.559084599661,9.98192845912459));
#6378=CARTESIAN_POINT('',(-1006.38947060795,-286.559084599655,9.98192845912456));
#6379=CARTESIAN_POINT('',(-1016.20982886899,-294.55908459966,21.6194594304063));
#6380=CARTESIAN_POINT('',(-1017.70982886899,-294.55908459966,18.6194594304063));
#6381=CARTESIAN_POINT('',(-1015.45982886899,-294.55908459966,21.6194594304063));
#6382=CARTESIAN_POINT('',(-1016.95982886899,-294.55908459966,18.6194594304063));
#6383=CARTESIAN_POINT('',(-1016.20982886899,-278.55908459966,21.6194594304063));
#6384=CARTESIAN_POINT('',(-1017.70982886899,-278.55908459966,18.6194594304063));
#6385=CARTESIAN_POINT('',(-1015.45982886899,-278.55908459966,21.6194594304063));
#6386=CARTESIAN_POINT('',(-1016.95982886899,-278.55908459966,18.6194594304063));
#6387=CARTESIAN_POINT('',(-1032.20982886899,-294.55908459966,21.6194594304063));
#6388=CARTESIAN_POINT('',(-1033.70982886899,-294.55908459966,18.6194594304063));
#6389=CARTESIAN_POINT('',(-1031.45982886899,-294.55908459966,21.6194594304063));
#6390=CARTESIAN_POINT('',(-1032.95982886899,-294.55908459966,18.6194594304063));
#6391=CARTESIAN_POINT('',(-1032.20982886899,-278.55908459966,21.6194594304063));
#6392=CARTESIAN_POINT('',(-1033.70982886899,-278.55908459966,18.6194594304063));
#6393=CARTESIAN_POINT('',(-1031.45982886899,-278.55908459966,21.6194594304063));
#6394=CARTESIAN_POINT('',(-1032.95982886899,-278.55908459966,18.6194594304063));
#6395=CARTESIAN_POINT('',(-1032.95982886899,-294.55908459966,-0.757540569593658));
#6396=CARTESIAN_POINT('',(-1032.95982886899,-278.55908459966,-0.757540569593658));
#6397=CARTESIAN_POINT('',(-1016.95982886899,-294.55908459966,-0.757540569593658));
#6398=CARTESIAN_POINT('',(-1016.95982886899,-278.55908459966,-0.757540569593658));
#6399=CARTESIAN_POINT('',(-1024.95982886899,-286.559084599537,2.24245943040634));
#6400=CARTESIAN_POINT('',(-1023.45982886899,-286.559084599537,-0.757540569593658));
#6401=CARTESIAN_POINT('',(-1027.20982886899,-259.764823951084,3.27433217511218));
#6402=CARTESIAN_POINT('',(-1027.20982886899,-262.000861753399,5.77435916428986));
#6403=CARTESIAN_POINT('',(-1027.20982886899,-229.195826656767,14.714699613676));
#6404=CARTESIAN_POINT('',(-1027.20982886899,-226.959788854428,12.2146726245046));
#6405=CARTESIAN_POINT('',(-982.841635827554,-219.884026105234,14.1430268460604));
#6406=CARTESIAN_POINT('',(-983.99147614952,-221.605772252092,21.6194594304064));
#6407=CARTESIAN_POINT('',(-962.256516521421,-243.340731880191,21.6194594304064));
#6408=CARTESIAN_POINT('',(-960.534770374564,-242.190891558226,14.1430268460604));
#6409=CARTESIAN_POINT('',(-1039.20982886899,-298.55908459966,-0.757540569593658));
#6410=CARTESIAN_POINT('',(-1015.20982886899,-298.559084599658,-0.757540569593658));
#6411=CARTESIAN_POINT('',(-1015.20982886899,-274.799084599658,-0.757540569593658));
#6412=CARTESIAN_POINT('',(-1039.20982886899,-274.55908459966,-0.757540569593658));
#6413=CARTESIAN_POINT('',(-1015.44982886899,-274.55908459966,-0.757540569593658));
#6414=CARTESIAN_POINT('',(-1039.20982886899,-219.884026105234,14.1430268460604));
#6415=CARTESIAN_POINT('',(-960.534770374567,-298.559084599661,14.1430268460604));
#6416=CARTESIAN_POINT('',(-1039.20982886899,-298.55908459966,21.6194594304063));
#6417=CARTESIAN_POINT('',(-962.256516521421,-298.55908459966,21.6194594304063));
#6418=CARTESIAN_POINT('',(-1039.20982886899,-221.605772252092,21.6194594304063));
#6419=CARTESIAN_POINT('',(-1017.70982886899,-278.55908459966,-1.90000000000002));
#6420=CARTESIAN_POINT('',(-1040.20982886899,-299.55908459966,-1.90000000000002));
#6421=CARTESIAN_POINT('',(-959.534770374564,-299.55908459966,-1.90000000000002));
#6422=CARTESIAN_POINT('',(-1040.20982886899,-299.55908459966,21.6194594304063));
#6423=CARTESIAN_POINT('',(-959.534770374564,-299.55908459966,21.6194594304063));
#6424=CARTESIAN_POINT('',(-959.534770374564,-241.776681489975,-1.89999999999979));
#6425=CARTESIAN_POINT('',(-959.534770374564,-241.776681489974,21.6194594304062));
#6426=CARTESIAN_POINT('',(-1040.20982886899,-218.884026105234,-1.90000000000002));
#6427=CARTESIAN_POINT('',(-1040.20982886899,-218.884026105234,21.6194594304063));
#6428=CARTESIAN_POINT('',(-982.427425759304,-218.884026105234,-1.90000000000029));
#6429=CARTESIAN_POINT('',(-982.427425759304,-218.884026105234,21.619459430406));
#6430=CARTESIAN_POINT('',(-1024.95982886899,-286.559084599537,11.1194594303845));
#6431=CARTESIAN_POINT('',(-1025.70982886899,-286.559084599537,11.1194594303845));
#6432=CARTESIAN_POINT('',(-1025.70982886899,-286.559084599537,-1.90000000000002));
#6433=CARTESIAN_POINT('',(-1033.70982886899,-294.55908459966,-1.90000000000002));
#6434=CARTESIAN_POINT('',(-1033.70982886899,-278.55908459966,-1.90000000000002));
#6435=CARTESIAN_POINT('',(-1027.20982886899,-231.077577531303,21.6194594304063));
#6436=CARTESIAN_POINT('',(-1027.20982886899,-266.319119314059,21.6194594304063));
#6437=CARTESIAN_POINT('',(-1027.20982886899,-225.445183879958,-1.90000000000002));
#6438=CARTESIAN_POINT('',(-1027.20982886899,-231.854930855506,21.6194594304063));
#6439=CARTESIAN_POINT('',(-1027.20982886899,-260.686725662722,-1.90000000000002));
#6440=CARTESIAN_POINT('',(-1027.20982886899,-267.09647263827,21.6194594304063));
#6441=CARTESIAN_POINT('',(-1017.70982886899,-294.55908459966,-1.90000000000002));
#6442=CARTESIAN_POINT('',(-1000.41556822042,-286.559084599657,3.27433217511218));
#6443=CARTESIAN_POINT('',(-1002.65160602274,-286.559084599656,5.77435916428986));
#6444=CARTESIAN_POINT('',(-969.846570926104,-286.559084599661,14.714699613676));
#6445=CARTESIAN_POINT('',(-967.610533123766,-286.559084599662,12.2146726245046));
#6446=CARTESIAN_POINT('',(-971.728321800641,-286.559084599661,21.6194594304063));
#6447=CARTESIAN_POINT('',(-1006.9698635834,-286.559084599656,21.6194594304063));
#6448=CARTESIAN_POINT('',(-966.095928149296,-286.559084599662,-1.90000000000002));
#6449=CARTESIAN_POINT('',(-972.505675124843,-286.559084599661,21.6194594304063));
#6450=CARTESIAN_POINT('',(-1001.33746993206,-286.559084599656,-1.90000000000002));
#6451=CARTESIAN_POINT('',(-1007.74721690761,-286.559084599655,21.6194594304063));
#6452=CARTESIAN_POINT('',(-1022.20982886899,-294.559084599659,21.6194594304063));
#6453=CARTESIAN_POINT('',(-1020.70982886899,-294.55908459966,18.6194594304063));
#6454=CARTESIAN_POINT('',(-1022.95982886899,-294.55908459966,21.6194594304063));
#6455=CARTESIAN_POINT('',(-1021.45982886899,-294.55908459966,18.6194594304063));
#6456=CARTESIAN_POINT('',(-1022.20982886899,-278.559084599659,21.6194594304063));
#6457=CARTESIAN_POINT('',(-1020.70982886899,-278.55908459966,18.6194594304063));
#6458=CARTESIAN_POINT('',(-1022.95982886899,-278.55908459966,21.6194594304063));
#6459=CARTESIAN_POINT('',(-1021.45982886899,-278.55908459966,18.6194594304063));
#6460=CARTESIAN_POINT('',(-1038.20982886899,-294.559084599659,21.6194594304063));
#6461=CARTESIAN_POINT('',(-1036.70982886899,-294.55908459966,18.6194594304063));
#6462=CARTESIAN_POINT('',(-1038.95982886899,-294.55908459966,21.6194594304063));
#6463=CARTESIAN_POINT('',(-1037.45982886899,-294.55908459966,18.6194594304063));
#6464=CARTESIAN_POINT('',(-1038.20982886899,-278.55908459966,21.6194594304063));
#6465=CARTESIAN_POINT('',(-1036.70982886899,-278.559084599661,18.6194594304063));
#6466=CARTESIAN_POINT('',(-1038.95982886899,-278.55908459966,21.6194594304063));
#6467=CARTESIAN_POINT('',(-1037.45982886899,-278.55908459966,18.6194594304063));
#6468=CARTESIAN_POINT('',(-1029.45982886899,-286.559084599537,2.24245943040634));
#6469=CARTESIAN_POINT('',(-1030.95982886899,-286.559084599537,-0.757540569593658));
#6470=CARTESIAN_POINT('',(-1027.20982886899,-267.483321850466,1.1708136519622));
#6471=CARTESIAN_POINT('',(-1027.20982886899,-266.824922940514,4.45966008732085));
#6472=CARTESIAN_POINT('',(-1027.20982886899,-234.019887843881,13.4000005367072));
#6473=CARTESIAN_POINT('',(-1027.20982886899,-234.678286753811,10.1111541013547));
#6474=CARTESIAN_POINT('',(-1020.70982886899,-278.55908459966,-1.90000000000002));
#6475=CARTESIAN_POINT('',(-1028.70982886899,-286.559084599537,11.1194594303845));
#6476=CARTESIAN_POINT('',(-1028.70982886899,-286.559084599537,-1.90000000000002));
#6477=CARTESIAN_POINT('',(-1036.70982886899,-294.55908459966,-1.90000000000002));
#6478=CARTESIAN_POINT('',(-1036.70982886899,-278.559084599661,-1.90000000000002));
#6479=CARTESIAN_POINT('',(-1027.20982886899,-236.259933026035,21.6194594304063));
#6480=CARTESIAN_POINT('',(-1027.20982886899,-271.5014748088,21.6194594304063));
#6481=CARTESIAN_POINT('',(-1029.45982886899,-286.559084599537,11.1194594303845));
#6482=CARTESIAN_POINT('',(-1021.45982886899,-278.55908459966,-0.757540569593658));
#6483=CARTESIAN_POINT('',(-1021.45982886899,-294.55908459966,-0.757540569593658));
#6484=CARTESIAN_POINT('',(-1037.45982886899,-278.55908459966,-0.757540569593658));
#6485=CARTESIAN_POINT('',(-1037.45982886899,-294.55908459966,-0.757540569593658));
#6486=CARTESIAN_POINT('',(-1027.20982886899,-235.482579701824,21.6194594304063));
#6487=CARTESIAN_POINT('',(-1027.20982886899,-229.072832726277,-1.90000000000002));
#6488=CARTESIAN_POINT('',(-1027.20982886899,-270.724121484588,21.6194594304063));
#6489=CARTESIAN_POINT('',(-1027.20982886899,-264.31437450904,-1.90000000000002));
#6490=CARTESIAN_POINT('',(-1020.70982886899,-294.55908459966,-1.90000000000002));
#6491=CARTESIAN_POINT('',(-1008.1340661198,-286.559084599652,1.1708136519622));
#6492=CARTESIAN_POINT('',(-1007.47566720985,-286.559084599654,4.45966008732085));
#6493=CARTESIAN_POINT('',(-974.670632113218,-286.55908459966,13.4000005367072));
#6494=CARTESIAN_POINT('',(-975.329031023148,-286.559084599659,10.1111541013547));
#6495=CARTESIAN_POINT('',(-976.910677295372,-286.55908459966,21.6194594304063));
#6496=CARTESIAN_POINT('',(-1012.15221907814,-286.559084599653,21.6194594304063));
#6497=CARTESIAN_POINT('',(-976.133323971162,-286.55908459966,21.6194594304063));
#6498=CARTESIAN_POINT('',(-969.723576995614,-286.559084599661,-1.90000000000002));
#6499=CARTESIAN_POINT('',(-1011.37486575393,-286.559084599653,21.6194594304063));
#6500=CARTESIAN_POINT('',(-1004.96511877838,-286.559084599654,-1.90000000000002));
#6501=CARTESIAN_POINT('',(-1016.20982886899,-294.55908459966,21.6194594304063));
#6502=CARTESIAN_POINT('',(-1016.70982886899,-294.55908459966,20.6194594304063));
#6503=CARTESIAN_POINT('',(-1017.20982886899,-294.55908459966,19.6194594304063));
#6504=CARTESIAN_POINT('',(-1017.70982886899,-294.55908459966,18.6194594304063));
#6505=CARTESIAN_POINT('',(-1019.20982886899,-294.55908459966,18.6194594304063));
#6506=CARTESIAN_POINT('',(-1017.70982886899,-294.55908459966,18.6194594304063));
#6507=CARTESIAN_POINT('',(-1020.70982886899,-294.55908459966,18.6194594304063));
#6508=CARTESIAN_POINT('',(-1019.20982886899,-294.55908459966,21.6194594304063));
#6509=CARTESIAN_POINT('',(-1016.20982886899,-294.55908459966,21.6194594304063));
#6510=CARTESIAN_POINT('',(-1022.20982886899,-294.559084599659,21.6194594304063));
#6511=CARTESIAN_POINT('',(-1015.45982886899,-294.55908459966,21.6194594304063));
#6512=CARTESIAN_POINT('',(-1015.95982886899,-294.55908459966,20.6194594304063));
#6513=CARTESIAN_POINT('',(-1016.45982886899,-294.55908459966,19.6194594304063));
#6514=CARTESIAN_POINT('',(-1016.95982886899,-294.55908459966,18.6194594304063));
#6515=CARTESIAN_POINT('',(-1019.20982886899,-294.55908459966,18.6194594304063));
#6516=CARTESIAN_POINT('',(-1016.95982886899,-294.55908459966,18.6194594304063));
#6517=CARTESIAN_POINT('',(-1021.45982886899,-294.55908459966,18.6194594304063));
#6518=CARTESIAN_POINT('',(-1019.20982886899,-294.55908459966,21.6194594304063));
#6519=CARTESIAN_POINT('',(-1015.45982886899,-294.55908459966,21.6194594304063));
#6520=CARTESIAN_POINT('',(-1022.95982886899,-294.55908459966,21.6194594304063));
#6521=CARTESIAN_POINT('',(-1016.20982886899,-278.55908459966,21.6194594304063));
#6522=CARTESIAN_POINT('',(-1016.70982886899,-278.55908459966,20.6194594304063));
#6523=CARTESIAN_POINT('',(-1017.20982886899,-278.55908459966,19.6194594304063));
#6524=CARTESIAN_POINT('',(-1017.70982886899,-278.55908459966,18.6194594304063));
#6525=CARTESIAN_POINT('',(-1019.20982886899,-278.55908459966,18.6194594304063));
#6526=CARTESIAN_POINT('',(-1017.70982886899,-278.55908459966,18.6194594304063));
#6527=CARTESIAN_POINT('',(-1020.70982886899,-278.55908459966,18.6194594304063));
#6528=CARTESIAN_POINT('',(-1019.20982886899,-278.55908459966,21.6194594304063));
#6529=CARTESIAN_POINT('',(-1016.20982886899,-278.55908459966,21.6194594304063));
#6530=CARTESIAN_POINT('',(-1022.20982886899,-278.559084599659,21.6194594304063));
#6531=CARTESIAN_POINT('',(-1015.45982886899,-278.55908459966,21.6194594304063));
#6532=CARTESIAN_POINT('',(-1015.95982886899,-278.55908459966,20.6194594304063));
#6533=CARTESIAN_POINT('',(-1016.45982886899,-278.55908459966,19.6194594304063));
#6534=CARTESIAN_POINT('',(-1016.95982886899,-278.55908459966,18.6194594304063));
#6535=CARTESIAN_POINT('',(-1019.20982886899,-278.55908459966,18.6194594304063));
#6536=CARTESIAN_POINT('',(-1016.95982886899,-278.55908459966,18.6194594304063));
#6537=CARTESIAN_POINT('',(-1021.45982886899,-278.55908459966,18.6194594304063));
#6538=CARTESIAN_POINT('',(-1019.20982886899,-278.55908459966,21.6194594304063));
#6539=CARTESIAN_POINT('',(-1015.45982886899,-278.55908459966,21.6194594304063));
#6540=CARTESIAN_POINT('',(-1022.95982886899,-278.55908459966,21.6194594304063));
#6541=CARTESIAN_POINT('',(-1032.20982886899,-294.55908459966,21.6194594304063));
#6542=CARTESIAN_POINT('',(-1032.70982886899,-294.55908459966,20.6194594304063));
#6543=CARTESIAN_POINT('',(-1033.20982886899,-294.55908459966,19.6194594304063));
#6544=CARTESIAN_POINT('',(-1033.70982886899,-294.55908459966,18.6194594304063));
#6545=CARTESIAN_POINT('',(-1035.20982886899,-294.559084599661,18.6194594304063));
#6546=CARTESIAN_POINT('',(-1033.70982886899,-294.55908459966,18.6194594304063));
#6547=CARTESIAN_POINT('',(-1036.70982886899,-294.55908459966,18.6194594304063));
#6548=CARTESIAN_POINT('',(-1035.20982886899,-294.55908459966,21.6194594304063));
#6549=CARTESIAN_POINT('',(-1032.20982886899,-294.55908459966,21.6194594304063));
#6550=CARTESIAN_POINT('',(-1038.20982886899,-294.559084599659,21.6194594304063));
#6551=CARTESIAN_POINT('',(-1031.45982886899,-294.55908459966,21.6194594304063));
#6552=CARTESIAN_POINT('',(-1031.95982886899,-294.55908459966,20.6194594304063));
#6553=CARTESIAN_POINT('',(-1032.45982886899,-294.55908459966,19.6194594304063));
#6554=CARTESIAN_POINT('',(-1032.95982886899,-294.55908459966,18.6194594304063));
#6555=CARTESIAN_POINT('',(-1035.20982886899,-294.55908459966,18.6194594304063));
#6556=CARTESIAN_POINT('',(-1032.95982886899,-294.55908459966,18.6194594304063));
#6557=CARTESIAN_POINT('',(-1037.45982886899,-294.55908459966,18.6194594304063));
#6558=CARTESIAN_POINT('',(-1035.20982886899,-294.55908459966,21.6194594304063));
#6559=CARTESIAN_POINT('',(-1031.45982886899,-294.55908459966,21.6194594304063));
#6560=CARTESIAN_POINT('',(-1038.95982886899,-294.55908459966,21.6194594304063));
#6561=CARTESIAN_POINT('',(-1032.20982886899,-278.55908459966,21.6194594304063));
#6562=CARTESIAN_POINT('',(-1032.70982886899,-278.55908459966,20.6194594304063));
#6563=CARTESIAN_POINT('',(-1033.20982886899,-278.55908459966,19.6194594304063));
#6564=CARTESIAN_POINT('',(-1033.70982886899,-278.55908459966,18.6194594304063));
#6565=CARTESIAN_POINT('',(-1035.20982886899,-278.559084599661,18.6194594304063));
#6566=CARTESIAN_POINT('',(-1033.70982886899,-278.55908459966,18.6194594304063));
#6567=CARTESIAN_POINT('',(-1036.70982886899,-278.559084599661,18.6194594304063));
#6568=CARTESIAN_POINT('',(-1035.20982886899,-278.55908459966,21.6194594304063));
#6569=CARTESIAN_POINT('',(-1032.20982886899,-278.55908459966,21.6194594304063));
#6570=CARTESIAN_POINT('',(-1038.20982886899,-278.55908459966,21.6194594304063));
#6571=CARTESIAN_POINT('',(-1031.45982886899,-278.55908459966,21.6194594304063));
#6572=CARTESIAN_POINT('',(-1031.95982886899,-278.55908459966,20.6194594304063));
#6573=CARTESIAN_POINT('',(-1032.45982886899,-278.55908459966,19.6194594304063));
#6574=CARTESIAN_POINT('',(-1032.95982886899,-278.55908459966,18.6194594304063));
#6575=CARTESIAN_POINT('',(-1035.20982886899,-278.55908459966,18.6194594304063));
#6576=CARTESIAN_POINT('',(-1032.95982886899,-278.55908459966,18.6194594304063));
#6577=CARTESIAN_POINT('',(-1037.45982886899,-278.55908459966,18.6194594304063));
#6578=CARTESIAN_POINT('',(-1035.20982886899,-278.559084599661,21.6194594304063));
#6579=CARTESIAN_POINT('',(-1031.45982886899,-278.55908459966,21.6194594304063));
#6580=CARTESIAN_POINT('',(-1038.95982886899,-278.55908459966,21.6194594304063));
#6581=CARTESIAN_POINT('',(-1035.20982886899,-294.55908459966,-0.757540569593658));
#6582=CARTESIAN_POINT('',(-1032.95982886899,-294.55908459966,-0.757540569593658));
#6583=CARTESIAN_POINT('',(-1037.45982886899,-294.55908459966,-0.757540569593658));
#6584=CARTESIAN_POINT('',(-1035.20982886899,-278.55908459966,-0.757540569593658));
#6585=CARTESIAN_POINT('',(-1032.95982886899,-278.55908459966,-0.757540569593658));
#6586=CARTESIAN_POINT('',(-1037.45982886899,-278.55908459966,-0.757540569593658));
#6587=CARTESIAN_POINT('',(-1019.20982886899,-294.55908459966,-0.757540569593658));
#6588=CARTESIAN_POINT('',(-1016.95982886899,-294.55908459966,-0.757540569593658));
#6589=CARTESIAN_POINT('',(-1021.45982886899,-294.55908459966,-0.757540569593658));
#6590=CARTESIAN_POINT('',(-1019.20982886899,-278.55908459966,-0.757540569593658));
#6591=CARTESIAN_POINT('',(-1016.95982886899,-278.55908459966,-0.757540569593658));
#6592=CARTESIAN_POINT('',(-1021.45982886899,-278.55908459966,-0.757540569593658));
#6593=CARTESIAN_POINT('',(-1024.95982886899,-286.559084599537,2.24245943040634));
#6594=CARTESIAN_POINT('',(-1024.45982886899,-286.559084599537,1.24245943040634));
#6595=CARTESIAN_POINT('',(-1023.95982886899,-286.559084599537,0.242459430406342));
#6596=CARTESIAN_POINT('',(-1023.45982886899,-286.559084599537,-0.757540569593658));
#6597=CARTESIAN_POINT('',(-1027.20982886899,-286.559084599537,-0.757540569593658));
#6598=CARTESIAN_POINT('',(-1023.45982886899,-286.559084599537,-0.757540569593658));
#6599=CARTESIAN_POINT('',(-1030.95982886899,-286.559084599537,-0.757540569593658));
#6600=CARTESIAN_POINT('',(-1027.20982886899,-286.559084599537,2.24245943040634));
#6601=CARTESIAN_POINT('',(-1024.95982886899,-286.559084599537,2.24245943040634));
#6602=CARTESIAN_POINT('',(-1029.45982886899,-286.559084599537,2.24245943040634));
#6603=CARTESIAN_POINT('',(-1027.20982886899,-259.764823951084,3.27433217511218));
#6604=CARTESIAN_POINT('',(-1027.20982886899,-260.510169885189,4.10767450483808));
#6605=CARTESIAN_POINT('',(-1027.20982886899,-261.255515819294,4.94101683456397));
#6606=CARTESIAN_POINT('',(-1027.20982886899,-262.000861753399,5.77435916428986));
#6607=CARTESIAN_POINT('',(-1027.20982886899,-264.412892346956,5.11700962580534));
#6608=CARTESIAN_POINT('',(-1027.20982886899,-262.000861753399,5.77435916428986));
#6609=CARTESIAN_POINT('',(-1027.20982886899,-266.824922940514,4.45966008732082));
#6610=CARTESIAN_POINT('',(-1027.20982886899,-263.624072900775,2.22257291353714));
#6611=CARTESIAN_POINT('',(-1027.20982886899,-259.764823951084,3.27433217511218));
#6612=CARTESIAN_POINT('',(-1027.20982886899,-267.483321850467,1.17081365196209));
#6613=CARTESIAN_POINT('',(-1027.20982886899,-229.195826656767,14.714699613676));
#6614=CARTESIAN_POINT('',(-1027.20982886899,-228.450480722654,13.8813572839522));
#6615=CARTESIAN_POINT('',(-1027.20982886899,-227.705134788541,13.0480149542284));
#6616=CARTESIAN_POINT('',(-1027.20982886899,-226.959788854428,12.2146726245046));
#6617=CARTESIAN_POINT('',(-1027.20982886899,-230.819037804119,11.1629133629297));
#6618=CARTESIAN_POINT('',(-1027.20982886899,-226.959788854428,12.2146726245046));
#6619=CARTESIAN_POINT('',(-1027.20982886899,-234.678286753811,10.1111541013548));
#6620=CARTESIAN_POINT('',(-1027.20982886899,-231.607857250324,14.0573500751916));
#6621=CARTESIAN_POINT('',(-1027.20982886899,-229.195826656767,14.714699613676));
#6622=CARTESIAN_POINT('',(-1027.20982886899,-234.019887843881,13.4000005367071));
#6623=CARTESIAN_POINT('',(-983.99147614952,-221.605772252092,21.6194594304064));
#6624=CARTESIAN_POINT('',(-962.256516521421,-243.340731880191,21.6194594304064));
#6625=CARTESIAN_POINT('',(-962.256516521421,-243.340731880191,21.6194594304064));
#6626=CARTESIAN_POINT('',(-960.544966940055,-242.197701169601,14.1873039508029));
#6627=CARTESIAN_POINT('',(-960.534770374564,-242.190891558226,14.1430268460604));
#6628=CARTESIAN_POINT('',(-960.534770374564,-242.190891558226,14.1430268460604));
#6629=CARTESIAN_POINT('',(-982.805673743228,-219.919988189561,14.1430268460604));
#6630=CARTESIAN_POINT('',(-982.841635827554,-219.884026105234,14.1430268460604));
#6631=CARTESIAN_POINT('',(-982.841635827554,-219.884026105234,14.1430268460604));
#6632=CARTESIAN_POINT('',(-983.155776921919,-220.354414217791,16.1856189078624));
#6633=CARTESIAN_POINT('',(-983.99147614952,-221.605772252092,21.6194594304064));
#6634=CARTESIAN_POINT('',(-1039.20982886899,-298.55908459966,-0.757540569593658));
#6635=CARTESIAN_POINT('',(-1015.20982886899,-298.559084599658,-0.757540569593658));
#6636=CARTESIAN_POINT('',(-1039.20982886899,-298.55908459966,-0.757540569593658));
#6637=CARTESIAN_POINT('',(-1039.20982886899,-274.55908459966,-0.757540569593658));
#6638=CARTESIAN_POINT('',(-1015.20982886899,-274.799084599658,-0.757540569593658));
#6639=CARTESIAN_POINT('',(-1015.44982886899,-274.55908459966,-0.757540569593658));
#6640=CARTESIAN_POINT('',(-1015.20982886899,-274.799084599658,-0.757540569593658));
#6641=CARTESIAN_POINT('',(-960.534770374564,-242.190891558226,14.1430268460604));
#6642=CARTESIAN_POINT('',(-1015.44982886899,-274.55908459966,-0.757540569593658));
#6643=CARTESIAN_POINT('',(-982.841635827554,-219.884026105234,14.1430268460604));
#6644=CARTESIAN_POINT('',(-1039.20982886899,-274.55908459966,-0.757540569593658));
#6645=CARTESIAN_POINT('',(-1015.44982886899,-274.55908459966,-0.757540569593658));
#6646=CARTESIAN_POINT('',(-1039.20982886899,-274.55908459966,-0.757540569593658));
#6647=CARTESIAN_POINT('',(-1039.20982886899,-219.884026105234,14.1430268460604));
#6648=CARTESIAN_POINT('',(-982.841635827554,-219.884026105234,14.1430268460604));
#6649=CARTESIAN_POINT('',(-1039.20982886899,-219.884026105234,14.1430268460604));
#6650=CARTESIAN_POINT('',(-1039.20982886899,-298.55908459966,-0.757540569593658));
#6651=CARTESIAN_POINT('',(-1039.20982886899,-298.55908459966,21.6194594304063));
#6652=CARTESIAN_POINT('',(-960.534770374567,-298.559084599661,14.1430268460604));
#6653=CARTESIAN_POINT('',(-960.534770374564,-242.190891558226,14.1430268460604));
#6654=CARTESIAN_POINT('',(-960.534770374567,-298.559084599661,14.1430268460604));
#6655=CARTESIAN_POINT('',(-962.256516521421,-298.55908459966,21.6194594304063));
#6656=CARTESIAN_POINT('',(-962.256516521421,-298.55908459966,21.6194594304063));
#6657=CARTESIAN_POINT('',(-962.256516521421,-243.340731880191,21.6194594304064));
#6658=CARTESIAN_POINT('',(-983.99147614952,-221.605772252092,21.6194594304064));
#6659=CARTESIAN_POINT('',(-1039.20982886899,-221.605772252092,21.6194594304063));
#6660=CARTESIAN_POINT('',(-1039.20982886899,-221.605772252092,21.6194594304063));
#6661=CARTESIAN_POINT('',(-1039.20982886899,-219.884026105234,14.1430268460604));
#6662=CARTESIAN_POINT('',(-1019.20982886899,-278.55908459966,-1.90000000000002));
#6663=CARTESIAN_POINT('',(-1017.70982886899,-278.55908459966,-1.90000000000002));
#6664=CARTESIAN_POINT('',(-1020.70982886899,-278.55908459966,-1.90000000000002));
#6665=CARTESIAN_POINT('',(-1017.70982886899,-278.55908459966,18.6194594304063));
#6666=CARTESIAN_POINT('',(-1017.70982886899,-278.55908459966,-1.90000000000002));
#6667=CARTESIAN_POINT('',(-1040.20982886899,-299.55908459966,-1.90000000000002));
#6668=CARTESIAN_POINT('',(-959.534770374564,-299.55908459966,-1.90000000000002));
#6669=CARTESIAN_POINT('',(-1040.20982886899,-299.55908459966,21.6194594304063));
#6670=CARTESIAN_POINT('',(-959.534770374564,-299.55908459966,21.6194594304063));
#6671=CARTESIAN_POINT('',(-959.534770374564,-299.55908459966,-1.90000000000002));
#6672=CARTESIAN_POINT('',(-959.534770374564,-299.55908459966,21.6194594304063));
#6673=CARTESIAN_POINT('',(-1040.20982886899,-299.55908459966,-1.90000000000002));
#6674=CARTESIAN_POINT('',(-1040.20982886899,-299.55908459966,21.6194594304063));
#6675=CARTESIAN_POINT('',(-959.534770374564,-299.55908459966,-1.90000000000002));
#6676=CARTESIAN_POINT('',(-959.534770374564,-241.776681489975,-1.89999999999979));
#6677=CARTESIAN_POINT('',(-959.534770374564,-299.55908459966,21.6194594304063));
#6678=CARTESIAN_POINT('',(-959.534770374564,-241.776681489974,21.6194594304062));
#6679=CARTESIAN_POINT('',(-959.534770374564,-241.776681489975,-1.89999999999979));
#6680=CARTESIAN_POINT('',(-959.534770374564,-241.776681489974,21.6194594304062));
#6681=CARTESIAN_POINT('',(-982.427425759304,-218.884026105234,-1.90000000000029));
#6682=CARTESIAN_POINT('',(-1040.20982886899,-218.884026105234,-1.90000000000002));
#6683=CARTESIAN_POINT('',(-982.427425759304,-218.884026105234,21.619459430406));
#6684=CARTESIAN_POINT('',(-1040.20982886899,-218.884026105234,21.6194594304063));
#6685=CARTESIAN_POINT('',(-1040.20982886899,-218.884026105234,-1.90000000000002));
#6686=CARTESIAN_POINT('',(-1040.20982886899,-218.884026105234,21.6194594304063));
#6687=CARTESIAN_POINT('',(-982.427425759304,-218.884026105234,21.619459430406));
#6688=CARTESIAN_POINT('',(-982.427425759304,-218.884026105234,-1.90000000000029));
#6689=CARTESIAN_POINT('',(-1040.20982886899,-218.884026105234,-1.90000000000002));
#6690=CARTESIAN_POINT('',(-1040.20982886899,-299.55908459966,-1.90000000000002));
#6691=CARTESIAN_POINT('',(-1040.20982886899,-218.884026105234,21.6194594304063));
#6692=CARTESIAN_POINT('',(-1040.20982886899,-299.55908459966,21.6194594304063));
#6693=CARTESIAN_POINT('',(-982.427425759304,-218.884026105234,21.619459430406));
#6694=CARTESIAN_POINT('',(-959.534770374564,-241.776681489974,21.6194594304062));
#6695=CARTESIAN_POINT('',(-982.427425759304,-218.884026105234,-1.90000000000029));
#6696=CARTESIAN_POINT('',(-959.534770374564,-241.776681489975,-1.89999999999979));
#6697=CARTESIAN_POINT('',(-1027.20982886899,-286.559084599537,11.1194594303845));
#6698=CARTESIAN_POINT('',(-1025.70982886899,-286.559084599537,11.1194594303845));
#6699=CARTESIAN_POINT('',(-1028.70982886899,-286.559084599537,11.1194594303845));
#6700=CARTESIAN_POINT('',(-1025.70982886899,-286.559084599537,11.1194594303845));
#6701=CARTESIAN_POINT('',(-1025.70982886899,-286.559084599537,-1.90000000000002));
#6702=CARTESIAN_POINT('',(-1027.20982886899,-286.559084599537,-1.90000000000002));
#6703=CARTESIAN_POINT('',(-1025.70982886899,-286.559084599537,-1.90000000000002));
#6704=CARTESIAN_POINT('',(-1028.70982886899,-286.559084599537,-1.90000000000002));
#6705=CARTESIAN_POINT('',(-1039.20982886899,-298.55908459966,21.6194594304063));
#6706=CARTESIAN_POINT('',(-1039.20982886899,-221.605772252092,21.6194594304063));
#6707=CARTESIAN_POINT('',(-1039.20982886899,-298.55908459966,21.6194594304063));
#6708=CARTESIAN_POINT('',(-962.256516521421,-298.55908459966,21.6194594304063));
#6709=CARTESIAN_POINT('',(-1035.20982886899,-294.55908459966,-1.90000000000002));
#6710=CARTESIAN_POINT('',(-1033.70982886899,-294.55908459966,-1.90000000000002));
#6711=CARTESIAN_POINT('',(-1036.70982886899,-294.55908459966,-1.90000000000002));
#6712=CARTESIAN_POINT('',(-1033.70982886899,-294.55908459966,18.6194594304063));
#6713=CARTESIAN_POINT('',(-1033.70982886899,-294.55908459966,-1.90000000000002));
#6714=CARTESIAN_POINT('',(-1035.20982886899,-278.55908459966,-1.90000000000002));
#6715=CARTESIAN_POINT('',(-1033.70982886899,-278.55908459966,-1.90000000000002));
#6716=CARTESIAN_POINT('',(-1036.70982886899,-278.559084599661,-1.90000000000002));
#6717=CARTESIAN_POINT('',(-1033.70982886899,-278.55908459966,18.6194594304063));
#6718=CARTESIAN_POINT('',(-1033.70982886899,-278.55908459966,-1.90000000000002));
#6719=CARTESIAN_POINT('',(-1027.20982886899,-229.195826656767,14.714699613676));
#6720=CARTESIAN_POINT('',(-1027.20982886899,-231.077577531303,21.6194594304063));
#6721=CARTESIAN_POINT('',(-1027.20982886899,-231.077577531303,21.6194594304063));
#6722=CARTESIAN_POINT('',(-1027.88935443284,-231.077577531295,21.6194594304063));
#6723=CARTESIAN_POINT('',(-1028.53097634803,-231.363593086851,21.619459430406));
#6724=CARTESIAN_POINT('',(-1029.45813225052,-232.344930570739,21.619459430406));
#6725=CARTESIAN_POINT('',(-1029.70982886899,-232.997713951223,21.6194594304063));
#6726=CARTESIAN_POINT('',(-1029.70982886899,-233.668755278665,21.6194594304063));
#6727=CARTESIAN_POINT('',(-1029.70982886899,-234.33979660611,21.6194594304063));
#6728=CARTESIAN_POINT('',(-1029.45813225053,-234.992579986587,21.6194594304067));
#6729=CARTESIAN_POINT('',(-1028.53097634803,-235.973917470479,21.6194594304067));
#6730=CARTESIAN_POINT('',(-1027.88935443284,-236.259933026035,21.6194594304063));
#6731=CARTESIAN_POINT('',(-1027.20982886899,-236.259933026035,21.6194594304063));
#6732=CARTESIAN_POINT('',(-1027.20982886899,-262.000861753399,5.77435916428986));
#6733=CARTESIAN_POINT('',(-1027.20982886899,-266.319119314059,21.6194594304063));
#6734=CARTESIAN_POINT('',(-1027.20982886899,-266.319119314059,21.6194594304063));
#6735=CARTESIAN_POINT('',(-1027.88935443283,-266.319119314059,21.6194594304063));
#6736=CARTESIAN_POINT('',(-1028.53097634803,-266.605134869616,21.619459430406));
#6737=CARTESIAN_POINT('',(-1029.45813225053,-267.586472353505,21.619459430406));
#6738=CARTESIAN_POINT('',(-1029.70982886899,-268.239255733987,21.6194594304063));
#6739=CARTESIAN_POINT('',(-1029.70982886899,-268.91029706143,21.6194594304063));
#6740=CARTESIAN_POINT('',(-1029.70982886899,-269.581338388872,21.6194594304063));
#6741=CARTESIAN_POINT('',(-1029.45813225052,-270.234121769355,21.6194594304067));
#6742=CARTESIAN_POINT('',(-1028.53097634803,-271.215459253243,21.6194594304067));
#6743=CARTESIAN_POINT('',(-1027.88935443283,-271.5014748088,21.6194594304063));
#6744=CARTESIAN_POINT('',(-1027.20982886899,-271.5014748088,21.6194594304063));
#6745=CARTESIAN_POINT('',(-1027.20982886899,-286.559084599537,11.1194594303845));
#6746=CARTESIAN_POINT('',(-1024.95982886899,-286.559084599537,11.1194594303845));
#6747=CARTESIAN_POINT('',(-1029.45982886899,-286.559084599537,11.1194594303845));
#6748=CARTESIAN_POINT('',(-1024.95982886899,-286.559084599537,11.1194594303845));
#6749=CARTESIAN_POINT('',(-1024.95982886899,-286.559084599537,2.24245943040634));
#6750=CARTESIAN_POINT('',(-1016.95982886899,-278.55908459966,18.6194594304063));
#6751=CARTESIAN_POINT('',(-1016.95982886899,-278.55908459966,-0.757540569593658));
#6752=CARTESIAN_POINT('',(-1016.95982886899,-294.55908459966,18.6194594304063));
#6753=CARTESIAN_POINT('',(-1016.95982886899,-294.55908459966,-0.757540569593658));
#6754=CARTESIAN_POINT('',(-1032.95982886899,-278.55908459966,18.6194594304063));
#6755=CARTESIAN_POINT('',(-1032.95982886899,-278.55908459966,-0.757540569593658));
#6756=CARTESIAN_POINT('',(-1032.95982886899,-294.55908459966,18.6194594304063));
#6757=CARTESIAN_POINT('',(-1032.95982886899,-294.55908459966,-0.757540569593658));
#6758=CARTESIAN_POINT('',(-1027.20982886899,-231.854930855506,21.6194594304063));
#6759=CARTESIAN_POINT('',(-1027.20982886899,-225.445183879958,-1.90000000000002));
#6760=CARTESIAN_POINT('',(-1027.20982886899,-231.854930855506,21.6194594304063));
#6761=CARTESIAN_POINT('',(-1027.68549676368,-231.854930855506,21.6194594304063));
#6762=CARTESIAN_POINT('',(-1028.13463210432,-232.055141744396,21.6194594304061));
#6763=CARTESIAN_POINT('',(-1028.78364123606,-232.742077983117,21.6194594304061));
#6764=CARTESIAN_POINT('',(-1028.95982886899,-233.199026349456,21.6194594304063));
#6765=CARTESIAN_POINT('',(-1028.95982886899,-233.668755278665,21.6194594304063));
#6766=CARTESIAN_POINT('',(-1028.95982886899,-234.138484207874,21.6194594304063));
#6767=CARTESIAN_POINT('',(-1028.78364123606,-234.595432574213,21.6194594304066));
#6768=CARTESIAN_POINT('',(-1028.13463210432,-235.282368812934,21.6194594304066));
#6769=CARTESIAN_POINT('',(-1027.68549676368,-235.482579701824,21.6194594304063));
#6770=CARTESIAN_POINT('',(-1027.20982886899,-235.482579701824,21.6194594304063));
#6771=CARTESIAN_POINT('',(-1027.20982886899,-267.09647263827,21.6194594304063));
#6772=CARTESIAN_POINT('',(-1027.20982886899,-260.686725662722,-1.90000000000002));
#6773=CARTESIAN_POINT('',(-1027.20982886899,-267.09647263827,21.6194594304063));
#6774=CARTESIAN_POINT('',(-1027.68549676368,-267.09647263827,21.6194594304063));
#6775=CARTESIAN_POINT('',(-1028.13463210432,-267.29668352716,21.6194594304061));
#6776=CARTESIAN_POINT('',(-1028.78364123606,-267.983619765882,21.6194594304061));
#6777=CARTESIAN_POINT('',(-1028.95982886899,-268.44056813222,21.6194594304063));
#6778=CARTESIAN_POINT('',(-1028.95982886899,-268.91029706143,21.6194594304063));
#6779=CARTESIAN_POINT('',(-1028.95982886899,-269.38002599064,21.6194594304063));
#6780=CARTESIAN_POINT('',(-1028.78364123606,-269.836974356977,21.6194594304066));
#6781=CARTESIAN_POINT('',(-1028.13463210432,-270.523910595698,21.6194594304066));
#6782=CARTESIAN_POINT('',(-1027.68549676368,-270.724121484588,21.6194594304063));
#6783=CARTESIAN_POINT('',(-1027.20982886899,-270.724121484588,21.6194594304063));
#6784=CARTESIAN_POINT('',(-1019.20982886899,-294.55908459966,-1.90000000000002));
#6785=CARTESIAN_POINT('',(-1017.70982886899,-294.55908459966,-1.90000000000002));
#6786=CARTESIAN_POINT('',(-1020.70982886899,-294.55908459966,-1.90000000000002));
#6787=CARTESIAN_POINT('',(-1017.70982886899,-294.55908459966,18.6194594304063));
#6788=CARTESIAN_POINT('',(-1017.70982886899,-294.55908459966,-1.90000000000002));
#6789=CARTESIAN_POINT('',(-1000.41556822042,-286.559084599657,3.27433217511218));
#6790=CARTESIAN_POINT('',(-1001.16091415453,-286.559084599657,4.10767450483808));
#6791=CARTESIAN_POINT('',(-1001.90626008863,-286.559084599657,4.94101683456397));
#6792=CARTESIAN_POINT('',(-1002.65160602274,-286.559084599656,5.77435916428986));
#6793=CARTESIAN_POINT('',(-1005.06363661629,-286.559084599655,5.11700962580535));
#6794=CARTESIAN_POINT('',(-1002.65160602274,-286.559084599656,5.77435916428986));
#6795=CARTESIAN_POINT('',(-1007.47566720985,-286.559084599654,4.45966008732085));
#6796=CARTESIAN_POINT('',(-1004.27481717011,-286.559084599655,2.22257291353709));
#6797=CARTESIAN_POINT('',(-1000.41556822042,-286.559084599657,3.27433217511218));
#6798=CARTESIAN_POINT('',(-1008.1340661198,-286.559084599652,1.170813651962));
#6799=CARTESIAN_POINT('',(-969.846570926104,-286.559084599661,14.714699613676));
#6800=CARTESIAN_POINT('',(-969.101224991992,-286.559084599662,13.8813572839522));
#6801=CARTESIAN_POINT('',(-968.355879057879,-286.559084599662,13.0480149542284));
#6802=CARTESIAN_POINT('',(-967.610533123766,-286.559084599662,12.2146726245046));
#6803=CARTESIAN_POINT('',(-971.469782073457,-286.55908459966,11.1629133629296));
#6804=CARTESIAN_POINT('',(-967.610533123766,-286.559084599662,12.2146726245046));
#6805=CARTESIAN_POINT('',(-975.329031023148,-286.559084599659,10.1111541013546));
#6806=CARTESIAN_POINT('',(-972.258601519661,-286.55908459966,14.0573500751915));
#6807=CARTESIAN_POINT('',(-969.846570926104,-286.559084599661,14.714699613676));
#6808=CARTESIAN_POINT('',(-974.670632113218,-286.55908459966,13.4000005367071));
#6809=CARTESIAN_POINT('',(-1015.20982886899,-298.559084599658,-0.757540569593658));
#6810=CARTESIAN_POINT('',(-1015.20982886899,-274.799084599658,-0.757540569593658));
#6811=CARTESIAN_POINT('',(-1015.20982886899,-298.559084599658,-0.757540569593658));
#6812=CARTESIAN_POINT('',(-960.534770374567,-298.559084599661,14.1430268460604));
#6813=CARTESIAN_POINT('',(-969.846570926104,-286.559084599661,14.714699613676));
#6814=CARTESIAN_POINT('',(-971.728321800641,-286.559084599661,21.6194594304063));
#6815=CARTESIAN_POINT('',(-971.728321800641,-286.559084599661,21.6194594304063));
#6816=CARTESIAN_POINT('',(-971.728321800632,-287.238610163507,21.6194594304063));
#6817=CARTESIAN_POINT('',(-972.014337356188,-287.880232078699,21.619459430406));
#6818=CARTESIAN_POINT('',(-972.995674840077,-288.807387981195,21.619459430406));
#6819=CARTESIAN_POINT('',(-973.648458220561,-289.059084599661,21.6194594304063));
#6820=CARTESIAN_POINT('',(-974.319499548003,-289.05908459966,21.6194594304063));
#6821=CARTESIAN_POINT('',(-974.990540875448,-289.05908459966,21.6194594304063));
#6822=CARTESIAN_POINT('',(-975.643324255925,-288.807387981197,21.6194594304067));
#6823=CARTESIAN_POINT('',(-976.624661739817,-287.880232078698,21.6194594304067));
#6824=CARTESIAN_POINT('',(-976.910677295372,-287.238610163506,21.6194594304063));
#6825=CARTESIAN_POINT('',(-976.910677295372,-286.55908459966,21.6194594304063));
#6826=CARTESIAN_POINT('',(-1002.65160602274,-286.559084599656,5.77435916428986));
#6827=CARTESIAN_POINT('',(-1006.9698635834,-286.559084599656,21.6194594304063));
#6828=CARTESIAN_POINT('',(-1006.9698635834,-286.559084599655,21.6194594304063));
#6829=CARTESIAN_POINT('',(-1006.9698635834,-287.2386101635,21.6194594304063));
#6830=CARTESIAN_POINT('',(-1007.25587913895,-287.880232078695,21.619459430406));
#6831=CARTESIAN_POINT('',(-1008.23721662284,-288.807387981191,21.619459430406));
#6832=CARTESIAN_POINT('',(-1008.89000000333,-289.059084599655,21.6194594304063));
#6833=CARTESIAN_POINT('',(-1009.56104133077,-289.059084599655,21.6194594304063));
#6834=CARTESIAN_POINT('',(-1010.23208265821,-289.059084599654,21.6194594304063));
#6835=CARTESIAN_POINT('',(-1010.88486603869,-288.807387981189,21.6194594304067));
#6836=CARTESIAN_POINT('',(-1011.86620352258,-287.880232078692,21.6194594304067));
#6837=CARTESIAN_POINT('',(-1012.15221907814,-287.238610163497,21.6194594304063));
#6838=CARTESIAN_POINT('',(-1012.15221907814,-286.559084599653,21.6194594304063));
#6839=CARTESIAN_POINT('',(-972.505675124843,-286.559084599661,21.6194594304063));
#6840=CARTESIAN_POINT('',(-966.095928149296,-286.559084599662,-1.90000000000002));
#6841=CARTESIAN_POINT('',(-972.505675124843,-286.559084599661,21.6194594304063));
#6842=CARTESIAN_POINT('',(-972.505675124843,-287.034752494352,21.6194594304063));
#6843=CARTESIAN_POINT('',(-972.705886013734,-287.483887834988,21.6194594304061));
#6844=CARTESIAN_POINT('',(-973.392822252455,-288.132896966735,21.6194594304061));
#6845=CARTESIAN_POINT('',(-973.849770618794,-288.309084599661,21.6194594304063));
#6846=CARTESIAN_POINT('',(-974.319499548003,-288.309084599661,21.6194594304063));
#6847=CARTESIAN_POINT('',(-974.789228477212,-288.309084599661,21.6194594304063));
#6848=CARTESIAN_POINT('',(-975.246176843551,-288.132896966734,21.6194594304066));
#6849=CARTESIAN_POINT('',(-975.933113082272,-287.483887834988,21.6194594304066));
#6850=CARTESIAN_POINT('',(-976.133323971162,-287.034752494351,21.6194594304063));
#6851=CARTESIAN_POINT('',(-976.133323971162,-286.55908459966,21.6194594304063));
#6852=CARTESIAN_POINT('',(-1007.74721690761,-286.559084599655,21.6194594304063));
#6853=CARTESIAN_POINT('',(-1001.33746993206,-286.559084599656,-1.90000000000002));
#6854=CARTESIAN_POINT('',(-1007.74721690761,-286.559084599655,21.6194594304063));
#6855=CARTESIAN_POINT('',(-1007.74721690761,-287.034752494346,21.6194594304063));
#6856=CARTESIAN_POINT('',(-1007.9474277965,-287.483887834983,21.6194594304061));
#6857=CARTESIAN_POINT('',(-1008.63436403522,-288.132896966729,21.6194594304061));
#6858=CARTESIAN_POINT('',(-1009.09131240156,-288.309084599655,21.6194594304063));
#6859=CARTESIAN_POINT('',(-1009.56104133077,-288.309084599655,21.6194594304063));
#6860=CARTESIAN_POINT('',(-1010.03077025998,-288.309084599654,21.6194594304063));
#6861=CARTESIAN_POINT('',(-1010.48771862631,-288.132896966728,21.6194594304066));
#6862=CARTESIAN_POINT('',(-1011.17465486504,-287.483887834981,21.6194594304066));
#6863=CARTESIAN_POINT('',(-1011.37486575393,-287.034752494344,21.6194594304063));
#6864=CARTESIAN_POINT('',(-1011.37486575393,-286.559084599653,21.6194594304063));
#6865=CARTESIAN_POINT('',(-1027.20982886899,-225.445183879958,-1.90000000000002));
#6866=CARTESIAN_POINT('',(-1027.68549676368,-225.445183879958,-1.90000000000002));
#6867=CARTESIAN_POINT('',(-1028.13463210432,-225.64539476885,-1.90000000000025));
#6868=CARTESIAN_POINT('',(-1028.78364123609,-226.332331007598,-1.90000000000025));
#6869=CARTESIAN_POINT('',(-1028.95982886899,-226.78927937387,-1.90000000000002));
#6870=CARTESIAN_POINT('',(-1028.95982886899,-227.259008303118,-1.90000000000002));
#6871=CARTESIAN_POINT('',(-1028.95982886899,-227.728737232367,-1.90000000000002));
#6872=CARTESIAN_POINT('',(-1028.78364123609,-228.185685598636,-1.89999999999979));
#6873=CARTESIAN_POINT('',(-1028.13463210432,-228.872621837385,-1.89999999999979));
#6874=CARTESIAN_POINT('',(-1027.68549676368,-229.072832726277,-1.90000000000002));
#6875=CARTESIAN_POINT('',(-1027.20982886899,-229.072832726277,-1.90000000000002));
#6876=CARTESIAN_POINT('',(-1027.20982886899,-260.686725662722,-1.90000000000002));
#6877=CARTESIAN_POINT('',(-1027.68549676368,-260.686725662722,-1.90000000000002));
#6878=CARTESIAN_POINT('',(-1028.13463210432,-260.886936551614,-1.90000000000025));
#6879=CARTESIAN_POINT('',(-1028.78364123609,-261.573872790362,-1.90000000000025));
#6880=CARTESIAN_POINT('',(-1028.95982886899,-262.030821156634,-1.90000000000002));
#6881=CARTESIAN_POINT('',(-1028.95982886899,-262.500550085882,-1.90000000000002));
#6882=CARTESIAN_POINT('',(-1028.95982886899,-262.970279015132,-1.90000000000002));
#6883=CARTESIAN_POINT('',(-1028.78364123609,-263.4272273814,-1.89999999999979));
#6884=CARTESIAN_POINT('',(-1028.13463210432,-264.11416362015,-1.89999999999979));
#6885=CARTESIAN_POINT('',(-1027.68549676368,-264.314374509041,-1.90000000000002));
#6886=CARTESIAN_POINT('',(-1027.20982886899,-264.31437450904,-1.90000000000002));
#6887=CARTESIAN_POINT('',(-966.095928149296,-286.559084599662,-1.90000000000002));
#6888=CARTESIAN_POINT('',(-966.095928149296,-287.034752494351,-1.90000000000002));
#6889=CARTESIAN_POINT('',(-966.296139038187,-287.483887834991,-1.90000000000025));
#6890=CARTESIAN_POINT('',(-966.983075276935,-288.132896966762,-1.90000000000025));
#6891=CARTESIAN_POINT('',(-967.440023643208,-288.309084599662,-1.90000000000002));
#6892=CARTESIAN_POINT('',(-967.909752572456,-288.309084599662,-1.90000000000002));
#6893=CARTESIAN_POINT('',(-968.379481501705,-288.309084599661,-1.90000000000002));
#6894=CARTESIAN_POINT('',(-968.836429867974,-288.132896966763,-1.89999999999979));
#6895=CARTESIAN_POINT('',(-969.523366106723,-287.48388783499,-1.89999999999979));
#6896=CARTESIAN_POINT('',(-969.723576995614,-287.034752494349,-1.90000000000002));
#6897=CARTESIAN_POINT('',(-969.723576995614,-286.559084599661,-1.90000000000002));
#6898=CARTESIAN_POINT('',(-1001.33746993206,-286.559084599656,-1.90000000000002));
#6899=CARTESIAN_POINT('',(-1001.33746993206,-287.034752494344,-1.90000000000002));
#6900=CARTESIAN_POINT('',(-1001.53768082095,-287.483887834985,-1.90000000000025));
#6901=CARTESIAN_POINT('',(-1002.2246170597,-288.132896966756,-1.90000000000025));
#6902=CARTESIAN_POINT('',(-1002.68156542597,-288.309084599656,-1.90000000000002));
#6903=CARTESIAN_POINT('',(-1003.15129435522,-288.309084599655,-1.90000000000002));
#6904=CARTESIAN_POINT('',(-1003.62102328447,-288.309084599655,-1.90000000000002));
#6905=CARTESIAN_POINT('',(-1004.07797165074,-288.132896966757,-1.89999999999979));
#6906=CARTESIAN_POINT('',(-1004.76490788949,-287.483887834983,-1.89999999999979));
#6907=CARTESIAN_POINT('',(-1004.96511877838,-287.034752494345,-1.90000000000002));
#6908=CARTESIAN_POINT('',(-1004.96511877838,-286.559084599654,-1.90000000000002));
#6909=CARTESIAN_POINT('',(-1022.20982886899,-294.559084599659,21.6194594304063));
#6910=CARTESIAN_POINT('',(-1021.70982886899,-294.55908459966,20.6194594304063));
#6911=CARTESIAN_POINT('',(-1021.20982886899,-294.55908459966,19.6194594304063));
#6912=CARTESIAN_POINT('',(-1020.70982886899,-294.55908459966,18.6194594304063));
#6913=CARTESIAN_POINT('',(-1019.20982886899,-294.55908459966,18.6194594304063));
#6914=CARTESIAN_POINT('',(-1020.70982886899,-294.55908459966,18.6194594304063));
#6915=CARTESIAN_POINT('',(-1017.70982886899,-294.55908459966,18.6194594304063));
#6916=CARTESIAN_POINT('',(-1019.20982886899,-294.55908459966,21.6194594304063));
#6917=CARTESIAN_POINT('',(-1022.20982886899,-294.559084599659,21.6194594304063));
#6918=CARTESIAN_POINT('',(-1016.20982886899,-294.55908459966,21.6194594304063));
#6919=CARTESIAN_POINT('',(-1022.95982886899,-294.55908459966,21.6194594304063));
#6920=CARTESIAN_POINT('',(-1022.45982886899,-294.55908459966,20.6194594304063));
#6921=CARTESIAN_POINT('',(-1021.95982886899,-294.55908459966,19.6194594304063));
#6922=CARTESIAN_POINT('',(-1021.45982886899,-294.55908459966,18.6194594304063));
#6923=CARTESIAN_POINT('',(-1019.20982886899,-294.55908459966,18.6194594304063));
#6924=CARTESIAN_POINT('',(-1021.45982886899,-294.55908459966,18.6194594304063));
#6925=CARTESIAN_POINT('',(-1016.95982886899,-294.55908459966,18.6194594304063));
#6926=CARTESIAN_POINT('',(-1019.20982886899,-294.55908459966,21.6194594304063));
#6927=CARTESIAN_POINT('',(-1022.95982886899,-294.55908459966,21.6194594304063));
#6928=CARTESIAN_POINT('',(-1015.45982886899,-294.55908459966,21.6194594304063));
#6929=CARTESIAN_POINT('',(-1022.20982886899,-278.559084599659,21.6194594304063));
#6930=CARTESIAN_POINT('',(-1021.70982886899,-278.55908459966,20.6194594304063));
#6931=CARTESIAN_POINT('',(-1021.20982886899,-278.55908459966,19.6194594304063));
#6932=CARTESIAN_POINT('',(-1020.70982886899,-278.55908459966,18.6194594304063));
#6933=CARTESIAN_POINT('',(-1019.20982886899,-278.55908459966,18.6194594304063));
#6934=CARTESIAN_POINT('',(-1020.70982886899,-278.55908459966,18.6194594304063));
#6935=CARTESIAN_POINT('',(-1017.70982886899,-278.55908459966,18.6194594304063));
#6936=CARTESIAN_POINT('',(-1019.20982886899,-278.55908459966,21.6194594304063));
#6937=CARTESIAN_POINT('',(-1022.20982886899,-278.559084599659,21.6194594304063));
#6938=CARTESIAN_POINT('',(-1016.20982886899,-278.55908459966,21.6194594304063));
#6939=CARTESIAN_POINT('',(-1022.95982886899,-278.55908459966,21.6194594304063));
#6940=CARTESIAN_POINT('',(-1022.45982886899,-278.55908459966,20.6194594304063));
#6941=CARTESIAN_POINT('',(-1021.95982886899,-278.55908459966,19.6194594304063));
#6942=CARTESIAN_POINT('',(-1021.45982886899,-278.55908459966,18.6194594304063));
#6943=CARTESIAN_POINT('',(-1019.20982886899,-278.55908459966,18.6194594304063));
#6944=CARTESIAN_POINT('',(-1021.45982886899,-278.55908459966,18.6194594304063));
#6945=CARTESIAN_POINT('',(-1016.95982886899,-278.55908459966,18.6194594304063));
#6946=CARTESIAN_POINT('',(-1019.20982886899,-278.55908459966,21.6194594304063));
#6947=CARTESIAN_POINT('',(-1022.95982886899,-278.55908459966,21.6194594304063));
#6948=CARTESIAN_POINT('',(-1015.45982886899,-278.55908459966,21.6194594304063));
#6949=CARTESIAN_POINT('',(-1038.20982886899,-294.559084599659,21.6194594304063));
#6950=CARTESIAN_POINT('',(-1037.70982886899,-294.55908459966,20.6194594304063));
#6951=CARTESIAN_POINT('',(-1037.20982886899,-294.55908459966,19.6194594304063));
#6952=CARTESIAN_POINT('',(-1036.70982886899,-294.55908459966,18.6194594304063));
#6953=CARTESIAN_POINT('',(-1035.20982886899,-294.559084599661,18.6194594304063));
#6954=CARTESIAN_POINT('',(-1036.70982886899,-294.55908459966,18.6194594304063));
#6955=CARTESIAN_POINT('',(-1033.70982886899,-294.55908459966,18.6194594304063));
#6956=CARTESIAN_POINT('',(-1035.20982886899,-294.55908459966,21.6194594304063));
#6957=CARTESIAN_POINT('',(-1038.20982886899,-294.559084599659,21.6194594304063));
#6958=CARTESIAN_POINT('',(-1032.20982886899,-294.55908459966,21.6194594304063));
#6959=CARTESIAN_POINT('',(-1038.95982886899,-294.55908459966,21.6194594304063));
#6960=CARTESIAN_POINT('',(-1038.45982886899,-294.55908459966,20.6194594304063));
#6961=CARTESIAN_POINT('',(-1037.95982886899,-294.55908459966,19.6194594304063));
#6962=CARTESIAN_POINT('',(-1037.45982886899,-294.55908459966,18.6194594304063));
#6963=CARTESIAN_POINT('',(-1035.20982886899,-294.55908459966,18.6194594304063));
#6964=CARTESIAN_POINT('',(-1037.45982886899,-294.55908459966,18.6194594304063));
#6965=CARTESIAN_POINT('',(-1032.95982886899,-294.55908459966,18.6194594304063));
#6966=CARTESIAN_POINT('',(-1035.20982886899,-294.55908459966,21.6194594304063));
#6967=CARTESIAN_POINT('',(-1038.95982886899,-294.55908459966,21.6194594304063));
#6968=CARTESIAN_POINT('',(-1031.45982886899,-294.55908459966,21.6194594304063));
#6969=CARTESIAN_POINT('',(-1038.20982886899,-278.55908459966,21.6194594304063));
#6970=CARTESIAN_POINT('',(-1037.70982886899,-278.55908459966,20.6194594304063));
#6971=CARTESIAN_POINT('',(-1037.20982886899,-278.55908459966,19.6194594304063));
#6972=CARTESIAN_POINT('',(-1036.70982886899,-278.559084599661,18.6194594304063));
#6973=CARTESIAN_POINT('',(-1035.20982886899,-278.559084599661,18.6194594304063));
#6974=CARTESIAN_POINT('',(-1036.70982886899,-278.559084599661,18.6194594304063));
#6975=CARTESIAN_POINT('',(-1033.70982886899,-278.55908459966,18.6194594304063));
#6976=CARTESIAN_POINT('',(-1035.20982886899,-278.55908459966,21.6194594304063));
#6977=CARTESIAN_POINT('',(-1038.20982886899,-278.55908459966,21.6194594304063));
#6978=CARTESIAN_POINT('',(-1032.20982886899,-278.55908459966,21.6194594304063));
#6979=CARTESIAN_POINT('',(-1038.95982886899,-278.55908459966,21.6194594304063));
#6980=CARTESIAN_POINT('',(-1038.45982886899,-278.55908459966,20.6194594304063));
#6981=CARTESIAN_POINT('',(-1037.95982886899,-278.55908459966,19.6194594304063));
#6982=CARTESIAN_POINT('',(-1037.45982886899,-278.55908459966,18.6194594304063));
#6983=CARTESIAN_POINT('',(-1035.20982886899,-278.55908459966,18.6194594304063));
#6984=CARTESIAN_POINT('',(-1037.45982886899,-278.55908459966,18.6194594304063));
#6985=CARTESIAN_POINT('',(-1032.95982886899,-278.55908459966,18.6194594304063));
#6986=CARTESIAN_POINT('',(-1035.20982886899,-278.55908459966,21.6194594304063));
#6987=CARTESIAN_POINT('',(-1038.95982886899,-278.55908459966,21.6194594304063));
#6988=CARTESIAN_POINT('',(-1031.45982886899,-278.55908459966,21.6194594304063));
#6989=CARTESIAN_POINT('',(-1029.45982886899,-286.559084599537,2.24245943040634));
#6990=CARTESIAN_POINT('',(-1029.95982886899,-286.559084599537,1.24245943040634));
#6991=CARTESIAN_POINT('',(-1030.45982886899,-286.559084599537,0.242459430406342));
#6992=CARTESIAN_POINT('',(-1030.95982886899,-286.559084599537,-0.757540569593658));
#6993=CARTESIAN_POINT('',(-1027.20982886899,-286.559084599537,-0.757540569593658));
#6994=CARTESIAN_POINT('',(-1030.95982886899,-286.559084599537,-0.757540569593658));
#6995=CARTESIAN_POINT('',(-1023.45982886899,-286.559084599537,-0.757540569593658));
#6996=CARTESIAN_POINT('',(-1027.20982886899,-286.559084599537,2.24245943040634));
#6997=CARTESIAN_POINT('',(-1029.45982886899,-286.559084599537,2.24245943040634));
#6998=CARTESIAN_POINT('',(-1024.95982886899,-286.559084599537,2.24245943040634));
#6999=CARTESIAN_POINT('',(-1027.20982886899,-267.483321850466,1.1708136519622));
#7000=CARTESIAN_POINT('',(-1027.20982886899,-267.263855547149,2.26709579708175));
#7001=CARTESIAN_POINT('',(-1027.20982886899,-267.044389243831,3.3633779422013));
#7002=CARTESIAN_POINT('',(-1027.20982886899,-266.824922940514,4.45966008732085));
#7003=CARTESIAN_POINT('',(-1027.20982886899,-264.412892346957,5.11700962580534));
#7004=CARTESIAN_POINT('',(-1027.20982886899,-266.824922940514,4.45966008732085));
#7005=CARTESIAN_POINT('',(-1027.20982886899,-262.000861753399,5.77435916428983));
#7006=CARTESIAN_POINT('',(-1027.20982886899,-263.624072900775,2.22257291353714));
#7007=CARTESIAN_POINT('',(-1027.20982886899,-267.483321850466,1.1708136519622));
#7008=CARTESIAN_POINT('',(-1027.20982886899,-259.764823951084,3.27433217511207));
#7009=CARTESIAN_POINT('',(-1027.20982886899,-234.019887843881,13.4000005367072));
#7010=CARTESIAN_POINT('',(-1027.20982886899,-234.239354147191,12.3037183915897));
#7011=CARTESIAN_POINT('',(-1027.20982886899,-234.458820450501,11.2074362464722));
#7012=CARTESIAN_POINT('',(-1027.20982886899,-234.678286753811,10.1111541013547));
#7013=CARTESIAN_POINT('',(-1027.20982886899,-230.81903780412,11.1629133629297));
#7014=CARTESIAN_POINT('',(-1027.20982886899,-234.678286753811,10.1111541013547));
#7015=CARTESIAN_POINT('',(-1027.20982886899,-226.959788854429,12.2146726245046));
#7016=CARTESIAN_POINT('',(-1027.20982886899,-231.607857250323,14.0573500751916));
#7017=CARTESIAN_POINT('',(-1027.20982886899,-234.019887843881,13.4000005367072));
#7018=CARTESIAN_POINT('',(-1027.20982886899,-229.195826656766,14.714699613676));
#7019=CARTESIAN_POINT('',(-1020.70982886899,-278.55908459966,18.6194594304064));
#7020=CARTESIAN_POINT('',(-1020.70982886899,-278.55908459966,-1.90000000000007));
#7021=CARTESIAN_POINT('',(-1019.20982886899,-278.55908459966,-1.90000000000002));
#7022=CARTESIAN_POINT('',(-1020.70982886899,-278.55908459966,-1.90000000000002));
#7023=CARTESIAN_POINT('',(-1017.70982886899,-278.55908459966,-1.90000000000002));
#7024=CARTESIAN_POINT('',(-1028.70982886899,-286.559084599537,11.1194594303845));
#7025=CARTESIAN_POINT('',(-1028.70982886899,-286.559084599537,-1.9000000000001));
#7026=CARTESIAN_POINT('',(-1027.20982886899,-286.559084599537,11.1194594303845));
#7027=CARTESIAN_POINT('',(-1028.70982886899,-286.559084599537,11.1194594303845));
#7028=CARTESIAN_POINT('',(-1025.70982886899,-286.559084599537,11.1194594303845));
#7029=CARTESIAN_POINT('',(-1027.20982886899,-286.559084599537,-1.90000000000002));
#7030=CARTESIAN_POINT('',(-1028.70982886899,-286.559084599537,-1.90000000000002));
#7031=CARTESIAN_POINT('',(-1025.70982886899,-286.559084599537,-1.90000000000002));
#7032=CARTESIAN_POINT('',(-1036.70982886899,-294.55908459966,18.6194594304064));
#7033=CARTESIAN_POINT('',(-1036.70982886899,-294.55908459966,-1.90000000000007));
#7034=CARTESIAN_POINT('',(-1035.20982886899,-294.55908459966,-1.90000000000002));
#7035=CARTESIAN_POINT('',(-1036.70982886899,-294.55908459966,-1.90000000000002));
#7036=CARTESIAN_POINT('',(-1033.70982886899,-294.55908459966,-1.90000000000002));
#7037=CARTESIAN_POINT('',(-1036.70982886899,-278.559084599661,18.6194594304064));
#7038=CARTESIAN_POINT('',(-1036.70982886899,-278.559084599661,-1.90000000000007));
#7039=CARTESIAN_POINT('',(-1035.20982886899,-278.55908459966,-1.90000000000002));
#7040=CARTESIAN_POINT('',(-1036.70982886899,-278.559084599661,-1.90000000000002));
#7041=CARTESIAN_POINT('',(-1033.70982886899,-278.55908459966,-1.90000000000002));
#7042=CARTESIAN_POINT('',(-1027.20982886899,-234.019887843858,13.4000005367134));
#7043=CARTESIAN_POINT('',(-1027.20982886899,-236.259933026035,21.6194594304064));
#7044=CARTESIAN_POINT('',(-1027.20982886899,-236.259933026035,21.6194594304063));
#7045=CARTESIAN_POINT('',(-1026.53030330514,-236.259933026035,21.6194594304063));
#7046=CARTESIAN_POINT('',(-1025.88868138995,-235.973917470479,21.6194594304067));
#7047=CARTESIAN_POINT('',(-1024.96152548745,-234.99257998659,21.6194594304067));
#7048=CARTESIAN_POINT('',(-1024.70982886899,-234.339796606107,21.6194594304063));
#7049=CARTESIAN_POINT('',(-1024.70982886899,-233.668755278664,21.6194594304063));
#7050=CARTESIAN_POINT('',(-1024.70982886899,-232.997713951222,21.6194594304063));
#7051=CARTESIAN_POINT('',(-1024.96152548745,-232.34493057074,21.619459430406));
#7052=CARTESIAN_POINT('',(-1025.88868138995,-231.36359308685,21.619459430406));
#7053=CARTESIAN_POINT('',(-1026.53030330514,-231.077577531295,21.6194594304063));
#7054=CARTESIAN_POINT('',(-1027.20982886899,-231.077577531303,21.6194594304063));
#7055=CARTESIAN_POINT('',(-1027.20982886899,-266.824922940514,4.45966008732091));
#7056=CARTESIAN_POINT('',(-1027.20982886899,-271.5014748088,21.6194594304063));
#7057=CARTESIAN_POINT('',(-1027.20982886899,-271.5014748088,21.6194594304063));
#7058=CARTESIAN_POINT('',(-1026.53030330514,-271.501474808799,21.6194594304063));
#7059=CARTESIAN_POINT('',(-1025.88868138995,-271.215459253242,21.6194594304067));
#7060=CARTESIAN_POINT('',(-1024.96152548745,-270.234121769352,21.6194594304067));
#7061=CARTESIAN_POINT('',(-1024.70982886899,-269.581338388872,21.6194594304063));
#7062=CARTESIAN_POINT('',(-1024.70982886899,-268.910297061428,21.6194594304063));
#7063=CARTESIAN_POINT('',(-1024.70982886899,-268.239255733987,21.6194594304063));
#7064=CARTESIAN_POINT('',(-1024.96152548745,-267.586472353502,21.619459430406));
#7065=CARTESIAN_POINT('',(-1025.88868138995,-266.605134869616,21.619459430406));
#7066=CARTESIAN_POINT('',(-1026.53030330515,-266.319119314059,21.6194594304063));
#7067=CARTESIAN_POINT('',(-1027.20982886899,-266.319119314059,21.6194594304063));
#7068=CARTESIAN_POINT('',(-1029.45982886899,-286.559084599537,11.1194594303845));
#7069=CARTESIAN_POINT('',(-1029.45982886899,-286.559084599537,2.24245943040634));
#7070=CARTESIAN_POINT('',(-1027.20982886899,-286.559084599537,11.1194594303845));
#7071=CARTESIAN_POINT('',(-1029.45982886899,-286.559084599537,11.1194594303845));
#7072=CARTESIAN_POINT('',(-1024.95982886899,-286.559084599537,11.1194594303845));
#7073=CARTESIAN_POINT('',(-1021.45982886899,-278.55908459966,18.6194594304063));
#7074=CARTESIAN_POINT('',(-1021.45982886899,-278.55908459966,-0.757540569593658));
#7075=CARTESIAN_POINT('',(-1019.20982886899,-278.55908459966,-0.757540569593658));
#7076=CARTESIAN_POINT('',(-1021.45982886899,-278.55908459966,-0.757540569593658));
#7077=CARTESIAN_POINT('',(-1016.95982886899,-278.55908459966,-0.757540569593658));
#7078=CARTESIAN_POINT('',(-1021.45982886899,-294.55908459966,18.6194594304063));
#7079=CARTESIAN_POINT('',(-1021.45982886899,-294.55908459966,-0.757540569593658));
#7080=CARTESIAN_POINT('',(-1019.20982886899,-294.55908459966,-0.757540569593658));
#7081=CARTESIAN_POINT('',(-1021.45982886899,-294.55908459966,-0.757540569593658));
#7082=CARTESIAN_POINT('',(-1016.95982886899,-294.55908459966,-0.757540569593658));
#7083=CARTESIAN_POINT('',(-1037.45982886899,-278.55908459966,18.6194594304063));
#7084=CARTESIAN_POINT('',(-1037.45982886899,-278.55908459966,-0.757540569593658));
#7085=CARTESIAN_POINT('',(-1035.20982886899,-278.55908459966,-0.757540569593658));
#7086=CARTESIAN_POINT('',(-1037.45982886899,-278.55908459966,-0.757540569593658));
#7087=CARTESIAN_POINT('',(-1032.95982886899,-278.55908459966,-0.757540569593658));
#7088=CARTESIAN_POINT('',(-1037.45982886899,-294.55908459966,18.6194594304063));
#7089=CARTESIAN_POINT('',(-1037.45982886899,-294.55908459966,-0.757540569593658));
#7090=CARTESIAN_POINT('',(-1035.20982886899,-294.55908459966,-0.757540569593658));
#7091=CARTESIAN_POINT('',(-1037.45982886899,-294.55908459966,-0.757540569593658));
#7092=CARTESIAN_POINT('',(-1032.95982886899,-294.55908459966,-0.757540569593658));
#7093=CARTESIAN_POINT('',(-1027.20982886899,-235.482579701824,21.6194594304063));
#7094=CARTESIAN_POINT('',(-1027.20982886899,-229.072832726277,-1.90000000000002));
#7095=CARTESIAN_POINT('',(-1027.20982886899,-235.482579701824,21.6194594304063));
#7096=CARTESIAN_POINT('',(-1026.7341609743,-235.482579701824,21.6194594304063));
#7097=CARTESIAN_POINT('',(-1026.28502563366,-235.282368812934,21.6194594304066));
#7098=CARTESIAN_POINT('',(-1025.63601650191,-234.595432574212,21.6194594304066));
#7099=CARTESIAN_POINT('',(-1025.45982886899,-234.138484207875,21.6194594304063));
#7100=CARTESIAN_POINT('',(-1025.45982886899,-233.668755278665,21.6194594304063));
#7101=CARTESIAN_POINT('',(-1025.45982886899,-233.199026349454,21.6194594304063));
#7102=CARTESIAN_POINT('',(-1025.63601650191,-232.742077983118,21.6194594304061));
#7103=CARTESIAN_POINT('',(-1026.28502563366,-232.055141744396,21.6194594304061));
#7104=CARTESIAN_POINT('',(-1026.7341609743,-231.854930855506,21.6194594304063));
#7105=CARTESIAN_POINT('',(-1027.20982886899,-231.854930855506,21.6194594304063));
#7106=CARTESIAN_POINT('',(-1027.20982886899,-229.072832726277,-1.90000000000002));
#7107=CARTESIAN_POINT('',(-1026.7341609743,-229.072832726277,-1.90000000000002));
#7108=CARTESIAN_POINT('',(-1026.28502563366,-228.872621837385,-1.89999999999979));
#7109=CARTESIAN_POINT('',(-1025.63601650189,-228.185685598637,-1.89999999999979));
#7110=CARTESIAN_POINT('',(-1025.45982886899,-227.728737232365,-1.90000000000002));
#7111=CARTESIAN_POINT('',(-1025.45982886899,-227.259008303117,-1.90000000000002));
#7112=CARTESIAN_POINT('',(-1025.45982886899,-226.789279373868,-1.90000000000002));
#7113=CARTESIAN_POINT('',(-1025.63601650189,-226.332331007598,-1.90000000000024));
#7114=CARTESIAN_POINT('',(-1026.28502563366,-225.645394768849,-1.90000000000024));
#7115=CARTESIAN_POINT('',(-1026.7341609743,-225.445183879958,-1.90000000000002));
#7116=CARTESIAN_POINT('',(-1027.20982886899,-225.445183879958,-1.90000000000002));
#7117=CARTESIAN_POINT('',(-1027.20982886899,-270.724121484588,21.6194594304063));
#7118=CARTESIAN_POINT('',(-1027.20982886899,-264.31437450904,-1.90000000000003));
#7119=CARTESIAN_POINT('',(-1027.20982886899,-270.724121484588,21.6194594304063));
#7120=CARTESIAN_POINT('',(-1026.7341609743,-270.724121484588,21.6194594304063));
#7121=CARTESIAN_POINT('',(-1026.28502563366,-270.523910595698,21.6194594304066));
#7122=CARTESIAN_POINT('',(-1025.63601650191,-269.836974356976,21.6194594304066));
#7123=CARTESIAN_POINT('',(-1025.45982886899,-269.380025990638,21.6194594304063));
#7124=CARTESIAN_POINT('',(-1025.45982886899,-268.910297061428,21.6194594304063));
#7125=CARTESIAN_POINT('',(-1025.45982886899,-268.440568132218,21.6194594304063));
#7126=CARTESIAN_POINT('',(-1025.63601650191,-267.983619765881,21.6194594304061));
#7127=CARTESIAN_POINT('',(-1026.28502563366,-267.29668352716,21.6194594304061));
#7128=CARTESIAN_POINT('',(-1026.7341609743,-267.09647263827,21.6194594304063));
#7129=CARTESIAN_POINT('',(-1027.20982886899,-267.09647263827,21.6194594304063));
#7130=CARTESIAN_POINT('',(-1027.20982886899,-264.31437450904,-1.90000000000002));
#7131=CARTESIAN_POINT('',(-1026.7341609743,-264.31437450904,-1.90000000000002));
#7132=CARTESIAN_POINT('',(-1026.28502563366,-264.114163620149,-1.89999999999979));
#7133=CARTESIAN_POINT('',(-1025.63601650189,-263.4272273814,-1.89999999999979));
#7134=CARTESIAN_POINT('',(-1025.45982886899,-262.970279015129,-1.90000000000002));
#7135=CARTESIAN_POINT('',(-1025.45982886899,-262.500550085881,-1.90000000000002));
#7136=CARTESIAN_POINT('',(-1025.45982886899,-262.030821156631,-1.90000000000002));
#7137=CARTESIAN_POINT('',(-1025.63601650189,-261.573872790362,-1.90000000000025));
#7138=CARTESIAN_POINT('',(-1026.28502563366,-260.886936551613,-1.90000000000025));
#7139=CARTESIAN_POINT('',(-1026.7341609743,-260.686725662722,-1.90000000000002));
#7140=CARTESIAN_POINT('',(-1027.20982886899,-260.686725662722,-1.90000000000002));
#7141=CARTESIAN_POINT('',(-1020.70982886899,-294.55908459966,18.6194594304064));
#7142=CARTESIAN_POINT('',(-1020.70982886899,-294.55908459966,-1.90000000000007));
#7143=CARTESIAN_POINT('',(-1019.20982886899,-294.55908459966,-1.90000000000002));
#7144=CARTESIAN_POINT('',(-1020.70982886899,-294.55908459966,-1.90000000000002));
#7145=CARTESIAN_POINT('',(-1017.70982886899,-294.55908459966,-1.90000000000002));
#7146=CARTESIAN_POINT('',(-1008.1340661198,-286.559084599652,1.1708136519622));
#7147=CARTESIAN_POINT('',(-1007.91459981649,-286.559084599653,2.26709579708175));
#7148=CARTESIAN_POINT('',(-1007.69513351317,-286.559084599653,3.3633779422013));
#7149=CARTESIAN_POINT('',(-1007.47566720985,-286.559084599654,4.45966008732085));
#7150=CARTESIAN_POINT('',(-1005.06363661629,-286.559084599655,5.11700962580545));
#7151=CARTESIAN_POINT('',(-1007.47566720985,-286.559084599654,4.45966008732085));
#7152=CARTESIAN_POINT('',(-1002.65160602274,-286.559084599656,5.77435916429006));
#7153=CARTESIAN_POINT('',(-1004.27481717011,-286.559084599655,2.22257291353722));
#7154=CARTESIAN_POINT('',(-1008.1340661198,-286.559084599652,1.1708136519622));
#7155=CARTESIAN_POINT('',(-1000.41556822042,-286.559084599657,3.27433217511224));
#7156=CARTESIAN_POINT('',(-974.670632113218,-286.55908459966,13.4000005367072));
#7157=CARTESIAN_POINT('',(-974.890098416528,-286.55908459966,12.3037183915897));
#7158=CARTESIAN_POINT('',(-975.109564719838,-286.55908459966,11.2074362464722));
#7159=CARTESIAN_POINT('',(-975.329031023148,-286.559084599659,10.1111541013547));
#7160=CARTESIAN_POINT('',(-971.469782073457,-286.55908459966,11.1629133629296));
#7161=CARTESIAN_POINT('',(-975.329031023148,-286.559084599659,10.1111541013547));
#7162=CARTESIAN_POINT('',(-967.610533123766,-286.559084599662,12.2146726245046));
#7163=CARTESIAN_POINT('',(-972.258601519661,-286.559084599661,14.0573500751916));
#7164=CARTESIAN_POINT('',(-974.670632113218,-286.55908459966,13.4000005367072));
#7165=CARTESIAN_POINT('',(-969.846570926104,-286.559084599661,14.7146996136759));
#7166=CARTESIAN_POINT('',(-974.670632113195,-286.55908459966,13.4000005367134));
#7167=CARTESIAN_POINT('',(-976.910677295372,-286.55908459966,21.6194594304064));
#7168=CARTESIAN_POINT('',(-976.910677295372,-286.55908459966,21.6194594304063));
#7169=CARTESIAN_POINT('',(-976.910677295372,-285.879559035813,21.6194594304063));
#7170=CARTESIAN_POINT('',(-976.624661739816,-285.237937120621,21.6194594304067));
#7171=CARTESIAN_POINT('',(-975.643324255927,-284.310781218125,21.6194594304067));
#7172=CARTESIAN_POINT('',(-974.990540875444,-284.05908459966,21.6194594304063));
#7173=CARTESIAN_POINT('',(-974.319499548002,-284.05908459966,21.6194594304063));
#7174=CARTESIAN_POINT('',(-973.648458220559,-284.05908459966,21.6194594304063));
#7175=CARTESIAN_POINT('',(-972.995674840077,-284.310781218125,21.619459430406));
#7176=CARTESIAN_POINT('',(-972.014337356188,-285.237937120623,21.619459430406));
#7177=CARTESIAN_POINT('',(-971.728321800632,-285.879559035815,21.6194594304063));
#7178=CARTESIAN_POINT('',(-971.728321800641,-286.559084599661,21.6194594304063));
#7179=CARTESIAN_POINT('',(-1007.47566720985,-286.559084599654,4.45966008732091));
#7180=CARTESIAN_POINT('',(-1012.15221907814,-286.559084599653,21.6194594304063));
#7181=CARTESIAN_POINT('',(-1012.15221907814,-286.559084599653,21.6194594304063));
#7182=CARTESIAN_POINT('',(-1012.15221907814,-285.879559035808,21.6194594304063));
#7183=CARTESIAN_POINT('',(-1011.86620352258,-285.237937120613,21.6194594304067));
#7184=CARTESIAN_POINT('',(-1010.88486603869,-284.310781218117,21.6194594304067));
#7185=CARTESIAN_POINT('',(-1010.23208265821,-284.059084599653,21.6194594304063));
#7186=CARTESIAN_POINT('',(-1009.56104133077,-284.059084599654,21.6194594304063));
#7187=CARTESIAN_POINT('',(-1008.89000000332,-284.059084599654,21.6194594304063));
#7188=CARTESIAN_POINT('',(-1008.23721662284,-284.31078121812,21.619459430406));
#7189=CARTESIAN_POINT('',(-1007.25587913895,-285.237937120615,21.619459430406));
#7190=CARTESIAN_POINT('',(-1006.9698635834,-285.879559035811,21.6194594304063));
#7191=CARTESIAN_POINT('',(-1006.9698635834,-286.559084599655,21.6194594304063));
#7192=CARTESIAN_POINT('',(-976.133323971162,-286.55908459966,21.6194594304063));
#7193=CARTESIAN_POINT('',(-969.723576995614,-286.559084599661,-1.90000000000002));
#7194=CARTESIAN_POINT('',(-976.133323971162,-286.55908459966,21.6194594304063));
#7195=CARTESIAN_POINT('',(-976.133323971162,-286.083416704969,21.6194594304063));
#7196=CARTESIAN_POINT('',(-975.933113082271,-285.634281364332,21.6194594304066));
#7197=CARTESIAN_POINT('',(-975.246176843549,-284.985272232584,21.6194594304066));
#7198=CARTESIAN_POINT('',(-974.789228477212,-284.80908459966,21.6194594304063));
#7199=CARTESIAN_POINT('',(-974.319499548002,-284.80908459966,21.6194594304063));
#7200=CARTESIAN_POINT('',(-973.849770618792,-284.80908459966,21.6194594304063));
#7201=CARTESIAN_POINT('',(-973.392822252455,-284.985272232585,21.6194594304061));
#7202=CARTESIAN_POINT('',(-972.705886013733,-285.634281364333,21.6194594304061));
#7203=CARTESIAN_POINT('',(-972.505675124843,-286.08341670497,21.6194594304063));
#7204=CARTESIAN_POINT('',(-972.505675124843,-286.559084599661,21.6194594304063));
#7205=CARTESIAN_POINT('',(-969.723576995614,-286.559084599661,-1.90000000000002));
#7206=CARTESIAN_POINT('',(-969.723576995614,-286.083416704972,-1.90000000000002));
#7207=CARTESIAN_POINT('',(-969.523366106722,-285.634281364331,-1.89999999999979));
#7208=CARTESIAN_POINT('',(-968.836429867975,-284.98527223256,-1.89999999999979));
#7209=CARTESIAN_POINT('',(-968.379481501702,-284.80908459966,-1.90000000000002));
#7210=CARTESIAN_POINT('',(-967.909752572454,-284.809084599661,-1.90000000000002));
#7211=CARTESIAN_POINT('',(-967.440023643205,-284.809084599661,-1.90000000000002));
#7212=CARTESIAN_POINT('',(-966.983075276936,-284.985272232559,-1.90000000000024));
#7213=CARTESIAN_POINT('',(-966.296139038187,-285.634281364333,-1.90000000000024));
#7214=CARTESIAN_POINT('',(-966.095928149296,-286.083416704972,-1.90000000000002));
#7215=CARTESIAN_POINT('',(-966.095928149296,-286.559084599662,-1.90000000000002));
#7216=CARTESIAN_POINT('',(-1011.37486575393,-286.559084599653,21.6194594304063));
#7217=CARTESIAN_POINT('',(-1004.96511877838,-286.559084599654,-1.90000000000003));
#7218=CARTESIAN_POINT('',(-1011.37486575393,-286.559084599653,21.6194594304063));
#7219=CARTESIAN_POINT('',(-1011.37486575393,-286.083416704962,21.6194594304063));
#7220=CARTESIAN_POINT('',(-1011.17465486504,-285.634281364326,21.6194594304066));
#7221=CARTESIAN_POINT('',(-1010.48771862631,-284.985272232578,21.6194594304066));
#7222=CARTESIAN_POINT('',(-1010.03077025998,-284.809084599653,21.6194594304063));
#7223=CARTESIAN_POINT('',(-1009.56104133077,-284.809084599654,21.6194594304063));
#7224=CARTESIAN_POINT('',(-1009.09131240156,-284.809084599654,21.6194594304063));
#7225=CARTESIAN_POINT('',(-1008.63436403522,-284.985272232579,21.6194594304061));
#7226=CARTESIAN_POINT('',(-1007.9474277965,-285.634281364327,21.6194594304061));
#7227=CARTESIAN_POINT('',(-1007.74721690761,-286.083416704964,21.6194594304063));
#7228=CARTESIAN_POINT('',(-1007.74721690761,-286.559084599655,21.6194594304063));
#7229=CARTESIAN_POINT('',(-1004.96511877838,-286.559084599654,-1.90000000000002));
#7230=CARTESIAN_POINT('',(-1004.96511877838,-286.083416704965,-1.90000000000002));
#7231=CARTESIAN_POINT('',(-1004.76490788949,-285.634281364325,-1.89999999999979));
#7232=CARTESIAN_POINT('',(-1004.07797165074,-284.985272232554,-1.89999999999979));
#7233=CARTESIAN_POINT('',(-1003.62102328447,-284.809084599655,-1.90000000000002));
#7234=CARTESIAN_POINT('',(-1003.15129435522,-284.809084599655,-1.90000000000002));
#7235=CARTESIAN_POINT('',(-1002.68156542597,-284.809084599655,-1.90000000000002));
#7236=CARTESIAN_POINT('',(-1002.2246170597,-284.985272232554,-1.90000000000025));
#7237=CARTESIAN_POINT('',(-1001.53768082095,-285.634281364327,-1.90000000000025));
#7238=CARTESIAN_POINT('',(-1001.33746993206,-286.083416704967,-1.90000000000002));
#7239=CARTESIAN_POINT('',(-1001.33746993206,-286.559084599656,-1.90000000000002));
#7240=CARTESIAN_POINT('',(-1109.44021835936,-294.559084599659,21.6194594304063));
#7241=CARTESIAN_POINT('',(-1108.94021835936,-294.55908459966,20.6194594304063));
#7242=CARTESIAN_POINT('',(-1108.44021835936,-294.55908459966,19.6194594304063));
#7243=CARTESIAN_POINT('',(-1107.94021835937,-294.55908459966,18.6194594304063));
#7244=CARTESIAN_POINT('',(-1109.44021835936,-297.559084599659,21.6194594304063));
#7245=CARTESIAN_POINT('',(-1108.94021835936,-297.059084599659,20.6194594304063));
#7246=CARTESIAN_POINT('',(-1108.44021835936,-296.55908459966,19.6194594304063));
#7247=CARTESIAN_POINT('',(-1107.94021835936,-296.05908459966,18.6194594304063));
#7248=CARTESIAN_POINT('',(-1106.44021835937,-297.559084599659,21.6194594304063));
#7249=CARTESIAN_POINT('',(-1106.44021835937,-297.05908459966,20.6194594304063));
#7250=CARTESIAN_POINT('',(-1106.44021835937,-296.55908459966,19.6194594304063));
#7251=CARTESIAN_POINT('',(-1106.44021835937,-296.05908459966,18.6194594304063));
#7252=CARTESIAN_POINT('',(-1103.44021835937,-297.55908459966,21.6194594304063));
#7253=CARTESIAN_POINT('',(-1103.94021835937,-297.05908459966,20.6194594304063));
#7254=CARTESIAN_POINT('',(-1104.44021835937,-296.55908459966,19.6194594304063));
#7255=CARTESIAN_POINT('',(-1104.94021835937,-296.05908459966,18.6194594304063));
#7256=CARTESIAN_POINT('',(-1103.44021835937,-294.55908459966,21.6194594304063));
#7257=CARTESIAN_POINT('',(-1103.94021835937,-294.55908459966,20.6194594304063));
#7258=CARTESIAN_POINT('',(-1104.44021835937,-294.55908459966,19.6194594304063));
#7259=CARTESIAN_POINT('',(-1104.94021835937,-294.55908459966,18.6194594304063));
#7260=CARTESIAN_POINT('',(-1110.19021835937,-294.55908459966,21.6194594304063));
#7261=CARTESIAN_POINT('',(-1109.69021835937,-294.55908459966,20.6194594304063));
#7262=CARTESIAN_POINT('',(-1109.19021835937,-294.55908459966,19.6194594304063));
#7263=CARTESIAN_POINT('',(-1108.69021835937,-294.55908459966,18.6194594304063));
#7264=CARTESIAN_POINT('',(-1110.19021835937,-290.80908459966,21.6194594304063));
#7265=CARTESIAN_POINT('',(-1109.69021835937,-291.30908459966,20.6194594304063));
#7266=CARTESIAN_POINT('',(-1109.19021835937,-291.80908459966,19.6194594304063));
#7267=CARTESIAN_POINT('',(-1108.69021835937,-292.30908459966,18.6194594304063));
#7268=CARTESIAN_POINT('',(-1106.44021835937,-290.80908459966,21.6194594304063));
#7269=CARTESIAN_POINT('',(-1106.44021835937,-291.30908459966,20.6194594304063));
#7270=CARTESIAN_POINT('',(-1106.44021835937,-291.80908459966,19.6194594304063));
#7271=CARTESIAN_POINT('',(-1106.44021835937,-292.30908459966,18.6194594304063));
#7272=CARTESIAN_POINT('',(-1102.69021835937,-290.80908459966,21.6194594304063));
#7273=CARTESIAN_POINT('',(-1103.19021835937,-291.30908459966,20.6194594304063));
#7274=CARTESIAN_POINT('',(-1103.69021835937,-291.80908459966,19.6194594304063));
#7275=CARTESIAN_POINT('',(-1104.19021835937,-292.30908459966,18.6194594304063));
#7276=CARTESIAN_POINT('',(-1102.69021835937,-294.55908459966,21.6194594304063));
#7277=CARTESIAN_POINT('',(-1103.19021835937,-294.55908459966,20.6194594304063));
#7278=CARTESIAN_POINT('',(-1103.69021835937,-294.55908459966,19.6194594304063));
#7279=CARTESIAN_POINT('',(-1104.19021835937,-294.55908459966,18.6194594304063));
#7280=CARTESIAN_POINT('',(-1110.26521835937,-298.38408459966,21.6194594304063));
#7281=CARTESIAN_POINT('',(-1109.44021835936,-278.559084599659,21.6194594304063));
#7282=CARTESIAN_POINT('',(-1108.94021835936,-278.55908459966,20.6194594304063));
#7283=CARTESIAN_POINT('',(-1108.44021835936,-278.55908459966,19.6194594304063));
#7284=CARTESIAN_POINT('',(-1107.94021835936,-278.55908459966,18.6194594304063));
#7285=CARTESIAN_POINT('',(-1109.44021835936,-281.559084599659,21.6194594304063));
#7286=CARTESIAN_POINT('',(-1108.94021835936,-281.059084599659,20.6194594304063));
#7287=CARTESIAN_POINT('',(-1108.44021835936,-280.55908459966,19.6194594304063));
#7288=CARTESIAN_POINT('',(-1107.94021835936,-280.05908459966,18.6194594304063));
#7289=CARTESIAN_POINT('',(-1106.44021835937,-281.559084599659,21.6194594304063));
#7290=CARTESIAN_POINT('',(-1106.44021835937,-281.05908459966,20.6194594304063));
#7291=CARTESIAN_POINT('',(-1106.44021835936,-280.55908459966,19.6194594304063));
#7292=CARTESIAN_POINT('',(-1106.44021835936,-280.05908459966,18.6194594304063));
#7293=CARTESIAN_POINT('',(-1103.44021835937,-281.55908459966,21.6194594304063));
#7294=CARTESIAN_POINT('',(-1103.94021835937,-281.05908459966,20.6194594304063));
#7295=CARTESIAN_POINT('',(-1104.44021835937,-280.55908459966,19.6194594304063));
#7296=CARTESIAN_POINT('',(-1104.94021835936,-280.05908459966,18.6194594304063));
#7297=CARTESIAN_POINT('',(-1103.44021835937,-278.55908459966,21.6194594304063));
#7298=CARTESIAN_POINT('',(-1103.94021835937,-278.55908459966,20.6194594304063));
#7299=CARTESIAN_POINT('',(-1104.44021835937,-278.55908459966,19.6194594304063));
#7300=CARTESIAN_POINT('',(-1104.94021835937,-278.55908459966,18.6194594304063));
#7301=CARTESIAN_POINT('',(-1110.19021835937,-278.55908459966,21.6194594304063));
#7302=CARTESIAN_POINT('',(-1109.69021835937,-278.55908459966,20.6194594304063));
#7303=CARTESIAN_POINT('',(-1109.19021835937,-278.55908459966,19.6194594304063));
#7304=CARTESIAN_POINT('',(-1108.69021835937,-278.55908459966,18.6194594304063));
#7305=CARTESIAN_POINT('',(-1110.19021835937,-274.80908459966,21.6194594304063));
#7306=CARTESIAN_POINT('',(-1109.69021835937,-275.30908459966,20.6194594304063));
#7307=CARTESIAN_POINT('',(-1109.19021835937,-275.80908459966,19.6194594304063));
#7308=CARTESIAN_POINT('',(-1108.69021835937,-276.30908459966,18.6194594304063));
#7309=CARTESIAN_POINT('',(-1106.44021835937,-274.80908459966,21.6194594304063));
#7310=CARTESIAN_POINT('',(-1106.44021835937,-275.30908459966,20.6194594304063));
#7311=CARTESIAN_POINT('',(-1106.44021835937,-275.80908459966,19.6194594304063));
#7312=CARTESIAN_POINT('',(-1106.44021835937,-276.30908459966,18.6194594304063));
#7313=CARTESIAN_POINT('',(-1102.69021835937,-274.80908459966,21.6194594304063));
#7314=CARTESIAN_POINT('',(-1103.19021835937,-275.30908459966,20.6194594304063));
#7315=CARTESIAN_POINT('',(-1103.69021835936,-275.80908459966,19.6194594304063));
#7316=CARTESIAN_POINT('',(-1104.19021835937,-276.30908459966,18.6194594304063));
#7317=CARTESIAN_POINT('',(-1102.69021835937,-278.55908459966,21.6194594304063));
#7318=CARTESIAN_POINT('',(-1103.19021835937,-278.55908459966,20.6194594304063));
#7319=CARTESIAN_POINT('',(-1103.69021835937,-278.55908459966,19.6194594304063));
#7320=CARTESIAN_POINT('',(-1104.19021835937,-278.55908459966,18.6194594304063));
#7321=CARTESIAN_POINT('',(-1110.26521835937,-282.38408459966,21.6194594304063));
#7322=CARTESIAN_POINT('',(-1125.44021835936,-294.559084599659,21.6194594304063));
#7323=CARTESIAN_POINT('',(-1124.94021835936,-294.55908459966,20.6194594304063));
#7324=CARTESIAN_POINT('',(-1124.44021835936,-294.55908459966,19.6194594304063));
#7325=CARTESIAN_POINT('',(-1123.94021835936,-294.55908459966,18.6194594304063));
#7326=CARTESIAN_POINT('',(-1125.44021835936,-297.559084599659,21.6194594304063));
#7327=CARTESIAN_POINT('',(-1124.94021835936,-297.059084599659,20.6194594304063));
#7328=CARTESIAN_POINT('',(-1124.44021835936,-296.55908459966,19.6194594304063));
#7329=CARTESIAN_POINT('',(-1123.94021835936,-296.05908459966,18.6194594304063));
#7330=CARTESIAN_POINT('',(-1122.44021835937,-297.559084599659,21.6194594304063));
#7331=CARTESIAN_POINT('',(-1122.44021835937,-297.05908459966,20.6194594304063));
#7332=CARTESIAN_POINT('',(-1122.44021835936,-296.55908459966,19.6194594304063));
#7333=CARTESIAN_POINT('',(-1122.44021835936,-296.05908459966,18.6194594304063));
#7334=CARTESIAN_POINT('',(-1119.44021835937,-297.55908459966,21.6194594304063));
#7335=CARTESIAN_POINT('',(-1119.94021835937,-297.05908459966,20.6194594304063));
#7336=CARTESIAN_POINT('',(-1120.44021835937,-296.55908459966,19.6194594304063));
#7337=CARTESIAN_POINT('',(-1120.94021835936,-296.05908459966,18.6194594304063));
#7338=CARTESIAN_POINT('',(-1119.44021835937,-294.55908459966,21.6194594304063));
#7339=CARTESIAN_POINT('',(-1119.94021835937,-294.55908459966,20.6194594304063));
#7340=CARTESIAN_POINT('',(-1120.44021835937,-294.55908459966,19.6194594304063));
#7341=CARTESIAN_POINT('',(-1120.94021835937,-294.55908459966,18.6194594304063));
#7342=CARTESIAN_POINT('',(-1126.19021835937,-294.55908459966,21.6194594304063));
#7343=CARTESIAN_POINT('',(-1125.69021835937,-294.55908459966,20.6194594304063));
#7344=CARTESIAN_POINT('',(-1125.19021835937,-294.55908459966,19.6194594304063));
#7345=CARTESIAN_POINT('',(-1124.69021835937,-294.55908459966,18.6194594304063));
#7346=CARTESIAN_POINT('',(-1126.19021835937,-290.80908459966,21.6194594304063));
#7347=CARTESIAN_POINT('',(-1125.69021835936,-291.30908459966,20.6194594304063));
#7348=CARTESIAN_POINT('',(-1125.19021835937,-291.80908459966,19.6194594304063));
#7349=CARTESIAN_POINT('',(-1124.69021835937,-292.30908459966,18.6194594304063));
#7350=CARTESIAN_POINT('',(-1122.44021835937,-290.80908459966,21.6194594304063));
#7351=CARTESIAN_POINT('',(-1122.44021835937,-291.30908459966,20.6194594304063));
#7352=CARTESIAN_POINT('',(-1122.44021835937,-291.80908459966,19.6194594304063));
#7353=CARTESIAN_POINT('',(-1122.44021835937,-292.30908459966,18.6194594304063));
#7354=CARTESIAN_POINT('',(-1118.69021835937,-290.80908459966,21.6194594304063));
#7355=CARTESIAN_POINT('',(-1119.19021835937,-291.30908459966,20.6194594304063));
#7356=CARTESIAN_POINT('',(-1119.69021835936,-291.80908459966,19.6194594304063));
#7357=CARTESIAN_POINT('',(-1120.19021835937,-292.30908459966,18.6194594304063));
#7358=CARTESIAN_POINT('',(-1118.69021835937,-294.55908459966,21.6194594304063));
#7359=CARTESIAN_POINT('',(-1119.19021835937,-294.55908459966,20.6194594304063));
#7360=CARTESIAN_POINT('',(-1119.69021835937,-294.55908459966,19.6194594304063));
#7361=CARTESIAN_POINT('',(-1120.19021835937,-294.55908459966,18.6194594304063));
#7362=CARTESIAN_POINT('',(-1126.26521835937,-298.38408459966,21.6194594304063));
#7363=CARTESIAN_POINT('',(-1125.44021835936,-278.55908459966,21.6194594304063));
#7364=CARTESIAN_POINT('',(-1124.94021835936,-278.55908459966,20.6194594304063));
#7365=CARTESIAN_POINT('',(-1124.44021835936,-278.55908459966,19.6194594304063));
#7366=CARTESIAN_POINT('',(-1123.94021835936,-278.559084599661,18.6194594304063));
#7367=CARTESIAN_POINT('',(-1125.44021835936,-281.559084599659,21.6194594304063));
#7368=CARTESIAN_POINT('',(-1124.94021835936,-281.05908459966,20.6194594304063));
#7369=CARTESIAN_POINT('',(-1124.44021835936,-280.55908459966,19.6194594304063));
#7370=CARTESIAN_POINT('',(-1123.94021835936,-280.05908459966,18.6194594304063));
#7371=CARTESIAN_POINT('',(-1122.44021835937,-281.55908459966,21.6194594304063));
#7372=CARTESIAN_POINT('',(-1122.44021835937,-281.05908459966,20.6194594304063));
#7373=CARTESIAN_POINT('',(-1122.44021835936,-280.55908459966,19.6194594304063));
#7374=CARTESIAN_POINT('',(-1122.44021835936,-280.05908459966,18.6194594304063));
#7375=CARTESIAN_POINT('',(-1119.44021835937,-281.55908459966,21.6194594304063));
#7376=CARTESIAN_POINT('',(-1119.94021835937,-281.05908459966,20.6194594304063));
#7377=CARTESIAN_POINT('',(-1120.44021835937,-280.55908459966,19.6194594304063));
#7378=CARTESIAN_POINT('',(-1120.94021835936,-280.05908459966,18.6194594304063));
#7379=CARTESIAN_POINT('',(-1119.44021835937,-278.55908459966,21.6194594304063));
#7380=CARTESIAN_POINT('',(-1119.94021835937,-278.55908459966,20.6194594304063));
#7381=CARTESIAN_POINT('',(-1120.44021835937,-278.55908459966,19.6194594304063));
#7382=CARTESIAN_POINT('',(-1120.94021835937,-278.55908459966,18.6194594304063));
#7383=CARTESIAN_POINT('',(-1126.19021835937,-278.55908459966,21.6194594304063));
#7384=CARTESIAN_POINT('',(-1125.69021835937,-278.55908459966,20.6194594304063));
#7385=CARTESIAN_POINT('',(-1125.19021835937,-278.55908459966,19.6194594304063));
#7386=CARTESIAN_POINT('',(-1124.69021835937,-278.55908459966,18.6194594304063));
#7387=CARTESIAN_POINT('',(-1126.19021835937,-274.80908459966,21.6194594304063));
#7388=CARTESIAN_POINT('',(-1125.69021835936,-275.30908459966,20.6194594304063));
#7389=CARTESIAN_POINT('',(-1125.19021835937,-275.80908459966,19.6194594304063));
#7390=CARTESIAN_POINT('',(-1124.69021835937,-276.30908459966,18.6194594304063));
#7391=CARTESIAN_POINT('',(-1122.44021835937,-274.80908459966,21.6194594304063));
#7392=CARTESIAN_POINT('',(-1122.44021835937,-275.30908459966,20.6194594304063));
#7393=CARTESIAN_POINT('',(-1122.44021835937,-275.80908459966,19.6194594304063));
#7394=CARTESIAN_POINT('',(-1122.44021835937,-276.30908459966,18.6194594304063));
#7395=CARTESIAN_POINT('',(-1118.69021835937,-274.80908459966,21.6194594304063));
#7396=CARTESIAN_POINT('',(-1119.19021835937,-275.30908459966,20.6194594304063));
#7397=CARTESIAN_POINT('',(-1119.69021835936,-275.80908459966,19.6194594304063));
#7398=CARTESIAN_POINT('',(-1120.19021835937,-276.30908459966,18.6194594304063));
#7399=CARTESIAN_POINT('',(-1118.69021835937,-278.55908459966,21.6194594304063));
#7400=CARTESIAN_POINT('',(-1119.19021835937,-278.55908459966,20.6194594304063));
#7401=CARTESIAN_POINT('',(-1119.69021835937,-278.55908459966,19.6194594304063));
#7402=CARTESIAN_POINT('',(-1120.19021835937,-278.55908459966,18.6194594304063));
#7403=CARTESIAN_POINT('',(-1126.26521835937,-282.38408459966,21.6194594304063));
#7404=CARTESIAN_POINT('',(-1116.69021835937,-286.559084599537,2.24245943040634));
#7405=CARTESIAN_POINT('',(-1116.69021835937,-288.809084599537,2.24245943040634));
#7406=CARTESIAN_POINT('',(-1114.44021835936,-288.809084599537,2.24245943040634));
#7407=CARTESIAN_POINT('',(-1112.19021835937,-288.809084599537,2.24245943040634));
#7408=CARTESIAN_POINT('',(-1112.19021835937,-286.559084599537,2.24245943040634));
#7409=CARTESIAN_POINT('',(-1117.19021835937,-286.559084599537,1.24245943040634));
#7410=CARTESIAN_POINT('',(-1117.19021835937,-289.309084599537,1.24245943040634));
#7411=CARTESIAN_POINT('',(-1114.44021835937,-289.309084599537,1.24245943040634));
#7412=CARTESIAN_POINT('',(-1111.69021835937,-289.309084599537,1.24245943040634));
#7413=CARTESIAN_POINT('',(-1111.69021835937,-286.559084599537,1.24245943040634));
#7414=CARTESIAN_POINT('',(-1117.69021835937,-286.559084599537,0.242459430406342));
#7415=CARTESIAN_POINT('',(-1117.69021835937,-289.809084599537,0.242459430406342));
#7416=CARTESIAN_POINT('',(-1114.44021835937,-289.809084599537,0.242459430406342));
#7417=CARTESIAN_POINT('',(-1111.19021835937,-289.809084599537,0.242459430406342));
#7418=CARTESIAN_POINT('',(-1111.19021835937,-286.559084599537,0.242459430406342));
#7419=CARTESIAN_POINT('',(-1118.19021835937,-286.559084599537,-0.757540569593658));
#7420=CARTESIAN_POINT('',(-1118.19021835937,-290.309084599537,-0.757540569593658));
#7421=CARTESIAN_POINT('',(-1114.44021835937,-290.309084599537,-0.757540569593658));
#7422=CARTESIAN_POINT('',(-1110.69021835937,-290.309084599537,-0.757540569593658));
#7423=CARTESIAN_POINT('',(-1110.69021835937,-286.559084599537,-0.757540569593658));
#7424=CARTESIAN_POINT('',(-1114.44021835936,-267.483321850466,1.1708136519622));
#7425=CARTESIAN_POINT('',(-1118.44021835936,-267.483321850468,1.17081365196169));
#7426=CARTESIAN_POINT('',(-1118.44021835936,-263.624072900777,2.22257291353668));
#7427=CARTESIAN_POINT('',(-1118.44021835937,-259.764823951086,3.27433217511168));
#7428=CARTESIAN_POINT('',(-1114.44021835937,-259.764823951084,3.27433217511218));
#7429=CARTESIAN_POINT('',(-1114.44021835936,-267.263855547149,2.26709579708175));
#7430=CARTESIAN_POINT('',(-1117.94021835936,-267.26385554715,2.26709579708134));
#7431=CARTESIAN_POINT('',(-1117.94021835936,-263.88701271617,3.1873851509595));
#7432=CARTESIAN_POINT('',(-1117.94021835937,-260.51016988519,4.10767450483767));
#7433=CARTESIAN_POINT('',(-1114.44021835937,-260.510169885189,4.10767450483808));
#7434=CARTESIAN_POINT('',(-1114.44021835936,-267.044389243831,3.3633779422013));
#7435=CARTESIAN_POINT('',(-1117.44021835936,-267.044389243833,3.36337794220099));
#7436=CARTESIAN_POINT('',(-1117.44021835937,-264.149952531564,4.15219738838232));
#7437=CARTESIAN_POINT('',(-1117.44021835937,-261.255515819295,4.94101683456366));
#7438=CARTESIAN_POINT('',(-1114.44021835937,-261.255515819294,4.94101683456397));
#7439=CARTESIAN_POINT('',(-1114.44021835936,-266.824922940514,4.45966008732085));
#7440=CARTESIAN_POINT('',(-1116.94021835936,-266.824922940515,4.45966008732063));
#7441=CARTESIAN_POINT('',(-1116.94021835937,-264.412892346957,5.11700962580514));
#7442=CARTESIAN_POINT('',(-1116.94021835937,-262.0008617534,5.77435916428965));
#7443=CARTESIAN_POINT('',(-1114.44021835937,-262.000861753399,5.77435916428986));
#7444=CARTESIAN_POINT('',(-1114.44021835936,-234.019887843881,13.4000005367072));
#7445=CARTESIAN_POINT('',(-1111.94021835936,-234.01988784388,13.4000005367073));
#7446=CARTESIAN_POINT('',(-1111.94021835936,-231.607857250323,14.0573500751917));
#7447=CARTESIAN_POINT('',(-1111.94021835937,-229.195826656766,14.7146996136761));
#7448=CARTESIAN_POINT('',(-1114.44021835937,-229.195826656767,14.714699613676));
#7449=CARTESIAN_POINT('',(-1114.44021835936,-234.239354147191,12.3037183915897));
#7450=CARTESIAN_POINT('',(-1111.44021835936,-234.23935414719,12.3037183915898));
#7451=CARTESIAN_POINT('',(-1111.44021835936,-231.344917434922,13.0925378377711));
#7452=CARTESIAN_POINT('',(-1111.44021835937,-228.450480722654,13.8813572839523));
#7453=CARTESIAN_POINT('',(-1114.44021835937,-228.450480722654,13.8813572839522));
#7454=CARTESIAN_POINT('',(-1114.44021835936,-234.458820450501,11.2074362464722));
#7455=CARTESIAN_POINT('',(-1110.94021835936,-234.4588204505,11.2074362464724));
#7456=CARTESIAN_POINT('',(-1110.94021835936,-231.08197761952,12.1277256003505));
#7457=CARTESIAN_POINT('',(-1110.94021835937,-227.705134788541,13.0480149542285));
#7458=CARTESIAN_POINT('',(-1114.44021835937,-227.705134788541,13.0480149542284));
#7459=CARTESIAN_POINT('',(-1114.44021835936,-234.678286753811,10.1111541013547));
#7460=CARTESIAN_POINT('',(-1110.44021835936,-234.67828675381,10.1111541013549));
#7461=CARTESIAN_POINT('',(-1110.44021835936,-230.819037804119,11.1629133629298));
#7462=CARTESIAN_POINT('',(-1110.44021835937,-226.959788854428,12.2146726245048));
#7463=CARTESIAN_POINT('',(-1114.44021835937,-226.959788854428,12.2146726245046));
#7464=CARTESIAN_POINT('',(-1047.76515986494,-242.190891558225,14.1430268460604));
#7465=CARTESIAN_POINT('',(-1091.40678563287,-285.832517326153,-0.757540569593889));
#7466=CARTESIAN_POINT('',(-1070.07202531793,-274.55908459966,-0.757540569593635));
#7467=CARTESIAN_POINT('',(-1126.98575012087,-298.55908459966,-3.38935970521892));
#7468=CARTESIAN_POINT('',(-1047.76515986494,-298.55908459966,14.1430268460604));
#7469=CARTESIAN_POINT('',(-1070.07202531793,-219.884026105234,14.1430268460604));
#7470=CARTESIAN_POINT('',(-1126.44021835937,-221.2047139205,-8.10846916824507));
#7471=CARTESIAN_POINT('',(-1106.44021835936,-278.55908459966,8.35972971520314));
#7472=CARTESIAN_POINT('',(-1127.44021835937,-299.55908459966,-1.90000000000002));
#7473=CARTESIAN_POINT('',(-1046.76515986494,-299.55908459966,-1.90000000000002));
#7474=CARTESIAN_POINT('',(-1069.65781524968,-218.884026105234,-1.90000000000002));
#7475=CARTESIAN_POINT('',(-1127.44021835937,-218.884026105234,-1.90000000000002));
#7476=CARTESIAN_POINT('',(-1069.65781524968,-218.884026105235,-1.90000000000029));
#7477=CARTESIAN_POINT('',(-1112.14521835937,-288.854084599537,11.1194594303845));
#7478=CARTESIAN_POINT('',(-1114.44021835936,-286.559084599537,4.60972971519222));
#7479=CARTESIAN_POINT('',(-1127.44021835937,-218.884026105234,21.6194594304063));
#7480=CARTESIAN_POINT('',(-1122.44021835937,-294.55908459966,8.35972971520314));
#7481=CARTESIAN_POINT('',(-1122.44021835937,-278.559084599661,8.35972971520314));
#7482=CARTESIAN_POINT('',(-1114.44021835937,-232.7390800673,18.2081768165128));
#7483=CARTESIAN_POINT('',(-1114.44021835936,-266.774551040441,13.7827082940635));
#7484=CARTESIAN_POINT('',(-1114.44021835937,-286.559084599537,6.68095943039544));
#7485=CARTESIAN_POINT('',(-1106.44021835936,-278.55908459966,8.93095943040634));
#7486=CARTESIAN_POINT('',(-1106.44021835937,-294.55908459966,8.93095943040634));
#7487=CARTESIAN_POINT('',(-1122.44021835937,-278.55908459966,8.93095943040634));
#7488=CARTESIAN_POINT('',(-1122.44021835937,-294.55908459966,8.93095943040634));
#7489=CARTESIAN_POINT('',(-1114.44021835936,-230.497184555846,9.9819284591245));
#7490=CARTESIAN_POINT('',(-1114.44021835936,-265.738726338609,9.98192845912467));
#7491=CARTESIAN_POINT('',(-1106.44021835937,-294.55908459966,8.35972971520314));
#7492=CARTESIAN_POINT('',(-1116.99021835937,-236.311756580982,21.6194594304063));
#7493=CARTESIAN_POINT('',(-1116.99021835937,-271.553298363747,21.6194594304063));
#7494=CARTESIAN_POINT('',(-1095.36445561018,-286.559084599652,1.1708136519622));
#7495=CARTESIAN_POINT('',(-1095.14498930686,-286.559084599653,2.26709579708175));
#7496=CARTESIAN_POINT('',(-1094.92552300354,-286.559084599653,3.3633779422013));
#7497=CARTESIAN_POINT('',(-1094.70605670023,-286.559084599654,4.45966008732085));
#7498=CARTESIAN_POINT('',(-1095.36445561018,-290.559084599653,1.17081365196169));
#7499=CARTESIAN_POINT('',(-1095.14498930686,-290.059084599653,2.26709579708134));
#7500=CARTESIAN_POINT('',(-1094.92552300355,-289.559084599654,3.36337794220099));
#7501=CARTESIAN_POINT('',(-1094.70605670023,-289.059084599655,4.45966008732063));
#7502=CARTESIAN_POINT('',(-1091.50520666049,-290.559084599655,2.22257291353668));
#7503=CARTESIAN_POINT('',(-1091.76814647588,-290.059084599655,3.1873851509595));
#7504=CARTESIAN_POINT('',(-1092.03108629128,-289.559084599655,4.15219738838232));
#7505=CARTESIAN_POINT('',(-1092.29402610667,-289.059084599656,5.11700962580514));
#7506=CARTESIAN_POINT('',(-1087.6459577108,-290.559084599658,3.27433217511168));
#7507=CARTESIAN_POINT('',(-1088.3913036449,-290.059084599658,4.10767450483767));
#7508=CARTESIAN_POINT('',(-1089.13664957901,-289.559084599657,4.94101683456366));
#7509=CARTESIAN_POINT('',(-1089.88199551311,-289.059084599657,5.77435916428965));
#7510=CARTESIAN_POINT('',(-1087.6459577108,-286.559084599657,3.27433217511218));
#7511=CARTESIAN_POINT('',(-1088.3913036449,-286.559084599657,4.10767450483808));
#7512=CARTESIAN_POINT('',(-1089.13664957901,-286.559084599657,4.94101683456397));
#7513=CARTESIAN_POINT('',(-1089.88199551311,-286.559084599656,5.77435916428986));
#7514=CARTESIAN_POINT('',(-1061.90102160359,-286.55908459966,13.4000005367072));
#7515=CARTESIAN_POINT('',(-1062.1204879069,-286.55908459966,12.3037183915897));
#7516=CARTESIAN_POINT('',(-1062.33995421021,-286.55908459966,11.2074362464722));
#7517=CARTESIAN_POINT('',(-1062.55942051352,-286.559084599659,10.1111541013547));
#7518=CARTESIAN_POINT('',(-1061.90102160359,-284.05908459966,13.4000005367073));
#7519=CARTESIAN_POINT('',(-1062.1204879069,-283.55908459966,12.3037183915898));
#7520=CARTESIAN_POINT('',(-1062.33995421021,-283.05908459966,11.2074362464724));
#7521=CARTESIAN_POINT('',(-1062.55942051352,-282.55908459966,10.1111541013549));
#7522=CARTESIAN_POINT('',(-1059.48899101004,-284.05908459966,14.0573500751917));
#7523=CARTESIAN_POINT('',(-1059.22605119463,-283.55908459966,13.0925378377711));
#7524=CARTESIAN_POINT('',(-1058.96311137923,-283.05908459966,12.1277256003505));
#7525=CARTESIAN_POINT('',(-1058.70017156383,-282.55908459966,11.1629133629298));
#7526=CARTESIAN_POINT('',(-1057.07696041648,-284.059084599661,14.7146996136761));
#7527=CARTESIAN_POINT('',(-1056.33161448237,-283.559084599662,13.8813572839523));
#7528=CARTESIAN_POINT('',(-1055.58626854825,-283.059084599662,13.0480149542285));
#7529=CARTESIAN_POINT('',(-1054.84092261414,-282.559084599662,12.2146726245048));
#7530=CARTESIAN_POINT('',(-1057.07696041648,-286.559084599661,14.714699613676));
#7531=CARTESIAN_POINT('',(-1056.33161448237,-286.559084599661,13.8813572839522));
#7532=CARTESIAN_POINT('',(-1055.58626854825,-286.559084599662,13.0480149542284));
#7533=CARTESIAN_POINT('',(-1054.84092261414,-286.559084599662,12.2146726245046));
#7534=CARTESIAN_POINT('',(-1102.44021835937,-242.190891558219,-0.757540569593635));
#7535=CARTESIAN_POINT('',(-1060.62021382701,-286.55908459966,18.2081768165127));
#7536=CARTESIAN_POINT('',(-1094.65568480015,-286.559084599655,13.7827082940635));
#7537=CARTESIAN_POINT('',(-1058.37831831556,-286.559084599661,9.98192845912462));
#7538=CARTESIAN_POINT('',(-1093.61986009832,-286.559084599654,9.98192845912453));
#7539=CARTESIAN_POINT('',(-1064.1928903407,-289.10908459966,21.6194594304063));
#7540=CARTESIAN_POINT('',(-1099.43443212346,-289.109084599654,21.6194594304063));
#7541=CARTESIAN_POINT('',(-1127.44021835937,-299.55908459966,-1.90000000000002));
#7542=CARTESIAN_POINT('',(-1128.84021835936,-272.15908459966,-0.757540569593658));
#7543=CARTESIAN_POINT('',(-1103.44021835937,-294.55908459966,21.6194594304063));
#7544=CARTESIAN_POINT('',(-1103.94021835937,-294.55908459966,20.6194594304063));
#7545=CARTESIAN_POINT('',(-1104.44021835937,-294.55908459966,19.6194594304063));
#7546=CARTESIAN_POINT('',(-1104.94021835937,-294.55908459966,18.6194594304063));
#7547=CARTESIAN_POINT('',(-1103.44021835937,-291.559084599661,21.6194594304063));
#7548=CARTESIAN_POINT('',(-1103.94021835937,-292.05908459966,20.6194594304063));
#7549=CARTESIAN_POINT('',(-1104.44021835937,-292.55908459966,19.6194594304063));
#7550=CARTESIAN_POINT('',(-1104.94021835937,-293.05908459966,18.6194594304063));
#7551=CARTESIAN_POINT('',(-1106.44021835936,-291.55908459966,21.6194594304063));
#7552=CARTESIAN_POINT('',(-1106.44021835937,-292.05908459966,20.6194594304063));
#7553=CARTESIAN_POINT('',(-1106.44021835937,-292.55908459966,19.6194594304063));
#7554=CARTESIAN_POINT('',(-1106.44021835937,-293.059084599661,18.6194594304063));
#7555=CARTESIAN_POINT('',(-1109.44021835936,-291.55908459966,21.6194594304063));
#7556=CARTESIAN_POINT('',(-1108.94021835936,-292.05908459966,20.6194594304063));
#7557=CARTESIAN_POINT('',(-1108.44021835937,-292.55908459966,19.6194594304063));
#7558=CARTESIAN_POINT('',(-1107.94021835937,-293.059084599661,18.6194594304063));
#7559=CARTESIAN_POINT('',(-1109.44021835936,-294.559084599659,21.6194594304063));
#7560=CARTESIAN_POINT('',(-1108.94021835936,-294.55908459966,20.6194594304063));
#7561=CARTESIAN_POINT('',(-1108.44021835936,-294.55908459966,19.6194594304063));
#7562=CARTESIAN_POINT('',(-1107.94021835937,-294.55908459966,18.6194594304063));
#7563=CARTESIAN_POINT('',(-1102.69021835937,-294.55908459966,21.6194594304063));
#7564=CARTESIAN_POINT('',(-1103.19021835937,-294.55908459966,20.6194594304063));
#7565=CARTESIAN_POINT('',(-1103.69021835937,-294.55908459966,19.6194594304063));
#7566=CARTESIAN_POINT('',(-1104.19021835937,-294.55908459966,18.6194594304063));
#7567=CARTESIAN_POINT('',(-1102.69021835937,-298.30908459966,21.6194594304063));
#7568=CARTESIAN_POINT('',(-1103.19021835937,-297.80908459966,20.6194594304063));
#7569=CARTESIAN_POINT('',(-1103.69021835937,-297.30908459966,19.6194594304063));
#7570=CARTESIAN_POINT('',(-1104.19021835937,-296.80908459966,18.6194594304063));
#7571=CARTESIAN_POINT('',(-1106.44021835937,-298.30908459966,21.6194594304063));
#7572=CARTESIAN_POINT('',(-1106.44021835937,-297.80908459966,20.6194594304063));
#7573=CARTESIAN_POINT('',(-1106.44021835937,-297.30908459966,19.6194594304063));
#7574=CARTESIAN_POINT('',(-1106.44021835937,-296.80908459966,18.6194594304063));
#7575=CARTESIAN_POINT('',(-1110.19021835937,-298.30908459966,21.6194594304063));
#7576=CARTESIAN_POINT('',(-1109.69021835937,-297.80908459966,20.6194594304063));
#7577=CARTESIAN_POINT('',(-1109.19021835937,-297.30908459966,19.6194594304063));
#7578=CARTESIAN_POINT('',(-1108.69021835937,-296.80908459966,18.6194594304063));
#7579=CARTESIAN_POINT('',(-1110.19021835937,-294.55908459966,21.6194594304063));
#7580=CARTESIAN_POINT('',(-1109.69021835937,-294.55908459966,20.6194594304063));
#7581=CARTESIAN_POINT('',(-1109.19021835937,-294.55908459966,19.6194594304063));
#7582=CARTESIAN_POINT('',(-1108.69021835937,-294.55908459966,18.6194594304063));
#7583=CARTESIAN_POINT('',(-1103.44021835937,-278.55908459966,21.6194594304063));
#7584=CARTESIAN_POINT('',(-1103.94021835937,-278.55908459966,20.6194594304063));
#7585=CARTESIAN_POINT('',(-1104.44021835937,-278.55908459966,19.6194594304063));
#7586=CARTESIAN_POINT('',(-1104.94021835937,-278.55908459966,18.6194594304063));
#7587=CARTESIAN_POINT('',(-1103.44021835936,-275.559084599661,21.6194594304063));
#7588=CARTESIAN_POINT('',(-1103.94021835937,-276.05908459966,20.6194594304063));
#7589=CARTESIAN_POINT('',(-1104.44021835937,-276.55908459966,19.6194594304063));
#7590=CARTESIAN_POINT('',(-1104.94021835937,-277.05908459966,18.6194594304063));
#7591=CARTESIAN_POINT('',(-1106.44021835936,-275.55908459966,21.6194594304063));
#7592=CARTESIAN_POINT('',(-1106.44021835936,-276.05908459966,20.6194594304063));
#7593=CARTESIAN_POINT('',(-1106.44021835937,-276.55908459966,19.6194594304063));
#7594=CARTESIAN_POINT('',(-1106.44021835937,-277.059084599661,18.6194594304063));
#7595=CARTESIAN_POINT('',(-1109.44021835936,-275.55908459966,21.6194594304063));
#7596=CARTESIAN_POINT('',(-1108.94021835936,-276.05908459966,20.6194594304063));
#7597=CARTESIAN_POINT('',(-1108.44021835936,-276.55908459966,19.6194594304063));
#7598=CARTESIAN_POINT('',(-1107.94021835937,-277.059084599661,18.6194594304063));
#7599=CARTESIAN_POINT('',(-1109.44021835936,-278.559084599659,21.6194594304063));
#7600=CARTESIAN_POINT('',(-1108.94021835936,-278.55908459966,20.6194594304063));
#7601=CARTESIAN_POINT('',(-1108.44021835936,-278.55908459966,19.6194594304063));
#7602=CARTESIAN_POINT('',(-1107.94021835936,-278.55908459966,18.6194594304063));
#7603=CARTESIAN_POINT('',(-1102.69021835937,-278.55908459966,21.6194594304063));
#7604=CARTESIAN_POINT('',(-1103.19021835937,-278.55908459966,20.6194594304063));
#7605=CARTESIAN_POINT('',(-1103.69021835937,-278.55908459966,19.6194594304063));
#7606=CARTESIAN_POINT('',(-1104.19021835937,-278.55908459966,18.6194594304063));
#7607=CARTESIAN_POINT('',(-1102.69021835937,-282.30908459966,21.6194594304063));
#7608=CARTESIAN_POINT('',(-1103.19021835937,-281.80908459966,20.6194594304063));
#7609=CARTESIAN_POINT('',(-1103.69021835936,-281.30908459966,19.6194594304063));
#7610=CARTESIAN_POINT('',(-1104.19021835937,-280.80908459966,18.6194594304063));
#7611=CARTESIAN_POINT('',(-1106.44021835937,-282.30908459966,21.6194594304063));
#7612=CARTESIAN_POINT('',(-1106.44021835937,-281.80908459966,20.6194594304063));
#7613=CARTESIAN_POINT('',(-1106.44021835937,-281.30908459966,19.6194594304063));
#7614=CARTESIAN_POINT('',(-1106.44021835937,-280.80908459966,18.6194594304063));
#7615=CARTESIAN_POINT('',(-1110.19021835937,-282.30908459966,21.6194594304063));
#7616=CARTESIAN_POINT('',(-1109.69021835937,-281.80908459966,20.6194594304063));
#7617=CARTESIAN_POINT('',(-1109.19021835937,-281.30908459966,19.6194594304063));
#7618=CARTESIAN_POINT('',(-1108.69021835937,-280.80908459966,18.6194594304063));
#7619=CARTESIAN_POINT('',(-1110.19021835937,-278.55908459966,21.6194594304063));
#7620=CARTESIAN_POINT('',(-1109.69021835937,-278.55908459966,20.6194594304063));
#7621=CARTESIAN_POINT('',(-1109.19021835937,-278.55908459966,19.6194594304063));
#7622=CARTESIAN_POINT('',(-1108.69021835937,-278.55908459966,18.6194594304063));
#7623=CARTESIAN_POINT('',(-1119.44021835937,-294.55908459966,21.6194594304063));
#7624=CARTESIAN_POINT('',(-1119.94021835937,-294.55908459966,20.6194594304063));
#7625=CARTESIAN_POINT('',(-1120.44021835937,-294.55908459966,19.6194594304063));
#7626=CARTESIAN_POINT('',(-1120.94021835937,-294.55908459966,18.6194594304063));
#7627=CARTESIAN_POINT('',(-1119.44021835936,-291.559084599661,21.6194594304063));
#7628=CARTESIAN_POINT('',(-1119.94021835937,-292.05908459966,20.6194594304063));
#7629=CARTESIAN_POINT('',(-1120.44021835937,-292.55908459966,19.6194594304063));
#7630=CARTESIAN_POINT('',(-1120.94021835937,-293.05908459966,18.6194594304063));
#7631=CARTESIAN_POINT('',(-1122.44021835936,-291.55908459966,21.6194594304063));
#7632=CARTESIAN_POINT('',(-1122.44021835936,-292.05908459966,20.6194594304063));
#7633=CARTESIAN_POINT('',(-1122.44021835937,-292.55908459966,19.6194594304063));
#7634=CARTESIAN_POINT('',(-1122.44021835937,-293.059084599661,18.6194594304063));
#7635=CARTESIAN_POINT('',(-1125.44021835936,-291.55908459966,21.6194594304063));
#7636=CARTESIAN_POINT('',(-1124.94021835936,-292.05908459966,20.6194594304063));
#7637=CARTESIAN_POINT('',(-1124.44021835936,-292.55908459966,19.6194594304063));
#7638=CARTESIAN_POINT('',(-1123.94021835937,-293.059084599661,18.6194594304063));
#7639=CARTESIAN_POINT('',(-1125.44021835936,-294.559084599659,21.6194594304063));
#7640=CARTESIAN_POINT('',(-1124.94021835936,-294.55908459966,20.6194594304063));
#7641=CARTESIAN_POINT('',(-1124.44021835936,-294.55908459966,19.6194594304063));
#7642=CARTESIAN_POINT('',(-1123.94021835936,-294.55908459966,18.6194594304063));
#7643=CARTESIAN_POINT('',(-1118.69021835937,-294.55908459966,21.6194594304063));
#7644=CARTESIAN_POINT('',(-1119.19021835937,-294.55908459966,20.6194594304063));
#7645=CARTESIAN_POINT('',(-1119.69021835937,-294.55908459966,19.6194594304063));
#7646=CARTESIAN_POINT('',(-1120.19021835937,-294.55908459966,18.6194594304063));
#7647=CARTESIAN_POINT('',(-1118.69021835937,-298.30908459966,21.6194594304063));
#7648=CARTESIAN_POINT('',(-1119.19021835937,-297.80908459966,20.6194594304063));
#7649=CARTESIAN_POINT('',(-1119.69021835936,-297.30908459966,19.6194594304063));
#7650=CARTESIAN_POINT('',(-1120.19021835937,-296.80908459966,18.6194594304063));
#7651=CARTESIAN_POINT('',(-1122.44021835937,-298.30908459966,21.6194594304063));
#7652=CARTESIAN_POINT('',(-1122.44021835937,-297.80908459966,20.6194594304063));
#7653=CARTESIAN_POINT('',(-1122.44021835937,-297.30908459966,19.6194594304063));
#7654=CARTESIAN_POINT('',(-1122.44021835937,-296.80908459966,18.6194594304063));
#7655=CARTESIAN_POINT('',(-1126.19021835937,-298.30908459966,21.6194594304063));
#7656=CARTESIAN_POINT('',(-1125.69021835936,-297.80908459966,20.6194594304063));
#7657=CARTESIAN_POINT('',(-1125.19021835937,-297.30908459966,19.6194594304063));
#7658=CARTESIAN_POINT('',(-1124.69021835937,-296.80908459966,18.6194594304063));
#7659=CARTESIAN_POINT('',(-1126.19021835937,-294.55908459966,21.6194594304063));
#7660=CARTESIAN_POINT('',(-1125.69021835937,-294.55908459966,20.6194594304063));
#7661=CARTESIAN_POINT('',(-1125.19021835937,-294.55908459966,19.6194594304063));
#7662=CARTESIAN_POINT('',(-1124.69021835937,-294.55908459966,18.6194594304063));
#7663=CARTESIAN_POINT('',(-1119.44021835937,-278.55908459966,21.6194594304063));
#7664=CARTESIAN_POINT('',(-1119.94021835937,-278.55908459966,20.6194594304063));
#7665=CARTESIAN_POINT('',(-1120.44021835937,-278.55908459966,19.6194594304063));
#7666=CARTESIAN_POINT('',(-1120.94021835937,-278.55908459966,18.6194594304063));
#7667=CARTESIAN_POINT('',(-1119.44021835936,-275.559084599661,21.6194594304063));
#7668=CARTESIAN_POINT('',(-1119.94021835937,-276.059084599661,20.6194594304063));
#7669=CARTESIAN_POINT('',(-1120.44021835937,-276.559084599661,19.6194594304063));
#7670=CARTESIAN_POINT('',(-1120.94021835937,-277.059084599661,18.6194594304063));
#7671=CARTESIAN_POINT('',(-1122.44021835936,-275.55908459966,21.6194594304063));
#7672=CARTESIAN_POINT('',(-1122.44021835936,-276.059084599661,20.6194594304063));
#7673=CARTESIAN_POINT('',(-1122.44021835937,-276.559084599661,19.6194594304063));
#7674=CARTESIAN_POINT('',(-1122.44021835937,-277.059084599661,18.6194594304063));
#7675=CARTESIAN_POINT('',(-1125.44021835936,-275.55908459966,21.6194594304063));
#7676=CARTESIAN_POINT('',(-1124.94021835936,-276.05908459966,20.6194594304063));
#7677=CARTESIAN_POINT('',(-1124.44021835936,-276.559084599661,19.6194594304063));
#7678=CARTESIAN_POINT('',(-1123.94021835937,-277.059084599661,18.6194594304063));
#7679=CARTESIAN_POINT('',(-1125.44021835936,-278.55908459966,21.6194594304063));
#7680=CARTESIAN_POINT('',(-1124.94021835936,-278.55908459966,20.6194594304063));
#7681=CARTESIAN_POINT('',(-1124.44021835936,-278.55908459966,19.6194594304063));
#7682=CARTESIAN_POINT('',(-1123.94021835936,-278.559084599661,18.6194594304063));
#7683=CARTESIAN_POINT('',(-1118.69021835937,-278.55908459966,21.6194594304063));
#7684=CARTESIAN_POINT('',(-1119.19021835937,-278.55908459966,20.6194594304063));
#7685=CARTESIAN_POINT('',(-1119.69021835937,-278.55908459966,19.6194594304063));
#7686=CARTESIAN_POINT('',(-1120.19021835937,-278.55908459966,18.6194594304063));
#7687=CARTESIAN_POINT('',(-1118.69021835937,-282.30908459966,21.6194594304063));
#7688=CARTESIAN_POINT('',(-1119.19021835937,-281.80908459966,20.6194594304063));
#7689=CARTESIAN_POINT('',(-1119.69021835936,-281.30908459966,19.6194594304063));
#7690=CARTESIAN_POINT('',(-1120.19021835937,-280.80908459966,18.6194594304063));
#7691=CARTESIAN_POINT('',(-1122.44021835937,-282.30908459966,21.6194594304063));
#7692=CARTESIAN_POINT('',(-1122.44021835937,-281.80908459966,20.6194594304063));
#7693=CARTESIAN_POINT('',(-1122.44021835937,-281.30908459966,19.6194594304063));
#7694=CARTESIAN_POINT('',(-1122.44021835937,-280.80908459966,18.6194594304063));
#7695=CARTESIAN_POINT('',(-1126.19021835937,-282.30908459966,21.6194594304063));
#7696=CARTESIAN_POINT('',(-1125.69021835936,-281.80908459966,20.6194594304063));
#7697=CARTESIAN_POINT('',(-1125.19021835937,-281.30908459966,19.6194594304063));
#7698=CARTESIAN_POINT('',(-1124.69021835937,-280.80908459966,18.6194594304063));
#7699=CARTESIAN_POINT('',(-1126.19021835937,-278.55908459966,21.6194594304063));
#7700=CARTESIAN_POINT('',(-1125.69021835937,-278.55908459966,20.6194594304063));
#7701=CARTESIAN_POINT('',(-1125.19021835937,-278.55908459966,19.6194594304063));
#7702=CARTESIAN_POINT('',(-1124.69021835937,-278.55908459966,18.6194594304063));
#7703=CARTESIAN_POINT('',(-1112.19021835937,-286.559084599537,2.24245943040634));
#7704=CARTESIAN_POINT('',(-1112.19021835937,-284.309084599537,2.24245943040634));
#7705=CARTESIAN_POINT('',(-1114.44021835937,-284.309084599537,2.24245943040634));
#7706=CARTESIAN_POINT('',(-1116.69021835937,-284.309084599537,2.24245943040634));
#7707=CARTESIAN_POINT('',(-1116.69021835937,-286.559084599537,2.24245943040634));
#7708=CARTESIAN_POINT('',(-1111.69021835937,-286.559084599537,1.24245943040634));
#7709=CARTESIAN_POINT('',(-1111.69021835937,-283.809084599537,1.24245943040634));
#7710=CARTESIAN_POINT('',(-1114.44021835937,-283.809084599537,1.24245943040634));
#7711=CARTESIAN_POINT('',(-1117.19021835937,-283.809084599537,1.24245943040634));
#7712=CARTESIAN_POINT('',(-1117.19021835937,-286.559084599537,1.24245943040634));
#7713=CARTESIAN_POINT('',(-1111.19021835937,-286.559084599537,0.242459430406342));
#7714=CARTESIAN_POINT('',(-1111.19021835937,-283.309084599537,0.242459430406342));
#7715=CARTESIAN_POINT('',(-1114.44021835937,-283.309084599537,0.242459430406342));
#7716=CARTESIAN_POINT('',(-1117.69021835937,-283.309084599537,0.242459430406342));
#7717=CARTESIAN_POINT('',(-1117.69021835937,-286.559084599537,0.242459430406342));
#7718=CARTESIAN_POINT('',(-1110.69021835937,-286.559084599537,-0.757540569593658));
#7719=CARTESIAN_POINT('',(-1110.69021835937,-282.809084599537,-0.757540569593658));
#7720=CARTESIAN_POINT('',(-1114.44021835936,-282.809084599537,-0.757540569593658));
#7721=CARTESIAN_POINT('',(-1118.19021835937,-282.809084599537,-0.757540569593658));
#7722=CARTESIAN_POINT('',(-1118.19021835937,-286.559084599537,-0.757540569593658));
#7723=CARTESIAN_POINT('',(-1114.44021835937,-259.764823951084,3.27433217511218));
#7724=CARTESIAN_POINT('',(-1110.44021835937,-259.764823951082,3.27433217511269));
#7725=CARTESIAN_POINT('',(-1110.44021835936,-263.624072900773,2.2225729135377));
#7726=CARTESIAN_POINT('',(-1110.44021835936,-267.483321850465,1.17081365196271));
#7727=CARTESIAN_POINT('',(-1114.44021835936,-267.483321850466,1.1708136519622));
#7728=CARTESIAN_POINT('',(-1114.44021835937,-260.510169885189,4.10767450483808));
#7729=CARTESIAN_POINT('',(-1110.94021835937,-260.510169885187,4.10767450483849));
#7730=CARTESIAN_POINT('',(-1110.94021835936,-263.887012716167,3.18738515096032));
#7731=CARTESIAN_POINT('',(-1110.94021835936,-267.263855547148,2.26709579708216));
#7732=CARTESIAN_POINT('',(-1114.44021835936,-267.263855547149,2.26709579708175));
#7733=CARTESIAN_POINT('',(-1114.44021835937,-261.255515819294,4.94101683456397));
#7734=CARTESIAN_POINT('',(-1111.44021835937,-261.255515819293,4.94101683456428));
#7735=CARTESIAN_POINT('',(-1111.44021835936,-264.149952531561,4.15219738838294));
#7736=CARTESIAN_POINT('',(-1111.44021835936,-267.04438924383,3.36337794220161));
#7737=CARTESIAN_POINT('',(-1114.44021835936,-267.044389243831,3.3633779422013));
#7738=CARTESIAN_POINT('',(-1114.44021835937,-262.000861753399,5.77435916428986));
#7739=CARTESIAN_POINT('',(-1111.94021835936,-262.000861753398,5.77435916429007));
#7740=CARTESIAN_POINT('',(-1111.94021835936,-264.412892346956,5.11700962580556));
#7741=CARTESIAN_POINT('',(-1111.94021835936,-266.824922940513,4.45966008732106));
#7742=CARTESIAN_POINT('',(-1114.44021835936,-266.824922940514,4.45966008732085));
#7743=CARTESIAN_POINT('',(-1114.44021835937,-229.195826656767,14.714699613676));
#7744=CARTESIAN_POINT('',(-1116.94021835937,-229.195826656767,14.7146996136759));
#7745=CARTESIAN_POINT('',(-1116.94021835937,-231.607857250324,14.0573500751916));
#7746=CARTESIAN_POINT('',(-1116.94021835936,-234.019887843881,13.4000005367072));
#7747=CARTESIAN_POINT('',(-1114.44021835936,-234.019887843881,13.4000005367072));
#7748=CARTESIAN_POINT('',(-1114.44021835937,-228.450480722654,13.8813572839522));
#7749=CARTESIAN_POINT('',(-1117.44021835937,-228.450480722654,13.8813572839521));
#7750=CARTESIAN_POINT('',(-1117.44021835937,-231.344917434923,13.0925378377709));
#7751=CARTESIAN_POINT('',(-1117.44021835936,-234.239354147191,12.3037183915896));
#7752=CARTESIAN_POINT('',(-1114.44021835936,-234.239354147191,12.3037183915897));
#7753=CARTESIAN_POINT('',(-1114.44021835937,-227.705134788541,13.0480149542284));
#7754=CARTESIAN_POINT('',(-1117.94021835937,-227.705134788542,13.0480149542283));
#7755=CARTESIAN_POINT('',(-1117.94021835936,-231.081977619521,12.1277256003502));
#7756=CARTESIAN_POINT('',(-1117.94021835936,-234.458820450501,11.2074362464721));
#7757=CARTESIAN_POINT('',(-1114.44021835936,-234.458820450501,11.2074362464722));
#7758=CARTESIAN_POINT('',(-1114.44021835937,-226.959788854428,12.2146726245046));
#7759=CARTESIAN_POINT('',(-1118.44021835937,-226.959788854429,12.2146726245044));
#7760=CARTESIAN_POINT('',(-1118.44021835936,-230.81903780412,11.1629133629295));
#7761=CARTESIAN_POINT('',(-1118.44021835936,-234.678286753811,10.1111541013545));
#7762=CARTESIAN_POINT('',(-1114.44021835936,-234.678286753811,10.1111541013547));
#7763=CARTESIAN_POINT('',(-1106.44021835936,-278.55908459966,8.35972971520314));
#7764=CARTESIAN_POINT('',(-1114.44021835937,-286.559084599537,4.60972971519222));
#7765=CARTESIAN_POINT('',(-1122.44021835937,-294.55908459966,8.35972971520314));
#7766=CARTESIAN_POINT('',(-1122.44021835936,-278.559084599661,8.35972971520314));
#7767=CARTESIAN_POINT('',(-1114.44021835937,-232.7390800673,18.2081768165128));
#7768=CARTESIAN_POINT('',(-1114.44021835936,-266.77455104044,13.7827082940636));
#7769=CARTESIAN_POINT('',(-1114.44021835937,-286.559084599537,6.68095943039544));
#7770=CARTESIAN_POINT('',(-1106.44021835936,-278.55908459966,8.93095943040634));
#7771=CARTESIAN_POINT('',(-1106.44021835937,-294.55908459966,8.93095943040634));
#7772=CARTESIAN_POINT('',(-1122.44021835937,-278.55908459966,8.93095943040634));
#7773=CARTESIAN_POINT('',(-1122.44021835937,-294.55908459966,8.93095943040634));
#7774=CARTESIAN_POINT('',(-1114.44021835937,-230.497184555845,9.98192845912456));
#7775=CARTESIAN_POINT('',(-1114.44021835936,-265.738726338609,9.98192845912462));
#7776=CARTESIAN_POINT('',(-1106.44021835937,-294.55908459966,8.35972971520314));
#7777=CARTESIAN_POINT('',(-1087.6459577108,-286.559084599657,3.27433217511218));
#7778=CARTESIAN_POINT('',(-1088.3913036449,-286.559084599657,4.10767450483808));
#7779=CARTESIAN_POINT('',(-1089.13664957901,-286.559084599657,4.94101683456397));
#7780=CARTESIAN_POINT('',(-1089.88199551311,-286.559084599656,5.77435916428986));
#7781=CARTESIAN_POINT('',(-1087.64595771079,-282.559084599657,3.27433217511269));
#7782=CARTESIAN_POINT('',(-1088.3913036449,-283.059084599656,4.10767450483849));
#7783=CARTESIAN_POINT('',(-1089.13664957901,-283.559084599656,4.94101683456428));
#7784=CARTESIAN_POINT('',(-1089.88199551311,-284.059084599656,5.77435916429007));
#7785=CARTESIAN_POINT('',(-1091.50520666049,-282.559084599654,2.2225729135377));
#7786=CARTESIAN_POINT('',(-1091.76814647588,-283.059084599654,3.18738515096032));
#7787=CARTESIAN_POINT('',(-1092.03108629127,-283.559084599654,4.15219738838294));
#7788=CARTESIAN_POINT('',(-1092.29402610667,-284.059084599654,5.11700962580556));
#7789=CARTESIAN_POINT('',(-1095.36445561018,-282.559084599652,1.17081365196271));
#7790=CARTESIAN_POINT('',(-1095.14498930686,-283.059084599652,2.26709579708216));
#7791=CARTESIAN_POINT('',(-1094.92552300354,-283.559084599653,3.36337794220161));
#7792=CARTESIAN_POINT('',(-1094.70605670023,-284.059084599653,4.45966008732106));
#7793=CARTESIAN_POINT('',(-1095.36445561018,-286.559084599652,1.1708136519622));
#7794=CARTESIAN_POINT('',(-1095.14498930686,-286.559084599653,2.26709579708175));
#7795=CARTESIAN_POINT('',(-1094.92552300354,-286.559084599653,3.3633779422013));
#7796=CARTESIAN_POINT('',(-1094.70605670023,-286.559084599654,4.45966008732085));
#7797=CARTESIAN_POINT('',(-1057.07696041648,-286.559084599661,14.714699613676));
#7798=CARTESIAN_POINT('',(-1056.33161448237,-286.559084599661,13.8813572839522));
#7799=CARTESIAN_POINT('',(-1055.58626854825,-286.559084599662,13.0480149542284));
#7800=CARTESIAN_POINT('',(-1054.84092261414,-286.559084599662,12.2146726245046));
#7801=CARTESIAN_POINT('',(-1057.07696041648,-289.059084599662,14.7146996136759));
#7802=CARTESIAN_POINT('',(-1056.33161448237,-289.559084599662,13.8813572839521));
#7803=CARTESIAN_POINT('',(-1055.58626854826,-290.059084599662,13.0480149542283));
#7804=CARTESIAN_POINT('',(-1054.84092261414,-290.559084599662,12.2146726245044));
#7805=CARTESIAN_POINT('',(-1059.48899101004,-289.059084599661,14.0573500751916));
#7806=CARTESIAN_POINT('',(-1059.22605119464,-289.559084599661,13.0925378377709));
#7807=CARTESIAN_POINT('',(-1058.96311137924,-290.05908459966,12.1277256003502));
#7808=CARTESIAN_POINT('',(-1058.70017156383,-290.55908459966,11.1629133629295));
#7809=CARTESIAN_POINT('',(-1061.90102160359,-289.05908459966,13.4000005367072));
#7810=CARTESIAN_POINT('',(-1062.1204879069,-289.55908459966,12.3037183915896));
#7811=CARTESIAN_POINT('',(-1062.33995421021,-290.05908459966,11.2074362464721));
#7812=CARTESIAN_POINT('',(-1062.55942051353,-290.55908459966,10.1111541013545));
#7813=CARTESIAN_POINT('',(-1061.90102160359,-286.55908459966,13.4000005367072));
#7814=CARTESIAN_POINT('',(-1062.1204879069,-286.55908459966,12.3037183915897));
#7815=CARTESIAN_POINT('',(-1062.33995421021,-286.55908459966,11.2074362464722));
#7816=CARTESIAN_POINT('',(-1062.55942051352,-286.559084599659,10.1111541013547));
#7817=CARTESIAN_POINT('',(-1060.62021382701,-286.55908459966,18.2081768165127));
#7818=CARTESIAN_POINT('',(-1094.65568480015,-286.559084599655,13.7827082940634));
#7819=CARTESIAN_POINT('',(-1058.37831831556,-286.559084599661,9.98192845912462));
#7820=CARTESIAN_POINT('',(-1093.61986009832,-286.559084599655,9.9819284591245));
#7821=CARTESIAN_POINT('',(-1103.44021835937,-294.55908459966,21.6194594304063));
#7822=CARTESIAN_POINT('',(-1104.94021835937,-294.55908459966,18.6194594304063));
#7823=CARTESIAN_POINT('',(-1102.69021835937,-294.55908459966,21.6194594304063));
#7824=CARTESIAN_POINT('',(-1104.19021835937,-294.55908459966,18.6194594304063));
#7825=CARTESIAN_POINT('',(-1103.44021835937,-278.55908459966,21.6194594304063));
#7826=CARTESIAN_POINT('',(-1104.94021835937,-278.55908459966,18.6194594304063));
#7827=CARTESIAN_POINT('',(-1102.69021835937,-278.55908459966,21.6194594304063));
#7828=CARTESIAN_POINT('',(-1104.19021835937,-278.55908459966,18.6194594304063));
#7829=CARTESIAN_POINT('',(-1119.44021835937,-294.55908459966,21.6194594304063));
#7830=CARTESIAN_POINT('',(-1120.94021835937,-294.55908459966,18.6194594304063));
#7831=CARTESIAN_POINT('',(-1118.69021835937,-294.55908459966,21.6194594304063));
#7832=CARTESIAN_POINT('',(-1120.19021835937,-294.55908459966,18.6194594304063));
#7833=CARTESIAN_POINT('',(-1119.44021835937,-278.55908459966,21.6194594304063));
#7834=CARTESIAN_POINT('',(-1120.94021835937,-278.55908459966,18.6194594304063));
#7835=CARTESIAN_POINT('',(-1118.69021835937,-278.55908459966,21.6194594304063));
#7836=CARTESIAN_POINT('',(-1120.19021835937,-278.55908459966,18.6194594304063));
#7837=CARTESIAN_POINT('',(-1120.19021835937,-294.55908459966,-0.757540569593658));
#7838=CARTESIAN_POINT('',(-1120.19021835937,-278.55908459966,-0.757540569593658));
#7839=CARTESIAN_POINT('',(-1104.19021835937,-294.55908459966,-0.757540569593658));
#7840=CARTESIAN_POINT('',(-1104.19021835937,-278.55908459966,-0.757540569593658));
#7841=CARTESIAN_POINT('',(-1112.19021835937,-286.559084599537,2.24245943040634));
#7842=CARTESIAN_POINT('',(-1110.69021835937,-286.559084599537,-0.757540569593658));
#7843=CARTESIAN_POINT('',(-1114.44021835937,-259.764823951084,3.27433217511218));
#7844=CARTESIAN_POINT('',(-1114.44021835937,-262.000861753399,5.77435916428986));
#7845=CARTESIAN_POINT('',(-1114.44021835937,-229.195826656767,14.714699613676));
#7846=CARTESIAN_POINT('',(-1114.44021835937,-226.959788854428,12.2146726245046));
#7847=CARTESIAN_POINT('',(-1070.07202531793,-219.884026105234,14.1430268460604));
#7848=CARTESIAN_POINT('',(-1071.2218656399,-221.605772252092,21.6194594304064));
#7849=CARTESIAN_POINT('',(-1049.4869060118,-243.340731880191,21.6194594304064));
#7850=CARTESIAN_POINT('',(-1047.76515986494,-242.190891558226,14.1430268460604));
#7851=CARTESIAN_POINT('',(-1126.44021835937,-298.55908459966,-0.757540569593658));
#7852=CARTESIAN_POINT('',(-1102.44021835937,-298.559084599658,-0.757540569593658));
#7853=CARTESIAN_POINT('',(-1102.44021835937,-274.799084599658,-0.757540569593658));
#7854=CARTESIAN_POINT('',(-1126.44021835937,-274.55908459966,-0.757540569593658));
#7855=CARTESIAN_POINT('',(-1102.68021835936,-274.55908459966,-0.757540569593658));
#7856=CARTESIAN_POINT('',(-1126.44021835937,-219.884026105234,14.1430268460604));
#7857=CARTESIAN_POINT('',(-1047.76515986494,-298.559084599661,14.1430268460604));
#7858=CARTESIAN_POINT('',(-1126.44021835937,-298.55908459966,21.6194594304063));
#7859=CARTESIAN_POINT('',(-1049.4869060118,-298.55908459966,21.6194594304063));
#7860=CARTESIAN_POINT('',(-1126.44021835937,-221.605772252092,21.6194594304063));
#7861=CARTESIAN_POINT('',(-1104.94021835937,-278.55908459966,-1.90000000000002));
#7862=CARTESIAN_POINT('',(-1127.44021835937,-299.55908459966,-1.90000000000002));
#7863=CARTESIAN_POINT('',(-1046.76515986494,-299.55908459966,-1.90000000000002));
#7864=CARTESIAN_POINT('',(-1127.44021835937,-299.55908459966,21.6194594304063));
#7865=CARTESIAN_POINT('',(-1046.76515986494,-299.55908459966,21.6194594304063));
#7866=CARTESIAN_POINT('',(-1046.76515986494,-241.776681489975,-1.89999999999979));
#7867=CARTESIAN_POINT('',(-1046.76515986494,-241.776681489974,21.6194594304062));
#7868=CARTESIAN_POINT('',(-1127.44021835937,-218.884026105234,-1.90000000000002));
#7869=CARTESIAN_POINT('',(-1127.44021835937,-218.884026105234,21.6194594304063));
#7870=CARTESIAN_POINT('',(-1069.65781524968,-218.884026105234,-1.90000000000029));
#7871=CARTESIAN_POINT('',(-1069.65781524968,-218.884026105234,21.619459430406));
#7872=CARTESIAN_POINT('',(-1112.19021835937,-286.559084599537,11.1194594303845));
#7873=CARTESIAN_POINT('',(-1112.94021835937,-286.559084599537,11.1194594303845));
#7874=CARTESIAN_POINT('',(-1112.94021835937,-286.559084599537,-1.90000000000002));
#7875=CARTESIAN_POINT('',(-1120.94021835937,-294.55908459966,-1.90000000000002));
#7876=CARTESIAN_POINT('',(-1120.94021835937,-278.55908459966,-1.90000000000002));
#7877=CARTESIAN_POINT('',(-1114.44021835937,-231.077577531303,21.6194594304063));
#7878=CARTESIAN_POINT('',(-1114.44021835937,-266.319119314059,21.6194594304063));
#7879=CARTESIAN_POINT('',(-1114.44021835937,-225.445183879958,-1.90000000000002));
#7880=CARTESIAN_POINT('',(-1114.44021835937,-231.854930855506,21.6194594304063));
#7881=CARTESIAN_POINT('',(-1114.44021835937,-260.686725662722,-1.90000000000002));
#7882=CARTESIAN_POINT('',(-1114.44021835937,-267.09647263827,21.6194594304063));
#7883=CARTESIAN_POINT('',(-1104.94021835937,-294.55908459966,-1.90000000000002));
#7884=CARTESIAN_POINT('',(-1087.6459577108,-286.559084599657,3.27433217511218));
#7885=CARTESIAN_POINT('',(-1089.88199551311,-286.559084599656,5.77435916428986));
#7886=CARTESIAN_POINT('',(-1057.07696041648,-286.559084599661,14.714699613676));
#7887=CARTESIAN_POINT('',(-1054.84092261414,-286.559084599662,12.2146726245046));
#7888=CARTESIAN_POINT('',(-1058.95871129102,-286.559084599661,21.6194594304063));
#7889=CARTESIAN_POINT('',(-1094.20025307377,-286.559084599656,21.6194594304063));
#7890=CARTESIAN_POINT('',(-1053.32631763967,-286.559084599662,-1.90000000000002));
#7891=CARTESIAN_POINT('',(-1059.73606461522,-286.559084599661,21.6194594304063));
#7892=CARTESIAN_POINT('',(-1088.56785942244,-286.559084599656,-1.90000000000002));
#7893=CARTESIAN_POINT('',(-1094.97760639798,-286.559084599655,21.6194594304063));
#7894=CARTESIAN_POINT('',(-1109.44021835936,-294.559084599659,21.6194594304063));
#7895=CARTESIAN_POINT('',(-1107.94021835937,-294.55908459966,18.6194594304063));
#7896=CARTESIAN_POINT('',(-1110.19021835937,-294.55908459966,21.6194594304063));
#7897=CARTESIAN_POINT('',(-1108.69021835937,-294.55908459966,18.6194594304063));
#7898=CARTESIAN_POINT('',(-1109.44021835936,-278.559084599659,21.6194594304063));
#7899=CARTESIAN_POINT('',(-1107.94021835936,-278.55908459966,18.6194594304063));
#7900=CARTESIAN_POINT('',(-1110.19021835937,-278.55908459966,21.6194594304063));
#7901=CARTESIAN_POINT('',(-1108.69021835937,-278.55908459966,18.6194594304063));
#7902=CARTESIAN_POINT('',(-1125.44021835936,-294.559084599659,21.6194594304063));
#7903=CARTESIAN_POINT('',(-1123.94021835936,-294.55908459966,18.6194594304063));
#7904=CARTESIAN_POINT('',(-1126.19021835937,-294.55908459966,21.6194594304063));
#7905=CARTESIAN_POINT('',(-1124.69021835937,-294.55908459966,18.6194594304063));
#7906=CARTESIAN_POINT('',(-1125.44021835936,-278.55908459966,21.6194594304063));
#7907=CARTESIAN_POINT('',(-1123.94021835936,-278.559084599661,18.6194594304063));
#7908=CARTESIAN_POINT('',(-1126.19021835937,-278.55908459966,21.6194594304063));
#7909=CARTESIAN_POINT('',(-1124.69021835937,-278.55908459966,18.6194594304063));
#7910=CARTESIAN_POINT('',(-1116.69021835937,-286.559084599537,2.24245943040634));
#7911=CARTESIAN_POINT('',(-1118.19021835937,-286.559084599537,-0.757540569593658));
#7912=CARTESIAN_POINT('',(-1114.44021835936,-267.483321850466,1.1708136519622));
#7913=CARTESIAN_POINT('',(-1114.44021835936,-266.824922940514,4.45966008732085));
#7914=CARTESIAN_POINT('',(-1114.44021835936,-234.019887843881,13.4000005367072));
#7915=CARTESIAN_POINT('',(-1114.44021835936,-234.678286753811,10.1111541013547));
#7916=CARTESIAN_POINT('',(-1107.94021835937,-278.55908459966,-1.90000000000002));
#7917=CARTESIAN_POINT('',(-1115.94021835937,-286.559084599537,11.1194594303845));
#7918=CARTESIAN_POINT('',(-1115.94021835937,-286.559084599537,-1.90000000000002));
#7919=CARTESIAN_POINT('',(-1123.94021835937,-294.55908459966,-1.90000000000002));
#7920=CARTESIAN_POINT('',(-1123.94021835937,-278.559084599661,-1.90000000000002));
#7921=CARTESIAN_POINT('',(-1114.44021835936,-236.259933026035,21.6194594304063));
#7922=CARTESIAN_POINT('',(-1114.44021835936,-271.5014748088,21.6194594304063));
#7923=CARTESIAN_POINT('',(-1116.69021835937,-286.559084599537,11.1194594303845));
#7924=CARTESIAN_POINT('',(-1108.69021835937,-278.55908459966,-0.757540569593658));
#7925=CARTESIAN_POINT('',(-1108.69021835937,-294.55908459966,-0.757540569593658));
#7926=CARTESIAN_POINT('',(-1124.69021835937,-278.55908459966,-0.757540569593658));
#7927=CARTESIAN_POINT('',(-1124.69021835937,-294.55908459966,-0.757540569593658));
#7928=CARTESIAN_POINT('',(-1114.44021835936,-235.482579701824,21.6194594304063));
#7929=CARTESIAN_POINT('',(-1114.44021835936,-229.072832726277,-1.90000000000002));
#7930=CARTESIAN_POINT('',(-1114.44021835936,-270.724121484588,21.6194594304063));
#7931=CARTESIAN_POINT('',(-1114.44021835936,-264.31437450904,-1.90000000000002));
#7932=CARTESIAN_POINT('',(-1107.94021835937,-294.55908459966,-1.90000000000002));
#7933=CARTESIAN_POINT('',(-1095.36445561018,-286.559084599652,1.1708136519622));
#7934=CARTESIAN_POINT('',(-1094.70605670023,-286.559084599654,4.45966008732085));
#7935=CARTESIAN_POINT('',(-1061.90102160359,-286.55908459966,13.4000005367072));
#7936=CARTESIAN_POINT('',(-1062.55942051352,-286.559084599659,10.1111541013547));
#7937=CARTESIAN_POINT('',(-1064.14106678575,-286.55908459966,21.6194594304063));
#7938=CARTESIAN_POINT('',(-1099.38260856851,-286.559084599653,21.6194594304063));
#7939=CARTESIAN_POINT('',(-1063.36371346154,-286.55908459966,21.6194594304063));
#7940=CARTESIAN_POINT('',(-1056.95396648599,-286.559084599661,-1.90000000000002));
#7941=CARTESIAN_POINT('',(-1098.6052552443,-286.559084599653,21.6194594304063));
#7942=CARTESIAN_POINT('',(-1092.19550826875,-286.559084599654,-1.90000000000002));
#7943=CARTESIAN_POINT('',(-1103.44021835937,-294.55908459966,21.6194594304063));
#7944=CARTESIAN_POINT('',(-1103.94021835937,-294.55908459966,20.6194594304063));
#7945=CARTESIAN_POINT('',(-1104.44021835937,-294.55908459966,19.6194594304063));
#7946=CARTESIAN_POINT('',(-1104.94021835937,-294.55908459966,18.6194594304063));
#7947=CARTESIAN_POINT('',(-1106.44021835937,-294.55908459966,18.6194594304063));
#7948=CARTESIAN_POINT('',(-1104.94021835937,-294.55908459966,18.6194594304063));
#7949=CARTESIAN_POINT('',(-1107.94021835937,-294.55908459966,18.6194594304063));
#7950=CARTESIAN_POINT('',(-1106.44021835937,-294.55908459966,21.6194594304063));
#7951=CARTESIAN_POINT('',(-1103.44021835937,-294.55908459966,21.6194594304063));
#7952=CARTESIAN_POINT('',(-1109.44021835936,-294.559084599659,21.6194594304063));
#7953=CARTESIAN_POINT('',(-1102.69021835937,-294.55908459966,21.6194594304063));
#7954=CARTESIAN_POINT('',(-1103.19021835937,-294.55908459966,20.6194594304063));
#7955=CARTESIAN_POINT('',(-1103.69021835937,-294.55908459966,19.6194594304063));
#7956=CARTESIAN_POINT('',(-1104.19021835937,-294.55908459966,18.6194594304063));
#7957=CARTESIAN_POINT('',(-1106.44021835937,-294.55908459966,18.6194594304063));
#7958=CARTESIAN_POINT('',(-1104.19021835937,-294.55908459966,18.6194594304063));
#7959=CARTESIAN_POINT('',(-1108.69021835937,-294.55908459966,18.6194594304063));
#7960=CARTESIAN_POINT('',(-1106.44021835937,-294.55908459966,21.6194594304063));
#7961=CARTESIAN_POINT('',(-1102.69021835937,-294.55908459966,21.6194594304063));
#7962=CARTESIAN_POINT('',(-1110.19021835937,-294.55908459966,21.6194594304063));
#7963=CARTESIAN_POINT('',(-1103.44021835937,-278.55908459966,21.6194594304063));
#7964=CARTESIAN_POINT('',(-1103.94021835937,-278.55908459966,20.6194594304063));
#7965=CARTESIAN_POINT('',(-1104.44021835937,-278.55908459966,19.6194594304063));
#7966=CARTESIAN_POINT('',(-1104.94021835937,-278.55908459966,18.6194594304063));
#7967=CARTESIAN_POINT('',(-1106.44021835936,-278.559084599661,18.6194594304063));
#7968=CARTESIAN_POINT('',(-1104.94021835937,-278.55908459966,18.6194594304063));
#7969=CARTESIAN_POINT('',(-1107.94021835936,-278.55908459966,18.6194594304063));
#7970=CARTESIAN_POINT('',(-1106.44021835936,-278.55908459966,21.6194594304063));
#7971=CARTESIAN_POINT('',(-1103.44021835937,-278.55908459966,21.6194594304063));
#7972=CARTESIAN_POINT('',(-1109.44021835936,-278.559084599659,21.6194594304063));
#7973=CARTESIAN_POINT('',(-1102.69021835937,-278.55908459966,21.6194594304063));
#7974=CARTESIAN_POINT('',(-1103.19021835937,-278.55908459966,20.6194594304063));
#7975=CARTESIAN_POINT('',(-1103.69021835937,-278.55908459966,19.6194594304063));
#7976=CARTESIAN_POINT('',(-1104.19021835937,-278.55908459966,18.6194594304063));
#7977=CARTESIAN_POINT('',(-1106.44021835936,-278.55908459966,18.6194594304063));
#7978=CARTESIAN_POINT('',(-1104.19021835937,-278.55908459966,18.6194594304063));
#7979=CARTESIAN_POINT('',(-1108.69021835936,-278.55908459966,18.6194594304063));
#7980=CARTESIAN_POINT('',(-1106.44021835937,-278.55908459966,21.6194594304063));
#7981=CARTESIAN_POINT('',(-1102.69021835937,-278.55908459966,21.6194594304063));
#7982=CARTESIAN_POINT('',(-1110.19021835937,-278.55908459966,21.6194594304063));
#7983=CARTESIAN_POINT('',(-1119.44021835937,-294.55908459966,21.6194594304063));
#7984=CARTESIAN_POINT('',(-1119.94021835937,-294.55908459966,20.6194594304063));
#7985=CARTESIAN_POINT('',(-1120.44021835937,-294.55908459966,19.6194594304063));
#7986=CARTESIAN_POINT('',(-1120.94021835937,-294.55908459966,18.6194594304063));
#7987=CARTESIAN_POINT('',(-1122.44021835936,-294.55908459966,18.6194594304063));
#7988=CARTESIAN_POINT('',(-1120.94021835937,-294.55908459966,18.6194594304063));
#7989=CARTESIAN_POINT('',(-1123.94021835936,-294.55908459966,18.6194594304063));
#7990=CARTESIAN_POINT('',(-1122.44021835937,-294.55908459966,21.6194594304063));
#7991=CARTESIAN_POINT('',(-1119.44021835937,-294.55908459966,21.6194594304063));
#7992=CARTESIAN_POINT('',(-1125.44021835936,-294.559084599659,21.6194594304063));
#7993=CARTESIAN_POINT('',(-1118.69021835937,-294.55908459966,21.6194594304063));
#7994=CARTESIAN_POINT('',(-1119.19021835937,-294.55908459966,20.6194594304063));
#7995=CARTESIAN_POINT('',(-1119.69021835937,-294.55908459966,19.6194594304063));
#7996=CARTESIAN_POINT('',(-1120.19021835937,-294.55908459966,18.6194594304063));
#7997=CARTESIAN_POINT('',(-1122.44021835937,-294.55908459966,18.6194594304063));
#7998=CARTESIAN_POINT('',(-1120.19021835937,-294.55908459966,18.6194594304063));
#7999=CARTESIAN_POINT('',(-1124.69021835937,-294.55908459966,18.6194594304063));
#8000=CARTESIAN_POINT('',(-1122.44021835937,-294.55908459966,21.6194594304063));
#8001=CARTESIAN_POINT('',(-1118.69021835937,-294.55908459966,21.6194594304063));
#8002=CARTESIAN_POINT('',(-1126.19021835937,-294.55908459966,21.6194594304063));
#8003=CARTESIAN_POINT('',(-1119.44021835937,-278.55908459966,21.6194594304063));
#8004=CARTESIAN_POINT('',(-1119.94021835937,-278.55908459966,20.6194594304063));
#8005=CARTESIAN_POINT('',(-1120.44021835937,-278.55908459966,19.6194594304063));
#8006=CARTESIAN_POINT('',(-1120.94021835937,-278.55908459966,18.6194594304063));
#8007=CARTESIAN_POINT('',(-1122.44021835937,-278.559084599661,18.6194594304063));
#8008=CARTESIAN_POINT('',(-1120.94021835937,-278.55908459966,18.6194594304063));
#8009=CARTESIAN_POINT('',(-1123.94021835936,-278.559084599661,18.6194594304063));
#8010=CARTESIAN_POINT('',(-1122.44021835937,-278.55908459966,21.6194594304063));
#8011=CARTESIAN_POINT('',(-1119.44021835937,-278.55908459966,21.6194594304063));
#8012=CARTESIAN_POINT('',(-1125.44021835936,-278.55908459966,21.6194594304063));
#8013=CARTESIAN_POINT('',(-1118.69021835937,-278.55908459966,21.6194594304063));
#8014=CARTESIAN_POINT('',(-1119.19021835937,-278.55908459966,20.6194594304063));
#8015=CARTESIAN_POINT('',(-1119.69021835937,-278.55908459966,19.6194594304063));
#8016=CARTESIAN_POINT('',(-1120.19021835937,-278.55908459966,18.6194594304063));
#8017=CARTESIAN_POINT('',(-1122.44021835937,-278.55908459966,18.6194594304063));
#8018=CARTESIAN_POINT('',(-1120.19021835937,-278.55908459966,18.6194594304063));
#8019=CARTESIAN_POINT('',(-1124.69021835937,-278.55908459966,18.6194594304063));
#8020=CARTESIAN_POINT('',(-1122.44021835937,-278.559084599661,21.6194594304063));
#8021=CARTESIAN_POINT('',(-1118.69021835937,-278.55908459966,21.6194594304063));
#8022=CARTESIAN_POINT('',(-1126.19021835937,-278.55908459966,21.6194594304063));
#8023=CARTESIAN_POINT('',(-1122.44021835937,-294.55908459966,-0.757540569593658));
#8024=CARTESIAN_POINT('',(-1120.19021835937,-294.55908459966,-0.757540569593658));
#8025=CARTESIAN_POINT('',(-1124.69021835937,-294.55908459966,-0.757540569593658));
#8026=CARTESIAN_POINT('',(-1122.44021835937,-278.55908459966,-0.757540569593658));
#8027=CARTESIAN_POINT('',(-1120.19021835937,-278.55908459966,-0.757540569593658));
#8028=CARTESIAN_POINT('',(-1124.69021835937,-278.55908459966,-0.757540569593658));
#8029=CARTESIAN_POINT('',(-1106.44021835937,-294.55908459966,-0.757540569593658));
#8030=CARTESIAN_POINT('',(-1104.19021835937,-294.55908459966,-0.757540569593658));
#8031=CARTESIAN_POINT('',(-1108.69021835937,-294.55908459966,-0.757540569593658));
#8032=CARTESIAN_POINT('',(-1106.44021835937,-278.55908459966,-0.757540569593658));
#8033=CARTESIAN_POINT('',(-1104.19021835937,-278.55908459966,-0.757540569593658));
#8034=CARTESIAN_POINT('',(-1108.69021835937,-278.55908459966,-0.757540569593658));
#8035=CARTESIAN_POINT('',(-1112.19021835937,-286.559084599537,2.24245943040634));
#8036=CARTESIAN_POINT('',(-1111.69021835937,-286.559084599537,1.24245943040634));
#8037=CARTESIAN_POINT('',(-1111.19021835937,-286.559084599537,0.242459430406342));
#8038=CARTESIAN_POINT('',(-1110.69021835937,-286.559084599537,-0.757540569593658));
#8039=CARTESIAN_POINT('',(-1114.44021835937,-286.559084599537,-0.757540569593658));
#8040=CARTESIAN_POINT('',(-1110.69021835937,-286.559084599537,-0.757540569593658));
#8041=CARTESIAN_POINT('',(-1118.19021835937,-286.559084599537,-0.757540569593658));
#8042=CARTESIAN_POINT('',(-1114.44021835937,-286.559084599537,2.24245943040634));
#8043=CARTESIAN_POINT('',(-1112.19021835937,-286.559084599537,2.24245943040634));
#8044=CARTESIAN_POINT('',(-1116.69021835937,-286.559084599537,2.24245943040634));
#8045=CARTESIAN_POINT('',(-1114.44021835937,-259.764823951084,3.27433217511218));
#8046=CARTESIAN_POINT('',(-1114.44021835937,-260.510169885189,4.10767450483808));
#8047=CARTESIAN_POINT('',(-1114.44021835937,-261.255515819294,4.94101683456397));
#8048=CARTESIAN_POINT('',(-1114.44021835937,-262.000861753399,5.77435916428986));
#8049=CARTESIAN_POINT('',(-1114.44021835936,-264.412892346956,5.11700962580545));
#8050=CARTESIAN_POINT('',(-1114.44021835937,-262.000861753399,5.77435916428986));
#8051=CARTESIAN_POINT('',(-1114.44021835936,-266.824922940513,4.45966008732104));
#8052=CARTESIAN_POINT('',(-1114.44021835936,-263.624072900775,2.22257291353719));
#8053=CARTESIAN_POINT('',(-1114.44021835937,-259.764823951084,3.27433217511218));
#8054=CARTESIAN_POINT('',(-1114.44021835936,-267.483321850466,1.1708136519622));
#8055=CARTESIAN_POINT('',(-1114.44021835937,-229.195826656767,14.714699613676));
#8056=CARTESIAN_POINT('',(-1114.44021835937,-228.450480722654,13.8813572839522));
#8057=CARTESIAN_POINT('',(-1114.44021835937,-227.705134788541,13.0480149542284));
#8058=CARTESIAN_POINT('',(-1114.44021835937,-226.959788854428,12.2146726245046));
#8059=CARTESIAN_POINT('',(-1114.44021835936,-230.819037804119,11.1629133629297));
#8060=CARTESIAN_POINT('',(-1114.44021835937,-226.959788854428,12.2146726245046));
#8061=CARTESIAN_POINT('',(-1114.44021835936,-234.678286753811,10.1111541013548));
#8062=CARTESIAN_POINT('',(-1114.44021835937,-231.607857250324,14.0573500751916));
#8063=CARTESIAN_POINT('',(-1114.44021835937,-229.195826656767,14.714699613676));
#8064=CARTESIAN_POINT('',(-1114.44021835936,-234.019887843881,13.4000005367071));
#8065=CARTESIAN_POINT('',(-1071.2218656399,-221.605772252092,21.6194594304064));
#8066=CARTESIAN_POINT('',(-1049.4869060118,-243.340731880191,21.6194594304064));
#8067=CARTESIAN_POINT('',(-1049.4869060118,-243.340731880191,21.6194594304064));
#8068=CARTESIAN_POINT('',(-1047.77535643043,-242.197701169601,14.1873039508029));
#8069=CARTESIAN_POINT('',(-1047.76515986494,-242.190891558226,14.1430268460604));
#8070=CARTESIAN_POINT('',(-1047.76515986494,-242.190891558226,14.1430268460604));
#8071=CARTESIAN_POINT('',(-1070.0360632336,-219.919988189561,14.1430268460604));
#8072=CARTESIAN_POINT('',(-1070.07202531793,-219.884026105234,14.1430268460604));
#8073=CARTESIAN_POINT('',(-1070.07202531793,-219.884026105234,14.1430268460604));
#8074=CARTESIAN_POINT('',(-1070.38616641229,-220.354414217791,16.1856189078624));
#8075=CARTESIAN_POINT('',(-1071.2218656399,-221.605772252092,21.6194594304064));
#8076=CARTESIAN_POINT('',(-1126.44021835937,-298.55908459966,-0.757540569593658));
#8077=CARTESIAN_POINT('',(-1102.44021835937,-298.559084599658,-0.757540569593658));
#8078=CARTESIAN_POINT('',(-1126.44021835937,-298.55908459966,-0.757540569593658));
#8079=CARTESIAN_POINT('',(-1126.44021835937,-274.55908459966,-0.757540569593658));
#8080=CARTESIAN_POINT('',(-1102.44021835937,-274.799084599658,-0.757540569593658));
#8081=CARTESIAN_POINT('',(-1102.68021835936,-274.55908459966,-0.757540569593658));
#8082=CARTESIAN_POINT('',(-1102.44021835937,-274.799084599658,-0.757540569593658));
#8083=CARTESIAN_POINT('',(-1047.76515986494,-242.190891558226,14.1430268460604));
#8084=CARTESIAN_POINT('',(-1102.68021835936,-274.55908459966,-0.757540569593658));
#8085=CARTESIAN_POINT('',(-1070.07202531793,-219.884026105234,14.1430268460604));
#8086=CARTESIAN_POINT('',(-1126.44021835937,-274.55908459966,-0.757540569593658));
#8087=CARTESIAN_POINT('',(-1102.68021835936,-274.55908459966,-0.757540569593658));
#8088=CARTESIAN_POINT('',(-1126.44021835937,-274.55908459966,-0.757540569593658));
#8089=CARTESIAN_POINT('',(-1126.44021835937,-219.884026105234,14.1430268460604));
#8090=CARTESIAN_POINT('',(-1070.07202531793,-219.884026105234,14.1430268460604));
#8091=CARTESIAN_POINT('',(-1126.44021835937,-219.884026105234,14.1430268460604));
#8092=CARTESIAN_POINT('',(-1126.44021835937,-298.55908459966,-0.757540569593658));
#8093=CARTESIAN_POINT('',(-1126.44021835937,-298.55908459966,21.6194594304063));
#8094=CARTESIAN_POINT('',(-1047.76515986494,-298.559084599661,14.1430268460604));
#8095=CARTESIAN_POINT('',(-1047.76515986494,-242.190891558226,14.1430268460604));
#8096=CARTESIAN_POINT('',(-1047.76515986494,-298.559084599661,14.1430268460604));
#8097=CARTESIAN_POINT('',(-1049.4869060118,-298.55908459966,21.6194594304063));
#8098=CARTESIAN_POINT('',(-1049.4869060118,-298.55908459966,21.6194594304063));
#8099=CARTESIAN_POINT('',(-1049.4869060118,-243.340731880191,21.6194594304064));
#8100=CARTESIAN_POINT('',(-1071.2218656399,-221.605772252092,21.6194594304064));
#8101=CARTESIAN_POINT('',(-1126.44021835937,-221.605772252092,21.6194594304063));
#8102=CARTESIAN_POINT('',(-1126.44021835937,-221.605772252092,21.6194594304063));
#8103=CARTESIAN_POINT('',(-1126.44021835937,-219.884026105234,14.1430268460604));
#8104=CARTESIAN_POINT('',(-1106.44021835937,-278.55908459966,-1.90000000000002));
#8105=CARTESIAN_POINT('',(-1104.94021835937,-278.55908459966,-1.90000000000002));
#8106=CARTESIAN_POINT('',(-1107.94021835937,-278.55908459966,-1.90000000000002));
#8107=CARTESIAN_POINT('',(-1104.94021835937,-278.55908459966,18.6194594304063));
#8108=CARTESIAN_POINT('',(-1104.94021835937,-278.55908459966,-1.90000000000002));
#8109=CARTESIAN_POINT('',(-1127.44021835937,-299.55908459966,-1.90000000000002));
#8110=CARTESIAN_POINT('',(-1046.76515986494,-299.55908459966,-1.90000000000002));
#8111=CARTESIAN_POINT('',(-1127.44021835937,-299.55908459966,21.6194594304063));
#8112=CARTESIAN_POINT('',(-1046.76515986494,-299.55908459966,21.6194594304063));
#8113=CARTESIAN_POINT('',(-1046.76515986494,-299.55908459966,-1.90000000000002));
#8114=CARTESIAN_POINT('',(-1046.76515986494,-299.55908459966,21.6194594304063));
#8115=CARTESIAN_POINT('',(-1127.44021835937,-299.55908459966,-1.90000000000002));
#8116=CARTESIAN_POINT('',(-1127.44021835937,-299.55908459966,21.6194594304063));
#8117=CARTESIAN_POINT('',(-1046.76515986494,-299.55908459966,-1.90000000000002));
#8118=CARTESIAN_POINT('',(-1046.76515986494,-241.776681489975,-1.89999999999979));
#8119=CARTESIAN_POINT('',(-1046.76515986494,-299.55908459966,21.6194594304063));
#8120=CARTESIAN_POINT('',(-1046.76515986494,-241.776681489974,21.6194594304062));
#8121=CARTESIAN_POINT('',(-1046.76515986494,-241.776681489975,-1.89999999999979));
#8122=CARTESIAN_POINT('',(-1046.76515986494,-241.776681489974,21.6194594304062));
#8123=CARTESIAN_POINT('',(-1069.65781524968,-218.884026105234,-1.90000000000029));
#8124=CARTESIAN_POINT('',(-1127.44021835937,-218.884026105234,-1.90000000000002));
#8125=CARTESIAN_POINT('',(-1069.65781524968,-218.884026105234,21.619459430406));
#8126=CARTESIAN_POINT('',(-1127.44021835937,-218.884026105234,21.6194594304063));
#8127=CARTESIAN_POINT('',(-1127.44021835937,-218.884026105234,-1.90000000000002));
#8128=CARTESIAN_POINT('',(-1127.44021835937,-218.884026105234,21.6194594304063));
#8129=CARTESIAN_POINT('',(-1069.65781524968,-218.884026105234,21.619459430406));
#8130=CARTESIAN_POINT('',(-1069.65781524968,-218.884026105234,-1.90000000000029));
#8131=CARTESIAN_POINT('',(-1127.44021835937,-218.884026105234,-1.90000000000002));
#8132=CARTESIAN_POINT('',(-1127.44021835937,-299.55908459966,-1.90000000000002));
#8133=CARTESIAN_POINT('',(-1127.44021835937,-218.884026105234,21.6194594304063));
#8134=CARTESIAN_POINT('',(-1127.44021835937,-299.55908459966,21.6194594304063));
#8135=CARTESIAN_POINT('',(-1069.65781524968,-218.884026105234,21.619459430406));
#8136=CARTESIAN_POINT('',(-1046.76515986494,-241.776681489974,21.6194594304062));
#8137=CARTESIAN_POINT('',(-1069.65781524968,-218.884026105234,-1.90000000000029));
#8138=CARTESIAN_POINT('',(-1046.76515986494,-241.776681489975,-1.89999999999979));
#8139=CARTESIAN_POINT('',(-1114.44021835936,-286.559084599537,11.1194594303845));
#8140=CARTESIAN_POINT('',(-1112.94021835937,-286.559084599537,11.1194594303845));
#8141=CARTESIAN_POINT('',(-1115.94021835936,-286.559084599537,11.1194594303845));
#8142=CARTESIAN_POINT('',(-1112.94021835937,-286.559084599537,11.1194594303845));
#8143=CARTESIAN_POINT('',(-1112.94021835937,-286.559084599537,-1.90000000000002));
#8144=CARTESIAN_POINT('',(-1114.44021835937,-286.559084599537,-1.90000000000002));
#8145=CARTESIAN_POINT('',(-1112.94021835937,-286.559084599537,-1.90000000000002));
#8146=CARTESIAN_POINT('',(-1115.94021835937,-286.559084599537,-1.90000000000002));
#8147=CARTESIAN_POINT('',(-1126.44021835937,-298.55908459966,21.6194594304063));
#8148=CARTESIAN_POINT('',(-1126.44021835937,-221.605772252092,21.6194594304063));
#8149=CARTESIAN_POINT('',(-1126.44021835937,-298.55908459966,21.6194594304063));
#8150=CARTESIAN_POINT('',(-1049.4869060118,-298.55908459966,21.6194594304063));
#8151=CARTESIAN_POINT('',(-1122.44021835937,-294.55908459966,-1.90000000000002));
#8152=CARTESIAN_POINT('',(-1120.94021835937,-294.55908459966,-1.90000000000002));
#8153=CARTESIAN_POINT('',(-1123.94021835937,-294.55908459966,-1.90000000000002));
#8154=CARTESIAN_POINT('',(-1120.94021835937,-294.55908459966,18.6194594304063));
#8155=CARTESIAN_POINT('',(-1120.94021835937,-294.55908459966,-1.90000000000002));
#8156=CARTESIAN_POINT('',(-1122.44021835937,-278.55908459966,-1.90000000000002));
#8157=CARTESIAN_POINT('',(-1120.94021835937,-278.55908459966,-1.90000000000002));
#8158=CARTESIAN_POINT('',(-1123.94021835937,-278.559084599661,-1.90000000000002));
#8159=CARTESIAN_POINT('',(-1120.94021835937,-278.55908459966,18.6194594304063));
#8160=CARTESIAN_POINT('',(-1120.94021835937,-278.55908459966,-1.90000000000002));
#8161=CARTESIAN_POINT('',(-1114.44021835937,-229.195826656767,14.714699613676));
#8162=CARTESIAN_POINT('',(-1114.44021835937,-231.077577531303,21.6194594304063));
#8163=CARTESIAN_POINT('',(-1114.44021835937,-231.077577531303,21.6194594304063));
#8164=CARTESIAN_POINT('',(-1115.11974392321,-231.077577531295,21.6194594304063));
#8165=CARTESIAN_POINT('',(-1115.7613658384,-231.363593086851,21.619459430406));
#8166=CARTESIAN_POINT('',(-1116.6885217409,-232.344930570739,21.619459430406));
#8167=CARTESIAN_POINT('',(-1116.94021835937,-232.997713951223,21.6194594304063));
#8168=CARTESIAN_POINT('',(-1116.94021835937,-233.668755278665,21.6194594304063));
#8169=CARTESIAN_POINT('',(-1116.94021835937,-234.33979660611,21.6194594304063));
#8170=CARTESIAN_POINT('',(-1116.6885217409,-234.992579986587,21.6194594304067));
#8171=CARTESIAN_POINT('',(-1115.7613658384,-235.973917470479,21.6194594304067));
#8172=CARTESIAN_POINT('',(-1115.11974392321,-236.259933026035,21.6194594304063));
#8173=CARTESIAN_POINT('',(-1114.44021835936,-236.259933026035,21.6194594304063));
#8174=CARTESIAN_POINT('',(-1114.44021835937,-262.000861753399,5.77435916428986));
#8175=CARTESIAN_POINT('',(-1114.44021835937,-266.319119314059,21.6194594304063));
#8176=CARTESIAN_POINT('',(-1114.44021835937,-266.319119314059,21.6194594304063));
#8177=CARTESIAN_POINT('',(-1115.11974392321,-266.319119314059,21.6194594304063));
#8178=CARTESIAN_POINT('',(-1115.76136583841,-266.605134869616,21.619459430406));
#8179=CARTESIAN_POINT('',(-1116.6885217409,-267.586472353505,21.619459430406));
#8180=CARTESIAN_POINT('',(-1116.94021835937,-268.239255733987,21.6194594304063));
#8181=CARTESIAN_POINT('',(-1116.94021835936,-268.91029706143,21.6194594304063));
#8182=CARTESIAN_POINT('',(-1116.94021835936,-269.581338388872,21.6194594304063));
#8183=CARTESIAN_POINT('',(-1116.6885217409,-270.234121769355,21.6194594304067));
#8184=CARTESIAN_POINT('',(-1115.7613658384,-271.215459253243,21.6194594304067));
#8185=CARTESIAN_POINT('',(-1115.11974392321,-271.5014748088,21.6194594304063));
#8186=CARTESIAN_POINT('',(-1114.44021835936,-271.5014748088,21.6194594304063));
#8187=CARTESIAN_POINT('',(-1114.44021835937,-286.559084599537,11.1194594303845));
#8188=CARTESIAN_POINT('',(-1112.19021835937,-286.559084599537,11.1194594303845));
#8189=CARTESIAN_POINT('',(-1116.69021835937,-286.559084599537,11.1194594303845));
#8190=CARTESIAN_POINT('',(-1112.19021835937,-286.559084599537,11.1194594303845));
#8191=CARTESIAN_POINT('',(-1112.19021835937,-286.559084599537,2.24245943040634));
#8192=CARTESIAN_POINT('',(-1104.19021835937,-278.55908459966,18.6194594304063));
#8193=CARTESIAN_POINT('',(-1104.19021835937,-278.55908459966,-0.757540569593658));
#8194=CARTESIAN_POINT('',(-1104.19021835937,-294.55908459966,18.6194594304063));
#8195=CARTESIAN_POINT('',(-1104.19021835937,-294.55908459966,-0.757540569593658));
#8196=CARTESIAN_POINT('',(-1120.19021835937,-278.55908459966,18.6194594304063));
#8197=CARTESIAN_POINT('',(-1120.19021835937,-278.55908459966,-0.757540569593658));
#8198=CARTESIAN_POINT('',(-1120.19021835937,-294.55908459966,18.6194594304063));
#8199=CARTESIAN_POINT('',(-1120.19021835937,-294.55908459966,-0.757540569593658));
#8200=CARTESIAN_POINT('',(-1114.44021835937,-231.854930855506,21.6194594304063));
#8201=CARTESIAN_POINT('',(-1114.44021835937,-225.445183879958,-1.90000000000002));
#8202=CARTESIAN_POINT('',(-1114.44021835937,-231.854930855506,21.6194594304063));
#8203=CARTESIAN_POINT('',(-1114.91588625406,-231.854930855506,21.6194594304063));
#8204=CARTESIAN_POINT('',(-1115.36502159469,-232.055141744396,21.6194594304061));
#8205=CARTESIAN_POINT('',(-1116.01403072644,-232.742077983117,21.6194594304061));
#8206=CARTESIAN_POINT('',(-1116.19021835937,-233.199026349456,21.6194594304063));
#8207=CARTESIAN_POINT('',(-1116.19021835937,-233.668755278665,21.6194594304063));
#8208=CARTESIAN_POINT('',(-1116.19021835937,-234.138484207874,21.6194594304063));
#8209=CARTESIAN_POINT('',(-1116.01403072644,-234.595432574213,21.6194594304066));
#8210=CARTESIAN_POINT('',(-1115.36502159469,-235.282368812934,21.6194594304066));
#8211=CARTESIAN_POINT('',(-1114.91588625406,-235.482579701824,21.6194594304063));
#8212=CARTESIAN_POINT('',(-1114.44021835936,-235.482579701824,21.6194594304063));
#8213=CARTESIAN_POINT('',(-1114.44021835937,-267.09647263827,21.6194594304063));
#8214=CARTESIAN_POINT('',(-1114.44021835937,-260.686725662722,-1.90000000000002));
#8215=CARTESIAN_POINT('',(-1114.44021835937,-267.09647263827,21.6194594304063));
#8216=CARTESIAN_POINT('',(-1114.91588625406,-267.09647263827,21.6194594304063));
#8217=CARTESIAN_POINT('',(-1115.36502159469,-267.29668352716,21.6194594304061));
#8218=CARTESIAN_POINT('',(-1116.01403072644,-267.983619765882,21.6194594304061));
#8219=CARTESIAN_POINT('',(-1116.19021835937,-268.44056813222,21.6194594304063));
#8220=CARTESIAN_POINT('',(-1116.19021835936,-268.91029706143,21.6194594304063));
#8221=CARTESIAN_POINT('',(-1116.19021835936,-269.38002599064,21.6194594304063));
#8222=CARTESIAN_POINT('',(-1116.01403072644,-269.836974356977,21.6194594304066));
#8223=CARTESIAN_POINT('',(-1115.36502159469,-270.523910595698,21.6194594304066));
#8224=CARTESIAN_POINT('',(-1114.91588625405,-270.724121484588,21.6194594304063));
#8225=CARTESIAN_POINT('',(-1114.44021835936,-270.724121484588,21.6194594304063));
#8226=CARTESIAN_POINT('',(-1106.44021835937,-294.55908459966,-1.90000000000002));
#8227=CARTESIAN_POINT('',(-1104.94021835937,-294.55908459966,-1.90000000000002));
#8228=CARTESIAN_POINT('',(-1107.94021835937,-294.55908459966,-1.90000000000002));
#8229=CARTESIAN_POINT('',(-1104.94021835937,-294.55908459966,18.6194594304063));
#8230=CARTESIAN_POINT('',(-1104.94021835937,-294.55908459966,-1.90000000000002));
#8231=CARTESIAN_POINT('',(-1087.6459577108,-286.559084599657,3.27433217511218));
#8232=CARTESIAN_POINT('',(-1088.3913036449,-286.559084599657,4.10767450483808));
#8233=CARTESIAN_POINT('',(-1089.13664957901,-286.559084599657,4.94101683456397));
#8234=CARTESIAN_POINT('',(-1089.88199551311,-286.559084599656,5.77435916428986));
#8235=CARTESIAN_POINT('',(-1092.29402610667,-286.559084599655,5.11700962580535));
#8236=CARTESIAN_POINT('',(-1089.88199551311,-286.559084599656,5.77435916428986));
#8237=CARTESIAN_POINT('',(-1094.70605670023,-286.559084599654,4.45966008732085));
#8238=CARTESIAN_POINT('',(-1091.50520666049,-286.559084599655,2.22257291353718));
#8239=CARTESIAN_POINT('',(-1087.6459577108,-286.559084599657,3.27433217511218));
#8240=CARTESIAN_POINT('',(-1095.36445561018,-286.559084599652,1.17081365196217));
#8241=CARTESIAN_POINT('',(-1057.07696041648,-286.559084599661,14.714699613676));
#8242=CARTESIAN_POINT('',(-1056.33161448237,-286.559084599662,13.8813572839522));
#8243=CARTESIAN_POINT('',(-1055.58626854825,-286.559084599662,13.0480149542284));
#8244=CARTESIAN_POINT('',(-1054.84092261414,-286.559084599662,12.2146726245046));
#8245=CARTESIAN_POINT('',(-1058.70017156383,-286.55908459966,11.1629133629296));
#8246=CARTESIAN_POINT('',(-1054.84092261414,-286.559084599662,12.2146726245046));
#8247=CARTESIAN_POINT('',(-1062.55942051352,-286.559084599659,10.1111541013546));
#8248=CARTESIAN_POINT('',(-1059.48899101004,-286.559084599661,14.0573500751916));
#8249=CARTESIAN_POINT('',(-1057.07696041648,-286.559084599661,14.714699613676));
#8250=CARTESIAN_POINT('',(-1061.90102160359,-286.55908459966,13.4000005367071));
#8251=CARTESIAN_POINT('',(-1102.44021835937,-298.559084599658,-0.757540569593658));
#8252=CARTESIAN_POINT('',(-1102.44021835937,-274.799084599658,-0.757540569593658));
#8253=CARTESIAN_POINT('',(-1102.44021835937,-298.559084599658,-0.757540569593658));
#8254=CARTESIAN_POINT('',(-1047.76515986494,-298.559084599661,14.1430268460604));
#8255=CARTESIAN_POINT('',(-1057.07696041648,-286.559084599661,14.714699613676));
#8256=CARTESIAN_POINT('',(-1058.95871129102,-286.559084599661,21.6194594304063));
#8257=CARTESIAN_POINT('',(-1058.95871129102,-286.559084599661,21.6194594304063));
#8258=CARTESIAN_POINT('',(-1058.95871129101,-287.238610163507,21.6194594304063));
#8259=CARTESIAN_POINT('',(-1059.24472684656,-287.880232078699,21.619459430406));
#8260=CARTESIAN_POINT('',(-1060.22606433045,-288.807387981195,21.619459430406));
#8261=CARTESIAN_POINT('',(-1060.87884771094,-289.059084599661,21.6194594304063));
#8262=CARTESIAN_POINT('',(-1061.54988903838,-289.05908459966,21.6194594304063));
#8263=CARTESIAN_POINT('',(-1062.22093036582,-289.05908459966,21.6194594304063));
#8264=CARTESIAN_POINT('',(-1062.8737137463,-288.807387981197,21.6194594304067));
#8265=CARTESIAN_POINT('',(-1063.85505123019,-287.880232078698,21.6194594304067));
#8266=CARTESIAN_POINT('',(-1064.14106678575,-287.238610163506,21.6194594304063));
#8267=CARTESIAN_POINT('',(-1064.14106678575,-286.55908459966,21.6194594304063));
#8268=CARTESIAN_POINT('',(-1089.88199551311,-286.559084599656,5.77435916428986));
#8269=CARTESIAN_POINT('',(-1094.20025307377,-286.559084599656,21.6194594304063));
#8270=CARTESIAN_POINT('',(-1094.20025307377,-286.559084599655,21.6194594304063));
#8271=CARTESIAN_POINT('',(-1094.20025307377,-287.2386101635,21.6194594304063));
#8272=CARTESIAN_POINT('',(-1094.48626862933,-287.880232078695,21.619459430406));
#8273=CARTESIAN_POINT('',(-1095.46760611322,-288.807387981191,21.619459430406));
#8274=CARTESIAN_POINT('',(-1096.1203894937,-289.059084599655,21.6194594304063));
#8275=CARTESIAN_POINT('',(-1096.79143082114,-289.059084599655,21.6194594304063));
#8276=CARTESIAN_POINT('',(-1097.46247214859,-289.059084599654,21.6194594304063));
#8277=CARTESIAN_POINT('',(-1098.11525552907,-288.807387981189,21.6194594304067));
#8278=CARTESIAN_POINT('',(-1099.09659301296,-287.880232078692,21.6194594304067));
#8279=CARTESIAN_POINT('',(-1099.38260856851,-287.238610163497,21.6194594304063));
#8280=CARTESIAN_POINT('',(-1099.38260856851,-286.559084599653,21.6194594304063));
#8281=CARTESIAN_POINT('',(-1059.73606461522,-286.559084599661,21.6194594304063));
#8282=CARTESIAN_POINT('',(-1053.32631763967,-286.559084599662,-1.90000000000002));
#8283=CARTESIAN_POINT('',(-1059.73606461522,-286.559084599661,21.6194594304063));
#8284=CARTESIAN_POINT('',(-1059.73606461522,-287.034752494352,21.6194594304063));
#8285=CARTESIAN_POINT('',(-1059.93627550411,-287.483887834988,21.6194594304061));
#8286=CARTESIAN_POINT('',(-1060.62321174283,-288.132896966735,21.6194594304061));
#8287=CARTESIAN_POINT('',(-1061.08016010917,-288.309084599661,21.6194594304063));
#8288=CARTESIAN_POINT('',(-1061.54988903838,-288.309084599661,21.6194594304063));
#8289=CARTESIAN_POINT('',(-1062.01961796759,-288.309084599661,21.6194594304063));
#8290=CARTESIAN_POINT('',(-1062.47656633393,-288.132896966734,21.6194594304066));
#8291=CARTESIAN_POINT('',(-1063.16350257265,-287.483887834988,21.6194594304066));
#8292=CARTESIAN_POINT('',(-1063.36371346154,-287.034752494351,21.6194594304063));
#8293=CARTESIAN_POINT('',(-1063.36371346154,-286.55908459966,21.6194594304063));
#8294=CARTESIAN_POINT('',(-1094.97760639798,-286.559084599655,21.6194594304063));
#8295=CARTESIAN_POINT('',(-1088.56785942244,-286.559084599656,-1.90000000000002));
#8296=CARTESIAN_POINT('',(-1094.97760639798,-286.559084599655,21.6194594304063));
#8297=CARTESIAN_POINT('',(-1094.97760639798,-287.034752494346,21.6194594304063));
#8298=CARTESIAN_POINT('',(-1095.17781728687,-287.483887834983,21.6194594304061));
#8299=CARTESIAN_POINT('',(-1095.8647535256,-288.132896966729,21.6194594304061));
#8300=CARTESIAN_POINT('',(-1096.32170189193,-288.309084599655,21.6194594304063));
#8301=CARTESIAN_POINT('',(-1096.79143082114,-288.309084599655,21.6194594304063));
#8302=CARTESIAN_POINT('',(-1097.26115975035,-288.309084599654,21.6194594304063));
#8303=CARTESIAN_POINT('',(-1097.71810811669,-288.132896966728,21.6194594304066));
#8304=CARTESIAN_POINT('',(-1098.40504435541,-287.483887834981,21.6194594304066));
#8305=CARTESIAN_POINT('',(-1098.6052552443,-287.034752494344,21.6194594304063));
#8306=CARTESIAN_POINT('',(-1098.6052552443,-286.559084599653,21.6194594304063));
#8307=CARTESIAN_POINT('',(-1114.44021835937,-225.445183879958,-1.90000000000002));
#8308=CARTESIAN_POINT('',(-1114.91588625405,-225.445183879958,-1.90000000000002));
#8309=CARTESIAN_POINT('',(-1115.36502159469,-225.64539476885,-1.90000000000025));
#8310=CARTESIAN_POINT('',(-1116.01403072647,-226.332331007598,-1.90000000000025));
#8311=CARTESIAN_POINT('',(-1116.19021835937,-226.78927937387,-1.90000000000002));
#8312=CARTESIAN_POINT('',(-1116.19021835937,-227.259008303118,-1.90000000000002));
#8313=CARTESIAN_POINT('',(-1116.19021835937,-227.728737232367,-1.90000000000002));
#8314=CARTESIAN_POINT('',(-1116.01403072647,-228.185685598636,-1.89999999999979));
#8315=CARTESIAN_POINT('',(-1115.36502159469,-228.872621837385,-1.89999999999979));
#8316=CARTESIAN_POINT('',(-1114.91588625405,-229.072832726277,-1.90000000000002));
#8317=CARTESIAN_POINT('',(-1114.44021835936,-229.072832726277,-1.90000000000002));
#8318=CARTESIAN_POINT('',(-1114.44021835937,-260.686725662722,-1.90000000000002));
#8319=CARTESIAN_POINT('',(-1114.91588625405,-260.686725662722,-1.90000000000002));
#8320=CARTESIAN_POINT('',(-1115.36502159469,-260.886936551614,-1.90000000000025));
#8321=CARTESIAN_POINT('',(-1116.01403072647,-261.573872790362,-1.90000000000025));
#8322=CARTESIAN_POINT('',(-1116.19021835936,-262.030821156634,-1.90000000000002));
#8323=CARTESIAN_POINT('',(-1116.19021835936,-262.500550085882,-1.90000000000002));
#8324=CARTESIAN_POINT('',(-1116.19021835936,-262.970279015132,-1.90000000000002));
#8325=CARTESIAN_POINT('',(-1116.01403072647,-263.4272273814,-1.89999999999979));
#8326=CARTESIAN_POINT('',(-1115.36502159469,-264.11416362015,-1.89999999999979));
#8327=CARTESIAN_POINT('',(-1114.91588625405,-264.314374509041,-1.90000000000002));
#8328=CARTESIAN_POINT('',(-1114.44021835936,-264.31437450904,-1.90000000000002));
#8329=CARTESIAN_POINT('',(-1053.32631763967,-286.559084599662,-1.90000000000002));
#8330=CARTESIAN_POINT('',(-1053.32631763967,-287.034752494351,-1.90000000000002));
#8331=CARTESIAN_POINT('',(-1053.52652852856,-287.483887834991,-1.90000000000025));
#8332=CARTESIAN_POINT('',(-1054.21346476731,-288.132896966762,-1.90000000000025));
#8333=CARTESIAN_POINT('',(-1054.67041313358,-288.309084599662,-1.90000000000002));
#8334=CARTESIAN_POINT('',(-1055.14014206283,-288.309084599662,-1.90000000000002));
#8335=CARTESIAN_POINT('',(-1055.60987099208,-288.309084599661,-1.90000000000002));
#8336=CARTESIAN_POINT('',(-1056.06681935835,-288.132896966763,-1.89999999999979));
#8337=CARTESIAN_POINT('',(-1056.7537555971,-287.48388783499,-1.89999999999979));
#8338=CARTESIAN_POINT('',(-1056.95396648599,-287.034752494349,-1.90000000000002));
#8339=CARTESIAN_POINT('',(-1056.95396648599,-286.559084599661,-1.90000000000002));
#8340=CARTESIAN_POINT('',(-1088.56785942244,-286.559084599656,-1.90000000000002));
#8341=CARTESIAN_POINT('',(-1088.56785942244,-287.034752494344,-1.90000000000002));
#8342=CARTESIAN_POINT('',(-1088.76807031133,-287.483887834985,-1.90000000000025));
#8343=CARTESIAN_POINT('',(-1089.45500655008,-288.132896966756,-1.90000000000025));
#8344=CARTESIAN_POINT('',(-1089.91195491635,-288.309084599656,-1.90000000000002));
#8345=CARTESIAN_POINT('',(-1090.3816838456,-288.309084599655,-1.90000000000002));
#8346=CARTESIAN_POINT('',(-1090.85141277485,-288.309084599655,-1.90000000000002));
#8347=CARTESIAN_POINT('',(-1091.30836114111,-288.132896966757,-1.89999999999979));
#8348=CARTESIAN_POINT('',(-1091.99529737986,-287.483887834983,-1.89999999999979));
#8349=CARTESIAN_POINT('',(-1092.19550826875,-287.034752494345,-1.90000000000002));
#8350=CARTESIAN_POINT('',(-1092.19550826875,-286.559084599654,-1.90000000000002));
#8351=CARTESIAN_POINT('',(-1109.44021835936,-294.559084599659,21.6194594304063));
#8352=CARTESIAN_POINT('',(-1108.94021835936,-294.55908459966,20.6194594304063));
#8353=CARTESIAN_POINT('',(-1108.44021835936,-294.55908459966,19.6194594304063));
#8354=CARTESIAN_POINT('',(-1107.94021835937,-294.55908459966,18.6194594304063));
#8355=CARTESIAN_POINT('',(-1106.44021835937,-294.559084599661,18.6194594304063));
#8356=CARTESIAN_POINT('',(-1107.94021835937,-294.55908459966,18.6194594304063));
#8357=CARTESIAN_POINT('',(-1104.94021835937,-294.55908459966,18.6194594304063));
#8358=CARTESIAN_POINT('',(-1106.44021835937,-294.55908459966,21.6194594304063));
#8359=CARTESIAN_POINT('',(-1109.44021835936,-294.559084599659,21.6194594304063));
#8360=CARTESIAN_POINT('',(-1103.44021835937,-294.55908459966,21.6194594304063));
#8361=CARTESIAN_POINT('',(-1110.19021835937,-294.55908459966,21.6194594304063));
#8362=CARTESIAN_POINT('',(-1109.69021835937,-294.55908459966,20.6194594304063));
#8363=CARTESIAN_POINT('',(-1109.19021835937,-294.55908459966,19.6194594304063));
#8364=CARTESIAN_POINT('',(-1108.69021835937,-294.55908459966,18.6194594304063));
#8365=CARTESIAN_POINT('',(-1106.44021835937,-294.55908459966,18.6194594304063));
#8366=CARTESIAN_POINT('',(-1108.69021835937,-294.55908459966,18.6194594304063));
#8367=CARTESIAN_POINT('',(-1104.19021835937,-294.55908459966,18.6194594304063));
#8368=CARTESIAN_POINT('',(-1106.44021835937,-294.55908459966,21.6194594304063));
#8369=CARTESIAN_POINT('',(-1110.19021835937,-294.55908459966,21.6194594304063));
#8370=CARTESIAN_POINT('',(-1102.69021835937,-294.55908459966,21.6194594304063));
#8371=CARTESIAN_POINT('',(-1109.44021835936,-278.559084599659,21.6194594304063));
#8372=CARTESIAN_POINT('',(-1108.94021835936,-278.55908459966,20.6194594304063));
#8373=CARTESIAN_POINT('',(-1108.44021835936,-278.55908459966,19.6194594304063));
#8374=CARTESIAN_POINT('',(-1107.94021835936,-278.55908459966,18.6194594304063));
#8375=CARTESIAN_POINT('',(-1106.44021835936,-278.559084599661,18.6194594304063));
#8376=CARTESIAN_POINT('',(-1107.94021835936,-278.55908459966,18.6194594304063));
#8377=CARTESIAN_POINT('',(-1104.94021835936,-278.55908459966,18.6194594304063));
#8378=CARTESIAN_POINT('',(-1106.44021835936,-278.55908459966,21.6194594304063));
#8379=CARTESIAN_POINT('',(-1109.44021835936,-278.559084599659,21.6194594304063));
#8380=CARTESIAN_POINT('',(-1103.44021835937,-278.55908459966,21.6194594304063));
#8381=CARTESIAN_POINT('',(-1110.19021835937,-278.55908459966,21.6194594304063));
#8382=CARTESIAN_POINT('',(-1109.69021835937,-278.55908459966,20.6194594304063));
#8383=CARTESIAN_POINT('',(-1109.19021835937,-278.55908459966,19.6194594304063));
#8384=CARTESIAN_POINT('',(-1108.69021835937,-278.55908459966,18.6194594304063));
#8385=CARTESIAN_POINT('',(-1106.44021835937,-278.55908459966,18.6194594304063));
#8386=CARTESIAN_POINT('',(-1108.69021835937,-278.55908459966,18.6194594304063));
#8387=CARTESIAN_POINT('',(-1104.19021835937,-278.55908459966,18.6194594304063));
#8388=CARTESIAN_POINT('',(-1106.44021835937,-278.55908459966,21.6194594304063));
#8389=CARTESIAN_POINT('',(-1110.19021835937,-278.55908459966,21.6194594304063));
#8390=CARTESIAN_POINT('',(-1102.69021835937,-278.55908459966,21.6194594304063));
#8391=CARTESIAN_POINT('',(-1125.44021835936,-294.559084599659,21.6194594304063));
#8392=CARTESIAN_POINT('',(-1124.94021835936,-294.55908459966,20.6194594304063));
#8393=CARTESIAN_POINT('',(-1124.44021835936,-294.55908459966,19.6194594304063));
#8394=CARTESIAN_POINT('',(-1123.94021835936,-294.55908459966,18.6194594304063));
#8395=CARTESIAN_POINT('',(-1122.44021835937,-294.55908459966,18.6194594304063));
#8396=CARTESIAN_POINT('',(-1123.94021835936,-294.55908459966,18.6194594304063));
#8397=CARTESIAN_POINT('',(-1120.94021835937,-294.55908459966,18.6194594304063));
#8398=CARTESIAN_POINT('',(-1122.44021835937,-294.55908459966,21.6194594304063));
#8399=CARTESIAN_POINT('',(-1125.44021835936,-294.559084599659,21.6194594304063));
#8400=CARTESIAN_POINT('',(-1119.44021835937,-294.55908459966,21.6194594304063));
#8401=CARTESIAN_POINT('',(-1126.19021835937,-294.55908459966,21.6194594304063));
#8402=CARTESIAN_POINT('',(-1125.69021835937,-294.55908459966,20.6194594304063));
#8403=CARTESIAN_POINT('',(-1125.19021835937,-294.55908459966,19.6194594304063));
#8404=CARTESIAN_POINT('',(-1124.69021835937,-294.55908459966,18.6194594304063));
#8405=CARTESIAN_POINT('',(-1122.44021835936,-294.55908459966,18.6194594304063));
#8406=CARTESIAN_POINT('',(-1124.69021835937,-294.55908459966,18.6194594304063));
#8407=CARTESIAN_POINT('',(-1120.19021835936,-294.55908459966,18.6194594304063));
#8408=CARTESIAN_POINT('',(-1122.44021835937,-294.55908459966,21.6194594304063));
#8409=CARTESIAN_POINT('',(-1126.19021835937,-294.55908459966,21.6194594304063));
#8410=CARTESIAN_POINT('',(-1118.69021835937,-294.55908459966,21.6194594304063));
#8411=CARTESIAN_POINT('',(-1125.44021835936,-278.55908459966,21.6194594304063));
#8412=CARTESIAN_POINT('',(-1124.94021835936,-278.55908459966,20.6194594304063));
#8413=CARTESIAN_POINT('',(-1124.44021835936,-278.55908459966,19.6194594304063));
#8414=CARTESIAN_POINT('',(-1123.94021835936,-278.559084599661,18.6194594304063));
#8415=CARTESIAN_POINT('',(-1122.44021835937,-278.559084599661,18.6194594304063));
#8416=CARTESIAN_POINT('',(-1123.94021835936,-278.559084599661,18.6194594304063));
#8417=CARTESIAN_POINT('',(-1120.94021835937,-278.55908459966,18.6194594304063));
#8418=CARTESIAN_POINT('',(-1122.44021835937,-278.55908459966,21.6194594304063));
#8419=CARTESIAN_POINT('',(-1125.44021835936,-278.55908459966,21.6194594304063));
#8420=CARTESIAN_POINT('',(-1119.44021835937,-278.55908459966,21.6194594304063));
#8421=CARTESIAN_POINT('',(-1126.19021835937,-278.55908459966,21.6194594304063));
#8422=CARTESIAN_POINT('',(-1125.69021835937,-278.55908459966,20.6194594304063));
#8423=CARTESIAN_POINT('',(-1125.19021835937,-278.55908459966,19.6194594304063));
#8424=CARTESIAN_POINT('',(-1124.69021835937,-278.55908459966,18.6194594304063));
#8425=CARTESIAN_POINT('',(-1122.44021835936,-278.55908459966,18.6194594304063));
#8426=CARTESIAN_POINT('',(-1124.69021835937,-278.55908459966,18.6194594304063));
#8427=CARTESIAN_POINT('',(-1120.19021835936,-278.55908459966,18.6194594304063));
#8428=CARTESIAN_POINT('',(-1122.44021835937,-278.55908459966,21.6194594304063));
#8429=CARTESIAN_POINT('',(-1126.19021835937,-278.55908459966,21.6194594304063));
#8430=CARTESIAN_POINT('',(-1118.69021835937,-278.55908459966,21.6194594304063));
#8431=CARTESIAN_POINT('',(-1116.69021835937,-286.559084599537,2.24245943040634));
#8432=CARTESIAN_POINT('',(-1117.19021835937,-286.559084599537,1.24245943040634));
#8433=CARTESIAN_POINT('',(-1117.69021835937,-286.559084599537,0.242459430406342));
#8434=CARTESIAN_POINT('',(-1118.19021835937,-286.559084599537,-0.757540569593658));
#8435=CARTESIAN_POINT('',(-1114.44021835936,-286.559084599537,-0.757540569593658));
#8436=CARTESIAN_POINT('',(-1118.19021835937,-286.559084599537,-0.757540569593658));
#8437=CARTESIAN_POINT('',(-1110.69021835936,-286.559084599537,-0.757540569593658));
#8438=CARTESIAN_POINT('',(-1114.44021835936,-286.559084599537,2.24245943040634));
#8439=CARTESIAN_POINT('',(-1116.69021835937,-286.559084599537,2.24245943040634));
#8440=CARTESIAN_POINT('',(-1112.19021835936,-286.559084599537,2.24245943040634));
#8441=CARTESIAN_POINT('',(-1114.44021835936,-267.483321850466,1.1708136519622));
#8442=CARTESIAN_POINT('',(-1114.44021835936,-267.263855547149,2.26709579708175));
#8443=CARTESIAN_POINT('',(-1114.44021835936,-267.044389243831,3.3633779422013));
#8444=CARTESIAN_POINT('',(-1114.44021835936,-266.824922940514,4.45966008732085));
#8445=CARTESIAN_POINT('',(-1114.44021835936,-264.412892346957,5.11700962580534));
#8446=CARTESIAN_POINT('',(-1114.44021835936,-266.824922940514,4.45966008732085));
#8447=CARTESIAN_POINT('',(-1114.44021835937,-262.000861753399,5.77435916428983));
#8448=CARTESIAN_POINT('',(-1114.44021835936,-263.624072900775,2.22257291353719));
#8449=CARTESIAN_POINT('',(-1114.44021835936,-267.483321850466,1.1708136519622));
#8450=CARTESIAN_POINT('',(-1114.44021835937,-259.764823951084,3.27433217511218));
#8451=CARTESIAN_POINT('',(-1114.44021835936,-234.019887843881,13.4000005367072));
#8452=CARTESIAN_POINT('',(-1114.44021835936,-234.239354147191,12.3037183915897));
#8453=CARTESIAN_POINT('',(-1114.44021835936,-234.458820450501,11.2074362464722));
#8454=CARTESIAN_POINT('',(-1114.44021835936,-234.678286753811,10.1111541013547));
#8455=CARTESIAN_POINT('',(-1114.44021835937,-230.81903780412,11.1629133629297));
#8456=CARTESIAN_POINT('',(-1114.44021835936,-234.678286753811,10.1111541013547));
#8457=CARTESIAN_POINT('',(-1114.44021835937,-226.959788854429,12.2146726245046));
#8458=CARTESIAN_POINT('',(-1114.44021835937,-231.607857250324,14.0573500751916));
#8459=CARTESIAN_POINT('',(-1114.44021835936,-234.019887843881,13.4000005367072));
#8460=CARTESIAN_POINT('',(-1114.44021835937,-229.195826656767,14.714699613676));
#8461=CARTESIAN_POINT('',(-1107.94021835937,-278.55908459966,18.6194594304064));
#8462=CARTESIAN_POINT('',(-1107.94021835937,-278.55908459966,-1.90000000000007));
#8463=CARTESIAN_POINT('',(-1106.44021835937,-278.55908459966,-1.90000000000002));
#8464=CARTESIAN_POINT('',(-1107.94021835937,-278.55908459966,-1.90000000000002));
#8465=CARTESIAN_POINT('',(-1104.94021835937,-278.55908459966,-1.90000000000002));
#8466=CARTESIAN_POINT('',(-1115.94021835937,-286.559084599537,11.1194594303845));
#8467=CARTESIAN_POINT('',(-1115.94021835936,-286.559084599537,-1.9000000000001));
#8468=CARTESIAN_POINT('',(-1114.44021835937,-286.559084599537,11.1194594303845));
#8469=CARTESIAN_POINT('',(-1115.94021835937,-286.559084599537,11.1194594303845));
#8470=CARTESIAN_POINT('',(-1112.94021835937,-286.559084599537,11.1194594303845));
#8471=CARTESIAN_POINT('',(-1114.44021835936,-286.559084599537,-1.90000000000002));
#8472=CARTESIAN_POINT('',(-1115.94021835937,-286.559084599537,-1.90000000000002));
#8473=CARTESIAN_POINT('',(-1112.94021835936,-286.559084599537,-1.90000000000002));
#8474=CARTESIAN_POINT('',(-1123.94021835937,-294.55908459966,18.6194594304064));
#8475=CARTESIAN_POINT('',(-1123.94021835937,-294.55908459966,-1.90000000000007));
#8476=CARTESIAN_POINT('',(-1122.44021835937,-294.55908459966,-1.90000000000002));
#8477=CARTESIAN_POINT('',(-1123.94021835937,-294.55908459966,-1.90000000000002));
#8478=CARTESIAN_POINT('',(-1120.94021835937,-294.55908459966,-1.90000000000002));
#8479=CARTESIAN_POINT('',(-1123.94021835937,-278.559084599661,18.6194594304064));
#8480=CARTESIAN_POINT('',(-1123.94021835937,-278.559084599661,-1.90000000000007));
#8481=CARTESIAN_POINT('',(-1122.44021835937,-278.559084599661,-1.90000000000002));
#8482=CARTESIAN_POINT('',(-1123.94021835937,-278.559084599661,-1.90000000000002));
#8483=CARTESIAN_POINT('',(-1120.94021835937,-278.55908459966,-1.90000000000002));
#8484=CARTESIAN_POINT('',(-1114.44021835936,-234.019887843858,13.4000005367134));
#8485=CARTESIAN_POINT('',(-1114.44021835936,-236.259933026035,21.6194594304064));
#8486=CARTESIAN_POINT('',(-1114.44021835936,-236.259933026035,21.6194594304063));
#8487=CARTESIAN_POINT('',(-1113.76069279552,-236.259933026035,21.6194594304063));
#8488=CARTESIAN_POINT('',(-1113.11907088033,-235.973917470479,21.6194594304067));
#8489=CARTESIAN_POINT('',(-1112.19191497783,-234.99257998659,21.6194594304067));
#8490=CARTESIAN_POINT('',(-1111.94021835936,-234.339796606107,21.6194594304063));
#8491=CARTESIAN_POINT('',(-1111.94021835936,-233.668755278664,21.6194594304063));
#8492=CARTESIAN_POINT('',(-1111.94021835937,-232.997713951222,21.6194594304063));
#8493=CARTESIAN_POINT('',(-1112.19191497783,-232.34493057074,21.619459430406));
#8494=CARTESIAN_POINT('',(-1113.11907088033,-231.36359308685,21.619459430406));
#8495=CARTESIAN_POINT('',(-1113.76069279552,-231.077577531295,21.6194594304063));
#8496=CARTESIAN_POINT('',(-1114.44021835937,-231.077577531303,21.6194594304063));
#8497=CARTESIAN_POINT('',(-1114.44021835936,-266.824922940514,4.45966008732091));
#8498=CARTESIAN_POINT('',(-1114.44021835936,-271.5014748088,21.6194594304063));
#8499=CARTESIAN_POINT('',(-1114.44021835936,-271.5014748088,21.6194594304063));
#8500=CARTESIAN_POINT('',(-1113.76069279552,-271.501474808799,21.6194594304063));
#8501=CARTESIAN_POINT('',(-1113.11907088032,-271.215459253242,21.6194594304067));
#8502=CARTESIAN_POINT('',(-1112.19191497783,-270.234121769352,21.6194594304067));
#8503=CARTESIAN_POINT('',(-1111.94021835936,-269.581338388872,21.6194594304063));
#8504=CARTESIAN_POINT('',(-1111.94021835936,-268.910297061428,21.6194594304063));
#8505=CARTESIAN_POINT('',(-1111.94021835936,-268.239255733987,21.6194594304063));
#8506=CARTESIAN_POINT('',(-1112.19191497783,-267.586472353502,21.619459430406));
#8507=CARTESIAN_POINT('',(-1113.11907088033,-266.605134869616,21.619459430406));
#8508=CARTESIAN_POINT('',(-1113.76069279552,-266.319119314059,21.6194594304063));
#8509=CARTESIAN_POINT('',(-1114.44021835937,-266.319119314059,21.6194594304063));
#8510=CARTESIAN_POINT('',(-1116.69021835937,-286.559084599537,11.1194594303845));
#8511=CARTESIAN_POINT('',(-1116.69021835937,-286.559084599537,2.24245943040634));
#8512=CARTESIAN_POINT('',(-1114.44021835937,-286.559084599537,11.1194594303845));
#8513=CARTESIAN_POINT('',(-1116.69021835937,-286.559084599537,11.1194594303845));
#8514=CARTESIAN_POINT('',(-1112.19021835937,-286.559084599537,11.1194594303845));
#8515=CARTESIAN_POINT('',(-1108.69021835937,-278.55908459966,18.6194594304063));
#8516=CARTESIAN_POINT('',(-1108.69021835937,-278.55908459966,-0.757540569593658));
#8517=CARTESIAN_POINT('',(-1106.44021835936,-278.55908459966,-0.757540569593658));
#8518=CARTESIAN_POINT('',(-1108.69021835937,-278.55908459966,-0.757540569593658));
#8519=CARTESIAN_POINT('',(-1104.19021835936,-278.55908459966,-0.757540569593658));
#8520=CARTESIAN_POINT('',(-1108.69021835937,-294.55908459966,18.6194594304063));
#8521=CARTESIAN_POINT('',(-1108.69021835937,-294.55908459966,-0.757540569593658));
#8522=CARTESIAN_POINT('',(-1106.44021835937,-294.55908459966,-0.757540569593658));
#8523=CARTESIAN_POINT('',(-1108.69021835937,-294.55908459966,-0.757540569593658));
#8524=CARTESIAN_POINT('',(-1104.19021835937,-294.55908459966,-0.757540569593658));
#8525=CARTESIAN_POINT('',(-1124.69021835937,-278.55908459966,18.6194594304063));
#8526=CARTESIAN_POINT('',(-1124.69021835937,-278.55908459966,-0.757540569593658));
#8527=CARTESIAN_POINT('',(-1122.44021835936,-278.55908459966,-0.757540569593658));
#8528=CARTESIAN_POINT('',(-1124.69021835937,-278.55908459966,-0.757540569593658));
#8529=CARTESIAN_POINT('',(-1120.19021835936,-278.55908459966,-0.757540569593658));
#8530=CARTESIAN_POINT('',(-1124.69021835937,-294.55908459966,18.6194594304063));
#8531=CARTESIAN_POINT('',(-1124.69021835937,-294.55908459966,-0.757540569593658));
#8532=CARTESIAN_POINT('',(-1122.44021835937,-294.55908459966,-0.757540569593658));
#8533=CARTESIAN_POINT('',(-1124.69021835937,-294.55908459966,-0.757540569593658));
#8534=CARTESIAN_POINT('',(-1120.19021835937,-294.55908459966,-0.757540569593658));
#8535=CARTESIAN_POINT('',(-1114.44021835936,-235.482579701824,21.6194594304063));
#8536=CARTESIAN_POINT('',(-1114.44021835936,-229.072832726277,-1.90000000000002));
#8537=CARTESIAN_POINT('',(-1114.44021835936,-235.482579701824,21.6194594304063));
#8538=CARTESIAN_POINT('',(-1113.96455046467,-235.482579701824,21.6194594304063));
#8539=CARTESIAN_POINT('',(-1113.51541512404,-235.282368812934,21.6194594304066));
#8540=CARTESIAN_POINT('',(-1112.86640599229,-234.595432574212,21.6194594304066));
#8541=CARTESIAN_POINT('',(-1112.69021835936,-234.138484207875,21.6194594304063));
#8542=CARTESIAN_POINT('',(-1112.69021835936,-233.668755278665,21.6194594304063));
#8543=CARTESIAN_POINT('',(-1112.69021835936,-233.199026349454,21.6194594304063));
#8544=CARTESIAN_POINT('',(-1112.86640599229,-232.742077983118,21.6194594304061));
#8545=CARTESIAN_POINT('',(-1113.51541512404,-232.055141744396,21.6194594304061));
#8546=CARTESIAN_POINT('',(-1113.96455046467,-231.854930855506,21.6194594304063));
#8547=CARTESIAN_POINT('',(-1114.44021835937,-231.854930855506,21.6194594304063));
#8548=CARTESIAN_POINT('',(-1114.44021835936,-229.072832726277,-1.90000000000002));
#8549=CARTESIAN_POINT('',(-1113.96455046468,-229.072832726277,-1.90000000000002));
#8550=CARTESIAN_POINT('',(-1113.51541512404,-228.872621837385,-1.89999999999979));
#8551=CARTESIAN_POINT('',(-1112.86640599226,-228.185685598637,-1.89999999999979));
#8552=CARTESIAN_POINT('',(-1112.69021835936,-227.728737232365,-1.90000000000002));
#8553=CARTESIAN_POINT('',(-1112.69021835936,-227.259008303117,-1.90000000000002));
#8554=CARTESIAN_POINT('',(-1112.69021835936,-226.789279373868,-1.90000000000002));
#8555=CARTESIAN_POINT('',(-1112.86640599226,-226.332331007598,-1.90000000000024));
#8556=CARTESIAN_POINT('',(-1113.51541512404,-225.645394768849,-1.90000000000024));
#8557=CARTESIAN_POINT('',(-1113.96455046468,-225.445183879958,-1.90000000000002));
#8558=CARTESIAN_POINT('',(-1114.44021835937,-225.445183879958,-1.90000000000002));
#8559=CARTESIAN_POINT('',(-1114.44021835936,-270.724121484588,21.6194594304063));
#8560=CARTESIAN_POINT('',(-1114.44021835936,-264.31437450904,-1.90000000000003));
#8561=CARTESIAN_POINT('',(-1114.44021835936,-270.724121484588,21.6194594304063));
#8562=CARTESIAN_POINT('',(-1113.96455046467,-270.724121484588,21.6194594304063));
#8563=CARTESIAN_POINT('',(-1113.51541512404,-270.523910595698,21.6194594304066));
#8564=CARTESIAN_POINT('',(-1112.86640599229,-269.836974356976,21.6194594304066));
#8565=CARTESIAN_POINT('',(-1112.69021835936,-269.380025990638,21.6194594304063));
#8566=CARTESIAN_POINT('',(-1112.69021835936,-268.910297061428,21.6194594304063));
#8567=CARTESIAN_POINT('',(-1112.69021835936,-268.440568132218,21.6194594304063));
#8568=CARTESIAN_POINT('',(-1112.86640599229,-267.983619765881,21.6194594304061));
#8569=CARTESIAN_POINT('',(-1113.51541512404,-267.29668352716,21.6194594304061));
#8570=CARTESIAN_POINT('',(-1113.96455046467,-267.09647263827,21.6194594304063));
#8571=CARTESIAN_POINT('',(-1114.44021835937,-267.09647263827,21.6194594304063));
#8572=CARTESIAN_POINT('',(-1114.44021835936,-264.31437450904,-1.90000000000002));
#8573=CARTESIAN_POINT('',(-1113.96455046467,-264.31437450904,-1.90000000000002));
#8574=CARTESIAN_POINT('',(-1113.51541512404,-264.114163620149,-1.89999999999979));
#8575=CARTESIAN_POINT('',(-1112.86640599226,-263.4272273814,-1.89999999999979));
#8576=CARTESIAN_POINT('',(-1112.69021835936,-262.970279015129,-1.90000000000002));
#8577=CARTESIAN_POINT('',(-1112.69021835936,-262.500550085881,-1.90000000000002));
#8578=CARTESIAN_POINT('',(-1112.69021835936,-262.030821156631,-1.90000000000002));
#8579=CARTESIAN_POINT('',(-1112.86640599226,-261.573872790362,-1.90000000000025));
#8580=CARTESIAN_POINT('',(-1113.51541512404,-260.886936551613,-1.90000000000025));
#8581=CARTESIAN_POINT('',(-1113.96455046468,-260.686725662722,-1.90000000000002));
#8582=CARTESIAN_POINT('',(-1114.44021835937,-260.686725662722,-1.90000000000002));
#8583=CARTESIAN_POINT('',(-1107.94021835937,-294.55908459966,18.6194594304064));
#8584=CARTESIAN_POINT('',(-1107.94021835937,-294.55908459966,-1.90000000000007));
#8585=CARTESIAN_POINT('',(-1106.44021835937,-294.55908459966,-1.90000000000002));
#8586=CARTESIAN_POINT('',(-1107.94021835937,-294.55908459966,-1.90000000000002));
#8587=CARTESIAN_POINT('',(-1104.94021835937,-294.55908459966,-1.90000000000002));
#8588=CARTESIAN_POINT('',(-1095.36445561018,-286.559084599652,1.1708136519622));
#8589=CARTESIAN_POINT('',(-1095.14498930686,-286.559084599653,2.26709579708175));
#8590=CARTESIAN_POINT('',(-1094.92552300354,-286.559084599653,3.3633779422013));
#8591=CARTESIAN_POINT('',(-1094.70605670023,-286.559084599654,4.45966008732085));
#8592=CARTESIAN_POINT('',(-1092.29402610667,-286.559084599655,5.11700962580542));
#8593=CARTESIAN_POINT('',(-1094.70605670023,-286.559084599654,4.45966008732085));
#8594=CARTESIAN_POINT('',(-1089.88199551311,-286.559084599656,5.77435916429));
#8595=CARTESIAN_POINT('',(-1091.50520666049,-286.559084599655,2.22257291353718));
#8596=CARTESIAN_POINT('',(-1095.36445561018,-286.559084599652,1.1708136519622));
#8597=CARTESIAN_POINT('',(-1087.6459577108,-286.559084599657,3.27433217511216));
#8598=CARTESIAN_POINT('',(-1061.90102160359,-286.55908459966,13.4000005367072));
#8599=CARTESIAN_POINT('',(-1062.1204879069,-286.55908459966,12.3037183915897));
#8600=CARTESIAN_POINT('',(-1062.33995421021,-286.55908459966,11.2074362464722));
#8601=CARTESIAN_POINT('',(-1062.55942051352,-286.559084599659,10.1111541013547));
#8602=CARTESIAN_POINT('',(-1058.70017156383,-286.55908459966,11.1629133629297));
#8603=CARTESIAN_POINT('',(-1062.55942051352,-286.559084599659,10.1111541013547));
#8604=CARTESIAN_POINT('',(-1054.84092261414,-286.559084599662,12.2146726245046));
#8605=CARTESIAN_POINT('',(-1059.48899101004,-286.559084599661,14.0573500751916));
#8606=CARTESIAN_POINT('',(-1061.90102160359,-286.55908459966,13.4000005367072));
#8607=CARTESIAN_POINT('',(-1057.07696041648,-286.559084599661,14.7146996136759));
#8608=CARTESIAN_POINT('',(-1061.90102160357,-286.55908459966,13.4000005367134));
#8609=CARTESIAN_POINT('',(-1064.14106678575,-286.55908459966,21.6194594304064));
#8610=CARTESIAN_POINT('',(-1064.14106678575,-286.55908459966,21.6194594304063));
#8611=CARTESIAN_POINT('',(-1064.14106678575,-285.879559035813,21.6194594304063));
#8612=CARTESIAN_POINT('',(-1063.85505123019,-285.237937120621,21.6194594304067));
#8613=CARTESIAN_POINT('',(-1062.8737137463,-284.310781218125,21.6194594304067));
#8614=CARTESIAN_POINT('',(-1062.22093036582,-284.05908459966,21.6194594304063));
#8615=CARTESIAN_POINT('',(-1061.54988903838,-284.05908459966,21.6194594304063));
#8616=CARTESIAN_POINT('',(-1060.87884771093,-284.05908459966,21.6194594304063));
#8617=CARTESIAN_POINT('',(-1060.22606433045,-284.310781218125,21.619459430406));
#8618=CARTESIAN_POINT('',(-1059.24472684656,-285.237937120623,21.619459430406));
#8619=CARTESIAN_POINT('',(-1058.95871129101,-285.879559035815,21.6194594304063));
#8620=CARTESIAN_POINT('',(-1058.95871129102,-286.559084599661,21.6194594304063));
#8621=CARTESIAN_POINT('',(-1094.70605670023,-286.559084599654,4.45966008732091));
#8622=CARTESIAN_POINT('',(-1099.38260856851,-286.559084599653,21.6194594304063));
#8623=CARTESIAN_POINT('',(-1099.38260856851,-286.559084599653,21.6194594304063));
#8624=CARTESIAN_POINT('',(-1099.38260856851,-285.879559035808,21.6194594304063));
#8625=CARTESIAN_POINT('',(-1099.09659301295,-285.237937120613,21.6194594304067));
#8626=CARTESIAN_POINT('',(-1098.11525552907,-284.310781218117,21.6194594304067));
#8627=CARTESIAN_POINT('',(-1097.46247214858,-284.059084599653,21.6194594304063));
#8628=CARTESIAN_POINT('',(-1096.79143082114,-284.059084599654,21.6194594304063));
#8629=CARTESIAN_POINT('',(-1096.1203894937,-284.059084599654,21.6194594304063));
#8630=CARTESIAN_POINT('',(-1095.46760611322,-284.31078121812,21.619459430406));
#8631=CARTESIAN_POINT('',(-1094.48626862933,-285.237937120615,21.619459430406));
#8632=CARTESIAN_POINT('',(-1094.20025307377,-285.879559035811,21.6194594304063));
#8633=CARTESIAN_POINT('',(-1094.20025307377,-286.559084599655,21.6194594304063));
#8634=CARTESIAN_POINT('',(-1063.36371346154,-286.55908459966,21.6194594304063));
#8635=CARTESIAN_POINT('',(-1056.95396648599,-286.559084599661,-1.90000000000002));
#8636=CARTESIAN_POINT('',(-1063.36371346154,-286.55908459966,21.6194594304063));
#8637=CARTESIAN_POINT('',(-1063.36371346154,-286.083416704969,21.6194594304063));
#8638=CARTESIAN_POINT('',(-1063.16350257265,-285.634281364332,21.6194594304066));
#8639=CARTESIAN_POINT('',(-1062.47656633392,-284.985272232584,21.6194594304066));
#8640=CARTESIAN_POINT('',(-1062.01961796759,-284.80908459966,21.6194594304063));
#8641=CARTESIAN_POINT('',(-1061.54988903838,-284.80908459966,21.6194594304063));
#8642=CARTESIAN_POINT('',(-1061.08016010917,-284.80908459966,21.6194594304063));
#8643=CARTESIAN_POINT('',(-1060.62321174283,-284.985272232585,21.6194594304061));
#8644=CARTESIAN_POINT('',(-1059.93627550411,-285.634281364333,21.6194594304061));
#8645=CARTESIAN_POINT('',(-1059.73606461522,-286.08341670497,21.6194594304063));
#8646=CARTESIAN_POINT('',(-1059.73606461522,-286.559084599661,21.6194594304063));
#8647=CARTESIAN_POINT('',(-1056.95396648599,-286.559084599661,-1.90000000000002));
#8648=CARTESIAN_POINT('',(-1056.95396648599,-286.083416704972,-1.90000000000002));
#8649=CARTESIAN_POINT('',(-1056.7537555971,-285.634281364331,-1.89999999999979));
#8650=CARTESIAN_POINT('',(-1056.06681935835,-284.98527223256,-1.89999999999979));
#8651=CARTESIAN_POINT('',(-1055.60987099208,-284.80908459966,-1.90000000000002));
#8652=CARTESIAN_POINT('',(-1055.14014206283,-284.809084599661,-1.90000000000002));
#8653=CARTESIAN_POINT('',(-1054.67041313358,-284.809084599661,-1.90000000000002));
#8654=CARTESIAN_POINT('',(-1054.21346476731,-284.985272232559,-1.90000000000024));
#8655=CARTESIAN_POINT('',(-1053.52652852856,-285.634281364333,-1.90000000000024));
#8656=CARTESIAN_POINT('',(-1053.32631763967,-286.083416704972,-1.90000000000002));
#8657=CARTESIAN_POINT('',(-1053.32631763967,-286.559084599662,-1.90000000000002));
#8658=CARTESIAN_POINT('',(-1098.6052552443,-286.559084599653,21.6194594304063));
#8659=CARTESIAN_POINT('',(-1092.19550826875,-286.559084599654,-1.90000000000003));
#8660=CARTESIAN_POINT('',(-1098.6052552443,-286.559084599653,21.6194594304063));
#8661=CARTESIAN_POINT('',(-1098.6052552443,-286.083416704962,21.6194594304063));
#8662=CARTESIAN_POINT('',(-1098.40504435541,-285.634281364326,21.6194594304066));
#8663=CARTESIAN_POINT('',(-1097.71810811669,-284.985272232578,21.6194594304066));
#8664=CARTESIAN_POINT('',(-1097.26115975035,-284.809084599653,21.6194594304063));
#8665=CARTESIAN_POINT('',(-1096.79143082114,-284.809084599654,21.6194594304063));
#8666=CARTESIAN_POINT('',(-1096.32170189193,-284.809084599654,21.6194594304063));
#8667=CARTESIAN_POINT('',(-1095.86475352559,-284.985272232579,21.6194594304061));
#8668=CARTESIAN_POINT('',(-1095.17781728687,-285.634281364327,21.6194594304061));
#8669=CARTESIAN_POINT('',(-1094.97760639798,-286.083416704964,21.6194594304063));
#8670=CARTESIAN_POINT('',(-1094.97760639798,-286.559084599655,21.6194594304063));
#8671=CARTESIAN_POINT('',(-1092.19550826875,-286.559084599654,-1.90000000000002));
#8672=CARTESIAN_POINT('',(-1092.19550826875,-286.083416704965,-1.90000000000002));
#8673=CARTESIAN_POINT('',(-1091.99529737986,-285.634281364325,-1.89999999999979));
#8674=CARTESIAN_POINT('',(-1091.30836114111,-284.985272232554,-1.89999999999979));
#8675=CARTESIAN_POINT('',(-1090.85141277484,-284.809084599655,-1.90000000000002));
#8676=CARTESIAN_POINT('',(-1090.38168384559,-284.809084599655,-1.90000000000002));
#8677=CARTESIAN_POINT('',(-1089.91195491634,-284.809084599655,-1.90000000000002));
#8678=CARTESIAN_POINT('',(-1089.45500655007,-284.985272232554,-1.90000000000025));
#8679=CARTESIAN_POINT('',(-1088.76807031133,-285.634281364327,-1.90000000000025));
#8680=CARTESIAN_POINT('',(-1088.56785942244,-286.083416704967,-1.90000000000002));
#8681=CARTESIAN_POINT('',(-1088.56785942244,-286.559084599656,-1.90000000000002));
#8682=CARTESIAN_POINT('',(-1040.20982886899,-214.678850176434,1.85972971520317));
#8683=CARTESIAN_POINT('',(-1040.20982886899,-130.003791682008,-1.90000000000179));
#8684=CARTESIAN_POINT('',(-1040.20982886899,-214.678850176434,-1.90000000000002));
#8685=CARTESIAN_POINT('',(-979.598998634558,-214.678850176434,-1.90000000000002));
#8686=CARTESIAN_POINT('',(-955.534770374564,-190.61462191644,-1.90000000000051));
#8687=CARTESIAN_POINT('',(-955.534770374564,-130.003791682008,-1.90000000000179));
#8688=CARTESIAN_POINT('',(-955.534770374564,-214.678850176434,-1.90000000000001));
#8689=CARTESIAN_POINT('',(-980.197220473436,-185.806101252423,2.35854289969956));
#8690=CARTESIAN_POINT('',(-978.118351013273,-191.614042028517,-38.1393328421195));
#8691=CARTESIAN_POINT('',(-975.119918806599,-193.735362372093,2.24834034440752));
#8692=CARTESIAN_POINT('',(-979.453063968236,-192.949069341203,-38.1103629703516));
#8693=CARTESIAN_POINT('',(-981.013878597716,-194.69585997,2.37626841966887));
#8694=CARTESIAN_POINT('',(-982.821211155519,-188.245101559747,-38.0372575196627));
#8695=CARTESIAN_POINT('',(-1038.40982886899,-131.803791682008,0.0999999999982641));
#8696=CARTESIAN_POINT('',(-1038.40982886899,-212.878850176434,0.0999999999980119));
#8697=CARTESIAN_POINT('',(-980.344583046829,-212.878850176434,0.0999999999980119));
#8698=CARTESIAN_POINT('',(-957.334770374565,-189.869037504169,0.099999999998083));
#8699=CARTESIAN_POINT('',(-957.334770374564,-131.803791682008,0.0999999999982641));
#8700=CARTESIAN_POINT('',(-947.200388062761,-121.669409370205,0.0999999999982956));
#8701=CARTESIAN_POINT('',(-1030.20982886899,-140.003791682008,10.5999999999984));
#8702=CARTESIAN_POINT('',(-1020.20982886899,-140.003791682008,10.5999999999984));
#8703=CARTESIAN_POINT('',(-1020.20982886899,-150.003791682008,10.5999999999986));
#8704=CARTESIAN_POINT('',(-1030.20982886899,-150.003791682008,10.5999999999986));
#8705=CARTESIAN_POINT('',(-1030.20982886899,-140.003791682008,10.5999999999984));
#8706=CARTESIAN_POINT('',(-1031.20982886899,-140.003791682008,1.09999999999842));
#8707=CARTESIAN_POINT('',(-1020.20982886899,-139.003791682008,1.0999999999984));
#8708=CARTESIAN_POINT('',(-1019.20982886899,-150.003791682008,1.09999999999862));
#8709=CARTESIAN_POINT('',(-1030.20982886899,-151.003791682008,1.09999999999865));
#8710=CARTESIAN_POINT('',(-1019.76261527349,-153.003791681886,-0.623606797751126));
#8711=CARTESIAN_POINT('',(-1019.76261527349,-150.451005277386,-0.623606797751158));
#8712=CARTESIAN_POINT('',(-1017.20982886899,-150.451005277386,-0.623606797751154));
#8713=CARTESIAN_POINT('',(-1014.65704246449,-150.451005277385,-0.623606797751163));
#8714=CARTESIAN_POINT('',(-1014.65704246449,-153.003791681885,-0.623606797751226));
#8715=CARTESIAN_POINT('',(-1018.26261527349,-153.003791681884,2.37639320224887));
#8716=CARTESIAN_POINT('',(-1018.26261527349,-151.951005277385,2.37639320224892));
#8717=CARTESIAN_POINT('',(-1017.20982886899,-151.951005277385,2.37639320224886));
#8718=CARTESIAN_POINT('',(-1016.15704246449,-151.951005277385,2.37639320224892));
#8719=CARTESIAN_POINT('',(-1016.15704246449,-153.003791681885,2.37639320224872));
#8720=CARTESIAN_POINT('',(-1018.70982886899,-151.503791681885,2.09999999999874));
#8721=CARTESIAN_POINT('',(-1014.65704246449,-153.003791681885,-0.623606797751226));
#8722=CARTESIAN_POINT('',(-1014.65704246449,-155.556578086384,-0.623606797751373));
#8723=CARTESIAN_POINT('',(-1017.20982886899,-155.556578086385,-0.623606797751296));
#8724=CARTESIAN_POINT('',(-1019.76261527349,-155.556578086385,-0.623606797751256));
#8725=CARTESIAN_POINT('',(-1019.76261527349,-153.003791681886,-0.623606797751127));
#8726=CARTESIAN_POINT('',(-1016.15704246449,-153.003791681885,2.37639320224872));
#8727=CARTESIAN_POINT('',(-1016.15704246449,-154.056578086384,2.37639320224878));
#8728=CARTESIAN_POINT('',(-1017.20982886899,-154.056578086384,2.37639320224871));
#8729=CARTESIAN_POINT('',(-1018.26261527349,-154.056578086384,2.37639320224885));
#8730=CARTESIAN_POINT('',(-1018.26261527349,-153.003791681885,2.37639320224887));
#8731=CARTESIAN_POINT('',(-1035.76261527349,-137.003791681886,-0.623606797751095));
#8732=CARTESIAN_POINT('',(-1035.76261527349,-134.451005277386,-0.623606797750985));
#8733=CARTESIAN_POINT('',(-1033.20982886899,-134.451005277386,-0.623606797751128));
#8734=CARTESIAN_POINT('',(-1030.65704246449,-134.451005277385,-0.623606797751249));
#8735=CARTESIAN_POINT('',(-1030.65704246449,-137.003791681885,-0.623606797751144));
#8736=CARTESIAN_POINT('',(-1034.26261527349,-137.003791681885,2.37639320224891));
#8737=CARTESIAN_POINT('',(-1034.26261527349,-135.951005277385,2.37639320224886));
#8738=CARTESIAN_POINT('',(-1033.20982886899,-135.951005277385,2.3763932022489));
#8739=CARTESIAN_POINT('',(-1032.15704246449,-135.951005277385,2.37639320224887));
#8740=CARTESIAN_POINT('',(-1032.15704246449,-137.003791681885,2.37639320224871));
#8741=CARTESIAN_POINT('',(-1034.70982886899,-135.503791681885,2.09999999999877));
#8742=CARTESIAN_POINT('',(-1030.65704246449,-137.003791681885,-0.623606797751144));
#8743=CARTESIAN_POINT('',(-1030.65704246449,-139.556578086384,-0.623606797751337));
#8744=CARTESIAN_POINT('',(-1033.20982886899,-139.556578086385,-0.623606797751264));
#8745=CARTESIAN_POINT('',(-1035.76261527349,-139.556578086385,-0.623606797751217));
#8746=CARTESIAN_POINT('',(-1035.76261527349,-137.003791681885,-0.623606797751094));
#8747=CARTESIAN_POINT('',(-1032.15704246449,-137.003791681885,2.37639320224871));
#8748=CARTESIAN_POINT('',(-1032.15704246449,-138.056578086385,2.37639320224864));
#8749=CARTESIAN_POINT('',(-1033.20982886899,-138.056578086384,2.37639320224875));
#8750=CARTESIAN_POINT('',(-1034.26261527349,-138.056578086384,2.37639320224877));
#8751=CARTESIAN_POINT('',(-1034.26261527349,-137.003791681885,2.37639320224891));
#8752=CARTESIAN_POINT('',(-1025.20982886899,-145.003791682008,12.6000000000205));
#8753=CARTESIAN_POINT('',(-1026.70982886899,-146.503791682008,14.6000000000205));
#8754=CARTESIAN_POINT('',(-1025.20982886899,-145.003791682009,12.6000000000205));
#8755=CARTESIAN_POINT('',(-1035.76261527349,-153.003791681885,-0.623606797751126));
#8756=CARTESIAN_POINT('',(-1035.76261527349,-150.451005277386,-0.623606797751017));
#8757=CARTESIAN_POINT('',(-1033.20982886899,-150.451005277385,-0.623606797751154));
#8758=CARTESIAN_POINT('',(-1030.65704246449,-150.451005277385,-0.623606797751265));
#8759=CARTESIAN_POINT('',(-1030.65704246449,-153.003791681885,-0.623606797751176));
#8760=CARTESIAN_POINT('',(-1034.26261527349,-153.003791681884,2.37639320224887));
#8761=CARTESIAN_POINT('',(-1034.26261527349,-151.951005277385,2.37639320224882));
#8762=CARTESIAN_POINT('',(-1033.20982886899,-151.951005277385,2.37639320224886));
#8763=CARTESIAN_POINT('',(-1032.15704246449,-151.951005277385,2.37639320224883));
#8764=CARTESIAN_POINT('',(-1032.15704246449,-153.003791681884,2.37639320224867));
#8765=CARTESIAN_POINT('',(-1034.70982886899,-151.503791681885,2.09999999999874));
#8766=CARTESIAN_POINT('',(-1030.65704246449,-153.003791681885,-0.623606797751176));
#8767=CARTESIAN_POINT('',(-1030.65704246449,-155.556578086384,-0.623606797751375));
#8768=CARTESIAN_POINT('',(-1033.20982886899,-155.556578086385,-0.623606797751296));
#8769=CARTESIAN_POINT('',(-1035.76261527349,-155.556578086385,-0.623606797751242));
#8770=CARTESIAN_POINT('',(-1035.76261527349,-153.003791681885,-0.623606797751126));
#8771=CARTESIAN_POINT('',(-1032.15704246449,-153.003791681884,2.37639320224867));
#8772=CARTESIAN_POINT('',(-1032.15704246449,-154.056578086384,2.37639320224863));
#8773=CARTESIAN_POINT('',(-1033.20982886899,-154.056578086384,2.37639320224871));
#8774=CARTESIAN_POINT('',(-1034.26261527349,-154.056578086384,2.37639320224875));
#8775=CARTESIAN_POINT('',(-1034.26261527349,-153.003791681884,2.37639320224887));
#8776=CARTESIAN_POINT('',(-1019.76261527349,-137.003791681886,-0.62360679775119));
#8777=CARTESIAN_POINT('',(-1019.76261527349,-134.451005277386,-0.623606797751135));
#8778=CARTESIAN_POINT('',(-1017.20982886899,-134.451005277386,-0.62360679775113));
#8779=CARTESIAN_POINT('',(-1014.65704246449,-134.451005277385,-0.623606797751056));
#8780=CARTESIAN_POINT('',(-1014.65704246449,-137.003791681885,-0.62360679775124));
#8781=CARTESIAN_POINT('',(-1018.26261527349,-137.003791681885,2.37639320224886));
#8782=CARTESIAN_POINT('',(-1018.26261527349,-135.951005277385,2.37639320224888));
#8783=CARTESIAN_POINT('',(-1017.20982886899,-135.951005277385,2.37639320224889));
#8784=CARTESIAN_POINT('',(-1016.15704246449,-135.951005277385,2.37639320224903));
#8785=CARTESIAN_POINT('',(-1016.15704246449,-137.003791681885,2.37639320224876));
#8786=CARTESIAN_POINT('',(-1018.70982886899,-135.503791681885,2.09999999999877));
#8787=CARTESIAN_POINT('',(-1014.65704246449,-137.003791681885,-0.62360679775124));
#8788=CARTESIAN_POINT('',(-1014.65704246449,-139.556578086384,-0.623606797751299));
#8789=CARTESIAN_POINT('',(-1017.20982886899,-139.556578086385,-0.623606797751259));
#8790=CARTESIAN_POINT('',(-1019.76261527349,-139.556578086385,-0.623606797751125));
#8791=CARTESIAN_POINT('',(-1019.76261527349,-137.003791681885,-0.62360679775119));
#8792=CARTESIAN_POINT('',(-1016.15704246449,-137.003791681885,2.37639320224876));
#8793=CARTESIAN_POINT('',(-1016.15704246449,-138.056578086384,2.37639320224878));
#8794=CARTESIAN_POINT('',(-1017.20982886899,-138.056578086384,2.37639320224874));
#8795=CARTESIAN_POINT('',(-1018.26261527349,-138.056578086384,2.37639320224873));
#8796=CARTESIAN_POINT('',(-1018.26261527349,-137.003791681885,2.37639320224886));
#8797=CARTESIAN_POINT('',(-1025.20982886899,-199.225539307328,-0.268530092304492));
#8798=CARTESIAN_POINT('',(-1025.20982886899,-200.540238384297,4.55553109480928));
#8799=CARTESIAN_POINT('',(-1024.87016157926,-199.225592877141,-0.26854469165983));
#8800=CARTESIAN_POINT('',(-1024.87016157926,-200.54029195411,4.55551649545395));
#8801=CARTESIAN_POINT('',(-1024.54923264793,-199.078550710988,-0.283034738115256));
#8802=CARTESIAN_POINT('',(-1024.54923264793,-200.393249787957,4.54102644899851));
#8803=CARTESIAN_POINT('',(-1024.31672602378,-198.825652533766,-0.308016613582963));
#8804=CARTESIAN_POINT('',(-1024.31672602378,-200.140351610735,4.51604457353081));
#8805=CARTESIAN_POINT('',(-1024.08570211885,-198.574426781829,-0.332856488984295));
#8806=CARTESIAN_POINT('',(-1024.08570211885,-199.889125858798,4.49120469812953));
#8807=CARTESIAN_POINT('',(-1023.95983013354,-198.238889967961,-0.365944721030529));
#8808=CARTESIAN_POINT('',(-1023.95983013354,-199.55358904493,4.45811646608322));
#8809=CARTESIAN_POINT('',(-1023.95982886899,-197.89412100288,-0.400000000001286));
#8810=CARTESIAN_POINT('',(-1023.95982886899,-199.208820079849,4.42406118711249));
#8811=CARTESIAN_POINT('',(-1023.95983013354,-197.549352037799,-0.434055278971852));
#8812=CARTESIAN_POINT('',(-1023.95983013354,-198.864051114768,4.39000590814189));
#8813=CARTESIAN_POINT('',(-1024.08570211885,-197.213815223931,-0.467143511018322));
#8814=CARTESIAN_POINT('',(-1024.08570211885,-198.5285143009,4.35691767609544));
#8815=CARTESIAN_POINT('',(-1024.31672602378,-196.962589471994,-0.491983386419652));
#8816=CARTESIAN_POINT('',(-1024.31672602378,-198.277288548963,4.33207780069412));
#8817=CARTESIAN_POINT('',(-1024.54923264793,-196.709691294772,-0.516965261887444));
#8818=CARTESIAN_POINT('',(-1024.54923264793,-198.024390371741,4.30709592522633));
#8819=CARTESIAN_POINT('',(-1024.87016157926,-196.562649128619,-0.531455308342815));
#8820=CARTESIAN_POINT('',(-1024.87016157926,-197.877348205588,4.29260587877096));
#8821=CARTESIAN_POINT('',(-1025.20982886899,-196.562702698432,-0.531469907698228));
#8822=CARTESIAN_POINT('',(-1025.20982886899,-197.877401775401,4.29259127941554));
#8823=CARTESIAN_POINT('',(-1025.20982886899,-196.562702698432,-0.531469907698228));
#8824=CARTESIAN_POINT('',(-1025.20982886899,-197.877401775401,4.29259127941554));
#8825=CARTESIAN_POINT('',(-1025.54949615872,-196.562649128619,-0.531455308342863));
#8826=CARTESIAN_POINT('',(-1025.54949615871,-197.877348205588,4.2926058787709));
#8827=CARTESIAN_POINT('',(-1025.87042509005,-196.709691294772,-0.516965261887492));
#8828=CARTESIAN_POINT('',(-1025.87042509005,-198.024390371741,4.30709592522628));
#8829=CARTESIAN_POINT('',(-1026.1029317142,-196.962589471994,-0.491983386419759));
#8830=CARTESIAN_POINT('',(-1026.1029317142,-198.277288548963,4.33207780069402));
#8831=CARTESIAN_POINT('',(-1026.33395561912,-197.213815223929,-0.467143511018199));
#8832=CARTESIAN_POINT('',(-1026.33395561912,-198.528514300898,4.35691767609552));
#8833=CARTESIAN_POINT('',(-1026.45982760444,-197.549352037802,-0.434055278972642));
#8834=CARTESIAN_POINT('',(-1026.45982760444,-198.864051114771,4.39000590814116));
#8835=CARTESIAN_POINT('',(-1026.45982886899,-197.89412100288,-0.400000000001419));
#8836=CARTESIAN_POINT('',(-1026.45982886899,-199.208820079848,4.42406118711235));
#8837=CARTESIAN_POINT('',(-1026.45982760444,-198.238889967959,-0.365944721030436));
#8838=CARTESIAN_POINT('',(-1026.45982760444,-199.553589044928,4.45811646608329));
#8839=CARTESIAN_POINT('',(-1026.33395561913,-198.57442678183,-0.332856488984562));
#8840=CARTESIAN_POINT('',(-1026.33395561912,-199.889125858799,4.4912046981293));
#8841=CARTESIAN_POINT('',(-1026.1029317142,-198.825652533766,-0.308016613583085));
#8842=CARTESIAN_POINT('',(-1026.1029317142,-200.140351610735,4.51604457353069));
#8843=CARTESIAN_POINT('',(-1025.87042509005,-199.078550710988,-0.283034738115313));
#8844=CARTESIAN_POINT('',(-1025.87042509004,-200.393249787957,4.54102644899845));
#8845=CARTESIAN_POINT('',(-1025.54949615872,-199.225592877141,-0.268544691659876));
#8846=CARTESIAN_POINT('',(-1025.54949615872,-200.540291954109,4.5555164954539));
#8847=CARTESIAN_POINT('',(-1025.20982886899,-199.225539307328,-0.268530092304492));
#8848=CARTESIAN_POINT('',(-1025.20982886899,-200.540238384297,4.55553109480928));
#8849=CARTESIAN_POINT('',(-1025.20982886899,-163.983997524564,-0.268530092304417));
#8850=CARTESIAN_POINT('',(-1025.20982886899,-165.298696601532,4.55553109480935));
#8851=CARTESIAN_POINT('',(-1024.87016157926,-163.984051094377,-0.268544691659747));
#8852=CARTESIAN_POINT('',(-1024.87016157926,-165.298750171345,4.555516495454));
#8853=CARTESIAN_POINT('',(-1024.54923264793,-163.837008928224,-0.28303473811515));
#8854=CARTESIAN_POINT('',(-1024.54923264793,-165.151708005193,4.54102644899864));
#8855=CARTESIAN_POINT('',(-1024.31672602378,-163.584110751002,-0.30801661358286));
#8856=CARTESIAN_POINT('',(-1024.31672602378,-164.898809827971,4.51604457353091));
#8857=CARTESIAN_POINT('',(-1024.08570211885,-163.332884999066,-0.332856488984224));
#8858=CARTESIAN_POINT('',(-1024.08570211885,-164.647584076035,4.49120469812949));
#8859=CARTESIAN_POINT('',(-1023.95983013354,-162.997348185197,-0.365944721030412));
#8860=CARTESIAN_POINT('',(-1023.95983013354,-164.312047262165,4.45811646608345));
#8861=CARTESIAN_POINT('',(-1023.95982886899,-162.652579220117,-0.400000000001182));
#8862=CARTESIAN_POINT('',(-1023.95982886899,-163.967278297085,4.42406118711259));
#8863=CARTESIAN_POINT('',(-1023.95983013354,-162.307810255036,-0.434055278971987));
#8864=CARTESIAN_POINT('',(-1023.95983013354,-163.622509332005,4.39000590814178));
#8865=CARTESIAN_POINT('',(-1024.08570211885,-161.972273441167,-0.46714351101823));
#8866=CARTESIAN_POINT('',(-1024.08570211885,-163.286972518136,4.3569176760955));
#8867=CARTESIAN_POINT('',(-1024.31672602378,-161.72104768923,-0.491983386419579));
#8868=CARTESIAN_POINT('',(-1024.31672602378,-163.035746766199,4.3320778006942));
#8869=CARTESIAN_POINT('',(-1024.54923264793,-161.468149512008,-0.516965261887339));
#8870=CARTESIAN_POINT('',(-1024.54923264793,-162.782848588977,4.30709592522642));
#8871=CARTESIAN_POINT('',(-1024.87016157926,-161.321107345856,-0.531455308342779));
#8872=CARTESIAN_POINT('',(-1024.87016157926,-162.635806422824,4.29260587877099));
#8873=CARTESIAN_POINT('',(-1025.20982886899,-161.321160915668,-0.531469907698161));
#8874=CARTESIAN_POINT('',(-1025.20982886899,-162.635859992637,4.29259127941561));
#8875=CARTESIAN_POINT('',(-1025.20982886899,-161.321160915668,-0.531469907698161));
#8876=CARTESIAN_POINT('',(-1025.20982886899,-162.635859992637,4.2925912794156));
#8877=CARTESIAN_POINT('',(-1025.54949615871,-161.321107345855,-0.531455308342824));
#8878=CARTESIAN_POINT('',(-1025.54949615871,-162.635806422824,4.29260587877093));
#8879=CARTESIAN_POINT('',(-1025.87042509005,-161.468149512008,-0.516965261887398));
#8880=CARTESIAN_POINT('',(-1025.87042509004,-162.782848588977,4.30709592522638));
#8881=CARTESIAN_POINT('',(-1026.1029317142,-161.72104768923,-0.491983386419693));
#8882=CARTESIAN_POINT('',(-1026.1029317142,-163.035746766199,4.33207780069406));
#8883=CARTESIAN_POINT('',(-1026.33395561912,-161.972273441166,-0.467143511018442));
#8884=CARTESIAN_POINT('',(-1026.33395561912,-163.286972518135,4.35691767609534));
#8885=CARTESIAN_POINT('',(-1026.45982760444,-162.307810255035,-0.434055278972202));
#8886=CARTESIAN_POINT('',(-1026.45982760444,-163.622509332004,4.39000590814156));
#8887=CARTESIAN_POINT('',(-1026.45982886899,-162.652579220116,-0.400000000001396));
#8888=CARTESIAN_POINT('',(-1026.45982886899,-163.967278297084,4.42406118711237));
#8889=CARTESIAN_POINT('',(-1026.45982760444,-162.997348185195,-0.365944721030439));
#8890=CARTESIAN_POINT('',(-1026.45982760444,-164.312047262163,4.4581164660833));
#8891=CARTESIAN_POINT('',(-1026.33395561912,-163.332884999065,-0.332856488984451));
#8892=CARTESIAN_POINT('',(-1026.33395561912,-164.647584076034,4.49120469812933));
#8893=CARTESIAN_POINT('',(-1026.1029317142,-163.584110751001,-0.308016613583017));
#8894=CARTESIAN_POINT('',(-1026.1029317142,-164.89880982797,4.51604457353075));
#8895=CARTESIAN_POINT('',(-1025.87042509005,-163.837008928223,-0.283034738115287));
#8896=CARTESIAN_POINT('',(-1025.87042509005,-165.151708005192,4.54102644899848));
#8897=CARTESIAN_POINT('',(-1025.54949615871,-163.984051094377,-0.268544691659794));
#8898=CARTESIAN_POINT('',(-1025.54949615872,-165.298750171345,4.55551649545397));
#8899=CARTESIAN_POINT('',(-1025.20982886899,-163.983997524564,-0.268530092304417));
#8900=CARTESIAN_POINT('',(-1025.20982886899,-165.298696601532,4.55553109480935));
#8901=CARTESIAN_POINT('',(-1031.86244338469,-203.963148309764,1.09999999999871));
#8902=CARTESIAN_POINT('',(-1031.86244338469,-203.963148309764,1.09999999999871));
#8903=CARTESIAN_POINT('',(-970.98808124367,-145.003791682009,-0.268530092304382));
#8904=CARTESIAN_POINT('',(-970.988027673857,-145.343458971734,-0.268544691659664));
#8905=CARTESIAN_POINT('',(-971.13506984001,-145.664387903064,-0.283034738115243));
#8906=CARTESIAN_POINT('',(-971.387968017232,-145.89689452722,-0.30801661358285));
#8907=CARTESIAN_POINT('',(-971.639193769168,-146.127918432144,-0.332856488984228));
#8908=CARTESIAN_POINT('',(-971.974730583038,-146.253790417461,-0.365944721030391));
#8909=CARTESIAN_POINT('',(-972.319499548118,-146.253791682009,-0.400000000001206));
#8910=CARTESIAN_POINT('',(-972.6642685132,-146.253790417461,-0.434055278971859));
#8911=CARTESIAN_POINT('',(-972.999805327067,-146.127918432145,-0.467143511018194));
#8912=CARTESIAN_POINT('',(-973.251031079004,-145.896894527221,-0.491983386419581));
#8913=CARTESIAN_POINT('',(-973.503929256226,-145.664387903065,-0.516965261887334));
#8914=CARTESIAN_POINT('',(-973.650971422379,-145.343458971734,-0.531455308342738));
#8915=CARTESIAN_POINT('',(-973.650917852566,-145.003791682008,-0.531469907698118));
#8916=CARTESIAN_POINT('',(-969.673382166702,-145.003791682009,4.5555310948094));
#8917=CARTESIAN_POINT('',(-969.673328596888,-145.343458971734,4.5555164954541));
#8918=CARTESIAN_POINT('',(-969.820370763042,-145.664387903064,4.54102644899856));
#8919=CARTESIAN_POINT('',(-970.073268940263,-145.896894527221,4.51604457353093));
#8920=CARTESIAN_POINT('',(-970.324494692201,-146.127918432145,4.49120469812956));
#8921=CARTESIAN_POINT('',(-970.660031506068,-146.253790417461,4.45811646608339));
#8922=CARTESIAN_POINT('',(-971.004800471149,-146.253791682009,4.42406118711257));
#8923=CARTESIAN_POINT('',(-971.349569436231,-146.253790417462,4.39000590814191));
#8924=CARTESIAN_POINT('',(-971.685106250098,-146.127918432145,4.3569176760956));
#8925=CARTESIAN_POINT('',(-971.936332002035,-145.896894527221,4.33207780069419));
#8926=CARTESIAN_POINT('',(-972.189230179257,-145.664387903065,4.30709592522647));
#8927=CARTESIAN_POINT('',(-972.336272345411,-145.343458971734,4.29260587877104));
#8928=CARTESIAN_POINT('',(-972.336218775597,-145.003791682009,4.29259127941566));
#8929=CARTESIAN_POINT('',(-973.650917852566,-145.003791682008,-0.531469907698118));
#8930=CARTESIAN_POINT('',(-973.650971422379,-144.664124392283,-0.531455308342763));
#8931=CARTESIAN_POINT('',(-973.503929256226,-144.343195460952,-0.516965261887332));
#8932=CARTESIAN_POINT('',(-973.251031079004,-144.110688836796,-0.49198338641965));
#8933=CARTESIAN_POINT('',(-972.999805327069,-143.879664931873,-0.467143511018117));
#8934=CARTESIAN_POINT('',(-972.664268513197,-143.753792946554,-0.434055278972449));
#8935=CARTESIAN_POINT('',(-972.319499548119,-143.753791682007,-0.400000000001294));
#8936=CARTESIAN_POINT('',(-971.974730583039,-143.753792946555,-0.365944721030253));
#8937=CARTESIAN_POINT('',(-971.639193769168,-143.879664931873,-0.332856488984433));
#8938=CARTESIAN_POINT('',(-971.387968017232,-144.110688836796,-0.30801661358295));
#8939=CARTESIAN_POINT('',(-971.13506984001,-144.343195460952,-0.283034738115212));
#8940=CARTESIAN_POINT('',(-970.988027673857,-144.664124392282,-0.268544691659729));
#8941=CARTESIAN_POINT('',(-970.98808124367,-145.003791682008,-0.268530092304382));
#8942=CARTESIAN_POINT('',(-972.336218775597,-145.003791682009,4.29259127941566));
#8943=CARTESIAN_POINT('',(-972.336272345411,-144.664124392284,4.29260587877101));
#8944=CARTESIAN_POINT('',(-972.189230179257,-144.343195460953,4.30709592522645));
#8945=CARTESIAN_POINT('',(-971.936332002035,-144.110688836797,4.33207780069414));
#8946=CARTESIAN_POINT('',(-971.685106250101,-143.879664931873,4.35691767609563));
#8947=CARTESIAN_POINT('',(-971.349569436227,-143.753792946555,4.39000590814135));
#8948=CARTESIAN_POINT('',(-971.00480047115,-143.753791682008,4.42406118711249));
#8949=CARTESIAN_POINT('',(-970.66003150607,-143.753792946555,4.45811646608352));
#8950=CARTESIAN_POINT('',(-970.324494692199,-143.879664931873,4.49120469812934));
#8951=CARTESIAN_POINT('',(-970.073268940264,-144.110688836797,4.51604457353083));
#8952=CARTESIAN_POINT('',(-969.820370763041,-144.343195460953,4.54102644899856));
#8953=CARTESIAN_POINT('',(-969.673328596889,-144.664124392282,4.55551649545407));
#8954=CARTESIAN_POINT('',(-969.673382166701,-145.003791682008,4.5555310948094));
#8955=CARTESIAN_POINT('',(-1006.22962302643,-145.003791682009,-0.268530092304382));
#8956=CARTESIAN_POINT('',(-1006.22956945662,-145.343458971734,-0.268544691659708));
#8957=CARTESIAN_POINT('',(-1006.37661162277,-145.664387903065,-0.283034738115096));
#8958=CARTESIAN_POINT('',(-1006.6295098,-145.896894527221,-0.30801661358282));
#8959=CARTESIAN_POINT('',(-1006.88073555193,-146.127918432144,-0.332856488984242));
#8960=CARTESIAN_POINT('',(-1007.2162723658,-146.253790417462,-0.365944721030354));
#8961=CARTESIAN_POINT('',(-1007.56104133088,-146.253791682009,-0.400000000001145));
#8962=CARTESIAN_POINT('',(-1007.90581029596,-146.253790417462,-0.434055278971994));
#8963=CARTESIAN_POINT('',(-1008.24134710983,-146.127918432145,-0.467143511018158));
#8964=CARTESIAN_POINT('',(-1008.49257286177,-145.896894527221,-0.491983386419563));
#8965=CARTESIAN_POINT('',(-1008.74547103899,-145.664387903065,-0.516965261887268));
#8966=CARTESIAN_POINT('',(-1008.89251320514,-145.343458971735,-0.531455308342706));
#8967=CARTESIAN_POINT('',(-1008.89245963533,-145.003791682009,-0.531469907698118));
#8968=CARTESIAN_POINT('',(-1004.91492394947,-145.003791682009,4.55553109480938));
#8969=CARTESIAN_POINT('',(-1004.91487037965,-145.343458971734,4.55551649545406));
#8970=CARTESIAN_POINT('',(-1005.06191254581,-145.664387903065,4.54102644899868));
#8971=CARTESIAN_POINT('',(-1005.31481072303,-145.896894527221,4.51604457353095));
#8972=CARTESIAN_POINT('',(-1005.56603647496,-146.127918432145,4.49120469812954));
#8973=CARTESIAN_POINT('',(-1005.90157328883,-146.253790417462,4.45811646608339));
#8974=CARTESIAN_POINT('',(-1006.24634225391,-146.253791682009,4.42406118711263));
#8975=CARTESIAN_POINT('',(-1006.59111121899,-146.253790417462,4.39000590814178));
#8976=CARTESIAN_POINT('',(-1006.92664803286,-146.127918432145,4.35691767609559));
#8977=CARTESIAN_POINT('',(-1007.1778737848,-145.896894527222,4.3320778006942));
#8978=CARTESIAN_POINT('',(-1007.43077196202,-145.664387903065,4.30709592522648));
#8979=CARTESIAN_POINT('',(-1007.57781412817,-145.343458971735,4.29260587877107));
#8980=CARTESIAN_POINT('',(-1007.57776055836,-145.003791682009,4.29259127941565));
#8981=CARTESIAN_POINT('',(-1008.89245963533,-145.003791682009,-0.531469907698118));
#8982=CARTESIAN_POINT('',(-1008.89251320514,-144.664124392283,-0.531455308342786));
#8983=CARTESIAN_POINT('',(-1008.74547103899,-144.343195460953,-0.516965261887369));
#8984=CARTESIAN_POINT('',(-1008.49257286177,-144.110688836797,-0.491983386419653));
#8985=CARTESIAN_POINT('',(-1008.24134710983,-143.879664931873,-0.467143511018319));
#8986=CARTESIAN_POINT('',(-1007.90581029596,-143.753792946556,-0.434055278972224));
#8987=CARTESIAN_POINT('',(-1007.56104133088,-143.753791682008,-0.400000000001357));
#8988=CARTESIAN_POINT('',(-1007.2162723658,-143.753792946555,-0.365944721030369));
#8989=CARTESIAN_POINT('',(-1006.88073555193,-143.879664931873,-0.332856488984448));
#8990=CARTESIAN_POINT('',(-1006.6295098,-144.110688836796,-0.308016613582946));
#8991=CARTESIAN_POINT('',(-1006.37661162278,-144.343195460952,-0.283034738115232));
#8992=CARTESIAN_POINT('',(-1006.22956945662,-144.664124392283,-0.268544691659776));
#8993=CARTESIAN_POINT('',(-1006.22962302643,-145.003791682008,-0.268530092304381));
#8994=CARTESIAN_POINT('',(-1007.57776055836,-145.00379168201,4.29259127941565));
#8995=CARTESIAN_POINT('',(-1007.57781412817,-144.664124392284,4.29260587877097));
#8996=CARTESIAN_POINT('',(-1007.43077196202,-144.343195460954,4.30709592522642));
#8997=CARTESIAN_POINT('',(-1007.1778737848,-144.110688836798,4.33207780069412));
#8998=CARTESIAN_POINT('',(-1006.92664803286,-143.879664931873,4.35691767609544));
#8999=CARTESIAN_POINT('',(-1006.59111121899,-143.753792946556,4.39000590814153));
#9000=CARTESIAN_POINT('',(-1006.24634225391,-143.753791682009,4.42406118711241));
#9001=CARTESIAN_POINT('',(-1005.90157328884,-143.753792946556,4.4581164660834));
#9002=CARTESIAN_POINT('',(-1005.56603647496,-143.879664931873,4.49120469812933));
#9003=CARTESIAN_POINT('',(-1005.31481072303,-144.110688836797,4.51604457353081));
#9004=CARTESIAN_POINT('',(-1005.06191254581,-144.343195460953,4.54102644899853));
#9005=CARTESIAN_POINT('',(-1004.91487037965,-144.664124392283,4.555516495454));
#9006=CARTESIAN_POINT('',(-1004.91492394947,-145.003791682009,4.55553109480938));
#9007=CARTESIAN_POINT('',(-966.250472241226,-164.003535025475,1.09999999999871));
#9008=CARTESIAN_POINT('',(-966.250472241226,-164.003535025475,1.09999999999871));
#9009=CARTESIAN_POINT('',(-1025.20982886899,-164.184868182945,0.468530094092442));
#9010=CARTESIAN_POINT('',(-1025.20982886898,-163.702462070728,1.09999999999871));
#9011=CARTESIAN_POINT('',(-1024.58705415854,-164.200609775902,0.46688940529017));
#9012=CARTESIAN_POINT('',(-1024.83623644075,-163.712183439778,1.09999999999871));
#9013=CARTESIAN_POINT('',(-1023.74661277952,-163.389593707878,0.551526076971346));
#9014=CARTESIAN_POINT('',(-1024.33187864892,-163.211727019371,1.09999999999871));
#9015=CARTESIAN_POINT('',(-1024.1258046967,-162.01838863443,0.694625561011629));
#9016=CARTESIAN_POINT('',(-1024.55939698052,-162.365600786269,1.09999999999871));
#9017=CARTESIAN_POINT('',(-1024.83228569756,-161.662740686209,0.731739847896505));
#9018=CARTESIAN_POINT('',(-1024.98337508872,-162.146137303722,1.09999999999871));
#9019=CARTESIAN_POINT('',(-1025.20982886899,-161.665349296133,0.731469905939098));
#9020=CARTESIAN_POINT('',(-1025.20982886899,-162.147755408399,1.09999999999871));
#9021=CARTESIAN_POINT('',(-1025.20982886899,-161.665349296133,0.731469905939098));
#9022=CARTESIAN_POINT('',(-1025.20982886899,-162.147755408399,1.09999999999871));
#9023=CARTESIAN_POINT('',(-1025.58737791552,-161.662740462499,0.731739871460407));
#9024=CARTESIAN_POINT('',(-1025.4362861741,-162.146137166466,1.09999999999871));
#9025=CARTESIAN_POINT('',(-1026.29385709399,-162.018394353204,0.694624963897518));
#9026=CARTESIAN_POINT('',(-1025.86026318877,-162.365604314055,1.0999999999987));
#9027=CARTESIAN_POINT('',(-1026.67304012395,-163.389598216975,0.551525606678697));
#9028=CARTESIAN_POINT('',(-1026.08777618845,-163.211729802778,1.09999999999871));
#9029=CARTESIAN_POINT('',(-1025.83260383705,-164.200609718526,0.466889411121756));
#9030=CARTESIAN_POINT('',(-1025.5834214514,-163.712183403848,1.09999999999871));
#9031=CARTESIAN_POINT('',(-1025.20982886899,-164.184868182945,0.468530094092442));
#9032=CARTESIAN_POINT('',(-1025.20982886898,-163.702462070728,1.09999999999871));
#9033=CARTESIAN_POINT('',(-1025.20982886899,-199.426409965709,0.468530094092441));
#9034=CARTESIAN_POINT('',(-1025.20982886898,-198.944003853493,1.09999999999871));
#9035=CARTESIAN_POINT('',(-1024.58705415854,-199.442151558667,0.466889405290208));
#9036=CARTESIAN_POINT('',(-1024.83623644075,-198.953725222543,1.09999999999871));
#9037=CARTESIAN_POINT('',(-1023.74661277952,-198.631135490642,0.551526076971314));
#9038=CARTESIAN_POINT('',(-1024.33187864892,-198.453268802135,1.0999999999987));
#9039=CARTESIAN_POINT('',(-1024.12580469671,-197.259930417194,0.694625561011546));
#9040=CARTESIAN_POINT('',(-1024.55939698052,-197.607142569033,1.09999999999871));
#9041=CARTESIAN_POINT('',(-1024.83228569756,-196.904282468973,0.731739847896535));
#9042=CARTESIAN_POINT('',(-1024.98337508872,-197.387679086486,1.09999999999871));
#9043=CARTESIAN_POINT('',(-1025.20982886899,-196.906891078897,0.731469905939095));
#9044=CARTESIAN_POINT('',(-1025.20982886899,-197.389297191163,1.09999999999871));
#9045=CARTESIAN_POINT('',(-1025.20982886899,-196.906891078897,0.731469905939095));
#9046=CARTESIAN_POINT('',(-1025.20982886899,-197.389297191163,1.09999999999871));
#9047=CARTESIAN_POINT('',(-1025.58737791552,-196.904282245263,0.731739871460337));
#9048=CARTESIAN_POINT('',(-1025.4362861741,-197.38767894923,1.09999999999871));
#9049=CARTESIAN_POINT('',(-1026.29385709399,-197.259936135968,0.694624963897755));
#9050=CARTESIAN_POINT('',(-1025.86026318878,-197.607146096819,1.09999999999871));
#9051=CARTESIAN_POINT('',(-1026.67304012395,-198.631139999739,0.551525606678511));
#9052=CARTESIAN_POINT('',(-1026.08777618845,-198.453271585541,1.09999999999871));
#9053=CARTESIAN_POINT('',(-1025.83260383704,-199.442151501291,0.466889411121819));
#9054=CARTESIAN_POINT('',(-1025.5834214514,-198.953725186613,1.09999999999871));
#9055=CARTESIAN_POINT('',(-1025.20982886899,-199.426409965709,0.468530094092441));
#9056=CARTESIAN_POINT('',(-1025.20982886898,-198.944003853493,1.09999999999871));
#9057=CARTESIAN_POINT('',(-970.787210585289,-145.003791682008,0.46853009409244));
#9058=CARTESIAN_POINT('',(-970.771468992333,-145.626566392459,0.466889405290263));
#9059=CARTESIAN_POINT('',(-971.582485060358,-146.467007771477,0.551526076971595));
#9060=CARTESIAN_POINT('',(-972.953690133805,-146.087815854294,0.694625561011478));
#9061=CARTESIAN_POINT('',(-973.309338082026,-145.381334853442,0.731739847896544));
#9062=CARTESIAN_POINT('',(-973.306729472101,-145.003791682008,0.731469905939086));
#9063=CARTESIAN_POINT('',(-971.269616697506,-145.003791682014,1.09999999999871));
#9064=CARTESIAN_POINT('',(-971.259895328456,-145.377384110248,1.09999999999871));
#9065=CARTESIAN_POINT('',(-971.760351748864,-145.881741902075,1.09999999999871));
#9066=CARTESIAN_POINT('',(-972.606477981967,-145.65422357048,1.09999999999871));
#9067=CARTESIAN_POINT('',(-972.825941464512,-145.230245462276,1.09999999999871));
#9068=CARTESIAN_POINT('',(-972.824323359835,-145.003791682009,1.09999999999871));
#9069=CARTESIAN_POINT('',(-973.306729472101,-145.003791682008,0.731469905939086));
#9070=CARTESIAN_POINT('',(-973.309338305734,-144.626242635477,0.731739871460326));
#9071=CARTESIAN_POINT('',(-972.95368441503,-143.919763457009,0.694624963897617));
#9072=CARTESIAN_POINT('',(-971.582480551258,-143.540580427049,0.551525606678471));
#9073=CARTESIAN_POINT('',(-970.771469049707,-144.381016713953,0.466889411121774));
#9074=CARTESIAN_POINT('',(-970.787210585289,-145.003791682008,0.46853009409244));
#9075=CARTESIAN_POINT('',(-972.824323359835,-145.003791682009,1.09999999999871));
#9076=CARTESIAN_POINT('',(-972.825941601767,-144.777334376897,1.09999999999871));
#9077=CARTESIAN_POINT('',(-972.606474454179,-144.353357362224,1.09999999999871));
#9078=CARTESIAN_POINT('',(-971.760348965455,-144.125844362552,1.0999999999987));
#9079=CARTESIAN_POINT('',(-971.259895364384,-144.630199099594,1.09999999999871));
#9080=CARTESIAN_POINT('',(-971.269616697506,-145.003791682014,1.09999999999871));
#9081=CARTESIAN_POINT('',(-1006.02875236805,-145.003791682008,0.468530094092446));
#9082=CARTESIAN_POINT('',(-1006.01301077509,-145.626566392457,0.46688940529005));
#9083=CARTESIAN_POINT('',(-1006.82402684312,-146.467007771479,0.551526076971506));
#9084=CARTESIAN_POINT('',(-1008.19523191657,-146.087815854294,0.694625561011589));
#9085=CARTESIAN_POINT('',(-1008.55087986479,-145.381334853442,0.731739847896488));
#9086=CARTESIAN_POINT('',(-1008.54827125487,-145.003791682009,0.731469905939094));
#9087=CARTESIAN_POINT('',(-1006.51115848027,-145.003791682013,1.09999999999871));
#9088=CARTESIAN_POINT('',(-1006.50143711122,-145.377384110248,1.09999999999871));
#9089=CARTESIAN_POINT('',(-1007.00189353163,-145.881741902075,1.09999999999871));
#9090=CARTESIAN_POINT('',(-1007.84801976473,-145.65422357048,1.09999999999871));
#9091=CARTESIAN_POINT('',(-1008.06748324728,-145.230245462277,1.09999999999871));
#9092=CARTESIAN_POINT('',(-1008.0658651426,-145.00379168201,1.09999999999871));
#9093=CARTESIAN_POINT('',(-1008.54827125487,-145.003791682009,0.731469905939094));
#9094=CARTESIAN_POINT('',(-1008.5508800885,-144.626242635481,0.731739871460416));
#9095=CARTESIAN_POINT('',(-1008.19522619779,-143.919763457009,0.694624963897671));
#9096=CARTESIAN_POINT('',(-1006.82402233402,-143.540580427051,0.551525606678627));
#9097=CARTESIAN_POINT('',(-1006.01301083247,-144.381016713952,0.466889411121825));
#9098=CARTESIAN_POINT('',(-1006.02875236805,-145.003791682008,0.468530094092446));
#9099=CARTESIAN_POINT('',(-1008.0658651426,-145.00379168201,1.09999999999871));
#9100=CARTESIAN_POINT('',(-1008.06748338453,-144.777334376899,1.09999999999871));
#9101=CARTESIAN_POINT('',(-1007.84801623694,-144.353357362225,1.09999999999871));
#9102=CARTESIAN_POINT('',(-1007.00189074822,-144.125844362552,1.09999999999871));
#9103=CARTESIAN_POINT('',(-1006.50143714715,-144.630199099594,1.09999999999871));
#9104=CARTESIAN_POINT('',(-1006.51115848027,-145.003791682013,1.09999999999871));
#9105=CARTESIAN_POINT('',(-1024.20982886899,-145.003791682008,14.1000000000206));
#9106=CARTESIAN_POINT('',(-1024.7098288687,-145.003791682026,14.6000000000205));
#9107=CARTESIAN_POINT('',(-1024.20982886899,-144.003791682008,14.1000000000206));
#9108=CARTESIAN_POINT('',(-1024.70982886868,-144.503791681737,14.6000000000205));
#9109=CARTESIAN_POINT('',(-1025.20982886899,-144.003791682008,14.1000000000206));
#9110=CARTESIAN_POINT('',(-1025.20982886897,-144.503791681719,14.6000000000205));
#9111=CARTESIAN_POINT('',(-1026.20982886899,-144.003791682008,14.1000000000206));
#9112=CARTESIAN_POINT('',(-1025.70982886926,-144.503791681701,14.6000000000205));
#9113=CARTESIAN_POINT('',(-1026.20982886899,-145.003791682008,14.1000000000206));
#9114=CARTESIAN_POINT('',(-1025.70982886928,-145.00379168199,14.6000000000205));
#9115=CARTESIAN_POINT('',(-1024.7098288687,-145.00379168199,14.6000000000205));
#9116=CARTESIAN_POINT('',(-1024.20982886899,-145.003791682008,14.1000000000205));
#9117=CARTESIAN_POINT('',(-1024.70982886868,-145.503791682279,14.6000000000205));
#9118=CARTESIAN_POINT('',(-1024.20982886899,-146.003791682008,14.1000000000205));
#9119=CARTESIAN_POINT('',(-1025.20982886897,-145.503791682297,14.6000000000205));
#9120=CARTESIAN_POINT('',(-1025.20982886899,-146.003791682008,14.1000000000205));
#9121=CARTESIAN_POINT('',(-1025.70982886926,-145.503791682315,14.6000000000205));
#9122=CARTESIAN_POINT('',(-1026.20982886899,-146.003791682008,14.1000000000205));
#9123=CARTESIAN_POINT('',(-1025.70982886928,-145.003791682026,14.6000000000205));
#9124=CARTESIAN_POINT('',(-1026.20982886899,-145.003791682008,14.1000000000205));
#9125=CARTESIAN_POINT('',(-1040.20982886899,-214.678850176434,1.85972971520317));
#9126=CARTESIAN_POINT('',(-1040.20982886899,-130.003791682008,1.85972971520141));
#9127=CARTESIAN_POINT('',(-979.598998634558,-214.678850176434,1.85972971520317));
#9128=CARTESIAN_POINT('',(-955.534770374564,-190.61462191644,1.85972971520268));
#9129=CARTESIAN_POINT('',(-955.534770374564,-130.003791682008,1.85972971520141));
#9130=CARTESIAN_POINT('',(-955.534770374564,-130.003791682008,-1.90000000000179));
#9131=CARTESIAN_POINT('',(-1040.20982886899,-130.003791682008,-1.90000000000179));
#9132=CARTESIAN_POINT('',(-955.534770374564,-190.61462191644,-1.90000000000051));
#9133=CARTESIAN_POINT('',(-979.598998634558,-214.678850176434,-1.90000000000002));
#9134=CARTESIAN_POINT('',(-1040.20982886899,-214.678850176434,-1.90000000000002));
#9135=CARTESIAN_POINT('',(-1019.20982886899,-151.003791682009,0.0999999999986443));
#9136=CARTESIAN_POINT('',(-1031.20982886899,-151.003791682008,0.0999999999986585));
#9137=CARTESIAN_POINT('',(-1031.20982886899,-139.003791682008,0.0999999999984134));
#9138=CARTESIAN_POINT('',(-1019.20982886899,-139.003791682008,0.0999999999984134));
#9139=CARTESIAN_POINT('',(-975.584576232873,-189.175041721192,-1.90000000000055));
#9140=CARTESIAN_POINT('',(-980.289651914417,-185.806101252421,-1.90000000000062));
#9141=CARTESIAN_POINT('',(-975.209958307137,-193.735362372091,-1.90000000000045));
#9142=CARTESIAN_POINT('',(-976.545300051585,-195.070389684777,-1.90000000000042));
#9143=CARTESIAN_POINT('',(-981.106694770139,-194.695859969999,-1.90000000000043));
#9144=CARTESIAN_POINT('',(-984.476428707235,-189.991892188542,-1.90000000000052));
#9145=CARTESIAN_POINT('',(-975.54116634214,-189.175041721193,0.0999999999994543));
#9146=CARTESIAN_POINT('',(-980.246242023683,-185.806101252422,0.0999999999993832));
#9147=CARTESIAN_POINT('',(-975.166548416403,-193.735362372092,0.0999999999995538));
#9148=CARTESIAN_POINT('',(-976.501890160851,-195.070389684778,0.0999999999995786));
#9149=CARTESIAN_POINT('',(-981.063284879405,-194.69585997,0.0999999999995715));
#9150=CARTESIAN_POINT('',(-984.433018816501,-189.991892188543,0.0999999999994756));
#9151=CARTESIAN_POINT('',(-1038.40982886899,-131.803791682008,0.0999999999982641));
#9152=CARTESIAN_POINT('',(-1038.40982886899,-212.878850176434,0.0999999999980119));
#9153=CARTESIAN_POINT('',(-980.344583046829,-212.878850176434,0.0999999999980119));
#9154=CARTESIAN_POINT('',(-957.334770374565,-189.869037504169,0.099999999998083));
#9155=CARTESIAN_POINT('',(-957.334770374564,-131.803791682008,0.0999999999982641));
#9156=CARTESIAN_POINT('',(-1038.40982886899,-212.878850176434,1.85972971520313));
#9157=CARTESIAN_POINT('',(-1038.40982886899,-131.803791682008,1.85972971520144));
#9158=CARTESIAN_POINT('',(-980.344583046829,-212.878850176434,1.85972971520313));
#9159=CARTESIAN_POINT('',(-957.334770374565,-189.869037504169,1.85972971520265));
#9160=CARTESIAN_POINT('',(-957.334770374564,-131.803791682008,1.85972971520144));
#9161=CARTESIAN_POINT('',(-1030.20982886899,-140.003791682008,10.5999999999984));
#9162=CARTESIAN_POINT('',(-1020.20982886899,-140.003791682008,10.5999999999984));
#9163=CARTESIAN_POINT('',(-1020.20982886899,-150.003791682008,10.5999999999986));
#9164=CARTESIAN_POINT('',(-1030.20982886899,-150.003791682008,10.5999999999986));
#9165=CARTESIAN_POINT('',(-1030.20982886899,-140.003791682008,1.09999999999844));
#9166=CARTESIAN_POINT('',(-1020.20982886899,-140.003791682008,1.09999999999841));
#9167=CARTESIAN_POINT('',(-1020.20982886899,-150.003791682008,1.09999999999863));
#9168=CARTESIAN_POINT('',(-1030.20982886899,-150.003791682008,1.09999999999863));
#9169=CARTESIAN_POINT('',(-1018.40081187461,-153.003791681885,2.09999999999871));
#9170=CARTESIAN_POINT('',(-1016.01884586337,-153.003791681885,2.0999999999988));
#9171=CARTESIAN_POINT('',(-1015.01884586336,-153.003791681885,0.0999999999987496));
#9172=CARTESIAN_POINT('',(-1019.40081187461,-153.003791681885,0.099999999998685));
#9173=CARTESIAN_POINT('',(-1034.40081187461,-137.003791681885,2.09999999999877));
#9174=CARTESIAN_POINT('',(-1032.01884586337,-137.003791681885,2.09999999999877));
#9175=CARTESIAN_POINT('',(-1031.01884586336,-137.003791681885,0.0999999999988114));
#9176=CARTESIAN_POINT('',(-1035.40081187461,-137.003791681885,0.0999999999987162));
#9177=CARTESIAN_POINT('',(-1024.20982886899,-145.003791682008,10.6000000000205));
#9178=CARTESIAN_POINT('',(-1026.20982886899,-145.003791682008,10.6000000000205));
#9179=CARTESIAN_POINT('',(-970.887645914724,-145.003791682008,0.0999999999987661));
#9180=CARTESIAN_POINT('',(-973.478823662094,-145.003791682008,0.0999999999987461));
#9181=CARTESIAN_POINT('',(-1006.12918769749,-145.003791682008,0.0999999999987461));
#9182=CARTESIAN_POINT('',(-1008.72036544486,-145.003791682009,0.0999999999987463));
#9183=CARTESIAN_POINT('',(-1025.20982886899,-199.325974636275,0.0999999999986355));
#9184=CARTESIAN_POINT('',(-1025.20982886899,-196.734796888904,0.0999999999986382));
#9185=CARTESIAN_POINT('',(-1025.20982886899,-164.08443285351,0.0999999999987067));
#9186=CARTESIAN_POINT('',(-1025.20982886899,-161.49325510614,0.0999999999987061));
#9187=CARTESIAN_POINT('',(-1034.40081187461,-153.003791681884,2.09999999999874));
#9188=CARTESIAN_POINT('',(-1032.01884586337,-153.003791681884,2.09999999999878));
#9189=CARTESIAN_POINT('',(-1031.01884586337,-153.003791681885,0.0999999999987626));
#9190=CARTESIAN_POINT('',(-1035.40081187461,-153.003791681885,0.0999999999987096));
#9191=CARTESIAN_POINT('',(-1018.40081187462,-137.003791681885,2.09999999999877));
#9192=CARTESIAN_POINT('',(-1016.01884586337,-137.003791681885,2.09999999999877));
#9193=CARTESIAN_POINT('',(-1015.01884586337,-137.003791681885,0.0999999999987733));
#9194=CARTESIAN_POINT('',(-1019.40081187461,-137.003791681885,0.0999999999987468));
#9195=CARTESIAN_POINT('',(-1025.20982886899,-164.184868182945,0.468530094092434));
#9196=CARTESIAN_POINT('',(-1025.20982886899,-161.665349296133,0.731469905939101));
#9197=CARTESIAN_POINT('',(-1025.20982886899,-162.147755408399,1.09999999999871));
#9198=CARTESIAN_POINT('',(-1025.20982886898,-163.702462070728,1.09999999999871));
#9199=CARTESIAN_POINT('',(-1025.20982886899,-199.426409965709,0.468530094092407));
#9200=CARTESIAN_POINT('',(-1025.20982886899,-196.906891078897,0.731469905939098));
#9201=CARTESIAN_POINT('',(-1025.20982886899,-197.389297191163,1.09999999999871));
#9202=CARTESIAN_POINT('',(-1025.20982886898,-198.944003853493,1.09999999999871));
#9203=CARTESIAN_POINT('',(-970.787210585289,-145.003791682008,0.468530094092453));
#9204=CARTESIAN_POINT('',(-973.306729472101,-145.003791682008,0.73146990593907));
#9205=CARTESIAN_POINT('',(-972.824323359835,-145.003791682009,1.09999999999871));
#9206=CARTESIAN_POINT('',(-971.269616697506,-145.003791682014,1.09999999999871));
#9207=CARTESIAN_POINT('',(-1006.02875236805,-145.003791682008,0.468530094092447));
#9208=CARTESIAN_POINT('',(-1008.54827125487,-145.003791682009,0.731469905939097));
#9209=CARTESIAN_POINT('',(-1008.0658651426,-145.00379168201,1.09999999999871));
#9210=CARTESIAN_POINT('',(-1006.51115848027,-145.003791682013,1.09999999999871));
#9211=CARTESIAN_POINT('',(-1024.20982886899,-145.003791682008,14.1000000000206));
#9212=CARTESIAN_POINT('',(-1026.20982886899,-145.003791682008,14.1000000000206));
#9213=CARTESIAN_POINT('',(-1024.7098288687,-145.003791682008,14.6000000000205));
#9214=CARTESIAN_POINT('',(-1025.70982886928,-145.003791682008,14.6000000000205));
#9215=CARTESIAN_POINT('',(-1040.20982886899,-130.003791682008,1.85972971520141));
#9216=CARTESIAN_POINT('',(-1040.20982886899,-214.678850176434,1.85972971520317));
#9217=CARTESIAN_POINT('',(-1040.20982886899,-214.678850176434,1.85972971520317));
#9218=CARTESIAN_POINT('',(-979.598998634558,-214.678850176434,1.85972971520317));
#9219=CARTESIAN_POINT('',(-979.598998634558,-214.678850176434,1.85972971520317));
#9220=CARTESIAN_POINT('',(-955.534770374564,-190.61462191644,1.85972971520268));
#9221=CARTESIAN_POINT('',(-955.534770374564,-190.61462191644,1.85972971520268));
#9222=CARTESIAN_POINT('',(-955.534770374564,-130.003791682008,1.85972971520141));
#9223=CARTESIAN_POINT('',(-955.534770374564,-130.003791682008,1.85972971520141));
#9224=CARTESIAN_POINT('',(-1040.20982886899,-130.003791682008,1.85972971520141));
#9225=CARTESIAN_POINT('',(-1040.20982886899,-130.003791682008,-1.90000000000179));
#9226=CARTESIAN_POINT('',(-955.534770374564,-130.003791682008,-1.90000000000179));
#9227=CARTESIAN_POINT('',(-955.534770374564,-130.003791682008,-1.90000000000179));
#9228=CARTESIAN_POINT('',(-955.534770374564,-190.61462191644,-1.90000000000051));
#9229=CARTESIAN_POINT('',(-955.534770374564,-190.61462191644,-1.90000000000051));
#9230=CARTESIAN_POINT('',(-979.598998634558,-214.678850176434,-1.90000000000002));
#9231=CARTESIAN_POINT('',(-979.598998634558,-214.678850176434,-1.90000000000002));
#9232=CARTESIAN_POINT('',(-1040.20982886899,-214.678850176434,-1.90000000000002));
#9233=CARTESIAN_POINT('',(-1040.20982886899,-214.678850176434,-1.90000000000002));
#9234=CARTESIAN_POINT('',(-1040.20982886899,-130.003791682008,-1.90000000000179));
#9235=CARTESIAN_POINT('',(-1040.20982886899,-214.678850176434,-1.90000000000002));
#9236=CARTESIAN_POINT('',(-1040.20982886899,-214.678850176434,1.85972971520317));
#9237=CARTESIAN_POINT('',(-979.598998634558,-214.678850176434,-1.90000000000002));
#9238=CARTESIAN_POINT('',(-979.598998634558,-214.678850176434,1.85972971520317));
#9239=CARTESIAN_POINT('',(-955.534770374564,-190.61462191644,-1.90000000000051));
#9240=CARTESIAN_POINT('',(-955.534770374564,-190.61462191644,1.85972971520268));
#9241=CARTESIAN_POINT('',(-1040.20982886899,-130.003791682008,-1.90000000000179));
#9242=CARTESIAN_POINT('',(-1040.20982886899,-130.003791682008,1.85972971520141));
#9243=CARTESIAN_POINT('',(-955.534770374564,-130.003791682008,-1.90000000000179));
#9244=CARTESIAN_POINT('',(-955.534770374564,-130.003791682008,1.85972971520141));
#9245=CARTESIAN_POINT('',(-1019.20982886899,-151.003791682009,0.0999999999986443));
#9246=CARTESIAN_POINT('',(-1031.20982886899,-151.003791682008,0.0999999999986585));
#9247=CARTESIAN_POINT('',(-1031.20982886899,-151.003791682008,0.0999999999986585));
#9248=CARTESIAN_POINT('',(-1031.20982886899,-139.003791682008,0.0999999999984134));
#9249=CARTESIAN_POINT('',(-1019.20982886899,-139.003791682008,0.0999999999984134));
#9250=CARTESIAN_POINT('',(-1019.20982886899,-151.003791682009,0.0999999999986443));
#9251=CARTESIAN_POINT('',(-1031.20982886899,-139.003791682008,0.0999999999984134));
#9252=CARTESIAN_POINT('',(-1019.20982886899,-139.003791682008,0.0999999999984134));
#9253=CARTESIAN_POINT('',(-975.584576232873,-189.175041721192,-1.90000000000055));
#9254=CARTESIAN_POINT('',(-977.152934793387,-188.052061564935,-1.90000000000057));
#9255=CARTESIAN_POINT('',(-978.721293353902,-186.929081408678,-1.90000000000059));
#9256=CARTESIAN_POINT('',(-980.289651914417,-185.806101252421,-1.90000000000062));
#9257=CARTESIAN_POINT('',(-975.209958307137,-193.735362372091,-1.90000000000045));
#9258=CARTESIAN_POINT('',(-974.586755667601,-193.11230647754,-1.90000000000046));
#9259=CARTESIAN_POINT('',(-974.268990607049,-192.246786321769,-1.90000000000048));
#9260=CARTESIAN_POINT('',(-974.34114067148,-191.368484974754,-1.9000000000005));
#9261=CARTESIAN_POINT('',(-974.413292396406,-190.490163414109,-1.90000000000051));
#9262=CARTESIAN_POINT('',(-974.868061895573,-189.688082171711,-1.90000000000053));
#9263=CARTESIAN_POINT('',(-975.584576232873,-189.175041721192,-1.90000000000055));
#9264=CARTESIAN_POINT('',(-976.545300051585,-195.070389684777,-1.90000000000042));
#9265=CARTESIAN_POINT('',(-976.100186136769,-194.625380580548,-1.90000000000043));
#9266=CARTESIAN_POINT('',(-975.655072221953,-194.18037147632,-1.90000000000044));
#9267=CARTESIAN_POINT('',(-975.209958307137,-193.735362372091,-1.90000000000045));
#9268=CARTESIAN_POINT('',(-981.106694770139,-194.695859969999,-1.90000000000043));
#9269=CARTESIAN_POINT('',(-980.593437455151,-195.412339644173,-1.90000000000041));
#9270=CARTESIAN_POINT('',(-979.791098960403,-195.86688150174,-1.9000000000004));
#9271=CARTESIAN_POINT('',(-978.912734906753,-195.9390027407,-1.9000000000004));
#9272=CARTESIAN_POINT('',(-978.034350630909,-196.011125640075,-1.9000000000004));
#9273=CARTESIAN_POINT('',(-977.168590619849,-195.693533487351,-1.90000000000041));
#9274=CARTESIAN_POINT('',(-976.545300051585,-195.070389684777,-1.90000000000042));
#9275=CARTESIAN_POINT('',(-984.476428707235,-189.991892188542,-1.90000000000052));
#9276=CARTESIAN_POINT('',(-983.353184061536,-191.559881449028,-1.90000000000049));
#9277=CARTESIAN_POINT('',(-982.229939415838,-193.127870709513,-1.90000000000046));
#9278=CARTESIAN_POINT('',(-981.106694770139,-194.695859969999,-1.90000000000043));
#9279=CARTESIAN_POINT('',(-980.289651914417,-185.806101252421,-1.90000000000062));
#9280=CARTESIAN_POINT('',(-981.483335732034,-184.951396675434,-1.90000000000063));
#9281=CARTESIAN_POINT('',(-983.120399849005,-185.08575162469,-1.90000000000063));
#9282=CARTESIAN_POINT('',(-984.158673922012,-186.123781216201,-1.90000000000061));
#9283=CARTESIAN_POINT('',(-985.196880321625,-187.161743150255,-1.90000000000058));
#9284=CARTESIAN_POINT('',(-985.331390313484,-188.798411657065,-1.90000000000055));
#9285=CARTESIAN_POINT('',(-984.476428707235,-189.991892188542,-1.90000000000052));
#9286=CARTESIAN_POINT('',(-975.54116634214,-189.175041721193,0.0999999999994543));
#9287=CARTESIAN_POINT('',(-977.109524902654,-188.052061564936,0.099999999999433));
#9288=CARTESIAN_POINT('',(-978.677883463168,-186.929081408679,0.0999999999994117));
#9289=CARTESIAN_POINT('',(-980.246242023683,-185.806101252422,0.0999999999993832));
#9290=CARTESIAN_POINT('',(-976.501890160851,-195.070389684778,0.0999999999995786));
#9291=CARTESIAN_POINT('',(-976.056776246035,-194.625380580549,0.0999999999995715));
#9292=CARTESIAN_POINT('',(-975.61166233122,-194.18037147632,0.0999999999995609));
#9293=CARTESIAN_POINT('',(-975.166548416403,-193.735362372092,0.0999999999995538));
#9294=CARTESIAN_POINT('',(-984.433018816501,-189.991892188543,0.0999999999994756));
#9295=CARTESIAN_POINT('',(-983.309774170802,-191.559881449028,0.0999999999995076));
#9296=CARTESIAN_POINT('',(-982.186529525104,-193.127870709514,0.0999999999995396));
#9297=CARTESIAN_POINT('',(-981.063284879405,-194.69585997,0.0999999999995715));
#9298=CARTESIAN_POINT('',(-975.54116634214,-189.175041721193,0.0999999999994543));
#9299=CARTESIAN_POINT('',(-975.584576232873,-189.175041721192,-1.90000000000055));
#9300=CARTESIAN_POINT('',(-980.246242023683,-185.806101252422,0.0999999999993832));
#9301=CARTESIAN_POINT('',(-980.289651914417,-185.806101252421,-1.90000000000062));
#9302=CARTESIAN_POINT('',(-975.166548416403,-193.735362372092,0.0999999999995538));
#9303=CARTESIAN_POINT('',(-975.209958307137,-193.735362372091,-1.90000000000045));
#9304=CARTESIAN_POINT('',(-976.501890160851,-195.070389684778,0.0999999999995786));
#9305=CARTESIAN_POINT('',(-976.545300051585,-195.070389684777,-1.90000000000042));
#9306=CARTESIAN_POINT('',(-981.063284879405,-194.69585997,0.0999999999995715));
#9307=CARTESIAN_POINT('',(-981.106694770139,-194.695859969999,-1.90000000000043));
#9308=CARTESIAN_POINT('',(-984.433018816501,-189.991892188543,0.0999999999994756));
#9309=CARTESIAN_POINT('',(-984.476428707235,-189.991892188542,-1.90000000000052));
#9310=CARTESIAN_POINT('',(-1038.40982886899,-131.803791682008,0.0999999999982641));
#9311=CARTESIAN_POINT('',(-1038.40982886899,-212.878850176434,0.0999999999980119));
#9312=CARTESIAN_POINT('',(-1038.40982886899,-212.878850176434,0.0999999999980119));
#9313=CARTESIAN_POINT('',(-1038.40982886899,-212.878850176434,1.85972971520313));
#9314=CARTESIAN_POINT('',(-1038.40982886899,-131.803791682008,0.0999999999982641));
#9315=CARTESIAN_POINT('',(-1038.40982886899,-131.803791682008,1.85972971520144));
#9316=CARTESIAN_POINT('',(-1038.40982886899,-212.878850176434,0.0999999999980119));
#9317=CARTESIAN_POINT('',(-980.344583046829,-212.878850176434,0.0999999999980119));
#9318=CARTESIAN_POINT('',(-980.344583046829,-212.878850176434,0.0999999999980119));
#9319=CARTESIAN_POINT('',(-980.344583046829,-212.878850176434,1.85972971520313));
#9320=CARTESIAN_POINT('',(-980.344583046829,-212.878850176434,0.0999999999980119));
#9321=CARTESIAN_POINT('',(-957.334770374565,-189.869037504169,0.099999999998083));
#9322=CARTESIAN_POINT('',(-957.334770374565,-189.869037504169,0.099999999998083));
#9323=CARTESIAN_POINT('',(-957.334770374565,-189.869037504169,1.85972971520265));
#9324=CARTESIAN_POINT('',(-957.334770374565,-189.869037504169,0.099999999998083));
#9325=CARTESIAN_POINT('',(-957.334770374564,-131.803791682008,0.0999999999982641));
#9326=CARTESIAN_POINT('',(-957.334770374564,-131.803791682008,0.0999999999982641));
#9327=CARTESIAN_POINT('',(-957.334770374564,-131.803791682008,1.85972971520144));
#9328=CARTESIAN_POINT('',(-957.334770374564,-131.803791682008,0.0999999999982641));
#9329=CARTESIAN_POINT('',(-1038.40982886899,-131.803791682008,0.0999999999982641));
#9330=CARTESIAN_POINT('',(-1038.40982886899,-212.878850176434,1.85972971520313));
#9331=CARTESIAN_POINT('',(-1038.40982886899,-131.803791682008,1.85972971520144));
#9332=CARTESIAN_POINT('',(-980.344583046829,-212.878850176434,1.85972971520313));
#9333=CARTESIAN_POINT('',(-1038.40982886899,-212.878850176434,1.85972971520313));
#9334=CARTESIAN_POINT('',(-957.334770374565,-189.869037504169,1.85972971520265));
#9335=CARTESIAN_POINT('',(-980.344583046829,-212.878850176434,1.85972971520313));
#9336=CARTESIAN_POINT('',(-957.334770374564,-131.803791682008,1.85972971520144));
#9337=CARTESIAN_POINT('',(-957.334770374565,-189.869037504169,1.85972971520265));
#9338=CARTESIAN_POINT('',(-1038.40982886899,-131.803791682008,1.85972971520144));
#9339=CARTESIAN_POINT('',(-957.334770374564,-131.803791682008,1.85972971520144));
#9340=CARTESIAN_POINT('',(-975.166548416403,-193.735362372092,0.0999999999995538));
#9341=CARTESIAN_POINT('',(-974.543345776868,-193.112306477541,0.0999999999995396));
#9342=CARTESIAN_POINT('',(-974.225580716315,-192.24678632177,0.0999999999995218));
#9343=CARTESIAN_POINT('',(-974.297730780746,-191.368484974755,0.0999999999995005));
#9344=CARTESIAN_POINT('',(-974.369882505672,-190.490163414109,0.0999999999994827));
#9345=CARTESIAN_POINT('',(-974.824652004838,-189.688082171712,0.0999999999994685));
#9346=CARTESIAN_POINT('',(-975.54116634214,-189.175041721193,0.0999999999994543));
#9347=CARTESIAN_POINT('',(-981.063284879405,-194.69585997,0.0999999999995715));
#9348=CARTESIAN_POINT('',(-980.550027564417,-195.412339644174,0.0999999999995858));
#9349=CARTESIAN_POINT('',(-979.747689069669,-195.866881501741,0.0999999999996));
#9350=CARTESIAN_POINT('',(-978.869325016019,-195.939002740701,0.0999999999996));
#9351=CARTESIAN_POINT('',(-977.990940740174,-196.011125640076,0.0999999999995964));
#9352=CARTESIAN_POINT('',(-977.125180729115,-195.693533487352,0.0999999999995929));
#9353=CARTESIAN_POINT('',(-976.501890160851,-195.070389684778,0.0999999999995786));
#9354=CARTESIAN_POINT('',(-980.246242023683,-185.806101252422,0.0999999999993832));
#9355=CARTESIAN_POINT('',(-981.4399258413,-184.951396675435,0.099999999999369));
#9356=CARTESIAN_POINT('',(-983.076989958271,-185.08575162469,0.0999999999993726));
#9357=CARTESIAN_POINT('',(-984.115264031278,-186.123781216202,0.0999999999993904));
#9358=CARTESIAN_POINT('',(-985.153470430892,-187.161743150256,0.0999999999994117));
#9359=CARTESIAN_POINT('',(-985.28798042275,-188.798411657066,0.0999999999994508));
#9360=CARTESIAN_POINT('',(-984.433018816501,-189.991892188543,0.0999999999994756));
#9361=CARTESIAN_POINT('',(-1030.20982886899,-140.003791682008,10.5999999999984));
#9362=CARTESIAN_POINT('',(-1020.20982886899,-140.003791682008,10.5999999999984));
#9363=CARTESIAN_POINT('',(-1020.20982886899,-140.003791682008,10.5999999999984));
#9364=CARTESIAN_POINT('',(-1020.20982886899,-140.003791682008,1.09999999999841));
#9365=CARTESIAN_POINT('',(-1030.20982886899,-140.003791682008,1.09999999999844));
#9366=CARTESIAN_POINT('',(-1020.20982886899,-140.003791682008,1.09999999999841));
#9367=CARTESIAN_POINT('',(-1030.20982886899,-140.003791682008,10.5999999999984));
#9368=CARTESIAN_POINT('',(-1030.20982886899,-140.003791682008,1.09999999999844));
#9369=CARTESIAN_POINT('',(-1020.20982886899,-140.003791682008,10.5999999999984));
#9370=CARTESIAN_POINT('',(-1020.20982886899,-150.003791682008,10.5999999999986));
#9371=CARTESIAN_POINT('',(-1020.20982886899,-150.003791682008,10.5999999999986));
#9372=CARTESIAN_POINT('',(-1020.20982886899,-150.003791682008,1.09999999999863));
#9373=CARTESIAN_POINT('',(-1020.20982886899,-150.003791682008,1.09999999999863));
#9374=CARTESIAN_POINT('',(-1030.20982886899,-150.003791682008,1.09999999999863));
#9375=CARTESIAN_POINT('',(-1020.20982886899,-150.003791682008,10.5999999999986));
#9376=CARTESIAN_POINT('',(-1030.20982886899,-150.003791682008,10.5999999999986));
#9377=CARTESIAN_POINT('',(-1030.20982886899,-150.003791682008,10.5999999999986));
#9378=CARTESIAN_POINT('',(-1030.20982886899,-150.003791682008,1.09999999999863));
#9379=CARTESIAN_POINT('',(-1030.20982886899,-150.003791682008,1.09999999999863));
#9380=CARTESIAN_POINT('',(-1030.20982886899,-140.003791682008,1.09999999999844));
#9381=CARTESIAN_POINT('',(-1030.20982886899,-150.003791682008,10.5999999999986));
#9382=CARTESIAN_POINT('',(-1030.20982886899,-140.003791682008,10.5999999999984));
#9383=CARTESIAN_POINT('',(-1020.20982886899,-140.003791682008,1.09999999999841));
#9384=CARTESIAN_POINT('',(-1020.20982886899,-150.003791682008,1.09999999999863));
#9385=CARTESIAN_POINT('',(-1020.20982886899,-140.003791682008,1.09999999999841));
#9386=CARTESIAN_POINT('',(-1020.17279183195,-139.966754644971,1.06296296296136));
#9387=CARTESIAN_POINT('',(-1020.09871775788,-139.892680570897,0.988888888887438));
#9388=CARTESIAN_POINT('',(-1019.98760664677,-139.781569459786,0.877777777776025));
#9389=CARTESIAN_POINT('',(-1019.87649553566,-139.670458348675,0.766666666665181));
#9390=CARTESIAN_POINT('',(-1019.76538442454,-139.559347237564,0.655555555553967));
#9391=CARTESIAN_POINT('',(-1019.65427331343,-139.448236126453,0.544444444442796));
#9392=CARTESIAN_POINT('',(-1019.54316220232,-139.337125015342,0.433333333331895));
#9393=CARTESIAN_POINT('',(-1019.43205109121,-139.226013904231,0.322222222220496));
#9394=CARTESIAN_POINT('',(-1019.3209399801,-139.11490279312,0.211111111109641));
#9395=CARTESIAN_POINT('',(-1019.24686590603,-139.040828719045,0.137037037035423));
#9396=CARTESIAN_POINT('',(-1019.20982886899,-139.003791682008,0.0999999999984134));
#9397=CARTESIAN_POINT('',(-1031.20982886899,-139.003791682008,0.0999999999984134));
#9398=CARTESIAN_POINT('',(-1031.17279183195,-139.040828719045,0.137037037035423));
#9399=CARTESIAN_POINT('',(-1031.09871775788,-139.11490279312,0.211111111109641));
#9400=CARTESIAN_POINT('',(-1030.98760664677,-139.226013904231,0.322222222220596));
#9401=CARTESIAN_POINT('',(-1030.87649553566,-139.337125015342,0.433333333331767));
#9402=CARTESIAN_POINT('',(-1030.76538442455,-139.448236126453,0.544444444442895));
#9403=CARTESIAN_POINT('',(-1030.65427331343,-139.559347237564,0.655555555553882));
#9404=CARTESIAN_POINT('',(-1030.54316220232,-139.670458348675,0.766666666665181));
#9405=CARTESIAN_POINT('',(-1030.43205109121,-139.781569459786,0.877777777776195));
#9406=CARTESIAN_POINT('',(-1030.3209399801,-139.892680570897,0.988888888887182));
#9407=CARTESIAN_POINT('',(-1030.24686590603,-139.966754644971,1.06296296296143));
#9408=CARTESIAN_POINT('',(-1030.20982886899,-140.003791682008,1.09999999999844));
#9409=CARTESIAN_POINT('',(-1020.20982886899,-150.003791682008,1.09999999999863));
#9410=CARTESIAN_POINT('',(-1020.17279183195,-150.040828719045,1.06296296296158));
#9411=CARTESIAN_POINT('',(-1020.09871775788,-150.114902793119,0.988888888887629));
#9412=CARTESIAN_POINT('',(-1019.98760664677,-150.226013904231,0.877777777776288));
#9413=CARTESIAN_POINT('',(-1019.87649553566,-150.337125015342,0.766666666665316));
#9414=CARTESIAN_POINT('',(-1019.76538442454,-150.448236126453,0.65555555555423));
#9415=CARTESIAN_POINT('',(-1019.65427331343,-150.559347237564,0.544444444443059));
#9416=CARTESIAN_POINT('',(-1019.54316220232,-150.670458348675,0.433333333332001));
#9417=CARTESIAN_POINT('',(-1019.43205109121,-150.781569459786,0.32222222222083));
#9418=CARTESIAN_POINT('',(-1019.3209399801,-150.892680570897,0.211111111109801));
#9419=CARTESIAN_POINT('',(-1019.24686590603,-150.966754644972,0.137037037035668));
#9420=CARTESIAN_POINT('',(-1019.20982886899,-151.003791682009,0.0999999999986443));
#9421=CARTESIAN_POINT('',(-1031.20982886899,-151.003791682008,0.0999999999986585));
#9422=CARTESIAN_POINT('',(-1031.17279183195,-150.966754644971,0.137037037035697));
#9423=CARTESIAN_POINT('',(-1031.09871775788,-150.892680570897,0.211111111109759));
#9424=CARTESIAN_POINT('',(-1030.98760664677,-150.781569459786,0.32222222222083));
#9425=CARTESIAN_POINT('',(-1030.87649553566,-150.670458348675,0.433333333332058));
#9426=CARTESIAN_POINT('',(-1030.76538442454,-150.559347237564,0.54444444444303));
#9427=CARTESIAN_POINT('',(-1030.65427331343,-150.448236126453,0.655555555554201));
#9428=CARTESIAN_POINT('',(-1030.54316220232,-150.337125015342,0.766666666665316));
#9429=CARTESIAN_POINT('',(-1030.43205109121,-150.226013904231,0.87777777777643));
#9430=CARTESIAN_POINT('',(-1030.3209399801,-150.11490279312,0.988888888887431));
#9431=CARTESIAN_POINT('',(-1030.24686590603,-150.040828719045,1.06296296296162));
#9432=CARTESIAN_POINT('',(-1030.20982886899,-150.003791682008,1.09999999999863));
#9433=CARTESIAN_POINT('',(-1017.20982886899,-153.003791681884,2.09999999999876));
#9434=CARTESIAN_POINT('',(-1018.40081187461,-153.003791681885,2.09999999999871));
#9435=CARTESIAN_POINT('',(-1016.01884586337,-153.003791681885,2.0999999999988));
#9436=CARTESIAN_POINT('',(-1017.20982886899,-153.003791681885,0.0999999999987173));
#9437=CARTESIAN_POINT('',(-1015.01884586336,-153.003791681885,0.0999999999987496));
#9438=CARTESIAN_POINT('',(-1019.40081187461,-153.003791681885,0.099999999998685));
#9439=CARTESIAN_POINT('',(-1019.40081187461,-153.003791681885,0.099999999998685));
#9440=CARTESIAN_POINT('',(-1019.06747854128,-153.003791681885,0.766666666665308));
#9441=CARTESIAN_POINT('',(-1018.73414520795,-153.003791681885,1.43333333333203));
#9442=CARTESIAN_POINT('',(-1018.40081187461,-153.003791681885,2.09999999999871));
#9443=CARTESIAN_POINT('',(-1016.01884586337,-153.003791681885,2.0999999999988));
#9444=CARTESIAN_POINT('',(-1015.68551253003,-153.003791681885,1.43333333333213));
#9445=CARTESIAN_POINT('',(-1015.3521791967,-153.003791681885,0.766666666665435));
#9446=CARTESIAN_POINT('',(-1015.01884586336,-153.003791681885,0.0999999999987497));
#9447=CARTESIAN_POINT('',(-1017.20982886899,-153.003791681885,2.09999999999876));
#9448=CARTESIAN_POINT('',(-1016.01884586337,-153.003791681885,2.0999999999988));
#9449=CARTESIAN_POINT('',(-1018.40081187461,-153.003791681885,2.09999999999871));
#9450=CARTESIAN_POINT('',(-1017.20982886899,-153.003791681885,0.0999999999987173));
#9451=CARTESIAN_POINT('',(-1019.40081187461,-153.003791681885,0.099999999998685));
#9452=CARTESIAN_POINT('',(-1015.01884586336,-153.003791681885,0.0999999999987496));
#9453=CARTESIAN_POINT('',(-1033.20982886899,-137.003791681884,2.09999999999877));
#9454=CARTESIAN_POINT('',(-1034.40081187461,-137.003791681885,2.09999999999877));
#9455=CARTESIAN_POINT('',(-1032.01884586336,-137.003791681885,2.09999999999877));
#9456=CARTESIAN_POINT('',(-1033.20982886899,-137.003791681884,0.0999999999987638));
#9457=CARTESIAN_POINT('',(-1031.01884586336,-137.003791681885,0.0999999999988114));
#9458=CARTESIAN_POINT('',(-1035.40081187461,-137.003791681885,0.0999999999987162));
#9459=CARTESIAN_POINT('',(-1035.40081187461,-137.003791681885,0.0999999999987162));
#9460=CARTESIAN_POINT('',(-1035.06747854128,-137.003791681885,0.76666666666536));
#9461=CARTESIAN_POINT('',(-1034.73414520795,-137.003791681885,1.43333333333206));
#9462=CARTESIAN_POINT('',(-1034.40081187461,-137.003791681885,2.09999999999877));
#9463=CARTESIAN_POINT('',(-1032.01884586337,-137.003791681885,2.09999999999877));
#9464=CARTESIAN_POINT('',(-1031.68551253003,-137.003791681885,1.43333333333209));
#9465=CARTESIAN_POINT('',(-1031.3521791967,-137.003791681885,0.766666666665481));
#9466=CARTESIAN_POINT('',(-1031.01884586336,-137.003791681885,0.0999999999988114));
#9467=CARTESIAN_POINT('',(-1033.20982886899,-137.003791681885,2.09999999999877));
#9468=CARTESIAN_POINT('',(-1032.01884586337,-137.003791681885,2.09999999999877));
#9469=CARTESIAN_POINT('',(-1034.40081187461,-137.003791681885,2.09999999999877));
#9470=CARTESIAN_POINT('',(-1033.20982886899,-137.003791681885,0.0999999999987638));
#9471=CARTESIAN_POINT('',(-1035.40081187461,-137.003791681885,0.0999999999987162));
#9472=CARTESIAN_POINT('',(-1031.01884586336,-137.003791681885,0.0999999999988114));
#9473=CARTESIAN_POINT('',(-1025.20982886899,-145.003791682008,10.6000000000205));
#9474=CARTESIAN_POINT('',(-1024.20982886899,-145.003791682008,10.6000000000205));
#9475=CARTESIAN_POINT('',(-1026.20982886899,-145.003791682008,10.6000000000205));
#9476=CARTESIAN_POINT('',(-1025.20982886899,-145.003791682008,14.6000000000205));
#9477=CARTESIAN_POINT('',(-1024.7098288687,-145.003791682008,14.6000000000205));
#9478=CARTESIAN_POINT('',(-1025.70982886928,-145.00379168199,14.6000000000205));
#9479=CARTESIAN_POINT('',(-1026.20982886899,-145.003791682008,10.6000000000205));
#9480=CARTESIAN_POINT('',(-1026.20982886899,-145.003791682008,14.1000000000206));
#9481=CARTESIAN_POINT('',(-1024.20982886899,-145.003791682008,14.1000000000206));
#9482=CARTESIAN_POINT('',(-1024.20982886899,-145.003791682008,10.6000000000205));
#9483=CARTESIAN_POINT('',(-1025.20982886899,-145.003791682009,10.6000000000205));
#9484=CARTESIAN_POINT('',(-1026.20982886899,-145.003791682008,10.6000000000205));
#9485=CARTESIAN_POINT('',(-1024.20982886899,-145.003791682008,10.6000000000205));
#9486=CARTESIAN_POINT('',(-1025.20982886899,-145.003791682008,14.1000000000206));
#9487=CARTESIAN_POINT('',(-1024.20982886899,-145.003791682008,14.1000000000206));
#9488=CARTESIAN_POINT('',(-1026.20982886899,-145.003791682008,14.1000000000206));
#9489=CARTESIAN_POINT('',(-973.478823662094,-145.003791682008,0.0999999999987461));
#9490=CARTESIAN_POINT('',(-973.306729472101,-145.003791682008,0.73146990593907));
#9491=CARTESIAN_POINT('',(-970.887645914724,-145.003791682008,0.0999999999987661));
#9492=CARTESIAN_POINT('',(-970.887588973128,-145.339876452856,0.0999999999987661));
#9493=CARTESIAN_POINT('',(-971.028013819739,-145.661867405705,0.099999999998765));
#9494=CARTESIAN_POINT('',(-971.276771445618,-145.89689452722,0.0999999999987631));
#9495=CARTESIAN_POINT('',(-971.518890659885,-146.125709902637,0.0999999999987612));
#9496=CARTESIAN_POINT('',(-971.844459172763,-146.253790405069,0.0999999999987587));
#9497=CARTESIAN_POINT('',(-972.183234788409,-146.253791682009,0.099999999998756));
#9498=CARTESIAN_POINT('',(-972.522010404057,-146.253790405069,0.0999999999987534));
#9499=CARTESIAN_POINT('',(-972.847578916931,-146.125709902638,0.099999999998751));
#9500=CARTESIAN_POINT('',(-973.0896981312,-145.896894527221,0.0999999999987491));
#9501=CARTESIAN_POINT('',(-973.338455757079,-145.661867405707,0.0999999999987472));
#9502=CARTESIAN_POINT('',(-973.47888060369,-145.339876452855,0.0999999999987461));
#9503=CARTESIAN_POINT('',(-973.478823662094,-145.003791682008,0.0999999999987461));
#9504=CARTESIAN_POINT('',(-973.478823662094,-145.003791682008,0.0999999999987461));
#9505=CARTESIAN_POINT('',(-973.47888060369,-144.667706911163,0.0999999999987461));
#9506=CARTESIAN_POINT('',(-973.338455757078,-144.34571595831,0.0999999999987472));
#9507=CARTESIAN_POINT('',(-973.0896981312,-144.110688836796,0.0999999999987491));
#9508=CARTESIAN_POINT('',(-972.847578916934,-143.881873461381,0.099999999998751));
#9509=CARTESIAN_POINT('',(-972.522010404054,-143.753792958947,0.0999999999987534));
#9510=CARTESIAN_POINT('',(-972.183234788409,-143.753791682007,0.099999999998756));
#9511=CARTESIAN_POINT('',(-971.844459172764,-143.753792958947,0.0999999999987587));
#9512=CARTESIAN_POINT('',(-971.518890659884,-143.88187346138,0.0999999999987612));
#9513=CARTESIAN_POINT('',(-971.276771445618,-144.110688836796,0.0999999999987631));
#9514=CARTESIAN_POINT('',(-971.028013819739,-144.34571595831,0.099999999998765));
#9515=CARTESIAN_POINT('',(-970.887588973128,-144.667706911161,0.0999999999987661));
#9516=CARTESIAN_POINT('',(-970.887645914724,-145.003791682008,0.0999999999987661));
#9517=CARTESIAN_POINT('',(-1008.72036544486,-145.003791682009,0.0999999999987463));
#9518=CARTESIAN_POINT('',(-1008.54827125487,-145.003791682009,0.731469905939097));
#9519=CARTESIAN_POINT('',(-1006.12918769749,-145.003791682008,0.0999999999987461));
#9520=CARTESIAN_POINT('',(-1006.12913075589,-145.339876452855,0.0999999999987461));
#9521=CARTESIAN_POINT('',(-1006.2695556025,-145.661867405706,0.0999999999987461));
#9522=CARTESIAN_POINT('',(-1006.51831322838,-145.896894527221,0.0999999999987461));
#9523=CARTESIAN_POINT('',(-1006.76043244265,-146.125709902637,0.0999999999987461));
#9524=CARTESIAN_POINT('',(-1007.08600095553,-146.253790405069,0.0999999999987462));
#9525=CARTESIAN_POINT('',(-1007.42477657117,-146.253791682009,0.0999999999987462));
#9526=CARTESIAN_POINT('',(-1007.76355218682,-146.253790405069,0.0999999999987462));
#9527=CARTESIAN_POINT('',(-1008.0891206997,-146.125709902638,0.0999999999987463));
#9528=CARTESIAN_POINT('',(-1008.33123991396,-145.896894527221,0.0999999999987463));
#9529=CARTESIAN_POINT('',(-1008.57999753984,-145.661867405707,0.0999999999987463));
#9530=CARTESIAN_POINT('',(-1008.72042238645,-145.339876452855,0.0999999999987463));
#9531=CARTESIAN_POINT('',(-1008.72036544486,-145.003791682009,0.0999999999987463));
#9532=CARTESIAN_POINT('',(-1008.72036544486,-145.003791682009,0.0999999999987463));
#9533=CARTESIAN_POINT('',(-1008.72042238645,-144.667706911163,0.0999999999987463));
#9534=CARTESIAN_POINT('',(-1008.57999753984,-144.345715958312,0.0999999999987463));
#9535=CARTESIAN_POINT('',(-1008.33123991396,-144.110688836797,0.0999999999987463));
#9536=CARTESIAN_POINT('',(-1008.0891206997,-143.881873461381,0.0999999999987463));
#9537=CARTESIAN_POINT('',(-1007.76355218682,-143.753792958948,0.0999999999987462));
#9538=CARTESIAN_POINT('',(-1007.42477657117,-143.753791682008,0.0999999999987462));
#9539=CARTESIAN_POINT('',(-1007.08600095553,-143.753792958948,0.0999999999987462));
#9540=CARTESIAN_POINT('',(-1006.76043244265,-143.881873461381,0.0999999999987461));
#9541=CARTESIAN_POINT('',(-1006.51831322838,-144.110688836796,0.0999999999987461));
#9542=CARTESIAN_POINT('',(-1006.2695556025,-144.34571595831,0.0999999999987461));
#9543=CARTESIAN_POINT('',(-1006.12913075589,-144.667706911163,0.0999999999987461));
#9544=CARTESIAN_POINT('',(-1006.12918769749,-145.003791682008,0.0999999999987461));
#9545=CARTESIAN_POINT('',(-1025.20982886899,-196.734796888904,0.0999999999986382));
#9546=CARTESIAN_POINT('',(-1025.20982886899,-196.906891078897,0.731469905939098));
#9547=CARTESIAN_POINT('',(-1025.20982886899,-199.325974636275,0.0999999999986355));
#9548=CARTESIAN_POINT('',(-1024.87374409814,-199.32603157787,0.0999999999986355));
#9549=CARTESIAN_POINT('',(-1024.55175314529,-199.185606731259,0.0999999999986356));
#9550=CARTESIAN_POINT('',(-1024.31672602378,-198.93684910538,0.099999999998636));
#9551=CARTESIAN_POINT('',(-1024.08791064836,-198.694729891112,0.0999999999986362));
#9552=CARTESIAN_POINT('',(-1023.95983014593,-198.369161378236,0.0999999999986365));
#9553=CARTESIAN_POINT('',(-1023.95982886899,-198.030385762589,0.099999999998637));
#9554=CARTESIAN_POINT('',(-1023.95983014593,-197.691610146942,0.0999999999986372));
#9555=CARTESIAN_POINT('',(-1024.08791064836,-197.366041634066,0.0999999999986375));
#9556=CARTESIAN_POINT('',(-1024.31672602378,-197.123922419798,0.0999999999986377));
#9557=CARTESIAN_POINT('',(-1024.55175314529,-196.875164793919,0.0999999999986381));
#9558=CARTESIAN_POINT('',(-1024.87374409814,-196.734739947308,0.0999999999986382));
#9559=CARTESIAN_POINT('',(-1025.20982886899,-196.734796888904,0.0999999999986382));
#9560=CARTESIAN_POINT('',(-1025.20982886899,-196.734796888904,0.0999999999986382));
#9561=CARTESIAN_POINT('',(-1025.54591363984,-196.734739947308,0.0999999999986382));
#9562=CARTESIAN_POINT('',(-1025.86790459269,-196.875164793919,0.0999999999986381));
#9563=CARTESIAN_POINT('',(-1026.1029317142,-197.123922419798,0.0999999999986377));
#9564=CARTESIAN_POINT('',(-1026.33174708962,-197.366041634062,0.0999999999986375));
#9565=CARTESIAN_POINT('',(-1026.45982759205,-197.691610146946,0.0999999999986372));
#9566=CARTESIAN_POINT('',(-1026.45982886899,-198.030385762589,0.099999999998637));
#9567=CARTESIAN_POINT('',(-1026.45982759205,-198.369161378233,0.0999999999986365));
#9568=CARTESIAN_POINT('',(-1026.33174708962,-198.694729891114,0.0999999999986362));
#9569=CARTESIAN_POINT('',(-1026.1029317142,-198.93684910538,0.099999999998636));
#9570=CARTESIAN_POINT('',(-1025.86790459269,-199.185606731259,0.0999999999986356));
#9571=CARTESIAN_POINT('',(-1025.54591363984,-199.32603157787,0.0999999999986355));
#9572=CARTESIAN_POINT('',(-1025.20982886899,-199.325974636275,0.0999999999986355));
#9573=CARTESIAN_POINT('',(-1025.20982886899,-161.49325510614,0.0999999999987061));
#9574=CARTESIAN_POINT('',(-1025.20982886899,-161.665349296133,0.731469905939101));
#9575=CARTESIAN_POINT('',(-1025.20982886899,-164.08443285351,0.0999999999987067));
#9576=CARTESIAN_POINT('',(-1024.87374409814,-164.084489795106,0.0999999999987067));
#9577=CARTESIAN_POINT('',(-1024.55175314529,-163.944064948496,0.0999999999987067));
#9578=CARTESIAN_POINT('',(-1024.31672602378,-163.695307322616,0.0999999999987067));
#9579=CARTESIAN_POINT('',(-1024.08791064836,-163.453188108349,0.0999999999987066));
#9580=CARTESIAN_POINT('',(-1023.95983014593,-163.127619595472,0.0999999999987065));
#9581=CARTESIAN_POINT('',(-1023.95982886899,-162.788843979826,0.0999999999987065));
#9582=CARTESIAN_POINT('',(-1023.95983014593,-162.450068364179,0.0999999999987063));
#9583=CARTESIAN_POINT('',(-1024.08791064836,-162.124499851302,0.0999999999987062));
#9584=CARTESIAN_POINT('',(-1024.31672602378,-161.882380637035,0.0999999999987061));
#9585=CARTESIAN_POINT('',(-1024.55175314529,-161.633623011156,0.0999999999987061));
#9586=CARTESIAN_POINT('',(-1024.87374409814,-161.493198164545,0.0999999999987061));
#9587=CARTESIAN_POINT('',(-1025.20982886899,-161.49325510614,0.0999999999987061));
#9588=CARTESIAN_POINT('',(-1025.20982886899,-161.49325510614,0.0999999999987061));
#9589=CARTESIAN_POINT('',(-1025.54591363984,-161.493198164545,0.0999999999987061));
#9590=CARTESIAN_POINT('',(-1025.86790459269,-161.633623011155,0.0999999999987061));
#9591=CARTESIAN_POINT('',(-1026.1029317142,-161.882380637034,0.0999999999987061));
#9592=CARTESIAN_POINT('',(-1026.33174708962,-162.124499851301,0.0999999999987062));
#9593=CARTESIAN_POINT('',(-1026.45982759205,-162.450068364178,0.0999999999987063));
#9594=CARTESIAN_POINT('',(-1026.45982886899,-162.788843979825,0.0999999999987063));
#9595=CARTESIAN_POINT('',(-1026.45982759205,-163.12761959547,0.0999999999987065));
#9596=CARTESIAN_POINT('',(-1026.33174708962,-163.453188108349,0.0999999999987066));
#9597=CARTESIAN_POINT('',(-1026.1029317142,-163.695307322615,0.0999999999987067));
#9598=CARTESIAN_POINT('',(-1025.86790459269,-163.944064948494,0.0999999999987067));
#9599=CARTESIAN_POINT('',(-1025.54591363984,-164.084489795106,0.0999999999987067));
#9600=CARTESIAN_POINT('',(-1025.20982886899,-164.08443285351,0.0999999999987067));
#9601=CARTESIAN_POINT('',(-1033.20982886899,-153.003791681884,2.09999999999876));
#9602=CARTESIAN_POINT('',(-1034.40081187461,-153.003791681884,2.09999999999874));
#9603=CARTESIAN_POINT('',(-1032.01884586336,-153.003791681884,2.09999999999878));
#9604=CARTESIAN_POINT('',(-1033.20982886899,-153.003791681884,0.0999999999987361));
#9605=CARTESIAN_POINT('',(-1031.01884586337,-153.003791681885,0.0999999999987626));
#9606=CARTESIAN_POINT('',(-1035.40081187461,-153.003791681885,0.0999999999987095));
#9607=CARTESIAN_POINT('',(-1035.40081187461,-153.003791681885,0.0999999999987096));
#9608=CARTESIAN_POINT('',(-1035.06747854128,-153.003791681885,0.766666666665346));
#9609=CARTESIAN_POINT('',(-1034.73414520795,-153.003791681885,1.43333333333204));
#9610=CARTESIAN_POINT('',(-1034.40081187461,-153.003791681884,2.09999999999874));
#9611=CARTESIAN_POINT('',(-1032.01884586337,-153.003791681884,2.09999999999878));
#9612=CARTESIAN_POINT('',(-1031.68551253003,-153.003791681885,1.43333333333208));
#9613=CARTESIAN_POINT('',(-1031.3521791967,-153.003791681885,0.766666666665452));
#9614=CARTESIAN_POINT('',(-1031.01884586337,-153.003791681885,0.0999999999987626));
#9615=CARTESIAN_POINT('',(-1033.20982886899,-153.003791681884,2.09999999999876));
#9616=CARTESIAN_POINT('',(-1032.01884586337,-153.003791681884,2.09999999999878));
#9617=CARTESIAN_POINT('',(-1034.40081187461,-153.003791681884,2.09999999999874));
#9618=CARTESIAN_POINT('',(-1033.20982886899,-153.003791681885,0.0999999999987361));
#9619=CARTESIAN_POINT('',(-1035.40081187461,-153.003791681885,0.0999999999987096));
#9620=CARTESIAN_POINT('',(-1031.01884586337,-153.003791681885,0.0999999999987626));
#9621=CARTESIAN_POINT('',(-1017.20982886899,-137.003791681885,2.09999999999877));
#9622=CARTESIAN_POINT('',(-1018.40081187462,-137.003791681885,2.09999999999877));
#9623=CARTESIAN_POINT('',(-1016.01884586337,-137.003791681885,2.09999999999877));
#9624=CARTESIAN_POINT('',(-1017.20982886899,-137.003791681885,0.09999999999876));
#9625=CARTESIAN_POINT('',(-1015.01884586337,-137.003791681885,0.0999999999987733));
#9626=CARTESIAN_POINT('',(-1019.40081187461,-137.003791681885,0.0999999999987468));
#9627=CARTESIAN_POINT('',(-1019.40081187461,-137.003791681885,0.0999999999987468));
#9628=CARTESIAN_POINT('',(-1019.06747854128,-137.003791681885,0.766666666665425));
#9629=CARTESIAN_POINT('',(-1018.73414520795,-137.003791681885,1.43333333333208));
#9630=CARTESIAN_POINT('',(-1018.40081187462,-137.003791681885,2.09999999999877));
#9631=CARTESIAN_POINT('',(-1016.01884586337,-137.003791681885,2.09999999999877));
#9632=CARTESIAN_POINT('',(-1015.68551253003,-137.003791681885,1.4333333333321));
#9633=CARTESIAN_POINT('',(-1015.3521791967,-137.003791681885,0.766666666665465));
#9634=CARTESIAN_POINT('',(-1015.01884586337,-137.003791681885,0.0999999999987733));
#9635=CARTESIAN_POINT('',(-1017.20982886899,-137.003791681885,2.09999999999877));
#9636=CARTESIAN_POINT('',(-1016.01884586337,-137.003791681885,2.09999999999877));
#9637=CARTESIAN_POINT('',(-1018.40081187462,-137.003791681885,2.09999999999877));
#9638=CARTESIAN_POINT('',(-1017.20982886899,-137.003791681885,0.09999999999876));
#9639=CARTESIAN_POINT('',(-1019.40081187461,-137.003791681885,0.0999999999987468));
#9640=CARTESIAN_POINT('',(-1015.01884586337,-137.003791681885,0.0999999999987733));
#9641=CARTESIAN_POINT('',(-1025.20982886898,-198.944003853493,1.09999999999871));
#9642=CARTESIAN_POINT('',(-1025.20982886899,-199.426409965709,0.468530094092407));
#9643=CARTESIAN_POINT('',(-1025.20982886899,-199.426409965709,0.468530094092407));
#9644=CARTESIAN_POINT('',(-1024.58705415854,-199.442151558667,0.466889405290173));
#9645=CARTESIAN_POINT('',(-1023.74661277952,-198.631135490642,0.551526076971292));
#9646=CARTESIAN_POINT('',(-1024.1258046967,-197.259930417194,0.694625561011544));
#9647=CARTESIAN_POINT('',(-1024.83228569756,-196.904282468972,0.731739847896538));
#9648=CARTESIAN_POINT('',(-1025.20982886899,-196.906891078897,0.731469905939098));
#9649=CARTESIAN_POINT('',(-1025.20982886898,-163.702462070728,1.09999999999871));
#9650=CARTESIAN_POINT('',(-1025.20982886899,-164.184868182945,0.468530094092434));
#9651=CARTESIAN_POINT('',(-1025.20982886899,-164.184868182945,0.468530094092434));
#9652=CARTESIAN_POINT('',(-1024.58705415854,-164.200609775902,0.466889405290162));
#9653=CARTESIAN_POINT('',(-1023.74661277952,-163.389593707878,0.551526076971341));
#9654=CARTESIAN_POINT('',(-1024.1258046967,-162.01838863443,0.69462556101163));
#9655=CARTESIAN_POINT('',(-1024.83228569756,-161.662740686209,0.731739847896507));
#9656=CARTESIAN_POINT('',(-1025.20982886899,-161.665349296133,0.731469905939101));
#9657=CARTESIAN_POINT('',(-1025.20982886899,-199.426409965709,0.468530094092407));
#9658=CARTESIAN_POINT('',(-1025.20982886899,-199.325974636275,0.0999999999986355));
#9659=CARTESIAN_POINT('',(-1025.20982886899,-164.184868182945,0.468530094092434));
#9660=CARTESIAN_POINT('',(-1025.20982886899,-164.08443285351,0.0999999999987067));
#9661=CARTESIAN_POINT('',(-970.787210585289,-145.003791682008,0.468530094092453));
#9662=CARTESIAN_POINT('',(-970.771468992333,-145.626566392459,0.466889405290276));
#9663=CARTESIAN_POINT('',(-971.582485060358,-146.467007771477,0.551526076971599));
#9664=CARTESIAN_POINT('',(-972.953690133805,-146.087815854294,0.694625561011466));
#9665=CARTESIAN_POINT('',(-973.309338082026,-145.381334853442,0.731739847896528));
#9666=CARTESIAN_POINT('',(-973.306729472101,-145.003791682008,0.73146990593907));
#9667=CARTESIAN_POINT('',(-971.269616697506,-145.003791682014,1.09999999999871));
#9668=CARTESIAN_POINT('',(-970.787210585289,-145.003791682008,0.468530094092453));
#9669=CARTESIAN_POINT('',(-1006.51115848027,-145.003791682013,1.09999999999871));
#9670=CARTESIAN_POINT('',(-1006.02875236805,-145.003791682008,0.468530094092447));
#9671=CARTESIAN_POINT('',(-1006.02875236805,-145.003791682008,0.468530094092447));
#9672=CARTESIAN_POINT('',(-1006.01301077509,-145.626566392457,0.466889405290051));
#9673=CARTESIAN_POINT('',(-1006.82402684312,-146.467007771479,0.551526076971508));
#9674=CARTESIAN_POINT('',(-1008.19523191657,-146.087815854294,0.694625561011592));
#9675=CARTESIAN_POINT('',(-1008.55087986479,-145.381334853442,0.731739847896491));
#9676=CARTESIAN_POINT('',(-1008.54827125487,-145.003791682009,0.731469905939097));
#9677=CARTESIAN_POINT('',(-970.787210585289,-145.003791682008,0.468530094092453));
#9678=CARTESIAN_POINT('',(-970.887645914724,-145.003791682008,0.0999999999987661));
#9679=CARTESIAN_POINT('',(-1006.02875236805,-145.003791682008,0.468530094092447));
#9680=CARTESIAN_POINT('',(-1006.12918769749,-145.003791682008,0.0999999999987461));
#9681=CARTESIAN_POINT('',(-1025.20982886898,-163.702462070728,1.09999999999871));
#9682=CARTESIAN_POINT('',(-1024.83623644075,-163.712183439778,1.0999999999987));
#9683=CARTESIAN_POINT('',(-1024.33187864892,-163.211727019371,1.09999999999871));
#9684=CARTESIAN_POINT('',(-1024.55939698052,-162.365600786269,1.09999999999871));
#9685=CARTESIAN_POINT('',(-1024.98337508872,-162.146137303722,1.09999999999871));
#9686=CARTESIAN_POINT('',(-1025.20982886899,-162.147755408399,1.09999999999871));
#9687=CARTESIAN_POINT('',(-1025.20982886899,-161.665349296133,0.731469905939101));
#9688=CARTESIAN_POINT('',(-1025.20982886899,-162.147755408399,1.09999999999871));
#9689=CARTESIAN_POINT('',(-1025.20982886899,-161.665349296133,0.731469905939101));
#9690=CARTESIAN_POINT('',(-1025.58737791552,-161.662740462499,0.731739871460409));
#9691=CARTESIAN_POINT('',(-1026.29385709399,-162.018394353204,0.69462496389752));
#9692=CARTESIAN_POINT('',(-1026.67304012395,-163.389598216975,0.551525606678692));
#9693=CARTESIAN_POINT('',(-1025.83260383705,-164.200609718526,0.466889411121747));
#9694=CARTESIAN_POINT('',(-1025.20982886899,-164.184868182945,0.468530094092434));
#9695=CARTESIAN_POINT('',(-1025.20982886899,-162.147755408399,1.09999999999871));
#9696=CARTESIAN_POINT('',(-1025.4362861741,-162.146137166466,1.09999999999871));
#9697=CARTESIAN_POINT('',(-1025.86026318877,-162.365604314055,1.0999999999987));
#9698=CARTESIAN_POINT('',(-1026.08777618845,-163.211729802778,1.09999999999871));
#9699=CARTESIAN_POINT('',(-1025.5834214514,-163.712183403848,1.09999999999871));
#9700=CARTESIAN_POINT('',(-1025.20982886898,-163.702462070728,1.09999999999871));
#9701=CARTESIAN_POINT('',(-1025.20982886898,-198.944003853493,1.09999999999871));
#9702=CARTESIAN_POINT('',(-1024.83623644075,-198.953725222543,1.09999999999871));
#9703=CARTESIAN_POINT('',(-1024.33187864892,-198.453268802135,1.0999999999987));
#9704=CARTESIAN_POINT('',(-1024.55939698052,-197.607142569033,1.09999999999871));
#9705=CARTESIAN_POINT('',(-1024.98337508872,-197.387679086486,1.09999999999871));
#9706=CARTESIAN_POINT('',(-1025.20982886899,-197.389297191163,1.09999999999871));
#9707=CARTESIAN_POINT('',(-1025.20982886899,-196.906891078897,0.731469905939098));
#9708=CARTESIAN_POINT('',(-1025.20982886899,-197.389297191163,1.09999999999871));
#9709=CARTESIAN_POINT('',(-1025.20982886899,-196.906891078897,0.731469905939098));
#9710=CARTESIAN_POINT('',(-1025.58737791552,-196.904282245263,0.73173987146034));
#9711=CARTESIAN_POINT('',(-1026.29385709399,-197.259936135968,0.694624963897753));
#9712=CARTESIAN_POINT('',(-1026.67304012395,-198.631139999739,0.551525606678488));
#9713=CARTESIAN_POINT('',(-1025.83260383704,-199.442151501291,0.466889411121785));
#9714=CARTESIAN_POINT('',(-1025.20982886899,-199.426409965709,0.468530094092407));
#9715=CARTESIAN_POINT('',(-1025.20982886899,-197.389297191163,1.09999999999871));
#9716=CARTESIAN_POINT('',(-1025.4362861741,-197.38767894923,1.09999999999871));
#9717=CARTESIAN_POINT('',(-1025.86026318878,-197.607146096819,1.09999999999871));
#9718=CARTESIAN_POINT('',(-1026.08777618845,-198.453271585541,1.09999999999871));
#9719=CARTESIAN_POINT('',(-1025.5834214514,-198.953725186613,1.09999999999871));
#9720=CARTESIAN_POINT('',(-1025.20982886898,-198.944003853493,1.09999999999871));
#9721=CARTESIAN_POINT('',(-971.269616697506,-145.003791682014,1.09999999999871));
#9722=CARTESIAN_POINT('',(-971.259895328456,-145.377384110248,1.09999999999871));
#9723=CARTESIAN_POINT('',(-971.760351748863,-145.881741902075,1.09999999999871));
#9724=CARTESIAN_POINT('',(-972.606477981967,-145.65422357048,1.09999999999871));
#9725=CARTESIAN_POINT('',(-972.825941464512,-145.230245462276,1.0999999999987));
#9726=CARTESIAN_POINT('',(-972.824323359835,-145.003791682009,1.09999999999871));
#9727=CARTESIAN_POINT('',(-973.306729472101,-145.003791682008,0.73146990593907));
#9728=CARTESIAN_POINT('',(-972.824323359835,-145.003791682009,1.09999999999871));
#9729=CARTESIAN_POINT('',(-973.306729472101,-145.003791682008,0.73146990593907));
#9730=CARTESIAN_POINT('',(-973.309338305734,-144.626242635477,0.73173987146031));
#9731=CARTESIAN_POINT('',(-972.95368441503,-143.919763457009,0.694624963897604));
#9732=CARTESIAN_POINT('',(-971.582480551258,-143.540580427049,0.551525606678475));
#9733=CARTESIAN_POINT('',(-970.771469049707,-144.381016713953,0.466889411121787));
#9734=CARTESIAN_POINT('',(-970.787210585289,-145.003791682008,0.468530094092453));
#9735=CARTESIAN_POINT('',(-972.824323359835,-145.003791682009,1.09999999999871));
#9736=CARTESIAN_POINT('',(-972.825941601767,-144.777334376897,1.09999999999871));
#9737=CARTESIAN_POINT('',(-972.606474454179,-144.353357362224,1.09999999999871));
#9738=CARTESIAN_POINT('',(-971.760348965455,-144.125844362552,1.0999999999987));
#9739=CARTESIAN_POINT('',(-971.259895364384,-144.630199099594,1.09999999999871));
#9740=CARTESIAN_POINT('',(-971.269616697506,-145.003791682014,1.09999999999871));
#9741=CARTESIAN_POINT('',(-1006.51115848027,-145.003791682013,1.09999999999871));
#9742=CARTESIAN_POINT('',(-1006.50143711122,-145.377384110248,1.09999999999871));
#9743=CARTESIAN_POINT('',(-1007.00189353163,-145.881741902075,1.09999999999871));
#9744=CARTESIAN_POINT('',(-1007.84801976473,-145.65422357048,1.09999999999871));
#9745=CARTESIAN_POINT('',(-1008.06748324728,-145.230245462277,1.09999999999871));
#9746=CARTESIAN_POINT('',(-1008.0658651426,-145.00379168201,1.09999999999871));
#9747=CARTESIAN_POINT('',(-1008.54827125487,-145.003791682009,0.731469905939097));
#9748=CARTESIAN_POINT('',(-1008.0658651426,-145.00379168201,1.09999999999871));
#9749=CARTESIAN_POINT('',(-1008.54827125487,-145.003791682009,0.731469905939097));
#9750=CARTESIAN_POINT('',(-1008.5508800885,-144.626242635481,0.731739871460419));
#9751=CARTESIAN_POINT('',(-1008.19522619779,-143.919763457009,0.694624963897674));
#9752=CARTESIAN_POINT('',(-1006.82402233402,-143.540580427051,0.551525606678628));
#9753=CARTESIAN_POINT('',(-1006.01301083247,-144.381016713952,0.466889411121826));
#9754=CARTESIAN_POINT('',(-1006.02875236805,-145.003791682008,0.468530094092447));
#9755=CARTESIAN_POINT('',(-1008.0658651426,-145.00379168201,1.09999999999871));
#9756=CARTESIAN_POINT('',(-1008.06748338453,-144.777334376899,1.09999999999871));
#9757=CARTESIAN_POINT('',(-1007.84801623694,-144.353357362225,1.09999999999871));
#9758=CARTESIAN_POINT('',(-1007.00189074822,-144.125844362552,1.09999999999871));
#9759=CARTESIAN_POINT('',(-1006.50143714715,-144.630199099594,1.09999999999871));
#9760=CARTESIAN_POINT('',(-1006.51115848027,-145.003791682013,1.09999999999871));
#9761=CARTESIAN_POINT('',(-1025.20982886899,-145.003791682008,14.6000000000205));
#9762=CARTESIAN_POINT('',(-1024.7098288687,-145.003791682008,14.6000000000205));
#9763=CARTESIAN_POINT('',(-1025.70982886928,-145.003791682026,14.6000000000205));
#9764=CARTESIAN_POINT('',(-1025.70982886928,-145.003791682008,14.6000000000205));
#9765=CARTESIAN_POINT('',(-1026.20982886899,-145.003791682008,14.1000000000206));
#9766=CARTESIAN_POINT('',(-1025.20982886899,-145.003791682009,14.1000000000205));
#9767=CARTESIAN_POINT('',(-1024.20982886899,-145.003791682008,14.1000000000206));
#9768=CARTESIAN_POINT('',(-1026.20982886899,-145.003791682008,14.1000000000205));
#9769=CARTESIAN_POINT('',(-1024.20982886899,-145.003791682008,14.1000000000206));
#9770=CARTESIAN_POINT('',(-1024.7098288687,-145.003791682008,14.6000000000205));
#9771=CARTESIAN_POINT('',(-1127.44021835937,-214.678850176434,1.85972971520317));
#9772=CARTESIAN_POINT('',(-1127.44021835937,-130.003791682008,-1.90000000000179));
#9773=CARTESIAN_POINT('',(-1127.44021835937,-214.678850176434,-1.90000000000002));
#9774=CARTESIAN_POINT('',(-1066.82938812493,-214.678850176434,-1.90000000000002));
#9775=CARTESIAN_POINT('',(-1042.76515986494,-190.61462191644,-1.90000000000051));
#9776=CARTESIAN_POINT('',(-1042.76515986494,-130.003791682008,-1.90000000000179));
#9777=CARTESIAN_POINT('',(-1042.76515986494,-214.678850176434,-1.90000000000001));
#9778=CARTESIAN_POINT('',(-1067.42760996381,-185.806101252423,2.35854289969956));
#9779=CARTESIAN_POINT('',(-1065.34874050365,-191.614042028517,-38.1393328421195));
#9780=CARTESIAN_POINT('',(-1062.35030829697,-193.735362372093,2.24834034440752));
#9781=CARTESIAN_POINT('',(-1066.68345345861,-192.949069341203,-38.1103629703516));
#9782=CARTESIAN_POINT('',(-1068.24426808809,-194.69585997,2.37626841966887));
#9783=CARTESIAN_POINT('',(-1070.05160064589,-188.245101559747,-38.0372575196627));
#9784=CARTESIAN_POINT('',(-1125.64021835937,-131.803791682008,0.0999999999982641));
#9785=CARTESIAN_POINT('',(-1125.64021835937,-212.878850176434,0.0999999999980119));
#9786=CARTESIAN_POINT('',(-1067.5749725372,-212.878850176434,0.0999999999980119));
#9787=CARTESIAN_POINT('',(-1044.56515986494,-189.869037504169,0.099999999998083));
#9788=CARTESIAN_POINT('',(-1044.56515986494,-131.803791682008,0.0999999999982641));
#9789=CARTESIAN_POINT('',(-1034.43077755314,-121.669409370205,0.0999999999982956));
#9790=CARTESIAN_POINT('',(-1117.44021835937,-140.003791682008,10.5999999999984));
#9791=CARTESIAN_POINT('',(-1107.44021835937,-140.003791682008,10.5999999999984));
#9792=CARTESIAN_POINT('',(-1107.44021835937,-150.003791682008,10.5999999999986));
#9793=CARTESIAN_POINT('',(-1117.44021835937,-150.003791682008,10.5999999999986));
#9794=CARTESIAN_POINT('',(-1117.44021835937,-140.003791682008,10.5999999999984));
#9795=CARTESIAN_POINT('',(-1118.44021835937,-140.003791682008,1.09999999999842));
#9796=CARTESIAN_POINT('',(-1107.44021835937,-139.003791682008,1.0999999999984));
#9797=CARTESIAN_POINT('',(-1106.44021835936,-150.003791682008,1.09999999999862));
#9798=CARTESIAN_POINT('',(-1117.44021835937,-151.003791682008,1.09999999999865));
#9799=CARTESIAN_POINT('',(-1106.99300476386,-153.003791681886,-0.623606797751126));
#9800=CARTESIAN_POINT('',(-1106.99300476386,-150.451005277386,-0.623606797751158));
#9801=CARTESIAN_POINT('',(-1104.44021835937,-150.451005277386,-0.623606797751154));
#9802=CARTESIAN_POINT('',(-1101.88743195486,-150.451005277385,-0.623606797751163));
#9803=CARTESIAN_POINT('',(-1101.88743195487,-153.003791681885,-0.623606797751226));
#9804=CARTESIAN_POINT('',(-1105.49300476387,-153.003791681884,2.37639320224887));
#9805=CARTESIAN_POINT('',(-1105.49300476387,-151.951005277385,2.37639320224892));
#9806=CARTESIAN_POINT('',(-1104.44021835937,-151.951005277385,2.37639320224886));
#9807=CARTESIAN_POINT('',(-1103.38743195486,-151.951005277385,2.37639320224892));
#9808=CARTESIAN_POINT('',(-1103.38743195487,-153.003791681885,2.37639320224872));
#9809=CARTESIAN_POINT('',(-1105.94021835937,-151.503791681885,2.09999999999874));
#9810=CARTESIAN_POINT('',(-1101.88743195487,-153.003791681885,-0.623606797751226));
#9811=CARTESIAN_POINT('',(-1101.88743195486,-155.556578086384,-0.623606797751373));
#9812=CARTESIAN_POINT('',(-1104.44021835936,-155.556578086385,-0.623606797751296));
#9813=CARTESIAN_POINT('',(-1106.99300476386,-155.556578086385,-0.623606797751256));
#9814=CARTESIAN_POINT('',(-1106.99300476386,-153.003791681886,-0.623606797751127));
#9815=CARTESIAN_POINT('',(-1103.38743195487,-153.003791681885,2.37639320224872));
#9816=CARTESIAN_POINT('',(-1103.38743195487,-154.056578086384,2.37639320224878));
#9817=CARTESIAN_POINT('',(-1104.44021835937,-154.056578086384,2.37639320224871));
#9818=CARTESIAN_POINT('',(-1105.49300476387,-154.056578086384,2.37639320224885));
#9819=CARTESIAN_POINT('',(-1105.49300476387,-153.003791681885,2.37639320224887));
#9820=CARTESIAN_POINT('',(-1122.99300476386,-137.003791681886,-0.623606797751095));
#9821=CARTESIAN_POINT('',(-1122.99300476386,-134.451005277386,-0.623606797750985));
#9822=CARTESIAN_POINT('',(-1120.44021835937,-134.451005277386,-0.623606797751128));
#9823=CARTESIAN_POINT('',(-1117.88743195486,-134.451005277385,-0.623606797751249));
#9824=CARTESIAN_POINT('',(-1117.88743195487,-137.003791681885,-0.623606797751144));
#9825=CARTESIAN_POINT('',(-1121.49300476387,-137.003791681885,2.37639320224891));
#9826=CARTESIAN_POINT('',(-1121.49300476387,-135.951005277385,2.37639320224886));
#9827=CARTESIAN_POINT('',(-1120.44021835937,-135.951005277385,2.3763932022489));
#9828=CARTESIAN_POINT('',(-1119.38743195487,-135.951005277385,2.37639320224887));
#9829=CARTESIAN_POINT('',(-1119.38743195487,-137.003791681885,2.37639320224871));
#9830=CARTESIAN_POINT('',(-1121.94021835937,-135.503791681885,2.09999999999877));
#9831=CARTESIAN_POINT('',(-1117.88743195487,-137.003791681885,-0.623606797751144));
#9832=CARTESIAN_POINT('',(-1117.88743195487,-139.556578086384,-0.623606797751337));
#9833=CARTESIAN_POINT('',(-1120.44021835936,-139.556578086385,-0.623606797751264));
#9834=CARTESIAN_POINT('',(-1122.99300476386,-139.556578086385,-0.623606797751217));
#9835=CARTESIAN_POINT('',(-1122.99300476386,-137.003791681885,-0.623606797751094));
#9836=CARTESIAN_POINT('',(-1119.38743195487,-137.003791681885,2.37639320224871));
#9837=CARTESIAN_POINT('',(-1119.38743195486,-138.056578086385,2.37639320224864));
#9838=CARTESIAN_POINT('',(-1120.44021835937,-138.056578086384,2.37639320224875));
#9839=CARTESIAN_POINT('',(-1121.49300476387,-138.056578086384,2.37639320224877));
#9840=CARTESIAN_POINT('',(-1121.49300476387,-137.003791681885,2.37639320224891));
#9841=CARTESIAN_POINT('',(-1112.44021835937,-145.003791682008,12.6000000000205));
#9842=CARTESIAN_POINT('',(-1113.94021835937,-146.503791682008,14.6000000000205));
#9843=CARTESIAN_POINT('',(-1112.44021835937,-145.003791682008,12.6000000000205));
#9844=CARTESIAN_POINT('',(-1122.99300476386,-153.003791681885,-0.623606797751126));
#9845=CARTESIAN_POINT('',(-1122.99300476386,-150.451005277386,-0.623606797751017));
#9846=CARTESIAN_POINT('',(-1120.44021835937,-150.451005277385,-0.623606797751154));
#9847=CARTESIAN_POINT('',(-1117.88743195486,-150.451005277385,-0.623606797751265));
#9848=CARTESIAN_POINT('',(-1117.88743195487,-153.003791681885,-0.623606797751176));
#9849=CARTESIAN_POINT('',(-1121.49300476387,-153.003791681884,2.37639320224887));
#9850=CARTESIAN_POINT('',(-1121.49300476387,-151.951005277385,2.37639320224882));
#9851=CARTESIAN_POINT('',(-1120.44021835937,-151.951005277385,2.37639320224886));
#9852=CARTESIAN_POINT('',(-1119.38743195487,-151.951005277385,2.37639320224883));
#9853=CARTESIAN_POINT('',(-1119.38743195487,-153.003791681884,2.37639320224867));
#9854=CARTESIAN_POINT('',(-1121.94021835937,-151.503791681885,2.09999999999874));
#9855=CARTESIAN_POINT('',(-1117.88743195487,-153.003791681885,-0.623606797751176));
#9856=CARTESIAN_POINT('',(-1117.88743195487,-155.556578086384,-0.623606797751375));
#9857=CARTESIAN_POINT('',(-1120.44021835936,-155.556578086385,-0.623606797751296));
#9858=CARTESIAN_POINT('',(-1122.99300476386,-155.556578086385,-0.623606797751242));
#9859=CARTESIAN_POINT('',(-1122.99300476386,-153.003791681885,-0.623606797751126));
#9860=CARTESIAN_POINT('',(-1119.38743195487,-153.003791681884,2.37639320224867));
#9861=CARTESIAN_POINT('',(-1119.38743195486,-154.056578086384,2.37639320224863));
#9862=CARTESIAN_POINT('',(-1120.44021835937,-154.056578086384,2.37639320224871));
#9863=CARTESIAN_POINT('',(-1121.49300476387,-154.056578086384,2.37639320224875));
#9864=CARTESIAN_POINT('',(-1121.49300476387,-153.003791681884,2.37639320224887));
#9865=CARTESIAN_POINT('',(-1106.99300476387,-137.003791681886,-0.62360679775119));
#9866=CARTESIAN_POINT('',(-1106.99300476386,-134.451005277386,-0.623606797751135));
#9867=CARTESIAN_POINT('',(-1104.44021835937,-134.451005277386,-0.62360679775113));
#9868=CARTESIAN_POINT('',(-1101.88743195487,-134.451005277385,-0.623606797751056));
#9869=CARTESIAN_POINT('',(-1101.88743195487,-137.003791681885,-0.62360679775124));
#9870=CARTESIAN_POINT('',(-1105.49300476387,-137.003791681885,2.37639320224886));
#9871=CARTESIAN_POINT('',(-1105.49300476387,-135.951005277385,2.37639320224888));
#9872=CARTESIAN_POINT('',(-1104.44021835937,-135.951005277385,2.37639320224889));
#9873=CARTESIAN_POINT('',(-1103.38743195487,-135.951005277385,2.37639320224903));
#9874=CARTESIAN_POINT('',(-1103.38743195487,-137.003791681885,2.37639320224876));
#9875=CARTESIAN_POINT('',(-1105.94021835937,-135.503791681885,2.09999999999877));
#9876=CARTESIAN_POINT('',(-1101.88743195487,-137.003791681885,-0.62360679775124));
#9877=CARTESIAN_POINT('',(-1101.88743195487,-139.556578086384,-0.623606797751299));
#9878=CARTESIAN_POINT('',(-1104.44021835937,-139.556578086385,-0.623606797751259));
#9879=CARTESIAN_POINT('',(-1106.99300476386,-139.556578086385,-0.623606797751125));
#9880=CARTESIAN_POINT('',(-1106.99300476387,-137.003791681885,-0.62360679775119));
#9881=CARTESIAN_POINT('',(-1103.38743195487,-137.003791681885,2.37639320224876));
#9882=CARTESIAN_POINT('',(-1103.38743195486,-138.056578086384,2.37639320224878));
#9883=CARTESIAN_POINT('',(-1104.44021835937,-138.056578086384,2.37639320224874));
#9884=CARTESIAN_POINT('',(-1105.49300476387,-138.056578086384,2.37639320224873));
#9885=CARTESIAN_POINT('',(-1105.49300476387,-137.003791681885,2.37639320224886));
#9886=CARTESIAN_POINT('',(-1112.44021835937,-199.225539307328,-0.268530092304492));
#9887=CARTESIAN_POINT('',(-1112.44021835937,-200.540238384297,4.55553109480928));
#9888=CARTESIAN_POINT('',(-1112.10055106964,-199.225592877141,-0.26854469165983));
#9889=CARTESIAN_POINT('',(-1112.10055106964,-200.54029195411,4.55551649545395));
#9890=CARTESIAN_POINT('',(-1111.77962213831,-199.078550710988,-0.283034738115256));
#9891=CARTESIAN_POINT('',(-1111.77962213831,-200.393249787957,4.54102644899851));
#9892=CARTESIAN_POINT('',(-1111.54711551415,-198.825652533766,-0.308016613582963));
#9893=CARTESIAN_POINT('',(-1111.54711551415,-200.140351610735,4.51604457353081));
#9894=CARTESIAN_POINT('',(-1111.31609160923,-198.574426781829,-0.332856488984295));
#9895=CARTESIAN_POINT('',(-1111.31609160923,-199.889125858798,4.49120469812953));
#9896=CARTESIAN_POINT('',(-1111.19021962391,-198.238889967961,-0.365944721030529));
#9897=CARTESIAN_POINT('',(-1111.19021962391,-199.55358904493,4.45811646608322));
#9898=CARTESIAN_POINT('',(-1111.19021835937,-197.89412100288,-0.400000000001286));
#9899=CARTESIAN_POINT('',(-1111.19021835936,-199.208820079849,4.42406118711249));
#9900=CARTESIAN_POINT('',(-1111.19021962391,-197.549352037799,-0.434055278971852));
#9901=CARTESIAN_POINT('',(-1111.19021962391,-198.864051114768,4.39000590814189));
#9902=CARTESIAN_POINT('',(-1111.31609160923,-197.213815223931,-0.467143511018322));
#9903=CARTESIAN_POINT('',(-1111.31609160923,-198.5285143009,4.35691767609544));
#9904=CARTESIAN_POINT('',(-1111.54711551415,-196.962589471994,-0.491983386419652));
#9905=CARTESIAN_POINT('',(-1111.54711551415,-198.277288548963,4.33207780069412));
#9906=CARTESIAN_POINT('',(-1111.77962213831,-196.709691294772,-0.516965261887444));
#9907=CARTESIAN_POINT('',(-1111.77962213831,-198.024390371741,4.30709592522633));
#9908=CARTESIAN_POINT('',(-1112.10055106964,-196.562649128619,-0.531455308342815));
#9909=CARTESIAN_POINT('',(-1112.10055106964,-197.877348205588,4.29260587877096));
#9910=CARTESIAN_POINT('',(-1112.44021835937,-196.562702698432,-0.531469907698228));
#9911=CARTESIAN_POINT('',(-1112.44021835936,-197.877401775401,4.29259127941554));
#9912=CARTESIAN_POINT('',(-1112.44021835937,-196.562702698432,-0.531469907698228));
#9913=CARTESIAN_POINT('',(-1112.44021835936,-197.877401775401,4.29259127941554));
#9914=CARTESIAN_POINT('',(-1112.77988564909,-196.562649128619,-0.531455308342863));
#9915=CARTESIAN_POINT('',(-1112.77988564909,-197.877348205588,4.2926058787709));
#9916=CARTESIAN_POINT('',(-1113.10081458042,-196.709691294772,-0.516965261887492));
#9917=CARTESIAN_POINT('',(-1113.10081458042,-198.024390371741,4.30709592522628));
#9918=CARTESIAN_POINT('',(-1113.33332120458,-196.962589471994,-0.491983386419759));
#9919=CARTESIAN_POINT('',(-1113.33332120458,-198.277288548963,4.33207780069402));
#9920=CARTESIAN_POINT('',(-1113.5643451095,-197.213815223929,-0.467143511018199));
#9921=CARTESIAN_POINT('',(-1113.5643451095,-198.528514300898,4.35691767609552));
#9922=CARTESIAN_POINT('',(-1113.69021709482,-197.549352037802,-0.434055278972642));
#9923=CARTESIAN_POINT('',(-1113.69021709482,-198.864051114771,4.39000590814116));
#9924=CARTESIAN_POINT('',(-1113.69021835937,-197.89412100288,-0.400000000001419));
#9925=CARTESIAN_POINT('',(-1113.69021835937,-199.208820079848,4.42406118711235));
#9926=CARTESIAN_POINT('',(-1113.69021709482,-198.238889967959,-0.365944721030436));
#9927=CARTESIAN_POINT('',(-1113.69021709482,-199.553589044928,4.45811646608329));
#9928=CARTESIAN_POINT('',(-1113.5643451095,-198.57442678183,-0.332856488984562));
#9929=CARTESIAN_POINT('',(-1113.5643451095,-199.889125858799,4.4912046981293));
#9930=CARTESIAN_POINT('',(-1113.33332120458,-198.825652533766,-0.308016613583085));
#9931=CARTESIAN_POINT('',(-1113.33332120458,-200.140351610735,4.51604457353069));
#9932=CARTESIAN_POINT('',(-1113.10081458042,-199.078550710988,-0.283034738115313));
#9933=CARTESIAN_POINT('',(-1113.10081458042,-200.393249787957,4.54102644899845));
#9934=CARTESIAN_POINT('',(-1112.77988564909,-199.225592877141,-0.268544691659876));
#9935=CARTESIAN_POINT('',(-1112.77988564909,-200.540291954109,4.5555164954539));
#9936=CARTESIAN_POINT('',(-1112.44021835937,-199.225539307328,-0.268530092304492));
#9937=CARTESIAN_POINT('',(-1112.44021835937,-200.540238384297,4.55553109480928));
#9938=CARTESIAN_POINT('',(-1112.44021835937,-163.983997524564,-0.268530092304417));
#9939=CARTESIAN_POINT('',(-1112.44021835936,-165.298696601532,4.55553109480935));
#9940=CARTESIAN_POINT('',(-1112.10055106964,-163.984051094377,-0.268544691659747));
#9941=CARTESIAN_POINT('',(-1112.10055106964,-165.298750171345,4.555516495454));
#9942=CARTESIAN_POINT('',(-1111.77962213831,-163.837008928224,-0.28303473811515));
#9943=CARTESIAN_POINT('',(-1111.77962213831,-165.151708005193,4.54102644899864));
#9944=CARTESIAN_POINT('',(-1111.54711551415,-163.584110751002,-0.30801661358286));
#9945=CARTESIAN_POINT('',(-1111.54711551415,-164.898809827971,4.51604457353091));
#9946=CARTESIAN_POINT('',(-1111.31609160923,-163.332884999066,-0.332856488984224));
#9947=CARTESIAN_POINT('',(-1111.31609160923,-164.647584076035,4.49120469812949));
#9948=CARTESIAN_POINT('',(-1111.19021962391,-162.997348185197,-0.365944721030412));
#9949=CARTESIAN_POINT('',(-1111.19021962391,-164.312047262165,4.45811646608345));
#9950=CARTESIAN_POINT('',(-1111.19021835936,-162.652579220117,-0.400000000001182));
#9951=CARTESIAN_POINT('',(-1111.19021835936,-163.967278297085,4.42406118711259));
#9952=CARTESIAN_POINT('',(-1111.19021962391,-162.307810255036,-0.434055278971987));
#9953=CARTESIAN_POINT('',(-1111.19021962391,-163.622509332005,4.39000590814178));
#9954=CARTESIAN_POINT('',(-1111.31609160923,-161.972273441167,-0.46714351101823));
#9955=CARTESIAN_POINT('',(-1111.31609160923,-163.286972518136,4.3569176760955));
#9956=CARTESIAN_POINT('',(-1111.54711551415,-161.72104768923,-0.491983386419579));
#9957=CARTESIAN_POINT('',(-1111.54711551415,-163.035746766199,4.3320778006942));
#9958=CARTESIAN_POINT('',(-1111.77962213831,-161.468149512008,-0.516965261887339));
#9959=CARTESIAN_POINT('',(-1111.77962213831,-162.782848588977,4.30709592522642));
#9960=CARTESIAN_POINT('',(-1112.10055106964,-161.321107345856,-0.531455308342779));
#9961=CARTESIAN_POINT('',(-1112.10055106964,-162.635806422824,4.29260587877099));
#9962=CARTESIAN_POINT('',(-1112.44021835936,-161.321160915668,-0.531469907698161));
#9963=CARTESIAN_POINT('',(-1112.44021835936,-162.635859992637,4.29259127941561));
#9964=CARTESIAN_POINT('',(-1112.44021835936,-161.321160915668,-0.531469907698161));
#9965=CARTESIAN_POINT('',(-1112.44021835936,-162.635859992637,4.2925912794156));
#9966=CARTESIAN_POINT('',(-1112.77988564909,-161.321107345855,-0.531455308342824));
#9967=CARTESIAN_POINT('',(-1112.77988564909,-162.635806422824,4.29260587877093));
#9968=CARTESIAN_POINT('',(-1113.10081458042,-161.468149512008,-0.516965261887398));
#9969=CARTESIAN_POINT('',(-1113.10081458042,-162.782848588977,4.30709592522638));
#9970=CARTESIAN_POINT('',(-1113.33332120458,-161.72104768923,-0.491983386419693));
#9971=CARTESIAN_POINT('',(-1113.33332120458,-163.035746766199,4.33207780069406));
#9972=CARTESIAN_POINT('',(-1113.5643451095,-161.972273441166,-0.467143511018442));
#9973=CARTESIAN_POINT('',(-1113.5643451095,-163.286972518135,4.35691767609534));
#9974=CARTESIAN_POINT('',(-1113.69021709482,-162.307810255035,-0.434055278972202));
#9975=CARTESIAN_POINT('',(-1113.69021709482,-163.622509332004,4.39000590814156));
#9976=CARTESIAN_POINT('',(-1113.69021835937,-162.652579220116,-0.400000000001396));
#9977=CARTESIAN_POINT('',(-1113.69021835936,-163.967278297084,4.42406118711237));
#9978=CARTESIAN_POINT('',(-1113.69021709482,-162.997348185195,-0.365944721030439));
#9979=CARTESIAN_POINT('',(-1113.69021709482,-164.312047262163,4.4581164660833));
#9980=CARTESIAN_POINT('',(-1113.5643451095,-163.332884999065,-0.332856488984451));
#9981=CARTESIAN_POINT('',(-1113.5643451095,-164.647584076034,4.49120469812933));
#9982=CARTESIAN_POINT('',(-1113.33332120458,-163.584110751001,-0.308016613583017));
#9983=CARTESIAN_POINT('',(-1113.33332120458,-164.89880982797,4.51604457353075));
#9984=CARTESIAN_POINT('',(-1113.10081458042,-163.837008928223,-0.283034738115287));
#9985=CARTESIAN_POINT('',(-1113.10081458042,-165.151708005192,4.54102644899848));
#9986=CARTESIAN_POINT('',(-1112.77988564909,-163.984051094377,-0.268544691659794));
#9987=CARTESIAN_POINT('',(-1112.77988564909,-165.298750171345,4.55551649545397));
#9988=CARTESIAN_POINT('',(-1112.44021835937,-163.983997524564,-0.268530092304417));
#9989=CARTESIAN_POINT('',(-1112.44021835936,-165.298696601532,4.55553109480935));
#9990=CARTESIAN_POINT('',(-1119.09283287506,-203.963148309764,1.09999999999871));
#9991=CARTESIAN_POINT('',(-1119.09283287506,-203.963148309764,1.09999999999871));
#9992=CARTESIAN_POINT('',(-1058.21847073405,-145.003791682009,-0.268530092304382));
#9993=CARTESIAN_POINT('',(-1058.21841716423,-145.343458971734,-0.268544691659664));
#9994=CARTESIAN_POINT('',(-1058.36545933039,-145.664387903064,-0.283034738115243));
#9995=CARTESIAN_POINT('',(-1058.61835750761,-145.89689452722,-0.30801661358285));
#9996=CARTESIAN_POINT('',(-1058.86958325954,-146.127918432144,-0.332856488984228));
#9997=CARTESIAN_POINT('',(-1059.20512007341,-146.253790417461,-0.365944721030391));
#9998=CARTESIAN_POINT('',(-1059.54988903849,-146.253791682009,-0.400000000001206));
#9999=CARTESIAN_POINT('',(-1059.89465800358,-146.253790417461,-0.434055278971859));
#10000=CARTESIAN_POINT('',(-1060.23019481744,-146.127918432145,-0.467143511018194));
#10001=CARTESIAN_POINT('',(-1060.48142056938,-145.896894527221,-0.491983386419581));
#10002=CARTESIAN_POINT('',(-1060.7343187466,-145.664387903065,-0.516965261887334));
#10003=CARTESIAN_POINT('',(-1060.88136091275,-145.343458971734,-0.531455308342738));
#10004=CARTESIAN_POINT('',(-1060.88130734294,-145.003791682008,-0.531469907698118));
#10005=CARTESIAN_POINT('',(-1056.90377165708,-145.003791682009,4.5555310948094));
#10006=CARTESIAN_POINT('',(-1056.90371808726,-145.343458971734,4.5555164954541));
#10007=CARTESIAN_POINT('',(-1057.05076025342,-145.664387903064,4.54102644899856));
#10008=CARTESIAN_POINT('',(-1057.30365843064,-145.896894527221,4.51604457353093));
#10009=CARTESIAN_POINT('',(-1057.55488418258,-146.127918432145,4.49120469812956));
#10010=CARTESIAN_POINT('',(-1057.89042099644,-146.253790417461,4.45811646608339));
#10011=CARTESIAN_POINT('',(-1058.23518996153,-146.253791682009,4.42406118711257));
#10012=CARTESIAN_POINT('',(-1058.57995892661,-146.253790417462,4.39000590814191));
#10013=CARTESIAN_POINT('',(-1058.91549574047,-146.127918432145,4.3569176760956));
#10014=CARTESIAN_POINT('',(-1059.16672149241,-145.896894527221,4.33207780069419));
#10015=CARTESIAN_POINT('',(-1059.41961966963,-145.664387903065,4.30709592522647));
#10016=CARTESIAN_POINT('',(-1059.56666183579,-145.343458971734,4.29260587877104));
#10017=CARTESIAN_POINT('',(-1059.56660826597,-145.003791682009,4.29259127941566));
#10018=CARTESIAN_POINT('',(-1060.88130734294,-145.003791682008,-0.531469907698118));
#10019=CARTESIAN_POINT('',(-1060.88136091275,-144.664124392283,-0.531455308342763));
#10020=CARTESIAN_POINT('',(-1060.7343187466,-144.343195460952,-0.516965261887332));
#10021=CARTESIAN_POINT('',(-1060.48142056938,-144.110688836796,-0.49198338641965));
#10022=CARTESIAN_POINT('',(-1060.23019481744,-143.879664931873,-0.467143511018117));
#10023=CARTESIAN_POINT('',(-1059.89465800357,-143.753792946554,-0.434055278972449));
#10024=CARTESIAN_POINT('',(-1059.54988903849,-143.753791682007,-0.400000000001294));
#10025=CARTESIAN_POINT('',(-1059.20512007342,-143.753792946555,-0.365944721030253));
#10026=CARTESIAN_POINT('',(-1058.86958325954,-143.879664931873,-0.332856488984433));
#10027=CARTESIAN_POINT('',(-1058.61835750761,-144.110688836796,-0.30801661358295));
#10028=CARTESIAN_POINT('',(-1058.36545933039,-144.343195460952,-0.283034738115212));
#10029=CARTESIAN_POINT('',(-1058.21841716423,-144.664124392282,-0.268544691659729));
#10030=CARTESIAN_POINT('',(-1058.21847073405,-145.003791682008,-0.268530092304382));
#10031=CARTESIAN_POINT('',(-1059.56660826597,-145.003791682009,4.29259127941566));
#10032=CARTESIAN_POINT('',(-1059.56666183579,-144.664124392284,4.29260587877101));
#10033=CARTESIAN_POINT('',(-1059.41961966963,-144.343195460953,4.30709592522645));
#10034=CARTESIAN_POINT('',(-1059.16672149241,-144.110688836797,4.33207780069414));
#10035=CARTESIAN_POINT('',(-1058.91549574048,-143.879664931873,4.35691767609563));
#10036=CARTESIAN_POINT('',(-1058.5799589266,-143.753792946555,4.39000590814135));
#10037=CARTESIAN_POINT('',(-1058.23518996153,-143.753791682008,4.42406118711249));
#10038=CARTESIAN_POINT('',(-1057.89042099645,-143.753792946555,4.45811646608352));
#10039=CARTESIAN_POINT('',(-1057.55488418257,-143.879664931873,4.49120469812934));
#10040=CARTESIAN_POINT('',(-1057.30365843064,-144.110688836797,4.51604457353083));
#10041=CARTESIAN_POINT('',(-1057.05076025342,-144.343195460953,4.54102644899856));
#10042=CARTESIAN_POINT('',(-1056.90371808726,-144.664124392282,4.55551649545407));
#10043=CARTESIAN_POINT('',(-1056.90377165708,-145.003791682008,4.5555310948094));
#10044=CARTESIAN_POINT('',(-1093.46001251681,-145.003791682009,-0.268530092304382));
#10045=CARTESIAN_POINT('',(-1093.459958947,-145.343458971734,-0.268544691659708));
#10046=CARTESIAN_POINT('',(-1093.60700111315,-145.664387903065,-0.283034738115096));
#10047=CARTESIAN_POINT('',(-1093.85989929037,-145.896894527221,-0.30801661358282));
#10048=CARTESIAN_POINT('',(-1094.11112504231,-146.127918432144,-0.332856488984242));
#10049=CARTESIAN_POINT('',(-1094.44666185618,-146.253790417462,-0.365944721030354));
#10050=CARTESIAN_POINT('',(-1094.79143082126,-146.253791682009,-0.400000000001145));
#10051=CARTESIAN_POINT('',(-1095.13619978634,-146.253790417462,-0.434055278971994));
#10052=CARTESIAN_POINT('',(-1095.47173660021,-146.127918432145,-0.467143511018158));
#10053=CARTESIAN_POINT('',(-1095.72296235214,-145.896894527221,-0.491983386419563));
#10054=CARTESIAN_POINT('',(-1095.97586052937,-145.664387903065,-0.516965261887268));
#10055=CARTESIAN_POINT('',(-1096.12290269552,-145.343458971735,-0.531455308342706));
#10056=CARTESIAN_POINT('',(-1096.12284912571,-145.003791682009,-0.531469907698118));
#10057=CARTESIAN_POINT('',(-1092.14531343984,-145.003791682009,4.55553109480938));
#10058=CARTESIAN_POINT('',(-1092.14525987003,-145.343458971734,4.55551649545406));
#10059=CARTESIAN_POINT('',(-1092.29230203618,-145.664387903065,4.54102644899868));
#10060=CARTESIAN_POINT('',(-1092.5452002134,-145.896894527221,4.51604457353095));
#10061=CARTESIAN_POINT('',(-1092.79642596534,-146.127918432145,4.49120469812954));
#10062=CARTESIAN_POINT('',(-1093.13196277921,-146.253790417462,4.45811646608339));
#10063=CARTESIAN_POINT('',(-1093.47673174429,-146.253791682009,4.42406118711263));
#10064=CARTESIAN_POINT('',(-1093.82150070937,-146.253790417462,4.39000590814178));
#10065=CARTESIAN_POINT('',(-1094.15703752324,-146.127918432145,4.35691767609559));
#10066=CARTESIAN_POINT('',(-1094.40826327517,-145.896894527222,4.3320778006942));
#10067=CARTESIAN_POINT('',(-1094.6611614524,-145.664387903065,4.30709592522648));
#10068=CARTESIAN_POINT('',(-1094.80820361855,-145.343458971735,4.29260587877107));
#10069=CARTESIAN_POINT('',(-1094.80815004874,-145.003791682009,4.29259127941565));
#10070=CARTESIAN_POINT('',(-1096.12284912571,-145.003791682009,-0.531469907698118));
#10071=CARTESIAN_POINT('',(-1096.12290269552,-144.664124392283,-0.531455308342786));
#10072=CARTESIAN_POINT('',(-1095.97586052937,-144.343195460953,-0.516965261887369));
#10073=CARTESIAN_POINT('',(-1095.72296235214,-144.110688836797,-0.491983386419653));
#10074=CARTESIAN_POINT('',(-1095.47173660021,-143.879664931873,-0.467143511018319));
#10075=CARTESIAN_POINT('',(-1095.13619978634,-143.753792946556,-0.434055278972224));
#10076=CARTESIAN_POINT('',(-1094.79143082126,-143.753791682008,-0.400000000001357));
#10077=CARTESIAN_POINT('',(-1094.44666185618,-143.753792946555,-0.365944721030369));
#10078=CARTESIAN_POINT('',(-1094.11112504231,-143.879664931873,-0.332856488984448));
#10079=CARTESIAN_POINT('',(-1093.85989929037,-144.110688836796,-0.308016613582946));
#10080=CARTESIAN_POINT('',(-1093.60700111315,-144.343195460952,-0.283034738115232));
#10081=CARTESIAN_POINT('',(-1093.459958947,-144.664124392283,-0.268544691659776));
#10082=CARTESIAN_POINT('',(-1093.46001251681,-145.003791682008,-0.268530092304381));
#10083=CARTESIAN_POINT('',(-1094.80815004874,-145.00379168201,4.29259127941565));
#10084=CARTESIAN_POINT('',(-1094.80820361855,-144.664124392284,4.29260587877097));
#10085=CARTESIAN_POINT('',(-1094.6611614524,-144.343195460954,4.30709592522642));
#10086=CARTESIAN_POINT('',(-1094.40826327517,-144.110688836798,4.33207780069412));
#10087=CARTESIAN_POINT('',(-1094.15703752324,-143.879664931873,4.35691767609544));
#10088=CARTESIAN_POINT('',(-1093.82150070937,-143.753792946556,4.39000590814153));
#10089=CARTESIAN_POINT('',(-1093.47673174429,-143.753791682009,4.42406118711241));
#10090=CARTESIAN_POINT('',(-1093.13196277921,-143.753792946556,4.4581164660834));
#10091=CARTESIAN_POINT('',(-1092.79642596534,-143.879664931873,4.49120469812933));
#10092=CARTESIAN_POINT('',(-1092.5452002134,-144.110688836797,4.51604457353081));
#10093=CARTESIAN_POINT('',(-1092.29230203618,-144.343195460953,4.54102644899853));
#10094=CARTESIAN_POINT('',(-1092.14525987003,-144.664124392283,4.555516495454));
#10095=CARTESIAN_POINT('',(-1092.14531343984,-145.003791682009,4.55553109480938));
#10096=CARTESIAN_POINT('',(-1053.4808617316,-164.003535025475,1.09999999999871));
#10097=CARTESIAN_POINT('',(-1053.4808617316,-164.003535025475,1.09999999999871));
#10098=CARTESIAN_POINT('',(-1112.44021835937,-164.184868182945,0.468530094092442));
#10099=CARTESIAN_POINT('',(-1112.44021835936,-163.702462070728,1.09999999999871));
#10100=CARTESIAN_POINT('',(-1111.81744364891,-164.200609775902,0.46688940529017));
#10101=CARTESIAN_POINT('',(-1112.06662593112,-163.712183439778,1.09999999999871));
#10102=CARTESIAN_POINT('',(-1110.9770022699,-163.389593707878,0.551526076971346));
#10103=CARTESIAN_POINT('',(-1111.5622681393,-163.211727019371,1.09999999999871));
#10104=CARTESIAN_POINT('',(-1111.35619418708,-162.01838863443,0.694625561011629));
#10105=CARTESIAN_POINT('',(-1111.78978647089,-162.365600786269,1.09999999999871));
#10106=CARTESIAN_POINT('',(-1112.06267518793,-161.662740686209,0.731739847896505));
#10107=CARTESIAN_POINT('',(-1112.2137645791,-162.146137303722,1.09999999999871));
#10108=CARTESIAN_POINT('',(-1112.44021835936,-161.665349296133,0.731469905939098));
#10109=CARTESIAN_POINT('',(-1112.44021835936,-162.147755408399,1.09999999999871));
#10110=CARTESIAN_POINT('',(-1112.44021835936,-161.665349296133,0.731469905939098));
#10111=CARTESIAN_POINT('',(-1112.44021835936,-162.147755408399,1.09999999999871));
#10112=CARTESIAN_POINT('',(-1112.8177674059,-161.662740462499,0.731739871460407));
#10113=CARTESIAN_POINT('',(-1112.66667566448,-162.146137166466,1.09999999999871));
#10114=CARTESIAN_POINT('',(-1113.52424658436,-162.018394353204,0.694624963897518));
#10115=CARTESIAN_POINT('',(-1113.09065267915,-162.365604314055,1.0999999999987));
#10116=CARTESIAN_POINT('',(-1113.90342961432,-163.389598216975,0.551525606678697));
#10117=CARTESIAN_POINT('',(-1113.31816567882,-163.211729802778,1.09999999999871));
#10118=CARTESIAN_POINT('',(-1113.06299332742,-164.200609718526,0.466889411121756));
#10119=CARTESIAN_POINT('',(-1112.81381094178,-163.712183403848,1.09999999999871));
#10120=CARTESIAN_POINT('',(-1112.44021835937,-164.184868182945,0.468530094092442));
#10121=CARTESIAN_POINT('',(-1112.44021835936,-163.702462070728,1.09999999999871));
#10122=CARTESIAN_POINT('',(-1112.44021835937,-199.426409965709,0.468530094092441));
#10123=CARTESIAN_POINT('',(-1112.44021835936,-198.944003853493,1.09999999999871));
#10124=CARTESIAN_POINT('',(-1111.81744364892,-199.442151558667,0.466889405290208));
#10125=CARTESIAN_POINT('',(-1112.06662593113,-198.953725222543,1.09999999999871));
#10126=CARTESIAN_POINT('',(-1110.97700226989,-198.631135490642,0.551526076971314));
#10127=CARTESIAN_POINT('',(-1111.5622681393,-198.453268802135,1.0999999999987));
#10128=CARTESIAN_POINT('',(-1111.35619418708,-197.259930417194,0.694625561011546));
#10129=CARTESIAN_POINT('',(-1111.78978647089,-197.607142569033,1.09999999999871));
#10130=CARTESIAN_POINT('',(-1112.06267518793,-196.904282468973,0.731739847896535));
#10131=CARTESIAN_POINT('',(-1112.2137645791,-197.387679086486,1.09999999999871));
#10132=CARTESIAN_POINT('',(-1112.44021835937,-196.906891078897,0.731469905939095));
#10133=CARTESIAN_POINT('',(-1112.44021835937,-197.389297191163,1.09999999999871));
#10134=CARTESIAN_POINT('',(-1112.44021835937,-196.906891078897,0.731469905939095));
#10135=CARTESIAN_POINT('',(-1112.44021835937,-197.389297191163,1.09999999999871));
#10136=CARTESIAN_POINT('',(-1112.8177674059,-196.904282245263,0.731739871460337));
#10137=CARTESIAN_POINT('',(-1112.66667566448,-197.38767894923,1.09999999999871));
#10138=CARTESIAN_POINT('',(-1113.52424658437,-197.259936135968,0.694624963897755));
#10139=CARTESIAN_POINT('',(-1113.09065267915,-197.607146096819,1.09999999999871));
#10140=CARTESIAN_POINT('',(-1113.90342961433,-198.631139999739,0.551525606678511));
#10141=CARTESIAN_POINT('',(-1113.31816567882,-198.453271585541,1.09999999999871));
#10142=CARTESIAN_POINT('',(-1113.06299332742,-199.442151501291,0.466889411121819));
#10143=CARTESIAN_POINT('',(-1112.81381094178,-198.953725186613,1.09999999999871));
#10144=CARTESIAN_POINT('',(-1112.44021835937,-199.426409965709,0.468530094092441));
#10145=CARTESIAN_POINT('',(-1112.44021835936,-198.944003853493,1.09999999999871));
#10146=CARTESIAN_POINT('',(-1058.01760007566,-145.003791682008,0.46853009409244));
#10147=CARTESIAN_POINT('',(-1058.00185848271,-145.626566392459,0.466889405290263));
#10148=CARTESIAN_POINT('',(-1058.81287455073,-146.467007771477,0.551526076971595));
#10149=CARTESIAN_POINT('',(-1060.18407962418,-146.087815854294,0.694625561011478));
#10150=CARTESIAN_POINT('',(-1060.5397275724,-145.381334853442,0.731739847896544));
#10151=CARTESIAN_POINT('',(-1060.53711896248,-145.003791682008,0.731469905939086));
#10152=CARTESIAN_POINT('',(-1058.50000618788,-145.003791682014,1.09999999999871));
#10153=CARTESIAN_POINT('',(-1058.49028481883,-145.377384110248,1.09999999999871));
#10154=CARTESIAN_POINT('',(-1058.99074123924,-145.881741902075,1.09999999999871));
#10155=CARTESIAN_POINT('',(-1059.83686747234,-145.65422357048,1.09999999999871));
#10156=CARTESIAN_POINT('',(-1060.05633095489,-145.230245462276,1.09999999999871));
#10157=CARTESIAN_POINT('',(-1060.05471285021,-145.003791682009,1.09999999999871));
#10158=CARTESIAN_POINT('',(-1060.53711896248,-145.003791682008,0.731469905939086));
#10159=CARTESIAN_POINT('',(-1060.53972779611,-144.626242635477,0.731739871460326));
#10160=CARTESIAN_POINT('',(-1060.18407390541,-143.919763457009,0.694624963897617));
#10161=CARTESIAN_POINT('',(-1058.81287004163,-143.540580427049,0.551525606678471));
#10162=CARTESIAN_POINT('',(-1058.00185854008,-144.381016713953,0.466889411121774));
#10163=CARTESIAN_POINT('',(-1058.01760007566,-145.003791682008,0.46853009409244));
#10164=CARTESIAN_POINT('',(-1060.05471285021,-145.003791682009,1.09999999999871));
#10165=CARTESIAN_POINT('',(-1060.05633109214,-144.777334376897,1.09999999999871));
#10166=CARTESIAN_POINT('',(-1059.83686394455,-144.353357362224,1.09999999999871));
#10167=CARTESIAN_POINT('',(-1058.99073845583,-144.125844362552,1.0999999999987));
#10168=CARTESIAN_POINT('',(-1058.49028485476,-144.630199099594,1.09999999999871));
#10169=CARTESIAN_POINT('',(-1058.50000618788,-145.003791682014,1.09999999999871));
#10170=CARTESIAN_POINT('',(-1093.25914185843,-145.003791682008,0.468530094092446));
#10171=CARTESIAN_POINT('',(-1093.24340026547,-145.626566392457,0.46688940529005));
#10172=CARTESIAN_POINT('',(-1094.0544163335,-146.467007771479,0.551526076971506));
#10173=CARTESIAN_POINT('',(-1095.42562140694,-146.087815854294,0.694625561011589));
#10174=CARTESIAN_POINT('',(-1095.78126935516,-145.381334853442,0.731739847896488));
#10175=CARTESIAN_POINT('',(-1095.77866074524,-145.003791682009,0.731469905939094));
#10176=CARTESIAN_POINT('',(-1093.74154797065,-145.003791682013,1.09999999999871));
#10177=CARTESIAN_POINT('',(-1093.7318266016,-145.377384110248,1.09999999999871));
#10178=CARTESIAN_POINT('',(-1094.232283022,-145.881741902075,1.09999999999871));
#10179=CARTESIAN_POINT('',(-1095.07840925511,-145.65422357048,1.09999999999871));
#10180=CARTESIAN_POINT('',(-1095.29787273765,-145.230245462277,1.09999999999871));
#10181=CARTESIAN_POINT('',(-1095.29625463297,-145.00379168201,1.09999999999871));
#10182=CARTESIAN_POINT('',(-1095.77866074524,-145.003791682009,0.731469905939094));
#10183=CARTESIAN_POINT('',(-1095.78126957887,-144.626242635481,0.731739871460416));
#10184=CARTESIAN_POINT('',(-1095.42561568817,-143.919763457009,0.694624963897671));
#10185=CARTESIAN_POINT('',(-1094.0544118244,-143.540580427051,0.551525606678627));
#10186=CARTESIAN_POINT('',(-1093.24340032285,-144.381016713952,0.466889411121825));
#10187=CARTESIAN_POINT('',(-1093.25914185843,-145.003791682008,0.468530094092446));
#10188=CARTESIAN_POINT('',(-1095.29625463297,-145.00379168201,1.09999999999871));
#10189=CARTESIAN_POINT('',(-1095.29787287491,-144.777334376899,1.09999999999871));
#10190=CARTESIAN_POINT('',(-1095.07840572732,-144.353357362225,1.09999999999871));
#10191=CARTESIAN_POINT('',(-1094.2322802386,-144.125844362552,1.09999999999871));
#10192=CARTESIAN_POINT('',(-1093.73182663753,-144.630199099594,1.09999999999871));
#10193=CARTESIAN_POINT('',(-1093.74154797065,-145.003791682013,1.09999999999871));
#10194=CARTESIAN_POINT('',(-1111.44021835937,-145.003791682008,14.1000000000206));
#10195=CARTESIAN_POINT('',(-1111.94021835908,-145.003791682026,14.6000000000205));
#10196=CARTESIAN_POINT('',(-1111.44021835937,-144.003791682008,14.1000000000206));
#10197=CARTESIAN_POINT('',(-1111.94021835906,-144.503791681737,14.6000000000205));
#10198=CARTESIAN_POINT('',(-1112.44021835937,-144.003791682008,14.1000000000206));
#10199=CARTESIAN_POINT('',(-1112.44021835935,-144.503791681719,14.6000000000205));
#10200=CARTESIAN_POINT('',(-1113.44021835937,-144.003791682008,14.1000000000206));
#10201=CARTESIAN_POINT('',(-1112.94021835964,-144.503791681701,14.6000000000205));
#10202=CARTESIAN_POINT('',(-1113.44021835937,-145.003791682008,14.1000000000206));
#10203=CARTESIAN_POINT('',(-1112.94021835966,-145.00379168199,14.6000000000205));
#10204=CARTESIAN_POINT('',(-1111.94021835908,-145.00379168199,14.6000000000205));
#10205=CARTESIAN_POINT('',(-1111.44021835937,-145.003791682008,14.1000000000205));
#10206=CARTESIAN_POINT('',(-1111.94021835906,-145.503791682279,14.6000000000205));
#10207=CARTESIAN_POINT('',(-1111.44021835937,-146.003791682008,14.1000000000205));
#10208=CARTESIAN_POINT('',(-1112.44021835935,-145.503791682297,14.6000000000205));
#10209=CARTESIAN_POINT('',(-1112.44021835937,-146.003791682008,14.1000000000205));
#10210=CARTESIAN_POINT('',(-1112.94021835964,-145.503791682315,14.6000000000205));
#10211=CARTESIAN_POINT('',(-1113.44021835937,-146.003791682008,14.1000000000205));
#10212=CARTESIAN_POINT('',(-1112.94021835965,-145.003791682026,14.6000000000205));
#10213=CARTESIAN_POINT('',(-1113.44021835937,-145.003791682008,14.1000000000205));
#10214=CARTESIAN_POINT('',(-1127.44021835937,-214.678850176434,1.85972971520317));
#10215=CARTESIAN_POINT('',(-1127.44021835937,-130.003791682008,1.85972971520141));
#10216=CARTESIAN_POINT('',(-1066.82938812493,-214.678850176434,1.85972971520317));
#10217=CARTESIAN_POINT('',(-1042.76515986494,-190.61462191644,1.85972971520268));
#10218=CARTESIAN_POINT('',(-1042.76515986494,-130.003791682008,1.85972971520141));
#10219=CARTESIAN_POINT('',(-1042.76515986494,-130.003791682008,-1.90000000000179));
#10220=CARTESIAN_POINT('',(-1127.44021835937,-130.003791682008,-1.90000000000179));
#10221=CARTESIAN_POINT('',(-1042.76515986494,-190.61462191644,-1.90000000000051));
#10222=CARTESIAN_POINT('',(-1066.82938812493,-214.678850176434,-1.90000000000002));
#10223=CARTESIAN_POINT('',(-1127.44021835937,-214.678850176434,-1.90000000000002));
#10224=CARTESIAN_POINT('',(-1106.44021835936,-151.003791682009,0.0999999999986443));
#10225=CARTESIAN_POINT('',(-1118.44021835937,-151.003791682008,0.0999999999986585));
#10226=CARTESIAN_POINT('',(-1118.44021835937,-139.003791682008,0.0999999999984134));
#10227=CARTESIAN_POINT('',(-1106.44021835937,-139.003791682008,0.0999999999984134));
#10228=CARTESIAN_POINT('',(-1062.81496572325,-189.175041721192,-1.90000000000055));
#10229=CARTESIAN_POINT('',(-1067.52004140479,-185.806101252421,-1.90000000000062));
#10230=CARTESIAN_POINT('',(-1062.44034779751,-193.735362372091,-1.90000000000045));
#10231=CARTESIAN_POINT('',(-1063.77568954196,-195.070389684777,-1.90000000000042));
#10232=CARTESIAN_POINT('',(-1068.33708426051,-194.695859969999,-1.90000000000043));
#10233=CARTESIAN_POINT('',(-1071.70681819761,-189.991892188542,-1.90000000000052));
#10234=CARTESIAN_POINT('',(-1062.77155583252,-189.175041721193,0.0999999999994543));
#10235=CARTESIAN_POINT('',(-1067.47663151406,-185.806101252422,0.0999999999993832));
#10236=CARTESIAN_POINT('',(-1062.39693790678,-193.735362372092,0.0999999999995538));
#10237=CARTESIAN_POINT('',(-1063.73227965123,-195.070389684778,0.0999999999995786));
#10238=CARTESIAN_POINT('',(-1068.29367436978,-194.69585997,0.0999999999995715));
#10239=CARTESIAN_POINT('',(-1071.66340830688,-189.991892188543,0.0999999999994756));
#10240=CARTESIAN_POINT('',(-1125.64021835937,-131.803791682008,0.0999999999982641));
#10241=CARTESIAN_POINT('',(-1125.64021835937,-212.878850176434,0.0999999999980119));
#10242=CARTESIAN_POINT('',(-1067.5749725372,-212.878850176434,0.0999999999980119));
#10243=CARTESIAN_POINT('',(-1044.56515986494,-189.869037504169,0.099999999998083));
#10244=CARTESIAN_POINT('',(-1044.56515986494,-131.803791682008,0.0999999999982641));
#10245=CARTESIAN_POINT('',(-1125.64021835937,-212.878850176434,1.85972971520313));
#10246=CARTESIAN_POINT('',(-1125.64021835937,-131.803791682008,1.85972971520144));
#10247=CARTESIAN_POINT('',(-1067.5749725372,-212.878850176434,1.85972971520313));
#10248=CARTESIAN_POINT('',(-1044.56515986494,-189.869037504169,1.85972971520265));
#10249=CARTESIAN_POINT('',(-1044.56515986494,-131.803791682008,1.85972971520144));
#10250=CARTESIAN_POINT('',(-1117.44021835937,-140.003791682008,10.5999999999984));
#10251=CARTESIAN_POINT('',(-1107.44021835937,-140.003791682008,10.5999999999984));
#10252=CARTESIAN_POINT('',(-1107.44021835937,-150.003791682008,10.5999999999986));
#10253=CARTESIAN_POINT('',(-1117.44021835937,-150.003791682008,10.5999999999986));
#10254=CARTESIAN_POINT('',(-1117.44021835937,-140.003791682008,1.09999999999844));
#10255=CARTESIAN_POINT('',(-1107.44021835937,-140.003791682008,1.09999999999841));
#10256=CARTESIAN_POINT('',(-1107.44021835937,-150.003791682008,1.09999999999863));
#10257=CARTESIAN_POINT('',(-1117.44021835937,-150.003791682008,1.09999999999863));
#10258=CARTESIAN_POINT('',(-1105.63120136499,-153.003791681885,2.09999999999871));
#10259=CARTESIAN_POINT('',(-1103.24923535374,-153.003791681885,2.0999999999988));
#10260=CARTESIAN_POINT('',(-1102.24923535374,-153.003791681885,0.0999999999987496));
#10261=CARTESIAN_POINT('',(-1106.63120136499,-153.003791681885,0.099999999998685));
#10262=CARTESIAN_POINT('',(-1121.63120136499,-137.003791681885,2.09999999999877));
#10263=CARTESIAN_POINT('',(-1119.24923535374,-137.003791681885,2.09999999999877));
#10264=CARTESIAN_POINT('',(-1118.24923535374,-137.003791681885,0.0999999999988114));
#10265=CARTESIAN_POINT('',(-1122.63120136499,-137.003791681885,0.0999999999987162));
#10266=CARTESIAN_POINT('',(-1111.44021835937,-145.003791682008,10.6000000000205));
#10267=CARTESIAN_POINT('',(-1113.44021835937,-145.003791682008,10.6000000000205));
#10268=CARTESIAN_POINT('',(-1058.1180354051,-145.003791682008,0.0999999999987661));
#10269=CARTESIAN_POINT('',(-1060.70921315247,-145.003791682008,0.0999999999987461));
#10270=CARTESIAN_POINT('',(-1093.35957718786,-145.003791682008,0.0999999999987461));
#10271=CARTESIAN_POINT('',(-1095.95075493523,-145.003791682009,0.0999999999987463));
#10272=CARTESIAN_POINT('',(-1112.44021835937,-199.325974636275,0.0999999999986355));
#10273=CARTESIAN_POINT('',(-1112.44021835937,-196.734796888904,0.0999999999986382));
#10274=CARTESIAN_POINT('',(-1112.44021835937,-164.08443285351,0.0999999999987067));
#10275=CARTESIAN_POINT('',(-1112.44021835936,-161.49325510614,0.0999999999987061));
#10276=CARTESIAN_POINT('',(-1121.63120136499,-153.003791681884,2.09999999999874));
#10277=CARTESIAN_POINT('',(-1119.24923535374,-153.003791681884,2.09999999999878));
#10278=CARTESIAN_POINT('',(-1118.24923535374,-153.003791681885,0.0999999999987626));
#10279=CARTESIAN_POINT('',(-1122.63120136499,-153.003791681885,0.0999999999987096));
#10280=CARTESIAN_POINT('',(-1105.63120136499,-137.003791681885,2.09999999999877));
#10281=CARTESIAN_POINT('',(-1103.24923535374,-137.003791681885,2.09999999999877));
#10282=CARTESIAN_POINT('',(-1102.24923535374,-137.003791681885,0.0999999999987733));
#10283=CARTESIAN_POINT('',(-1106.63120136499,-137.003791681885,0.0999999999987468));
#10284=CARTESIAN_POINT('',(-1112.44021835937,-164.184868182945,0.468530094092434));
#10285=CARTESIAN_POINT('',(-1112.44021835936,-161.665349296133,0.731469905939101));
#10286=CARTESIAN_POINT('',(-1112.44021835936,-162.147755408399,1.09999999999871));
#10287=CARTESIAN_POINT('',(-1112.44021835936,-163.702462070728,1.09999999999871));
#10288=CARTESIAN_POINT('',(-1112.44021835937,-199.426409965709,0.468530094092407));
#10289=CARTESIAN_POINT('',(-1112.44021835936,-196.906891078897,0.731469905939098));
#10290=CARTESIAN_POINT('',(-1112.44021835937,-197.389297191163,1.09999999999871));
#10291=CARTESIAN_POINT('',(-1112.44021835936,-198.944003853493,1.09999999999871));
#10292=CARTESIAN_POINT('',(-1058.01760007566,-145.003791682008,0.468530094092453));
#10293=CARTESIAN_POINT('',(-1060.53711896248,-145.003791682008,0.73146990593907));
#10294=CARTESIAN_POINT('',(-1060.05471285021,-145.003791682009,1.09999999999871));
#10295=CARTESIAN_POINT('',(-1058.50000618788,-145.003791682014,1.09999999999871));
#10296=CARTESIAN_POINT('',(-1093.25914185843,-145.003791682008,0.468530094092447));
#10297=CARTESIAN_POINT('',(-1095.77866074524,-145.003791682009,0.731469905939097));
#10298=CARTESIAN_POINT('',(-1095.29625463297,-145.00379168201,1.09999999999871));
#10299=CARTESIAN_POINT('',(-1093.74154797065,-145.003791682013,1.09999999999871));
#10300=CARTESIAN_POINT('',(-1111.44021835937,-145.003791682008,14.1000000000206));
#10301=CARTESIAN_POINT('',(-1113.44021835937,-145.003791682008,14.1000000000206));
#10302=CARTESIAN_POINT('',(-1111.94021835908,-145.003791682008,14.6000000000205));
#10303=CARTESIAN_POINT('',(-1112.94021835965,-145.003791682008,14.6000000000205));
#10304=CARTESIAN_POINT('',(-1127.44021835937,-130.003791682008,1.85972971520141));
#10305=CARTESIAN_POINT('',(-1127.44021835937,-214.678850176434,1.85972971520317));
#10306=CARTESIAN_POINT('',(-1127.44021835937,-214.678850176434,1.85972971520317));
#10307=CARTESIAN_POINT('',(-1066.82938812493,-214.678850176434,1.85972971520317));
#10308=CARTESIAN_POINT('',(-1066.82938812493,-214.678850176434,1.85972971520317));
#10309=CARTESIAN_POINT('',(-1042.76515986494,-190.61462191644,1.85972971520268));
#10310=CARTESIAN_POINT('',(-1042.76515986494,-190.61462191644,1.85972971520268));
#10311=CARTESIAN_POINT('',(-1042.76515986494,-130.003791682008,1.85972971520141));
#10312=CARTESIAN_POINT('',(-1042.76515986494,-130.003791682008,1.85972971520141));
#10313=CARTESIAN_POINT('',(-1127.44021835937,-130.003791682008,1.85972971520141));
#10314=CARTESIAN_POINT('',(-1127.44021835937,-130.003791682008,-1.90000000000179));
#10315=CARTESIAN_POINT('',(-1042.76515986494,-130.003791682008,-1.90000000000179));
#10316=CARTESIAN_POINT('',(-1042.76515986494,-130.003791682008,-1.90000000000179));
#10317=CARTESIAN_POINT('',(-1042.76515986494,-190.61462191644,-1.90000000000051));
#10318=CARTESIAN_POINT('',(-1042.76515986494,-190.61462191644,-1.90000000000051));
#10319=CARTESIAN_POINT('',(-1066.82938812493,-214.678850176434,-1.90000000000002));
#10320=CARTESIAN_POINT('',(-1066.82938812493,-214.678850176434,-1.90000000000002));
#10321=CARTESIAN_POINT('',(-1127.44021835937,-214.678850176434,-1.90000000000002));
#10322=CARTESIAN_POINT('',(-1127.44021835937,-214.678850176434,-1.90000000000002));
#10323=CARTESIAN_POINT('',(-1127.44021835937,-130.003791682008,-1.90000000000179));
#10324=CARTESIAN_POINT('',(-1127.44021835937,-214.678850176434,-1.90000000000002));
#10325=CARTESIAN_POINT('',(-1127.44021835937,-214.678850176434,1.85972971520317));
#10326=CARTESIAN_POINT('',(-1066.82938812493,-214.678850176434,-1.90000000000002));
#10327=CARTESIAN_POINT('',(-1066.82938812493,-214.678850176434,1.85972971520317));
#10328=CARTESIAN_POINT('',(-1042.76515986494,-190.61462191644,-1.90000000000051));
#10329=CARTESIAN_POINT('',(-1042.76515986494,-190.61462191644,1.85972971520268));
#10330=CARTESIAN_POINT('',(-1127.44021835937,-130.003791682008,-1.90000000000179));
#10331=CARTESIAN_POINT('',(-1127.44021835937,-130.003791682008,1.85972971520141));
#10332=CARTESIAN_POINT('',(-1042.76515986494,-130.003791682008,-1.90000000000179));
#10333=CARTESIAN_POINT('',(-1042.76515986494,-130.003791682008,1.85972971520141));
#10334=CARTESIAN_POINT('',(-1106.44021835936,-151.003791682009,0.0999999999986443));
#10335=CARTESIAN_POINT('',(-1118.44021835937,-151.003791682008,0.0999999999986585));
#10336=CARTESIAN_POINT('',(-1118.44021835937,-151.003791682008,0.0999999999986585));
#10337=CARTESIAN_POINT('',(-1118.44021835937,-139.003791682008,0.0999999999984134));
#10338=CARTESIAN_POINT('',(-1106.44021835937,-139.003791682008,0.0999999999984134));
#10339=CARTESIAN_POINT('',(-1106.44021835936,-151.003791682009,0.0999999999986443));
#10340=CARTESIAN_POINT('',(-1118.44021835937,-139.003791682008,0.0999999999984134));
#10341=CARTESIAN_POINT('',(-1106.44021835937,-139.003791682008,0.0999999999984134));
#10342=CARTESIAN_POINT('',(-1062.81496572325,-189.175041721192,-1.90000000000055));
#10343=CARTESIAN_POINT('',(-1064.38332428376,-188.052061564935,-1.90000000000057));
#10344=CARTESIAN_POINT('',(-1065.95168284428,-186.929081408678,-1.90000000000059));
#10345=CARTESIAN_POINT('',(-1067.52004140479,-185.806101252421,-1.90000000000062));
#10346=CARTESIAN_POINT('',(-1062.44034779751,-193.735362372091,-1.90000000000045));
#10347=CARTESIAN_POINT('',(-1061.81714515798,-193.11230647754,-1.90000000000046));
#10348=CARTESIAN_POINT('',(-1061.49938009742,-192.246786321769,-1.90000000000048));
#10349=CARTESIAN_POINT('',(-1061.57153016186,-191.368484974754,-1.9000000000005));
#10350=CARTESIAN_POINT('',(-1061.64368188678,-190.490163414109,-1.90000000000051));
#10351=CARTESIAN_POINT('',(-1062.09845138595,-189.688082171711,-1.90000000000053));
#10352=CARTESIAN_POINT('',(-1062.81496572325,-189.175041721192,-1.90000000000055));
#10353=CARTESIAN_POINT('',(-1063.77568954196,-195.070389684777,-1.90000000000042));
#10354=CARTESIAN_POINT('',(-1063.33057562714,-194.625380580548,-1.90000000000043));
#10355=CARTESIAN_POINT('',(-1062.88546171233,-194.18037147632,-1.90000000000044));
#10356=CARTESIAN_POINT('',(-1062.44034779751,-193.735362372091,-1.90000000000045));
#10357=CARTESIAN_POINT('',(-1068.33708426051,-194.695859969999,-1.90000000000043));
#10358=CARTESIAN_POINT('',(-1067.82382694553,-195.412339644173,-1.90000000000041));
#10359=CARTESIAN_POINT('',(-1067.02148845078,-195.86688150174,-1.9000000000004));
#10360=CARTESIAN_POINT('',(-1066.14312439713,-195.9390027407,-1.9000000000004));
#10361=CARTESIAN_POINT('',(-1065.26474012128,-196.011125640075,-1.9000000000004));
#10362=CARTESIAN_POINT('',(-1064.39898011022,-195.693533487351,-1.90000000000041));
#10363=CARTESIAN_POINT('',(-1063.77568954196,-195.070389684777,-1.90000000000042));
#10364=CARTESIAN_POINT('',(-1071.70681819761,-189.991892188542,-1.90000000000052));
#10365=CARTESIAN_POINT('',(-1070.58357355191,-191.559881449028,-1.90000000000049));
#10366=CARTESIAN_POINT('',(-1069.46032890621,-193.127870709513,-1.90000000000046));
#10367=CARTESIAN_POINT('',(-1068.33708426051,-194.695859969999,-1.90000000000043));
#10368=CARTESIAN_POINT('',(-1067.52004140479,-185.806101252421,-1.90000000000062));
#10369=CARTESIAN_POINT('',(-1068.71372522241,-184.951396675434,-1.90000000000063));
#10370=CARTESIAN_POINT('',(-1070.35078933938,-185.08575162469,-1.90000000000063));
#10371=CARTESIAN_POINT('',(-1071.38906341239,-186.123781216201,-1.90000000000061));
#10372=CARTESIAN_POINT('',(-1072.427269812,-187.161743150255,-1.90000000000058));
#10373=CARTESIAN_POINT('',(-1072.56177980386,-188.798411657065,-1.90000000000055));
#10374=CARTESIAN_POINT('',(-1071.70681819761,-189.991892188542,-1.90000000000052));
#10375=CARTESIAN_POINT('',(-1062.77155583252,-189.175041721193,0.0999999999994543));
#10376=CARTESIAN_POINT('',(-1064.33991439303,-188.052061564936,0.099999999999433));
#10377=CARTESIAN_POINT('',(-1065.90827295354,-186.929081408679,0.0999999999994117));
#10378=CARTESIAN_POINT('',(-1067.47663151406,-185.806101252422,0.0999999999993832));
#10379=CARTESIAN_POINT('',(-1063.73227965123,-195.070389684778,0.0999999999995786));
#10380=CARTESIAN_POINT('',(-1063.28716573641,-194.625380580549,0.0999999999995715));
#10381=CARTESIAN_POINT('',(-1062.8420518216,-194.18037147632,0.0999999999995609));
#10382=CARTESIAN_POINT('',(-1062.39693790678,-193.735362372092,0.0999999999995538));
#10383=CARTESIAN_POINT('',(-1071.66340830688,-189.991892188543,0.0999999999994756));
#10384=CARTESIAN_POINT('',(-1070.54016366118,-191.559881449028,0.0999999999995076));
#10385=CARTESIAN_POINT('',(-1069.41691901548,-193.127870709514,0.0999999999995396));
#10386=CARTESIAN_POINT('',(-1068.29367436978,-194.69585997,0.0999999999995715));
#10387=CARTESIAN_POINT('',(-1062.77155583252,-189.175041721193,0.0999999999994543));
#10388=CARTESIAN_POINT('',(-1062.81496572325,-189.175041721192,-1.90000000000055));
#10389=CARTESIAN_POINT('',(-1067.47663151406,-185.806101252422,0.0999999999993832));
#10390=CARTESIAN_POINT('',(-1067.52004140479,-185.806101252421,-1.90000000000062));
#10391=CARTESIAN_POINT('',(-1062.39693790678,-193.735362372092,0.0999999999995538));
#10392=CARTESIAN_POINT('',(-1062.44034779751,-193.735362372091,-1.90000000000045));
#10393=CARTESIAN_POINT('',(-1063.73227965123,-195.070389684778,0.0999999999995786));
#10394=CARTESIAN_POINT('',(-1063.77568954196,-195.070389684777,-1.90000000000042));
#10395=CARTESIAN_POINT('',(-1068.29367436978,-194.69585997,0.0999999999995715));
#10396=CARTESIAN_POINT('',(-1068.33708426051,-194.695859969999,-1.90000000000043));
#10397=CARTESIAN_POINT('',(-1071.66340830688,-189.991892188543,0.0999999999994756));
#10398=CARTESIAN_POINT('',(-1071.70681819761,-189.991892188542,-1.90000000000052));
#10399=CARTESIAN_POINT('',(-1125.64021835937,-131.803791682008,0.0999999999982641));
#10400=CARTESIAN_POINT('',(-1125.64021835937,-212.878850176434,0.0999999999980119));
#10401=CARTESIAN_POINT('',(-1125.64021835937,-212.878850176434,0.0999999999980119));
#10402=CARTESIAN_POINT('',(-1125.64021835937,-212.878850176434,1.85972971520313));
#10403=CARTESIAN_POINT('',(-1125.64021835937,-131.803791682008,0.0999999999982641));
#10404=CARTESIAN_POINT('',(-1125.64021835937,-131.803791682008,1.85972971520144));
#10405=CARTESIAN_POINT('',(-1125.64021835937,-212.878850176434,0.0999999999980119));
#10406=CARTESIAN_POINT('',(-1067.5749725372,-212.878850176434,0.0999999999980119));
#10407=CARTESIAN_POINT('',(-1067.5749725372,-212.878850176434,0.0999999999980119));
#10408=CARTESIAN_POINT('',(-1067.5749725372,-212.878850176434,1.85972971520313));
#10409=CARTESIAN_POINT('',(-1067.5749725372,-212.878850176434,0.0999999999980119));
#10410=CARTESIAN_POINT('',(-1044.56515986494,-189.869037504169,0.099999999998083));
#10411=CARTESIAN_POINT('',(-1044.56515986494,-189.869037504169,0.099999999998083));
#10412=CARTESIAN_POINT('',(-1044.56515986494,-189.869037504169,1.85972971520265));
#10413=CARTESIAN_POINT('',(-1044.56515986494,-189.869037504169,0.099999999998083));
#10414=CARTESIAN_POINT('',(-1044.56515986494,-131.803791682008,0.0999999999982641));
#10415=CARTESIAN_POINT('',(-1044.56515986494,-131.803791682008,0.0999999999982641));
#10416=CARTESIAN_POINT('',(-1044.56515986494,-131.803791682008,1.85972971520144));
#10417=CARTESIAN_POINT('',(-1044.56515986494,-131.803791682008,0.0999999999982641));
#10418=CARTESIAN_POINT('',(-1125.64021835937,-131.803791682008,0.0999999999982641));
#10419=CARTESIAN_POINT('',(-1125.64021835937,-212.878850176434,1.85972971520313));
#10420=CARTESIAN_POINT('',(-1125.64021835937,-131.803791682008,1.85972971520144));
#10421=CARTESIAN_POINT('',(-1067.5749725372,-212.878850176434,1.85972971520313));
#10422=CARTESIAN_POINT('',(-1125.64021835937,-212.878850176434,1.85972971520313));
#10423=CARTESIAN_POINT('',(-1044.56515986494,-189.869037504169,1.85972971520265));
#10424=CARTESIAN_POINT('',(-1067.5749725372,-212.878850176434,1.85972971520313));
#10425=CARTESIAN_POINT('',(-1044.56515986494,-131.803791682008,1.85972971520144));
#10426=CARTESIAN_POINT('',(-1044.56515986494,-189.869037504169,1.85972971520265));
#10427=CARTESIAN_POINT('',(-1125.64021835937,-131.803791682008,1.85972971520144));
#10428=CARTESIAN_POINT('',(-1044.56515986494,-131.803791682008,1.85972971520144));
#10429=CARTESIAN_POINT('',(-1062.39693790678,-193.735362372092,0.0999999999995538));
#10430=CARTESIAN_POINT('',(-1061.77373526724,-193.112306477541,0.0999999999995396));
#10431=CARTESIAN_POINT('',(-1061.45597020669,-192.24678632177,0.0999999999995218));
#10432=CARTESIAN_POINT('',(-1061.52812027112,-191.368484974755,0.0999999999995005));
#10433=CARTESIAN_POINT('',(-1061.60027199605,-190.490163414109,0.0999999999994827));
#10434=CARTESIAN_POINT('',(-1062.05504149521,-189.688082171712,0.0999999999994685));
#10435=CARTESIAN_POINT('',(-1062.77155583252,-189.175041721193,0.0999999999994543));
#10436=CARTESIAN_POINT('',(-1068.29367436978,-194.69585997,0.0999999999995715));
#10437=CARTESIAN_POINT('',(-1067.78041705479,-195.412339644174,0.0999999999995858));
#10438=CARTESIAN_POINT('',(-1066.97807856004,-195.866881501741,0.0999999999996));
#10439=CARTESIAN_POINT('',(-1066.09971450639,-195.939002740701,0.0999999999996));
#10440=CARTESIAN_POINT('',(-1065.22133023055,-196.011125640076,0.0999999999995964));
#10441=CARTESIAN_POINT('',(-1064.35557021949,-195.693533487352,0.0999999999995929));
#10442=CARTESIAN_POINT('',(-1063.73227965123,-195.070389684778,0.0999999999995786));
#10443=CARTESIAN_POINT('',(-1067.47663151406,-185.806101252422,0.0999999999993832));
#10444=CARTESIAN_POINT('',(-1068.67031533168,-184.951396675435,0.099999999999369));
#10445=CARTESIAN_POINT('',(-1070.30737944865,-185.08575162469,0.0999999999993726));
#10446=CARTESIAN_POINT('',(-1071.34565352165,-186.123781216202,0.0999999999993904));
#10447=CARTESIAN_POINT('',(-1072.38385992127,-187.161743150256,0.0999999999994117));
#10448=CARTESIAN_POINT('',(-1072.51836991313,-188.798411657066,0.0999999999994508));
#10449=CARTESIAN_POINT('',(-1071.66340830688,-189.991892188543,0.0999999999994756));
#10450=CARTESIAN_POINT('',(-1117.44021835937,-140.003791682008,10.5999999999984));
#10451=CARTESIAN_POINT('',(-1107.44021835937,-140.003791682008,10.5999999999984));
#10452=CARTESIAN_POINT('',(-1107.44021835937,-140.003791682008,10.5999999999984));
#10453=CARTESIAN_POINT('',(-1107.44021835937,-140.003791682008,1.09999999999841));
#10454=CARTESIAN_POINT('',(-1117.44021835937,-140.003791682008,1.09999999999844));
#10455=CARTESIAN_POINT('',(-1107.44021835937,-140.003791682008,1.09999999999841));
#10456=CARTESIAN_POINT('',(-1117.44021835937,-140.003791682008,10.5999999999984));
#10457=CARTESIAN_POINT('',(-1117.44021835937,-140.003791682008,1.09999999999844));
#10458=CARTESIAN_POINT('',(-1107.44021835937,-140.003791682008,10.5999999999984));
#10459=CARTESIAN_POINT('',(-1107.44021835937,-150.003791682008,10.5999999999986));
#10460=CARTESIAN_POINT('',(-1107.44021835937,-150.003791682008,10.5999999999986));
#10461=CARTESIAN_POINT('',(-1107.44021835937,-150.003791682008,1.09999999999863));
#10462=CARTESIAN_POINT('',(-1107.44021835937,-150.003791682008,1.09999999999863));
#10463=CARTESIAN_POINT('',(-1117.44021835937,-150.003791682008,1.09999999999863));
#10464=CARTESIAN_POINT('',(-1107.44021835937,-150.003791682008,10.5999999999986));
#10465=CARTESIAN_POINT('',(-1117.44021835937,-150.003791682008,10.5999999999986));
#10466=CARTESIAN_POINT('',(-1117.44021835937,-150.003791682008,10.5999999999986));
#10467=CARTESIAN_POINT('',(-1117.44021835937,-150.003791682008,1.09999999999863));
#10468=CARTESIAN_POINT('',(-1117.44021835937,-150.003791682008,1.09999999999863));
#10469=CARTESIAN_POINT('',(-1117.44021835937,-140.003791682008,1.09999999999844));
#10470=CARTESIAN_POINT('',(-1117.44021835937,-150.003791682008,10.5999999999986));
#10471=CARTESIAN_POINT('',(-1117.44021835937,-140.003791682008,10.5999999999984));
#10472=CARTESIAN_POINT('',(-1107.44021835937,-140.003791682008,1.09999999999841));
#10473=CARTESIAN_POINT('',(-1107.44021835937,-150.003791682008,1.09999999999863));
#10474=CARTESIAN_POINT('',(-1107.44021835937,-140.003791682008,1.09999999999841));
#10475=CARTESIAN_POINT('',(-1107.40318132233,-139.966754644971,1.06296296296136));
#10476=CARTESIAN_POINT('',(-1107.32910724825,-139.892680570897,0.988888888887438));
#10477=CARTESIAN_POINT('',(-1107.21799613714,-139.781569459786,0.877777777776025));
#10478=CARTESIAN_POINT('',(-1107.10688502603,-139.670458348675,0.766666666665181));
#10479=CARTESIAN_POINT('',(-1106.99577391492,-139.559347237564,0.655555555553967));
#10480=CARTESIAN_POINT('',(-1106.88466280381,-139.448236126453,0.544444444442796));
#10481=CARTESIAN_POINT('',(-1106.7735516927,-139.337125015342,0.433333333331895));
#10482=CARTESIAN_POINT('',(-1106.66244058159,-139.226013904231,0.322222222220496));
#10483=CARTESIAN_POINT('',(-1106.55132947048,-139.11490279312,0.211111111109641));
#10484=CARTESIAN_POINT('',(-1106.4772553964,-139.040828719045,0.137037037035423));
#10485=CARTESIAN_POINT('',(-1106.44021835937,-139.003791682008,0.0999999999984134));
#10486=CARTESIAN_POINT('',(-1118.44021835937,-139.003791682008,0.0999999999984134));
#10487=CARTESIAN_POINT('',(-1118.40318132233,-139.040828719045,0.137037037035423));
#10488=CARTESIAN_POINT('',(-1118.32910724825,-139.11490279312,0.211111111109641));
#10489=CARTESIAN_POINT('',(-1118.21799613714,-139.226013904231,0.322222222220596));
#10490=CARTESIAN_POINT('',(-1118.10688502603,-139.337125015342,0.433333333331767));
#10491=CARTESIAN_POINT('',(-1117.99577391492,-139.448236126453,0.544444444442895));
#10492=CARTESIAN_POINT('',(-1117.88466280381,-139.559347237564,0.655555555553882));
#10493=CARTESIAN_POINT('',(-1117.7735516927,-139.670458348675,0.766666666665181));
#10494=CARTESIAN_POINT('',(-1117.66244058159,-139.781569459786,0.877777777776195));
#10495=CARTESIAN_POINT('',(-1117.55132947048,-139.892680570897,0.988888888887182));
#10496=CARTESIAN_POINT('',(-1117.4772553964,-139.966754644971,1.06296296296143));
#10497=CARTESIAN_POINT('',(-1117.44021835937,-140.003791682008,1.09999999999844));
#10498=CARTESIAN_POINT('',(-1107.44021835937,-150.003791682008,1.09999999999863));
#10499=CARTESIAN_POINT('',(-1107.40318132233,-150.040828719045,1.06296296296158));
#10500=CARTESIAN_POINT('',(-1107.32910724825,-150.114902793119,0.988888888887629));
#10501=CARTESIAN_POINT('',(-1107.21799613714,-150.226013904231,0.877777777776288));
#10502=CARTESIAN_POINT('',(-1107.10688502603,-150.337125015342,0.766666666665316));
#10503=CARTESIAN_POINT('',(-1106.99577391492,-150.448236126453,0.65555555555423));
#10504=CARTESIAN_POINT('',(-1106.88466280381,-150.559347237564,0.544444444443059));
#10505=CARTESIAN_POINT('',(-1106.7735516927,-150.670458348675,0.433333333332001));
#10506=CARTESIAN_POINT('',(-1106.66244058159,-150.781569459786,0.32222222222083));
#10507=CARTESIAN_POINT('',(-1106.55132947048,-150.892680570897,0.211111111109801));
#10508=CARTESIAN_POINT('',(-1106.4772553964,-150.966754644972,0.137037037035668));
#10509=CARTESIAN_POINT('',(-1106.44021835936,-151.003791682009,0.0999999999986443));
#10510=CARTESIAN_POINT('',(-1118.44021835937,-151.003791682008,0.0999999999986585));
#10511=CARTESIAN_POINT('',(-1118.40318132233,-150.966754644971,0.137037037035697));
#10512=CARTESIAN_POINT('',(-1118.32910724825,-150.892680570897,0.211111111109759));
#10513=CARTESIAN_POINT('',(-1118.21799613714,-150.781569459786,0.32222222222083));
#10514=CARTESIAN_POINT('',(-1118.10688502603,-150.670458348675,0.433333333332058));
#10515=CARTESIAN_POINT('',(-1117.99577391492,-150.559347237564,0.54444444444303));
#10516=CARTESIAN_POINT('',(-1117.88466280381,-150.448236126453,0.655555555554201));
#10517=CARTESIAN_POINT('',(-1117.7735516927,-150.337125015342,0.766666666665316));
#10518=CARTESIAN_POINT('',(-1117.66244058159,-150.226013904231,0.87777777777643));
#10519=CARTESIAN_POINT('',(-1117.55132947048,-150.11490279312,0.988888888887431));
#10520=CARTESIAN_POINT('',(-1117.4772553964,-150.040828719045,1.06296296296162));
#10521=CARTESIAN_POINT('',(-1117.44021835937,-150.003791682008,1.09999999999863));
#10522=CARTESIAN_POINT('',(-1104.44021835937,-153.003791681885,2.09999999999876));
#10523=CARTESIAN_POINT('',(-1105.63120136499,-153.003791681885,2.09999999999871));
#10524=CARTESIAN_POINT('',(-1103.24923535374,-153.003791681885,2.0999999999988));
#10525=CARTESIAN_POINT('',(-1104.44021835937,-153.003791681885,0.0999999999987173));
#10526=CARTESIAN_POINT('',(-1102.24923535374,-153.003791681885,0.0999999999987496));
#10527=CARTESIAN_POINT('',(-1106.63120136499,-153.003791681885,0.099999999998685));
#10528=CARTESIAN_POINT('',(-1106.63120136499,-153.003791681885,0.099999999998685));
#10529=CARTESIAN_POINT('',(-1106.29786803166,-153.003791681885,0.766666666665308));
#10530=CARTESIAN_POINT('',(-1105.96453469832,-153.003791681885,1.43333333333203));
#10531=CARTESIAN_POINT('',(-1105.63120136499,-153.003791681885,2.09999999999871));
#10532=CARTESIAN_POINT('',(-1103.24923535374,-153.003791681885,2.0999999999988));
#10533=CARTESIAN_POINT('',(-1102.91590202041,-153.003791681885,1.43333333333213));
#10534=CARTESIAN_POINT('',(-1102.58256868707,-153.003791681885,0.766666666665435));
#10535=CARTESIAN_POINT('',(-1102.24923535374,-153.003791681885,0.0999999999987497));
#10536=CARTESIAN_POINT('',(-1104.44021835937,-153.003791681885,2.09999999999876));
#10537=CARTESIAN_POINT('',(-1103.24923535374,-153.003791681885,2.0999999999988));
#10538=CARTESIAN_POINT('',(-1105.63120136499,-153.003791681885,2.09999999999871));
#10539=CARTESIAN_POINT('',(-1104.44021835937,-153.003791681885,0.0999999999987173));
#10540=CARTESIAN_POINT('',(-1106.63120136499,-153.003791681885,0.099999999998685));
#10541=CARTESIAN_POINT('',(-1102.24923535374,-153.003791681885,0.0999999999987496));
#10542=CARTESIAN_POINT('',(-1120.44021835937,-137.003791681884,2.09999999999877));
#10543=CARTESIAN_POINT('',(-1121.63120136499,-137.003791681885,2.09999999999877));
#10544=CARTESIAN_POINT('',(-1119.24923535374,-137.003791681885,2.09999999999877));
#10545=CARTESIAN_POINT('',(-1120.44021835937,-137.003791681884,0.0999999999987638));
#10546=CARTESIAN_POINT('',(-1118.24923535374,-137.003791681885,0.0999999999988114));
#10547=CARTESIAN_POINT('',(-1122.63120136499,-137.003791681885,0.0999999999987162));
#10548=CARTESIAN_POINT('',(-1122.63120136499,-137.003791681885,0.0999999999987162));
#10549=CARTESIAN_POINT('',(-1122.29786803166,-137.003791681885,0.76666666666536));
#10550=CARTESIAN_POINT('',(-1121.96453469832,-137.003791681885,1.43333333333206));
#10551=CARTESIAN_POINT('',(-1121.63120136499,-137.003791681885,2.09999999999877));
#10552=CARTESIAN_POINT('',(-1119.24923535374,-137.003791681885,2.09999999999877));
#10553=CARTESIAN_POINT('',(-1118.91590202041,-137.003791681885,1.43333333333209));
#10554=CARTESIAN_POINT('',(-1118.58256868707,-137.003791681885,0.766666666665481));
#10555=CARTESIAN_POINT('',(-1118.24923535374,-137.003791681885,0.0999999999988114));
#10556=CARTESIAN_POINT('',(-1120.44021835937,-137.003791681885,2.09999999999877));
#10557=CARTESIAN_POINT('',(-1119.24923535374,-137.003791681885,2.09999999999877));
#10558=CARTESIAN_POINT('',(-1121.63120136499,-137.003791681885,2.09999999999877));
#10559=CARTESIAN_POINT('',(-1120.44021835937,-137.003791681885,0.0999999999987638));
#10560=CARTESIAN_POINT('',(-1122.63120136499,-137.003791681885,0.0999999999987162));
#10561=CARTESIAN_POINT('',(-1118.24923535374,-137.003791681885,0.0999999999988114));
#10562=CARTESIAN_POINT('',(-1112.44021835937,-145.003791682008,10.6000000000205));
#10563=CARTESIAN_POINT('',(-1111.44021835937,-145.003791682008,10.6000000000205));
#10564=CARTESIAN_POINT('',(-1113.44021835937,-145.003791682008,10.6000000000205));
#10565=CARTESIAN_POINT('',(-1112.44021835937,-145.003791682008,14.6000000000205));
#10566=CARTESIAN_POINT('',(-1111.94021835908,-145.003791682008,14.6000000000205));
#10567=CARTESIAN_POINT('',(-1112.94021835966,-145.00379168199,14.6000000000205));
#10568=CARTESIAN_POINT('',(-1113.44021835937,-145.003791682008,10.6000000000205));
#10569=CARTESIAN_POINT('',(-1113.44021835937,-145.003791682008,14.1000000000206));
#10570=CARTESIAN_POINT('',(-1111.44021835937,-145.003791682008,14.1000000000206));
#10571=CARTESIAN_POINT('',(-1111.44021835937,-145.003791682008,10.6000000000205));
#10572=CARTESIAN_POINT('',(-1112.44021835937,-145.003791682009,10.6000000000205));
#10573=CARTESIAN_POINT('',(-1113.44021835937,-145.003791682008,10.6000000000205));
#10574=CARTESIAN_POINT('',(-1111.44021835937,-145.003791682008,10.6000000000205));
#10575=CARTESIAN_POINT('',(-1112.44021835937,-145.003791682008,14.1000000000206));
#10576=CARTESIAN_POINT('',(-1111.44021835937,-145.003791682008,14.1000000000206));
#10577=CARTESIAN_POINT('',(-1113.44021835937,-145.003791682008,14.1000000000206));
#10578=CARTESIAN_POINT('',(-1060.70921315247,-145.003791682008,0.0999999999987461));
#10579=CARTESIAN_POINT('',(-1060.53711896248,-145.003791682008,0.73146990593907));
#10580=CARTESIAN_POINT('',(-1058.1180354051,-145.003791682008,0.0999999999987661));
#10581=CARTESIAN_POINT('',(-1058.1179784635,-145.339876452856,0.0999999999987661));
#10582=CARTESIAN_POINT('',(-1058.25840331011,-145.661867405705,0.099999999998765));
#10583=CARTESIAN_POINT('',(-1058.50716093599,-145.89689452722,0.0999999999987631));
#10584=CARTESIAN_POINT('',(-1058.74928015026,-146.125709902637,0.0999999999987612));
#10585=CARTESIAN_POINT('',(-1059.07484866314,-146.253790405069,0.0999999999987587));
#10586=CARTESIAN_POINT('',(-1059.41362427878,-146.253791682009,0.099999999998756));
#10587=CARTESIAN_POINT('',(-1059.75239989443,-146.253790405069,0.0999999999987534));
#10588=CARTESIAN_POINT('',(-1060.07796840731,-146.125709902638,0.099999999998751));
#10589=CARTESIAN_POINT('',(-1060.32008762158,-145.896894527221,0.0999999999987491));
#10590=CARTESIAN_POINT('',(-1060.56884524745,-145.661867405707,0.0999999999987472));
#10591=CARTESIAN_POINT('',(-1060.70927009407,-145.339876452855,0.0999999999987461));
#10592=CARTESIAN_POINT('',(-1060.70921315247,-145.003791682008,0.0999999999987461));
#10593=CARTESIAN_POINT('',(-1060.70921315247,-145.003791682008,0.0999999999987461));
#10594=CARTESIAN_POINT('',(-1060.70927009407,-144.667706911163,0.0999999999987461));
#10595=CARTESIAN_POINT('',(-1060.56884524745,-144.34571595831,0.0999999999987472));
#10596=CARTESIAN_POINT('',(-1060.32008762158,-144.110688836796,0.0999999999987491));
#10597=CARTESIAN_POINT('',(-1060.07796840731,-143.881873461381,0.099999999998751));
#10598=CARTESIAN_POINT('',(-1059.75239989443,-143.753792958947,0.0999999999987534));
#10599=CARTESIAN_POINT('',(-1059.41362427879,-143.753791682007,0.099999999998756));
#10600=CARTESIAN_POINT('',(-1059.07484866314,-143.753792958947,0.0999999999987587));
#10601=CARTESIAN_POINT('',(-1058.74928015026,-143.88187346138,0.0999999999987612));
#10602=CARTESIAN_POINT('',(-1058.50716093599,-144.110688836796,0.0999999999987631));
#10603=CARTESIAN_POINT('',(-1058.25840331011,-144.34571595831,0.099999999998765));
#10604=CARTESIAN_POINT('',(-1058.1179784635,-144.667706911161,0.0999999999987661));
#10605=CARTESIAN_POINT('',(-1058.1180354051,-145.003791682008,0.0999999999987661));
#10606=CARTESIAN_POINT('',(-1095.95075493523,-145.003791682009,0.0999999999987463));
#10607=CARTESIAN_POINT('',(-1095.77866074524,-145.003791682009,0.731469905939097));
#10608=CARTESIAN_POINT('',(-1093.35957718786,-145.003791682008,0.0999999999987461));
#10609=CARTESIAN_POINT('',(-1093.35952024627,-145.339876452855,0.0999999999987461));
#10610=CARTESIAN_POINT('',(-1093.49994509288,-145.661867405706,0.0999999999987461));
#10611=CARTESIAN_POINT('',(-1093.74870271876,-145.896894527221,0.0999999999987461));
#10612=CARTESIAN_POINT('',(-1093.99082193302,-146.125709902637,0.0999999999987461));
#10613=CARTESIAN_POINT('',(-1094.3163904459,-146.253790405069,0.0999999999987462));
#10614=CARTESIAN_POINT('',(-1094.65516606155,-146.253791682009,0.0999999999987462));
#10615=CARTESIAN_POINT('',(-1094.99394167719,-146.253790405069,0.0999999999987462));
#10616=CARTESIAN_POINT('',(-1095.31951019007,-146.125709902638,0.0999999999987463));
#10617=CARTESIAN_POINT('',(-1095.56162940434,-145.896894527221,0.0999999999987463));
#10618=CARTESIAN_POINT('',(-1095.81038703022,-145.661867405707,0.0999999999987463));
#10619=CARTESIAN_POINT('',(-1095.95081187683,-145.339876452855,0.0999999999987463));
#10620=CARTESIAN_POINT('',(-1095.95075493523,-145.003791682009,0.0999999999987463));
#10621=CARTESIAN_POINT('',(-1095.95075493523,-145.003791682009,0.0999999999987463));
#10622=CARTESIAN_POINT('',(-1095.95081187683,-144.667706911163,0.0999999999987463));
#10623=CARTESIAN_POINT('',(-1095.81038703022,-144.345715958312,0.0999999999987463));
#10624=CARTESIAN_POINT('',(-1095.56162940434,-144.110688836797,0.0999999999987463));
#10625=CARTESIAN_POINT('',(-1095.31951019007,-143.881873461381,0.0999999999987463));
#10626=CARTESIAN_POINT('',(-1094.9939416772,-143.753792958948,0.0999999999987462));
#10627=CARTESIAN_POINT('',(-1094.65516606155,-143.753791682008,0.0999999999987462));
#10628=CARTESIAN_POINT('',(-1094.3163904459,-143.753792958948,0.0999999999987462));
#10629=CARTESIAN_POINT('',(-1093.99082193302,-143.881873461381,0.0999999999987461));
#10630=CARTESIAN_POINT('',(-1093.74870271876,-144.110688836796,0.0999999999987461));
#10631=CARTESIAN_POINT('',(-1093.49994509288,-144.34571595831,0.0999999999987461));
#10632=CARTESIAN_POINT('',(-1093.35952024627,-144.667706911163,0.0999999999987461));
#10633=CARTESIAN_POINT('',(-1093.35957718786,-145.003791682008,0.0999999999987461));
#10634=CARTESIAN_POINT('',(-1112.44021835937,-196.734796888904,0.0999999999986382));
#10635=CARTESIAN_POINT('',(-1112.44021835936,-196.906891078897,0.731469905939098));
#10636=CARTESIAN_POINT('',(-1112.44021835937,-199.325974636275,0.0999999999986355));
#10637=CARTESIAN_POINT('',(-1112.10413358852,-199.32603157787,0.0999999999986355));
#10638=CARTESIAN_POINT('',(-1111.78214263567,-199.185606731259,0.0999999999986356));
#10639=CARTESIAN_POINT('',(-1111.54711551415,-198.93684910538,0.099999999998636));
#10640=CARTESIAN_POINT('',(-1111.31830013874,-198.694729891112,0.0999999999986362));
#10641=CARTESIAN_POINT('',(-1111.19021963631,-198.369161378236,0.0999999999986365));
#10642=CARTESIAN_POINT('',(-1111.19021835937,-198.030385762589,0.099999999998637));
#10643=CARTESIAN_POINT('',(-1111.19021963631,-197.691610146942,0.0999999999986372));
#10644=CARTESIAN_POINT('',(-1111.31830013873,-197.366041634066,0.0999999999986375));
#10645=CARTESIAN_POINT('',(-1111.54711551415,-197.123922419798,0.0999999999986377));
#10646=CARTESIAN_POINT('',(-1111.78214263567,-196.875164793919,0.0999999999986381));
#10647=CARTESIAN_POINT('',(-1112.10413358852,-196.734739947308,0.0999999999986382));
#10648=CARTESIAN_POINT('',(-1112.44021835937,-196.734796888904,0.0999999999986382));
#10649=CARTESIAN_POINT('',(-1112.44021835937,-196.734796888904,0.0999999999986382));
#10650=CARTESIAN_POINT('',(-1112.77630313021,-196.734739947308,0.0999999999986382));
#10651=CARTESIAN_POINT('',(-1113.09829408306,-196.875164793919,0.0999999999986381));
#10652=CARTESIAN_POINT('',(-1113.33332120458,-197.123922419798,0.0999999999986377));
#10653=CARTESIAN_POINT('',(-1113.56213657999,-197.366041634062,0.0999999999986375));
#10654=CARTESIAN_POINT('',(-1113.69021708243,-197.691610146946,0.0999999999986372));
#10655=CARTESIAN_POINT('',(-1113.69021835937,-198.030385762589,0.099999999998637));
#10656=CARTESIAN_POINT('',(-1113.69021708243,-198.369161378233,0.0999999999986365));
#10657=CARTESIAN_POINT('',(-1113.56213657999,-198.694729891114,0.0999999999986362));
#10658=CARTESIAN_POINT('',(-1113.33332120458,-198.93684910538,0.099999999998636));
#10659=CARTESIAN_POINT('',(-1113.09829408306,-199.185606731259,0.0999999999986356));
#10660=CARTESIAN_POINT('',(-1112.77630313021,-199.32603157787,0.0999999999986355));
#10661=CARTESIAN_POINT('',(-1112.44021835937,-199.325974636275,0.0999999999986355));
#10662=CARTESIAN_POINT('',(-1112.44021835936,-161.49325510614,0.0999999999987061));
#10663=CARTESIAN_POINT('',(-1112.44021835936,-161.665349296133,0.731469905939101));
#10664=CARTESIAN_POINT('',(-1112.44021835937,-164.08443285351,0.0999999999987067));
#10665=CARTESIAN_POINT('',(-1112.10413358852,-164.084489795106,0.0999999999987067));
#10666=CARTESIAN_POINT('',(-1111.78214263567,-163.944064948496,0.0999999999987067));
#10667=CARTESIAN_POINT('',(-1111.54711551415,-163.695307322616,0.0999999999987067));
#10668=CARTESIAN_POINT('',(-1111.31830013874,-163.453188108349,0.0999999999987066));
#10669=CARTESIAN_POINT('',(-1111.1902196363,-163.127619595472,0.0999999999987065));
#10670=CARTESIAN_POINT('',(-1111.19021835936,-162.788843979826,0.0999999999987065));
#10671=CARTESIAN_POINT('',(-1111.1902196363,-162.450068364179,0.0999999999987063));
#10672=CARTESIAN_POINT('',(-1111.31830013874,-162.124499851302,0.0999999999987062));
#10673=CARTESIAN_POINT('',(-1111.54711551415,-161.882380637035,0.0999999999987061));
#10674=CARTESIAN_POINT('',(-1111.78214263567,-161.633623011156,0.0999999999987061));
#10675=CARTESIAN_POINT('',(-1112.10413358852,-161.493198164545,0.0999999999987061));
#10676=CARTESIAN_POINT('',(-1112.44021835936,-161.49325510614,0.0999999999987061));
#10677=CARTESIAN_POINT('',(-1112.44021835936,-161.49325510614,0.0999999999987061));
#10678=CARTESIAN_POINT('',(-1112.77630313021,-161.493198164545,0.0999999999987061));
#10679=CARTESIAN_POINT('',(-1113.09829408306,-161.633623011155,0.0999999999987061));
#10680=CARTESIAN_POINT('',(-1113.33332120458,-161.882380637034,0.0999999999987061));
#10681=CARTESIAN_POINT('',(-1113.56213657999,-162.124499851301,0.0999999999987062));
#10682=CARTESIAN_POINT('',(-1113.69021708243,-162.450068364178,0.0999999999987063));
#10683=CARTESIAN_POINT('',(-1113.69021835937,-162.788843979825,0.0999999999987063));
#10684=CARTESIAN_POINT('',(-1113.69021708243,-163.12761959547,0.0999999999987065));
#10685=CARTESIAN_POINT('',(-1113.56213657999,-163.453188108349,0.0999999999987066));
#10686=CARTESIAN_POINT('',(-1113.33332120458,-163.695307322615,0.0999999999987067));
#10687=CARTESIAN_POINT('',(-1113.09829408306,-163.944064948494,0.0999999999987067));
#10688=CARTESIAN_POINT('',(-1112.77630313021,-164.084489795106,0.0999999999987067));
#10689=CARTESIAN_POINT('',(-1112.44021835937,-164.08443285351,0.0999999999987067));
#10690=CARTESIAN_POINT('',(-1120.44021835937,-153.003791681884,2.09999999999876));
#10691=CARTESIAN_POINT('',(-1121.63120136499,-153.003791681884,2.09999999999874));
#10692=CARTESIAN_POINT('',(-1119.24923535374,-153.003791681884,2.09999999999878));
#10693=CARTESIAN_POINT('',(-1120.44021835937,-153.003791681884,0.0999999999987361));
#10694=CARTESIAN_POINT('',(-1118.24923535374,-153.003791681885,0.0999999999987626));
#10695=CARTESIAN_POINT('',(-1122.63120136499,-153.003791681885,0.0999999999987095));
#10696=CARTESIAN_POINT('',(-1122.63120136499,-153.003791681885,0.0999999999987096));
#10697=CARTESIAN_POINT('',(-1122.29786803166,-153.003791681885,0.766666666665346));
#10698=CARTESIAN_POINT('',(-1121.96453469832,-153.003791681885,1.43333333333204));
#10699=CARTESIAN_POINT('',(-1121.63120136499,-153.003791681884,2.09999999999874));
#10700=CARTESIAN_POINT('',(-1119.24923535374,-153.003791681884,2.09999999999878));
#10701=CARTESIAN_POINT('',(-1118.91590202041,-153.003791681885,1.43333333333208));
#10702=CARTESIAN_POINT('',(-1118.58256868707,-153.003791681885,0.766666666665452));
#10703=CARTESIAN_POINT('',(-1118.24923535374,-153.003791681885,0.0999999999987626));
#10704=CARTESIAN_POINT('',(-1120.44021835937,-153.003791681884,2.09999999999876));
#10705=CARTESIAN_POINT('',(-1119.24923535374,-153.003791681884,2.09999999999878));
#10706=CARTESIAN_POINT('',(-1121.63120136499,-153.003791681884,2.09999999999874));
#10707=CARTESIAN_POINT('',(-1120.44021835937,-153.003791681885,0.0999999999987361));
#10708=CARTESIAN_POINT('',(-1122.63120136499,-153.003791681885,0.0999999999987096));
#10709=CARTESIAN_POINT('',(-1118.24923535374,-153.003791681885,0.0999999999987626));
#10710=CARTESIAN_POINT('',(-1104.44021835937,-137.003791681884,2.09999999999877));
#10711=CARTESIAN_POINT('',(-1105.63120136499,-137.003791681885,2.09999999999877));
#10712=CARTESIAN_POINT('',(-1103.24923535374,-137.003791681885,2.09999999999877));
#10713=CARTESIAN_POINT('',(-1104.44021835937,-137.003791681884,0.09999999999876));
#10714=CARTESIAN_POINT('',(-1102.24923535374,-137.003791681885,0.0999999999987733));
#10715=CARTESIAN_POINT('',(-1106.63120136499,-137.003791681885,0.0999999999987468));
#10716=CARTESIAN_POINT('',(-1106.63120136499,-137.003791681885,0.0999999999987468));
#10717=CARTESIAN_POINT('',(-1106.29786803166,-137.003791681885,0.766666666665425));
#10718=CARTESIAN_POINT('',(-1105.96453469832,-137.003791681885,1.43333333333208));
#10719=CARTESIAN_POINT('',(-1105.63120136499,-137.003791681885,2.09999999999877));
#10720=CARTESIAN_POINT('',(-1103.24923535374,-137.003791681885,2.09999999999877));
#10721=CARTESIAN_POINT('',(-1102.91590202041,-137.003791681885,1.4333333333321));
#10722=CARTESIAN_POINT('',(-1102.58256868707,-137.003791681885,0.766666666665465));
#10723=CARTESIAN_POINT('',(-1102.24923535374,-137.003791681885,0.0999999999987733));
#10724=CARTESIAN_POINT('',(-1104.44021835937,-137.003791681885,2.09999999999877));
#10725=CARTESIAN_POINT('',(-1103.24923535374,-137.003791681885,2.09999999999877));
#10726=CARTESIAN_POINT('',(-1105.63120136499,-137.003791681885,2.09999999999877));
#10727=CARTESIAN_POINT('',(-1104.44021835937,-137.003791681885,0.09999999999876));
#10728=CARTESIAN_POINT('',(-1106.63120136499,-137.003791681885,0.0999999999987468));
#10729=CARTESIAN_POINT('',(-1102.24923535374,-137.003791681885,0.0999999999987733));
#10730=CARTESIAN_POINT('',(-1112.44021835936,-198.944003853493,1.09999999999871));
#10731=CARTESIAN_POINT('',(-1112.44021835937,-199.426409965709,0.468530094092407));
#10732=CARTESIAN_POINT('',(-1112.44021835937,-199.426409965709,0.468530094092407));
#10733=CARTESIAN_POINT('',(-1111.81744364892,-199.442151558667,0.466889405290173));
#10734=CARTESIAN_POINT('',(-1110.97700226989,-198.631135490642,0.551526076971292));
#10735=CARTESIAN_POINT('',(-1111.35619418708,-197.259930417194,0.694625561011544));
#10736=CARTESIAN_POINT('',(-1112.06267518793,-196.904282468972,0.731739847896538));
#10737=CARTESIAN_POINT('',(-1112.44021835936,-196.906891078897,0.731469905939098));
#10738=CARTESIAN_POINT('',(-1112.44021835936,-163.702462070728,1.09999999999871));
#10739=CARTESIAN_POINT('',(-1112.44021835937,-164.184868182945,0.468530094092434));
#10740=CARTESIAN_POINT('',(-1112.44021835937,-164.184868182945,0.468530094092434));
#10741=CARTESIAN_POINT('',(-1111.81744364891,-164.200609775902,0.466889405290162));
#10742=CARTESIAN_POINT('',(-1110.9770022699,-163.389593707878,0.551526076971341));
#10743=CARTESIAN_POINT('',(-1111.35619418708,-162.01838863443,0.69462556101163));
#10744=CARTESIAN_POINT('',(-1112.06267518793,-161.662740686209,0.731739847896507));
#10745=CARTESIAN_POINT('',(-1112.44021835936,-161.665349296133,0.731469905939101));
#10746=CARTESIAN_POINT('',(-1112.44021835937,-199.426409965709,0.468530094092407));
#10747=CARTESIAN_POINT('',(-1112.44021835937,-199.325974636275,0.0999999999986355));
#10748=CARTESIAN_POINT('',(-1112.44021835937,-164.184868182945,0.468530094092434));
#10749=CARTESIAN_POINT('',(-1112.44021835937,-164.08443285351,0.0999999999987067));
#10750=CARTESIAN_POINT('',(-1058.01760007566,-145.003791682008,0.468530094092453));
#10751=CARTESIAN_POINT('',(-1058.00185848271,-145.626566392459,0.466889405290276));
#10752=CARTESIAN_POINT('',(-1058.81287455073,-146.467007771477,0.551526076971599));
#10753=CARTESIAN_POINT('',(-1060.18407962418,-146.087815854294,0.694625561011466));
#10754=CARTESIAN_POINT('',(-1060.5397275724,-145.381334853442,0.731739847896528));
#10755=CARTESIAN_POINT('',(-1060.53711896248,-145.003791682008,0.73146990593907));
#10756=CARTESIAN_POINT('',(-1058.50000618788,-145.003791682014,1.09999999999871));
#10757=CARTESIAN_POINT('',(-1058.01760007566,-145.003791682008,0.468530094092453));
#10758=CARTESIAN_POINT('',(-1093.74154797065,-145.003791682013,1.09999999999871));
#10759=CARTESIAN_POINT('',(-1093.25914185843,-145.003791682008,0.468530094092447));
#10760=CARTESIAN_POINT('',(-1093.25914185843,-145.003791682008,0.468530094092447));
#10761=CARTESIAN_POINT('',(-1093.24340026547,-145.626566392457,0.466889405290051));
#10762=CARTESIAN_POINT('',(-1094.0544163335,-146.467007771479,0.551526076971508));
#10763=CARTESIAN_POINT('',(-1095.42562140694,-146.087815854294,0.694625561011592));
#10764=CARTESIAN_POINT('',(-1095.78126935516,-145.381334853442,0.731739847896491));
#10765=CARTESIAN_POINT('',(-1095.77866074524,-145.003791682009,0.731469905939097));
#10766=CARTESIAN_POINT('',(-1058.01760007566,-145.003791682008,0.468530094092453));
#10767=CARTESIAN_POINT('',(-1058.1180354051,-145.003791682008,0.0999999999987661));
#10768=CARTESIAN_POINT('',(-1093.25914185843,-145.003791682008,0.468530094092447));
#10769=CARTESIAN_POINT('',(-1093.35957718786,-145.003791682008,0.0999999999987461));
#10770=CARTESIAN_POINT('',(-1112.44021835936,-163.702462070728,1.09999999999871));
#10771=CARTESIAN_POINT('',(-1112.06662593112,-163.712183439778,1.0999999999987));
#10772=CARTESIAN_POINT('',(-1111.5622681393,-163.211727019371,1.09999999999871));
#10773=CARTESIAN_POINT('',(-1111.78978647089,-162.365600786269,1.09999999999871));
#10774=CARTESIAN_POINT('',(-1112.2137645791,-162.146137303722,1.09999999999871));
#10775=CARTESIAN_POINT('',(-1112.44021835936,-162.147755408399,1.09999999999871));
#10776=CARTESIAN_POINT('',(-1112.44021835936,-161.665349296133,0.731469905939101));
#10777=CARTESIAN_POINT('',(-1112.44021835936,-162.147755408399,1.09999999999871));
#10778=CARTESIAN_POINT('',(-1112.44021835936,-161.665349296133,0.731469905939101));
#10779=CARTESIAN_POINT('',(-1112.8177674059,-161.662740462499,0.731739871460409));
#10780=CARTESIAN_POINT('',(-1113.52424658436,-162.018394353204,0.69462496389752));
#10781=CARTESIAN_POINT('',(-1113.90342961432,-163.389598216975,0.551525606678692));
#10782=CARTESIAN_POINT('',(-1113.06299332742,-164.200609718526,0.466889411121747));
#10783=CARTESIAN_POINT('',(-1112.44021835937,-164.184868182945,0.468530094092434));
#10784=CARTESIAN_POINT('',(-1112.44021835936,-162.147755408399,1.09999999999871));
#10785=CARTESIAN_POINT('',(-1112.66667566448,-162.146137166466,1.09999999999871));
#10786=CARTESIAN_POINT('',(-1113.09065267915,-162.365604314055,1.0999999999987));
#10787=CARTESIAN_POINT('',(-1113.31816567882,-163.211729802778,1.09999999999871));
#10788=CARTESIAN_POINT('',(-1112.81381094178,-163.712183403848,1.09999999999871));
#10789=CARTESIAN_POINT('',(-1112.44021835936,-163.702462070728,1.09999999999871));
#10790=CARTESIAN_POINT('',(-1112.44021835936,-198.944003853493,1.09999999999871));
#10791=CARTESIAN_POINT('',(-1112.06662593113,-198.953725222543,1.09999999999871));
#10792=CARTESIAN_POINT('',(-1111.5622681393,-198.453268802135,1.0999999999987));
#10793=CARTESIAN_POINT('',(-1111.78978647089,-197.607142569033,1.09999999999871));
#10794=CARTESIAN_POINT('',(-1112.2137645791,-197.387679086486,1.09999999999871));
#10795=CARTESIAN_POINT('',(-1112.44021835937,-197.389297191163,1.09999999999871));
#10796=CARTESIAN_POINT('',(-1112.44021835936,-196.906891078897,0.731469905939098));
#10797=CARTESIAN_POINT('',(-1112.44021835937,-197.389297191163,1.09999999999871));
#10798=CARTESIAN_POINT('',(-1112.44021835936,-196.906891078897,0.731469905939098));
#10799=CARTESIAN_POINT('',(-1112.8177674059,-196.904282245263,0.73173987146034));
#10800=CARTESIAN_POINT('',(-1113.52424658437,-197.259936135968,0.694624963897753));
#10801=CARTESIAN_POINT('',(-1113.90342961433,-198.631139999739,0.551525606678488));
#10802=CARTESIAN_POINT('',(-1113.06299332742,-199.442151501291,0.466889411121785));
#10803=CARTESIAN_POINT('',(-1112.44021835937,-199.426409965709,0.468530094092407));
#10804=CARTESIAN_POINT('',(-1112.44021835937,-197.389297191163,1.09999999999871));
#10805=CARTESIAN_POINT('',(-1112.66667566448,-197.38767894923,1.09999999999871));
#10806=CARTESIAN_POINT('',(-1113.09065267915,-197.607146096819,1.09999999999871));
#10807=CARTESIAN_POINT('',(-1113.31816567882,-198.453271585541,1.09999999999871));
#10808=CARTESIAN_POINT('',(-1112.81381094178,-198.953725186613,1.09999999999871));
#10809=CARTESIAN_POINT('',(-1112.44021835936,-198.944003853493,1.09999999999871));
#10810=CARTESIAN_POINT('',(-1058.50000618788,-145.003791682014,1.09999999999871));
#10811=CARTESIAN_POINT('',(-1058.49028481883,-145.377384110248,1.09999999999871));
#10812=CARTESIAN_POINT('',(-1058.99074123924,-145.881741902075,1.09999999999871));
#10813=CARTESIAN_POINT('',(-1059.83686747234,-145.65422357048,1.09999999999871));
#10814=CARTESIAN_POINT('',(-1060.05633095489,-145.230245462276,1.0999999999987));
#10815=CARTESIAN_POINT('',(-1060.05471285021,-145.003791682009,1.09999999999871));
#10816=CARTESIAN_POINT('',(-1060.53711896248,-145.003791682008,0.73146990593907));
#10817=CARTESIAN_POINT('',(-1060.05471285021,-145.003791682009,1.09999999999871));
#10818=CARTESIAN_POINT('',(-1060.53711896248,-145.003791682008,0.73146990593907));
#10819=CARTESIAN_POINT('',(-1060.53972779611,-144.626242635477,0.73173987146031));
#10820=CARTESIAN_POINT('',(-1060.18407390541,-143.919763457009,0.694624963897604));
#10821=CARTESIAN_POINT('',(-1058.81287004163,-143.540580427049,0.551525606678475));
#10822=CARTESIAN_POINT('',(-1058.00185854008,-144.381016713953,0.466889411121787));
#10823=CARTESIAN_POINT('',(-1058.01760007566,-145.003791682008,0.468530094092453));
#10824=CARTESIAN_POINT('',(-1060.05471285021,-145.003791682009,1.09999999999871));
#10825=CARTESIAN_POINT('',(-1060.05633109214,-144.777334376897,1.09999999999871));
#10826=CARTESIAN_POINT('',(-1059.83686394455,-144.353357362224,1.09999999999871));
#10827=CARTESIAN_POINT('',(-1058.99073845583,-144.125844362552,1.0999999999987));
#10828=CARTESIAN_POINT('',(-1058.49028485476,-144.630199099594,1.09999999999871));
#10829=CARTESIAN_POINT('',(-1058.50000618788,-145.003791682014,1.09999999999871));
#10830=CARTESIAN_POINT('',(-1093.74154797065,-145.003791682013,1.09999999999871));
#10831=CARTESIAN_POINT('',(-1093.7318266016,-145.377384110248,1.09999999999871));
#10832=CARTESIAN_POINT('',(-1094.232283022,-145.881741902075,1.09999999999871));
#10833=CARTESIAN_POINT('',(-1095.07840925511,-145.65422357048,1.09999999999871));
#10834=CARTESIAN_POINT('',(-1095.29787273765,-145.230245462277,1.09999999999871));
#10835=CARTESIAN_POINT('',(-1095.29625463297,-145.00379168201,1.09999999999871));
#10836=CARTESIAN_POINT('',(-1095.77866074524,-145.003791682009,0.731469905939097));
#10837=CARTESIAN_POINT('',(-1095.29625463297,-145.00379168201,1.09999999999871));
#10838=CARTESIAN_POINT('',(-1095.77866074524,-145.003791682009,0.731469905939097));
#10839=CARTESIAN_POINT('',(-1095.78126957887,-144.626242635481,0.731739871460419));
#10840=CARTESIAN_POINT('',(-1095.42561568817,-143.919763457009,0.694624963897674));
#10841=CARTESIAN_POINT('',(-1094.0544118244,-143.540580427051,0.551525606678628));
#10842=CARTESIAN_POINT('',(-1093.24340032285,-144.381016713952,0.466889411121826));
#10843=CARTESIAN_POINT('',(-1093.25914185843,-145.003791682008,0.468530094092447));
#10844=CARTESIAN_POINT('',(-1095.29625463297,-145.00379168201,1.09999999999871));
#10845=CARTESIAN_POINT('',(-1095.29787287491,-144.777334376899,1.09999999999871));
#10846=CARTESIAN_POINT('',(-1095.07840572732,-144.353357362225,1.09999999999871));
#10847=CARTESIAN_POINT('',(-1094.2322802386,-144.125844362552,1.09999999999871));
#10848=CARTESIAN_POINT('',(-1093.73182663753,-144.630199099594,1.09999999999871));
#10849=CARTESIAN_POINT('',(-1093.74154797065,-145.003791682013,1.09999999999871));
#10850=CARTESIAN_POINT('',(-1112.44021835937,-145.003791682008,14.6000000000205));
#10851=CARTESIAN_POINT('',(-1111.94021835908,-145.003791682008,14.6000000000205));
#10852=CARTESIAN_POINT('',(-1112.94021835965,-145.003791682026,14.6000000000205));
#10853=CARTESIAN_POINT('',(-1112.94021835965,-145.003791682008,14.6000000000205));
#10854=CARTESIAN_POINT('',(-1113.44021835937,-145.003791682008,14.1000000000206));
#10855=CARTESIAN_POINT('',(-1112.44021835937,-145.003791682008,14.1000000000205));
#10856=CARTESIAN_POINT('',(-1111.44021835937,-145.003791682008,14.1000000000206));
#10857=CARTESIAN_POINT('',(-1113.44021835937,-145.003791682008,14.1000000000205));
#10858=CARTESIAN_POINT('',(-1111.44021835937,-145.003791682008,14.1000000000206));
#10859=CARTESIAN_POINT('',(-1111.94021835908,-145.003791682008,14.6000000000205));
#10860=CARTESIAN_POINT('',(0.,0.,0.));
ENDSEC;
END-ISO-10303-21;
