# OBJ
# COMPAS
# version: 2.15.1
# precision: 3
# V F E: 8644 13728 22218

o beds_0_0_0
v -2681.013 -2812.487 2832.300
v -2681.013 -2900.000 2832.300
v -2124.357 -2900.000 3014.309
v -2124.357 -2432.825 3014.309
v -2685.029 -2815.226 2859.393
v -2685.029 -2900.000 2859.393
v -2132.047 -2900.000 3040.201
v -2132.047 -2438.070 3040.201
f 1 2 6 5
f 2 3 7 6
f 3 4 8 7
f 4 1 5 8
f 1 4 3
f 3 2 1
f 8 5 6
f 6 7 8
o beds_0_1_0
v -2124.357 -2432.825 3014.309
v -2124.357 -2900.000 3014.309
v -1699.577 -2900.000 3127.946
v -1699.577 -2143.109 3127.946
v -2132.047 -2438.070 3040.201
v -2132.047 -2900.000 3040.201
v -1705.821 -2900.000 3154.225
v -1705.821 -2147.368 3154.225
f 9 10 14 13
f 10 11 15 14
f 11 12 16 15
f 12 9 13 16
f 9 12 11
f 11 10 9
f 16 13 14
f 14 15 16
o beds_0_2_0
v -1699.577 -2143.109 3127.946
v -1699.577 -2900.000 3127.946
v -1274.739 -2900.000 3216.342
v -1274.739 -1853.352 3216.342
v -1705.821 -2147.368 3154.225
v -1705.821 -2900.000 3154.225
v -1279.477 -2900.000 3242.935
v -1279.477 -1856.584 3242.935
f 17 18 22 21
f 18 19 23 22
f 19 20 24 23
f 20 17 21 24
f 17 20 19
f 19 18 17
f 24 21 22
f 22 23 24
o beds_0_3_0
v -1274.739 -1853.352 3216.342
v -1274.739 -2900.000 3216.342
v -849.853 -2900.000 3279.490
v -849.853 -1563.564 3279.490
v -1279.477 -1856.584 3242.935
v -1279.477 -2900.000 3242.935
v -853.039 -2900.000 3306.313
v -853.039 -1565.737 3306.313
f 25 26 30 29
f 26 27 31 30
f 27 28 32 31
f 28 25 29 32
f 25 28 27
f 27 26 25
f 32 29 30
f 30 31 32
o beds_0_4_0
v -849.853 -1563.564 3279.490
v -849.853 -2900.000 3279.490
v -424.935 -2900.000 3317.381
v -424.935 -1273.753 3317.381
v -853.039 -1565.737 3306.313
v -853.039 -2900.000 3306.313
v -426.537 -2900.000 3344.345
v -426.537 -1274.845 3344.345
f 33 34 38 37
f 34 35 39 38
f 35 36 40 39
f 36 33 37 40
f 33 36 35
f 35 34 33
f 40 37 38
f 38 39 40
o beds_0_5_0
v -424.935 -1273.753 3317.381
v -424.935 -2900.000 3317.381
v -60.000 -2900.000 3328.228
v -60.000 -1024.853 3328.228
v -426.537 -1274.845 3344.345
v -426.537 -2900.000 3344.345
v -60.000 -2900.000 3355.240
v -60.000 -1024.853 3355.240
f 41 42 46 45
f 42 43 47 46
f 43 44 48 47
f 44 41 45 48
f 41 44 43
f 43 42 41
f 48 45 46
f 46 47 48
o beds_1_0_0
v -2724.191 -2769.309 2832.300
v -2167.535 -2389.648 3014.309
v -2389.648 -2167.535 3014.309
v -2769.309 -2724.191 2832.300
v -2728.207 -2772.049 2859.393
v -2175.225 -2394.893 3040.201
v -2394.893 -2175.225 3040.201
v -2772.049 -2728.207 2859.393
f 49 50 54 53
f 50 51 55 54
f 51 52 56 55
f 52 49 53 56
f 49 52 51
f 51 50 49
f 56 53 54
f 54 55 56
o beds_1_1_0
v -2167.535 -2389.648 3014.309
v -1742.755 -2099.931 3127.946
v -2099.931 -1742.755 3127.946
v -2389.648 -2167.535 3014.309
v -2175.225 -2394.893 3040.201
v -1748.999 -2104.190 3154.225
v -2104.190 -1748.999 3154.225
v -2394.893 -2175.225 3040.201
f 57 58 62 61
f 58 59 63 62
f 59 60 64 63
f 60 57 61 64
f 57 60 59
f 59 58 57
f 64 61 62
f 62 63 64
o beds_1_2_0
v -1742.755 -2099.931 3127.946
v -1317.916 -1810.175 3216.342
v -1810.175 -1317.916 3216.342
v -2099.931 -1742.755 3127.946
v -1748.999 -2104.190 3154.225
v -1322.655 -1813.407 3242.935
v -1813.407 -1322.655 3242.935
v -2104.190 -1748.999 3154.225
f 65 66 70 69
f 66 67 71 70
f 67 68 72 71
f 68 65 69 72
f 65 68 67
f 67 66 65
f 72 69 70
f 70 71 72
o beds_1_3_0
v -1317.916 -1810.175 3216.342
v -893.031 -1520.386 3279.490
v -1520.386 -893.031 3279.490
v -1810.175 -1317.916 3216.342
v -1322.655 -1813.407 3242.935
v -896.217 -1522.559 3306.313
v -1522.559 -896.217 3306.313
v -1813.407 -1322.655 3242.935
f 73 74 78 77
f 74 75 79 78
f 75 76 80 79
f 76 73 77 80
f 73 76 75
f 75 74 73
f 80 77 78
f 78 79 80
o beds_1_4_0
v -893.031 -1520.386 3279.490
v -468.113 -1230.575 3317.381
v -1230.575 -468.113 3317.381
v -1520.386 -893.031 3279.490
v -896.217 -1522.559 3306.313
v -469.714 -1231.667 3344.345
v -1231.667 -469.714 3344.345
v -1522.559 -896.217 3306.313
f 81 82 86 85
f 82 83 87 86
f 83 84 88 87
f 84 81 85 88
f 81 84 83
f 83 82 81
f 88 85 86
f 86 87 88
o beds_1_5_0
v -468.113 -1230.575 3317.381
v -103.178 -981.675 3328.228
v -981.675 -103.178 3328.228
v -1230.575 -468.113 3317.381
v -469.714 -1231.667 3344.345
v -103.178 -981.675 3355.240
v -981.675 -103.178 3355.240
v -1231.667 -469.714 3344.345
f 89 90 94 93
f 90 91 95 94
f 91 92 96 95
f 92 89 93 96
f 89 92 91
f 91 90 89
f 96 93 94
f 94 95 96
o beds_2_0_0
v -2812.487 -2681.013 2832.300
v -2432.825 -2124.357 3014.309
v -2900.000 -2124.357 3014.309
v -2900.000 -2681.013 2832.300
v -2815.226 -2685.029 2859.393
v -2438.070 -2132.047 3040.201
v -2900.000 -2132.047 3040.201
v -2900.000 -2685.029 2859.393
f 97 98 102 101
f 98 99 103 102
f 99 100 104 103
f 100 97 101 104
f 97 100 99
f 99 98 97
f 104 101 102
f 102 103 104
o beds_2_1_0
v -2432.825 -2124.357 3014.309
v -2143.109 -1699.577 3127.946
v -2900.000 -1699.577 3127.946
v -2900.000 -2124.357 3014.309
v -2438.070 -2132.047 3040.201
v -2147.368 -1705.821 3154.225
v -2900.000 -1705.821 3154.225
v -2900.000 -2132.047 3040.201
f 105 106 110 109
f 106 107 111 110
f 107 108 112 111
f 108 105 109 112
f 105 108 107
f 107 106 105
f 112 109 110
f 110 111 112
o beds_2_2_0
v -2143.109 -1699.577 3127.946
v -1853.352 -1274.739 3216.342
v -2900.000 -1274.739 3216.342
v -2900.000 -1699.577 3127.946
v -2147.368 -1705.821 3154.225
v -1856.584 -1279.477 3242.935
v -2900.000 -1279.477 3242.935
v -2900.000 -1705.821 3154.225
f 113 114 118 117
f 114 115 119 118
f 115 116 120 119
f 116 113 117 120
f 113 116 115
f 115 114 113
f 120 117 118
f 118 119 120
o beds_2_3_0
v -1853.352 -1274.739 3216.342
v -1563.564 -849.853 3279.490
v -2900.000 -849.853 3279.490
v -2900.000 -1274.739 3216.342
v -1856.584 -1279.477 3242.935
v -1565.737 -853.039 3306.313
v -2900.000 -853.039 3306.313
v -2900.000 -1279.477 3242.935
f 121 122 126 125
f 122 123 127 126
f 123 124 128 127
f 124 121 125 128
f 121 124 123
f 123 122 121
f 128 125 126
f 126 127 128
o beds_2_4_0
v -1563.564 -849.853 3279.490
v -1273.753 -424.935 3317.381
v -2900.000 -424.935 3317.381
v -2900.000 -849.853 3279.490
v -1565.737 -853.039 3306.313
v -1274.845 -426.537 3344.345
v -2900.000 -426.537 3344.345
v -2900.000 -853.039 3306.313
f 129 130 134 133
f 130 131 135 134
f 131 132 136 135
f 132 129 133 136
f 129 132 131
f 131 130 129
f 136 133 134
f 134 135 136
o beds_2_5_0
v -1273.753 -424.935 3317.381
v -1024.853 -60.000 3328.228
v -2900.000 -60.000 3328.228
v -2900.000 -424.935 3317.381
v -1274.845 -426.537 3344.345
v -1024.853 -60.000 3355.240
v -2900.000 -60.000 3355.240
v -2900.000 -426.537 3344.345
f 137 138 142 141
f 138 139 143 142
f 139 140 144 143
f 140 137 141 144
f 137 140 139
f 139 138 137
f 144 141 142
f 142 143 144
o tsections_0_0
v -2676.996 -2873.000 2805.207
v -2116.667 -2873.000 2988.417
v -1693.333 -2873.000 3101.667
v -1270.000 -2873.000 3189.750
v -846.667 -2873.000 3252.667
v -423.333 -2873.000 3290.417
v -60.000 -2873.000 3301.217
v -60.000 -2873.000 3328.228
v -424.935 -2873.000 3317.381
v -849.853 -2873.000 3279.490
v -1274.739 -2873.000 3216.342
v -1699.577 -2873.000 3127.946
v -2124.357 -2873.000 3014.309
v -2681.013 -2873.000 2832.300
v -2676.996 -2900.000 2805.207
v -2116.667 -2900.000 2988.417
v -1693.333 -2900.000 3101.667
v -1270.000 -2900.000 3189.750
v -846.667 -2900.000 3252.667
v -423.333 -2900.000 3290.417
v -60.000 -2900.000 3301.217
v -60.000 -2900.000 3328.228
v -424.935 -2900.000 3317.381
v -849.853 -2900.000 3279.490
v -1274.739 -2900.000 3216.342
v -1699.577 -2900.000 3127.946
v -2124.357 -2900.000 3014.309
v -2681.013 -2900.000 2832.300
f 145 146 160 159
f 146 147 161 160
f 147 148 162 161
f 148 149 163 162
f 149 150 164 163
f 150 151 165 164
f 151 152 166 165
f 152 153 167 166
f 153 154 168 167
f 154 155 169 168
f 155 156 170 169
f 156 157 171 170
f 157 158 172 171
f 158 145 159 172
f 145 158 157
f 157 156 155
f 155 154 153
f 153 152 151
f 146 145 157
f 153 151 150
f 147 146 157
f 155 153 150
f 148 147 157
f 155 150 149
f 148 157 155
f 155 149 148
f 171 172 159
f 169 170 171
f 167 168 169
f 165 166 167
f 171 159 160
f 164 165 167
f 171 160 161
f 164 167 169
f 171 161 162
f 163 164 169
f 169 171 162
f 162 163 169
o tsections_1_0
v -2676.098 -2841.817 2799.147
v -2681.013 -2845.169 2832.300
v -2124.357 -2465.507 3014.309
v -1699.577 -2175.791 3127.946
v -1274.739 -1886.034 3216.342
v -849.853 -1596.246 3279.490
v -424.935 -1306.435 3317.381
v -60.000 -1057.535 3328.228
v -60.000 -1057.535 3300.639
v -403.903 -1292.090 3290.417
v -827.237 -1580.820 3252.667
v -1250.570 -1869.550 3189.750
v -1673.903 -2158.281 3101.667
v -2097.237 -2447.011 2988.417
v -2676.996 -2809.747 2805.207
v -2681.013 -2812.487 2832.300
v -2124.357 -2432.825 3014.309
v -1699.577 -2143.109 3127.946
v -1274.739 -1853.352 3216.342
v -849.853 -1563.564 3279.490
v -424.935 -1273.753 3317.381
v -60.000 -1024.853 3328.228
v -60.000 -1024.853 3301.217
v -423.333 -1272.660 3290.417
v -846.667 -1561.390 3252.667
v -1270.000 -1850.120 3189.750
v -1693.333 -2138.851 3101.667
v -2116.667 -2427.581 2988.417
f 173 174 188 187
f 174 175 189 188
f 175 176 190 189
f 176 177 191 190
f 177 178 192 191
f 178 179 193 192
f 179 180 194 193
f 180 181 195 194
f 181 182 196 195
f 182 183 197 196
f 183 184 198 197
f 184 185 199 198
f 185 186 200 199
f 186 173 187 200
f 174 173 186
f 176 175 174
f 178 177 176
f 180 179 178
f 182 181 180
f 174 186 185
f 182 180 178
f 176 174 185
f 183 182 178
f 176 185 184
f 183 178 176
f 176 184 183
f 200 187 188
f 188 189 190
f 190 191 192
f 192 193 194
f 194 195 196
f 200 188 190
f 192 194 196
f 199 200 190
f 192 196 197
f 198 199 190
f 190 192 197
f 197 198 190
o tsections_2_0
v -2739.604 -2747.140 2805.207
v -2179.274 -2364.973 2988.417
v -1755.941 -2076.243 3101.667
v -1332.608 -1787.513 3189.750
v -909.274 -1498.783 3252.667
v -485.941 -1210.053 3290.417
v -122.608 -962.245 3301.217
v -122.608 -962.245 3328.228
v -487.543 -1211.145 3317.381
v -912.461 -1500.956 3279.490
v -1337.346 -1790.745 3216.342
v -1762.185 -2080.501 3127.946
v -2186.965 -2370.218 3014.309
v -2743.621 -2749.879 2832.300
v -2720.174 -2766.570 2805.207
v -2159.844 -2384.403 2988.417
v -1736.511 -2095.673 3101.667
v -1313.178 -1806.943 3189.750
v -889.844 -1518.213 3252.667
v -466.511 -1229.483 3290.417
v -103.178 -981.675 3301.217
v -103.178 -981.675 3328.228
v -468.113 -1230.575 3317.381
v -893.031 -1520.386 3279.490
v -1317.916 -1810.175 3216.342
v -1742.755 -2099.931 3127.946
v -2167.535 -2389.648 3014.309
v -2724.191 -2769.309 2832.300
f 201 202 216 215
f 202 203 217 216
f 203 204 218 217
f 204 205 219 218
f 205 206 220 219
f 206 207 221 220
f 207 208 222 221
f 208 209 223 222
f 209 210 224 223
f 210 211 225 224
f 211 212 226 225
f 212 213 227 226
f 213 214 228 227
f 214 201 215 228
f 201 214 213
f 213 212 211
f 211 210 209
f 209 208 207
f 202 201 213
f 209 207 206
f 203 202 213
f 211 209 206
f 204 203 213
f 211 206 205
f 204 213 211
f 211 205 204
f 227 228 215
f 225 226 227
f 223 224 225
f 221 222 223
f 227 215 216
f 220 221 223
f 227 216 217
f 220 223 225
f 227 217 218
f 219 220 225
f 225 227 218
f 218 219 225
o tsections_3_0
v -2747.140 -2739.604 2805.207
v -2749.879 -2743.621 2832.300
v -2370.218 -2186.965 3014.309
v -2080.501 -1762.185 3127.946
v -1790.745 -1337.346 3216.342
v -1500.956 -912.461 3279.490
v -1211.145 -487.543 3317.381
v -962.245 -122.608 3328.228
v -962.245 -122.608 3301.217
v -1210.053 -485.941 3290.417
v -1498.783 -909.274 3252.667
v -1787.513 -1332.608 3189.750
v -2076.243 -1755.941 3101.667
v -2364.973 -2179.274 2988.417
v -2766.570 -2720.174 2805.207
v -2769.309 -2724.191 2832.300
v -2389.648 -2167.535 3014.309
v -2099.931 -1742.755 3127.946
v -1810.175 -1317.916 3216.342
v -1520.386 -893.031 3279.490
v -1230.575 -468.113 3317.381
v -981.675 -103.178 3328.228
v -981.675 -103.178 3301.217
v -1229.483 -466.511 3290.417
v -1518.213 -889.844 3252.667
v -1806.943 -1313.178 3189.750
v -2095.673 -1736.511 3101.667
v -2384.403 -2159.844 2988.417
f 229 230 244 243
f 230 231 245 244
f 231 232 246 245
f 232 233 247 246
f 233 234 248 247
f 234 235 249 248
f 235 236 250 249
f 236 237 251 250
f 237 238 252 251
f 238 239 253 252
f 239 240 254 253
f 240 241 255 254
f 241 242 256 255
f 242 229 243 256
f 230 229 242
f 232 231 230
f 234 233 232
f 236 235 234
f 238 237 236
f 232 230 242
f 238 236 234
f 232 242 241
f 239 238 234
f 232 241 240
f 239 234 232
f 232 240 239
f 256 243 244
f 244 245 246
f 246 247 248
f 248 249 250
f 250 251 252
f 256 244 246
f 248 250 252
f 255 256 246
f 248 252 253
f 254 255 246
f 246 248 253
f 253 254 246
o tsections_4_0
v -2841.817 -2676.098 2799.147
v -2447.011 -2097.237 2988.417
v -2158.281 -1673.903 3101.667
v -1869.550 -1250.570 3189.750
v -1580.820 -827.237 3252.667
v -1292.090 -403.903 3290.417
v -1057.535 -60.000 3300.639
v -1057.535 -60.000 3328.228
v -1306.435 -424.935 3317.381
v -1596.246 -849.853 3279.490
v -1886.034 -1274.739 3216.342
v -2175.791 -1699.577 3127.946
v -2465.507 -2124.357 3014.309
v -2845.169 -2681.013 2832.300
v -2809.747 -2676.996 2805.207
v -2427.581 -2116.667 2988.417
v -2138.851 -1693.333 3101.667
v -1850.120 -1270.000 3189.750
v -1561.390 -846.667 3252.667
v -1272.660 -423.333 3290.417
v -1024.853 -60.000 3301.217
v -1024.853 -60.000 3328.228
v -1273.753 -424.935 3317.381
v -1563.564 -849.853 3279.490
v -1853.352 -1274.739 3216.342
v -2143.109 -1699.577 3127.946
v -2432.825 -2124.357 3014.309
v -2812.487 -2681.013 2832.300
f 257 258 272 271
f 258 259 273 272
f 259 260 274 273
f 260 261 275 274
f 261 262 276 275
f 262 263 277 276
f 263 264 278 277
f 264 265 279 278
f 265 266 280 279
f 266 267 281 280
f 267 268 282 281
f 268 269 283 282
f 269 270 284 283
f 270 257 271 284
f 257 270 269
f 269 268 267
f 267 266 265
f 265 264 263
f 258 257 269
f 265 263 262
f 259 258 269
f 267 265 262
f 260 259 269
f 267 262 261
f 260 269 267
f 267 261 260
f 283 284 271
f 281 282 283
f 279 280 281
f 277 278 279
f 283 271 272
f 276 277 279
f 283 272 273
f 276 279 281
f 283 273 274
f 275 276 281
f 281 283 274
f 274 275 281
o tsections_5_0
v -2873.000 -2676.996 2805.207
v -2873.000 -2681.013 2832.300
v -2873.000 -2124.357 3014.309
v -2873.000 -1699.577 3127.946
v -2873.000 -1274.739 3216.342
v -2873.000 -849.853 3279.490
v -2873.000 -424.935 3317.381
v -2873.000 -60.000 3328.228
v -2873.000 -60.000 3301.217
v -2873.000 -423.333 3290.417
v -2873.000 -846.667 3252.667
v -2873.000 -1270.000 3189.750
v -2873.000 -1693.333 3101.667
v -2873.000 -2116.667 2988.417
v -2900.000 -2676.996 2805.207
v -2900.000 -2681.013 2832.300
v -2900.000 -2124.357 3014.309
v -2900.000 -1699.577 3127.946
v -2900.000 -1274.739 3216.342
v -2900.000 -849.853 3279.490
v -2900.000 -424.935 3317.381
v -2900.000 -60.000 3328.228
v -2900.000 -60.000 3301.217
v -2900.000 -423.333 3290.417
v -2900.000 -846.667 3252.667
v -2900.000 -1270.000 3189.750
v -2900.000 -1693.333 3101.667
v -2900.000 -2116.667 2988.417
f 285 286 300 299
f 286 287 301 300
f 287 288 302 301
f 288 289 303 302
f 289 290 304 303
f 290 291 305 304
f 291 292 306 305
f 292 293 307 306
f 293 294 308 307
f 294 295 309 308
f 295 296 310 309
f 296 297 311 310
f 297 298 312 311
f 298 285 299 312
f 286 285 298
f 288 287 286
f 290 289 288
f 292 291 290
f 294 293 292
f 288 286 298
f 294 292 290
f 288 298 297
f 295 294 290
f 288 297 296
f 295 290 288
f 288 296 295
f 312 299 300
f 300 301 302
f 302 303 304
f 304 305 306
f 306 307 308
f 312 300 302
f 304 306 308
f 311 312 302
f 304 308 309
f 310 311 302
f 302 304 309
f 309 310 302
o outer_ribs_0_0
v -2676.996 -3000.000 2805.207
v -2116.667 -3000.000 2988.417
v -1693.333 -3000.000 3101.667
v -2675.817 -3000.000 3301.903
v -2666.250 -3000.000 3300.000
v -2656.683 -3000.000 3301.903
v -2683.928 -3000.000 3307.322
v -2689.347 -3000.000 3315.433
v -2691.250 -3000.000 3325.000
v -2648.572 -3000.000 3307.322
v -2643.153 -3000.000 3315.433
v -2641.250 -3000.000 3325.000
v -2689.347 -3000.000 3334.567
v -2683.928 -3000.000 3342.678
v -2643.153 -3000.000 3334.567
v -2648.572 -3000.000 3342.678
v -2675.817 -3000.000 3348.097
v -2666.250 -3000.000 3350.000
v -2656.683 -3000.000 3348.097
v -2675.817 -3000.000 3401.903
v -2666.250 -3000.000 3400.000
v -2656.683 -3000.000 3401.903
v -2683.928 -3000.000 3407.322
v -2648.572 -3000.000 3407.322
v -2689.347 -3000.000 3415.433
v -2691.250 -3000.000 3425.000
v -2689.347 -3000.000 3434.567
v -2643.153 -3000.000 3415.433
v -2641.250 -3000.000 3425.000
v -2643.153 -3000.000 3434.567
v -2683.928 -3000.000 3442.678
v -2675.817 -3000.000 3448.097
v -2666.250 -3000.000 3450.000
v -2656.683 -3000.000 3448.097
v -2648.572 -3000.000 3442.678
v -2780.000 -3000.000 3500.000
v -2742.937 -2965.000 3250.000
v -2675.817 -2965.000 3301.903
v -2666.250 -2965.000 3300.000
v -2656.683 -2965.000 3301.903
v -2683.928 -2965.000 3307.322
v -2689.347 -2965.000 3315.433
v -2691.250 -2965.000 3325.000
v -2648.572 -2965.000 3307.322
v -2643.153 -2965.000 3315.433
v -2641.250 -2965.000 3325.000
v -2515.000 -2965.000 3250.000
v -2759.635 -2965.000 3362.629
v -2689.347 -2965.000 3334.567
v -2683.928 -2965.000 3342.678
v -2643.153 -2965.000 3334.567
v -2648.572 -2965.000 3342.678
v -2675.817 -2965.000 3348.097
v -2666.250 -2965.000 3350.000
v -2656.683 -2965.000 3348.097
v -2675.817 -2965.000 3401.903
v -2666.250 -2965.000 3400.000
v -2656.683 -2965.000 3401.903
v -2683.928 -2965.000 3407.322
v -2648.572 -2965.000 3407.322
v -2689.347 -2965.000 3415.433
v -2691.250 -2965.000 3425.000
v -2689.347 -2965.000 3434.567
v -2643.153 -2965.000 3415.433
v -2641.250 -2965.000 3425.000
v -2643.153 -2965.000 3434.567
v -2683.928 -2965.000 3442.678
v -2675.817 -2965.000 3448.097
v -2666.250 -2965.000 3450.000
v -2656.683 -2965.000 3448.097
v -2648.572 -2965.000 3442.678
v -2780.000 -2965.000 3500.000
v -2515.000 -2965.000 3500.000
v -2676.996 -2900.000 2805.207
v -2116.667 -2900.000 2988.417
v -1693.333 -2900.000 3101.667
v -2742.937 -2935.000 3250.000
v -2675.817 -2935.000 3301.903
v -2666.250 -2935.000 3300.000
v -2656.683 -2935.000 3301.903
v -2683.928 -2935.000 3307.322
v -2689.347 -2935.000 3315.433
v -2691.250 -2935.000 3325.000
v -2648.572 -2935.000 3307.322
v -2643.153 -2935.000 3315.433
v -2641.250 -2935.000 3325.000
v -2515.000 -2935.000 3250.000
v -2689.347 -2935.000 3334.567
v -2683.928 -2935.000 3342.678
v -2643.153 -2935.000 3334.567
v -2648.572 -2935.000 3342.678
v -2675.817 -2935.000 3348.097
v -2666.250 -2935.000 3350.000
v -2656.683 -2935.000 3348.097
v -2675.817 -2935.000 3401.903
v -2666.250 -2935.000 3400.000
v -2656.683 -2935.000 3401.903
v -2683.928 -2935.000 3407.322
v -2648.572 -2935.000 3407.322
v -2689.347 -2935.000 3415.433
v -2691.250 -2935.000 3425.000
v -2689.347 -2935.000 3434.567
v -2643.153 -2935.000 3415.433
v -2641.250 -2935.000 3425.000
v -2643.153 -2935.000 3434.567
v -2683.928 -2935.000 3442.678
v -2675.817 -2935.000 3448.097
v -2666.250 -2935.000 3450.000
v -2656.683 -2935.000 3448.097
v -2648.572 -2935.000 3442.678
v -2780.000 -2935.000 3500.000
v -2515.000 -2935.000 3500.000
v -2675.817 -2900.000 3301.903
v -2666.250 -2900.000 3300.000
v -2656.683 -2900.000 3301.903
v -2683.928 -2900.000 3307.322
v -2689.347 -2900.000 3315.433
v -2691.250 -2900.000 3325.000
v -2648.572 -2900.000 3307.322
v -2643.153 -2900.000 3315.433
v -2641.250 -2900.000 3325.000
v -2689.347 -2900.000 3334.567
v -2683.928 -2900.000 3342.678
v -2643.153 -2900.000 3334.567
v -2648.572 -2900.000 3342.678
v -2675.817 -2900.000 3348.097
v -2666.250 -2900.000 3350.000
v -2656.683 -2900.000 3348.097
v -2675.817 -2900.000 3401.903
v -2666.250 -2900.000 3400.000
v -2656.683 -2900.000 3401.903
v -2683.928 -2900.000 3407.322
v -2648.572 -2900.000 3407.322
v -2689.347 -2900.000 3415.433
v -2691.250 -2900.000 3425.000
v -2689.347 -2900.000 3434.567
v -2643.153 -2900.000 3415.433
v -2641.250 -2900.000 3425.000
v -2643.153 -2900.000 3434.567
v -2683.928 -2900.000 3442.678
v -2675.817 -2900.000 3448.097
v -2666.250 -2900.000 3450.000
v -2656.683 -2900.000 3448.097
v -2648.572 -2900.000 3442.678
v -2780.000 -2900.000 3500.000
v -1270.000 -3000.000 3189.750
v -846.667 -3000.000 3252.667
v -423.333 -3000.000 3290.417
v 0.000 -3000.000 3303.000
v 0.000 -3000.000 3500.000
v -400.000 -2970.000 3291.110
v -200.000 -2970.000 3297.055
v -200.000 -2960.000 3297.055
v 0.000 -2960.000 3303.000
v -400.000 -2970.000 3361.500
v -200.000 -2970.000 3361.500
v -200.000 -2960.000 3357.864
v -200.000 -2960.000 3361.500
v 0.000 -2960.000 3361.500
v -1270.000 -2900.000 3189.750
v -846.667 -2900.000 3252.667
v -400.000 -2930.000 3291.110
v -200.000 -2940.000 3297.055
v 0.000 -2940.000 3303.000
v -200.000 -2930.000 3297.055
v -400.000 -2930.000 3361.500
v -200.000 -2940.000 3348.167
v -200.000 -2940.000 3361.500
v 0.000 -2940.000 3361.500
v -200.000 -2930.000 3361.500
v -423.333 -2900.000 3290.417
v 0.000 -2900.000 3303.000
v 0.000 -2900.000 3500.000
f 313 314 317
f 313 317 316
f 313 316 319
f 313 319 320
f 313 320 321
f 313 321 348
f 314 318 317
f 314 322 318
f 314 323 322
f 314 324 323
f 314 327 324
f 314 333 327
f 314 334 333
f 314 336 334
f 314 340 336
f 314 341 340
f 314 315 341
f 315 342 341
f 326 337 325
f 329 335 326
f 330 332 329
f 327 333 328
f 328 333 331
f 331 333 330
f 348 321 325
f 329 332 335
f 326 335 337
f 330 333 332
f 348 325 337
f 348 337 338
f 348 338 339
f 348 339 343
f 348 343 344
f 348 344 345
f 348 345 346
f 315 348 346
f 315 347 342
f 315 346 347
f 315 458 348
f 348 458 459
f 348 459 460
f 348 460 461
f 348 461 462
f 389 423 457 386 313 348 384 360 349
f 387 314 313 386
f 387 388 315 314
f 472 458 315 388
f 348 462 485 457 423 424 385 384
f 386 431 387
f 386 425 426
f 386 428 425
f 386 426 427
f 386 427 431
f 386 429 428
f 386 430 429
f 386 457 430
f 387 431 432
f 387 432 433
f 387 433 436
f 387 436 437
f 387 437 440
f 387 440 443
f 387 443 445
f 387 445 449
f 387 449 450
f 387 450 388
f 388 450 451
f 434 444 435
f 435 441 438
f 438 442 439
f 439 443 440
f 457 434 430
f 434 446 444
f 435 444 441
f 438 441 442
f 439 442 443
f 457 446 434
f 457 447 446
f 457 448 447
f 457 452 448
f 457 453 452
f 457 454 453
f 457 455 454
f 388 455 457
f 388 451 456
f 388 456 455
f 388 457 472
f 457 473 472
f 457 483 473
f 457 485 483
f 483 485 484
f 459 458 472 473
f 460 459 473 483
f 463 464 465 466 461 460 483 484 476 475 477 474
f 466 471 481 476 484 485 462 461
f 353 319 316 350
f 316 317 351 350
f 318 352 351 317
f 319 353 354 320
f 352 318 322 356
f 321 320 354 355
f 322 323 357 356
f 323 324 358 357
f 355 361 325 321
f 361 362 326 325
f 362 365 329 326
f 364 328 331 367
f 363 358 324 327
f 364 363 327 328
f 329 365 366 330
f 331 330 366 367
f 333 369 368 332
f 369 333 334 370
f 332 368 371 335
f 373 337 335 371
f 334 336 372 370
f 336 340 376 372
f 337 373 374 338
f 338 374 375 339
f 341 377 376 340
f 342 378 377 341
f 339 375 379 343
f 344 343 379 380
f 345 344 380 381
f 381 382 346 345
f 347 346 382 383
f 383 378 342 347
f 351 359 349
f 351 349 350
f 350 349 353
f 353 349 354
f 354 349 355
f 355 349 361
f 361 349 360
f 351 352 359
f 352 356 359
f 356 357 359
f 357 358 359
f 361 360 368
f 361 368 362
f 362 368 365
f 365 369 366
f 367 366 370
f 364 367 372
f 358 363 377
f 363 364 376
f 368 360 371
f 371 360 373
f 373 360 374
f 374 360 375
f 365 368 369
f 366 369 370
f 367 370 372
f 364 372 376
f 363 376 377
f 359 358 377
f 359 377 385
f 375 360 379
f 379 360 384
f 379 384 380
f 380 384 381
f 382 381 384
f 383 382 385
f 382 384 385
f 377 378 385
f 378 383 385
f 349 359 399 389
f 359 385 424 399
f 390 389 399
f 390 393 389
f 393 394 389
f 394 395 389
f 391 390 399
f 391 399 392
f 392 399 396
f 396 399 397
f 397 399 398
f 395 423 389
f 404 405 407
f 403 409 406
f 406 408 405
f 398 415 402
f 402 411 403
f 395 400 423
f 400 401 423
f 401 404 423
f 404 407 410
f 404 410 412
f 405 408 407
f 406 409 408
f 403 411 409
f 402 415 411
f 398 416 415
f 399 416 398
f 399 424 416
f 404 412 423
f 412 413 423
f 413 414 423
f 414 418 423
f 418 419 423
f 419 420 423
f 422 424 421
f 421 424 420
f 420 424 423
f 416 424 417
f 417 424 422
f 428 393 390 425
f 391 426 425 390
f 392 427 426 391
f 428 429 394 393
f 431 427 392 396
f 395 394 429 430
f 396 397 432 431
f 398 433 432 397
f 434 400 395 430
f 401 400 434 435
f 404 401 435 438
f 406 440 437 403
f 402 436 433 398
f 437 436 402 403
f 438 439 405 404
f 405 439 440 406
f 441 407 408 442
f 409 443 442 408
f 410 407 441 444
f 412 410 444 446
f 443 409 411 445
f 415 449 445 411
f 447 413 412 446
f 447 448 414 413
f 416 450 449 415
f 450 416 417 451
f 448 452 418 414
f 418 452 453 419
f 454 420 419 453
f 454 455 421 420
f 422 421 455 456
f 451 417 422 456
f 467 468 464 463
f 469 465 464 468 470
f 465 469 470 471 466
f 474 478 467 463
f 471 470 468 467 478 482 480 481
f 476 481 480 479 475
f 477 475 479 480 482
f 477 482 478 474
o outer_ribs_1_0
v -3000.000 -2676.996 2805.207
v -3000.000 -2116.667 2988.417
v -3000.000 -1693.333 3101.667
v -3000.000 -2675.817 3301.903
v -3000.000 -2666.250 3300.000
v -3000.000 -2656.683 3301.903
v -3000.000 -2683.928 3307.322
v -3000.000 -2689.347 3315.433
v -3000.000 -2691.250 3325.000
v -3000.000 -2648.572 3307.322
v -3000.000 -2643.153 3315.433
v -3000.000 -2641.250 3325.000
v -3000.000 -2689.347 3334.567
v -3000.000 -2683.928 3342.678
v -3000.000 -2643.153 3334.567
v -3000.000 -2648.572 3342.678
v -3000.000 -2675.817 3348.097
v -3000.000 -2666.250 3350.000
v -3000.000 -2656.683 3348.097
v -3000.000 -2675.817 3401.903
v -3000.000 -2666.250 3400.000
v -3000.000 -2656.683 3401.903
v -3000.000 -2683.928 3407.322
v -3000.000 -2648.572 3407.322
v -3000.000 -2689.347 3415.433
v -3000.000 -2691.250 3425.000
v -3000.000 -2689.347 3434.567
v -3000.000 -2643.153 3415.433
v -3000.000 -2641.250 3425.000
v -3000.000 -2643.153 3434.567
v -3000.000 -2683.928 3442.678
v -3000.000 -2675.817 3448.097
v -3000.000 -2666.250 3450.000
v -3000.000 -2656.683 3448.097
v -3000.000 -2648.572 3442.678
v -3000.000 -2780.000 3500.000
v -2965.000 -2742.937 3250.000
v -2965.000 -2675.817 3301.903
v -2965.000 -2666.250 3300.000
v -2965.000 -2656.683 3301.903
v -2965.000 -2683.928 3307.322
v -2965.000 -2689.347 3315.433
v -2965.000 -2691.250 3325.000
v -2965.000 -2648.572 3307.322
v -2965.000 -2643.153 3315.433
v -2965.000 -2641.250 3325.000
v -2965.000 -2515.000 3250.000
v -2965.000 -2689.347 3334.567
v -2965.000 -2683.928 3342.678
v -2965.000 -2643.153 3334.567
v -2965.000 -2648.572 3342.678
v -2965.000 -2675.817 3348.097
v -2965.000 -2666.250 3350.000
v -2965.000 -2656.683 3348.097
v -2965.000 -2675.817 3401.903
v -2965.000 -2666.250 3400.000
v -2965.000 -2656.683 3401.903
v -2965.000 -2683.928 3407.322
v -2965.000 -2648.572 3407.322
v -2965.000 -2689.347 3415.433
v -2965.000 -2691.250 3425.000
v -2965.000 -2689.347 3434.567
v -2965.000 -2643.153 3415.433
v -2965.000 -2641.250 3425.000
v -2965.000 -2643.153 3434.567
v -2965.000 -2683.928 3442.678
v -2965.000 -2675.817 3448.097
v -2965.000 -2666.250 3450.000
v -2965.000 -2656.683 3448.097
v -2965.000 -2648.572 3442.678
v -2965.000 -2780.000 3500.000
v -2965.000 -2515.000 3500.000
v -3000.000 -1270.000 3189.750
v -3000.000 -846.667 3252.667
v -3000.000 -423.333 3290.417
v -3000.000 0.000 3303.000
v -3000.000 0.000 3500.000
v -2970.000 -400.000 3291.110
v -2970.000 -200.000 3297.055
v -2960.000 -200.000 3297.055
v -2960.000 0.000 3303.000
v -2970.000 -400.000 3361.500
v -2970.000 -200.000 3361.500
v -2960.000 -200.000 3348.167
v -2960.000 -200.000 3361.500
v -2960.000 0.000 3361.500
v -2900.000 -2676.996 2805.207
v -2900.000 -2116.667 2988.417
v -2900.000 -1693.333 3101.667
v -2935.000 -2742.937 3250.000
v -2935.000 -2675.817 3301.903
v -2935.000 -2666.250 3300.000
v -2935.000 -2656.683 3301.903
v -2935.000 -2683.928 3307.322
v -2935.000 -2689.347 3315.433
v -2935.000 -2691.250 3325.000
v -2935.000 -2648.572 3307.322
v -2935.000 -2643.153 3315.433
v -2935.000 -2641.250 3325.000
v -2935.000 -2515.000 3250.000
v -2935.000 -2759.635 3362.629
v -2935.000 -2689.347 3334.567
v -2935.000 -2683.928 3342.678
v -2935.000 -2643.153 3334.567
v -2935.000 -2648.572 3342.678
v -2935.000 -2675.817 3348.097
v -2935.000 -2666.250 3350.000
v -2935.000 -2656.683 3348.097
v -2935.000 -2675.817 3401.903
v -2935.000 -2666.250 3400.000
v -2935.000 -2656.683 3401.903
v -2935.000 -2683.928 3407.322
v -2935.000 -2648.572 3407.322
v -2935.000 -2689.347 3415.433
v -2935.000 -2691.250 3425.000
v -2935.000 -2689.347 3434.567
v -2935.000 -2643.153 3415.433
v -2935.000 -2641.250 3425.000
v -2935.000 -2643.153 3434.567
v -2935.000 -2683.928 3442.678
v -2935.000 -2675.817 3448.097
v -2935.000 -2666.250 3450.000
v -2935.000 -2656.683 3448.097
v -2935.000 -2648.572 3442.678
v -2935.000 -2780.000 3500.000
v -2935.000 -2515.000 3500.000
v -2900.000 -2675.817 3301.903
v -2900.000 -2666.250 3300.000
v -2900.000 -2656.683 3301.903
v -2900.000 -2683.928 3307.322
v -2900.000 -2689.347 3315.433
v -2900.000 -2691.250 3325.000
v -2900.000 -2648.572 3307.322
v -2900.000 -2643.153 3315.433
v -2900.000 -2641.250 3325.000
v -2900.000 -2689.347 3334.567
v -2900.000 -2683.928 3342.678
v -2900.000 -2643.153 3334.567
v -2900.000 -2648.572 3342.678
v -2900.000 -2675.817 3348.097
v -2900.000 -2666.250 3350.000
v -2900.000 -2656.683 3348.097
v -2900.000 -2675.817 3401.903
v -2900.000 -2666.250 3400.000
v -2900.000 -2656.683 3401.903
v -2900.000 -2683.928 3407.322
v -2900.000 -2648.572 3407.322
v -2900.000 -2689.347 3415.433
v -2900.000 -2691.250 3425.000
v -2900.000 -2689.347 3434.567
v -2900.000 -2643.153 3415.433
v -2900.000 -2641.250 3425.000
v -2900.000 -2643.153 3434.567
v -2900.000 -2683.928 3442.678
v -2900.000 -2675.817 3448.097
v -2900.000 -2666.250 3450.000
v -2900.000 -2656.683 3448.097
v -2900.000 -2648.572 3442.678
v -2900.000 -2780.000 3500.000
v -2940.000 -200.000 3297.055
v -2940.000 0.000 3303.000
v -2930.000 -400.000 3291.110
v -2930.000 -200.000 3297.055
v -2940.000 -200.000 3357.864
v -2940.000 -200.000 3361.500
v -2940.000 0.000 3361.500
v -2930.000 -400.000 3361.500
v -2930.000 -200.000 3361.500
v -2900.000 -1270.000 3189.750
v -2900.000 -846.667 3252.667
v -2900.000 -423.333 3290.417
v -2900.000 0.000 3303.000
v -2900.000 0.000 3500.000
f 486 490 487
f 486 489 490
f 486 492 489
f 486 493 492
f 486 494 493
f 486 521 494
f 487 490 491
f 487 491 495
f 487 495 496
f 487 496 497
f 487 497 500
f 487 500 501
f 487 501 504
f 487 504 507
f 487 507 509
f 487 509 513
f 487 513 514
f 487 514 488
f 488 514 515
f 494 510 498
f 498 508 499
f 499 505 502
f 502 506 503
f 503 507 504
f 498 510 508
f 499 508 505
f 502 505 506
f 494 511 510
f 503 506 507
f 521 511 494
f 521 512 511
f 521 516 512
f 521 517 516
f 521 518 517
f 521 519 518
f 488 519 521
f 488 515 520
f 488 520 519
f 488 521 558
f 521 559 558
f 521 560 559
f 521 561 560
f 521 562 561
f 486 487 573 572
f 586 575 522 556 521 486 572 644 610
f 488 574 573 487
f 556 557 611 610 644 658 562 521
f 654 574 488 558
f 646 657 656 560 561 566 565 564 563 647 648 645
f 558 559 655 654
f 559 560 656 655
f 646 651 571 566 561 562 658 657
f 572 573 618
f 572 613 612
f 572 612 615
f 572 614 613
f 572 618 614
f 572 615 616
f 572 616 617
f 572 617 644
f 573 619 618
f 573 620 619
f 573 623 620
f 573 629 623
f 573 630 629
f 573 632 630
f 573 636 632
f 573 637 636
f 573 574 637
f 574 638 637
f 622 633 621
f 625 631 622
f 626 628 625
f 623 629 624
f 624 629 627
f 627 629 626
f 644 617 621
f 625 628 631
f 622 631 633
f 626 629 628
f 644 621 633
f 644 633 634
f 644 634 635
f 644 635 639
f 644 639 640
f 644 640 641
f 644 641 642
f 574 644 642
f 574 643 638
f 574 642 643
f 574 658 644
f 574 654 658
f 654 655 658
f 655 656 658
f 656 657 658
f 490 489 523 524
f 524 525 491 490
f 491 525 529 495
f 492 526 523 489
f 527 526 492 493
f 527 493 494 528
f 530 496 495 529
f 497 496 530 531
f 533 528 494 498
f 498 499 534 533
f 499 502 537 534
f 501 536 539 504
f 531 535 500 497
f 500 535 536 501
f 503 538 537 502
f 538 503 504 539
f 540 541 506 505
f 507 506 541 542
f 540 505 508 543
f 510 545 543 508
f 542 544 509 507
f 548 513 509 544
f 546 545 510 511
f 512 547 546 511
f 549 514 513 548
f 549 550 515 514
f 512 516 551 547
f 554 519 520 555
f 552 551 516 517
f 517 518 553 552
f 519 554 553 518
f 550 555 520 515
f 523 522 532
f 523 526 522
f 526 527 522
f 527 528 522
f 524 523 532
f 524 532 525
f 525 532 529
f 529 532 530
f 530 532 531
f 528 556 522
f 537 538 540
f 536 542 539
f 539 541 538
f 531 548 535
f 535 544 536
f 528 533 556
f 533 534 556
f 534 537 556
f 537 540 543
f 537 543 545
f 538 541 540
f 539 542 541
f 536 544 542
f 535 548 544
f 531 549 548
f 532 549 531
f 532 557 549
f 537 545 556
f 545 546 556
f 546 547 556
f 547 551 556
f 551 552 556
f 552 553 557
f 555 557 554
f 554 557 553
f 552 557 556
f 549 557 550
f 550 557 555
f 532 522 575 585
f 557 532 585 611
f 568 567 563 564
f 569 570 568 564 565
f 567 652 647 563
f 566 571 570 569 565
f 568 570 571 651 650 653 652 567
f 576 585 575
f 576 575 579
f 579 575 580
f 580 575 586
f 577 585 576
f 577 578 585
f 578 582 585
f 582 583 585
f 583 584 585
f 580 586 581
f 581 586 587
f 587 586 588
f 588 586 591
f 591 595 592
f 593 592 596
f 590 593 598
f 584 589 603
f 589 590 602
f 591 586 594
f 594 586 597
f 597 586 599
f 599 586 600
f 600 586 601
f 591 594 595
f 592 595 596
f 593 596 598
f 590 598 602
f 589 602 603
f 585 584 603
f 585 603 611
f 601 586 605
f 605 586 610
f 605 610 606
f 606 610 607
f 608 607 610
f 609 608 611
f 608 610 611
f 603 604 611
f 604 609 611
f 612 613 577 576
f 577 613 614 578
f 614 618 582 578
f 615 612 576 579
f 579 580 616 615
f 617 616 580 581
f 618 619 583 582
f 583 619 620 584
f 587 621 617 581
f 621 587 588 622
f 625 622 588 591
f 593 590 624 627
f 589 584 620 623
f 589 623 624 590
f 626 625 591 592
f 592 593 627 626
f 595 594 628 629
f 630 596 595 629
f 631 628 594 597
f 597 599 633 631
f 598 596 630 632
f 598 632 636 602
f 633 599 600 634
f 634 600 601 635
f 637 603 602 636
f 604 603 637 638
f 601 605 639 635
f 643 642 608 609
f 639 605 606 640
f 607 641 640 606
f 642 641 607 608
f 604 638 643 609
f 649 650 651 646 645
f 650 649 645 648 653
f 653 648 647 652
o inner_ribs_0_0
v -103.178 -981.675 3500.000
v -2823.178 -2836.822 3500.000
v -2720.174 -2766.570 2805.207
v -2159.844 -2384.403 2988.417
v -1736.511 -2095.673 3101.667
v -1313.178 -1806.943 3189.750
v -889.844 -1518.213 3252.667
v -466.511 -1229.483 3290.417
v -103.178 -981.675 3301.217
v -60.000 -1024.853 3500.000
v -2780.000 -2880.000 3500.000
v -2676.996 -2809.747 2805.207
v -2116.667 -2427.581 2988.417
v -1693.333 -2138.851 3101.667
v -1270.000 -1850.120 3189.750
v -846.667 -1561.390 3252.667
v -423.333 -1272.660 3290.417
v -60.000 -1024.853 3301.217
f 659 660 669 668
f 660 661 670 669
f 661 662 671 670
f 662 663 672 671
f 663 664 673 672
f 664 665 674 673
f 665 666 675 674
f 666 667 676 675
f 667 659 668 676
f 659 667 666
f 662 661 660
f 660 659 666
f 663 662 660
f 660 666 665
f 664 663 660
f 660 665 664
f 676 668 669
f 669 670 671
f 675 676 669
f 669 671 672
f 674 675 669
f 669 672 673
f 673 674 669
o inner_ribs_1_0
v -981.675 -103.178 3500.000
v -981.675 -103.178 3301.217
v -1229.483 -466.511 3290.417
v -1518.213 -889.844 3252.667
v -1806.943 -1313.178 3189.750
v -2095.673 -1736.511 3101.667
v -2384.403 -2159.844 2988.417
v -2766.570 -2720.174 2805.207
v -2836.822 -2823.178 3500.000
v -1024.853 -60.000 3500.000
v -1024.853 -60.000 3301.217
v -1272.660 -423.333 3290.417
v -1561.390 -846.667 3252.667
v -1850.120 -1270.000 3189.750
v -2138.851 -1693.333 3101.667
v -2427.581 -2116.667 2988.417
v -2809.747 -2676.996 2805.207
v -2880.000 -2780.000 3500.000
f 677 678 687 686
f 678 679 688 687
f 679 680 689 688
f 680 681 690 689
f 681 682 691 690
f 682 683 692 691
f 683 684 693 692
f 684 685 694 693
f 685 677 686 694
f 685 684 683
f 679 678 677
f 685 683 682
f 680 679 677
f 677 685 682
f 681 680 677
f 677 682 681
f 694 686 687
f 692 693 694
f 694 687 688
f 691 692 694
f 694 688 689
f 690 691 694
f 694 689 690
o wedges_inner_beams_0_0
v -2685.029 -2900.000 2859.393
v -2685.029 -2815.226 2859.393
v -2780.000 -2880.000 3500.000
v -2780.000 -2900.000 3500.000
v -2453.623 -2900.000 2935.056
v -2453.623 -2657.398 2935.056
v -2537.377 -2714.522 3500.000
v -2537.377 -2900.000 3500.000
f 695 696 700 699
f 696 697 701 700
f 697 698 702 701
f 698 695 699 702
f 695 698 697
f 697 696 695
f 702 699 700
f 700 701 702
o wedges_inner_beams_1_0
v -2728.207 -2772.049 2859.393
v -2772.049 -2728.207 2859.393
v -2836.822 -2823.178 3500.000
v -2823.178 -2836.822 3500.000
v -2483.925 -2605.439 2939.266
v -2605.439 -2483.925 2939.266
v -2662.136 -2567.055 3500.000
v -2567.055 -2662.136 3500.000
f 703 704 708 707
f 704 705 709 708
f 705 706 710 709
f 706 703 707 710
f 703 706 705
f 705 704 703
f 710 707 708
f 708 709 710
o wedges_inner_beams_2_0
v -2815.226 -2685.029 2859.393
v -2900.000 -2685.029 2859.393
v -2900.000 -2780.000 3500.000
v -2880.000 -2780.000 3500.000
v -2657.398 -2453.623 2935.056
v -2900.000 -2453.623 2935.056
v -2900.000 -2537.377 3500.000
v -2714.522 -2537.377 3500.000
f 711 712 716 715
f 712 713 717 716
f 713 714 718 717
f 714 711 715 718
f 711 714 713
f 713 712 711
f 718 715 716
f 716 717 718
o inner_beams_0_0
v -60.000 -2900.000 3303.000
v -60.000 -2629.502 3390.000
v -60.000 -2636.573 3392.929
v -60.000 -2622.431 3392.929
v -60.000 -2639.502 3400.000
v -60.000 -2619.502 3400.000
v -60.000 -2289.751 3390.000
v -60.000 -2296.822 3392.929
v -60.000 -2282.680 3392.929
v -60.000 -2299.751 3400.000
v -60.000 -2279.751 3400.000
v -60.000 -1950.000 3390.000
v -60.000 -1957.071 3392.929
v -60.000 -1942.929 3392.929
v -60.000 -1960.000 3400.000
v -60.000 -1940.000 3400.000
v -60.000 -2636.573 3407.071
v -60.000 -2622.431 3407.071
v -60.000 -2629.502 3410.000
v -60.000 -2900.000 3500.000
v -60.000 -2296.822 3407.071
v -60.000 -2282.680 3407.071
v -60.000 -2289.751 3410.000
v -60.000 -1957.071 3407.071
v -60.000 -1942.929 3407.071
v -60.000 -1950.000 3410.000
v -30.000 -2799.377 3500.000
v -60.000 -1610.249 3390.000
v -60.000 -1617.320 3392.929
v -60.000 -1603.178 3392.929
v -60.000 -1620.249 3400.000
v -60.000 -1600.249 3400.000
v -60.000 -915.626 3303.000
v -60.000 -1270.498 3390.000
v -60.000 -1277.569 3392.929
v -60.000 -1263.427 3392.929
v -60.000 -1280.498 3400.000
v -60.000 -1260.498 3400.000
v -60.000 -1617.320 3407.071
v -60.000 -1603.178 3407.071
v -60.000 -1610.249 3410.000
v -60.000 -1277.569 3407.071
v -60.000 -1263.427 3407.071
v -60.000 -1270.498 3410.000
v -60.000 -940.000 3500.000
v -30.000 -1100.623 3500.000
v 0.000 -2900.000 3303.000
v 0.000 -2799.377 3303.000
v -13.249 -2629.502 3390.000
v -13.695 -2636.573 3392.929
v -13.695 -2622.431 3392.929
v -14.772 -2639.502 3400.000
v -14.772 -2619.502 3400.000
v -13.249 -2289.751 3390.000
v -13.695 -2296.822 3392.929
v -13.695 -2282.680 3392.929
v -14.772 -2299.751 3400.000
v -14.772 -2279.751 3400.000
v -13.249 -1950.000 3390.000
v -13.695 -1957.071 3392.929
v -13.695 -1942.929 3392.929
v -14.772 -1960.000 3400.000
v -14.772 -1940.000 3400.000
v -15.848 -2636.573 3407.071
v -15.848 -2622.431 3407.071
v -16.294 -2629.502 3410.000
v -15.848 -2296.822 3407.071
v -15.848 -2282.680 3407.071
v -16.294 -2289.751 3410.000
v -15.848 -1957.071 3407.071
v -15.848 -1942.929 3407.071
v -16.294 -1950.000 3410.000
v 0.000 -2900.000 3500.000
v -0.000 -2799.377 3500.000
v -13.249 -1610.249 3390.000
v -13.695 -1617.320 3392.929
v -13.695 -1603.178 3392.929
v -14.772 -1620.249 3400.000
v -14.772 -1600.249 3400.000
v -0.000 -1100.623 3303.000
v 0.000 -975.626 3303.000
v -13.249 -1270.498 3390.000
v -13.695 -1277.569 3392.929
v -13.695 -1263.427 3392.929
v -14.772 -1280.498 3400.000
v -14.772 -1260.498 3400.000
v -15.848 -1617.320 3407.071
v -15.848 -1603.178 3407.071
v -16.294 -1610.249 3410.000
v -15.848 -1277.569 3407.071
v -15.848 -1263.427 3407.071
v -16.294 -1270.498 3410.000
v -0.000 -1100.623 3500.000
v -0.000 -1000.000 3500.000
f 719 721 720
f 719 723 721
f 719 738 723
f 719 720 725
f 725 720 722
f 722 724 726
f 724 728 726
f 719 730 751
f 719 725 742
f 719 731 730
f 719 733 731
f 719 742 733
f 725 722 726
f 725 727 742
f 727 729 742
f 738 735 723
f 738 737 735
f 724 736 728
f 736 737 739
f 728 736 739
f 739 737 741
f 738 741 737
f 729 740 742
f 740 741 742
f 738 742 741
f 738 744 742
f 738 763 744
f 732 734 747
f 732 747 746
f 734 749 747
f 751 730 732
f 751 732 746
f 752 746 748
f 748 750 753
f 751 746 752
f 748 753 752
f 750 755 753
f 751 752 754
f 751 754 756
f 751 756 763
f 734 757 749
f 734 759 757
f 750 758 755
f 758 759 760
f 763 734 743
f 763 743 744
f 763 759 734
f 755 758 760
f 760 759 762
f 763 762 759
f 763 756 761
f 763 761 762
f 719 765 791 738
f 791 792 745 764 811 812 763 738
f 766 765 719 751 799 798
f 763 812 799 751
f 791 765 766 792
f 812 811 798 799
f 721 768 767 720
f 767 769 722 720
f 721 723 770 768
f 769 771 724 722
f 726 773 772 725
f 774 727 725 772
f 773 726 728 775
f 774 776 729 727
f 777 730 731 778
f 730 777 779 732
f 780 778 731 733
f 732 779 781 734
f 723 735 782 770
f 783 736 724 771
f 782 735 737 784
f 737 736 783 784
f 775 728 739 785
f 740 729 776 786
f 785 739 741 787
f 741 740 786 787
f 733 742 788 780
f 734 781 789 743
f 788 742 744 790
f 789 790 744 743
f 794 793 746 747
f 748 746 793 795
f 796 794 747 749
f 795 797 750 748
f 801 800 752 753
f 752 800 802 754
f 753 755 803 801
f 756 754 802 804
f 796 749 757 805
f 758 750 797 806
f 759 758 806 807
f 759 807 805 757
f 808 803 755 760
f 809 761 756 804
f 760 762 810 808
f 809 810 762 761
f 767 768 766
f 768 770 766
f 770 745 766
f 767 766 772
f 767 773 769
f 769 775 771
f 767 772 773
f 769 773 775
f 772 766 788
f 778 766 777
f 778 780 766
f 788 766 780
f 772 788 774
f 774 788 776
f 777 766 793
f 782 745 770
f 782 784 745
f 783 771 785
f 783 787 784
f 771 775 785
f 783 785 787
f 786 776 788
f 786 790 787
f 786 788 790
f 784 787 764
f 784 764 745
f 793 766 798
f 777 794 779
f 779 796 781
f 777 793 794
f 779 794 796
f 793 801 795
f 795 803 797
f 793 798 800
f 800 798 802
f 802 798 804
f 809 804 798
f 793 800 801
f 795 801 803
f 789 781 805
f 781 796 805
f 789 805 807
f 787 790 764
f 789 764 790
f 806 797 808
f 807 806 810
f 789 807 764
f 797 803 808
f 806 808 810
f 807 810 764
f 809 764 810
f 809 798 764
f 745 792 766
f 811 764 798
o inner_beams_1_0
v -1024.853 -60.000 3303.000
v -915.626 -60.000 3303.000
v -855.120 -120.598 3303.750
v -787.267 -297.586 3390.381
v -792.267 -292.586 3393.309
v -794.338 -290.515 3400.381
v -782.267 -302.586 3393.309
v -780.196 -304.657 3400.381
v -547.426 -537.426 3393.309
v -549.497 -535.355 3400.381
v -756.376 -252.552 3400.381
v -747.586 -257.905 3390.381
v -743.089 -263.408 3393.309
v -753.089 -253.408 3393.309
v -742.233 -266.694 3400.381
v -792.267 -292.586 3407.452
v -787.267 -297.586 3410.381
v -1024.853 -60.000 3500.000
v -940.000 -60.000 3500.000
v -888.843 -154.321 3500.000
v -867.261 -132.739 3500.000
v -782.267 -302.586 3407.452
v -547.426 -537.426 3407.452
v -755.520 -255.838 3407.452
v -745.520 -265.838 3407.452
v -751.023 -261.341 3410.381
v -537.426 -547.426 3393.309
v -535.355 -549.497 3400.381
v -302.586 -782.267 3393.309
v -304.657 -780.196 3400.381
v -60.000 -1024.853 3303.000
v -60.000 -915.626 3303.000
v -120.598 -855.120 3303.750
v -297.586 -787.267 3390.381
v -292.586 -792.267 3393.309
v -290.515 -794.338 3400.381
v -252.552 -756.376 3400.381
v -257.905 -747.586 3390.381
v -263.408 -743.089 3393.309
v -253.408 -753.089 3393.309
v -266.694 -742.233 3400.381
v -537.426 -547.426 3407.452
v -302.586 -782.267 3407.452
v -292.586 -792.267 3407.452
v -297.586 -787.267 3410.381
v -60.000 -1024.853 3500.000
v -60.000 -940.000 3500.000
v -154.321 -888.843 3500.000
v -132.739 -867.261 3500.000
v -255.838 -755.520 3407.452
v -265.838 -745.520 3407.452
v -261.341 -751.023 3410.381
v -542.426 -542.426 3390.381
v -502.745 -502.745 3390.381
v -508.249 -498.249 3393.309
v -498.249 -508.249 3393.309
v -511.535 -497.393 3400.381
v -497.393 -511.535 3400.381
v -542.426 -542.426 3410.381
v -510.679 -500.679 3407.452
v -500.679 -510.679 3407.452
v -506.182 -506.182 3410.381
f 831 814 813 830
f 813 817 830
f 813 816 817
f 813 843 816
f 821 819 816
f 822 820 819
f 821 816 865
f 821 822 819
f 830 817 818
f 830 818 828
f 830 828 829
f 830 829 835
f 835 834 820
f 835 829 834
f 830 835 871
f 835 820 822
f 830 871 857
f 843 865 816
f 839 842 840
f 843 839 865
f 839 846 841
f 839 841 842
f 843 846 839
f 843 847 846
f 843 858 847
f 854 840 855
f 871 854 857
f 840 842 855
f 854 855 857
f 830 857 858
f 858 848 847
f 858 856 848
f 858 857 856
f 814 831 833 815 845 861 859 844
f 813 814 844 843
f 831 830 858 859 861 860 832 833
f 844 859 858 843
f 815 826 824
f 815 823 826
f 815 836 823
f 866 824 825
f 867 825 827
f 866 825 867
f 867 827 869
f 866 815 824
f 837 838 832
f 836 832 838
f 815 832 836
f 869 827 837
f 872 837 832
f 874 832 864
f 869 837 872
f 874 872 832
f 873 851 850
f 873 853 851
f 866 868 845
f 868 870 845
f 870 873 845
f 850 852 845
f 852 849 845
f 849 860 845
f 873 850 845
f 874 863 873
f 873 863 853
f 874 864 863
f 864 832 860
f 849 862 860
f 862 864 860
f 866 845 815
f 819 825 824 816
f 826 817 816 824
f 823 818 817 826
f 819 820 827 825
f 833 832 815
f 837 827 820 834
f 828 818 823 836
f 834 829 838 837
f 838 829 828 836
f 841 846 850 851
f 852 850 846 847
f 853 842 841 851
f 852 847 848 849
f 861 845 860
f 855 842 853 863
f 848 856 862 849
f 864 857 855 863
f 857 864 862 856
f 865 866 867 821
f 868 866 865 839
f 869 822 821 867
f 839 840 870 868
f 872 835 822 869
f 873 870 840 854
f 872 874 871 835
f 854 871 874 873
o inner_beams_2_0
v -2900.000 -60.000 3303.000
v -2629.502 -60.000 3390.000
v -2636.573 -60.000 3392.929
v -2622.431 -60.000 3392.929
v -2639.502 -60.000 3400.000
v -2619.502 -60.000 3400.000
v -2289.751 -60.000 3390.000
v -2296.822 -60.000 3392.929
v -2282.680 -60.000 3392.929
v -2299.751 -60.000 3400.000
v -2279.751 -60.000 3400.000
v -1950.000 -60.000 3390.000
v -1957.071 -60.000 3392.929
v -1942.929 -60.000 3392.929
v -1960.000 -60.000 3400.000
v -1940.000 -60.000 3400.000
v -2636.573 -60.000 3407.071
v -2622.431 -60.000 3407.071
v -2629.502 -60.000 3410.000
v -2900.000 -60.000 3500.000
v -2799.377 -30.000 3500.000
v -2296.822 -60.000 3407.071
v -2282.680 -60.000 3407.071
v -2289.751 -60.000 3410.000
v -1957.071 -60.000 3407.071
v -1942.929 -60.000 3407.071
v -1950.000 -60.000 3410.000
v -2900.000 0.000 3303.000
v -2799.377 0.000 3303.000
v -2629.502 -13.249 3390.000
v -2636.573 -13.695 3392.929
v -2622.431 -13.695 3392.929
v -2639.502 -14.772 3400.000
v -2619.502 -14.772 3400.000
v -2289.751 -13.249 3390.000
v -2296.822 -13.695 3392.929
v -2282.680 -13.695 3392.929
v -2299.751 -14.772 3400.000
v -2279.751 -14.772 3400.000
v -1950.000 -13.249 3390.000
v -1957.071 -13.695 3392.929
v -1942.929 -13.695 3392.929
v -1960.000 -14.772 3400.000
v -1940.000 -14.772 3400.000
v -2636.573 -15.848 3407.071
v -2622.431 -15.848 3407.071
v -2629.502 -16.294 3410.000
v -2900.000 0.000 3500.000
v -2799.377 -0.000 3500.000
v -2296.822 -15.848 3407.071
v -2282.680 -15.848 3407.071
v -2289.751 -16.294 3410.000
v -1957.071 -15.848 3407.071
v -1942.929 -15.848 3407.071
v -1950.000 -16.294 3410.000
v -1610.249 -60.000 3390.000
v -1617.320 -60.000 3392.929
v -1603.178 -60.000 3392.929
v -1620.249 -60.000 3400.000
v -1600.249 -60.000 3400.000
v -915.626 -60.000 3303.000
v -1270.498 -60.000 3390.000
v -1277.569 -60.000 3392.929
v -1263.427 -60.000 3392.929
v -1280.498 -60.000 3400.000
v -1260.498 -60.000 3400.000
v -1617.320 -60.000 3407.071
v -1603.178 -60.000 3407.071
v -1610.249 -60.000 3410.000
v -1277.569 -60.000 3407.071
v -1263.427 -60.000 3407.071
v -1270.498 -60.000 3410.000
v -940.000 -60.000 3500.000
v -1100.623 -30.000 3500.000
v -1610.249 -13.249 3390.000
v -1617.320 -13.695 3392.929
v -1603.178 -13.695 3392.929
v -1620.249 -14.772 3400.000
v -1600.249 -14.772 3400.000
v -1100.623 0.000 3303.000
v -975.626 0.000 3303.000
v -1270.498 -13.249 3390.000
v -1277.569 -13.695 3392.929
v -1263.427 -13.695 3392.929
v -1280.498 -14.772 3400.000
v -1260.498 -14.772 3400.000
v -1617.320 -15.848 3407.071
v -1603.178 -15.848 3407.071
v -1610.249 -16.294 3410.000
v -1277.569 -15.848 3407.071
v -1263.427 -15.848 3407.071
v -1270.498 -16.294 3410.000
v -1100.623 -0.000 3500.000
v -1000.000 -0.000 3500.000
f 875 876 877
f 875 877 879
f 875 879 894
f 875 881 876
f 876 882 878
f 878 884 880
f 876 881 882
f 878 882 884
f 875 889 881
f 875 886 887
f 875 887 889
f 889 883 881
f 889 885 883
f 875 930 931
f 875 941 886
f 875 931 933
f 875 933 941
f 894 879 891
f 894 891 893
f 880 896 892
f 893 892 898
f 880 884 896
f 894 893 898
f 892 896 898
f 885 899 897
f 898 897 899
f 894 898 899
f 894 899 901
f 889 899 885
f 894 901 947
f 875 935 930
f 886 941 888
f 930 937 932
f 932 939 934
f 935 936 930
f 930 936 937
f 932 937 939
f 935 938 936
f 935 940 938
f 935 947 940
f 888 941 943
f 934 944 942
f 943 942 946
f 947 890 888
f 947 900 890
f 947 901 900
f 947 888 943
f 934 939 944
f 942 944 946
f 947 943 946
f 947 945 940
f 947 946 945
f 955 935 875 902 903 954
f 875 894 922 902
f 948 895 923 922 894 947 968 967
f 902 922 923 903
f 968 947 935 955
f 967 968 955 954
f 904 876 878 906
f 877 876 904 905
f 877 905 907 879
f 880 908 906 878
f 911 909 881 883
f 910 882 881 909
f 912 884 882 910
f 913 911 883 885
f 916 914 886 888
f 886 914 915 887
f 915 917 889 887
f 890 918 916 888
f 919 891 879 907
f 920 908 880 892
f 919 921 893 891
f 920 892 893 921
f 896 884 912 924
f 897 925 913 885
f 924 926 898 896
f 926 925 897 898
f 927 899 889 917
f 918 890 900 928
f 929 901 899 927
f 928 900 901 929
f 904 903 905
f 905 903 895
f 904 909 903
f 904 906 909
f 906 908 910
f 908 912 910
f 909 954 903
f 906 910 909
f 925 915 914
f 925 917 915
f 905 895 907
f 919 907 895
f 919 895 921
f 920 912 908
f 920 921 924
f 920 924 912
f 921 926 924
f 921 895 926
f 925 926 927
f 926 895 927
f 927 895 929
f 925 927 917
f 929 895 963
f 909 911 954
f 911 913 954
f 925 954 913
f 914 916 954
f 925 914 954
f 916 918 954
f 928 954 918
f 928 950 949
f 928 952 950
f 928 949 954
f 949 951 956
f 951 953 957
f 949 956 954
f 956 958 954
f 958 960 954
f 951 957 956
f 953 959 957
f 960 948 954
f 928 929 961
f 928 961 952
f 929 963 961
f 963 895 966
f 962 959 953
f 963 964 962
f 966 895 948
f 962 964 959
f 963 966 964
f 965 948 960
f 965 966 948
f 903 923 895
f 930 932 951 949
f 949 950 931 930
f 933 931 950 952
f 932 934 953 951
f 957 937 936 956
f 958 956 936 938
f 957 959 939 937
f 940 960 958 938
f 961 941 933 952
f 953 934 942 962
f 963 943 941 961
f 943 963 962 942
f 939 959 964 944
f 965 960 940 945
f 966 946 944 964
f 946 966 965 945
f 967 954 948
o beds_0_0_1
v 2812.487 -2681.013 2832.300
v 2900.000 -2681.013 2832.300
v 2900.000 -2124.357 3014.309
v 2432.825 -2124.357 3014.309
v 2815.226 -2685.029 2859.393
v 2900.000 -2685.029 2859.393
v 2900.000 -2132.047 3040.201
v 2438.070 -2132.047 3040.201
f 969 970 974 973
f 970 971 975 974
f 971 972 976 975
f 972 969 973 976
f 969 972 971
f 971 970 969
f 976 973 974
f 974 975 976
o beds_0_1_1
v 2432.825 -2124.357 3014.309
v 2900.000 -2124.357 3014.309
v 2900.000 -1699.577 3127.946
v 2143.109 -1699.577 3127.946
v 2438.070 -2132.047 3040.201
v 2900.000 -2132.047 3040.201
v 2900.000 -1705.821 3154.225
v 2147.368 -1705.821 3154.225
f 977 978 982 981
f 978 979 983 982
f 979 980 984 983
f 980 977 981 984
f 977 980 979
f 979 978 977
f 984 981 982
f 982 983 984
o beds_0_2_1
v 2143.109 -1699.577 3127.946
v 2900.000 -1699.577 3127.946
v 2900.000 -1274.739 3216.342
v 1853.352 -1274.739 3216.342
v 2147.368 -1705.821 3154.225
v 2900.000 -1705.821 3154.225
v 2900.000 -1279.477 3242.935
v 1856.584 -1279.477 3242.935
f 985 986 990 989
f 986 987 991 990
f 987 988 992 991
f 988 985 989 992
f 985 988 987
f 987 986 985
f 992 989 990
f 990 991 992
o beds_0_3_1
v 1853.352 -1274.739 3216.342
v 2900.000 -1274.739 3216.342
v 2900.000 -849.853 3279.490
v 1563.564 -849.853 3279.490
v 1856.584 -1279.477 3242.935
v 2900.000 -1279.477 3242.935
v 2900.000 -853.039 3306.313
v 1565.737 -853.039 3306.313
f 993 994 998 997
f 994 995 999 998
f 995 996 1000 999
f 996 993 997 1000
f 993 996 995
f 995 994 993
f 1000 997 998
f 998 999 1000
o beds_0_4_1
v 1563.564 -849.853 3279.490
v 2900.000 -849.853 3279.490
v 2900.000 -424.935 3317.381
v 1273.753 -424.935 3317.381
v 1565.737 -853.039 3306.313
v 2900.000 -853.039 3306.313
v 2900.000 -426.537 3344.345
v 1274.845 -426.537 3344.345
f 1001 1002 1006 1005
f 1002 1003 1007 1006
f 1003 1004 1008 1007
f 1004 1001 1005 1008
f 1001 1004 1003
f 1003 1002 1001
f 1008 1005 1006
f 1006 1007 1008
o beds_0_5_1
v 1273.753 -424.935 3317.381
v 2900.000 -424.935 3317.381
v 2900.000 -60.000 3328.228
v 1024.853 -60.000 3328.228
v 1274.845 -426.537 3344.345
v 2900.000 -426.537 3344.345
v 2900.000 -60.000 3355.240
v 1024.853 -60.000 3355.240
f 1009 1010 1014 1013
f 1010 1011 1015 1014
f 1011 1012 1016 1015
f 1012 1009 1013 1016
f 1009 1012 1011
f 1011 1010 1009
f 1016 1013 1014
f 1014 1015 1016
o beds_1_0_1
v 2769.309 -2724.191 2832.300
v 2389.648 -2167.535 3014.309
v 2167.535 -2389.648 3014.309
v 2724.191 -2769.309 2832.300
v 2772.049 -2728.207 2859.393
v 2394.893 -2175.225 3040.201
v 2175.225 -2394.893 3040.201
v 2728.207 -2772.049 2859.393
f 1017 1018 1022 1021
f 1018 1019 1023 1022
f 1019 1020 1024 1023
f 1020 1017 1021 1024
f 1017 1020 1019
f 1019 1018 1017
f 1024 1021 1022
f 1022 1023 1024
o beds_1_1_1
v 2389.648 -2167.535 3014.309
v 2099.931 -1742.755 3127.946
v 1742.755 -2099.931 3127.946
v 2167.535 -2389.648 3014.309
v 2394.893 -2175.225 3040.201
v 2104.190 -1748.999 3154.225
v 1748.999 -2104.190 3154.225
v 2175.225 -2394.893 3040.201
f 1025 1026 1030 1029
f 1026 1027 1031 1030
f 1027 1028 1032 1031
f 1028 1025 1029 1032
f 1025 1028 1027
f 1027 1026 1025
f 1032 1029 1030
f 1030 1031 1032
o beds_1_2_1
v 2099.931 -1742.755 3127.946
v 1810.175 -1317.916 3216.342
v 1317.916 -1810.175 3216.342
v 1742.755 -2099.931 3127.946
v 2104.190 -1748.999 3154.225
v 1813.407 -1322.655 3242.935
v 1322.655 -1813.407 3242.935
v 1748.999 -2104.190 3154.225
f 1033 1034 1038 1037
f 1034 1035 1039 1038
f 1035 1036 1040 1039
f 1036 1033 1037 1040
f 1033 1036 1035
f 1035 1034 1033
f 1040 1037 1038
f 1038 1039 1040
o beds_1_3_1
v 1810.175 -1317.916 3216.342
v 1520.386 -893.031 3279.490
v 893.031 -1520.386 3279.490
v 1317.916 -1810.175 3216.342
v 1813.407 -1322.655 3242.935
v 1522.559 -896.217 3306.313
v 896.217 -1522.559 3306.313
v 1322.655 -1813.407 3242.935
f 1041 1042 1046 1045
f 1042 1043 1047 1046
f 1043 1044 1048 1047
f 1044 1041 1045 1048
f 1041 1044 1043
f 1043 1042 1041
f 1048 1045 1046
f 1046 1047 1048
o beds_1_4_1
v 1520.386 -893.031 3279.490
v 1230.575 -468.113 3317.381
v 468.113 -1230.575 3317.381
v 893.031 -1520.386 3279.490
v 1522.559 -896.217 3306.313
v 1231.667 -469.714 3344.345
v 469.714 -1231.667 3344.345
v 896.217 -1522.559 3306.313
f 1049 1050 1054 1053
f 1050 1051 1055 1054
f 1051 1052 1056 1055
f 1052 1049 1053 1056
f 1049 1052 1051
f 1051 1050 1049
f 1056 1053 1054
f 1054 1055 1056
o beds_1_5_1
v 1230.575 -468.113 3317.381
v 981.675 -103.178 3328.228
v 103.178 -981.675 3328.228
v 468.113 -1230.575 3317.381
v 1231.667 -469.714 3344.345
v 981.675 -103.178 3355.240
v 103.178 -981.675 3355.240
v 469.714 -1231.667 3344.345
f 1057 1058 1062 1061
f 1058 1059 1063 1062
f 1059 1060 1064 1063
f 1060 1057 1061 1064
f 1057 1060 1059
f 1059 1058 1057
f 1064 1061 1062
f 1062 1063 1064
o beds_2_0_1
v 2681.013 -2812.487 2832.300
v 2124.357 -2432.825 3014.309
v 2124.357 -2900.000 3014.309
v 2681.013 -2900.000 2832.300
v 2685.029 -2815.226 2859.393
v 2132.047 -2438.070 3040.201
v 2132.047 -2900.000 3040.201
v 2685.029 -2900.000 2859.393
f 1065 1066 1070 1069
f 1066 1067 1071 1070
f 1067 1068 1072 1071
f 1068 1065 1069 1072
f 1065 1068 1067
f 1067 1066 1065
f 1072 1069 1070
f 1070 1071 1072
o beds_2_1_1
v 2124.357 -2432.825 3014.309
v 1699.577 -2143.109 3127.946
v 1699.577 -2900.000 3127.946
v 2124.357 -2900.000 3014.309
v 2132.047 -2438.070 3040.201
v 1705.821 -2147.368 3154.225
v 1705.821 -2900.000 3154.225
v 2132.047 -2900.000 3040.201
f 1073 1074 1078 1077
f 1074 1075 1079 1078
f 1075 1076 1080 1079
f 1076 1073 1077 1080
f 1073 1076 1075
f 1075 1074 1073
f 1080 1077 1078
f 1078 1079 1080
o beds_2_2_1
v 1699.577 -2143.109 3127.946
v 1274.739 -1853.352 3216.342
v 1274.739 -2900.000 3216.342
v 1699.577 -2900.000 3127.946
v 1705.821 -2147.368 3154.225
v 1279.477 -1856.584 3242.935
v 1279.477 -2900.000 3242.935
v 1705.821 -2900.000 3154.225
f 1081 1082 1086 1085
f 1082 1083 1087 1086
f 1083 1084 1088 1087
f 1084 1081 1085 1088
f 1081 1084 1083
f 1083 1082 1081
f 1088 1085 1086
f 1086 1087 1088
o beds_2_3_1
v 1274.739 -1853.352 3216.342
v 849.853 -1563.564 3279.490
v 849.853 -2900.000 3279.490
v 1274.739 -2900.000 3216.342
v 1279.477 -1856.584 3242.935
v 853.039 -1565.737 3306.313
v 853.039 -2900.000 3306.313
v 1279.477 -2900.000 3242.935
f 1089 1090 1094 1093
f 1090 1091 1095 1094
f 1091 1092 1096 1095
f 1092 1089 1093 1096
f 1089 1092 1091
f 1091 1090 1089
f 1096 1093 1094
f 1094 1095 1096
o beds_2_4_1
v 849.853 -1563.564 3279.490
v 424.935 -1273.753 3317.381
v 424.935 -2900.000 3317.381
v 849.853 -2900.000 3279.490
v 853.039 -1565.737 3306.313
v 426.537 -1274.845 3344.345
v 426.537 -2900.000 3344.345
v 853.039 -2900.000 3306.313
f 1097 1098 1102 1101
f 1098 1099 1103 1102
f 1099 1100 1104 1103
f 1100 1097 1101 1104
f 1097 1100 1099
f 1099 1098 1097
f 1104 1101 1102
f 1102 1103 1104
o beds_2_5_1
v 424.935 -1273.753 3317.381
v 60.000 -1024.853 3328.228
v 60.000 -2900.000 3328.228
v 424.935 -2900.000 3317.381
v 426.537 -1274.845 3344.345
v 60.000 -1024.853 3355.240
v 60.000 -2900.000 3355.240
v 426.537 -2900.000 3344.345
f 1105 1106 1110 1109
f 1106 1107 1111 1110
f 1107 1108 1112 1111
f 1108 1105 1109 1112
f 1105 1108 1107
f 1107 1106 1105
f 1112 1109 1110
f 1110 1111 1112
o tsections_0_1
v 2873.000 -2676.996 2805.207
v 2873.000 -2116.667 2988.417
v 2873.000 -1693.333 3101.667
v 2873.000 -1270.000 3189.750
v 2873.000 -846.667 3252.667
v 2873.000 -423.333 3290.417
v 2873.000 -60.000 3301.217
v 2873.000 -60.000 3328.228
v 2873.000 -424.935 3317.381
v 2873.000 -849.853 3279.490
v 2873.000 -1274.739 3216.342
v 2873.000 -1699.577 3127.946
v 2873.000 -2124.357 3014.309
v 2873.000 -2681.013 2832.300
v 2900.000 -2676.996 2805.207
v 2900.000 -2116.667 2988.417
v 2900.000 -1693.333 3101.667
v 2900.000 -1270.000 3189.750
v 2900.000 -846.667 3252.667
v 2900.000 -423.333 3290.417
v 2900.000 -60.000 3301.217
v 2900.000 -60.000 3328.228
v 2900.000 -424.935 3317.381
v 2900.000 -849.853 3279.490
v 2900.000 -1274.739 3216.342
v 2900.000 -1699.577 3127.946
v 2900.000 -2124.357 3014.309
v 2900.000 -2681.013 2832.300
f 1113 1114 1128 1127
f 1114 1115 1129 1128
f 1115 1116 1130 1129
f 1116 1117 1131 1130
f 1117 1118 1132 1131
f 1118 1119 1133 1132
f 1119 1120 1134 1133
f 1120 1121 1135 1134
f 1121 1122 1136 1135
f 1122 1123 1137 1136
f 1123 1124 1138 1137
f 1124 1125 1139 1138
f 1125 1126 1140 1139
f 1126 1113 1127 1140
f 1113 1126 1125
f 1125 1124 1123
f 1123 1122 1121
f 1121 1120 1119
f 1114 1113 1125
f 1121 1119 1118
f 1115 1114 1125
f 1123 1121 1118
f 1116 1115 1125
f 1123 1118 1117
f 1116 1125 1123
f 1123 1117 1116
f 1139 1140 1127
f 1137 1138 1139
f 1135 1136 1137
f 1133 1134 1135
f 1139 1127 1128
f 1132 1133 1135
f 1139 1128 1129
f 1132 1135 1137
f 1139 1129 1130
f 1131 1132 1137
f 1137 1139 1130
f 1130 1131 1137
o tsections_1_1
v 2841.817 -2676.098 2799.147
v 2845.169 -2681.013 2832.300
v 2465.507 -2124.357 3014.309
v 2175.791 -1699.577 3127.946
v 1886.034 -1274.739 3216.342
v 1596.246 -849.853 3279.490
v 1306.435 -424.935 3317.381
v 1057.535 -60.000 3328.228
v 1057.535 -60.000 3300.639
v 1292.090 -403.903 3290.417
v 1580.820 -827.237 3252.667
v 1869.550 -1250.570 3189.750
v 2158.281 -1673.903 3101.667
v 2447.011 -2097.237 2988.417
v 2809.747 -2676.996 2805.207
v 2812.487 -2681.013 2832.300
v 2432.825 -2124.357 3014.309
v 2143.109 -1699.577 3127.946
v 1853.352 -1274.739 3216.342
v 1563.564 -849.853 3279.490
v 1273.753 -424.935 3317.381
v 1024.853 -60.000 3328.228
v 1024.853 -60.000 3301.217
v 1272.660 -423.333 3290.417
v 1561.390 -846.667 3252.667
v 1850.120 -1270.000 3189.750
v 2138.851 -1693.333 3101.667
v 2427.581 -2116.667 2988.417
f 1141 1142 1156 1155
f 1142 1143 1157 1156
f 1143 1144 1158 1157
f 1144 1145 1159 1158
f 1145 1146 1160 1159
f 1146 1147 1161 1160
f 1147 1148 1162 1161
f 1148 1149 1163 1162
f 1149 1150 1164 1163
f 1150 1151 1165 1164
f 1151 1152 1166 1165
f 1152 1153 1167 1166
f 1153 1154 1168 1167
f 1154 1141 1155 1168
f 1142 1141 1154
f 1144 1143 1142
f 1146 1145 1144
f 1148 1147 1146
f 1150 1149 1148
f 1142 1154 1153
f 1150 1148 1146
f 1144 1142 1153
f 1151 1150 1146
f 1144 1153 1152
f 1151 1146 1144
f 1144 1152 1151
f 1168 1155 1156
f 1156 1157 1158
f 1158 1159 1160
f 1160 1161 1162
f 1162 1163 1164
f 1168 1156 1158
f 1160 1162 1164
f 1167 1168 1158
f 1160 1164 1165
f 1166 1167 1158
f 1158 1160 1165
f 1165 1166 1158
o tsections_2_1
v 2747.140 -2739.604 2805.207
v 2364.973 -2179.274 2988.417
v 2076.243 -1755.941 3101.667
v 1787.513 -1332.608 3189.750
v 1498.783 -909.274 3252.667
v 1210.053 -485.941 3290.417
v 962.245 -122.608 3301.217
v 962.245 -122.608 3328.228
v 1211.145 -487.543 3317.381
v 1500.956 -912.461 3279.490
v 1790.745 -1337.346 3216.342
v 2080.501 -1762.185 3127.946
v 2370.218 -2186.965 3014.309
v 2749.879 -2743.621 2832.300
v 2766.570 -2720.174 2805.207
v 2384.403 -2159.844 2988.417
v 2095.673 -1736.511 3101.667
v 1806.943 -1313.178 3189.750
v 1518.213 -889.844 3252.667
v 1229.483 -466.511 3290.417
v 981.675 -103.178 3301.217
v 981.675 -103.178 3328.228
v 1230.575 -468.113 3317.381
v 1520.386 -893.031 3279.490
v 1810.175 -1317.916 3216.342
v 2099.931 -1742.755 3127.946
v 2389.648 -2167.535 3014.309
v 2769.309 -2724.191 2832.300
f 1169 1170 1184 1183
f 1170 1171 1185 1184
f 1171 1172 1186 1185
f 1172 1173 1187 1186
f 1173 1174 1188 1187
f 1174 1175 1189 1188
f 1175 1176 1190 1189
f 1176 1177 1191 1190
f 1177 1178 1192 1191
f 1178 1179 1193 1192
f 1179 1180 1194 1193
f 1180 1181 1195 1194
f 1181 1182 1196 1195
f 1182 1169 1183 1196
f 1169 1182 1181
f 1181 1180 1179
f 1179 1178 1177
f 1177 1176 1175
f 1170 1169 1181
f 1177 1175 1174
f 1171 1170 1181
f 1179 1177 1174
f 1172 1171 1181
f 1179 1174 1173
f 1172 1181 1179
f 1179 1173 1172
f 1195 1196 1183
f 1193 1194 1195
f 1191 1192 1193
f 1189 1190 1191
f 1195 1183 1184
f 1188 1189 1191
f 1195 1184 1185
f 1188 1191 1193
f 1195 1185 1186
f 1187 1188 1193
f 1193 1195 1186
f 1186 1187 1193
o tsections_3_1
v 2739.604 -2747.140 2805.207
v 2743.621 -2749.879 2832.300
v 2186.965 -2370.218 3014.309
v 1762.185 -2080.501 3127.946
v 1337.346 -1790.745 3216.342
v 912.461 -1500.956 3279.490
v 487.543 -1211.145 3317.381
v 122.608 -962.245 3328.228
v 122.608 -962.245 3301.217
v 485.941 -1210.053 3290.417
v 909.274 -1498.783 3252.667
v 1332.608 -1787.513 3189.750
v 1755.941 -2076.243 3101.667
v 2179.274 -2364.973 2988.417
v 2720.174 -2766.570 2805.207
v 2724.191 -2769.309 2832.300
v 2167.535 -2389.648 3014.309
v 1742.755 -2099.931 3127.946
v 1317.916 -1810.175 3216.342
v 893.031 -1520.386 3279.490
v 468.113 -1230.575 3317.381
v 103.178 -981.675 3328.228
v 103.178 -981.675 3301.217
v 466.511 -1229.483 3290.417
v 889.844 -1518.213 3252.667
v 1313.178 -1806.943 3189.750
v 1736.511 -2095.673 3101.667
v 2159.844 -2384.403 2988.417
f 1197 1198 1212 1211
f 1198 1199 1213 1212
f 1199 1200 1214 1213
f 1200 1201 1215 1214
f 1201 1202 1216 1215
f 1202 1203 1217 1216
f 1203 1204 1218 1217
f 1204 1205 1219 1218
f 1205 1206 1220 1219
f 1206 1207 1221 1220
f 1207 1208 1222 1221
f 1208 1209 1223 1222
f 1209 1210 1224 1223
f 1210 1197 1211 1224
f 1198 1197 1210
f 1200 1199 1198
f 1202 1201 1200
f 1204 1203 1202
f 1206 1205 1204
f 1200 1198 1210
f 1206 1204 1202
f 1200 1210 1209
f 1207 1206 1202
f 1200 1209 1208
f 1207 1202 1200
f 1200 1208 1207
f 1224 1211 1212
f 1212 1213 1214
f 1214 1215 1216
f 1216 1217 1218
f 1218 1219 1220
f 1224 1212 1214
f 1216 1218 1220
f 1223 1224 1214
f 1216 1220 1221
f 1222 1223 1214
f 1214 1216 1221
f 1221 1222 1214
o tsections_4_1
v 2676.098 -2841.817 2799.147
v 2097.237 -2447.011 2988.417
v 1673.903 -2158.281 3101.667
v 1250.570 -1869.550 3189.750
v 827.237 -1580.820 3252.667
v 403.903 -1292.090 3290.417
v 60.000 -1057.535 3300.639
v 60.000 -1057.535 3328.228
v 424.935 -1306.435 3317.381
v 849.853 -1596.246 3279.490
v 1274.739 -1886.034 3216.342
v 1699.577 -2175.791 3127.946
v 2124.357 -2465.507 3014.309
v 2681.013 -2845.169 2832.300
v 2676.996 -2809.747 2805.207
v 2116.667 -2427.581 2988.417
v 1693.333 -2138.851 3101.667
v 1270.000 -1850.120 3189.750
v 846.667 -1561.390 3252.667
v 423.333 -1272.660 3290.417
v 60.000 -1024.853 3301.217
v 60.000 -1024.853 3328.228
v 424.935 -1273.753 3317.381
v 849.853 -1563.564 3279.490
v 1274.739 -1853.352 3216.342
v 1699.577 -2143.109 3127.946
v 2124.357 -2432.825 3014.309
v 2681.013 -2812.487 2832.300
f 1225 1226 1240 1239
f 1226 1227 1241 1240
f 1227 1228 1242 1241
f 1228 1229 1243 1242
f 1229 1230 1244 1243
f 1230 1231 1245 1244
f 1231 1232 1246 1245
f 1232 1233 1247 1246
f 1233 1234 1248 1247
f 1234 1235 1249 1248
f 1235 1236 1250 1249
f 1236 1237 1251 1250
f 1237 1238 1252 1251
f 1238 1225 1239 1252
f 1225 1238 1237
f 1237 1236 1235
f 1235 1234 1233
f 1233 1232 1231
f 1226 1225 1237
f 1233 1231 1230
f 1227 1226 1237
f 1235 1233 1230
f 1228 1227 1237
f 1235 1230 1229
f 1228 1237 1235
f 1235 1229 1228
f 1251 1252 1239
f 1249 1250 1251
f 1247 1248 1249
f 1245 1246 1247
f 1251 1239 1240
f 1244 1245 1247
f 1251 1240 1241
f 1244 1247 1249
f 1251 1241 1242
f 1243 1244 1249
f 1249 1251 1242
f 1242 1243 1249
o tsections_5_1
v 2676.996 -2873.000 2805.207
v 2681.013 -2873.000 2832.300
v 2124.357 -2873.000 3014.309
v 1699.577 -2873.000 3127.946
v 1274.739 -2873.000 3216.342
v 849.853 -2873.000 3279.490
v 424.935 -2873.000 3317.381
v 60.000 -2873.000 3328.228
v 60.000 -2873.000 3301.217
v 423.333 -2873.000 3290.417
v 846.667 -2873.000 3252.667
v 1270.000 -2873.000 3189.750
v 1693.333 -2873.000 3101.667
v 2116.667 -2873.000 2988.417
v 2676.996 -2900.000 2805.207
v 2681.013 -2900.000 2832.300
v 2124.357 -2900.000 3014.309
v 1699.577 -2900.000 3127.946
v 1274.739 -2900.000 3216.342
v 849.853 -2900.000 3279.490
v 424.935 -2900.000 3317.381
v 60.000 -2900.000 3328.228
v 60.000 -2900.000 3301.217
v 423.333 -2900.000 3290.417
v 846.667 -2900.000 3252.667
v 1270.000 -2900.000 3189.750
v 1693.333 -2900.000 3101.667
v 2116.667 -2900.000 2988.417
f 1253 1254 1268 1267
f 1254 1255 1269 1268
f 1255 1256 1270 1269
f 1256 1257 1271 1270
f 1257 1258 1272 1271
f 1258 1259 1273 1272
f 1259 1260 1274 1273
f 1260 1261 1275 1274
f 1261 1262 1276 1275
f 1262 1263 1277 1276
f 1263 1264 1278 1277
f 1264 1265 1279 1278
f 1265 1266 1280 1279
f 1266 1253 1267 1280
f 1254 1253 1266
f 1256 1255 1254
f 1258 1257 1256
f 1260 1259 1258
f 1262 1261 1260
f 1256 1254 1266
f 1262 1260 1258
f 1256 1266 1265
f 1263 1262 1258
f 1256 1265 1264
f 1263 1258 1256
f 1256 1264 1263
f 1280 1267 1268
f 1268 1269 1270
f 1270 1271 1272
f 1272 1273 1274
f 1274 1275 1276
f 1280 1268 1270
f 1272 1274 1276
f 1279 1280 1270
f 1272 1276 1277
f 1278 1279 1270
f 1270 1272 1277
f 1277 1278 1270
o outer_ribs_0_1
v 3000.000 -2676.996 2805.207
v 3000.000 -2116.667 2988.417
v 3000.000 -1693.333 3101.667
v 3000.000 -2675.817 3301.903
v 3000.000 -2666.250 3300.000
v 3000.000 -2656.683 3301.903
v 3000.000 -2683.928 3307.322
v 3000.000 -2689.347 3315.433
v 3000.000 -2691.250 3325.000
v 3000.000 -2648.572 3307.322
v 3000.000 -2643.153 3315.433
v 3000.000 -2641.250 3325.000
v 3000.000 -2689.347 3334.567
v 3000.000 -2683.928 3342.678
v 3000.000 -2643.153 3334.567
v 3000.000 -2648.572 3342.678
v 3000.000 -2675.817 3348.097
v 3000.000 -2666.250 3350.000
v 3000.000 -2656.683 3348.097
v 3000.000 -2675.817 3401.903
v 3000.000 -2666.250 3400.000
v 3000.000 -2656.683 3401.903
v 3000.000 -2683.928 3407.322
v 3000.000 -2648.572 3407.322
v 3000.000 -2689.347 3415.433
v 3000.000 -2691.250 3425.000
v 3000.000 -2689.347 3434.567
v 3000.000 -2643.153 3415.433
v 3000.000 -2641.250 3425.000
v 3000.000 -2643.153 3434.567
v 3000.000 -2683.928 3442.678
v 3000.000 -2675.817 3448.097
v 3000.000 -2666.250 3450.000
v 3000.000 -2656.683 3448.097
v 3000.000 -2648.572 3442.678
v 3000.000 -2780.000 3500.000
v 2965.000 -2742.937 3250.000
v 2965.000 -2675.817 3301.903
v 2965.000 -2666.250 3300.000
v 2965.000 -2656.683 3301.903
v 2965.000 -2683.928 3307.322
v 2965.000 -2689.347 3315.433
v 2965.000 -2691.250 3325.000
v 2965.000 -2648.572 3307.322
v 2965.000 -2643.153 3315.433
v 2965.000 -2641.250 3325.000
v 2965.000 -2515.000 3250.000
v 2965.000 -2759.635 3362.629
v 2965.000 -2689.347 3334.567
v 2965.000 -2683.928 3342.678
v 2965.000 -2643.153 3334.567
v 2965.000 -2648.572 3342.678
v 2965.000 -2675.817 3348.097
v 2965.000 -2666.250 3350.000
v 2965.000 -2656.683 3348.097
v 2965.000 -2675.817 3401.903
v 2965.000 -2666.250 3400.000
v 2965.000 -2656.683 3401.903
v 2965.000 -2683.928 3407.322
v 2965.000 -2648.572 3407.322
v 2965.000 -2689.347 3415.433
v 2965.000 -2691.250 3425.000
v 2965.000 -2689.347 3434.567
v 2965.000 -2643.153 3415.433
v 2965.000 -2641.250 3425.000
v 2965.000 -2643.153 3434.567
v 2965.000 -2683.928 3442.678
v 2965.000 -2675.817 3448.097
v 2965.000 -2666.250 3450.000
v 2965.000 -2656.683 3448.097
v 2965.000 -2648.572 3442.678
v 2965.000 -2780.000 3500.000
v 2965.000 -2515.000 3500.000
v 2900.000 -2676.996 2805.207
v 2900.000 -2116.667 2988.417
v 2900.000 -1693.333 3101.667
v 2935.000 -2742.937 3250.000
v 2935.000 -2675.817 3301.903
v 2935.000 -2666.250 3300.000
v 2935.000 -2656.683 3301.903
v 2935.000 -2683.928 3307.322
v 2935.000 -2689.347 3315.433
v 2935.000 -2691.250 3325.000
v 2935.000 -2648.572 3307.322
v 2935.000 -2643.153 3315.433
v 2935.000 -2641.250 3325.000
v 2935.000 -2515.000 3250.000
v 2935.000 -2689.347 3334.567
v 2935.000 -2683.928 3342.678
v 2935.000 -2643.153 3334.567
v 2935.000 -2648.572 3342.678
v 2935.000 -2675.817 3348.097
v 2935.000 -2666.250 3350.000
v 2935.000 -2656.683 3348.097
v 2935.000 -2675.817 3401.903
v 2935.000 -2666.250 3400.000
v 2935.000 -2656.683 3401.903
v 2935.000 -2683.928 3407.322
v 2935.000 -2648.572 3407.322
v 2935.000 -2689.347 3415.433
v 2935.000 -2691.250 3425.000
v 2935.000 -2689.347 3434.567
v 2935.000 -2643.153 3415.433
v 2935.000 -2641.250 3425.000
v 2935.000 -2643.153 3434.567
v 2935.000 -2683.928 3442.678
v 2935.000 -2675.817 3448.097
v 2935.000 -2666.250 3450.000
v 2935.000 -2656.683 3448.097
v 2935.000 -2648.572 3442.678
v 2935.000 -2780.000 3500.000
v 2935.000 -2515.000 3500.000
v 2900.000 -2675.817 3301.903
v 2900.000 -2666.250 3300.000
v 2900.000 -2656.683 3301.903
v 2900.000 -2683.928 3307.322
v 2900.000 -2689.347 3315.433
v 2900.000 -2691.250 3325.000
v 2900.000 -2648.572 3307.322
v 2900.000 -2643.153 3315.433
v 2900.000 -2641.250 3325.000
v 2900.000 -2689.347 3334.567
v 2900.000 -2683.928 3342.678
v 2900.000 -2643.153 3334.567
v 2900.000 -2648.572 3342.678
v 2900.000 -2675.817 3348.097
v 2900.000 -2666.250 3350.000
v 2900.000 -2656.683 3348.097
v 2900.000 -2675.817 3401.903
v 2900.000 -2666.250 3400.000
v 2900.000 -2656.683 3401.903
v 2900.000 -2683.928 3407.322
v 2900.000 -2648.572 3407.322
v 2900.000 -2689.347 3415.433
v 2900.000 -2691.250 3425.000
v 2900.000 -2689.347 3434.567
v 2900.000 -2643.153 3415.433
v 2900.000 -2641.250 3425.000
v 2900.000 -2643.153 3434.567
v 2900.000 -2683.928 3442.678
v 2900.000 -2675.817 3448.097
v 2900.000 -2666.250 3450.000
v 2900.000 -2656.683 3448.097
v 2900.000 -2648.572 3442.678
v 2900.000 -2780.000 3500.000
v 3000.000 -1270.000 3189.750
v 3000.000 -846.667 3252.667
v 3000.000 -423.333 3290.417
v 3000.000 -0.000 3303.000
v 3000.000 -0.000 3500.000
v 2970.000 -400.000 3291.110
v 2970.000 -200.000 3297.055
v 2960.000 -200.000 3297.055
v 2960.000 -0.000 3303.000
v 2970.000 -400.000 3361.500
v 2970.000 -200.000 3361.500
v 2960.000 -200.000 3357.864
v 2960.000 -200.000 3361.500
v 2960.000 -0.000 3361.500
v 2900.000 -1270.000 3189.750
v 2900.000 -846.667 3252.667
v 2930.000 -400.000 3291.110
v 2940.000 -200.000 3297.055
v 2940.000 -0.000 3303.000
v 2930.000 -200.000 3297.055
v 2930.000 -400.000 3361.500
v 2940.000 -200.000 3348.167
v 2940.000 -200.000 3361.500
v 2940.000 -0.000 3361.500
v 2930.000 -200.000 3361.500
v 2900.000 -423.333 3290.417
v 2900.000 -0.000 3303.000
v 2900.000 -0.000 3500.000
f 1281 1282 1285
f 1281 1285 1284
f 1281 1284 1287
f 1281 1287 1288
f 1281 1288 1289
f 1281 1289 1316
f 1282 1286 1285
f 1282 1290 1286
f 1282 1291 1290
f 1282 1292 1291
f 1282 1295 1292
f 1282 1301 1295
f 1282 1302 1301
f 1282 1304 1302
f 1282 1308 1304
f 1282 1309 1308
f 1282 1283 1309
f 1283 1310 1309
f 1294 1305 1293
f 1297 1303 1294
f 1298 1300 1297
f 1295 1301 1296
f 1296 1301 1299
f 1299 1301 1298
f 1316 1289 1293
f 1297 1300 1303
f 1294 1303 1305
f 1298 1301 1300
f 1316 1293 1305
f 1316 1305 1306
f 1316 1306 1307
f 1316 1307 1311
f 1316 1311 1312
f 1316 1312 1313
f 1316 1313 1314
f 1283 1316 1314
f 1283 1315 1310
f 1283 1314 1315
f 1283 1426 1316
f 1316 1426 1427
f 1316 1427 1428
f 1316 1428 1429
f 1316 1429 1430
f 1357 1391 1425 1354 1281 1316 1352 1328 1317
f 1355 1282 1281 1354
f 1355 1356 1283 1282
f 1440 1426 1283 1356
f 1316 1430 1453 1425 1391 1392 1353 1352
f 1354 1399 1355
f 1354 1393 1394
f 1354 1396 1393
f 1354 1394 1395
f 1354 1395 1399
f 1354 1397 1396
f 1354 1398 1397
f 1354 1425 1398
f 1355 1399 1400
f 1355 1400 1401
f 1355 1401 1404
f 1355 1404 1405
f 1355 1405 1408
f 1355 1408 1411
f 1355 1411 1413
f 1355 1413 1417
f 1355 1417 1418
f 1355 1418 1356
f 1356 1418 1419
f 1402 1412 1403
f 1403 1409 1406
f 1406 1410 1407
f 1407 1411 1408
f 1425 1402 1398
f 1402 1414 1412
f 1403 1412 1409
f 1406 1409 1410
f 1407 1410 1411
f 1425 1414 1402
f 1425 1415 1414
f 1425 1416 1415
f 1425 1420 1416
f 1425 1421 1420
f 1425 1422 1421
f 1425 1423 1422
f 1356 1423 1425
f 1356 1419 1424
f 1356 1424 1423
f 1356 1425 1440
f 1425 1441 1440
f 1425 1451 1441
f 1425 1453 1451
f 1451 1453 1452
f 1427 1426 1440 1441
f 1428 1427 1441 1451
f 1431 1432 1433 1434 1429 1428 1451 1452 1444 1443 1445 1442
f 1434 1439 1449 1444 1452 1453 1430 1429
f 1321 1287 1284 1318
f 1284 1285 1319 1318
f 1286 1320 1319 1285
f 1287 1321 1322 1288
f 1320 1286 1290 1324
f 1289 1288 1322 1323
f 1290 1291 1325 1324
f 1291 1292 1326 1325
f 1323 1329 1293 1289
f 1329 1330 1294 1293
f 1330 1333 1297 1294
f 1332 1296 1299 1335
f 1331 1326 1292 1295
f 1332 1331 1295 1296
f 1297 1333 1334 1298
f 1299 1298 1334 1335
f 1301 1337 1336 1300
f 1337 1301 1302 1338
f 1300 1336 1339 1303
f 1341 1305 1303 1339
f 1302 1304 1340 1338
f 1304 1308 1344 1340
f 1305 1341 1342 1306
f 1306 1342 1343 1307
f 1309 1345 1344 1308
f 1310 1346 1345 1309
f 1307 1343 1347 1311
f 1312 1311 1347 1348
f 1313 1312 1348 1349
f 1349 1350 1314 1313
f 1315 1314 1350 1351
f 1351 1346 1310 1315
f 1319 1327 1317
f 1319 1317 1318
f 1318 1317 1321
f 1321 1317 1322
f 1322 1317 1323
f 1323 1317 1329
f 1329 1317 1328
f 1319 1320 1327
f 1320 1324 1327
f 1324 1325 1327
f 1325 1326 1327
f 1329 1328 1336
f 1329 1336 1330
f 1330 1336 1333
f 1333 1337 1334
f 1335 1334 1338
f 1332 1335 1340
f 1326 1331 1345
f 1331 1332 1344
f 1336 1328 1339
f 1339 1328 1341
f 1341 1328 1342
f 1342 1328 1343
f 1333 1336 1337
f 1334 1337 1338
f 1335 1338 1340
f 1332 1340 1344
f 1331 1344 1345
f 1327 1326 1345
f 1327 1345 1353
f 1343 1328 1347
f 1347 1328 1352
f 1347 1352 1348
f 1348 1352 1349
f 1350 1349 1352
f 1351 1350 1353
f 1350 1352 1353
f 1345 1346 1353
f 1346 1351 1353
f 1317 1327 1367 1357
f 1327 1353 1392 1367
f 1358 1357 1367
f 1358 1361 1357
f 1361 1362 1357
f 1362 1363 1357
f 1359 1358 1367
f 1359 1367 1360
f 1360 1367 1364
f 1364 1367 1365
f 1365 1367 1366
f 1363 1391 1357
f 1372 1373 1375
f 1371 1377 1374
f 1374 1376 1373
f 1366 1383 1370
f 1370 1379 1371
f 1363 1368 1391
f 1368 1369 1391
f 1369 1372 1391
f 1372 1375 1378
f 1372 1378 1380
f 1373 1376 1375
f 1374 1377 1376
f 1371 1379 1377
f 1370 1383 1379
f 1366 1384 1383
f 1367 1384 1366
f 1367 1392 1384
f 1372 1380 1391
f 1380 1381 1391
f 1381 1382 1391
f 1382 1386 1391
f 1386 1387 1391
f 1387 1388 1391
f 1390 1392 1389
f 1389 1392 1388
f 1388 1392 1391
f 1384 1392 1385
f 1385 1392 1390
f 1396 1361 1358 1393
f 1359 1394 1393 1358
f 1360 1395 1394 1359
f 1396 1397 1362 1361
f 1399 1395 1360 1364
f 1363 1362 1397 1398
f 1364 1365 1400 1399
f 1366 1401 1400 1365
f 1402 1368 1363 1398
f 1369 1368 1402 1403
f 1372 1369 1403 1406
f 1374 1408 1405 1371
f 1370 1404 1401 1366
f 1405 1404 1370 1371
f 1406 1407 1373 1372
f 1373 1407 1408 1374
f 1409 1375 1376 1410
f 1377 1411 1410 1376
f 1378 1375 1409 1412
f 1380 1378 1412 1414
f 1411 1377 1379 1413
f 1383 1417 1413 1379
f 1415 1381 1380 1414
f 1415 1416 1382 1381
f 1384 1418 1417 1383
f 1418 1384 1385 1419
f 1416 1420 1386 1382
f 1386 1420 1421 1387
f 1422 1388 1387 1421
f 1422 1423 1389 1388
f 1390 1389 1423 1424
f 1419 1385 1390 1424
f 1435 1436 1432 1431
f 1437 1433 1432 1436 1438
f 1433 1437 1438 1439 1434
f 1442 1446 1435 1431
f 1439 1438 1436 1435 1446 1450 1448 1449
f 1444 1449 1448 1447 1443
f 1445 1443 1447 1448 1450
f 1445 1450 1446 1442
o outer_ribs_1_1
v 2676.996 -3000.000 2805.207
v 2116.667 -3000.000 2988.417
v 1693.333 -3000.000 3101.667
v 2675.817 -3000.000 3301.903
v 2666.250 -3000.000 3300.000
v 2656.683 -3000.000 3301.903
v 2683.928 -3000.000 3307.322
v 2689.347 -3000.000 3315.433
v 2691.250 -3000.000 3325.000
v 2648.572 -3000.000 3307.322
v 2643.153 -3000.000 3315.433
v 2641.250 -3000.000 3325.000
v 2689.347 -3000.000 3334.567
v 2683.928 -3000.000 3342.678
v 2643.153 -3000.000 3334.567
v 2648.572 -3000.000 3342.678
v 2675.817 -3000.000 3348.097
v 2666.250 -3000.000 3350.000
v 2656.683 -3000.000 3348.097
v 2675.817 -3000.000 3401.903
v 2666.250 -3000.000 3400.000
v 2656.683 -3000.000 3401.903
v 2683.928 -3000.000 3407.322
v 2648.572 -3000.000 3407.322
v 2689.347 -3000.000 3415.433
v 2691.250 -3000.000 3425.000
v 2689.347 -3000.000 3434.567
v 2643.153 -3000.000 3415.433
v 2641.250 -3000.000 3425.000
v 2643.153 -3000.000 3434.567
v 2683.928 -3000.000 3442.678
v 2675.817 -3000.000 3448.097
v 2666.250 -3000.000 3450.000
v 2656.683 -3000.000 3448.097
v 2648.572 -3000.000 3442.678
v 2780.000 -3000.000 3500.000
v 2742.937 -2965.000 3250.000
v 2675.817 -2965.000 3301.903
v 2666.250 -2965.000 3300.000
v 2656.683 -2965.000 3301.903
v 2683.928 -2965.000 3307.322
v 2689.347 -2965.000 3315.433
v 2691.250 -2965.000 3325.000
v 2648.572 -2965.000 3307.322
v 2643.153 -2965.000 3315.433
v 2641.250 -2965.000 3325.000
v 2515.000 -2965.000 3250.000
v 2689.347 -2965.000 3334.567
v 2683.928 -2965.000 3342.678
v 2643.153 -2965.000 3334.567
v 2648.572 -2965.000 3342.678
v 2675.817 -2965.000 3348.097
v 2666.250 -2965.000 3350.000
v 2656.683 -2965.000 3348.097
v 2675.817 -2965.000 3401.903
v 2666.250 -2965.000 3400.000
v 2656.683 -2965.000 3401.903
v 2683.928 -2965.000 3407.322
v 2648.572 -2965.000 3407.322
v 2689.347 -2965.000 3415.433
v 2691.250 -2965.000 3425.000
v 2689.347 -2965.000 3434.567
v 2643.153 -2965.000 3415.433
v 2641.250 -2965.000 3425.000
v 2643.153 -2965.000 3434.567
v 2683.928 -2965.000 3442.678
v 2675.817 -2965.000 3448.097
v 2666.250 -2965.000 3450.000
v 2656.683 -2965.000 3448.097
v 2648.572 -2965.000 3442.678
v 2780.000 -2965.000 3500.000
v 2515.000 -2965.000 3500.000
v 1270.000 -3000.000 3189.750
v 846.667 -3000.000 3252.667
v 423.333 -3000.000 3290.417
v -0.000 -3000.000 3303.000
v -0.000 -3000.000 3500.000
v 400.000 -2970.000 3291.110
v 200.000 -2970.000 3297.055
v 200.000 -2960.000 3297.055
v -0.000 -2960.000 3303.000
v 400.000 -2970.000 3361.500
v 200.000 -2970.000 3361.500
v 200.000 -2960.000 3357.864
v 200.000 -2960.000 3361.500
v -0.000 -2960.000 3361.500
v 2676.996 -2900.000 2805.207
v 2116.667 -2900.000 2988.417
v 1693.333 -2900.000 3101.667
v 2742.937 -2935.000 3250.000
v 2675.817 -2935.000 3301.903
v 2666.250 -2935.000 3300.000
v 2656.683 -2935.000 3301.903
v 2683.928 -2935.000 3307.322
v 2689.347 -2935.000 3315.433
v 2691.250 -2935.000 3325.000
v 2648.572 -2935.000 3307.322
v 2643.153 -2935.000 3315.433
v 2641.250 -2935.000 3325.000
v 2515.000 -2935.000 3250.000
v 2759.635 -2935.000 3362.629
v 2689.347 -2935.000 3334.567
v 2683.928 -2935.000 3342.678
v 2643.153 -2935.000 3334.567
v 2648.572 -2935.000 3342.678
v 2675.817 -2935.000 3348.097
v 2666.250 -2935.000 3350.000
v 2656.683 -2935.000 3348.097
v 2675.817 -2935.000 3401.903
v 2666.250 -2935.000 3400.000
v 2656.683 -2935.000 3401.903
v 2683.928 -2935.000 3407.322
v 2648.572 -2935.000 3407.322
v 2689.347 -2935.000 3415.433
v 2691.250 -2935.000 3425.000
v 2689.347 -2935.000 3434.567
v 2643.153 -2935.000 3415.433
v 2641.250 -2935.000 3425.000
v 2643.153 -2935.000 3434.567
v 2683.928 -2935.000 3442.678
v 2675.817 -2935.000 3448.097
v 2666.250 -2935.000 3450.000
v 2656.683 -2935.000 3448.097
v 2648.572 -2935.000 3442.678
v 2780.000 -2935.000 3500.000
v 2515.000 -2935.000 3500.000
v 2675.817 -2900.000 3301.903
v 2666.250 -2900.000 3300.000
v 2656.683 -2900.000 3301.903
v 2683.928 -2900.000 3307.322
v 2689.347 -2900.000 3315.433
v 2691.250 -2900.000 3325.000
v 2648.572 -2900.000 3307.322
v 2643.153 -2900.000 3315.433
v 2641.250 -2900.000 3325.000
v 2689.347 -2900.000 3334.567
v 2683.928 -2900.000 3342.678
v 2643.153 -2900.000 3334.567
v 2648.572 -2900.000 3342.678
v 2675.817 -2900.000 3348.097
v 2666.250 -2900.000 3350.000
v 2656.683 -2900.000 3348.097
v 2675.817 -2900.000 3401.903
v 2666.250 -2900.000 3400.000
v 2656.683 -2900.000 3401.903
v 2683.928 -2900.000 3407.322
v 2648.572 -2900.000 3407.322
v 2689.347 -2900.000 3415.433
v 2691.250 -2900.000 3425.000
v 2689.347 -2900.000 3434.567
v 2643.153 -2900.000 3415.433
v 2641.250 -2900.000 3425.000
v 2643.153 -2900.000 3434.567
v 2683.928 -2900.000 3442.678
v 2675.817 -2900.000 3448.097
v 2666.250 -2900.000 3450.000
v 2656.683 -2900.000 3448.097
v 2648.572 -2900.000 3442.678
v 2780.000 -2900.000 3500.000
v 200.000 -2940.000 3297.055
v -0.000 -2940.000 3303.000
v 400.000 -2930.000 3291.110
v 200.000 -2930.000 3297.055
v 200.000 -2940.000 3348.167
v 200.000 -2940.000 3361.500
v -0.000 -2940.000 3361.500
v 400.000 -2930.000 3361.500
v 200.000 -2930.000 3361.500
v 1270.000 -2900.000 3189.750
v 846.667 -2900.000 3252.667
v 423.333 -2900.000 3290.417
v -0.000 -2900.000 3303.000
v -0.000 -2900.000 3500.000
f 1454 1458 1455
f 1454 1457 1458
f 1454 1460 1457
f 1454 1461 1460
f 1454 1462 1461
f 1454 1489 1462
f 1455 1458 1459
f 1455 1459 1463
f 1455 1463 1464
f 1455 1464 1465
f 1455 1465 1468
f 1455 1468 1469
f 1455 1469 1472
f 1455 1472 1475
f 1455 1475 1477
f 1455 1477 1481
f 1455 1481 1482
f 1455 1482 1456
f 1456 1482 1483
f 1462 1478 1466
f 1466 1476 1467
f 1467 1473 1470
f 1470 1474 1471
f 1471 1475 1472
f 1466 1478 1476
f 1467 1476 1473
f 1470 1473 1474
f 1462 1479 1478
f 1471 1474 1475
f 1489 1479 1462
f 1489 1480 1479
f 1489 1484 1480
f 1489 1485 1484
f 1489 1486 1485
f 1489 1487 1486
f 1456 1487 1489
f 1456 1483 1488
f 1456 1488 1487
f 1456 1489 1526
f 1489 1527 1526
f 1489 1528 1527
f 1489 1529 1528
f 1489 1530 1529
f 1454 1455 1541 1540
f 1554 1543 1490 1524 1489 1454 1540 1612 1578
f 1456 1542 1541 1455
f 1524 1525 1579 1578 1612 1626 1530 1489
f 1622 1542 1456 1526
f 1614 1625 1624 1528 1529 1534 1533 1532 1531 1615 1616 1613
f 1526 1527 1623 1622
f 1527 1528 1624 1623
f 1614 1619 1539 1534 1529 1530 1626 1625
f 1540 1541 1586
f 1540 1581 1580
f 1540 1580 1583
f 1540 1582 1581
f 1540 1586 1582
f 1540 1583 1584
f 1540 1584 1585
f 1540 1585 1612
f 1541 1587 1586
f 1541 1588 1587
f 1541 1591 1588
f 1541 1597 1591
f 1541 1598 1597
f 1541 1600 1598
f 1541 1604 1600
f 1541 1605 1604
f 1541 1542 1605
f 1542 1606 1605
f 1590 1601 1589
f 1593 1599 1590
f 1594 1596 1593
f 1591 1597 1592
f 1592 1597 1595
f 1595 1597 1594
f 1612 1585 1589
f 1593 1596 1599
f 1590 1599 1601
f 1594 1597 1596
f 1612 1589 1601
f 1612 1601 1602
f 1612 1602 1603
f 1612 1603 1607
f 1612 1607 1608
f 1612 1608 1609
f 1612 1609 1610
f 1542 1612 1610
f 1542 1611 1606
f 1542 1610 1611
f 1542 1626 1612
f 1542 1622 1626
f 1622 1623 1626
f 1623 1624 1626
f 1624 1625 1626
f 1458 1457 1491 1492
f 1492 1493 1459 1458
f 1459 1493 1497 1463
f 1460 1494 1491 1457
f 1495 1494 1460 1461
f 1495 1461 1462 1496
f 1498 1464 1463 1497
f 1465 1464 1498 1499
f 1501 1496 1462 1466
f 1466 1467 1502 1501
f 1467 1470 1505 1502
f 1469 1504 1507 1472
f 1499 1503 1468 1465
f 1468 1503 1504 1469
f 1471 1506 1505 1470
f 1506 1471 1472 1507
f 1508 1509 1474 1473
f 1475 1474 1509 1510
f 1508 1473 1476 1511
f 1478 1513 1511 1476
f 1510 1512 1477 1475
f 1516 1481 1477 1512
f 1514 1513 1478 1479
f 1480 1515 1514 1479
f 1517 1482 1481 1516
f 1517 1518 1483 1482
f 1480 1484 1519 1515
f 1522 1487 1488 1523
f 1520 1519 1484 1485
f 1485 1486 1521 1520
f 1487 1522 1521 1486
f 1518 1523 1488 1483
f 1491 1490 1500
f 1491 1494 1490
f 1494 1495 1490
f 1495 1496 1490
f 1492 1491 1500
f 1492 1500 1493
f 1493 1500 1497
f 1497 1500 1498
f 1498 1500 1499
f 1496 1524 1490
f 1505 1506 1508
f 1504 1510 1507
f 1507 1509 1506
f 1499 1516 1503
f 1503 1512 1504
f 1496 1501 1524
f 1501 1502 1524
f 1502 1505 1524
f 1505 1508 1511
f 1505 1511 1513
f 1506 1509 1508
f 1507 1510 1509
f 1504 1512 1510
f 1503 1516 1512
f 1499 1517 1516
f 1500 1517 1499
f 1500 1525 1517
f 1505 1513 1524
f 1513 1514 1524
f 1514 1515 1524
f 1515 1519 1524
f 1519 1520 1524
f 1520 1521 1525
f 1523 1525 1522
f 1522 1525 1521
f 1520 1525 1524
f 1517 1525 1518
f 1518 1525 1523
f 1500 1490 1543 1553
f 1525 1500 1553 1579
f 1536 1535 1531 1532
f 1537 1538 1536 1532 1533
f 1535 1620 1615 1531
f 1534 1539 1538 1537 1533
f 1536 1538 1539 1619 1618 1621 1620 1535
f 1544 1553 1543
f 1544 1543 1547
f 1547 1543 1548
f 1548 1543 1554
f 1545 1553 1544
f 1545 1546 1553
f 1546 1550 1553
f 1550 1551 1553
f 1551 1552 1553
f 1548 1554 1549
f 1549 1554 1555
f 1555 1554 1556
f 1556 1554 1559
f 1559 1563 1560
f 1561 1560 1564
f 1558 1561 1566
f 1552 1557 1571
f 1557 1558 1570
f 1559 1554 1562
f 1562 1554 1565
f 1565 1554 1567
f 1567 1554 1568
f 1568 1554 1569
f 1559 1562 1563
f 1560 1563 1564
f 1561 1564 1566
f 1558 1566 1570
f 1557 1570 1571
f 1553 1552 1571
f 1553 1571 1579
f 1569 1554 1573
f 1573 1554 1578
f 1573 1578 1574
f 1574 1578 1575
f 1576 1575 1578
f 1577 1576 1579
f 1576 1578 1579
f 1571 1572 1579
f 1572 1577 1579
f 1580 1581 1545 1544
f 1545 1581 1582 1546
f 1582 1586 1550 1546
f 1583 1580 1544 1547
f 1547 1548 1584 1583
f 1585 1584 1548 1549
f 1586 1587 1551 1550
f 1551 1587 1588 1552
f 1555 1589 1585 1549
f 1589 1555 1556 1590
f 1593 1590 1556 1559
f 1561 1558 1592 1595
f 1557 1552 1588 1591
f 1557 1591 1592 1558
f 1594 1593 1559 1560
f 1560 1561 1595 1594
f 1563 1562 1596 1597
f 1598 1564 1563 1597
f 1599 1596 1562 1565
f 1565 1567 1601 1599
f 1566 1564 1598 1600
f 1566 1600 1604 1570
f 1601 1567 1568 1602
f 1602 1568 1569 1603
f 1605 1571 1570 1604
f 1572 1571 1605 1606
f 1569 1573 1607 1603
f 1611 1610 1576 1577
f 1607 1573 1574 1608
f 1575 1609 1608 1574
f 1610 1609 1575 1576
f 1572 1606 1611 1577
f 1617 1618 1619 1614 1613
f 1618 1617 1613 1616 1621
f 1621 1616 1615 1620
o inner_ribs_0_1
v 981.675 -103.178 3500.000
v 2836.822 -2823.178 3500.000
v 2766.570 -2720.174 2805.207
v 2384.403 -2159.844 2988.417
v 2095.673 -1736.511 3101.667
v 1806.943 -1313.178 3189.750
v 1518.213 -889.844 3252.667
v 1229.483 -466.511 3290.417
v 981.675 -103.178 3301.217
v 1024.853 -60.000 3500.000
v 2880.000 -2780.000 3500.000
v 2809.747 -2676.996 2805.207
v 2427.581 -2116.667 2988.417
v 2138.851 -1693.333 3101.667
v 1850.120 -1270.000 3189.750
v 1561.390 -846.667 3252.667
v 1272.660 -423.333 3290.417
v 1024.853 -60.000 3301.217
f 1627 1628 1637 1636
f 1628 1629 1638 1637
f 1629 1630 1639 1638
f 1630 1631 1640 1639
f 1631 1632 1641 1640
f 1632 1633 1642 1641
f 1633 1634 1643 1642
f 1634 1635 1644 1643
f 1635 1627 1636 1644
f 1627 1635 1634
f 1630 1629 1628
f 1628 1627 1634
f 1631 1630 1628
f 1628 1634 1633
f 1632 1631 1628
f 1628 1633 1632
f 1644 1636 1637
f 1637 1638 1639
f 1643 1644 1637
f 1637 1639 1640
f 1642 1643 1637
f 1637 1640 1641
f 1641 1642 1637
o inner_ribs_1_1
v 103.178 -981.675 3500.000
v 103.178 -981.675 3301.217
v 466.511 -1229.483 3290.417
v 889.844 -1518.213 3252.667
v 1313.178 -1806.943 3189.750
v 1736.511 -2095.673 3101.667
v 2159.844 -2384.403 2988.417
v 2720.174 -2766.570 2805.207
v 2823.178 -2836.822 3500.000
v 60.000 -1024.853 3500.000
v 60.000 -1024.853 3301.217
v 423.333 -1272.660 3290.417
v 846.667 -1561.390 3252.667
v 1270.000 -1850.120 3189.750
v 1693.333 -2138.851 3101.667
v 2116.667 -2427.581 2988.417
v 2676.996 -2809.747 2805.207
v 2780.000 -2880.000 3500.000
f 1645 1646 1655 1654
f 1646 1647 1656 1655
f 1647 1648 1657 1656
f 1648 1649 1658 1657
f 1649 1650 1659 1658
f 1650 1651 1660 1659
f 1651 1652 1661 1660
f 1652 1653 1662 1661
f 1653 1645 1654 1662
f 1653 1652 1651
f 1647 1646 1645
f 1653 1651 1650
f 1648 1647 1645
f 1645 1653 1650
f 1649 1648 1645
f 1645 1650 1649
f 1662 1654 1655
f 1660 1661 1662
f 1662 1655 1656
f 1659 1660 1662
f 1662 1656 1657
f 1658 1659 1662
f 1662 1657 1658
o wedges_inner_beams_0_1
v 2900.000 -2685.029 2859.393
v 2815.226 -2685.029 2859.393
v 2880.000 -2780.000 3500.000
v 2900.000 -2780.000 3500.000
v 2900.000 -2453.623 2935.056
v 2657.398 -2453.623 2935.056
v 2714.522 -2537.377 3500.000
v 2900.000 -2537.377 3500.000
f 1663 1664 1668 1667
f 1664 1665 1669 1668
f 1665 1666 1670 1669
f 1666 1663 1667 1670
f 1663 1666 1665
f 1665 1664 1663
f 1670 1667 1668
f 1668 1669 1670
o wedges_inner_beams_1_1
v 2772.049 -2728.207 2859.393
v 2728.207 -2772.049 2859.393
v 2823.178 -2836.822 3500.000
v 2836.822 -2823.178 3500.000
v 2605.439 -2483.925 2939.266
v 2483.925 -2605.439 2939.266
v 2567.055 -2662.136 3500.000
v 2662.136 -2567.055 3500.000
f 1671 1672 1676 1675
f 1672 1673 1677 1676
f 1673 1674 1678 1677
f 1674 1671 1675 1678
f 1671 1674 1673
f 1673 1672 1671
f 1678 1675 1676
f 1676 1677 1678
o wedges_inner_beams_2_1
v 2685.029 -2815.226 2859.393
v 2685.029 -2900.000 2859.393
v 2780.000 -2900.000 3500.000
v 2780.000 -2880.000 3500.000
v 2453.623 -2657.398 2935.056
v 2453.623 -2900.000 2935.056
v 2537.377 -2900.000 3500.000
v 2537.377 -2714.522 3500.000
f 1679 1680 1684 1683
f 1680 1681 1685 1684
f 1681 1682 1686 1685
f 1682 1679 1683 1686
f 1679 1682 1681
f 1681 1680 1679
f 1686 1683 1684
f 1684 1685 1686
o inner_beams_0_1
v 2900.000 -60.000 3303.000
v 2629.502 -60.000 3390.000
v 2636.573 -60.000 3392.929
v 2622.431 -60.000 3392.929
v 2639.502 -60.000 3400.000
v 2619.502 -60.000 3400.000
v 2289.751 -60.000 3390.000
v 2296.822 -60.000 3392.929
v 2282.680 -60.000 3392.929
v 2299.751 -60.000 3400.000
v 2279.751 -60.000 3400.000
v 1950.000 -60.000 3390.000
v 1957.071 -60.000 3392.929
v 1942.929 -60.000 3392.929
v 1960.000 -60.000 3400.000
v 1940.000 -60.000 3400.000
v 2636.573 -60.000 3407.071
v 2622.431 -60.000 3407.071
v 2629.502 -60.000 3410.000
v 2900.000 -60.000 3500.000
v 2296.822 -60.000 3407.071
v 2282.680 -60.000 3407.071
v 2289.751 -60.000 3410.000
v 1957.071 -60.000 3407.071
v 1942.929 -60.000 3407.071
v 1950.000 -60.000 3410.000
v 2799.377 -30.000 3500.000
v 1610.249 -60.000 3390.000
v 1617.320 -60.000 3392.929
v 1603.178 -60.000 3392.929
v 1620.249 -60.000 3400.000
v 1600.249 -60.000 3400.000
v 915.626 -60.000 3303.000
v 1270.498 -60.000 3390.000
v 1277.569 -60.000 3392.929
v 1263.427 -60.000 3392.929
v 1280.498 -60.000 3400.000
v 1260.498 -60.000 3400.000
v 1617.320 -60.000 3407.071
v 1603.178 -60.000 3407.071
v 1610.249 -60.000 3410.000
v 1277.569 -60.000 3407.071
v 1263.427 -60.000 3407.071
v 1270.498 -60.000 3410.000
v 940.000 -60.000 3500.000
v 1100.623 -30.000 3500.000
v 2900.000 -0.000 3303.000
v 2799.377 -0.000 3303.000
v 2629.502 -13.249 3390.000
v 2636.573 -13.695 3392.929
v 2622.431 -13.695 3392.929
v 2639.502 -14.772 3400.000
v 2619.502 -14.772 3400.000
v 2289.751 -13.249 3390.000
v 2296.822 -13.695 3392.929
v 2282.680 -13.695 3392.929
v 2299.751 -14.772 3400.000
v 2279.751 -14.772 3400.000
v 1950.000 -13.249 3390.000
v 1957.071 -13.695 3392.929
v 1942.929 -13.695 3392.929
v 1960.000 -14.772 3400.000
v 1940.000 -14.772 3400.000
v 2636.573 -15.848 3407.071
v 2622.431 -15.848 3407.071
v 2629.502 -16.294 3410.000
v 2296.822 -15.848 3407.071
v 2282.680 -15.848 3407.071
v 2289.751 -16.294 3410.000
v 1957.071 -15.848 3407.071
v 1942.929 -15.848 3407.071
v 1950.000 -16.294 3410.000
v 2900.000 -0.000 3500.000
v 2799.377 -0.000 3500.000
v 1610.249 -13.249 3390.000
v 1617.320 -13.695 3392.929
v 1603.178 -13.695 3392.929
v 1620.249 -14.772 3400.000
v 1600.249 -14.772 3400.000
v 1100.623 -0.000 3303.000
v 975.626 -0.000 3303.000
v 1270.498 -13.249 3390.000
v 1277.569 -13.695 3392.929
v 1263.427 -13.695 3392.929
v 1280.498 -14.772 3400.000
v 1260.498 -14.772 3400.000
v 1617.320 -15.848 3407.071
v 1603.178 -15.848 3407.071
v 1610.249 -16.294 3410.000
v 1277.569 -15.848 3407.071
v 1263.427 -15.848 3407.071
v 1270.498 -16.294 3410.000
v 1100.623 -0.000 3500.000
v 1000.000 -0.000 3500.000
f 1687 1689 1688
f 1687 1691 1689
f 1687 1706 1691
f 1687 1688 1693
f 1693 1688 1690
f 1690 1692 1694
f 1692 1696 1694
f 1687 1698 1719
f 1687 1693 1710
f 1687 1699 1698
f 1687 1701 1699
f 1687 1710 1701
f 1693 1690 1694
f 1693 1695 1710
f 1695 1697 1710
f 1706 1703 1691
f 1706 1705 1703
f 1692 1704 1696
f 1704 1705 1707
f 1696 1704 1707
f 1707 1705 1709
f 1706 1709 1705
f 1697 1708 1710
f 1708 1709 1710
f 1706 1710 1709
f 1706 1712 1710
f 1706 1731 1712
f 1700 1702 1715
f 1700 1715 1714
f 1702 1717 1715
f 1719 1698 1700
f 1719 1700 1714
f 1720 1714 1716
f 1716 1718 1721
f 1719 1714 1720
f 1716 1721 1720
f 1718 1723 1721
f 1719 1720 1722
f 1719 1722 1724
f 1719 1724 1731
f 1702 1725 1717
f 1702 1727 1725
f 1718 1726 1723
f 1726 1727 1728
f 1731 1702 1711
f 1731 1711 1712
f 1731 1727 1702
f 1723 1726 1728
f 1728 1727 1730
f 1731 1730 1727
f 1731 1724 1729
f 1731 1729 1730
f 1687 1733 1759 1706
f 1759 1760 1713 1732 1779 1780 1731 1706
f 1734 1733 1687 1719 1767 1766
f 1731 1780 1767 1719
f 1759 1733 1734 1760
f 1780 1779 1766 1767
f 1689 1736 1735 1688
f 1735 1737 1690 1688
f 1689 1691 1738 1736
f 1737 1739 1692 1690
f 1694 1741 1740 1693
f 1742 1695 1693 1740
f 1741 1694 1696 1743
f 1742 1744 1697 1695
f 1745 1698 1699 1746
f 1698 1745 1747 1700
f 1748 1746 1699 1701
f 1700 1747 1749 1702
f 1691 1703 1750 1738
f 1751 1704 1692 1739
f 1750 1703 1705 1752
f 1705 1704 1751 1752
f 1743 1696 1707 1753
f 1708 1697 1744 1754
f 1753 1707 1709 1755
f 1709 1708 1754 1755
f 1701 1710 1756 1748
f 1702 1749 1757 1711
f 1756 1710 1712 1758
f 1757 1758 1712 1711
f 1762 1761 1714 1715
f 1716 1714 1761 1763
f 1764 1762 1715 1717
f 1763 1765 1718 1716
f 1769 1768 1720 1721
f 1720 1768 1770 1722
f 1721 1723 1771 1769
f 1724 1722 1770 1772
f 1764 1717 1725 1773
f 1726 1718 1765 1774
f 1727 1726 1774 1775
f 1727 1775 1773 1725
f 1776 1771 1723 1728
f 1777 1729 1724 1772
f 1728 1730 1778 1776
f 1777 1778 1730 1729
f 1735 1736 1734
f 1736 1738 1734
f 1738 1713 1734
f 1735 1734 1740
f 1735 1741 1737
f 1737 1743 1739
f 1735 1740 1741
f 1737 1741 1743
f 1740 1734 1756
f 1746 1734 1745
f 1746 1748 1734
f 1756 1734 1748
f 1740 1756 1742
f 1742 1756 1744
f 1745 1734 1761
f 1750 1713 1738
f 1750 1752 1713
f 1751 1739 1753
f 1751 1755 1752
f 1739 1743 1753
f 1751 1753 1755
f 1754 1744 1756
f 1754 1758 1755
f 1754 1756 1758
f 1752 1755 1732
f 1752 1732 1713
f 1761 1734 1766
f 1745 1762 1747
f 1747 1764 1749
f 1745 1761 1762
f 1747 1762 1764
f 1761 1769 1763
f 1763 1771 1765
f 1761 1766 1768
f 1768 1766 1770
f 1770 1766 1772
f 1777 1772 1766
f 1761 1768 1769
f 1763 1769 1771
f 1757 1749 1773
f 1749 1764 1773
f 1757 1773 1775
f 1755 1758 1732
f 1757 1732 1758
f 1774 1765 1776
f 1775 1774 1778
f 1757 1775 1732
f 1765 1771 1776
f 1774 1776 1778
f 1775 1778 1732
f 1777 1732 1778
f 1777 1766 1732
f 1713 1760 1734
f 1779 1732 1766
o inner_beams_1_1
v 60.000 -1024.853 3303.000
v 60.000 -915.626 3303.000
v 120.598 -855.120 3303.750
v 297.586 -787.267 3390.381
v 292.586 -792.267 3393.309
v 290.515 -794.338 3400.381
v 302.586 -782.267 3393.309
v 304.657 -780.196 3400.381
v 537.426 -547.426 3393.309
v 535.355 -549.497 3400.381
v 252.552 -756.376 3400.381
v 257.905 -747.586 3390.381
v 263.408 -743.089 3393.309
v 253.408 -753.089 3393.309
v 266.694 -742.233 3400.381
v 292.586 -792.267 3407.452
v 297.586 -787.267 3410.381
v 60.000 -1024.853 3500.000
v 60.000 -940.000 3500.000
v 154.321 -888.843 3500.000
v 132.739 -867.261 3500.000
v 302.586 -782.267 3407.452
v 537.426 -547.426 3407.452
v 255.838 -755.520 3407.452
v 265.838 -745.520 3407.452
v 261.341 -751.023 3410.381
v 547.426 -537.426 3393.309
v 549.497 -535.355 3400.381
v 782.267 -302.586 3393.309
v 780.196 -304.657 3400.381
v 1024.853 -60.000 3303.000
v 915.626 -60.000 3303.000
v 855.120 -120.598 3303.750
v 787.267 -297.586 3390.381
v 792.267 -292.586 3393.309
v 794.338 -290.515 3400.381
v 756.376 -252.552 3400.381
v 747.586 -257.905 3390.381
v 743.089 -263.408 3393.309
v 753.089 -253.408 3393.309
v 742.233 -266.694 3400.381
v 547.426 -537.426 3407.452
v 782.267 -302.586 3407.452
v 792.267 -292.586 3407.452
v 787.267 -297.586 3410.381
v 1024.853 -60.000 3500.000
v 940.000 -60.000 3500.000
v 888.843 -154.321 3500.000
v 867.261 -132.739 3500.000
v 755.520 -255.838 3407.452
v 745.520 -265.838 3407.452
v 751.023 -261.341 3410.381
v 542.426 -542.426 3390.381
v 502.745 -502.745 3390.381
v 498.249 -508.249 3393.309
v 508.249 -498.249 3393.309
v 497.393 -511.535 3400.381
v 511.535 -497.393 3400.381
v 542.426 -542.426 3410.381
v 500.679 -510.679 3407.452
v 510.679 -500.679 3407.452
v 506.182 -506.182 3410.381
f 1799 1782 1781 1798
f 1781 1785 1798
f 1781 1784 1785
f 1781 1811 1784
f 1789 1787 1784
f 1790 1788 1787
f 1789 1784 1833
f 1790 1787 1789
f 1798 1785 1786
f 1798 1786 1796
f 1798 1796 1797
f 1798 1797 1803
f 1803 1802 1788
f 1803 1797 1802
f 1798 1803 1839
f 1790 1803 1788
f 1798 1839 1825
f 1811 1833 1784
f 1807 1810 1808
f 1811 1807 1833
f 1807 1814 1809
f 1807 1809 1810
f 1811 1814 1807
f 1811 1815 1814
f 1811 1826 1815
f 1822 1808 1823
f 1839 1822 1825
f 1808 1810 1823
f 1822 1823 1825
f 1798 1825 1826
f 1826 1816 1815
f 1826 1824 1816
f 1826 1825 1824
f 1782 1799 1801 1783 1813 1829 1827 1812
f 1781 1782 1812 1811
f 1799 1798 1826 1827 1829 1828 1800 1801
f 1812 1827 1826 1811
f 1792 1783 1794
f 1794 1783 1791
f 1791 1783 1804
f 1834 1792 1793
f 1835 1793 1795
f 1834 1793 1835
f 1835 1795 1837
f 1834 1783 1792
f 1805 1806 1800
f 1804 1800 1806
f 1804 1783 1800
f 1837 1795 1805
f 1840 1805 1800
f 1842 1800 1832
f 1837 1805 1840
f 1842 1840 1800
f 1841 1819 1818
f 1841 1821 1819
f 1834 1836 1813
f 1836 1838 1813
f 1838 1841 1813
f 1818 1820 1813
f 1820 1817 1813
f 1817 1828 1813
f 1841 1818 1813
f 1842 1831 1841
f 1841 1831 1821
f 1842 1832 1831
f 1832 1800 1828
f 1817 1830 1828
f 1830 1832 1828
f 1834 1813 1783
f 1787 1793 1792 1784
f 1794 1785 1784 1792
f 1791 1786 1785 1794
f 1787 1788 1795 1793
f 1801 1800 1783
f 1805 1795 1788 1802
f 1796 1786 1791 1804
f 1802 1797 1806 1805
f 1806 1797 1796 1804
f 1809 1814 1818 1819
f 1820 1818 1814 1815
f 1821 1810 1809 1819
f 1820 1815 1816 1817
f 1829 1813 1828
f 1823 1810 1821 1831
f 1816 1824 1830 1817
f 1832 1825 1823 1831
f 1825 1832 1830 1824
f 1833 1834 1835 1789
f 1836 1834 1833 1807
f 1837 1790 1789 1835
f 1807 1808 1838 1836
f 1840 1803 1790 1837
f 1841 1838 1808 1822
f 1840 1842 1839 1803
f 1822 1839 1842 1841
o inner_beams_2_1
v 60.000 -2900.000 3303.000
v 60.000 -2629.502 3390.000
v 60.000 -2636.573 3392.929
v 60.000 -2622.431 3392.929
v 60.000 -2639.502 3400.000
v 60.000 -2619.502 3400.000
v 60.000 -2289.751 3390.000
v 60.000 -2296.822 3392.929
v 60.000 -2282.680 3392.929
v 60.000 -2299.751 3400.000
v 60.000 -2279.751 3400.000
v 60.000 -1950.000 3390.000
v 60.000 -1957.071 3392.929
v 60.000 -1942.929 3392.929
v 60.000 -1960.000 3400.000
v 60.000 -1940.000 3400.000
v 60.000 -2636.573 3407.071
v 60.000 -2622.431 3407.071
v 60.000 -2629.502 3410.000
v 60.000 -2900.000 3500.000
v 30.000 -2799.377 3500.000
v 60.000 -2296.822 3407.071
v 60.000 -2282.680 3407.071
v 60.000 -2289.751 3410.000
v 60.000 -1957.071 3407.071
v 60.000 -1942.929 3407.071
v 60.000 -1950.000 3410.000
v -0.000 -2900.000 3303.000
v -0.000 -2799.377 3303.000
v 13.249 -2629.502 3390.000
v 13.695 -2636.573 3392.929
v 13.695 -2622.431 3392.929
v 14.772 -2639.502 3400.000
v 14.772 -2619.502 3400.000
v 13.249 -2289.751 3390.000
v 13.695 -2296.822 3392.929
v 13.695 -2282.680 3392.929
v 14.772 -2299.751 3400.000
v 14.772 -2279.751 3400.000
v 13.249 -1950.000 3390.000
v 13.695 -1957.071 3392.929
v 13.695 -1942.929 3392.929
v 14.772 -1960.000 3400.000
v 14.772 -1940.000 3400.000
v 15.848 -2636.573 3407.071
v 15.848 -2622.431 3407.071
v 16.294 -2629.502 3410.000
v -0.000 -2900.000 3500.000
v -0.000 -2799.377 3500.000
v 15.848 -2296.822 3407.071
v 15.848 -2282.680 3407.071
v 16.294 -2289.751 3410.000
v 15.848 -1957.071 3407.071
v 15.848 -1942.929 3407.071
v 16.294 -1950.000 3410.000
v 60.000 -1610.249 3390.000
v 60.000 -1617.320 3392.929
v 60.000 -1603.178 3392.929
v 60.000 -1620.249 3400.000
v 60.000 -1600.249 3400.000
v 60.000 -915.626 3303.000
v 60.000 -1270.498 3390.000
v 60.000 -1277.569 3392.929
v 60.000 -1263.427 3392.929
v 60.000 -1280.498 3400.000
v 60.000 -1260.498 3400.000
v 60.000 -1617.320 3407.071
v 60.000 -1603.178 3407.071
v 60.000 -1610.249 3410.000
v 60.000 -1277.569 3407.071
v 60.000 -1263.427 3407.071
v 60.000 -1270.498 3410.000
v 60.000 -940.000 3500.000
v 30.000 -1100.623 3500.000
v 13.249 -1610.249 3390.000
v 13.695 -1617.320 3392.929
v 13.695 -1603.178 3392.929
v 14.772 -1620.249 3400.000
v 14.772 -1600.249 3400.000
v -0.000 -1100.623 3303.000
v -0.000 -975.626 3303.000
v 13.249 -1270.498 3390.000
v 13.695 -1277.569 3392.929
v 13.695 -1263.427 3392.929
v 14.772 -1280.498 3400.000
v 14.772 -1260.498 3400.000
v 15.848 -1617.320 3407.071
v 15.848 -1603.178 3407.071
v 16.294 -1610.249 3410.000
v 15.848 -1277.569 3407.071
v 15.848 -1263.427 3407.071
v 16.294 -1270.498 3410.000
v -0.000 -1100.623 3500.000
v -0.000 -1000.000 3500.000
f 1843 1844 1845
f 1843 1845 1847
f 1843 1847 1862
f 1843 1849 1844
f 1844 1850 1846
f 1846 1852 1848
f 1844 1849 1850
f 1846 1850 1852
f 1843 1857 1849
f 1843 1854 1855
f 1843 1855 1857
f 1857 1851 1849
f 1857 1853 1851
f 1843 1898 1899
f 1843 1909 1854
f 1843 1899 1901
f 1843 1901 1909
f 1862 1847 1859
f 1862 1859 1861
f 1848 1864 1860
f 1861 1860 1866
f 1848 1852 1864
f 1862 1861 1866
f 1860 1864 1866
f 1853 1867 1865
f 1866 1865 1867
f 1862 1866 1867
f 1862 1867 1869
f 1857 1867 1853
f 1862 1869 1915
f 1843 1903 1898
f 1854 1909 1856
f 1898 1905 1900
f 1900 1907 1902
f 1903 1904 1898
f 1898 1904 1905
f 1900 1905 1907
f 1903 1906 1904
f 1903 1908 1906
f 1903 1915 1908
f 1856 1909 1911
f 1902 1912 1910
f 1911 1910 1914
f 1915 1858 1856
f 1915 1868 1858
f 1915 1869 1868
f 1915 1856 1911
f 1902 1907 1912
f 1910 1912 1914
f 1915 1911 1914
f 1915 1913 1908
f 1915 1914 1913
f 1923 1903 1843 1870 1871 1922
f 1843 1862 1890 1870
f 1916 1863 1891 1890 1862 1915 1936 1935
f 1870 1890 1891 1871
f 1936 1915 1903 1923
f 1935 1936 1923 1922
f 1872 1844 1846 1874
f 1845 1844 1872 1873
f 1845 1873 1875 1847
f 1848 1876 1874 1846
f 1879 1877 1849 1851
f 1878 1850 1849 1877
f 1880 1852 1850 1878
f 1881 1879 1851 1853
f 1884 1882 1854 1856
f 1854 1882 1883 1855
f 1883 1885 1857 1855
f 1858 1886 1884 1856
f 1887 1859 1847 1875
f 1888 1876 1848 1860
f 1887 1889 1861 1859
f 1888 1860 1861 1889
f 1864 1852 1880 1892
f 1865 1893 1881 1853
f 1892 1894 1866 1864
f 1894 1893 1865 1866
f 1895 1867 1857 1885
f 1886 1858 1868 1896
f 1897 1869 1867 1895
f 1896 1868 1869 1897
f 1872 1871 1873
f 1873 1871 1863
f 1872 1877 1871
f 1872 1874 1877
f 1874 1876 1878
f 1876 1880 1878
f 1877 1922 1871
f 1874 1878 1877
f 1893 1883 1882
f 1893 1885 1883
f 1873 1863 1875
f 1887 1875 1863
f 1887 1863 1889
f 1888 1880 1876
f 1888 1889 1892
f 1888 1892 1880
f 1889 1894 1892
f 1889 1863 1894
f 1893 1894 1895
f 1894 1863 1895
f 1895 1863 1897
f 1893 1895 1885
f 1897 1863 1931
f 1877 1879 1922
f 1879 1881 1922
f 1893 1922 1881
f 1882 1884 1922
f 1893 1882 1922
f 1884 1886 1922
f 1896 1922 1886
f 1896 1918 1917
f 1896 1920 1918
f 1896 1917 1922
f 1917 1919 1924
f 1919 1921 1925
f 1917 1924 1922
f 1924 1926 1922
f 1926 1928 1922
f 1919 1925 1924
f 1921 1927 1925
f 1928 1916 1922
f 1896 1897 1929
f 1896 1929 1920
f 1897 1931 1929
f 1931 1863 1934
f 1930 1927 1921
f 1931 1932 1930
f 1934 1863 1916
f 1930 1932 1927
f 1931 1934 1932
f 1933 1916 1928
f 1933 1934 1916
f 1871 1891 1863
f 1898 1900 1919 1917
f 1917 1918 1899 1898
f 1901 1899 1918 1920
f 1900 1902 1921 1919
f 1925 1905 1904 1924
f 1926 1924 1904 1906
f 1925 1927 1907 1905
f 1908 1928 1926 1906
f 1929 1909 1901 1920
f 1921 1902 1910 1930
f 1931 1911 1909 1929
f 1911 1931 1930 1910
f 1907 1927 1932 1912
f 1933 1928 1908 1913
f 1934 1914 1912 1932
f 1914 1934 1933 1913
f 1935 1922 1916
o beds_0_0_2
v 2681.013 2812.487 2832.300
v 2681.013 2900.000 2832.300
v 2124.357 2900.000 3014.309
v 2124.357 2432.825 3014.309
v 2685.029 2815.226 2859.393
v 2685.029 2900.000 2859.393
v 2132.047 2900.000 3040.201
v 2132.047 2438.070 3040.201
f 1937 1938 1942 1941
f 1938 1939 1943 1942
f 1939 1940 1944 1943
f 1940 1937 1941 1944
f 1937 1940 1939
f 1939 1938 1937
f 1944 1941 1942
f 1942 1943 1944
o beds_0_1_2
v 2124.357 2432.825 3014.309
v 2124.357 2900.000 3014.309
v 1699.577 2900.000 3127.946
v 1699.577 2143.109 3127.946
v 2132.047 2438.070 3040.201
v 2132.047 2900.000 3040.201
v 1705.821 2900.000 3154.225
v 1705.821 2147.368 3154.225
f 1945 1946 1950 1949
f 1946 1947 1951 1950
f 1947 1948 1952 1951
f 1948 1945 1949 1952
f 1945 1948 1947
f 1947 1946 1945
f 1952 1949 1950
f 1950 1951 1952
o beds_0_2_2
v 1699.577 2143.109 3127.946
v 1699.577 2900.000 3127.946
v 1274.739 2900.000 3216.342
v 1274.739 1853.352 3216.342
v 1705.821 2147.368 3154.225
v 1705.821 2900.000 3154.225
v 1279.477 2900.000 3242.935
v 1279.477 1856.584 3242.935
f 1953 1954 1958 1957
f 1954 1955 1959 1958
f 1955 1956 1960 1959
f 1956 1953 1957 1960
f 1953 1956 1955
f 1955 1954 1953
f 1960 1957 1958
f 1958 1959 1960
o beds_0_3_2
v 1274.739 1853.352 3216.342
v 1274.739 2900.000 3216.342
v 849.853 2900.000 3279.490
v 849.853 1563.564 3279.490
v 1279.477 1856.584 3242.935
v 1279.477 2900.000 3242.935
v 853.039 2900.000 3306.313
v 853.039 1565.737 3306.313
f 1961 1962 1966 1965
f 1962 1963 1967 1966
f 1963 1964 1968 1967
f 1964 1961 1965 1968
f 1961 1964 1963
f 1963 1962 1961
f 1968 1965 1966
f 1966 1967 1968
o beds_0_4_2
v 849.853 1563.564 3279.490
v 849.853 2900.000 3279.490
v 424.935 2900.000 3317.381
v 424.935 1273.753 3317.381
v 853.039 1565.737 3306.313
v 853.039 2900.000 3306.313
v 426.537 2900.000 3344.345
v 426.537 1274.845 3344.345
f 1969 1970 1974 1973
f 1970 1971 1975 1974
f 1971 1972 1976 1975
f 1972 1969 1973 1976
f 1969 1972 1971
f 1971 1970 1969
f 1976 1973 1974
f 1974 1975 1976
o beds_0_5_2
v 424.935 1273.753 3317.381
v 424.935 2900.000 3317.381
v 60.000 2900.000 3328.228
v 60.000 1024.853 3328.228
v 426.537 1274.845 3344.345
v 426.537 2900.000 3344.345
v 60.000 2900.000 3355.240
v 60.000 1024.853 3355.240
f 1977 1978 1982 1981
f 1978 1979 1983 1982
f 1979 1980 1984 1983
f 1980 1977 1981 1984
f 1977 1980 1979
f 1979 1978 1977
f 1984 1981 1982
f 1982 1983 1984
o beds_1_0_2
v 2724.191 2769.309 2832.300
v 2167.535 2389.648 3014.309
v 2389.648 2167.535 3014.309
v 2769.309 2724.191 2832.300
v 2728.207 2772.049 2859.393
v 2175.225 2394.893 3040.201
v 2394.893 2175.225 3040.201
v 2772.049 2728.207 2859.393
f 1985 1986 1990 1989
f 1986 1987 1991 1990
f 1987 1988 1992 1991
f 1988 1985 1989 1992
f 1985 1988 1987
f 1987 1986 1985
f 1992 1989 1990
f 1990 1991 1992
o beds_1_1_2
v 2167.535 2389.648 3014.309
v 1742.755 2099.931 3127.946
v 2099.931 1742.755 3127.946
v 2389.648 2167.535 3014.309
v 2175.225 2394.893 3040.201
v 1748.999 2104.190 3154.225
v 2104.190 1748.999 3154.225
v 2394.893 2175.225 3040.201
f 1993 1994 1998 1997
f 1994 1995 1999 1998
f 1995 1996 2000 1999
f 1996 1993 1997 2000
f 1993 1996 1995
f 1995 1994 1993
f 2000 1997 1998
f 1998 1999 2000
o beds_1_2_2
v 1742.755 2099.931 3127.946
v 1317.916 1810.175 3216.342
v 1810.175 1317.916 3216.342
v 2099.931 1742.755 3127.946
v 1748.999 2104.190 3154.225
v 1322.655 1813.407 3242.935
v 1813.407 1322.655 3242.935
v 2104.190 1748.999 3154.225
f 2001 2002 2006 2005
f 2002 2003 2007 2006
f 2003 2004 2008 2007
f 2004 2001 2005 2008
f 2001 2004 2003
f 2003 2002 2001
f 2008 2005 2006
f 2006 2007 2008
o beds_1_3_2
v 1317.916 1810.175 3216.342
v 893.031 1520.386 3279.490
v 1520.386 893.031 3279.490
v 1810.175 1317.916 3216.342
v 1322.655 1813.407 3242.935
v 896.217 1522.559 3306.313
v 1522.559 896.217 3306.313
v 1813.407 1322.655 3242.935
f 2009 2010 2014 2013
f 2010 2011 2015 2014
f 2011 2012 2016 2015
f 2012 2009 2013 2016
f 2009 2012 2011
f 2011 2010 2009
f 2016 2013 2014
f 2014 2015 2016
o beds_1_4_2
v 893.031 1520.386 3279.490
v 468.113 1230.575 3317.381
v 1230.575 468.113 3317.381
v 1520.386 893.031 3279.490
v 896.217 1522.559 3306.313
v 469.714 1231.667 3344.345
v 1231.667 469.714 3344.345
v 1522.559 896.217 3306.313
f 2017 2018 2022 2021
f 2018 2019 2023 2022
f 2019 2020 2024 2023
f 2020 2017 2021 2024
f 2017 2020 2019
f 2019 2018 2017
f 2024 2021 2022
f 2022 2023 2024
o beds_1_5_2
v 468.113 1230.575 3317.381
v 103.178 981.675 3328.228
v 981.675 103.178 3328.228
v 1230.575 468.113 3317.381
v 469.714 1231.667 3344.345
v 103.178 981.675 3355.240
v 981.675 103.178 3355.240
v 1231.667 469.714 3344.345
f 2025 2026 2030 2029
f 2026 2027 2031 2030
f 2027 2028 2032 2031
f 2028 2025 2029 2032
f 2025 2028 2027
f 2027 2026 2025
f 2032 2029 2030
f 2030 2031 2032
o beds_2_0_2
v 2812.487 2681.013 2832.300
v 2432.825 2124.357 3014.309
v 2900.000 2124.357 3014.309
v 2900.000 2681.013 2832.300
v 2815.226 2685.029 2859.393
v 2438.070 2132.047 3040.201
v 2900.000 2132.047 3040.201
v 2900.000 2685.029 2859.393
f 2033 2034 2038 2037
f 2034 2035 2039 2038
f 2035 2036 2040 2039
f 2036 2033 2037 2040
f 2033 2036 2035
f 2035 2034 2033
f 2040 2037 2038
f 2038 2039 2040
o beds_2_1_2
v 2432.825 2124.357 3014.309
v 2143.109 1699.577 3127.946
v 2900.000 1699.577 3127.946
v 2900.000 2124.357 3014.309
v 2438.070 2132.047 3040.201
v 2147.368 1705.821 3154.225
v 2900.000 1705.821 3154.225
v 2900.000 2132.047 3040.201
f 2041 2042 2046 2045
f 2042 2043 2047 2046
f 2043 2044 2048 2047
f 2044 2041 2045 2048
f 2041 2044 2043
f 2043 2042 2041
f 2048 2045 2046
f 2046 2047 2048
o beds_2_2_2
v 2143.109 1699.577 3127.946
v 1853.352 1274.739 3216.342
v 2900.000 1274.739 3216.342
v 2900.000 1699.577 3127.946
v 2147.368 1705.821 3154.225
v 1856.584 1279.477 3242.935
v 2900.000 1279.477 3242.935
v 2900.000 1705.821 3154.225
f 2049 2050 2054 2053
f 2050 2051 2055 2054
f 2051 2052 2056 2055
f 2052 2049 2053 2056
f 2049 2052 2051
f 2051 2050 2049
f 2056 2053 2054
f 2054 2055 2056
o beds_2_3_2
v 1853.352 1274.739 3216.342
v 1563.564 849.853 3279.490
v 2900.000 849.853 3279.490
v 2900.000 1274.739 3216.342
v 1856.584 1279.477 3242.935
v 1565.737 853.039 3306.313
v 2900.000 853.039 3306.313
v 2900.000 1279.477 3242.935
f 2057 2058 2062 2061
f 2058 2059 2063 2062
f 2059 2060 2064 2063
f 2060 2057 2061 2064
f 2057 2060 2059
f 2059 2058 2057
f 2064 2061 2062
f 2062 2063 2064
o beds_2_4_2
v 1563.564 849.853 3279.490
v 1273.753 424.935 3317.381
v 2900.000 424.935 3317.381
v 2900.000 849.853 3279.490
v 1565.737 853.039 3306.313
v 1274.845 426.537 3344.345
v 2900.000 426.537 3344.345
v 2900.000 853.039 3306.313
f 2065 2066 2070 2069
f 2066 2067 2071 2070
f 2067 2068 2072 2071
f 2068 2065 2069 2072
f 2065 2068 2067
f 2067 2066 2065
f 2072 2069 2070
f 2070 2071 2072
o beds_2_5_2
v 1273.753 424.935 3317.381
v 1024.853 60.000 3328.228
v 2900.000 60.000 3328.228
v 2900.000 424.935 3317.381
v 1274.845 426.537 3344.345
v 1024.853 60.000 3355.240
v 2900.000 60.000 3355.240
v 2900.000 426.537 3344.345
f 2073 2074 2078 2077
f 2074 2075 2079 2078
f 2075 2076 2080 2079
f 2076 2073 2077 2080
f 2073 2076 2075
f 2075 2074 2073
f 2080 2077 2078
f 2078 2079 2080
o tsections_0_2
v 2676.996 2873.000 2805.207
v 2116.667 2873.000 2988.417
v 1693.333 2873.000 3101.667
v 1270.000 2873.000 3189.750
v 846.667 2873.000 3252.667
v 423.333 2873.000 3290.417
v 60.000 2873.000 3301.217
v 60.000 2873.000 3328.228
v 424.935 2873.000 3317.381
v 849.853 2873.000 3279.490
v 1274.739 2873.000 3216.342
v 1699.577 2873.000 3127.946
v 2124.357 2873.000 3014.309
v 2681.013 2873.000 2832.300
v 2676.996 2900.000 2805.207
v 2116.667 2900.000 2988.417
v 1693.333 2900.000 3101.667
v 1270.000 2900.000 3189.750
v 846.667 2900.000 3252.667
v 423.333 2900.000 3290.417
v 60.000 2900.000 3301.217
v 60.000 2900.000 3328.228
v 424.935 2900.000 3317.381
v 849.853 2900.000 3279.490
v 1274.739 2900.000 3216.342
v 1699.577 2900.000 3127.946
v 2124.357 2900.000 3014.309
v 2681.013 2900.000 2832.300
f 2081 2082 2096 2095
f 2082 2083 2097 2096
f 2083 2084 2098 2097
f 2084 2085 2099 2098
f 2085 2086 2100 2099
f 2086 2087 2101 2100
f 2087 2088 2102 2101
f 2088 2089 2103 2102
f 2089 2090 2104 2103
f 2090 2091 2105 2104
f 2091 2092 2106 2105
f 2092 2093 2107 2106
f 2093 2094 2108 2107
f 2094 2081 2095 2108
f 2081 2094 2093
f 2093 2092 2091
f 2091 2090 2089
f 2089 2088 2087
f 2082 2081 2093
f 2089 2087 2086
f 2083 2082 2093
f 2091 2089 2086
f 2084 2083 2093
f 2091 2086 2085
f 2084 2093 2091
f 2091 2085 2084
f 2107 2108 2095
f 2105 2106 2107
f 2103 2104 2105
f 2101 2102 2103
f 2107 2095 2096
f 2100 2101 2103
f 2107 2096 2097
f 2100 2103 2105
f 2107 2097 2098
f 2099 2100 2105
f 2105 2107 2098
f 2098 2099 2105
o tsections_1_2
v 2676.098 2841.817 2799.147
v 2681.013 2845.169 2832.300
v 2124.357 2465.507 3014.309
v 1699.577 2175.791 3127.946
v 1274.739 1886.034 3216.342
v 849.853 1596.246 3279.490
v 424.935 1306.435 3317.381
v 60.000 1057.535 3328.228
v 60.000 1057.535 3300.639
v 403.903 1292.090 3290.417
v 827.237 1580.820 3252.667
v 1250.570 1869.550 3189.750
v 1673.903 2158.281 3101.667
v 2097.237 2447.011 2988.417
v 2676.996 2809.747 2805.207
v 2681.013 2812.487 2832.300
v 2124.357 2432.825 3014.309
v 1699.577 2143.109 3127.946
v 1274.739 1853.352 3216.342
v 849.853 1563.564 3279.490
v 424.935 1273.753 3317.381
v 60.000 1024.853 3328.228
v 60.000 1024.853 3301.217
v 423.333 1272.660 3290.417
v 846.667 1561.390 3252.667
v 1270.000 1850.120 3189.750
v 1693.333 2138.851 3101.667
v 2116.667 2427.581 2988.417
f 2109 2110 2124 2123
f 2110 2111 2125 2124
f 2111 2112 2126 2125
f 2112 2113 2127 2126
f 2113 2114 2128 2127
f 2114 2115 2129 2128
f 2115 2116 2130 2129
f 2116 2117 2131 2130
f 2117 2118 2132 2131
f 2118 2119 2133 2132
f 2119 2120 2134 2133
f 2120 2121 2135 2134
f 2121 2122 2136 2135
f 2122 2109 2123 2136
f 2110 2109 2122
f 2112 2111 2110
f 2114 2113 2112
f 2116 2115 2114
f 2118 2117 2116
f 2110 2122 2121
f 2118 2116 2114
f 2112 2110 2121
f 2119 2118 2114
f 2112 2121 2120
f 2119 2114 2112
f 2112 2120 2119
f 2136 2123 2124
f 2124 2125 2126
f 2126 2127 2128
f 2128 2129 2130
f 2130 2131 2132
f 2136 2124 2126
f 2128 2130 2132
f 2135 2136 2126
f 2128 2132 2133
f 2134 2135 2126
f 2126 2128 2133
f 2133 2134 2126
o tsections_2_2
v 2739.604 2747.140 2805.207
v 2179.274 2364.973 2988.417
v 1755.941 2076.243 3101.667
v 1332.608 1787.513 3189.750
v 909.274 1498.783 3252.667
v 485.941 1210.053 3290.417
v 122.608 962.245 3301.217
v 122.608 962.245 3328.228
v 487.543 1211.145 3317.381
v 912.461 1500.956 3279.490
v 1337.346 1790.745 3216.342
v 1762.185 2080.501 3127.946
v 2186.965 2370.218 3014.309
v 2743.621 2749.879 2832.300
v 2720.174 2766.570 2805.207
v 2159.844 2384.403 2988.417
v 1736.511 2095.673 3101.667
v 1313.178 1806.943 3189.750
v 889.844 1518.213 3252.667
v 466.511 1229.483 3290.417
v 103.178 981.675 3301.217
v 103.178 981.675 3328.228
v 468.113 1230.575 3317.381
v 893.031 1520.386 3279.490
v 1317.916 1810.175 3216.342
v 1742.755 2099.931 3127.946
v 2167.535 2389.648 3014.309
v 2724.191 2769.309 2832.300
f 2137 2138 2152 2151
f 2138 2139 2153 2152
f 2139 2140 2154 2153
f 2140 2141 2155 2154
f 2141 2142 2156 2155
f 2142 2143 2157 2156
f 2143 2144 2158 2157
f 2144 2145 2159 2158
f 2145 2146 2160 2159
f 2146 2147 2161 2160
f 2147 2148 2162 2161
f 2148 2149 2163 2162
f 2149 2150 2164 2163
f 2150 2137 2151 2164
f 2137 2150 2149
f 2149 2148 2147
f 2147 2146 2145
f 2145 2144 2143
f 2138 2137 2149
f 2145 2143 2142
f 2139 2138 2149
f 2147 2145 2142
f 2140 2139 2149
f 2147 2142 2141
f 2140 2149 2147
f 2147 2141 2140
f 2163 2164 2151
f 2161 2162 2163
f 2159 2160 2161
f 2157 2158 2159
f 2163 2151 2152
f 2156 2157 2159
f 2163 2152 2153
f 2156 2159 2161
f 2163 2153 2154
f 2155 2156 2161
f 2161 2163 2154
f 2154 2155 2161
o tsections_3_2
v 2747.140 2739.604 2805.207
v 2749.879 2743.621 2832.300
v 2370.218 2186.965 3014.309
v 2080.501 1762.185 3127.946
v 1790.745 1337.346 3216.342
v 1500.956 912.461 3279.490
v 1211.145 487.543 3317.381
v 962.245 122.608 3328.228
v 962.245 122.608 3301.217
v 1210.053 485.941 3290.417
v 1498.783 909.274 3252.667
v 1787.513 1332.608 3189.750
v 2076.243 1755.941 3101.667
v 2364.973 2179.274 2988.417
v 2766.570 2720.174 2805.207
v 2769.309 2724.191 2832.300
v 2389.648 2167.535 3014.309
v 2099.931 1742.755 3127.946
v 1810.175 1317.916 3216.342
v 1520.386 893.031 3279.490
v 1230.575 468.113 3317.381
v 981.675 103.178 3328.228
v 981.675 103.178 3301.217
v 1229.483 466.511 3290.417
v 1518.213 889.844 3252.667
v 1806.943 1313.178 3189.750
v 2095.673 1736.511 3101.667
v 2384.403 2159.844 2988.417
f 2165 2166 2180 2179
f 2166 2167 2181 2180
f 2167 2168 2182 2181
f 2168 2169 2183 2182
f 2169 2170 2184 2183
f 2170 2171 2185 2184
f 2171 2172 2186 2185
f 2172 2173 2187 2186
f 2173 2174 2188 2187
f 2174 2175 2189 2188
f 2175 2176 2190 2189
f 2176 2177 2191 2190
f 2177 2178 2192 2191
f 2178 2165 2179 2192
f 2166 2165 2178
f 2168 2167 2166
f 2170 2169 2168
f 2172 2171 2170
f 2174 2173 2172
f 2168 2166 2178
f 2174 2172 2170
f 2168 2178 2177
f 2175 2174 2170
f 2168 2177 2176
f 2175 2170 2168
f 2168 2176 2175
f 2192 2179 2180
f 2180 2181 2182
f 2182 2183 2184
f 2184 2185 2186
f 2186 2187 2188
f 2192 2180 2182
f 2184 2186 2188
f 2191 2192 2182
f 2184 2188 2189
f 2190 2191 2182
f 2182 2184 2189
f 2189 2190 2182
o tsections_4_2
v 2841.817 2676.098 2799.147
v 2447.011 2097.237 2988.417
v 2158.281 1673.903 3101.667
v 1869.550 1250.570 3189.750
v 1580.820 827.237 3252.667
v 1292.090 403.903 3290.417
v 1057.535 60.000 3300.639
v 1057.535 60.000 3328.228
v 1306.435 424.935 3317.381
v 1596.246 849.853 3279.490
v 1886.034 1274.739 3216.342
v 2175.791 1699.577 3127.946
v 2465.507 2124.357 3014.309
v 2845.169 2681.013 2832.300
v 2809.747 2676.996 2805.207
v 2427.581 2116.667 2988.417
v 2138.851 1693.333 3101.667
v 1850.120 1270.000 3189.750
v 1561.390 846.667 3252.667
v 1272.660 423.333 3290.417
v 1024.853 60.000 3301.217
v 1024.853 60.000 3328.228
v 1273.753 424.935 3317.381
v 1563.564 849.853 3279.490
v 1853.352 1274.739 3216.342
v 2143.109 1699.577 3127.946
v 2432.825 2124.357 3014.309
v 2812.487 2681.013 2832.300
f 2193 2194 2208 2207
f 2194 2195 2209 2208
f 2195 2196 2210 2209
f 2196 2197 2211 2210
f 2197 2198 2212 2211
f 2198 2199 2213 2212
f 2199 2200 2214 2213
f 2200 2201 2215 2214
f 2201 2202 2216 2215
f 2202 2203 2217 2216
f 2203 2204 2218 2217
f 2204 2205 2219 2218
f 2205 2206 2220 2219
f 2206 2193 2207 2220
f 2193 2206 2205
f 2205 2204 2203
f 2203 2202 2201
f 2201 2200 2199
f 2194 2193 2205
f 2201 2199 2198
f 2195 2194 2205
f 2203 2201 2198
f 2196 2195 2205
f 2203 2198 2197
f 2196 2205 2203
f 2203 2197 2196
f 2219 2220 2207
f 2217 2218 2219
f 2215 2216 2217
f 2213 2214 2215
f 2219 2207 2208
f 2212 2213 2215
f 2219 2208 2209
f 2212 2215 2217
f 2219 2209 2210
f 2211 2212 2217
f 2217 2219 2210
f 2210 2211 2217
o tsections_5_2
v 2873.000 2676.996 2805.207
v 2873.000 2681.013 2832.300
v 2873.000 2124.357 3014.309
v 2873.000 1699.577 3127.946
v 2873.000 1274.739 3216.342
v 2873.000 849.853 3279.490
v 2873.000 424.935 3317.381
v 2873.000 60.000 3328.228
v 2873.000 60.000 3301.217
v 2873.000 423.333 3290.417
v 2873.000 846.667 3252.667
v 2873.000 1270.000 3189.750
v 2873.000 1693.333 3101.667
v 2873.000 2116.667 2988.417
v 2900.000 2676.996 2805.207
v 2900.000 2681.013 2832.300
v 2900.000 2124.357 3014.309
v 2900.000 1699.577 3127.946
v 2900.000 1274.739 3216.342
v 2900.000 849.853 3279.490
v 2900.000 424.935 3317.381
v 2900.000 60.000 3328.228
v 2900.000 60.000 3301.217
v 2900.000 423.333 3290.417
v 2900.000 846.667 3252.667
v 2900.000 1270.000 3189.750
v 2900.000 1693.333 3101.667
v 2900.000 2116.667 2988.417
f 2221 2222 2236 2235
f 2222 2223 2237 2236
f 2223 2224 2238 2237
f 2224 2225 2239 2238
f 2225 2226 2240 2239
f 2226 2227 2241 2240
f 2227 2228 2242 2241
f 2228 2229 2243 2242
f 2229 2230 2244 2243
f 2230 2231 2245 2244
f 2231 2232 2246 2245
f 2232 2233 2247 2246
f 2233 2234 2248 2247
f 2234 2221 2235 2248
f 2222 2221 2234
f 2224 2223 2222
f 2226 2225 2224
f 2228 2227 2226
f 2230 2229 2228
f 2224 2222 2234
f 2230 2228 2226
f 2224 2234 2233
f 2231 2230 2226
f 2224 2233 2232
f 2231 2226 2224
f 2224 2232 2231
f 2248 2235 2236
f 2236 2237 2238
f 2238 2239 2240
f 2240 2241 2242
f 2242 2243 2244
f 2248 2236 2238
f 2240 2242 2244
f 2247 2248 2238
f 2240 2244 2245
f 2246 2247 2238
f 2238 2240 2245
f 2245 2246 2238
o outer_ribs_0_2
v 2676.996 3000.000 2805.207
v 2116.667 3000.000 2988.417
v 1693.333 3000.000 3101.667
v 2675.817 3000.000 3301.903
v 2666.250 3000.000 3300.000
v 2656.683 3000.000 3301.903
v 2683.928 3000.000 3307.322
v 2689.347 3000.000 3315.433
v 2691.250 3000.000 3325.000
v 2648.572 3000.000 3307.322
v 2643.153 3000.000 3315.433
v 2641.250 3000.000 3325.000
v 2689.347 3000.000 3334.567
v 2683.928 3000.000 3342.678
v 2643.153 3000.000 3334.567
v 2648.572 3000.000 3342.678
v 2675.817 3000.000 3348.097
v 2666.250 3000.000 3350.000
v 2656.683 3000.000 3348.097
v 2675.817 3000.000 3401.903
v 2666.250 3000.000 3400.000
v 2656.683 3000.000 3401.903
v 2683.928 3000.000 3407.322
v 2648.572 3000.000 3407.322
v 2689.347 3000.000 3415.433
v 2691.250 3000.000 3425.000
v 2689.347 3000.000 3434.567
v 2643.153 3000.000 3415.433
v 2641.250 3000.000 3425.000
v 2643.153 3000.000 3434.567
v 2683.928 3000.000 3442.678
v 2675.817 3000.000 3448.097
v 2666.250 3000.000 3450.000
v 2656.683 3000.000 3448.097
v 2648.572 3000.000 3442.678
v 2780.000 3000.000 3500.000
v 2742.937 2965.000 3250.000
v 2675.817 2965.000 3301.903
v 2666.250 2965.000 3300.000
v 2656.683 2965.000 3301.903
v 2683.928 2965.000 3307.322
v 2689.347 2965.000 3315.433
v 2691.250 2965.000 3325.000
v 2648.572 2965.000 3307.322
v 2643.153 2965.000 3315.433
v 2641.250 2965.000 3325.000
v 2515.000 2965.000 3250.000
v 2759.635 2965.000 3362.629
v 2689.347 2965.000 3334.567
v 2683.928 2965.000 3342.678
v 2643.153 2965.000 3334.567
v 2648.572 2965.000 3342.678
v 2675.817 2965.000 3348.097
v 2666.250 2965.000 3350.000
v 2656.683 2965.000 3348.097
v 2675.817 2965.000 3401.903
v 2666.250 2965.000 3400.000
v 2656.683 2965.000 3401.903
v 2683.928 2965.000 3407.322
v 2648.572 2965.000 3407.322
v 2689.347 2965.000 3415.433
v 2691.250 2965.000 3425.000
v 2689.347 2965.000 3434.567
v 2643.153 2965.000 3415.433
v 2641.250 2965.000 3425.000
v 2643.153 2965.000 3434.567
v 2683.928 2965.000 3442.678
v 2675.817 2965.000 3448.097
v 2666.250 2965.000 3450.000
v 2656.683 2965.000 3448.097
v 2648.572 2965.000 3442.678
v 2780.000 2965.000 3500.000
v 2515.000 2965.000 3500.000
v 2676.996 2900.000 2805.207
v 2116.667 2900.000 2988.417
v 1693.333 2900.000 3101.667
v 2742.937 2935.000 3250.000
v 2675.817 2935.000 3301.903
v 2666.250 2935.000 3300.000
v 2656.683 2935.000 3301.903
v 2683.928 2935.000 3307.322
v 2689.347 2935.000 3315.433
v 2691.250 2935.000 3325.000
v 2648.572 2935.000 3307.322
v 2643.153 2935.000 3315.433
v 2641.250 2935.000 3325.000
v 2515.000 2935.000 3250.000
v 2689.347 2935.000 3334.567
v 2683.928 2935.000 3342.678
v 2643.153 2935.000 3334.567
v 2648.572 2935.000 3342.678
v 2675.817 2935.000 3348.097
v 2666.250 2935.000 3350.000
v 2656.683 2935.000 3348.097
v 2675.817 2935.000 3401.903
v 2666.250 2935.000 3400.000
v 2656.683 2935.000 3401.903
v 2683.928 2935.000 3407.322
v 2648.572 2935.000 3407.322
v 2689.347 2935.000 3415.433
v 2691.250 2935.000 3425.000
v 2689.347 2935.000 3434.567
v 2643.153 2935.000 3415.433
v 2641.250 2935.000 3425.000
v 2643.153 2935.000 3434.567
v 2683.928 2935.000 3442.678
v 2675.817 2935.000 3448.097
v 2666.250 2935.000 3450.000
v 2656.683 2935.000 3448.097
v 2648.572 2935.000 3442.678
v 2780.000 2935.000 3500.000
v 2515.000 2935.000 3500.000
v 2675.817 2900.000 3301.903
v 2666.250 2900.000 3300.000
v 2656.683 2900.000 3301.903
v 2683.928 2900.000 3307.322
v 2689.347 2900.000 3315.433
v 2691.250 2900.000 3325.000
v 2648.572 2900.000 3307.322
v 2643.153 2900.000 3315.433
v 2641.250 2900.000 3325.000
v 2689.347 2900.000 3334.567
v 2683.928 2900.000 3342.678
v 2643.153 2900.000 3334.567
v 2648.572 2900.000 3342.678
v 2675.817 2900.000 3348.097
v 2666.250 2900.000 3350.000
v 2656.683 2900.000 3348.097
v 2675.817 2900.000 3401.903
v 2666.250 2900.000 3400.000
v 2656.683 2900.000 3401.903
v 2683.928 2900.000 3407.322
v 2648.572 2900.000 3407.322
v 2689.347 2900.000 3415.433
v 2691.250 2900.000 3425.000
v 2689.347 2900.000 3434.567
v 2643.153 2900.000 3415.433
v 2641.250 2900.000 3425.000
v 2643.153 2900.000 3434.567
v 2683.928 2900.000 3442.678
v 2675.817 2900.000 3448.097
v 2666.250 2900.000 3450.000
v 2656.683 2900.000 3448.097
v 2648.572 2900.000 3442.678
v 2780.000 2900.000 3500.000
v 1270.000 3000.000 3189.750
v 846.667 3000.000 3252.667
v 423.333 3000.000 3290.417
v 0.000 3000.000 3303.000
v 0.000 3000.000 3500.000
v 400.000 2970.000 3291.110
v 200.000 2970.000 3297.055
v 200.000 2960.000 3297.055
v 0.000 2960.000 3303.000
v 400.000 2970.000 3361.500
v 200.000 2970.000 3361.500
v 200.000 2960.000 3357.864
v 200.000 2960.000 3361.500
v 0.000 2960.000 3361.500
v 1270.000 2900.000 3189.750
v 846.667 2900.000 3252.667
v 400.000 2930.000 3291.110
v 200.000 2940.000 3297.055
v 0.000 2940.000 3303.000
v 200.000 2930.000 3297.055
v 400.000 2930.000 3361.500
v 200.000 2940.000 3348.167
v 200.000 2940.000 3361.500
v 0.000 2940.000 3361.500
v 200.000 2930.000 3361.500
v 423.333 2900.000 3290.417
v 0.000 2900.000 3303.000
v 0.000 2900.000 3500.000
f 2249 2250 2253
f 2249 2253 2252
f 2249 2252 2255
f 2249 2255 2256
f 2249 2256 2257
f 2249 2257 2284
f 2250 2254 2253
f 2250 2258 2254
f 2250 2259 2258
f 2250 2260 2259
f 2250 2263 2260
f 2250 2269 2263
f 2250 2270 2269
f 2250 2272 2270
f 2250 2276 2272
f 2250 2277 2276
f 2250 2251 2277
f 2251 2278 2277
f 2262 2273 2261
f 2265 2271 2262
f 2266 2268 2265
f 2263 2269 2264
f 2264 2269 2267
f 2267 2269 2266
f 2284 2257 2261
f 2265 2268 2271
f 2262 2271 2273
f 2266 2269 2268
f 2284 2261 2273
f 2284 2273 2274
f 2284 2274 2275
f 2284 2275 2279
f 2284 2279 2280
f 2284 2280 2281
f 2284 2281 2282
f 2251 2284 2282
f 2251 2283 2278
f 2251 2282 2283
f 2251 2394 2284
f 2284 2394 2395
f 2284 2395 2396
f 2284 2396 2397
f 2284 2397 2398
f 2325 2359 2393 2322 2249 2284 2320 2296 2285
f 2323 2250 2249 2322
f 2323 2324 2251 2250
f 2408 2394 2251 2324
f 2284 2398 2421 2393 2359 2360 2321 2320
f 2322 2367 2323
f 2322 2361 2362
f 2322 2364 2361
f 2322 2362 2363
f 2322 2363 2367
f 2322 2365 2364
f 2322 2366 2365
f 2322 2393 2366
f 2323 2367 2368
f 2323 2368 2369
f 2323 2369 2372
f 2323 2372 2373
f 2323 2373 2376
f 2323 2376 2379
f 2323 2379 2381
f 2323 2381 2385
f 2323 2385 2386
f 2323 2386 2324
f 2324 2386 2387
f 2370 2380 2371
f 2371 2377 2374
f 2374 2378 2375
f 2375 2379 2376
f 2393 2370 2366
f 2370 2382 2380
f 2371 2380 2377
f 2374 2377 2378
f 2375 2378 2379
f 2393 2382 2370
f 2393 2383 2382
f 2393 2384 2383
f 2393 2388 2384
f 2393 2389 2388
f 2393 2390 2389
f 2393 2391 2390
f 2324 2391 2393
f 2324 2387 2392
f 2324 2392 2391
f 2324 2393 2408
f 2393 2409 2408
f 2393 2419 2409
f 2393 2421 2419
f 2419 2421 2420
f 2395 2394 2408 2409
f 2396 2395 2409 2419
f 2399 2400 2401 2402 2397 2396 2419 2420 2412 2411 2413 2410
f 2402 2407 2417 2412 2420 2421 2398 2397
f 2289 2255 2252 2286
f 2252 2253 2287 2286
f 2254 2288 2287 2253
f 2255 2289 2290 2256
f 2288 2254 2258 2292
f 2257 2256 2290 2291
f 2258 2259 2293 2292
f 2259 2260 2294 2293
f 2291 2297 2261 2257
f 2297 2298 2262 2261
f 2298 2301 2265 2262
f 2300 2264 2267 2303
f 2299 2294 2260 2263
f 2300 2299 2263 2264
f 2265 2301 2302 2266
f 2267 2266 2302 2303
f 2269 2305 2304 2268
f 2305 2269 2270 2306
f 2268 2304 2307 2271
f 2309 2273 2271 2307
f 2270 2272 2308 2306
f 2272 2276 2312 2308
f 2273 2309 2310 2274
f 2274 2310 2311 2275
f 2277 2313 2312 2276
f 2278 2314 2313 2277
f 2275 2311 2315 2279
f 2280 2279 2315 2316
f 2281 2280 2316 2317
f 2317 2318 2282 2281
f 2283 2282 2318 2319
f 2319 2314 2278 2283
f 2287 2295 2285
f 2287 2285 2286
f 2286 2285 2289
f 2289 2285 2290
f 2290 2285 2291
f 2291 2285 2297
f 2297 2285 2296
f 2287 2288 2295
f 2288 2292 2295
f 2292 2293 2295
f 2293 2294 2295
f 2297 2296 2304
f 2297 2304 2298
f 2298 2304 2301
f 2301 2305 2302
f 2303 2302 2306
f 2300 2303 2308
f 2294 2299 2313
f 2299 2300 2312
f 2304 2296 2307
f 2307 2296 2309
f 2309 2296 2310
f 2310 2296 2311
f 2301 2304 2305
f 2302 2305 2306
f 2303 2306 2308
f 2300 2308 2312
f 2299 2312 2313
f 2295 2294 2313
f 2295 2313 2321
f 2311 2296 2315
f 2315 2296 2320
f 2315 2320 2316
f 2316 2320 2317
f 2318 2317 2320
f 2319 2318 2321
f 2318 2320 2321
f 2313 2314 2321
f 2314 2319 2321
f 2285 2295 2335 2325
f 2295 2321 2360 2335
f 2326 2325 2335
f 2326 2329 2325
f 2329 2330 2325
f 2330 2331 2325
f 2327 2326 2335
f 2327 2335 2328
f 2328 2335 2332
f 2332 2335 2333
f 2333 2335 2334
f 2331 2359 2325
f 2340 2341 2343
f 2339 2345 2342
f 2342 2344 2341
f 2334 2351 2338
f 2338 2347 2339
f 2331 2336 2359
f 2336 2337 2359
f 2337 2340 2359
f 2340 2343 2346
f 2340 2346 2348
f 2341 2344 2343
f 2342 2345 2344
f 2339 2347 2345
f 2338 2351 2347
f 2334 2352 2351
f 2335 2352 2334
f 2335 2360 2352
f 2340 2348 2359
f 2348 2349 2359
f 2349 2350 2359
f 2350 2354 2359
f 2354 2355 2359
f 2355 2356 2359
f 2358 2360 2357
f 2357 2360 2356
f 2356 2360 2359
f 2352 2360 2353
f 2353 2360 2358
f 2364 2329 2326 2361
f 2327 2362 2361 2326
f 2328 2363 2362 2327
f 2364 2365 2330 2329
f 2367 2363 2328 2332
f 2331 2330 2365 2366
f 2332 2333 2368 2367
f 2334 2369 2368 2333
f 2370 2336 2331 2366
f 2337 2336 2370 2371
f 2340 2337 2371 2374
f 2342 2376 2373 2339
f 2338 2372 2369 2334
f 2373 2372 2338 2339
f 2374 2375 2341 2340
f 2341 2375 2376 2342
f 2377 2343 2344 2378
f 2345 2379 2378 2344
f 2346 2343 2377 2380
f 2348 2346 2380 2382
f 2379 2345 2347 2381
f 2351 2385 2381 2347
f 2383 2349 2348 2382
f 2383 2384 2350 2349
f 2352 2386 2385 2351
f 2386 2352 2353 2387
f 2384 2388 2354 2350
f 2354 2388 2389 2355
f 2390 2356 2355 2389
f 2390 2391 2357 2356
f 2358 2357 2391 2392
f 2387 2353 2358 2392
f 2403 2404 2400 2399
f 2405 2401 2400 2404 2406
f 2401 2405 2406 2407 2402
f 2410 2414 2403 2399
f 2407 2406 2404 2403 2414 2418 2416 2417
f 2412 2417 2416 2415 2411
f 2413 2411 2415 2416 2418
f 2413 2418 2414 2410
o outer_ribs_1_2
v 3000.000 2676.996 2805.207
v 3000.000 2116.667 2988.417
v 3000.000 1693.333 3101.667
v 3000.000 2675.817 3301.903
v 3000.000 2666.250 3300.000
v 3000.000 2656.683 3301.903
v 3000.000 2683.928 3307.322
v 3000.000 2689.347 3315.433
v 3000.000 2691.250 3325.000
v 3000.000 2648.572 3307.322
v 3000.000 2643.153 3315.433
v 3000.000 2641.250 3325.000
v 3000.000 2689.347 3334.567
v 3000.000 2683.928 3342.678
v 3000.000 2643.153 3334.567
v 3000.000 2648.572 3342.678
v 3000.000 2675.817 3348.097
v 3000.000 2666.250 3350.000
v 3000.000 2656.683 3348.097
v 3000.000 2675.817 3401.903
v 3000.000 2666.250 3400.000
v 3000.000 2656.683 3401.903
v 3000.000 2683.928 3407.322
v 3000.000 2648.572 3407.322
v 3000.000 2689.347 3415.433
v 3000.000 2691.250 3425.000
v 3000.000 2689.347 3434.567
v 3000.000 2643.153 3415.433
v 3000.000 2641.250 3425.000
v 3000.000 2643.153 3434.567
v 3000.000 2683.928 3442.678
v 3000.000 2675.817 3448.097
v 3000.000 2666.250 3450.000
v 3000.000 2656.683 3448.097
v 3000.000 2648.572 3442.678
v 3000.000 2780.000 3500.000
v 2965.000 2742.937 3250.000
v 2965.000 2675.817 3301.903
v 2965.000 2666.250 3300.000
v 2965.000 2656.683 3301.903
v 2965.000 2683.928 3307.322
v 2965.000 2689.347 3315.433
v 2965.000 2691.250 3325.000
v 2965.000 2648.572 3307.322
v 2965.000 2643.153 3315.433
v 2965.000 2641.250 3325.000
v 2965.000 2515.000 3250.000
v 2965.000 2689.347 3334.567
v 2965.000 2683.928 3342.678
v 2965.000 2643.153 3334.567
v 2965.000 2648.572 3342.678
v 2965.000 2675.817 3348.097
v 2965.000 2666.250 3350.000
v 2965.000 2656.683 3348.097
v 2965.000 2675.817 3401.903
v 2965.000 2666.250 3400.000
v 2965.000 2656.683 3401.903
v 2965.000 2683.928 3407.322
v 2965.000 2648.572 3407.322
v 2965.000 2689.347 3415.433
v 2965.000 2691.250 3425.000
v 2965.000 2689.347 3434.567
v 2965.000 2643.153 3415.433
v 2965.000 2641.250 3425.000
v 2965.000 2643.153 3434.567
v 2965.000 2683.928 3442.678
v 2965.000 2675.817 3448.097
v 2965.000 2666.250 3450.000
v 2965.000 2656.683 3448.097
v 2965.000 2648.572 3442.678
v 2965.000 2780.000 3500.000
v 2965.000 2515.000 3500.000
v 3000.000 1270.000 3189.750
v 3000.000 846.667 3252.667
v 3000.000 423.333 3290.417
v 3000.000 -0.000 3303.000
v 3000.000 -0.000 3500.000
v 2970.000 400.000 3291.110
v 2970.000 200.000 3297.055
v 2960.000 200.000 3297.055
v 2960.000 -0.000 3303.000
v 2970.000 400.000 3361.500
v 2970.000 200.000 3361.500
v 2960.000 200.000 3357.864
v 2960.000 200.000 3361.500
v 2960.000 -0.000 3361.500
v 2900.000 2676.996 2805.207
v 2900.000 2116.667 2988.417
v 2900.000 1693.333 3101.667
v 2935.000 2742.937 3250.000
v 2935.000 2675.817 3301.903
v 2935.000 2666.250 3300.000
v 2935.000 2656.683 3301.903
v 2935.000 2683.928 3307.322
v 2935.000 2689.347 3315.433
v 2935.000 2691.250 3325.000
v 2935.000 2648.572 3307.322
v 2935.000 2643.153 3315.433
v 2935.000 2641.250 3325.000
v 2935.000 2515.000 3250.000
v 2935.000 2759.635 3362.629
v 2935.000 2689.347 3334.567
v 2935.000 2683.928 3342.678
v 2935.000 2643.153 3334.567
v 2935.000 2648.572 3342.678
v 2935.000 2675.817 3348.097
v 2935.000 2666.250 3350.000
v 2935.000 2656.683 3348.097
v 2935.000 2675.817 3401.903
v 2935.000 2666.250 3400.000
v 2935.000 2656.683 3401.903
v 2935.000 2683.928 3407.322
v 2935.000 2648.572 3407.322
v 2935.000 2689.347 3415.433
v 2935.000 2691.250 3425.000
v 2935.000 2689.347 3434.567
v 2935.000 2643.153 3415.433
v 2935.000 2641.250 3425.000
v 2935.000 2643.153 3434.567
v 2935.000 2683.928 3442.678
v 2935.000 2675.817 3448.097
v 2935.000 2666.250 3450.000
v 2935.000 2656.683 3448.097
v 2935.000 2648.572 3442.678
v 2935.000 2780.000 3500.000
v 2935.000 2515.000 3500.000
v 2900.000 2675.817 3301.903
v 2900.000 2666.250 3300.000
v 2900.000 2656.683 3301.903
v 2900.000 2683.928 3307.322
v 2900.000 2689.347 3315.433
v 2900.000 2691.250 3325.000
v 2900.000 2648.572 3307.322
v 2900.000 2643.153 3315.433
v 2900.000 2641.250 3325.000
v 2900.000 2689.347 3334.567
v 2900.000 2683.928 3342.678
v 2900.000 2643.153 3334.567
v 2900.000 2648.572 3342.678
v 2900.000 2675.817 3348.097
v 2900.000 2666.250 3350.000
v 2900.000 2656.683 3348.097
v 2900.000 2675.817 3401.903
v 2900.000 2666.250 3400.000
v 2900.000 2656.683 3401.903
v 2900.000 2683.928 3407.322
v 2900.000 2648.572 3407.322
v 2900.000 2689.347 3415.433
v 2900.000 2691.250 3425.000
v 2900.000 2689.347 3434.567
v 2900.000 2643.153 3415.433
v 2900.000 2641.250 3425.000
v 2900.000 2643.153 3434.567
v 2900.000 2683.928 3442.678
v 2900.000 2675.817 3448.097
v 2900.000 2666.250 3450.000
v 2900.000 2656.683 3448.097
v 2900.000 2648.572 3442.678
v 2900.000 2780.000 3500.000
v 2940.000 200.000 3297.055
v 2940.000 -0.000 3303.000
v 2930.000 400.000 3291.110
v 2930.000 200.000 3297.055
v 2940.000 200.000 3348.167
v 2940.000 200.000 3361.500
v 2940.000 -0.000 3361.500
v 2930.000 400.000 3361.500
v 2930.000 200.000 3361.500
v 2900.000 1270.000 3189.750
v 2900.000 846.667 3252.667
v 2900.000 423.333 3290.417
v 2900.000 -0.000 3303.000
v 2900.000 -0.000 3500.000
f 2422 2426 2423
f 2422 2425 2426
f 2422 2428 2425
f 2422 2429 2428
f 2422 2430 2429
f 2422 2457 2430
f 2423 2426 2427
f 2423 2427 2431
f 2423 2431 2432
f 2423 2432 2433
f 2423 2433 2436
f 2423 2436 2437
f 2423 2437 2440
f 2423 2440 2443
f 2423 2443 2445
f 2423 2445 2449
f 2423 2449 2450
f 2423 2450 2424
f 2424 2450 2451
f 2430 2446 2434
f 2434 2444 2435
f 2435 2441 2438
f 2438 2442 2439
f 2439 2443 2440
f 2434 2446 2444
f 2435 2444 2441
f 2438 2441 2442
f 2430 2447 2446
f 2439 2442 2443
f 2457 2447 2430
f 2457 2448 2447
f 2457 2452 2448
f 2457 2453 2452
f 2457 2454 2453
f 2457 2455 2454
f 2424 2455 2457
f 2424 2451 2456
f 2424 2456 2455
f 2424 2457 2494
f 2457 2495 2494
f 2457 2496 2495
f 2457 2497 2496
f 2457 2498 2497
f 2422 2423 2509 2508
f 2522 2511 2458 2492 2457 2422 2508 2580 2546
f 2424 2510 2509 2423
f 2492 2493 2547 2546 2580 2594 2498 2457
f 2590 2510 2424 2494
f 2582 2593 2592 2496 2497 2502 2501 2500 2499 2583 2584 2581
f 2494 2495 2591 2590
f 2495 2496 2592 2591
f 2582 2587 2507 2502 2497 2498 2594 2593
f 2508 2509 2554
f 2508 2549 2548
f 2508 2548 2551
f 2508 2550 2549
f 2508 2554 2550
f 2508 2551 2552
f 2508 2552 2553
f 2508 2553 2580
f 2509 2555 2554
f 2509 2556 2555
f 2509 2559 2556
f 2509 2565 2559
f 2509 2566 2565
f 2509 2568 2566
f 2509 2572 2568
f 2509 2573 2572
f 2509 2510 2573
f 2510 2574 2573
f 2558 2569 2557
f 2561 2567 2558
f 2562 2564 2561
f 2559 2565 2560
f 2560 2565 2563
f 2563 2565 2562
f 2580 2553 2557
f 2561 2564 2567
f 2558 2567 2569
f 2562 2565 2564
f 2580 2557 2569
f 2580 2569 2570
f 2580 2570 2571
f 2580 2571 2575
f 2580 2575 2576
f 2580 2576 2577
f 2580 2577 2578
f 2510 2580 2578
f 2510 2579 2574
f 2510 2578 2579
f 2510 2594 2580
f 2510 2590 2594
f 2590 2591 2594
f 2591 2592 2594
f 2592 2593 2594
f 2426 2425 2459 2460
f 2460 2461 2427 2426
f 2427 2461 2465 2431
f 2428 2462 2459 2425
f 2463 2462 2428 2429
f 2463 2429 2430 2464
f 2466 2432 2431 2465
f 2433 2432 2466 2467
f 2469 2464 2430 2434
f 2434 2435 2470 2469
f 2435 2438 2473 2470
f 2437 2472 2475 2440
f 2467 2471 2436 2433
f 2436 2471 2472 2437
f 2439 2474 2473 2438
f 2474 2439 2440 2475
f 2476 2477 2442 2441
f 2443 2442 2477 2478
f 2476 2441 2444 2479
f 2446 2481 2479 2444
f 2478 2480 2445 2443
f 2484 2449 2445 2480
f 2482 2481 2446 2447
f 2448 2483 2482 2447
f 2485 2450 2449 2484
f 2485 2486 2451 2450
f 2448 2452 2487 2483
f 2490 2455 2456 2491
f 2488 2487 2452 2453
f 2453 2454 2489 2488
f 2455 2490 2489 2454
f 2486 2491 2456 2451
f 2459 2458 2468
f 2459 2462 2458
f 2462 2463 2458
f 2463 2464 2458
f 2460 2459 2468
f 2460 2468 2461
f 2461 2468 2465
f 2465 2468 2466
f 2466 2468 2467
f 2464 2492 2458
f 2473 2474 2476
f 2472 2478 2475
f 2475 2477 2474
f 2467 2484 2471
f 2471 2480 2472
f 2464 2469 2492
f 2469 2470 2492
f 2470 2473 2492
f 2473 2476 2479
f 2473 2479 2481
f 2474 2477 2476
f 2475 2478 2477
f 2472 2480 2478
f 2471 2484 2480
f 2467 2485 2484
f 2468 2485 2467
f 2468 2493 2485
f 2473 2481 2492
f 2481 2482 2492
f 2482 2483 2492
f 2483 2487 2492
f 2487 2488 2492
f 2488 2489 2493
f 2491 2493 2490
f 2490 2493 2489
f 2488 2493 2492
f 2485 2493 2486
f 2486 2493 2491
f 2468 2458 2511 2521
f 2493 2468 2521 2547
f 2504 2503 2499 2500
f 2505 2506 2504 2500 2501
f 2503 2588 2583 2499
f 2502 2507 2506 2505 2501
f 2504 2506 2507 2587 2586 2589 2588 2503
f 2512 2521 2511
f 2512 2511 2515
f 2515 2511 2516
f 2516 2511 2522
f 2513 2521 2512
f 2513 2514 2521
f 2514 2518 2521
f 2518 2519 2521
f 2519 2520 2521
f 2516 2522 2517
f 2517 2522 2523
f 2523 2522 2524
f 2524 2522 2527
f 2527 2531 2528
f 2529 2528 2532
f 2526 2529 2534
f 2520 2525 2539
f 2525 2526 2538
f 2527 2522 2530
f 2530 2522 2533
f 2533 2522 2535
f 2535 2522 2536
f 2536 2522 2537
f 2527 2530 2531
f 2528 2531 2532
f 2529 2532 2534
f 2526 2534 2538
f 2525 2538 2539
f 2521 2520 2539
f 2521 2539 2547
f 2537 2522 2541
f 2541 2522 2546
f 2541 2546 2542
f 2542 2546 2543
f 2544 2543 2546
f 2545 2544 2547
f 2544 2546 2547
f 2539 2540 2547
f 2540 2545 2547
f 2548 2549 2513 2512
f 2513 2549 2550 2514
f 2550 2554 2518 2514
f 2551 2548 2512 2515
f 2515 2516 2552 2551
f 2553 2552 2516 2517
f 2554 2555 2519 2518
f 2519 2555 2556 2520
f 2523 2557 2553 2517
f 2557 2523 2524 2558
f 2561 2558 2524 2527
f 2529 2526 2560 2563
f 2525 2520 2556 2559
f 2525 2559 2560 2526
f 2562 2561 2527 2528
f 2528 2529 2563 2562
f 2531 2530 2564 2565
f 2566 2532 2531 2565
f 2567 2564 2530 2533
f 2533 2535 2569 2567
f 2534 2532 2566 2568
f 2534 2568 2572 2538
f 2569 2535 2536 2570
f 2570 2536 2537 2571
f 2573 2539 2538 2572
f 2540 2539 2573 2574
f 2537 2541 2575 2571
f 2579 2578 2544 2545
f 2575 2541 2542 2576
f 2543 2577 2576 2542
f 2578 2577 2543 2544
f 2540 2574 2579 2545
f 2585 2586 2587 2582 2581
f 2586 2585 2581 2584 2589
f 2589 2584 2583 2588
o inner_ribs_0_2
v 103.178 981.675 3500.000
v 2823.178 2836.822 3500.000
v 2720.174 2766.570 2805.207
v 2159.844 2384.403 2988.417
v 1736.511 2095.673 3101.667
v 1313.178 1806.943 3189.750
v 889.844 1518.213 3252.667
v 466.511 1229.483 3290.417
v 103.178 981.675 3301.217
v 60.000 1024.853 3500.000
v 2780.000 2880.000 3500.000
v 2676.996 2809.747 2805.207
v 2116.667 2427.581 2988.417
v 1693.333 2138.851 3101.667
v 1270.000 1850.120 3189.750
v 846.667 1561.390 3252.667
v 423.333 1272.660 3290.417
v 60.000 1024.853 3301.217
f 2595 2596 2605 2604
f 2596 2597 2606 2605
f 2597 2598 2607 2606
f 2598 2599 2608 2607
f 2599 2600 2609 2608
f 2600 2601 2610 2609
f 2601 2602 2611 2610
f 2602 2603 2612 2611
f 2603 2595 2604 2612
f 2595 2603 2602
f 2598 2597 2596
f 2596 2595 2602
f 2599 2598 2596
f 2596 2602 2601
f 2600 2599 2596
f 2596 2601 2600
f 2612 2604 2605
f 2605 2606 2607
f 2611 2612 2605
f 2605 2607 2608
f 2610 2611 2605
f 2605 2608 2609
f 2609 2610 2605
o inner_ribs_1_2
v 981.675 103.178 3500.000
v 981.675 103.178 3301.217
v 1229.483 466.511 3290.417
v 1518.213 889.844 3252.667
v 1806.943 1313.178 3189.750
v 2095.673 1736.511 3101.667
v 2384.403 2159.844 2988.417
v 2766.570 2720.174 2805.207
v 2836.822 2823.178 3500.000
v 1024.853 60.000 3500.000
v 1024.853 60.000 3301.217
v 1272.660 423.333 3290.417
v 1561.390 846.667 3252.667
v 1850.120 1270.000 3189.750
v 2138.851 1693.333 3101.667
v 2427.581 2116.667 2988.417
v 2809.747 2676.996 2805.207
v 2880.000 2780.000 3500.000
f 2613 2614 2623 2622
f 2614 2615 2624 2623
f 2615 2616 2625 2624
f 2616 2617 2626 2625
f 2617 2618 2627 2626
f 2618 2619 2628 2627
f 2619 2620 2629 2628
f 2620 2621 2630 2629
f 2621 2613 2622 2630
f 2621 2620 2619
f 2615 2614 2613
f 2621 2619 2618
f 2616 2615 2613
f 2613 2621 2618
f 2617 2616 2613
f 2613 2618 2617
f 2630 2622 2623
f 2628 2629 2630
f 2630 2623 2624
f 2627 2628 2630
f 2630 2624 2625
f 2626 2627 2630
f 2630 2625 2626
o wedges_inner_beams_0_2
v 2685.029 2900.000 2859.393
v 2685.029 2815.226 2859.393
v 2780.000 2880.000 3500.000
v 2780.000 2900.000 3500.000
v 2453.623 2900.000 2935.056
v 2453.623 2657.398 2935.056
v 2537.377 2714.522 3500.000
v 2537.377 2900.000 3500.000
f 2631 2632 2636 2635
f 2632 2633 2637 2636
f 2633 2634 2638 2637
f 2634 2631 2635 2638
f 2631 2634 2633
f 2633 2632 2631
f 2638 2635 2636
f 2636 2637 2638
o wedges_inner_beams_1_2
v 2728.207 2772.049 2859.393
v 2772.049 2728.207 2859.393
v 2836.822 2823.178 3500.000
v 2823.178 2836.822 3500.000
v 2483.925 2605.439 2939.266
v 2605.439 2483.925 2939.266
v 2662.136 2567.055 3500.000
v 2567.055 2662.136 3500.000
f 2639 2640 2644 2643
f 2640 2641 2645 2644
f 2641 2642 2646 2645
f 2642 2639 2643 2646
f 2639 2642 2641
f 2641 2640 2639
f 2646 2643 2644
f 2644 2645 2646
o wedges_inner_beams_2_2
v 2815.226 2685.029 2859.393
v 2900.000 2685.029 2859.393
v 2900.000 2780.000 3500.000
v 2880.000 2780.000 3500.000
v 2657.398 2453.623 2935.056
v 2900.000 2453.623 2935.056
v 2900.000 2537.377 3500.000
v 2714.522 2537.377 3500.000
f 2647 2648 2652 2651
f 2648 2649 2653 2652
f 2649 2650 2654 2653
f 2650 2647 2651 2654
f 2647 2650 2649
f 2649 2648 2647
f 2654 2651 2652
f 2652 2653 2654
o inner_beams_0_2
v 60.000 2900.000 3303.000
v 60.000 2629.502 3390.000
v 60.000 2636.573 3392.929
v 60.000 2622.431 3392.929
v 60.000 2639.502 3400.000
v 60.000 2619.502 3400.000
v 60.000 2289.751 3390.000
v 60.000 2296.822 3392.929
v 60.000 2282.680 3392.929
v 60.000 2299.751 3400.000
v 60.000 2279.751 3400.000
v 60.000 1950.000 3390.000
v 60.000 1957.071 3392.929
v 60.000 1942.929 3392.929
v 60.000 1960.000 3400.000
v 60.000 1940.000 3400.000
v 60.000 2636.573 3407.071
v 60.000 2622.431 3407.071
v 60.000 2629.502 3410.000
v 60.000 2900.000 3500.000
v 60.000 2296.822 3407.071
v 60.000 2282.680 3407.071
v 60.000 2289.751 3410.000
v 60.000 1957.071 3407.071
v 60.000 1942.929 3407.071
v 60.000 1950.000 3410.000
v 30.000 2799.377 3500.000
v 60.000 1610.249 3390.000
v 60.000 1617.320 3392.929
v 60.000 1603.178 3392.929
v 60.000 1620.249 3400.000
v 60.000 1600.249 3400.000
v 60.000 915.626 3303.000
v 60.000 1270.498 3390.000
v 60.000 1277.569 3392.929
v 60.000 1263.427 3392.929
v 60.000 1280.498 3400.000
v 60.000 1260.498 3400.000
v 60.000 1617.320 3407.071
v 60.000 1603.178 3407.071
v 60.000 1610.249 3410.000
v 60.000 1277.569 3407.071
v 60.000 1263.427 3407.071
v 60.000 1270.498 3410.000
v 60.000 940.000 3500.000
v 30.000 1100.623 3500.000
v 0.000 2900.000 3303.000
v 0.000 2799.377 3303.000
v 13.249 2629.502 3390.000
v 13.695 2636.573 3392.929
v 13.695 2622.431 3392.929
v 14.772 2639.502 3400.000
v 14.772 2619.502 3400.000
v 13.249 2289.751 3390.000
v 13.695 2296.822 3392.929
v 13.695 2282.680 3392.929
v 14.772 2299.751 3400.000
v 14.772 2279.751 3400.000
v 13.249 1950.000 3390.000
v 13.695 1957.071 3392.929
v 13.695 1942.929 3392.929
v 14.772 1960.000 3400.000
v 14.772 1940.000 3400.000
v 15.848 2636.573 3407.071
v 15.848 2622.431 3407.071
v 16.294 2629.502 3410.000
v 15.848 2296.822 3407.071
v 15.848 2282.680 3407.071
v 16.294 2289.751 3410.000
v 15.848 1957.071 3407.071
v 15.848 1942.929 3407.071
v 16.294 1950.000 3410.000
v 0.000 2900.000 3500.000
v 0.000 2799.377 3500.000
v 13.249 1610.249 3390.000
v 13.695 1617.320 3392.929
v 13.695 1603.178 3392.929
v 14.772 1620.249 3400.000
v 14.772 1600.249 3400.000
v 0.000 1100.623 3303.000
v 0.000 975.626 3303.000
v 13.249 1270.498 3390.000
v 13.695 1277.569 3392.929
v 13.695 1263.427 3392.929
v 14.772 1280.498 3400.000
v 14.772 1260.498 3400.000
v 15.848 1617.320 3407.071
v 15.848 1603.178 3407.071
v 16.294 1610.249 3410.000
v 15.848 1277.569 3407.071
v 15.848 1263.427 3407.071
v 16.294 1270.498 3410.000
v 0.000 1100.623 3500.000
v 0.000 1000.000 3500.000
f 2655 2657 2656
f 2655 2659 2657
f 2655 2674 2659
f 2655 2656 2661
f 2661 2656 2658
f 2658 2660 2662
f 2662 2660 2664
f 2655 2666 2687
f 2655 2661 2678
f 2655 2667 2666
f 2655 2669 2667
f 2655 2678 2669
f 2661 2658 2662
f 2661 2663 2678
f 2663 2665 2678
f 2674 2671 2659
f 2674 2673 2671
f 2660 2672 2664
f 2672 2673 2675
f 2664 2672 2675
f 2675 2673 2677
f 2674 2677 2673
f 2665 2676 2678
f 2676 2677 2678
f 2674 2678 2677
f 2674 2680 2678
f 2674 2699 2680
f 2668 2670 2683
f 2668 2683 2682
f 2670 2685 2683
f 2687 2666 2668
f 2687 2668 2682
f 2688 2682 2684
f 2684 2686 2689
f 2687 2682 2688
f 2688 2684 2689
f 2686 2691 2689
f 2687 2688 2690
f 2687 2690 2692
f 2687 2692 2699
f 2670 2693 2685
f 2670 2695 2693
f 2686 2694 2691
f 2694 2695 2696
f 2699 2670 2679
f 2699 2679 2680
f 2699 2695 2670
f 2691 2694 2696
f 2696 2695 2698
f 2699 2698 2695
f 2699 2692 2697
f 2699 2697 2698
f 2655 2701 2727 2674
f 2727 2728 2681 2700 2747 2748 2699 2674
f 2702 2701 2655 2687 2735 2734
f 2699 2748 2735 2687
f 2727 2701 2702 2728
f 2748 2747 2734 2735
f 2657 2704 2703 2656
f 2703 2705 2658 2656
f 2657 2659 2706 2704
f 2705 2707 2660 2658
f 2662 2709 2708 2661
f 2710 2663 2661 2708
f 2709 2662 2664 2711
f 2710 2712 2665 2663
f 2713 2666 2667 2714
f 2666 2713 2715 2668
f 2716 2714 2667 2669
f 2668 2715 2717 2670
f 2659 2671 2718 2706
f 2719 2672 2660 2707
f 2718 2671 2673 2720
f 2673 2672 2719 2720
f 2711 2664 2675 2721
f 2676 2665 2712 2722
f 2721 2675 2677 2723
f 2677 2676 2722 2723
f 2669 2678 2724 2716
f 2670 2717 2725 2679
f 2724 2678 2680 2726
f 2725 2726 2680 2679
f 2730 2729 2682 2683
f 2684 2682 2729 2731
f 2732 2730 2683 2685
f 2731 2733 2686 2684
f 2737 2736 2688 2689
f 2688 2736 2738 2690
f 2689 2691 2739 2737
f 2692 2690 2738 2740
f 2732 2685 2693 2741
f 2694 2686 2733 2742
f 2695 2694 2742 2743
f 2695 2743 2741 2693
f 2744 2739 2691 2696
f 2745 2697 2692 2740
f 2696 2698 2746 2744
f 2745 2746 2698 2697
f 2703 2704 2702
f 2704 2706 2702
f 2706 2681 2702
f 2703 2702 2708
f 2703 2709 2705
f 2705 2711 2707
f 2703 2708 2709
f 2705 2709 2711
f 2708 2702 2724
f 2714 2702 2713
f 2714 2716 2702
f 2724 2702 2716
f 2708 2724 2710
f 2710 2724 2712
f 2713 2702 2729
f 2718 2681 2706
f 2718 2720 2681
f 2719 2707 2721
f 2719 2723 2720
f 2707 2711 2721
f 2719 2721 2723
f 2722 2712 2724
f 2722 2726 2723
f 2722 2724 2726
f 2720 2723 2700
f 2720 2700 2681
f 2729 2702 2734
f 2713 2730 2715
f 2715 2732 2717
f 2713 2729 2730
f 2715 2730 2732
f 2729 2737 2731
f 2731 2739 2733
f 2729 2734 2736
f 2736 2734 2738
f 2738 2734 2740
f 2745 2740 2734
f 2729 2736 2737
f 2731 2737 2739
f 2725 2717 2741
f 2717 2732 2741
f 2725 2741 2743
f 2723 2726 2700
f 2725 2700 2726
f 2742 2733 2744
f 2743 2742 2746
f 2725 2743 2700
f 2733 2739 2744
f 2742 2744 2746
f 2743 2746 2700
f 2745 2700 2746
f 2745 2734 2700
f 2681 2728 2702
f 2747 2700 2734
o inner_beams_1_2
v 1024.853 60.000 3303.000
v 915.626 60.000 3303.000
v 855.120 120.598 3303.750
v 787.267 297.586 3390.381
v 792.267 292.586 3393.309
v 794.338 290.515 3400.381
v 782.267 302.586 3393.309
v 780.196 304.657 3400.381
v 547.426 537.426 3393.309
v 549.497 535.355 3400.381
v 756.376 252.552 3400.381
v 747.586 257.905 3390.381
v 743.089 263.408 3393.309
v 753.089 253.408 3393.309
v 742.233 266.694 3400.381
v 792.267 292.586 3407.452
v 787.267 297.586 3410.381
v 1024.853 60.000 3500.000
v 940.000 60.000 3500.000
v 888.843 154.321 3500.000
v 867.261 132.739 3500.000
v 782.267 302.586 3407.452
v 547.426 537.426 3407.452
v 755.520 255.838 3407.452
v 745.520 265.838 3407.452
v 751.023 261.341 3410.381
v 542.426 542.426 3390.381
v 537.426 547.426 3393.309
v 535.355 549.497 3400.381
v 302.586 782.267 3393.309
v 304.657 780.196 3400.381
v 60.000 1024.853 3303.000
v 60.000 915.626 3303.000
v 120.598 855.120 3303.750
v 297.586 787.267 3390.381
v 292.586 792.267 3393.309
v 290.515 794.338 3400.381
v 252.552 756.376 3400.381
v 257.905 747.586 3390.381
v 263.408 743.089 3393.309
v 253.408 753.089 3393.309
v 266.694 742.233 3400.381
v 537.426 547.426 3407.452
v 542.426 542.426 3410.381
v 302.586 782.267 3407.452
v 292.586 792.267 3407.452
v 297.586 787.267 3410.381
v 60.000 1024.853 3500.000
v 60.000 940.000 3500.000
v 154.321 888.843 3500.000
v 132.739 867.261 3500.000
v 255.838 755.520 3407.452
v 265.838 745.520 3407.452
v 261.341 751.023 3410.381
v 502.745 502.745 3390.381
v 508.249 498.249 3393.309
v 498.249 508.249 3393.309
v 511.535 497.393 3400.381
v 497.393 511.535 3400.381
v 510.679 500.679 3407.452
v 500.679 510.679 3407.452
v 506.182 506.182 3410.381
f 2767 2750 2749 2766
f 2749 2753 2766
f 2749 2752 2753
f 2749 2780 2752
f 2757 2755 2752
f 2758 2756 2755
f 2757 2752 2775
f 2758 2755 2757
f 2766 2753 2754
f 2766 2754 2764
f 2766 2764 2765
f 2766 2765 2771
f 2771 2770 2756
f 2771 2765 2770
f 2766 2771 2792
f 2758 2771 2756
f 2766 2792 2795
f 2780 2775 2752
f 2776 2779 2777
f 2780 2776 2775
f 2776 2783 2778
f 2776 2778 2779
f 2780 2783 2776
f 2780 2784 2783
f 2780 2796 2784
f 2791 2777 2793
f 2792 2791 2795
f 2777 2779 2793
f 2791 2793 2795
f 2766 2795 2796
f 2796 2785 2784
f 2796 2794 2785
f 2796 2795 2794
f 2750 2767 2769 2751 2782 2799 2797 2781
f 2749 2750 2781 2780
f 2799 2798 2768 2769 2767 2766 2796 2797
f 2780 2781 2797 2796
f 2760 2751 2762
f 2762 2751 2759
f 2759 2751 2772
f 2803 2760 2761
f 2804 2761 2763
f 2803 2761 2804
f 2804 2763 2806
f 2803 2751 2760
f 2773 2774 2768
f 2772 2768 2774
f 2772 2751 2768
f 2806 2763 2773
f 2808 2773 2768
f 2810 2768 2802
f 2806 2773 2808
f 2810 2808 2768
f 2809 2788 2787
f 2809 2790 2788
f 2803 2805 2782
f 2805 2807 2782
f 2807 2809 2782
f 2787 2789 2782
f 2789 2786 2782
f 2786 2798 2782
f 2809 2787 2782
f 2810 2801 2809
f 2809 2801 2790
f 2810 2802 2801
f 2802 2768 2798
f 2786 2800 2798
f 2800 2802 2798
f 2803 2782 2751
f 2755 2761 2760 2752
f 2762 2753 2752 2760
f 2759 2754 2753 2762
f 2755 2756 2763 2761
f 2769 2768 2751
f 2773 2763 2756 2770
f 2764 2754 2759 2772
f 2770 2765 2774 2773
f 2774 2765 2764 2772
f 2787 2788 2778 2783
f 2783 2784 2789 2787
f 2790 2779 2778 2788
f 2784 2785 2786 2789
f 2799 2782 2798
f 2790 2801 2793 2779
f 2800 2786 2785 2794
f 2801 2802 2795 2793
f 2795 2802 2800 2794
f 2804 2757 2775 2803
f 2803 2775 2776 2805
f 2804 2806 2758 2757
f 2805 2776 2777 2807
f 2806 2808 2771 2758
f 2777 2791 2809 2807
f 2808 2810 2792 2771
f 2809 2791 2792 2810
o inner_beams_2_2
v 2900.000 60.000 3303.000
v 2629.502 60.000 3390.000
v 2636.573 60.000 3392.929
v 2622.431 60.000 3392.929
v 2639.502 60.000 3400.000
v 2619.502 60.000 3400.000
v 2289.751 60.000 3390.000
v 2296.822 60.000 3392.929
v 2282.680 60.000 3392.929
v 2299.751 60.000 3400.000
v 2279.751 60.000 3400.000
v 1950.000 60.000 3390.000
v 1957.071 60.000 3392.929
v 1942.929 60.000 3392.929
v 1960.000 60.000 3400.000
v 1940.000 60.000 3400.000
v 2636.573 60.000 3407.071
v 2622.431 60.000 3407.071
v 2629.502 60.000 3410.000
v 2900.000 60.000 3500.000
v 2799.377 30.000 3500.000
v 2296.822 60.000 3407.071
v 2282.680 60.000 3407.071
v 2289.751 60.000 3410.000
v 1957.071 60.000 3407.071
v 1942.929 60.000 3407.071
v 1950.000 60.000 3410.000
v 2900.000 -0.000 3303.000
v 2799.377 -0.000 3303.000
v 2629.502 13.249 3390.000
v 2636.573 13.695 3392.929
v 2622.431 13.695 3392.929
v 2639.502 14.772 3400.000
v 2619.502 14.772 3400.000
v 2289.751 13.249 3390.000
v 2296.822 13.695 3392.929
v 2282.680 13.695 3392.929
v 2299.751 14.772 3400.000
v 2279.751 14.772 3400.000
v 1950.000 13.249 3390.000
v 1957.071 13.695 3392.929
v 1942.929 13.695 3392.929
v 1960.000 14.772 3400.000
v 1940.000 14.772 3400.000
v 2636.573 15.848 3407.071
v 2622.431 15.848 3407.071
v 2629.502 16.294 3410.000
v 2900.000 -0.000 3500.000
v 2799.377 -0.000 3500.000
v 2296.822 15.848 3407.071
v 2282.680 15.848 3407.071
v 2289.751 16.294 3410.000
v 1957.071 15.848 3407.071
v 1942.929 15.848 3407.071
v 1950.000 16.294 3410.000
v 1610.249 60.000 3390.000
v 1617.320 60.000 3392.929
v 1603.178 60.000 3392.929
v 1620.249 60.000 3400.000
v 1600.249 60.000 3400.000
v 915.626 60.000 3303.000
v 1270.498 60.000 3390.000
v 1277.569 60.000 3392.929
v 1263.427 60.000 3392.929
v 1280.498 60.000 3400.000
v 1260.498 60.000 3400.000
v 1617.320 60.000 3407.071
v 1603.178 60.000 3407.071
v 1610.249 60.000 3410.000
v 1277.569 60.000 3407.071
v 1263.427 60.000 3407.071
v 1270.498 60.000 3410.000
v 940.000 60.000 3500.000
v 1100.623 30.000 3500.000
v 1610.249 13.249 3390.000
v 1617.320 13.695 3392.929
v 1603.178 13.695 3392.929
v 1620.249 14.772 3400.000
v 1600.249 14.772 3400.000
v 1100.623 -0.000 3303.000
v 975.626 -0.000 3303.000
v 1270.498 13.249 3390.000
v 1277.569 13.695 3392.929
v 1263.427 13.695 3392.929
v 1280.498 14.772 3400.000
v 1260.498 14.772 3400.000
v 1617.320 15.848 3407.071
v 1603.178 15.848 3407.071
v 1610.249 16.294 3410.000
v 1277.569 15.848 3407.071
v 1263.427 15.848 3407.071
v 1270.498 16.294 3410.000
v 1100.623 -0.000 3500.000
v 1000.000 -0.000 3500.000
f 2811 2812 2813
f 2811 2813 2815
f 2811 2815 2830
f 2811 2817 2812
f 2812 2818 2814
f 2814 2820 2816
f 2812 2817 2818
f 2814 2818 2820
f 2811 2825 2817
f 2811 2822 2823
f 2811 2823 2825
f 2825 2819 2817
f 2825 2821 2819
f 2811 2866 2867
f 2811 2877 2822
f 2811 2867 2869
f 2811 2869 2877
f 2830 2815 2827
f 2830 2827 2829
f 2816 2832 2828
f 2829 2828 2834
f 2816 2820 2832
f 2830 2829 2834
f 2828 2832 2834
f 2821 2835 2833
f 2834 2833 2835
f 2830 2834 2835
f 2830 2835 2837
f 2825 2835 2821
f 2830 2837 2883
f 2811 2871 2866
f 2822 2877 2824
f 2866 2873 2868
f 2868 2875 2870
f 2871 2872 2866
f 2866 2872 2873
f 2868 2873 2875
f 2871 2874 2872
f 2871 2876 2874
f 2871 2883 2876
f 2824 2877 2879
f 2870 2880 2878
f 2879 2878 2882
f 2883 2826 2824
f 2883 2836 2826
f 2883 2837 2836
f 2883 2824 2879
f 2870 2875 2880
f 2878 2880 2882
f 2883 2879 2882
f 2883 2881 2876
f 2883 2882 2881
f 2891 2871 2811 2838 2839 2890
f 2811 2830 2858 2838
f 2884 2831 2859 2858 2830 2883 2904 2903
f 2838 2858 2859 2839
f 2904 2883 2871 2891
f 2903 2904 2891 2890
f 2840 2812 2814 2842
f 2813 2812 2840 2841
f 2813 2841 2843 2815
f 2816 2844 2842 2814
f 2847 2845 2817 2819
f 2846 2818 2817 2845
f 2848 2820 2818 2846
f 2849 2847 2819 2821
f 2852 2850 2822 2824
f 2822 2850 2851 2823
f 2851 2853 2825 2823
f 2826 2854 2852 2824
f 2855 2827 2815 2843
f 2856 2844 2816 2828
f 2855 2857 2829 2827
f 2856 2828 2829 2857
f 2832 2820 2848 2860
f 2833 2861 2849 2821
f 2860 2862 2834 2832
f 2862 2861 2833 2834
f 2863 2835 2825 2853
f 2854 2826 2836 2864
f 2865 2837 2835 2863
f 2864 2836 2837 2865
f 2840 2839 2841
f 2841 2839 2831
f 2840 2845 2839
f 2840 2842 2845
f 2842 2844 2846
f 2844 2848 2846
f 2845 2890 2839
f 2842 2846 2845
f 2861 2851 2850
f 2861 2853 2851
f 2841 2831 2843
f 2855 2843 2831
f 2855 2831 2857
f 2856 2848 2844
f 2856 2857 2860
f 2856 2860 2848
f 2857 2862 2860
f 2857 2831 2862
f 2861 2862 2863
f 2862 2831 2863
f 2863 2831 2865
f 2861 2863 2853
f 2865 2831 2899
f 2845 2847 2890
f 2847 2849 2890
f 2861 2890 2849
f 2850 2852 2890
f 2861 2850 2890
f 2852 2854 2890
f 2864 2890 2854
f 2864 2886 2885
f 2864 2888 2886
f 2864 2885 2890
f 2885 2887 2892
f 2887 2889 2893
f 2885 2892 2890
f 2892 2894 2890
f 2894 2896 2890
f 2887 2893 2892
f 2889 2895 2893
f 2896 2884 2890
f 2864 2865 2897
f 2864 2897 2888
f 2865 2899 2897
f 2899 2831 2902
f 2898 2895 2889
f 2899 2900 2898
f 2902 2831 2884
f 2898 2900 2895
f 2899 2902 2900
f 2901 2884 2896
f 2901 2902 2884
f 2839 2859 2831
f 2866 2868 2887 2885
f 2885 2886 2867 2866
f 2869 2867 2886 2888
f 2868 2870 2889 2887
f 2893 2873 2872 2892
f 2894 2892 2872 2874
f 2893 2895 2875 2873
f 2876 2896 2894 2874
f 2897 2877 2869 2888
f 2889 2870 2878 2898
f 2899 2879 2877 2897
f 2879 2899 2898 2878
f 2875 2895 2900 2880
f 2901 2896 2876 2881
f 2902 2882 2880 2900
f 2882 2902 2901 2881
f 2903 2890 2884
o beds_0_0_3
v -2812.487 2681.013 2832.300
v -2900.000 2681.013 2832.300
v -2900.000 2124.357 3014.309
v -2432.825 2124.357 3014.309
v -2815.226 2685.029 2859.393
v -2900.000 2685.029 2859.393
v -2900.000 2132.047 3040.201
v -2438.070 2132.047 3040.201
f 2905 2906 2910 2909
f 2906 2907 2911 2910
f 2907 2908 2912 2911
f 2908 2905 2909 2912
f 2905 2908 2907
f 2907 2906 2905
f 2912 2909 2910
f 2910 2911 2912
o beds_0_1_3
v -2432.825 2124.357 3014.309
v -2900.000 2124.357 3014.309
v -2900.000 1699.577 3127.946
v -2143.109 1699.577 3127.946
v -2438.070 2132.047 3040.201
v -2900.000 2132.047 3040.201
v -2900.000 1705.821 3154.225
v -2147.368 1705.821 3154.225
f 2913 2914 2918 2917
f 2914 2915 2919 2918
f 2915 2916 2920 2919
f 2916 2913 2917 2920
f 2913 2916 2915
f 2915 2914 2913
f 2920 2917 2918
f 2918 2919 2920
o beds_0_2_3
v -2143.109 1699.577 3127.946
v -2900.000 1699.577 3127.946
v -2900.000 1274.739 3216.342
v -1853.352 1274.739 3216.342
v -2147.368 1705.821 3154.225
v -2900.000 1705.821 3154.225
v -2900.000 1279.477 3242.935
v -1856.584 1279.477 3242.935
f 2921 2922 2926 2925
f 2922 2923 2927 2926
f 2923 2924 2928 2927
f 2924 2921 2925 2928
f 2921 2924 2923
f 2923 2922 2921
f 2928 2925 2926
f 2926 2927 2928
o beds_0_3_3
v -1853.352 1274.739 3216.342
v -2900.000 1274.739 3216.342
v -2900.000 849.853 3279.490
v -1563.564 849.853 3279.490
v -1856.584 1279.477 3242.935
v -2900.000 1279.477 3242.935
v -2900.000 853.039 3306.313
v -1565.737 853.039 3306.313
f 2929 2930 2934 2933
f 2930 2931 2935 2934
f 2931 2932 2936 2935
f 2932 2929 2933 2936
f 2929 2932 2931
f 2931 2930 2929
f 2936 2933 2934
f 2934 2935 2936
o beds_0_4_3
v -1563.564 849.853 3279.490
v -2900.000 849.853 3279.490
v -2900.000 424.935 3317.381
v -1273.753 424.935 3317.381
v -1565.737 853.039 3306.313
v -2900.000 853.039 3306.313
v -2900.000 426.537 3344.345
v -1274.845 426.537 3344.345
f 2937 2938 2942 2941
f 2938 2939 2943 2942
f 2939 2940 2944 2943
f 2940 2937 2941 2944
f 2937 2940 2939
f 2939 2938 2937
f 2944 2941 2942
f 2942 2943 2944
o beds_0_5_3
v -1273.753 424.935 3317.381
v -2900.000 424.935 3317.381
v -2900.000 60.000 3328.228
v -1024.853 60.000 3328.228
v -1274.845 426.537 3344.345
v -2900.000 426.537 3344.345
v -2900.000 60.000 3355.240
v -1024.853 60.000 3355.240
f 2945 2946 2950 2949
f 2946 2947 2951 2950
f 2947 2948 2952 2951
f 2948 2945 2949 2952
f 2945 2948 2947
f 2947 2946 2945
f 2952 2949 2950
f 2950 2951 2952
o beds_1_0_3
v -2769.309 2724.191 2832.300
v -2389.648 2167.535 3014.309
v -2167.535 2389.648 3014.309
v -2724.191 2769.309 2832.300
v -2772.049 2728.207 2859.393
v -2394.893 2175.225 3040.201
v -2175.225 2394.893 3040.201
v -2728.207 2772.049 2859.393
f 2953 2954 2958 2957
f 2954 2955 2959 2958
f 2955 2956 2960 2959
f 2956 2953 2957 2960
f 2953 2956 2955
f 2955 2954 2953
f 2960 2957 2958
f 2958 2959 2960
o beds_1_1_3
v -2389.648 2167.535 3014.309
v -2099.931 1742.755 3127.946
v -1742.755 2099.931 3127.946
v -2167.535 2389.648 3014.309
v -2394.893 2175.225 3040.201
v -2104.190 1748.999 3154.225
v -1748.999 2104.190 3154.225
v -2175.225 2394.893 3040.201
f 2961 2962 2966 2965
f 2962 2963 2967 2966
f 2963 2964 2968 2967
f 2964 2961 2965 2968
f 2961 2964 2963
f 2963 2962 2961
f 2968 2965 2966
f 2966 2967 2968
o beds_1_2_3
v -2099.931 1742.755 3127.946
v -1810.175 1317.916 3216.342
v -1317.916 1810.175 3216.342
v -1742.755 2099.931 3127.946
v -2104.190 1748.999 3154.225
v -1813.407 1322.655 3242.935
v -1322.655 1813.407 3242.935
v -1748.999 2104.190 3154.225
f 2969 2970 2974 2973
f 2970 2971 2975 2974
f 2971 2972 2976 2975
f 2972 2969 2973 2976
f 2969 2972 2971
f 2971 2970 2969
f 2976 2973 2974
f 2974 2975 2976
o beds_1_3_3
v -1810.175 1317.916 3216.342
v -1520.386 893.031 3279.490
v -893.031 1520.386 3279.490
v -1317.916 1810.175 3216.342
v -1813.407 1322.655 3242.935
v -1522.559 896.217 3306.313
v -896.217 1522.559 3306.313
v -1322.655 1813.407 3242.935
f 2977 2978 2982 2981
f 2978 2979 2983 2982
f 2979 2980 2984 2983
f 2980 2977 2981 2984
f 2977 2980 2979
f 2979 2978 2977
f 2984 2981 2982
f 2982 2983 2984
o beds_1_4_3
v -1520.386 893.031 3279.490
v -1230.575 468.113 3317.381
v -468.113 1230.575 3317.381
v -893.031 1520.386 3279.490
v -1522.559 896.217 3306.313
v -1231.667 469.714 3344.345
v -469.714 1231.667 3344.345
v -896.217 1522.559 3306.313
f 2985 2986 2990 2989
f 2986 2987 2991 2990
f 2987 2988 2992 2991
f 2988 2985 2989 2992
f 2985 2988 2987
f 2987 2986 2985
f 2992 2989 2990
f 2990 2991 2992
o beds_1_5_3
v -1230.575 468.113 3317.381
v -981.675 103.178 3328.228
v -103.178 981.675 3328.228
v -468.113 1230.575 3317.381
v -1231.667 469.714 3344.345
v -981.675 103.178 3355.240
v -103.178 981.675 3355.240
v -469.714 1231.667 3344.345
f 2993 2994 2998 2997
f 2994 2995 2999 2998
f 2995 2996 3000 2999
f 2996 2993 2997 3000
f 2993 2996 2995
f 2995 2994 2993
f 3000 2997 2998
f 2998 2999 3000
o beds_2_0_3
v -2681.013 2812.487 2832.300
v -2124.357 2432.825 3014.309
v -2124.357 2900.000 3014.309
v -2681.013 2900.000 2832.300
v -2685.029 2815.226 2859.393
v -2132.047 2438.070 3040.201
v -2132.047 2900.000 3040.201
v -2685.029 2900.000 2859.393
f 3001 3002 3006 3005
f 3002 3003 3007 3006
f 3003 3004 3008 3007
f 3004 3001 3005 3008
f 3001 3004 3003
f 3003 3002 3001
f 3008 3005 3006
f 3006 3007 3008
o beds_2_1_3
v -2124.357 2432.825 3014.309
v -1699.577 2143.109 3127.946
v -1699.577 2900.000 3127.946
v -2124.357 2900.000 3014.309
v -2132.047 2438.070 3040.201
v -1705.821 2147.368 3154.225
v -1705.821 2900.000 3154.225
v -2132.047 2900.000 3040.201
f 3009 3010 3014 3013
f 3010 3011 3015 3014
f 3011 3012 3016 3015
f 3012 3009 3013 3016
f 3009 3012 3011
f 3011 3010 3009
f 3016 3013 3014
f 3014 3015 3016
o beds_2_2_3
v -1699.577 2143.109 3127.946
v -1274.739 1853.352 3216.342
v -1274.739 2900.000 3216.342
v -1699.577 2900.000 3127.946
v -1705.821 2147.368 3154.225
v -1279.477 1856.584 3242.935
v -1279.477 2900.000 3242.935
v -1705.821 2900.000 3154.225
f 3017 3018 3022 3021
f 3018 3019 3023 3022
f 3019 3020 3024 3023
f 3020 3017 3021 3024
f 3017 3020 3019
f 3019 3018 3017
f 3024 3021 3022
f 3022 3023 3024
o beds_2_3_3
v -1274.739 1853.352 3216.342
v -849.853 1563.564 3279.490
v -849.853 2900.000 3279.490
v -1274.739 2900.000 3216.342
v -1279.477 1856.584 3242.935
v -853.039 1565.737 3306.313
v -853.039 2900.000 3306.313
v -1279.477 2900.000 3242.935
f 3025 3026 3030 3029
f 3026 3027 3031 3030
f 3027 3028 3032 3031
f 3028 3025 3029 3032
f 3025 3028 3027
f 3027 3026 3025
f 3032 3029 3030
f 3030 3031 3032
o beds_2_4_3
v -849.853 1563.564 3279.490
v -424.935 1273.753 3317.381
v -424.935 2900.000 3317.381
v -849.853 2900.000 3279.490
v -853.039 1565.737 3306.313
v -426.537 1274.845 3344.345
v -426.537 2900.000 3344.345
v -853.039 2900.000 3306.313
f 3033 3034 3038 3037
f 3034 3035 3039 3038
f 3035 3036 3040 3039
f 3036 3033 3037 3040
f 3033 3036 3035
f 3035 3034 3033
f 3040 3037 3038
f 3038 3039 3040
o beds_2_5_3
v -424.935 1273.753 3317.381
v -60.000 1024.853 3328.228
v -60.000 2900.000 3328.228
v -424.935 2900.000 3317.381
v -426.537 1274.845 3344.345
v -60.000 1024.853 3355.240
v -60.000 2900.000 3355.240
v -426.537 2900.000 3344.345
f 3041 3042 3046 3045
f 3042 3043 3047 3046
f 3043 3044 3048 3047
f 3044 3041 3045 3048
f 3041 3044 3043
f 3043 3042 3041
f 3048 3045 3046
f 3046 3047 3048
o tsections_0_3
v -2873.000 2676.996 2805.207
v -2873.000 2116.667 2988.417
v -2873.000 1693.333 3101.667
v -2873.000 1270.000 3189.750
v -2873.000 846.667 3252.667
v -2873.000 423.333 3290.417
v -2873.000 60.000 3301.217
v -2873.000 60.000 3328.228
v -2873.000 424.935 3317.381
v -2873.000 849.853 3279.490
v -2873.000 1274.739 3216.342
v -2873.000 1699.577 3127.946
v -2873.000 2124.357 3014.309
v -2873.000 2681.013 2832.300
v -2900.000 2676.996 2805.207
v -2900.000 2116.667 2988.417
v -2900.000 1693.333 3101.667
v -2900.000 1270.000 3189.750
v -2900.000 846.667 3252.667
v -2900.000 423.333 3290.417
v -2900.000 60.000 3301.217
v -2900.000 60.000 3328.228
v -2900.000 424.935 3317.381
v -2900.000 849.853 3279.490
v -2900.000 1274.739 3216.342
v -2900.000 1699.577 3127.946
v -2900.000 2124.357 3014.309
v -2900.000 2681.013 2832.300
f 3049 3050 3064 3063
f 3050 3051 3065 3064
f 3051 3052 3066 3065
f 3052 3053 3067 3066
f 3053 3054 3068 3067
f 3054 3055 3069 3068
f 3055 3056 3070 3069
f 3056 3057 3071 3070
f 3057 3058 3072 3071
f 3058 3059 3073 3072
f 3059 3060 3074 3073
f 3060 3061 3075 3074
f 3061 3062 3076 3075
f 3062 3049 3063 3076
f 3049 3062 3061
f 3061 3060 3059
f 3059 3058 3057
f 3057 3056 3055
f 3050 3049 3061
f 3057 3055 3054
f 3051 3050 3061
f 3059 3057 3054
f 3052 3051 3061
f 3059 3054 3053
f 3052 3061 3059
f 3059 3053 3052
f 3075 3076 3063
f 3073 3074 3075
f 3071 3072 3073
f 3069 3070 3071
f 3075 3063 3064
f 3068 3069 3071
f 3075 3064 3065
f 3068 3071 3073
f 3075 3065 3066
f 3067 3068 3073
f 3073 3075 3066
f 3066 3067 3073
o tsections_1_3
v -2841.817 2676.098 2799.147
v -2845.169 2681.013 2832.300
v -2465.507 2124.357 3014.309
v -2175.791 1699.577 3127.946
v -1886.034 1274.739 3216.342
v -1596.246 849.853 3279.490
v -1306.435 424.935 3317.381
v -1057.535 60.000 3328.228
v -1057.535 60.000 3300.639
v -1292.090 403.903 3290.417
v -1580.820 827.237 3252.667
v -1869.550 1250.570 3189.750
v -2158.281 1673.903 3101.667
v -2447.011 2097.237 2988.417
v -2809.747 2676.996 2805.207
v -2812.487 2681.013 2832.300
v -2432.825 2124.357 3014.309
v -2143.109 1699.577 3127.946
v -1853.352 1274.739 3216.342
v -1563.564 849.853 3279.490
v -1273.753 424.935 3317.381
v -1024.853 60.000 3328.228
v -1024.853 60.000 3301.217
v -1272.660 423.333 3290.417
v -1561.390 846.667 3252.667
v -1850.120 1270.000 3189.750
v -2138.851 1693.333 3101.667
v -2427.581 2116.667 2988.417
f 3077 3078 3092 3091
f 3078 3079 3093 3092
f 3079 3080 3094 3093
f 3080 3081 3095 3094
f 3081 3082 3096 3095
f 3082 3083 3097 3096
f 3083 3084 3098 3097
f 3084 3085 3099 3098
f 3085 3086 3100 3099
f 3086 3087 3101 3100
f 3087 3088 3102 3101
f 3088 3089 3103 3102
f 3089 3090 3104 3103
f 3090 3077 3091 3104
f 3078 3077 3090
f 3080 3079 3078
f 3082 3081 3080
f 3084 3083 3082
f 3086 3085 3084
f 3078 3090 3089
f 3086 3084 3082
f 3080 3078 3089
f 3087 3086 3082
f 3080 3089 3088
f 3087 3082 3080
f 3080 3088 3087
f 3104 3091 3092
f 3092 3093 3094
f 3094 3095 3096
f 3096 3097 3098
f 3098 3099 3100
f 3104 3092 3094
f 3096 3098 3100
f 3103 3104 3094
f 3096 3100 3101
f 3102 3103 3094
f 3094 3096 3101
f 3101 3102 3094
o tsections_2_3
v -2747.140 2739.604 2805.207
v -2364.973 2179.274 2988.417
v -2076.243 1755.941 3101.667
v -1787.513 1332.608 3189.750
v -1498.783 909.274 3252.667
v -1210.053 485.941 3290.417
v -962.245 122.608 3301.217
v -962.245 122.608 3328.228
v -1211.145 487.543 3317.381
v -1500.956 912.461 3279.490
v -1790.745 1337.346 3216.342
v -2080.501 1762.185 3127.946
v -2370.218 2186.965 3014.309
v -2749.879 2743.621 2832.300
v -2766.570 2720.174 2805.207
v -2384.403 2159.844 2988.417
v -2095.673 1736.511 3101.667
v -1806.943 1313.178 3189.750
v -1518.213 889.844 3252.667
v -1229.483 466.511 3290.417
v -981.675 103.178 3301.217
v -981.675 103.178 3328.228
v -1230.575 468.113 3317.381
v -1520.386 893.031 3279.490
v -1810.175 1317.916 3216.342
v -2099.931 1742.755 3127.946
v -2389.648 2167.535 3014.309
v -2769.309 2724.191 2832.300
f 3105 3106 3120 3119
f 3106 3107 3121 3120
f 3107 3108 3122 3121
f 3108 3109 3123 3122
f 3109 3110 3124 3123
f 3110 3111 3125 3124
f 3111 3112 3126 3125
f 3112 3113 3127 3126
f 3113 3114 3128 3127
f 3114 3115 3129 3128
f 3115 3116 3130 3129
f 3116 3117 3131 3130
f 3117 3118 3132 3131
f 3118 3105 3119 3132
f 3105 3118 3117
f 3117 3116 3115
f 3115 3114 3113
f 3113 3112 3111
f 3106 3105 3117
f 3113 3111 3110
f 3107 3106 3117
f 3115 3113 3110
f 3108 3107 3117
f 3115 3110 3109
f 3108 3117 3115
f 3115 3109 3108
f 3131 3132 3119
f 3129 3130 3131
f 3127 3128 3129
f 3125 3126 3127
f 3131 3119 3120
f 3124 3125 3127
f 3131 3120 3121
f 3124 3127 3129
f 3131 3121 3122
f 3123 3124 3129
f 3129 3131 3122
f 3122 3123 3129
o tsections_3_3
v -2739.604 2747.140 2805.207
v -2743.621 2749.879 2832.300
v -2186.965 2370.218 3014.309
v -1762.185 2080.501 3127.946
v -1337.346 1790.745 3216.342
v -912.461 1500.956 3279.490
v -487.543 1211.145 3317.381
v -122.608 962.245 3328.228
v -122.608 962.245 3301.217
v -485.941 1210.053 3290.417
v -909.274 1498.783 3252.667
v -1332.608 1787.513 3189.750
v -1755.941 2076.243 3101.667
v -2179.274 2364.973 2988.417
v -2720.174 2766.570 2805.207
v -2724.191 2769.309 2832.300
v -2167.535 2389.648 3014.309
v -1742.755 2099.931 3127.946
v -1317.916 1810.175 3216.342
v -893.031 1520.386 3279.490
v -468.113 1230.575 3317.381
v -103.178 981.675 3328.228
v -103.178 981.675 3301.217
v -466.511 1229.483 3290.417
v -889.844 1518.213 3252.667
v -1313.178 1806.943 3189.750
v -1736.511 2095.673 3101.667
v -2159.844 2384.403 2988.417
f 3133 3134 3148 3147
f 3134 3135 3149 3148
f 3135 3136 3150 3149
f 3136 3137 3151 3150
f 3137 3138 3152 3151
f 3138 3139 3153 3152
f 3139 3140 3154 3153
f 3140 3141 3155 3154
f 3141 3142 3156 3155
f 3142 3143 3157 3156
f 3143 3144 3158 3157
f 3144 3145 3159 3158
f 3145 3146 3160 3159
f 3146 3133 3147 3160
f 3134 3133 3146
f 3136 3135 3134
f 3138 3137 3136
f 3140 3139 3138
f 3142 3141 3140
f 3136 3134 3146
f 3142 3140 3138
f 3136 3146 3145
f 3143 3142 3138
f 3136 3145 3144
f 3143 3138 3136
f 3136 3144 3143
f 3160 3147 3148
f 3148 3149 3150
f 3150 3151 3152
f 3152 3153 3154
f 3154 3155 3156
f 3160 3148 3150
f 3152 3154 3156
f 3159 3160 3150
f 3152 3156 3157
f 3158 3159 3150
f 3150 3152 3157
f 3157 3158 3150
o tsections_4_3
v -2676.098 2841.817 2799.147
v -2097.237 2447.011 2988.417
v -1673.903 2158.281 3101.667
v -1250.570 1869.550 3189.750
v -827.237 1580.820 3252.667
v -403.903 1292.090 3290.417
v -60.000 1057.535 3300.639
v -60.000 1057.535 3328.228
v -424.935 1306.435 3317.381
v -849.853 1596.246 3279.490
v -1274.739 1886.034 3216.342
v -1699.577 2175.791 3127.946
v -2124.357 2465.507 3014.309
v -2681.013 2845.169 2832.300
v -2676.996 2809.747 2805.207
v -2116.667 2427.581 2988.417
v -1693.333 2138.851 3101.667
v -1270.000 1850.120 3189.750
v -846.667 1561.390 3252.667
v -423.333 1272.660 3290.417
v -60.000 1024.853 3301.217
v -60.000 1024.853 3328.228
v -424.935 1273.753 3317.381
v -849.853 1563.564 3279.490
v -1274.739 1853.352 3216.342
v -1699.577 2143.109 3127.946
v -2124.357 2432.825 3014.309
v -2681.013 2812.487 2832.300
f 3161 3162 3176 3175
f 3162 3163 3177 3176
f 3163 3164 3178 3177
f 3164 3165 3179 3178
f 3165 3166 3180 3179
f 3166 3167 3181 3180
f 3167 3168 3182 3181
f 3168 3169 3183 3182
f 3169 3170 3184 3183
f 3170 3171 3185 3184
f 3171 3172 3186 3185
f 3172 3173 3187 3186
f 3173 3174 3188 3187
f 3174 3161 3175 3188
f 3161 3174 3173
f 3173 3172 3171
f 3171 3170 3169
f 3169 3168 3167
f 3162 3161 3173
f 3169 3167 3166
f 3163 3162 3173
f 3171 3169 3166
f 3164 3163 3173
f 3171 3166 3165
f 3164 3173 3171
f 3171 3165 3164
f 3187 3188 3175
f 3185 3186 3187
f 3183 3184 3185
f 3181 3182 3183
f 3187 3175 3176
f 3180 3181 3183
f 3187 3176 3177
f 3180 3183 3185
f 3187 3177 3178
f 3179 3180 3185
f 3185 3187 3178
f 3178 3179 3185
o tsections_5_3
v -2676.996 2873.000 2805.207
v -2681.013 2873.000 2832.300
v -2124.357 2873.000 3014.309
v -1699.577 2873.000 3127.946
v -1274.739 2873.000 3216.342
v -849.853 2873.000 3279.490
v -424.935 2873.000 3317.381
v -60.000 2873.000 3328.228
v -60.000 2873.000 3301.217
v -423.333 2873.000 3290.417
v -846.667 2873.000 3252.667
v -1270.000 2873.000 3189.750
v -1693.333 2873.000 3101.667
v -2116.667 2873.000 2988.417
v -2676.996 2900.000 2805.207
v -2681.013 2900.000 2832.300
v -2124.357 2900.000 3014.309
v -1699.577 2900.000 3127.946
v -1274.739 2900.000 3216.342
v -849.853 2900.000 3279.490
v -424.935 2900.000 3317.381
v -60.000 2900.000 3328.228
v -60.000 2900.000 3301.217
v -423.333 2900.000 3290.417
v -846.667 2900.000 3252.667
v -1270.000 2900.000 3189.750
v -1693.333 2900.000 3101.667
v -2116.667 2900.000 2988.417
f 3189 3190 3204 3203
f 3190 3191 3205 3204
f 3191 3192 3206 3205
f 3192 3193 3207 3206
f 3193 3194 3208 3207
f 3194 3195 3209 3208
f 3195 3196 3210 3209
f 3196 3197 3211 3210
f 3197 3198 3212 3211
f 3198 3199 3213 3212
f 3199 3200 3214 3213
f 3200 3201 3215 3214
f 3201 3202 3216 3215
f 3202 3189 3203 3216
f 3190 3189 3202
f 3192 3191 3190
f 3194 3193 3192
f 3196 3195 3194
f 3198 3197 3196
f 3192 3190 3202
f 3198 3196 3194
f 3192 3202 3201
f 3199 3198 3194
f 3192 3201 3200
f 3199 3194 3192
f 3192 3200 3199
f 3216 3203 3204
f 3204 3205 3206
f 3206 3207 3208
f 3208 3209 3210
f 3210 3211 3212
f 3216 3204 3206
f 3208 3210 3212
f 3215 3216 3206
f 3208 3212 3213
f 3214 3215 3206
f 3206 3208 3213
f 3213 3214 3206
o outer_ribs_0_3
v -3000.000 2676.996 2805.207
v -3000.000 2116.667 2988.417
v -3000.000 1693.333 3101.667
v -3000.000 2675.817 3301.903
v -3000.000 2666.250 3300.000
v -3000.000 2656.683 3301.903
v -3000.000 2683.928 3307.322
v -3000.000 2689.347 3315.433
v -3000.000 2691.250 3325.000
v -3000.000 2648.572 3307.322
v -3000.000 2643.153 3315.433
v -3000.000 2641.250 3325.000
v -3000.000 2689.347 3334.567
v -3000.000 2683.928 3342.678
v -3000.000 2643.153 3334.567
v -3000.000 2648.572 3342.678
v -3000.000 2675.817 3348.097
v -3000.000 2666.250 3350.000
v -3000.000 2656.683 3348.097
v -3000.000 2675.817 3401.903
v -3000.000 2666.250 3400.000
v -3000.000 2656.683 3401.903
v -3000.000 2683.928 3407.322
v -3000.000 2648.572 3407.322
v -3000.000 2689.347 3415.433
v -3000.000 2691.250 3425.000
v -3000.000 2689.347 3434.567
v -3000.000 2643.153 3415.433
v -3000.000 2641.250 3425.000
v -3000.000 2643.153 3434.567
v -3000.000 2683.928 3442.678
v -3000.000 2675.817 3448.097
v -3000.000 2666.250 3450.000
v -3000.000 2656.683 3448.097
v -3000.000 2648.572 3442.678
v -3000.000 2780.000 3500.000
v -2965.000 2742.937 3250.000
v -2965.000 2675.817 3301.903
v -2965.000 2666.250 3300.000
v -2965.000 2656.683 3301.903
v -2965.000 2683.928 3307.322
v -2965.000 2689.347 3315.433
v -2965.000 2691.250 3325.000
v -2965.000 2648.572 3307.322
v -2965.000 2643.153 3315.433
v -2965.000 2641.250 3325.000
v -2965.000 2515.000 3250.000
v -2965.000 2759.635 3362.629
v -2965.000 2689.347 3334.567
v -2965.000 2683.928 3342.678
v -2965.000 2643.153 3334.567
v -2965.000 2648.572 3342.678
v -2965.000 2675.817 3348.097
v -2965.000 2666.250 3350.000
v -2965.000 2656.683 3348.097
v -2965.000 2675.817 3401.903
v -2965.000 2666.250 3400.000
v -2965.000 2656.683 3401.903
v -2965.000 2683.928 3407.322
v -2965.000 2648.572 3407.322
v -2965.000 2689.347 3415.433
v -2965.000 2691.250 3425.000
v -2965.000 2689.347 3434.567
v -2965.000 2643.153 3415.433
v -2965.000 2641.250 3425.000
v -2965.000 2643.153 3434.567
v -2965.000 2683.928 3442.678
v -2965.000 2675.817 3448.097
v -2965.000 2666.250 3450.000
v -2965.000 2656.683 3448.097
v -2965.000 2648.572 3442.678
v -2965.000 2780.000 3500.000
v -2965.000 2515.000 3500.000
v -2900.000 2676.996 2805.207
v -2900.000 2116.667 2988.417
v -2900.000 1693.333 3101.667
v -2935.000 2742.937 3250.000
v -2935.000 2675.817 3301.903
v -2935.000 2666.250 3300.000
v -2935.000 2656.683 3301.903
v -2935.000 2683.928 3307.322
v -2935.000 2689.347 3315.433
v -2935.000 2691.250 3325.000
v -2935.000 2648.572 3307.322
v -2935.000 2643.153 3315.433
v -2935.000 2641.250 3325.000
v -2935.000 2515.000 3250.000
v -2935.000 2689.347 3334.567
v -2935.000 2683.928 3342.678
v -2935.000 2643.153 3334.567
v -2935.000 2648.572 3342.678
v -2935.000 2675.817 3348.097
v -2935.000 2666.250 3350.000
v -2935.000 2656.683 3348.097
v -2935.000 2675.817 3401.903
v -2935.000 2666.250 3400.000
v -2935.000 2656.683 3401.903
v -2935.000 2683.928 3407.322
v -2935.000 2648.572 3407.322
v -2935.000 2689.347 3415.433
v -2935.000 2691.250 3425.000
v -2935.000 2689.347 3434.567
v -2935.000 2643.153 3415.433
v -2935.000 2641.250 3425.000
v -2935.000 2643.153 3434.567
v -2935.000 2683.928 3442.678
v -2935.000 2675.817 3448.097
v -2935.000 2666.250 3450.000
v -2935.000 2656.683 3448.097
v -2935.000 2648.572 3442.678
v -2935.000 2780.000 3500.000
v -2935.000 2515.000 3500.000
v -2900.000 2675.817 3301.903
v -2900.000 2666.250 3300.000
v -2900.000 2656.683 3301.903
v -2900.000 2683.928 3307.322
v -2900.000 2689.347 3315.433
v -2900.000 2691.250 3325.000
v -2900.000 2648.572 3307.322
v -2900.000 2643.153 3315.433
v -2900.000 2641.250 3325.000
v -2900.000 2689.347 3334.567
v -2900.000 2683.928 3342.678
v -2900.000 2643.153 3334.567
v -2900.000 2648.572 3342.678
v -2900.000 2675.817 3348.097
v -2900.000 2666.250 3350.000
v -2900.000 2656.683 3348.097
v -2900.000 2675.817 3401.903
v -2900.000 2666.250 3400.000
v -2900.000 2656.683 3401.903
v -2900.000 2683.928 3407.322
v -2900.000 2648.572 3407.322
v -2900.000 2689.347 3415.433
v -2900.000 2691.250 3425.000
v -2900.000 2689.347 3434.567
v -2900.000 2643.153 3415.433
v -2900.000 2641.250 3425.000
v -2900.000 2643.153 3434.567
v -2900.000 2683.928 3442.678
v -2900.000 2675.817 3448.097
v -2900.000 2666.250 3450.000
v -2900.000 2656.683 3448.097
v -2900.000 2648.572 3442.678
v -2900.000 2780.000 3500.000
v -3000.000 1270.000 3189.750
v -3000.000 846.667 3252.667
v -3000.000 423.333 3290.417
v -3000.000 0.000 3303.000
v -3000.000 0.000 3500.000
v -2970.000 400.000 3291.110
v -2970.000 200.000 3297.055
v -2960.000 200.000 3297.055
v -2960.000 0.000 3303.000
v -2970.000 400.000 3361.500
v -2970.000 200.000 3361.500
v -2960.000 200.000 3348.167
v -2960.000 200.000 3361.500
v -2960.000 0.000 3361.500
v -2900.000 1270.000 3189.750
v -2900.000 846.667 3252.667
v -2930.000 400.000 3291.110
v -2940.000 200.000 3297.055
v -2940.000 0.000 3303.000
v -2930.000 200.000 3297.055
v -2930.000 400.000 3361.500
v -2940.000 200.000 3357.864
v -2940.000 200.000 3361.500
v -2940.000 0.000 3361.500
v -2930.000 200.000 3361.500
v -2900.000 423.333 3290.417
v -2900.000 0.000 3303.000
v -2900.000 0.000 3500.000
f 3217 3218 3221
f 3217 3221 3220
f 3217 3220 3223
f 3217 3223 3224
f 3217 3224 3225
f 3217 3225 3252
f 3218 3222 3221
f 3218 3226 3222
f 3218 3227 3226
f 3218 3228 3227
f 3218 3231 3228
f 3218 3237 3231
f 3218 3238 3237
f 3218 3240 3238
f 3218 3244 3240
f 3218 3245 3244
f 3218 3219 3245
f 3219 3246 3245
f 3230 3241 3229
f 3233 3239 3230
f 3234 3236 3233
f 3231 3237 3232
f 3232 3237 3235
f 3235 3237 3234
f 3252 3225 3229
f 3233 3236 3239
f 3230 3239 3241
f 3234 3237 3236
f 3252 3229 3241
f 3252 3241 3242
f 3252 3242 3243
f 3252 3243 3247
f 3252 3247 3248
f 3252 3248 3249
f 3252 3249 3250
f 3219 3252 3250
f 3219 3251 3246
f 3219 3250 3251
f 3219 3362 3252
f 3252 3362 3363
f 3252 3363 3364
f 3252 3364 3365
f 3252 3365 3366
f 3293 3327 3361 3290 3217 3252 3288 3264 3253
f 3291 3218 3217 3290
f 3291 3292 3219 3218
f 3376 3362 3219 3292
f 3252 3366 3389 3361 3327 3328 3289 3288
f 3290 3335 3291
f 3290 3329 3330
f 3290 3332 3329
f 3290 3330 3331
f 3290 3331 3335
f 3290 3333 3332
f 3290 3334 3333
f 3290 3361 3334
f 3291 3335 3336
f 3291 3336 3337
f 3291 3337 3340
f 3291 3340 3341
f 3291 3341 3344
f 3291 3344 3347
f 3291 3347 3349
f 3291 3349 3353
f 3291 3353 3354
f 3291 3354 3292
f 3292 3354 3355
f 3338 3348 3339
f 3339 3345 3342
f 3342 3346 3343
f 3343 3347 3344
f 3361 3338 3334
f 3338 3350 3348
f 3339 3348 3345
f 3342 3345 3346
f 3343 3346 3347
f 3361 3350 3338
f 3361 3351 3350
f 3361 3352 3351
f 3361 3356 3352
f 3361 3357 3356
f 3361 3358 3357
f 3361 3359 3358
f 3292 3359 3361
f 3292 3355 3360
f 3292 3360 3359
f 3292 3361 3376
f 3361 3377 3376
f 3361 3387 3377
f 3361 3389 3387
f 3387 3389 3388
f 3363 3362 3376 3377
f 3364 3363 3377 3387
f 3367 3368 3369 3370 3365 3364 3387 3388 3380 3379 3381 3378
f 3370 3375 3385 3380 3388 3389 3366 3365
f 3257 3223 3220 3254
f 3220 3221 3255 3254
f 3222 3256 3255 3221
f 3223 3257 3258 3224
f 3256 3222 3226 3260
f 3225 3224 3258 3259
f 3226 3227 3261 3260
f 3227 3228 3262 3261
f 3259 3265 3229 3225
f 3265 3266 3230 3229
f 3266 3269 3233 3230
f 3268 3232 3235 3271
f 3267 3262 3228 3231
f 3268 3267 3231 3232
f 3233 3269 3270 3234
f 3235 3234 3270 3271
f 3237 3273 3272 3236
f 3273 3237 3238 3274
f 3236 3272 3275 3239
f 3277 3241 3239 3275
f 3238 3240 3276 3274
f 3240 3244 3280 3276
f 3241 3277 3278 3242
f 3242 3278 3279 3243
f 3245 3281 3280 3244
f 3246 3282 3281 3245
f 3243 3279 3283 3247
f 3248 3247 3283 3284
f 3249 3248 3284 3285
f 3285 3286 3250 3249
f 3251 3250 3286 3287
f 3287 3282 3246 3251
f 3255 3263 3253
f 3255 3253 3254
f 3254 3253 3257
f 3257 3253 3258
f 3258 3253 3259
f 3259 3253 3265
f 3265 3253 3264
f 3255 3256 3263
f 3256 3260 3263
f 3260 3261 3263
f 3261 3262 3263
f 3265 3264 3272
f 3265 3272 3266
f 3266 3272 3269
f 3269 3273 3270
f 3271 3270 3274
f 3268 3271 3276
f 3262 3267 3281
f 3267 3268 3280
f 3272 3264 3275
f 3275 3264 3277
f 3277 3264 3278
f 3278 3264 3279
f 3269 3272 3273
f 3270 3273 3274
f 3271 3274 3276
f 3268 3276 3280
f 3267 3280 3281
f 3263 3262 3281
f 3263 3281 3289
f 3279 3264 3283
f 3283 3264 3288
f 3283 3288 3284
f 3284 3288 3285
f 3286 3285 3288
f 3287 3286 3289
f 3286 3288 3289
f 3281 3282 3289
f 3282 3287 3289
f 3253 3263 3303 3293
f 3263 3289 3328 3303
f 3294 3293 3303
f 3294 3297 3293
f 3297 3298 3293
f 3298 3299 3293
f 3295 3294 3303
f 3295 3303 3296
f 3296 3303 3300
f 3300 3303 3301
f 3301 3303 3302
f 3299 3327 3293
f 3308 3309 3311
f 3307 3313 3310
f 3310 3312 3309
f 3302 3319 3306
f 3306 3315 3307
f 3299 3304 3327
f 3304 3305 3327
f 3305 3308 3327
f 3308 3311 3314
f 3308 3314 3316
f 3309 3312 3311
f 3310 3313 3312
f 3307 3315 3313
f 3306 3319 3315
f 3302 3320 3319
f 3303 3320 3302
f 3303 3328 3320
f 3308 3316 3327
f 3316 3317 3327
f 3317 3318 3327
f 3318 3322 3327
f 3322 3323 3327
f 3323 3324 3327
f 3326 3328 3325
f 3325 3328 3324
f 3324 3328 3327
f 3320 3328 3321
f 3321 3328 3326
f 3332 3297 3294 3329
f 3295 3330 3329 3294
f 3296 3331 3330 3295
f 3332 3333 3298 3297
f 3335 3331 3296 3300
f 3299 3298 3333 3334
f 3300 3301 3336 3335
f 3302 3337 3336 3301
f 3338 3304 3299 3334
f 3305 3304 3338 3339
f 3308 3305 3339 3342
f 3310 3344 3341 3307
f 3306 3340 3337 3302
f 3341 3340 3306 3307
f 3342 3343 3309 3308
f 3309 3343 3344 3310
f 3345 3311 3312 3346
f 3313 3347 3346 3312
f 3314 3311 3345 3348
f 3316 3314 3348 3350
f 3347 3313 3315 3349
f 3319 3353 3349 3315
f 3351 3317 3316 3350
f 3351 3352 3318 3317
f 3320 3354 3353 3319
f 3354 3320 3321 3355
f 3352 3356 3322 3318
f 3322 3356 3357 3323
f 3358 3324 3323 3357
f 3358 3359 3325 3324
f 3326 3325 3359 3360
f 3355 3321 3326 3360
f 3371 3372 3368 3367
f 3373 3369 3368 3372 3374
f 3369 3373 3374 3375 3370
f 3378 3382 3371 3367
f 3375 3374 3372 3371 3382 3386 3384 3385
f 3380 3385 3384 3383 3379
f 3381 3379 3383 3384 3386
f 3381 3386 3382 3378
o outer_ribs_1_3
v -2676.996 3000.000 2805.207
v -2116.667 3000.000 2988.417
v -1693.333 3000.000 3101.667
v -2675.817 3000.000 3301.903
v -2666.250 3000.000 3300.000
v -2656.683 3000.000 3301.903
v -2683.928 3000.000 3307.322
v -2689.347 3000.000 3315.433
v -2691.250 3000.000 3325.000
v -2648.572 3000.000 3307.322
v -2643.153 3000.000 3315.433
v -2641.250 3000.000 3325.000
v -2689.347 3000.000 3334.567
v -2683.928 3000.000 3342.678
v -2643.153 3000.000 3334.567
v -2648.572 3000.000 3342.678
v -2675.817 3000.000 3348.097
v -2666.250 3000.000 3350.000
v -2656.683 3000.000 3348.097
v -2675.817 3000.000 3401.903
v -2666.250 3000.000 3400.000
v -2656.683 3000.000 3401.903
v -2683.928 3000.000 3407.322
v -2648.572 3000.000 3407.322
v -2689.347 3000.000 3415.433
v -2691.250 3000.000 3425.000
v -2689.347 3000.000 3434.567
v -2643.153 3000.000 3415.433
v -2641.250 3000.000 3425.000
v -2643.153 3000.000 3434.567
v -2683.928 3000.000 3442.678
v -2675.817 3000.000 3448.097
v -2666.250 3000.000 3450.000
v -2656.683 3000.000 3448.097
v -2648.572 3000.000 3442.678
v -2780.000 3000.000 3500.000
v -2742.937 2965.000 3250.000
v -2675.817 2965.000 3301.903
v -2666.250 2965.000 3300.000
v -2656.683 2965.000 3301.903
v -2683.928 2965.000 3307.322
v -2689.347 2965.000 3315.433
v -2691.250 2965.000 3325.000
v -2648.572 2965.000 3307.322
v -2643.153 2965.000 3315.433
v -2641.250 2965.000 3325.000
v -2515.000 2965.000 3250.000
v -2689.347 2965.000 3334.567
v -2683.928 2965.000 3342.678
v -2643.153 2965.000 3334.567
v -2648.572 2965.000 3342.678
v -2675.817 2965.000 3348.097
v -2666.250 2965.000 3350.000
v -2656.683 2965.000 3348.097
v -2675.817 2965.000 3401.903
v -2666.250 2965.000 3400.000
v -2656.683 2965.000 3401.903
v -2683.928 2965.000 3407.322
v -2648.572 2965.000 3407.322
v -2689.347 2965.000 3415.433
v -2691.250 2965.000 3425.000
v -2689.347 2965.000 3434.567
v -2643.153 2965.000 3415.433
v -2641.250 2965.000 3425.000
v -2643.153 2965.000 3434.567
v -2683.928 2965.000 3442.678
v -2675.817 2965.000 3448.097
v -2666.250 2965.000 3450.000
v -2656.683 2965.000 3448.097
v -2648.572 2965.000 3442.678
v -2780.000 2965.000 3500.000
v -2515.000 2965.000 3500.000
v -1270.000 3000.000 3189.750
v -846.667 3000.000 3252.667
v -423.333 3000.000 3290.417
v 0.000 3000.000 3303.000
v 0.000 3000.000 3500.000
v -400.000 2970.000 3291.110
v -200.000 2970.000 3297.055
v -200.000 2960.000 3297.055
v 0.000 2960.000 3303.000
v -400.000 2970.000 3361.500
v -200.000 2970.000 3361.500
v -200.000 2960.000 3357.864
v -200.000 2960.000 3361.500
v 0.000 2960.000 3361.500
v -2676.996 2900.000 2805.207
v -2116.667 2900.000 2988.417
v -1693.333 2900.000 3101.667
v -2742.937 2935.000 3250.000
v -2675.817 2935.000 3301.903
v -2666.250 2935.000 3300.000
v -2656.683 2935.000 3301.903
v -2683.928 2935.000 3307.322
v -2689.347 2935.000 3315.433
v -2691.250 2935.000 3325.000
v -2648.572 2935.000 3307.322
v -2643.153 2935.000 3315.433
v -2641.250 2935.000 3325.000
v -2515.000 2935.000 3250.000
v -2759.635 2935.000 3362.629
v -2689.347 2935.000 3334.567
v -2683.928 2935.000 3342.678
v -2643.153 2935.000 3334.567
v -2648.572 2935.000 3342.678
v -2675.817 2935.000 3348.097
v -2666.250 2935.000 3350.000
v -2656.683 2935.000 3348.097
v -2675.817 2935.000 3401.903
v -2666.250 2935.000 3400.000
v -2656.683 2935.000 3401.903
v -2683.928 2935.000 3407.322
v -2648.572 2935.000 3407.322
v -2689.347 2935.000 3415.433
v -2691.250 2935.000 3425.000
v -2689.347 2935.000 3434.567
v -2643.153 2935.000 3415.433
v -2641.250 2935.000 3425.000
v -2643.153 2935.000 3434.567
v -2683.928 2935.000 3442.678
v -2675.817 2935.000 3448.097
v -2666.250 2935.000 3450.000
v -2656.683 2935.000 3448.097
v -2648.572 2935.000 3442.678
v -2780.000 2935.000 3500.000
v -2515.000 2935.000 3500.000
v -2675.817 2900.000 3301.903
v -2666.250 2900.000 3300.000
v -2656.683 2900.000 3301.903
v -2683.928 2900.000 3307.322
v -2689.347 2900.000 3315.433
v -2691.250 2900.000 3325.000
v -2648.572 2900.000 3307.322
v -2643.153 2900.000 3315.433
v -2641.250 2900.000 3325.000
v -2689.347 2900.000 3334.567
v -2683.928 2900.000 3342.678
v -2643.153 2900.000 3334.567
v -2648.572 2900.000 3342.678
v -2675.817 2900.000 3348.097
v -2666.250 2900.000 3350.000
v -2656.683 2900.000 3348.097
v -2675.817 2900.000 3401.903
v -2666.250 2900.000 3400.000
v -2656.683 2900.000 3401.903
v -2683.928 2900.000 3407.322
v -2648.572 2900.000 3407.322
v -2689.347 2900.000 3415.433
v -2691.250 2900.000 3425.000
v -2689.347 2900.000 3434.567
v -2643.153 2900.000 3415.433
v -2641.250 2900.000 3425.000
v -2643.153 2900.000 3434.567
v -2683.928 2900.000 3442.678
v -2675.817 2900.000 3448.097
v -2666.250 2900.000 3450.000
v -2656.683 2900.000 3448.097
v -2648.572 2900.000 3442.678
v -2780.000 2900.000 3500.000
v -200.000 2940.000 3297.055
v 0.000 2940.000 3303.000
v -400.000 2930.000 3291.110
v -200.000 2930.000 3297.055
v -200.000 2940.000 3348.167
v -200.000 2940.000 3361.500
v 0.000 2940.000 3361.500
v -400.000 2930.000 3361.500
v -200.000 2930.000 3361.500
v -1270.000 2900.000 3189.750
v -846.667 2900.000 3252.667
v -423.333 2900.000 3290.417
v 0.000 2900.000 3303.000
v 0.000 2900.000 3500.000
f 3390 3394 3391
f 3390 3393 3394
f 3390 3396 3393
f 3390 3397 3396
f 3390 3398 3397
f 3390 3425 3398
f 3391 3394 3395
f 3391 3395 3399
f 3391 3399 3400
f 3391 3400 3401
f 3391 3401 3404
f 3391 3404 3405
f 3391 3405 3408
f 3391 3408 3411
f 3391 3411 3413
f 3391 3413 3417
f 3391 3417 3418
f 3391 3418 3392
f 3392 3418 3419
f 3398 3414 3402
f 3402 3412 3403
f 3403 3409 3406
f 3406 3410 3407
f 3407 3411 3408
f 3402 3414 3412
f 3403 3412 3409
f 3406 3409 3410
f 3398 3415 3414
f 3407 3410 3411
f 3425 3415 3398
f 3425 3416 3415
f 3425 3420 3416
f 3425 3421 3420
f 3425 3422 3421
f 3425 3423 3422
f 3392 3423 3425
f 3392 3419 3424
f 3392 3424 3423
f 3392 3425 3462
f 3425 3463 3462
f 3425 3464 3463
f 3425 3465 3464
f 3425 3466 3465
f 3390 3391 3477 3476
f 3490 3479 3426 3460 3425 3390 3476 3548 3514
f 3392 3478 3477 3391
f 3460 3461 3515 3514 3548 3562 3466 3425
f 3558 3478 3392 3462
f 3550 3561 3560 3464 3465 3470 3469 3468 3467 3551 3552 3549
f 3462 3463 3559 3558
f 3463 3464 3560 3559
f 3550 3555 3475 3470 3465 3466 3562 3561
f 3476 3477 3522
f 3476 3517 3516
f 3476 3516 3519
f 3476 3518 3517
f 3476 3522 3518
f 3476 3519 3520
f 3476 3520 3521
f 3476 3521 3548
f 3477 3523 3522
f 3477 3524 3523
f 3477 3527 3524
f 3477 3533 3527
f 3477 3534 3533
f 3477 3536 3534
f 3477 3540 3536
f 3477 3541 3540
f 3477 3478 3541
f 3478 3542 3541
f 3526 3537 3525
f 3529 3535 3526
f 3530 3532 3529
f 3527 3533 3528
f 3528 3533 3531
f 3531 3533 3530
f 3548 3521 3525
f 3529 3532 3535
f 3526 3535 3537
f 3530 3533 3532
f 3548 3525 3537
f 3548 3537 3538
f 3548 3538 3539
f 3548 3539 3543
f 3548 3543 3544
f 3548 3544 3545
f 3548 3545 3546
f 3478 3548 3546
f 3478 3547 3542
f 3478 3546 3547
f 3478 3562 3548
f 3478 3558 3562
f 3558 3559 3562
f 3559 3560 3562
f 3560 3561 3562
f 3394 3393 3427 3428
f 3428 3429 3395 3394
f 3395 3429 3433 3399
f 3396 3430 3427 3393
f 3431 3430 3396 3397
f 3431 3397 3398 3432
f 3434 3400 3399 3433
f 3401 3400 3434 3435
f 3437 3432 3398 3402
f 3402 3403 3438 3437
f 3403 3406 3441 3438
f 3405 3440 3443 3408
f 3435 3439 3404 3401
f 3404 3439 3440 3405
f 3407 3442 3441 3406
f 3442 3407 3408 3443
f 3444 3445 3410 3409
f 3411 3410 3445 3446
f 3444 3409 3412 3447
f 3414 3449 3447 3412
f 3446 3448 3413 3411
f 3452 3417 3413 3448
f 3450 3449 3414 3415
f 3416 3451 3450 3415
f 3453 3418 3417 3452
f 3453 3454 3419 3418
f 3416 3420 3455 3451
f 3458 3423 3424 3459
f 3456 3455 3420 3421
f 3421 3422 3457 3456
f 3423 3458 3457 3422
f 3454 3459 3424 3419
f 3427 3426 3436
f 3427 3430 3426
f 3430 3431 3426
f 3431 3432 3426
f 3428 3427 3436
f 3428 3436 3429
f 3429 3436 3433
f 3433 3436 3434
f 3434 3436 3435
f 3432 3460 3426
f 3441 3442 3444
f 3440 3446 3443
f 3443 3445 3442
f 3435 3452 3439
f 3439 3448 3440
f 3432 3437 3460
f 3437 3438 3460
f 3438 3441 3460
f 3441 3444 3447
f 3441 3447 3449
f 3442 3445 3444
f 3443 3446 3445
f 3440 3448 3446
f 3439 3452 3448
f 3435 3453 3452
f 3436 3453 3435
f 3436 3461 3453
f 3441 3449 3460
f 3449 3450 3460
f 3450 3451 3460
f 3451 3455 3460
f 3455 3456 3460
f 3456 3457 3461
f 3459 3461 3458
f 3458 3461 3457
f 3456 3461 3460
f 3453 3461 3454
f 3454 3461 3459
f 3436 3426 3479 3489
f 3461 3436 3489 3515
f 3472 3471 3467 3468
f 3473 3474 3472 3468 3469
f 3471 3556 3551 3467
f 3470 3475 3474 3473 3469
f 3472 3474 3475 3555 3554 3557 3556 3471
f 3480 3489 3479
f 3480 3479 3483
f 3483 3479 3484
f 3484 3479 3490
f 3481 3489 3480
f 3481 3482 3489
f 3482 3486 3489
f 3486 3487 3489
f 3487 3488 3489
f 3484 3490 3485
f 3485 3490 3491
f 3491 3490 3492
f 3492 3490 3495
f 3495 3499 3496
f 3497 3496 3500
f 3494 3497 3502
f 3488 3493 3507
f 3493 3494 3506
f 3495 3490 3498
f 3498 3490 3501
f 3501 3490 3503
f 3503 3490 3504
f 3504 3490 3505
f 3495 3498 3499
f 3496 3499 3500
f 3497 3500 3502
f 3494 3502 3506
f 3493 3506 3507
f 3489 3488 3507
f 3489 3507 3515
f 3505 3490 3509
f 3509 3490 3514
f 3509 3514 3510
f 3510 3514 3511
f 3512 3511 3514
f 3513 3512 3515
f 3512 3514 3515
f 3507 3508 3515
f 3508 3513 3515
f 3516 3517 3481 3480
f 3481 3517 3518 3482
f 3518 3522 3486 3482
f 3519 3516 3480 3483
f 3483 3484 3520 3519
f 3521 3520 3484 3485
f 3522 3523 3487 3486
f 3487 3523 3524 3488
f 3491 3525 3521 3485
f 3525 3491 3492 3526
f 3529 3526 3492 3495
f 3497 3494 3528 3531
f 3493 3488 3524 3527
f 3493 3527 3528 3494
f 3530 3529 3495 3496
f 3496 3497 3531 3530
f 3499 3498 3532 3533
f 3534 3500 3499 3533
f 3535 3532 3498 3501
f 3501 3503 3537 3535
f 3502 3500 3534 3536
f 3502 3536 3540 3506
f 3537 3503 3504 3538
f 3538 3504 3505 3539
f 3541 3507 3506 3540
f 3508 3507 3541 3542
f 3505 3509 3543 3539
f 3547 3546 3512 3513
f 3543 3509 3510 3544
f 3511 3545 3544 3510
f 3546 3545 3511 3512
f 3508 3542 3547 3513
f 3553 3554 3555 3550 3549
f 3554 3553 3549 3552 3557
f 3557 3552 3551 3556
o inner_ribs_0_3
v -981.675 103.178 3500.000
v -2836.822 2823.178 3500.000
v -2766.570 2720.174 2805.207
v -2384.403 2159.844 2988.417
v -2095.673 1736.511 3101.667
v -1806.943 1313.178 3189.750
v -1518.213 889.844 3252.667
v -1229.483 466.511 3290.417
v -981.675 103.178 3301.217
v -1024.853 60.000 3500.000
v -2880.000 2780.000 3500.000
v -2809.747 2676.996 2805.207
v -2427.581 2116.667 2988.417
v -2138.851 1693.333 3101.667
v -1850.120 1270.000 3189.750
v -1561.390 846.667 3252.667
v -1272.660 423.333 3290.417
v -1024.853 60.000 3301.217
f 3563 3564 3573 3572
f 3564 3565 3574 3573
f 3565 3566 3575 3574
f 3566 3567 3576 3575
f 3567 3568 3577 3576
f 3568 3569 3578 3577
f 3569 3570 3579 3578
f 3570 3571 3580 3579
f 3571 3563 3572 3580
f 3563 3571 3570
f 3566 3565 3564
f 3564 3563 3570
f 3567 3566 3564
f 3564 3570 3569
f 3568 3567 3564
f 3564 3569 3568
f 3580 3572 3573
f 3573 3574 3575
f 3579 3580 3573
f 3573 3575 3576
f 3578 3579 3573
f 3573 3576 3577
f 3577 3578 3573
o inner_ribs_1_3
v -103.178 981.675 3500.000
v -103.178 981.675 3301.217
v -466.511 1229.483 3290.417
v -889.844 1518.213 3252.667
v -1313.178 1806.943 3189.750
v -1736.511 2095.673 3101.667
v -2159.844 2384.403 2988.417
v -2720.174 2766.570 2805.207
v -2823.178 2836.822 3500.000
v -60.000 1024.853 3500.000
v -60.000 1024.853 3301.217
v -423.333 1272.660 3290.417
v -846.667 1561.390 3252.667
v -1270.000 1850.120 3189.750
v -1693.333 2138.851 3101.667
v -2116.667 2427.581 2988.417
v -2676.996 2809.747 2805.207
v -2780.000 2880.000 3500.000
f 3581 3582 3591 3590
f 3582 3583 3592 3591
f 3583 3584 3593 3592
f 3584 3585 3594 3593
f 3585 3586 3595 3594
f 3586 3587 3596 3595
f 3587 3588 3597 3596
f 3588 3589 3598 3597
f 3589 3581 3590 3598
f 3589 3588 3587
f 3583 3582 3581
f 3589 3587 3586
f 3584 3583 3581
f 3581 3589 3586
f 3585 3584 3581
f 3581 3586 3585
f 3598 3590 3591
f 3596 3597 3598
f 3598 3591 3592
f 3595 3596 3598
f 3598 3592 3593
f 3594 3595 3598
f 3598 3593 3594
o wedges_inner_beams_0_3
v -2900.000 2685.029 2859.393
v -2815.226 2685.029 2859.393
v -2880.000 2780.000 3500.000
v -2900.000 2780.000 3500.000
v -2900.000 2453.623 2935.056
v -2657.398 2453.623 2935.056
v -2714.522 2537.377 3500.000
v -2900.000 2537.377 3500.000
f 3599 3600 3604 3603
f 3600 3601 3605 3604
f 3601 3602 3606 3605
f 3602 3599 3603 3606
f 3599 3602 3601
f 3601 3600 3599
f 3606 3603 3604
f 3604 3605 3606
o wedges_inner_beams_1_3
v -2772.049 2728.207 2859.393
v -2728.207 2772.049 2859.393
v -2823.178 2836.822 3500.000
v -2836.822 2823.178 3500.000
v -2605.439 2483.925 2939.266
v -2483.925 2605.439 2939.266
v -2567.055 2662.136 3500.000
v -2662.136 2567.055 3500.000
f 3607 3608 3612 3611
f 3608 3609 3613 3612
f 3609 3610 3614 3613
f 3610 3607 3611 3614
f 3607 3610 3609
f 3609 3608 3607
f 3614 3611 3612
f 3612 3613 3614
o wedges_inner_beams_2_3
v -2685.029 2815.226 2859.393
v -2685.029 2900.000 2859.393
v -2780.000 2900.000 3500.000
v -2780.000 2880.000 3500.000
v -2453.623 2657.398 2935.056
v -2453.623 2900.000 2935.056
v -2537.377 2900.000 3500.000
v -2537.377 2714.522 3500.000
f 3615 3616 3620 3619
f 3616 3617 3621 3620
f 3617 3618 3622 3621
f 3618 3615 3619 3622
f 3615 3618 3617
f 3617 3616 3615
f 3622 3619 3620
f 3620 3621 3622
o inner_beams_0_3
v -2900.000 60.000 3303.000
v -2629.502 60.000 3390.000
v -2636.573 60.000 3392.929
v -2622.431 60.000 3392.929
v -2639.502 60.000 3400.000
v -2619.502 60.000 3400.000
v -2289.751 60.000 3390.000
v -2296.822 60.000 3392.929
v -2282.680 60.000 3392.929
v -2299.751 60.000 3400.000
v -2279.751 60.000 3400.000
v -1950.000 60.000 3390.000
v -1957.071 60.000 3392.929
v -1942.929 60.000 3392.929
v -1960.000 60.000 3400.000
v -1940.000 60.000 3400.000
v -2636.573 60.000 3407.071
v -2622.431 60.000 3407.071
v -2629.502 60.000 3410.000
v -2900.000 60.000 3500.000
v -2296.822 60.000 3407.071
v -2282.680 60.000 3407.071
v -2289.751 60.000 3410.000
v -1957.071 60.000 3407.071
v -1942.929 60.000 3407.071
v -1950.000 60.000 3410.000
v -2799.377 30.000 3500.000
v -1610.249 60.000 3390.000
v -1617.320 60.000 3392.929
v -1603.178 60.000 3392.929
v -1620.249 60.000 3400.000
v -1600.249 60.000 3400.000
v -915.626 60.000 3303.000
v -1270.498 60.000 3390.000
v -1277.569 60.000 3392.929
v -1263.427 60.000 3392.929
v -1280.498 60.000 3400.000
v -1260.498 60.000 3400.000
v -1617.320 60.000 3407.071
v -1603.178 60.000 3407.071
v -1610.249 60.000 3410.000
v -1277.569 60.000 3407.071
v -1263.427 60.000 3407.071
v -1270.498 60.000 3410.000
v -940.000 60.000 3500.000
v -1100.623 30.000 3500.000
v -2900.000 0.000 3303.000
v -2799.377 0.000 3303.000
v -2629.502 13.249 3390.000
v -2636.573 13.695 3392.929
v -2622.431 13.695 3392.929
v -2639.502 14.772 3400.000
v -2619.502 14.772 3400.000
v -2289.751 13.249 3390.000
v -2296.822 13.695 3392.929
v -2282.680 13.695 3392.929
v -2299.751 14.772 3400.000
v -2279.751 14.772 3400.000
v -1950.000 13.249 3390.000
v -1957.071 13.695 3392.929
v -1942.929 13.695 3392.929
v -1960.000 14.772 3400.000
v -1940.000 14.772 3400.000
v -2636.573 15.848 3407.071
v -2622.431 15.848 3407.071
v -2629.502 16.294 3410.000
v -2296.822 15.848 3407.071
v -2282.680 15.848 3407.071
v -2289.751 16.294 3410.000
v -1957.071 15.848 3407.071
v -1942.929 15.848 3407.071
v -1950.000 16.294 3410.000
v -2900.000 0.000 3500.000
v -2799.377 0.000 3500.000
v -1610.249 13.249 3390.000
v -1617.320 13.695 3392.929
v -1603.178 13.695 3392.929
v -1620.249 14.772 3400.000
v -1600.249 14.772 3400.000
v -1100.623 0.000 3303.000
v -975.626 0.000 3303.000
v -1270.498 13.249 3390.000
v -1277.569 13.695 3392.929
v -1263.427 13.695 3392.929
v -1280.498 14.772 3400.000
v -1260.498 14.772 3400.000
v -1617.320 15.848 3407.071
v -1603.178 15.848 3407.071
v -1610.249 16.294 3410.000
v -1277.569 15.848 3407.071
v -1263.427 15.848 3407.071
v -1270.498 16.294 3410.000
v -1100.623 0.000 3500.000
v -1000.000 0.000 3500.000
f 3623 3625 3624
f 3623 3627 3625
f 3623 3642 3627
f 3623 3624 3629
f 3624 3626 3629
f 3626 3628 3630
f 3630 3628 3632
f 3623 3634 3655
f 3623 3629 3646
f 3623 3635 3634
f 3623 3637 3635
f 3623 3646 3637
f 3629 3626 3630
f 3629 3631 3646
f 3631 3633 3646
f 3642 3639 3627
f 3642 3641 3639
f 3628 3640 3632
f 3640 3641 3643
f 3632 3640 3643
f 3641 3645 3643
f 3642 3645 3641
f 3633 3644 3646
f 3644 3645 3646
f 3642 3646 3645
f 3642 3648 3646
f 3642 3667 3648
f 3636 3638 3651
f 3636 3651 3650
f 3638 3653 3651
f 3655 3634 3636
f 3655 3636 3650
f 3656 3650 3652
f 3652 3654 3657
f 3655 3650 3656
f 3652 3657 3656
f 3657 3654 3659
f 3655 3656 3658
f 3655 3658 3660
f 3655 3660 3667
f 3638 3661 3653
f 3638 3663 3661
f 3654 3662 3659
f 3662 3663 3664
f 3667 3638 3647
f 3667 3647 3648
f 3667 3663 3638
f 3662 3664 3659
f 3664 3663 3666
f 3667 3666 3663
f 3667 3660 3665
f 3667 3665 3666
f 3623 3669 3695 3642
f 3695 3696 3649 3668 3715 3716 3667 3642
f 3670 3669 3623 3655 3703 3702
f 3667 3716 3703 3655
f 3695 3669 3670 3696
f 3716 3715 3702 3703
f 3625 3672 3671 3624
f 3671 3673 3626 3624
f 3625 3627 3674 3672
f 3673 3675 3628 3626
f 3630 3677 3676 3629
f 3678 3631 3629 3676
f 3677 3630 3632 3679
f 3678 3680 3633 3631
f 3681 3634 3635 3682
f 3634 3681 3683 3636
f 3684 3682 3635 3637
f 3636 3683 3685 3638
f 3627 3639 3686 3674
f 3687 3640 3628 3675
f 3686 3639 3641 3688
f 3641 3640 3687 3688
f 3679 3632 3643 3689
f 3644 3633 3680 3690
f 3689 3643 3645 3691
f 3645 3644 3690 3691
f 3637 3646 3692 3684
f 3638 3685 3693 3647
f 3692 3646 3648 3694
f 3693 3694 3648 3647
f 3698 3697 3650 3651
f 3652 3650 3697 3699
f 3700 3698 3651 3653
f 3699 3701 3654 3652
f 3705 3704 3656 3657
f 3656 3704 3706 3658
f 3657 3659 3707 3705
f 3660 3658 3706 3708
f 3700 3653 3661 3709
f 3662 3654 3701 3710
f 3663 3662 3710 3711
f 3663 3711 3709 3661
f 3712 3707 3659 3664
f 3713 3665 3660 3708
f 3664 3666 3714 3712
f 3713 3714 3666 3665
f 3671 3672 3670
f 3672 3674 3670
f 3674 3649 3670
f 3671 3670 3676
f 3671 3677 3673
f 3673 3679 3675
f 3671 3676 3677
f 3673 3677 3679
f 3676 3670 3692
f 3682 3670 3681
f 3682 3684 3670
f 3692 3670 3684
f 3676 3692 3678
f 3678 3692 3680
f 3681 3670 3697
f 3686 3649 3674
f 3686 3688 3649
f 3687 3675 3689
f 3687 3691 3688
f 3675 3679 3689
f 3687 3689 3691
f 3690 3680 3692
f 3690 3694 3691
f 3690 3692 3694
f 3688 3691 3668
f 3688 3668 3649
f 3697 3670 3702
f 3681 3698 3683
f 3683 3700 3685
f 3681 3697 3698
f 3683 3698 3700
f 3697 3705 3699
f 3699 3707 3701
f 3697 3702 3704
f 3704 3702 3706
f 3706 3702 3708
f 3713 3708 3702
f 3697 3704 3705
f 3699 3705 3707
f 3693 3685 3709
f 3685 3700 3709
f 3693 3709 3711
f 3691 3694 3668
f 3693 3668 3694
f 3710 3701 3712
f 3711 3710 3714
f 3693 3711 3668
f 3701 3707 3712
f 3710 3712 3714
f 3711 3714 3668
f 3713 3668 3714
f 3713 3702 3668
f 3649 3696 3670
f 3715 3668 3702
o inner_beams_1_3
v -60.000 1024.853 3303.000
v -60.000 915.626 3303.000
v -120.598 855.120 3303.750
v -297.586 787.267 3390.381
v -292.586 792.267 3393.309
v -290.515 794.338 3400.381
v -302.586 782.267 3393.309
v -304.657 780.196 3400.381
v -537.426 547.426 3393.309
v -535.355 549.497 3400.381
v -252.552 756.376 3400.381
v -257.905 747.586 3390.381
v -263.408 743.089 3393.309
v -253.408 753.089 3393.309
v -266.694 742.233 3400.381
v -292.586 792.267 3407.452
v -297.586 787.267 3410.381
v -60.000 1024.853 3500.000
v -60.000 940.000 3500.000
v -154.321 888.843 3500.000
v -132.739 867.261 3500.000
v -302.586 782.267 3407.452
v -537.426 547.426 3407.452
v -255.838 755.520 3407.452
v -265.838 745.520 3407.452
v -261.341 751.023 3410.381
v -542.426 542.426 3390.381
v -547.426 537.426 3393.309
v -549.497 535.355 3400.381
v -782.267 302.586 3393.309
v -780.196 304.657 3400.381
v -1024.853 60.000 3303.000
v -915.626 60.000 3303.000
v -855.120 120.598 3303.750
v -787.267 297.586 3390.381
v -792.267 292.586 3393.309
v -794.338 290.515 3400.381
v -756.376 252.552 3400.381
v -747.586 257.905 3390.381
v -743.089 263.408 3393.309
v -753.089 253.408 3393.309
v -742.233 266.694 3400.381
v -547.426 537.426 3407.452
v -542.426 542.426 3410.381
v -782.267 302.586 3407.452
v -792.267 292.586 3407.452
v -787.267 297.586 3410.381
v -1024.853 60.000 3500.000
v -940.000 60.000 3500.000
v -888.843 154.321 3500.000
v -867.261 132.739 3500.000
v -755.520 255.838 3407.452
v -745.520 265.838 3407.452
v -751.023 261.341 3410.381
v -502.745 502.745 3390.381
v -498.249 508.249 3393.309
v -508.249 498.249 3393.309
v -497.393 511.535 3400.381
v -511.535 497.393 3400.381
v -500.679 510.679 3407.452
v -510.679 500.679 3407.452
v -506.182 506.182 3410.381
f 3735 3718 3717 3734
f 3717 3721 3734
f 3717 3720 3721
f 3717 3748 3720
f 3725 3723 3720
f 3726 3724 3723
f 3725 3720 3743
f 3726 3723 3725
f 3734 3721 3722
f 3734 3722 3732
f 3734 3732 3733
f 3734 3733 3739
f 3739 3738 3724
f 3739 3733 3738
f 3734 3739 3760
f 3726 3739 3724
f 3734 3760 3763
f 3748 3743 3720
f 3744 3747 3745
f 3748 3744 3743
f 3744 3751 3746
f 3744 3746 3747
f 3748 3751 3744
f 3748 3752 3751
f 3748 3764 3752
f 3759 3745 3761
f 3760 3759 3763
f 3745 3747 3761
f 3759 3761 3763
f 3734 3763 3764
f 3764 3753 3752
f 3764 3762 3753
f 3764 3763 3762
f 3718 3735 3737 3719 3750 3767 3765 3749
f 3717 3718 3749 3748
f 3767 3766 3736 3737 3735 3734 3764 3765
f 3748 3749 3765 3764
f 3719 3730 3728
f 3719 3736 3730
f 3771 3728 3729
f 3774 3729 3731
f 3771 3729 3772
f 3772 3729 3774
f 3771 3719 3728
f 3730 3736 3727
f 3727 3736 3740
f 3740 3736 3742
f 3776 3731 3741
f 3776 3741 3742
f 3776 3742 3736
f 3778 3736 3770
f 3774 3731 3776
f 3778 3776 3736
f 3777 3756 3755
f 3777 3758 3756
f 3771 3773 3750
f 3773 3775 3750
f 3775 3777 3750
f 3755 3757 3750
f 3757 3766 3750
f 3777 3755 3750
f 3778 3769 3777
f 3777 3769 3758
f 3778 3770 3769
f 3770 3736 3766
f 3757 3754 3766
f 3754 3768 3766
f 3768 3770 3766
f 3771 3750 3719
f 3723 3729 3728 3720
f 3730 3721 3720 3728
f 3727 3722 3721 3730
f 3723 3724 3731 3729
f 3737 3736 3719
f 3741 3731 3724 3738
f 3732 3722 3727 3740
f 3738 3733 3742 3741
f 3742 3733 3732 3740
f 3755 3756 3746 3751
f 3751 3752 3757 3755
f 3758 3747 3746 3756
f 3752 3753 3754 3757
f 3767 3750 3766
f 3758 3769 3761 3747
f 3768 3754 3753 3762
f 3769 3770 3763 3761
f 3763 3770 3768 3762
f 3772 3725 3743 3771
f 3771 3743 3744 3773
f 3772 3774 3726 3725
f 3773 3744 3745 3775
f 3774 3776 3739 3726
f 3745 3759 3777 3775
f 3776 3778 3760 3739
f 3777 3759 3760 3778
o inner_beams_2_3
v -60.000 2900.000 3303.000
v -60.000 2629.502 3390.000
v -60.000 2636.573 3392.929
v -60.000 2622.431 3392.929
v -60.000 2639.502 3400.000
v -60.000 2619.502 3400.000
v -60.000 2289.751 3390.000
v -60.000 2296.822 3392.929
v -60.000 2282.680 3392.929
v -60.000 2299.751 3400.000
v -60.000 2279.751 3400.000
v -60.000 1950.000 3390.000
v -60.000 1957.071 3392.929
v -60.000 1942.929 3392.929
v -60.000 1960.000 3400.000
v -60.000 1940.000 3400.000
v -60.000 2636.573 3407.071
v -60.000 2622.431 3407.071
v -60.000 2629.502 3410.000
v -60.000 2900.000 3500.000
v -30.000 2799.377 3500.000
v -60.000 2296.822 3407.071
v -60.000 2282.680 3407.071
v -60.000 2289.751 3410.000
v -60.000 1957.071 3407.071
v -60.000 1942.929 3407.071
v -60.000 1950.000 3410.000
v 0.000 2900.000 3303.000
v 0.000 2799.377 3303.000
v -13.249 2629.502 3390.000
v -13.695 2636.573 3392.929
v -13.695 2622.431 3392.929
v -14.772 2639.502 3400.000
v -14.772 2619.502 3400.000
v -13.249 2289.751 3390.000
v -13.695 2296.822 3392.929
v -13.695 2282.680 3392.929
v -14.772 2299.751 3400.000
v -14.772 2279.751 3400.000
v -13.249 1950.000 3390.000
v -13.695 1957.071 3392.929
v -13.695 1942.929 3392.929
v -14.772 1960.000 3400.000
v -14.772 1940.000 3400.000
v -15.848 2636.573 3407.071
v -15.848 2622.431 3407.071
v -16.294 2629.502 3410.000
v 0.000 2900.000 3500.000
v 0.000 2799.377 3500.000
v -15.848 2296.822 3407.071
v -15.848 2282.680 3407.071
v -16.294 2289.751 3410.000
v -15.848 1957.071 3407.071
v -15.848 1942.929 3407.071
v -16.294 1950.000 3410.000
v -60.000 1610.249 3390.000
v -60.000 1617.320 3392.929
v -60.000 1603.178 3392.929
v -60.000 1620.249 3400.000
v -60.000 1600.249 3400.000
v -60.000 915.626 3303.000
v -60.000 1270.498 3390.000
v -60.000 1277.569 3392.929
v -60.000 1263.427 3392.929
v -60.000 1280.498 3400.000
v -60.000 1260.498 3400.000
v -60.000 1617.320 3407.071
v -60.000 1603.178 3407.071
v -60.000 1610.249 3410.000
v -60.000 1277.569 3407.071
v -60.000 1263.427 3407.071
v -60.000 1270.498 3410.000
v -60.000 940.000 3500.000
v -30.000 1100.623 3500.000
v -13.249 1610.249 3390.000
v -13.695 1617.320 3392.929
v -13.695 1603.178 3392.929
v -14.772 1620.249 3400.000
v -14.772 1600.249 3400.000
v 0.000 1100.623 3303.000
v 0.000 975.626 3303.000
v -13.249 1270.498 3390.000
v -13.695 1277.569 3392.929
v -13.695 1263.427 3392.929
v -14.772 1280.498 3400.000
v -14.772 1260.498 3400.000
v -15.848 1617.320 3407.071
v -15.848 1603.178 3407.071
v -16.294 1610.249 3410.000
v -15.848 1277.569 3407.071
v -15.848 1263.427 3407.071
v -16.294 1270.498 3410.000
v 0.000 1100.623 3500.000
v 0.000 1000.000 3500.000
f 3779 3780 3781
f 3779 3781 3783
f 3779 3783 3798
f 3779 3785 3780
f 3780 3786 3782
f 3782 3788 3784
f 3780 3785 3786
f 3782 3786 3788
f 3779 3793 3785
f 3779 3790 3791
f 3779 3791 3793
f 3793 3787 3785
f 3793 3789 3787
f 3779 3834 3835
f 3779 3845 3790
f 3779 3835 3837
f 3779 3837 3845
f 3798 3783 3795
f 3798 3795 3797
f 3784 3800 3796
f 3797 3796 3802
f 3784 3788 3800
f 3798 3797 3802
f 3796 3800 3802
f 3789 3803 3801
f 3802 3801 3803
f 3798 3802 3803
f 3798 3803 3805
f 3793 3803 3789
f 3798 3805 3851
f 3779 3839 3834
f 3790 3845 3792
f 3834 3841 3836
f 3836 3843 3838
f 3839 3840 3834
f 3834 3840 3841
f 3836 3841 3843
f 3839 3842 3840
f 3839 3844 3842
f 3839 3851 3844
f 3792 3845 3847
f 3838 3848 3846
f 3847 3846 3850
f 3851 3794 3792
f 3851 3804 3794
f 3851 3805 3804
f 3851 3792 3847
f 3838 3843 3848
f 3846 3848 3850
f 3851 3847 3850
f 3851 3849 3844
f 3851 3850 3849
f 3859 3839 3779 3806 3807 3858
f 3779 3798 3826 3806
f 3852 3799 3827 3826 3798 3851 3872 3871
f 3806 3826 3827 3807
f 3872 3851 3839 3859
f 3871 3872 3859 3858
f 3808 3780 3782 3810
f 3781 3780 3808 3809
f 3781 3809 3811 3783
f 3784 3812 3810 3782
f 3815 3813 3785 3787
f 3814 3786 3785 3813
f 3816 3788 3786 3814
f 3817 3815 3787 3789
f 3820 3818 3790 3792
f 3790 3818 3819 3791
f 3819 3821 3793 3791
f 3794 3822 3820 3792
f 3823 3795 3783 3811
f 3824 3812 3784 3796
f 3823 3825 3797 3795
f 3824 3796 3797 3825
f 3800 3788 3816 3828
f 3801 3829 3817 3789
f 3828 3830 3802 3800
f 3830 3829 3801 3802
f 3831 3803 3793 3821
f 3822 3794 3804 3832
f 3833 3805 3803 3831
f 3832 3804 3805 3833
f 3808 3807 3809
f 3809 3807 3799
f 3808 3813 3807
f 3808 3810 3813
f 3810 3812 3814
f 3812 3816 3814
f 3813 3858 3807
f 3810 3814 3813
f 3829 3819 3818
f 3829 3821 3819
f 3809 3799 3811
f 3823 3811 3799
f 3823 3799 3825
f 3824 3816 3812
f 3824 3825 3828
f 3824 3828 3816
f 3825 3830 3828
f 3825 3799 3830
f 3829 3830 3831
f 3830 3799 3831
f 3831 3799 3833
f 3829 3831 3821
f 3833 3799 3867
f 3813 3815 3858
f 3815 3817 3858
f 3829 3858 3817
f 3818 3820 3858
f 3829 3818 3858
f 3820 3822 3858
f 3832 3858 3822
f 3832 3854 3853
f 3832 3856 3854
f 3832 3853 3858
f 3853 3855 3860
f 3855 3857 3861
f 3853 3860 3858
f 3860 3862 3858
f 3862 3864 3858
f 3855 3861 3860
f 3857 3863 3861
f 3864 3852 3858
f 3832 3833 3865
f 3832 3865 3856
f 3833 3867 3865
f 3867 3799 3870
f 3866 3863 3857
f 3867 3868 3866
f 3870 3799 3852
f 3866 3868 3863
f 3867 3870 3868
f 3869 3852 3864
f 3869 3870 3852
f 3807 3827 3799
f 3834 3836 3855 3853
f 3853 3854 3835 3834
f 3837 3835 3854 3856
f 3836 3838 3857 3855
f 3861 3841 3840 3860
f 3862 3860 3840 3842
f 3861 3863 3843 3841
f 3844 3864 3862 3842
f 3865 3845 3837 3856
f 3857 3838 3846 3866
f 3867 3847 3845 3865
f 3847 3867 3866 3846
f 3843 3863 3868 3848
f 3869 3864 3844 3849
f 3870 3850 3848 3868
f 3850 3870 3869 3849
f 3871 3858 3852
o oculus_0
v -945.386 -30.239 3303.000
v -915.147 0.000 3303.000
v -855.120 -120.598 3303.750
v -728.783 -239.101 3390.381
v -723.651 -243.969 3393.309
v -733.651 -233.969 3393.309
v -735.402 -231.578 3400.381
v -721.260 -245.720 3400.381
v -709.485 -205.662 3400.381
v -490.561 -476.419 3400.381
v -478.810 -488.810 3393.309
v -483.942 -483.942 3390.381
v -488.810 -478.810 3393.309
v -476.419 -490.561 3400.381
v -462.574 -452.574 3393.309
v -464.645 -450.503 3400.381
v -695.343 -219.804 3400.381
v -702.414 -212.733 3390.381
v -707.414 -207.733 3393.309
v -697.414 -217.733 3393.309
v -733.011 -233.330 3407.452
v -723.011 -243.330 3407.452
v -727.879 -238.197 3410.381
v -867.261 -132.739 3500.000
v -957.574 -42.426 3500.000
v -915.147 0.000 3500.000
v -846.247 -111.725 3500.000
v -478.170 -488.170 3407.452
v -488.170 -478.170 3407.452
v -483.038 -483.038 3410.381
v -462.574 -452.574 3407.452
v -707.414 -207.733 3407.452
v -697.414 -217.733 3407.452
v -702.414 -212.733 3410.381
v -239.101 -728.783 3390.381
v -243.969 -723.651 3393.309
v -245.720 -721.260 3400.381
v -233.969 -733.651 3393.309
v -231.578 -735.402 3400.381
v -207.733 -707.414 3393.309
v -212.733 -702.414 3390.381
v -217.733 -697.414 3393.309
v -219.804 -695.343 3400.381
v -120.598 -855.120 3303.750
v 0.000 -975.626 3303.000
v 30.239 -945.386 3303.000
v -205.662 -709.485 3400.381
v -243.330 -723.011 3407.452
v -233.330 -733.011 3407.452
v -238.197 -727.879 3410.381
v -207.733 -707.414 3407.452
v -217.733 -697.414 3407.452
v -212.733 -702.414 3410.381
v -132.739 -867.261 3500.000
v -111.725 -846.247 3500.000
v 0.000 -1000.000 3500.000
v 42.426 -957.574 3500.000
v -457.574 -457.574 3390.381
v -452.574 -462.574 3393.309
v -450.503 -464.645 3400.381
v -452.574 -462.574 3407.452
v -457.574 -457.574 3410.381
f 3897 3898 3874 3873
f 3896 3897 3873 3917 3928 3926 3916 3875
f 3874 3898 3881
f 3874 3891 3890
f 3874 3881 3891
f 3874 3890 3918
f 3890 3892 3930
f 3892 3889 3887
f 3892 3887 3930
f 3889 3888 3887
f 3898 3904 3881
f 3898 3906 3904
f 3889 3905 3888
f 3888 3905 3906
f 3898 3903 3888
f 3898 3934 3903
f 3898 3925 3934
f 3898 3888 3906
f 3918 3890 3930
f 3918 3933 3913
f 3918 3930 3931
f 3918 3931 3932
f 3918 3932 3933
f 3933 3914 3913
f 3933 3915 3914
f 3918 3913 3912
f 3918 3912 3929
f 3924 3933 3934
f 3924 3915 3933
f 3924 3934 3925
f 3898 3929 3925
f 3929 3912 3919
f 3929 3919 3923
f 3929 3923 3925
f 3873 3874 3918 3917
f 3897 3896 3899 3927 3926 3928 3929 3898
f 3917 3918 3929 3928
f 3875 3876 3878
f 3875 3878 3879
f 3875 3879 3893
f 3875 3916 3884
f 3875 3902 3876
f 3875 3884 3885
f 3875 3885 3882
f 3875 3882 3901
f 3875 3901 3902
f 3876 3902 3877
f 3877 3902 3880
f 3875 3893 3899
f 3893 3895 3899
f 3880 3902 3894
f 3895 3894 3902
f 3895 3927 3899
f 3908 3883 3884
f 3908 3886 3883
f 3916 3907 3884
f 3907 3908 3884
f 3908 3909 3886
f 3916 3910 3907
f 3916 3911 3910
f 3916 3921 3911
f 3920 3900 3886
f 3895 3902 3927
f 3900 3927 3902
f 3909 3920 3886
f 3920 3922 3900
f 3922 3927 3900
f 3916 3927 3921
f 3921 3927 3922
f 3891 3878 3876 3890
f 3876 3877 3892 3890
f 3879 3878 3891 3881
f 3892 3877 3880 3889
f 3930 3887 3885 3884
f 3884 3883 3931 3930
f 3882 3885 3887 3888
f 3886 3932 3931 3883
f 3875 3899 3896
f 3904 3893 3879 3881
f 3889 3880 3894 3905
f 3905 3894 3895 3906
f 3904 3906 3895 3893
f 3900 3933 3932 3886
f 3934 3902 3901 3903
f 3933 3900 3902 3934
f 3888 3903 3901 3882
f 3910 3912 3913 3907
f 3911 3919 3912 3910
f 3914 3908 3907 3913
f 3914 3915 3909 3908
f 3921 3923 3919 3911
f 3922 3925 3923 3921
f 3924 3920 3909 3915
f 3925 3922 3920 3924
f 3916 3926 3927
o oculus_1
v 30.239 -945.386 3303.000
v -0.000 -915.147 3303.000
v 120.598 -855.120 3303.750
v 205.662 -709.485 3400.381
v 233.969 -733.651 3393.309
v 239.101 -728.783 3390.381
v 243.969 -723.651 3393.309
v 231.578 -735.402 3400.381
v 245.720 -721.260 3400.381
v 212.733 -702.414 3390.381
v 207.733 -707.414 3393.309
v 217.733 -697.414 3393.309
v 219.804 -695.343 3400.381
v 452.574 -462.574 3393.309
v 457.574 -457.574 3390.381
v 450.503 -464.645 3400.381
v 476.419 -490.561 3400.381
v 483.942 -483.942 3390.381
v 478.810 -488.810 3393.309
v 488.810 -478.810 3393.309
v 490.561 -476.419 3400.381
v 233.330 -733.011 3407.452
v 243.330 -723.011 3407.452
v 238.197 -727.879 3410.381
v 0.000 -915.147 3500.000
v 42.426 -957.574 3500.000
v 111.725 -846.247 3500.000
v 132.739 -867.261 3500.000
v 207.733 -707.414 3407.452
v 217.733 -697.414 3407.452
v 212.733 -702.414 3410.381
v 452.574 -462.574 3407.452
v 457.574 -457.574 3410.381
v 478.170 -488.170 3407.452
v 488.170 -478.170 3407.452
v 483.038 -483.038 3410.381
v 462.574 -452.574 3393.309
v 464.645 -450.503 3400.381
v 462.574 -452.574 3407.452
v 702.414 -212.733 3390.381
v 697.414 -217.733 3393.309
v 707.414 -207.733 3393.309
v 695.343 -219.804 3400.381
v 728.783 -239.101 3390.381
v 723.651 -243.969 3393.309
v 721.260 -245.720 3400.381
v 733.651 -233.969 3393.309
v 735.402 -231.578 3400.381
v 709.485 -205.662 3400.381
v 855.120 -120.598 3303.750
v 945.386 30.239 3303.000
v 975.626 0.000 3303.000
v 697.414 -217.733 3407.452
v 707.414 -207.733 3407.452
v 702.414 -212.733 3410.381
v 723.011 -243.330 3407.452
v 733.011 -233.330 3407.452
v 727.879 -238.197 3410.381
v 867.261 -132.739 3500.000
v 846.247 -111.725 3500.000
v 957.574 42.426 3500.000
v 1000.000 0.000 3500.000
f 3959 3936 3935 3960
f 3960 3935 3986 3996 3993 3984 3937 3962
f 3936 3945 3944
f 3936 3938 3945
f 3936 3963 3938
f 3936 3944 3985
f 3946 3949 3944
f 3946 3947 3948
f 3947 3950 3948
f 3946 3948 3949
f 3936 3959 3963
f 3959 3965 3963
f 3959 3950 3965
f 3947 3964 3950
f 3950 3964 3965
f 3959 3966 3950
f 3959 3967 3966
f 3959 3989 3967
f 3985 3944 3949
f 3985 3949 3971
f 3985 3971 3972
f 3985 3972 3973
f 3973 3975 3974
f 3973 3977 3975
f 3985 3973 3974
f 3985 3974 3976
f 3985 3976 3983
f 3985 3983 3988
f 3967 3987 3973
f 3973 3987 3977
f 3967 3989 3987
f 3959 3995 3989
f 3995 3988 3989
f 3985 3988 3995
f 3935 3936 3985 3986
f 3961 3994 3993 3996 3995 3959 3960 3962
f 3986 3985 3995 3996
f 3937 3940 3939
f 3937 3939 3942
f 3937 3942 3961
f 3937 3984 3952
f 3937 3970 3940
f 3937 3952 3953
f 3937 3953 3951
f 3937 3951 3968
f 3937 3968 3970
f 3940 3970 3941
f 3941 3970 3943
f 3942 3956 3961
f 3956 3958 3961
f 3943 3970 3957
f 3958 3957 3970
f 3958 3994 3961
f 3952 3979 3954
f 3954 3979 3955
f 3952 3984 3978
f 3952 3978 3979
f 3955 3979 3980
f 3984 3981 3978
f 3984 3982 3981
f 3984 3991 3982
f 3955 3980 3969
f 3958 3970 3994
f 3970 3969 3994
f 3969 3980 3990
f 3969 3990 3994
f 3984 3994 3991
f 3990 3992 3994
f 3992 3991 3994
f 3944 3945 3939 3940
f 3939 3945 3938 3942
f 3941 3946 3944 3940
f 3941 3943 3947 3946
f 3971 3949 3952 3954
f 3953 3952 3949 3948
f 3953 3948 3950 3951
f 3954 3955 3972 3971
f 3962 3937 3961
f 3942 3938 3963 3956
f 3964 3947 3943 3957
f 3965 3958 3956 3963
f 3965 3964 3957 3958
f 3968 3951 3950 3966
f 3970 3968 3966 3967
f 3972 3955 3969 3973
f 3970 3967 3973 3969
f 3974 3975 3979 3978
f 3978 3981 3976 3974
f 3977 3980 3979 3975
f 3976 3981 3982 3983
f 3980 3977 3987 3990
f 3982 3991 3988 3983
f 3992 3990 3987 3989
f 3988 3991 3992 3989
f 3984 3993 3994
o oculus_2
v 452.574 462.574 3393.309
v 450.503 464.645 3400.381
v 452.574 462.574 3407.452
v 205.662 709.485 3400.381
v -30.239 945.386 3303.000
v 0.000 975.626 3303.000
v 120.598 855.120 3303.750
v 212.733 702.414 3390.381
v 217.733 697.414 3393.309
v 207.733 707.414 3393.309
v 219.804 695.343 3400.381
v 233.969 733.651 3393.309
v 231.578 735.402 3400.381
v 239.101 728.783 3390.381
v 243.969 723.651 3393.309
v 245.720 721.260 3400.381
v -42.426 957.574 3500.000
v 0.000 1000.000 3500.000
v 111.725 846.247 3500.000
v 132.739 867.261 3500.000
v 217.733 697.414 3407.452
v 207.733 707.414 3407.452
v 212.733 702.414 3410.381
v 233.330 733.011 3407.452
v 238.197 727.879 3410.381
v 243.330 723.011 3407.452
v 702.414 212.733 3390.381
v 697.414 217.733 3393.309
v 707.414 207.733 3393.309
v 695.343 219.804 3400.381
v 462.574 452.574 3393.309
v 457.574 457.574 3390.381
v 464.645 450.503 3400.381
v 483.942 483.942 3390.381
v 488.810 478.810 3393.309
v 478.810 488.810 3393.309
v 476.419 490.561 3400.381
v 490.561 476.419 3400.381
v 855.120 120.598 3303.750
v 915.147 0.000 3303.000
v 945.386 30.239 3303.000
v 709.485 205.662 3400.381
v 733.651 233.969 3393.309
v 728.783 239.101 3390.381
v 723.651 243.969 3393.309
v 721.260 245.720 3400.381
v 735.402 231.578 3400.381
v 697.414 217.733 3407.452
v 707.414 207.733 3407.452
v 702.414 212.733 3410.381
v 462.574 452.574 3407.452
v 457.574 457.574 3410.381
v 488.170 478.170 3407.452
v 478.170 488.170 3407.452
v 483.038 483.038 3410.381
v 723.011 243.330 3407.452
v 733.011 233.330 3407.452
v 727.879 238.197 3410.381
v 846.247 111.725 3500.000
v 915.147 0.000 3500.000
v 957.574 42.426 3500.000
v 867.261 132.739 3500.000
f 4001 4006 4013
f 4001 4004 4006
f 4001 4028 3997
f 4001 3997 3998
f 4001 3998 3999
f 3999 4005 4004
f 3999 4007 4005
f 4001 3999 4004
f 4001 4023 4028
f 4013 4006 4000
f 4013 4000 4018
f 4013 4018 4019
f 3999 4017 4007
f 4048 4019 4017
f 3999 4048 4017
f 4013 4019 4056
f 4001 4036 4023
f 4027 4026 4029
f 4028 4024 4027
f 4028 4023 4024
f 4027 4024 4026
f 4036 4025 4023
f 4036 4038 4025
f 4036 4056 4038
f 4056 4029 4046
f 4056 4019 4048
f 4029 4026 4044
f 4029 4044 4046
f 4056 4047 4029
f 4056 4048 4047
f 4056 4045 4038
f 4056 4046 4045
f 4001 4013 4014 4002
f 4035 4058 4057 4037 4002 4014 4016 4003
f 4002 4037 4036 4001
f 4058 4055 4015 4016 4014 4013 4056 4057
f 4056 4036 4037 4057
f 4003 4008 4010
f 4003 4009 4008
f 4003 4020 4009
f 4030 4003 4010
f 4030 4010 4011
f 4032 4011 4012
f 4030 4011 4032
f 4032 4012 4033
f 4003 4015 4020
f 4021 4020 4015
f 4021 4015 4022
f 4033 4012 4022
f 4050 4022 4015
f 4033 4022 4050
f 4051 4050 4015
f 4051 4015 4054
f 4030 4035 4003
f 4030 4031 4035
f 4031 4034 4035
f 4034 4049 4035
f 4051 4035 4049
f 4051 4040 4035
f 4051 4042 4041
f 4051 4041 4040
f 4035 4040 4039
f 4035 4039 4043
f 4035 4043 4055
f 4051 4052 4042
f 4051 4054 4052
f 4054 4015 4055
f 4054 4055 4053
f 4043 4053 4055
f 4008 4006 4004 4010
f 4005 4011 4010 4004
f 4009 4000 4006 4008
f 4007 4012 4011 4005
f 4003 4016 4015
f 4009 4020 4018 4000
f 4022 4012 4007 4017
f 4019 4021 4022 4017
f 4019 4018 4020 4021
f 4026 4024 4041 4042
f 4028 4030 4032 3997
f 4031 4030 4028 4027
f 4029 4034 4031 4027
f 4032 4033 3998 3997
f 4025 4039 4040 4023
f 4038 4043 4039 4025
f 4023 4040 4041 4024
f 4052 4044 4026 4042
f 4029 4047 4049 4034
f 4048 4051 4049 4047
f 4033 4050 3999 3998
f 4048 3999 4050 4051
f 4045 4053 4043 4038
f 4052 4054 4046 4044
f 4045 4046 4054 4053
f 4035 4055 4058
o oculus_3
v -975.626 0.000 3303.000
v -945.386 -30.239 3303.000
v -855.120 120.598 3303.750
v -709.485 205.662 3400.381
v -733.651 233.969 3393.309
v -735.402 231.578 3400.381
v -728.783 239.101 3390.381
v -723.651 243.969 3393.309
v -721.260 245.720 3400.381
v -707.414 207.733 3393.309
v -702.414 212.733 3390.381
v -697.414 217.733 3393.309
v -695.343 219.804 3400.381
v -1000.000 0.000 3500.000
v -957.574 -42.426 3500.000
v -846.247 111.725 3500.000
v -867.261 132.739 3500.000
v -733.011 233.330 3407.452
v -727.879 238.197 3410.381
v -723.011 243.330 3407.452
v -707.414 207.733 3407.452
v -697.414 217.733 3407.452
v -702.414 212.733 3410.381
v -457.574 457.574 3390.381
v -462.574 452.574 3393.309
v -464.645 450.503 3400.381
v -462.574 452.574 3407.452
v -457.574 457.574 3410.381
v -488.810 478.810 3393.309
v -483.942 483.942 3390.381
v -478.810 488.810 3393.309
v -490.561 476.419 3400.381
v -476.419 490.561 3400.381
v -452.574 462.574 3393.309
v -450.503 464.645 3400.381
v -219.804 695.343 3400.381
v -212.733 702.414 3390.381
v -217.733 697.414 3393.309
v -207.733 707.414 3393.309
v -120.598 855.120 3303.750
v -0.000 915.147 3303.000
v -30.239 945.386 3303.000
v -239.101 728.783 3390.381
v -243.969 723.651 3393.309
v -233.969 733.651 3393.309
v -245.720 721.260 3400.381
v -231.578 735.402 3400.381
v -205.662 709.485 3400.381
v -488.170 478.170 3407.452
v -478.170 488.170 3407.452
v -483.038 483.038 3410.381
v -452.574 462.574 3407.452
v -217.733 697.414 3407.452
v -207.733 707.414 3407.452
v -212.733 702.414 3410.381
v -243.330 723.011 3407.452
v -233.330 733.011 3407.452
v -238.197 727.879 3410.381
v -132.739 867.261 3500.000
v -111.725 846.247 3500.000
v -42.426 957.574 3500.000
v 0.000 915.147 3500.000
f 4059 4060 4073 4072
f 4059 4072 4075 4061 4098 4117 4119 4100
f 4060 4068 4073
f 4060 4069 4068
f 4060 4085 4069
f 4060 4082 4083
f 4060 4083 4084
f 4060 4084 4085
f 4085 4070 4069
f 4085 4071 4070
f 4060 4095 4082
f 4073 4068 4062
f 4073 4062 4079
f 4073 4079 4081
f 4080 4071 4085
f 4080 4086 4081
f 4080 4085 4086
f 4073 4081 4120
f 4060 4099 4095
f 4082 4096 4092
f 4093 4092 4094
f 4082 4095 4096
f 4092 4096 4094
f 4099 4097 4095
f 4099 4120 4097
f 4120 4081 4086
f 4093 4094 4111
f 4093 4111 4113
f 4120 4110 4093
f 4120 4086 4110
f 4120 4093 4113
f 4120 4106 4097
f 4120 4112 4106
f 4120 4113 4112
f 4100 4099 4060 4059
f 4072 4073 4120 4119 4117 4118 4074 4075
f 4119 4120 4099 4100
f 4061 4063 4065
f 4061 4064 4063
f 4061 4076 4064
f 4061 4065 4088
f 4065 4066 4088
f 4066 4067 4090
f 4066 4087 4088
f 4066 4090 4087
f 4061 4074 4076
f 4076 4074 4077
f 4077 4074 4078
f 4067 4078 4107
f 4078 4074 4107
f 4067 4107 4090
f 4107 4074 4109
f 4109 4074 4116
f 4061 4088 4098
f 4088 4089 4098
f 4089 4091 4098
f 4091 4108 4098
f 4109 4098 4108
f 4109 4101 4098
f 4109 4104 4102
f 4109 4102 4101
f 4101 4103 4098
f 4103 4105 4098
f 4105 4118 4098
f 4109 4114 4104
f 4109 4116 4114
f 4116 4074 4118
f 4116 4118 4115
f 4115 4118 4105
f 4068 4069 4065 4063
f 4063 4064 4062 4068
f 4070 4066 4065 4069
f 4067 4066 4070 4071
f 4061 4075 4074
f 4076 4079 4062 4064
f 4079 4076 4077 4081
f 4078 4067 4071 4080
f 4081 4077 4078 4080
f 4083 4082 4088 4087
f 4082 4092 4089 4088
f 4084 4083 4087 4090
f 4089 4092 4093 4091
f 4104 4094 4096 4102
f 4103 4101 4095 4097
f 4102 4096 4095 4101
f 4106 4105 4103 4097
f 4084 4090 4107 4085
f 4109 4086 4085 4107
f 4109 4108 4110 4086
f 4091 4093 4110 4108
f 4104 4114 4111 4094
f 4112 4115 4105 4106
f 4114 4116 4113 4111
f 4116 4115 4112 4113
f 4117 4098 4118
o oculus_4
v -0.000 -915.147 3303.000
v 19.092 -896.055 3303.000
v -876.963 0.000 3303.000
v -896.055 -19.092 3303.000
v -0.000 -915.147 3330.000
v 19.092 -896.055 3330.000
v -876.963 0.000 3330.000
v -896.055 -19.092 3330.000
f 4121 4122 4126 4125
f 4122 4123 4127 4126
f 4123 4124 4128 4127
f 4124 4121 4125 4128
f 4121 4124 4123
f 4123 4122 4121
f 4128 4125 4126
f 4126 4127 4128
o oculus_5
v 915.147 0.000 3303.000
v 896.055 19.092 3303.000
v 0.000 -876.963 3303.000
v 19.092 -896.055 3303.000
v 915.147 0.000 3330.000
v 896.055 19.092 3330.000
v 0.000 -876.963 3330.000
v 19.092 -896.055 3330.000
f 4129 4130 4134 4133
f 4130 4131 4135 4134
f 4131 4132 4136 4135
f 4132 4129 4133 4136
f 4129 4132 4131
f 4131 4130 4129
f 4136 4133 4134
f 4134 4135 4136
o oculus_6
v -0.000 915.147 3303.000
v -19.092 896.055 3303.000
v 876.963 0.000 3303.000
v 896.055 19.092 3303.000
v -0.000 915.147 3330.000
v -19.092 896.055 3330.000
v 876.963 0.000 3330.000
v 896.055 19.092 3330.000
f 4137 4138 4142 4141
f 4138 4139 4143 4142
f 4139 4140 4144 4143
f 4140 4137 4141 4144
f 4137 4140 4139
f 4139 4138 4137
f 4144 4141 4142
f 4142 4143 4144
o oculus_7
v -915.147 0.000 3303.000
v -896.055 -19.092 3303.000
v 0.000 876.963 3303.000
v -19.092 896.055 3303.000
v -915.147 0.000 3330.000
v -896.055 -19.092 3330.000
v 0.000 876.963 3330.000
v -19.092 896.055 3330.000
f 4145 4146 4150 4149
f 4146 4147 4151 4150
f 4147 4148 4152 4151
f 4148 4145 4149 4152
f 4145 4148 4147
f 4147 4146 4145
f 4152 4149 4150
f 4150 4151 4152
o oculus_8
v -0.000 -915.147 3330.000
v 915.147 0.000 3330.000
v -0.000 915.147 3330.000
v -915.147 0.000 3330.000
v -0.000 -915.147 3357.000
v 915.147 0.000 3357.000
v -0.000 915.147 3357.000
v -915.147 0.000 3357.000
f 4153 4154 4158 4157
f 4154 4155 4159 4158
f 4155 4156 4160 4159
f 4156 4153 4157 4160
f 4153 4156 4155
f 4155 4154 4153
f 4160 4157 4158
f 4158 4159 4160
o connector_wedge_0
v -0.000 -2799.377 3303.000
v 31.756 -2799.377 3511.531
v -31.756 -2799.377 3511.531
v -0.000 -1100.623 3303.000
v 31.756 -1100.623 3511.531
v -31.756 -1100.623 3511.531
f 4161 4162 4163
f 4166 4165 4164
f 4162 4161 4164 4165
f 4163 4162 4165 4166
f 4161 4163 4166 4164
o connector_wedge_0_cylinder_0
v 80.000 -2619.502 3400.000
v 80.000 -2622.431 3392.929
v 80.000 -2629.502 3390.000
v 80.000 -2636.573 3392.929
v 80.000 -2639.502 3400.000
v 80.000 -2636.573 3407.071
v 80.000 -2629.502 3410.000
v 80.000 -2622.431 3407.071
v -80.000 -2619.502 3400.000
v -80.000 -2622.431 3392.929
v -80.000 -2629.502 3390.000
v -80.000 -2636.573 3392.929
v -80.000 -2639.502 3400.000
v -80.000 -2636.573 3407.071
v -80.000 -2629.502 3410.000
v -80.000 -2622.431 3407.071
f 4167 4168 4176 4175
f 4168 4169 4177 4176
f 4169 4170 4178 4177
f 4170 4171 4179 4178
f 4171 4172 4180 4179
f 4172 4173 4181 4180
f 4173 4174 4182 4181
f 4174 4167 4175 4182
f 4167 4174 4173
f 4173 4172 4171
f 4171 4170 4169
f 4169 4168 4167
f 4167 4173 4171
f 4171 4169 4167
f 4182 4175 4176
f 4176 4177 4178
f 4178 4179 4180
f 4180 4181 4182
f 4182 4176 4178
f 4178 4180 4182
o connector_wedge_0_cylinder_1
v 80.000 -2279.751 3400.000
v 80.000 -2282.680 3392.929
v 80.000 -2289.751 3390.000
v 80.000 -2296.822 3392.929
v 80.000 -2299.751 3400.000
v 80.000 -2296.822 3407.071
v 80.000 -2289.751 3410.000
v 80.000 -2282.680 3407.071
v -80.000 -2279.751 3400.000
v -80.000 -2282.680 3392.929
v -80.000 -2289.751 3390.000
v -80.000 -2296.822 3392.929
v -80.000 -2299.751 3400.000
v -80.000 -2296.822 3407.071
v -80.000 -2289.751 3410.000
v -80.000 -2282.680 3407.071
f 4183 4184 4192 4191
f 4184 4185 4193 4192
f 4185 4186 4194 4193
f 4186 4187 4195 4194
f 4187 4188 4196 4195
f 4188 4189 4197 4196
f 4189 4190 4198 4197
f 4190 4183 4191 4198
f 4183 4190 4189
f 4189 4188 4187
f 4187 4186 4185
f 4185 4184 4183
f 4183 4189 4187
f 4187 4185 4183
f 4198 4191 4192
f 4192 4193 4194
f 4194 4195 4196
f 4196 4197 4198
f 4198 4192 4194
f 4194 4196 4198
o connector_wedge_0_cylinder_2
v 80.000 -1940.000 3400.000
v 80.000 -1942.929 3392.929
v 80.000 -1950.000 3390.000
v 80.000 -1957.071 3392.929
v 80.000 -1960.000 3400.000
v 80.000 -1957.071 3407.071
v 80.000 -1950.000 3410.000
v 80.000 -1942.929 3407.071
v -80.000 -1940.000 3400.000
v -80.000 -1942.929 3392.929
v -80.000 -1950.000 3390.000
v -80.000 -1957.071 3392.929
v -80.000 -1960.000 3400.000
v -80.000 -1957.071 3407.071
v -80.000 -1950.000 3410.000
v -80.000 -1942.929 3407.071
f 4199 4200 4208 4207
f 4200 4201 4209 4208
f 4201 4202 4210 4209
f 4202 4203 4211 4210
f 4203 4204 4212 4211
f 4204 4205 4213 4212
f 4205 4206 4214 4213
f 4206 4199 4207 4214
f 4199 4206 4205
f 4205 4204 4203
f 4203 4202 4201
f 4201 4200 4199
f 4199 4205 4203
f 4203 4201 4199
f 4214 4207 4208
f 4208 4209 4210
f 4210 4211 4212
f 4212 4213 4214
f 4214 4208 4210
f 4210 4212 4214
o connector_wedge_0_cylinder_3
v 80.000 -1600.249 3400.000
v 80.000 -1603.178 3392.929
v 80.000 -1610.249 3390.000
v 80.000 -1617.320 3392.929
v 80.000 -1620.249 3400.000
v 80.000 -1617.320 3407.071
v 80.000 -1610.249 3410.000
v 80.000 -1603.178 3407.071
v -80.000 -1600.249 3400.000
v -80.000 -1603.178 3392.929
v -80.000 -1610.249 3390.000
v -80.000 -1617.320 3392.929
v -80.000 -1620.249 3400.000
v -80.000 -1617.320 3407.071
v -80.000 -1610.249 3410.000
v -80.000 -1603.178 3407.071
f 4215 4216 4224 4223
f 4216 4217 4225 4224
f 4217 4218 4226 4225
f 4218 4219 4227 4226
f 4219 4220 4228 4227
f 4220 4221 4229 4228
f 4221 4222 4230 4229
f 4222 4215 4223 4230
f 4215 4222 4221
f 4221 4220 4219
f 4219 4218 4217
f 4217 4216 4215
f 4215 4221 4219
f 4219 4217 4215
f 4230 4223 4224
f 4224 4225 4226
f 4226 4227 4228
f 4228 4229 4230
f 4230 4224 4226
f 4226 4228 4230
o connector_wedge_0_cylinder_4
v 80.000 -1260.498 3400.000
v 80.000 -1263.427 3392.929
v 80.000 -1270.498 3390.000
v 80.000 -1277.569 3392.929
v 80.000 -1280.498 3400.000
v 80.000 -1277.569 3407.071
v 80.000 -1270.498 3410.000
v 80.000 -1263.427 3407.071
v -80.000 -1260.498 3400.000
v -80.000 -1263.427 3392.929
v -80.000 -1270.498 3390.000
v -80.000 -1277.569 3392.929
v -80.000 -1280.498 3400.000
v -80.000 -1277.569 3407.071
v -80.000 -1270.498 3410.000
v -80.000 -1263.427 3407.071
f 4231 4232 4240 4239
f 4232 4233 4241 4240
f 4233 4234 4242 4241
f 4234 4235 4243 4242
f 4235 4236 4244 4243
f 4236 4237 4245 4244
f 4237 4238 4246 4245
f 4238 4231 4239 4246
f 4231 4238 4237
f 4237 4236 4235
f 4235 4234 4233
f 4233 4232 4231
f 4231 4237 4235
f 4235 4233 4231
f 4246 4239 4240
f 4240 4241 4242
f 4242 4243 4244
f 4244 4245 4246
f 4246 4240 4242
f 4242 4244 4246
o connector_wedge_1
v -120.598 -855.120 3303.750
v -111.080 -845.602 3514.254
v -155.819 -890.341 3508.719
v -855.120 -120.598 3303.750
v -845.602 -111.080 3514.254
v -890.341 -155.819 3508.719
f 4247 4248 4249
f 4252 4251 4250
f 4248 4247 4250 4251
f 4249 4248 4251 4252
f 4247 4249 4252 4250
o connector_wedge_1_cylinder_0
v -192.428 -682.109 3410.381
v -197.428 -677.109 3407.452
v -199.499 -675.038 3400.381
v -197.428 -677.109 3393.309
v -192.428 -682.109 3390.381
v -187.428 -687.109 3393.309
v -185.357 -689.180 3400.381
v -187.428 -687.109 3407.452
v -305.565 -795.246 3410.381
v -310.565 -790.246 3407.452
v -312.636 -788.175 3400.381
v -310.565 -790.246 3393.309
v -305.565 -795.246 3390.381
v -300.565 -800.246 3393.309
v -298.494 -802.318 3400.381
v -300.565 -800.246 3407.452
f 4253 4254 4262 4261
f 4254 4255 4263 4262
f 4255 4256 4264 4263
f 4256 4257 4265 4264
f 4257 4258 4266 4265
f 4258 4259 4267 4266
f 4259 4260 4268 4267
f 4260 4253 4261 4268
f 4253 4260 4259
f 4259 4258 4257
f 4257 4256 4255
f 4255 4254 4253
f 4253 4259 4257
f 4257 4255 4253
f 4268 4261 4262
f 4262 4263 4264
f 4264 4265 4266
f 4266 4267 4268
f 4268 4262 4264
f 4264 4266 4268
o connector_wedge_1_cylinder_1
v -437.269 -437.269 3410.381
v -442.269 -432.269 3407.452
v -444.340 -430.198 3400.381
v -442.269 -432.269 3393.309
v -437.269 -437.269 3390.381
v -432.269 -442.269 3393.309
v -430.198 -444.340 3400.381
v -432.269 -442.269 3407.452
v -550.406 -550.406 3410.381
v -555.406 -545.406 3407.452
v -557.477 -543.335 3400.381
v -555.406 -545.406 3393.309
v -550.406 -550.406 3390.381
v -545.406 -555.406 3393.309
v -543.335 -557.477 3400.381
v -545.406 -555.406 3407.452
f 4269 4270 4278 4277
f 4270 4271 4279 4278
f 4271 4272 4280 4279
f 4272 4273 4281 4280
f 4273 4274 4282 4281
f 4274 4275 4283 4282
f 4275 4276 4284 4283
f 4276 4269 4277 4284
f 4269 4276 4275
f 4275 4274 4273
f 4273 4272 4271
f 4271 4270 4269
f 4269 4275 4273
f 4273 4271 4269
f 4284 4277 4278
f 4278 4279 4280
f 4280 4281 4282
f 4282 4283 4284
f 4284 4278 4280
f 4280 4282 4284
o connector_wedge_1_cylinder_2
v -682.109 -192.428 3410.381
v -687.109 -187.428 3407.452
v -689.180 -185.357 3400.381
v -687.109 -187.428 3393.309
v -682.109 -192.428 3390.381
v -677.109 -197.428 3393.309
v -675.038 -199.499 3400.381
v -677.109 -197.428 3407.452
v -795.246 -305.565 3410.381
v -800.246 -300.565 3407.452
v -802.318 -298.494 3400.381
v -800.246 -300.565 3393.309
v -795.246 -305.565 3390.381
v -790.246 -310.565 3393.309
v -788.175 -312.636 3400.381
v -790.246 -310.565 3407.452
f 4285 4286 4294 4293
f 4286 4287 4295 4294
f 4287 4288 4296 4295
f 4288 4289 4297 4296
f 4289 4290 4298 4297
f 4290 4291 4299 4298
f 4291 4292 4300 4299
f 4292 4285 4293 4300
f 4285 4292 4291
f 4291 4290 4289
f 4289 4288 4287
f 4287 4286 4285
f 4285 4291 4289
f 4289 4287 4285
f 4300 4293 4294
f 4294 4295 4296
f 4296 4297 4298
f 4298 4299 4300
f 4300 4294 4296
f 4296 4298 4300
o connector_wedge_2
v -1100.623 0.000 3303.000
v -1100.623 31.756 3511.531
v -1100.623 -31.756 3511.531
v -2799.377 0.000 3303.000
v -2799.377 31.756 3511.531
v -2799.377 -31.756 3511.531
f 4301 4302 4303
f 4306 4305 4304
f 4302 4301 4304 4305
f 4303 4302 4305 4306
f 4301 4303 4306 4304
o connector_wedge_2_cylinder_0
v -1270.498 80.000 3410.000
v -1277.569 80.000 3407.071
v -1280.498 80.000 3400.000
v -1277.569 80.000 3392.929
v -1270.498 80.000 3390.000
v -1263.427 80.000 3392.929
v -1260.498 80.000 3400.000
v -1263.427 80.000 3407.071
v -1270.498 -80.000 3410.000
v -1277.569 -80.000 3407.071
v -1280.498 -80.000 3400.000
v -1277.569 -80.000 3392.929
v -1270.498 -80.000 3390.000
v -1263.427 -80.000 3392.929
v -1260.498 -80.000 3400.000
v -1263.427 -80.000 3407.071
f 4307 4308 4316 4315
f 4308 4309 4317 4316
f 4309 4310 4318 4317
f 4310 4311 4319 4318
f 4311 4312 4320 4319
f 4312 4313 4321 4320
f 4313 4314 4322 4321
f 4314 4307 4315 4322
f 4307 4314 4313
f 4313 4312 4311
f 4311 4310 4309
f 4309 4308 4307
f 4307 4313 4311
f 4311 4309 4307
f 4322 4315 4316
f 4316 4317 4318
f 4318 4319 4320
f 4320 4321 4322
f 4322 4316 4318
f 4318 4320 4322
o connector_wedge_2_cylinder_1
v -1610.249 80.000 3410.000
v -1617.320 80.000 3407.071
v -1620.249 80.000 3400.000
v -1617.320 80.000 3392.929
v -1610.249 80.000 3390.000
v -1603.178 80.000 3392.929
v -1600.249 80.000 3400.000
v -1603.178 80.000 3407.071
v -1610.249 -80.000 3410.000
v -1617.320 -80.000 3407.071
v -1620.249 -80.000 3400.000
v -1617.320 -80.000 3392.929
v -1610.249 -80.000 3390.000
v -1603.178 -80.000 3392.929
v -1600.249 -80.000 3400.000
v -1603.178 -80.000 3407.071
f 4323 4324 4332 4331
f 4324 4325 4333 4332
f 4325 4326 4334 4333
f 4326 4327 4335 4334
f 4327 4328 4336 4335
f 4328 4329 4337 4336
f 4329 4330 4338 4337
f 4330 4323 4331 4338
f 4323 4330 4329
f 4329 4328 4327
f 4327 4326 4325
f 4325 4324 4323
f 4323 4329 4327
f 4327 4325 4323
f 4338 4331 4332
f 4332 4333 4334
f 4334 4335 4336
f 4336 4337 4338
f 4338 4332 4334
f 4334 4336 4338
o connector_wedge_2_cylinder_2
v -1950.000 80.000 3410.000
v -1957.071 80.000 3407.071
v -1960.000 80.000 3400.000
v -1957.071 80.000 3392.929
v -1950.000 80.000 3390.000
v -1942.929 80.000 3392.929
v -1940.000 80.000 3400.000
v -1942.929 80.000 3407.071
v -1950.000 -80.000 3410.000
v -1957.071 -80.000 3407.071
v -1960.000 -80.000 3400.000
v -1957.071 -80.000 3392.929
v -1950.000 -80.000 3390.000
v -1942.929 -80.000 3392.929
v -1940.000 -80.000 3400.000
v -1942.929 -80.000 3407.071
f 4339 4340 4348 4347
f 4340 4341 4349 4348
f 4341 4342 4350 4349
f 4342 4343 4351 4350
f 4343 4344 4352 4351
f 4344 4345 4353 4352
f 4345 4346 4354 4353
f 4346 4339 4347 4354
f 4339 4346 4345
f 4345 4344 4343
f 4343 4342 4341
f 4341 4340 4339
f 4339 4345 4343
f 4343 4341 4339
f 4354 4347 4348
f 4348 4349 4350
f 4350 4351 4352
f 4352 4353 4354
f 4354 4348 4350
f 4350 4352 4354
o connector_wedge_2_cylinder_3
v -2289.751 80.000 3410.000
v -2296.822 80.000 3407.071
v -2299.751 80.000 3400.000
v -2296.822 80.000 3392.929
v -2289.751 80.000 3390.000
v -2282.680 80.000 3392.929
v -2279.751 80.000 3400.000
v -2282.680 80.000 3407.071
v -2289.751 -80.000 3410.000
v -2296.822 -80.000 3407.071
v -2299.751 -80.000 3400.000
v -2296.822 -80.000 3392.929
v -2289.751 -80.000 3390.000
v -2282.680 -80.000 3392.929
v -2279.751 -80.000 3400.000
v -2282.680 -80.000 3407.071
f 4355 4356 4364 4363
f 4356 4357 4365 4364
f 4357 4358 4366 4365
f 4358 4359 4367 4366
f 4359 4360 4368 4367
f 4360 4361 4369 4368
f 4361 4362 4370 4369
f 4362 4355 4363 4370
f 4355 4362 4361
f 4361 4360 4359
f 4359 4358 4357
f 4357 4356 4355
f 4355 4361 4359
f 4359 4357 4355
f 4370 4363 4364
f 4364 4365 4366
f 4366 4367 4368
f 4368 4369 4370
f 4370 4364 4366
f 4366 4368 4370
o connector_wedge_2_cylinder_4
v -2629.502 80.000 3410.000
v -2636.573 80.000 3407.071
v -2639.502 80.000 3400.000
v -2636.573 80.000 3392.929
v -2629.502 80.000 3390.000
v -2622.431 80.000 3392.929
v -2619.502 80.000 3400.000
v -2622.431 80.000 3407.071
v -2629.502 -80.000 3410.000
v -2636.573 -80.000 3407.071
v -2639.502 -80.000 3400.000
v -2636.573 -80.000 3392.929
v -2629.502 -80.000 3390.000
v -2622.431 -80.000 3392.929
v -2619.502 -80.000 3400.000
v -2622.431 -80.000 3407.071
f 4371 4372 4380 4379
f 4372 4373 4381 4380
f 4373 4374 4382 4381
f 4374 4375 4383 4382
f 4375 4376 4384 4383
f 4376 4377 4385 4384
f 4377 4378 4386 4385
f 4378 4371 4379 4386
f 4371 4378 4377
f 4377 4376 4375
f 4375 4374 4373
f 4373 4372 4371
f 4371 4377 4375
f 4375 4373 4371
f 4386 4379 4380
f 4380 4381 4382
f 4382 4383 4384
f 4384 4385 4386
f 4386 4380 4382
f 4382 4384 4386
o connector_wedge_3
v 2799.377 -0.000 3303.000
v 2799.377 31.756 3511.531
v 2799.377 -31.756 3511.531
v 1100.623 -0.000 3303.000
v 1100.623 31.756 3511.531
v 1100.623 -31.756 3511.531
f 4387 4388 4389
f 4392 4391 4390
f 4388 4387 4390 4391
f 4389 4388 4391 4392
f 4387 4389 4392 4390
o connector_wedge_3_cylinder_0
v 2629.502 80.000 3410.000
v 2622.431 80.000 3407.071
v 2619.502 80.000 3400.000
v 2622.431 80.000 3392.929
v 2629.502 80.000 3390.000
v 2636.573 80.000 3392.929
v 2639.502 80.000 3400.000
v 2636.573 80.000 3407.071
v 2629.502 -80.000 3410.000
v 2622.431 -80.000 3407.071
v 2619.502 -80.000 3400.000
v 2622.431 -80.000 3392.929
v 2629.502 -80.000 3390.000
v 2636.573 -80.000 3392.929
v 2639.502 -80.000 3400.000
v 2636.573 -80.000 3407.071
f 4393 4394 4402 4401
f 4394 4395 4403 4402
f 4395 4396 4404 4403
f 4396 4397 4405 4404
f 4397 4398 4406 4405
f 4398 4399 4407 4406
f 4399 4400 4408 4407
f 4400 4393 4401 4408
f 4393 4400 4399
f 4399 4398 4397
f 4397 4396 4395
f 4395 4394 4393
f 4393 4399 4397
f 4397 4395 4393
f 4408 4401 4402
f 4402 4403 4404
f 4404 4405 4406
f 4406 4407 4408
f 4408 4402 4404
f 4404 4406 4408
o connector_wedge_3_cylinder_1
v 2289.751 80.000 3410.000
v 2282.680 80.000 3407.071
v 2279.751 80.000 3400.000
v 2282.680 80.000 3392.929
v 2289.751 80.000 3390.000
v 2296.822 80.000 3392.929
v 2299.751 80.000 3400.000
v 2296.822 80.000 3407.071
v 2289.751 -80.000 3410.000
v 2282.680 -80.000 3407.071
v 2279.751 -80.000 3400.000
v 2282.680 -80.000 3392.929
v 2289.751 -80.000 3390.000
v 2296.822 -80.000 3392.929
v 2299.751 -80.000 3400.000
v 2296.822 -80.000 3407.071
f 4409 4410 4418 4417
f 4410 4411 4419 4418
f 4411 4412 4420 4419
f 4412 4413 4421 4420
f 4413 4414 4422 4421
f 4414 4415 4423 4422
f 4415 4416 4424 4423
f 4416 4409 4417 4424
f 4409 4416 4415
f 4415 4414 4413
f 4413 4412 4411
f 4411 4410 4409
f 4409 4415 4413
f 4413 4411 4409
f 4424 4417 4418
f 4418 4419 4420
f 4420 4421 4422
f 4422 4423 4424
f 4424 4418 4420
f 4420 4422 4424
o connector_wedge_3_cylinder_2
v 1950.000 80.000 3410.000
v 1942.929 80.000 3407.071
v 1940.000 80.000 3400.000
v 1942.929 80.000 3392.929
v 1950.000 80.000 3390.000
v 1957.071 80.000 3392.929
v 1960.000 80.000 3400.000
v 1957.071 80.000 3407.071
v 1950.000 -80.000 3410.000
v 1942.929 -80.000 3407.071
v 1940.000 -80.000 3400.000
v 1942.929 -80.000 3392.929
v 1950.000 -80.000 3390.000
v 1957.071 -80.000 3392.929
v 1960.000 -80.000 3400.000
v 1957.071 -80.000 3407.071
f 4425 4426 4434 4433
f 4426 4427 4435 4434
f 4427 4428 4436 4435
f 4428 4429 4437 4436
f 4429 4430 4438 4437
f 4430 4431 4439 4438
f 4431 4432 4440 4439
f 4432 4425 4433 4440
f 4425 4432 4431
f 4431 4430 4429
f 4429 4428 4427
f 4427 4426 4425
f 4425 4431 4429
f 4429 4427 4425
f 4440 4433 4434
f 4434 4435 4436
f 4436 4437 4438
f 4438 4439 4440
f 4440 4434 4436
f 4436 4438 4440
o connector_wedge_3_cylinder_3
v 1610.249 80.000 3410.000
v 1603.178 80.000 3407.071
v 1600.249 80.000 3400.000
v 1603.178 80.000 3392.929
v 1610.249 80.000 3390.000
v 1617.320 80.000 3392.929
v 1620.249 80.000 3400.000
v 1617.320 80.000 3407.071
v 1610.249 -80.000 3410.000
v 1603.178 -80.000 3407.071
v 1600.249 -80.000 3400.000
v 1603.178 -80.000 3392.929
v 1610.249 -80.000 3390.000
v 1617.320 -80.000 3392.929
v 1620.249 -80.000 3400.000
v 1617.320 -80.000 3407.071
f 4441 4442 4450 4449
f 4442 4443 4451 4450
f 4443 4444 4452 4451
f 4444 4445 4453 4452
f 4445 4446 4454 4453
f 4446 4447 4455 4454
f 4447 4448 4456 4455
f 4448 4441 4449 4456
f 4441 4448 4447
f 4447 4446 4445
f 4445 4444 4443
f 4443 4442 4441
f 4441 4447 4445
f 4445 4443 4441
f 4456 4449 4450
f 4450 4451 4452
f 4452 4453 4454
f 4454 4455 4456
f 4456 4450 4452
f 4452 4454 4456
o connector_wedge_3_cylinder_4
v 1270.498 80.000 3410.000
v 1263.427 80.000 3407.071
v 1260.498 80.000 3400.000
v 1263.427 80.000 3392.929
v 1270.498 80.000 3390.000
v 1277.569 80.000 3392.929
v 1280.498 80.000 3400.000
v 1277.569 80.000 3407.071
v 1270.498 -80.000 3410.000
v 1263.427 -80.000 3407.071
v 1260.498 -80.000 3400.000
v 1263.427 -80.000 3392.929
v 1270.498 -80.000 3390.000
v 1277.569 -80.000 3392.929
v 1280.498 -80.000 3400.000
v 1277.569 -80.000 3407.071
f 4457 4458 4466 4465
f 4458 4459 4467 4466
f 4459 4460 4468 4467
f 4460 4461 4469 4468
f 4461 4462 4470 4469
f 4462 4463 4471 4470
f 4463 4464 4472 4471
f 4464 4457 4465 4472
f 4457 4464 4463
f 4463 4462 4461
f 4461 4460 4459
f 4459 4458 4457
f 4457 4463 4461
f 4461 4459 4457
f 4472 4465 4466
f 4466 4467 4468
f 4468 4469 4470
f 4470 4471 4472
f 4472 4466 4468
f 4468 4470 4472
o connector_wedge_4
v 855.120 -120.598 3303.750
v 845.602 -111.080 3514.254
v 890.341 -155.819 3508.719
v 120.598 -855.120 3303.750
v 111.080 -845.602 3514.254
v 155.819 -890.341 3508.719
f 4473 4474 4475
f 4478 4477 4476
f 4474 4473 4476 4477
f 4475 4474 4477 4478
f 4473 4475 4478 4476
o connector_wedge_4_cylinder_0
v 682.109 -192.428 3410.381
v 677.109 -197.428 3407.452
v 675.038 -199.499 3400.381
v 677.109 -197.428 3393.309
v 682.109 -192.428 3390.381
v 687.109 -187.428 3393.309
v 689.180 -185.357 3400.381
v 687.109 -187.428 3407.452
v 795.246 -305.565 3410.381
v 790.246 -310.565 3407.452
v 788.175 -312.636 3400.381
v 790.246 -310.565 3393.309
v 795.246 -305.565 3390.381
v 800.246 -300.565 3393.309
v 802.318 -298.494 3400.381
v 800.246 -300.565 3407.452
f 4479 4480 4488 4487
f 4480 4481 4489 4488
f 4481 4482 4490 4489
f 4482 4483 4491 4490
f 4483 4484 4492 4491
f 4484 4485 4493 4492
f 4485 4486 4494 4493
f 4486 4479 4487 4494
f 4479 4486 4485
f 4485 4484 4483
f 4483 4482 4481
f 4481 4480 4479
f 4479 4485 4483
f 4483 4481 4479
f 4494 4487 4488
f 4488 4489 4490
f 4490 4491 4492
f 4492 4493 4494
f 4494 4488 4490
f 4490 4492 4494
o connector_wedge_4_cylinder_1
v 437.269 -437.269 3410.381
v 432.269 -442.269 3407.452
v 430.198 -444.340 3400.381
v 432.269 -442.269 3393.309
v 437.269 -437.269 3390.381
v 442.269 -432.269 3393.309
v 444.340 -430.198 3400.381
v 442.269 -432.269 3407.452
v 550.406 -550.406 3410.381
v 545.406 -555.406 3407.452
v 543.335 -557.477 3400.381
v 545.406 -555.406 3393.309
v 550.406 -550.406 3390.381
v 555.406 -545.406 3393.309
v 557.477 -543.335 3400.381
v 555.406 -545.406 3407.452
f 4495 4496 4504 4503
f 4496 4497 4505 4504
f 4497 4498 4506 4505
f 4498 4499 4507 4506
f 4499 4500 4508 4507
f 4500 4501 4509 4508
f 4501 4502 4510 4509
f 4502 4495 4503 4510
f 4495 4502 4501
f 4501 4500 4499
f 4499 4498 4497
f 4497 4496 4495
f 4495 4501 4499
f 4499 4497 4495
f 4510 4503 4504
f 4504 4505 4506
f 4506 4507 4508
f 4508 4509 4510
f 4510 4504 4506
f 4506 4508 4510
o connector_wedge_4_cylinder_2
v 192.428 -682.109 3410.381
v 187.428 -687.109 3407.452
v 185.357 -689.180 3400.381
v 187.428 -687.109 3393.309
v 192.428 -682.109 3390.381
v 197.428 -677.109 3393.309
v 199.499 -675.038 3400.381
v 197.428 -677.109 3407.452
v 305.565 -795.246 3410.381
v 300.565 -800.246 3407.452
v 298.494 -802.318 3400.381
v 300.565 -800.246 3393.309
v 305.565 -795.246 3390.381
v 310.565 -790.246 3393.309
v 312.636 -788.175 3400.381
v 310.565 -790.246 3407.452
f 4511 4512 4520 4519
f 4512 4513 4521 4520
f 4513 4514 4522 4521
f 4514 4515 4523 4522
f 4515 4516 4524 4523
f 4516 4517 4525 4524
f 4517 4518 4526 4525
f 4518 4511 4519 4526
f 4511 4518 4517
f 4517 4516 4515
f 4515 4514 4513
f 4513 4512 4511
f 4511 4517 4515
f 4515 4513 4511
f 4526 4519 4520
f 4520 4521 4522
f 4522 4523 4524
f 4524 4525 4526
f 4526 4520 4522
f 4522 4524 4526
o connector_wedge_5
v 0.000 2799.377 3303.000
v -31.756 2799.377 3511.531
v 31.756 2799.377 3511.531
v 0.000 1100.623 3303.000
v -31.756 1100.623 3511.531
v 31.756 1100.623 3511.531
f 4527 4528 4529
f 4532 4531 4530
f 4528 4527 4530 4531
f 4529 4528 4531 4532
f 4527 4529 4532 4530
o connector_wedge_5_cylinder_0
v -80.000 2619.502 3400.000
v -80.000 2622.431 3392.929
v -80.000 2629.502 3390.000
v -80.000 2636.573 3392.929
v -80.000 2639.502 3400.000
v -80.000 2636.573 3407.071
v -80.000 2629.502 3410.000
v -80.000 2622.431 3407.071
v 80.000 2619.502 3400.000
v 80.000 2622.431 3392.929
v 80.000 2629.502 3390.000
v 80.000 2636.573 3392.929
v 80.000 2639.502 3400.000
v 80.000 2636.573 3407.071
v 80.000 2629.502 3410.000
v 80.000 2622.431 3407.071
f 4533 4534 4542 4541
f 4534 4535 4543 4542
f 4535 4536 4544 4543
f 4536 4537 4545 4544
f 4537 4538 4546 4545
f 4538 4539 4547 4546
f 4539 4540 4548 4547
f 4540 4533 4541 4548
f 4533 4540 4539
f 4539 4538 4537
f 4537 4536 4535
f 4535 4534 4533
f 4533 4539 4537
f 4537 4535 4533
f 4548 4541 4542
f 4542 4543 4544
f 4544 4545 4546
f 4546 4547 4548
f 4548 4542 4544
f 4544 4546 4548
o connector_wedge_5_cylinder_1
v -80.000 2279.751 3400.000
v -80.000 2282.680 3392.929
v -80.000 2289.751 3390.000
v -80.000 2296.822 3392.929
v -80.000 2299.751 3400.000
v -80.000 2296.822 3407.071
v -80.000 2289.751 3410.000
v -80.000 2282.680 3407.071
v 80.000 2279.751 3400.000
v 80.000 2282.680 3392.929
v 80.000 2289.751 3390.000
v 80.000 2296.822 3392.929
v 80.000 2299.751 3400.000
v 80.000 2296.822 3407.071
v 80.000 2289.751 3410.000
v 80.000 2282.680 3407.071
f 4549 4550 4558 4557
f 4550 4551 4559 4558
f 4551 4552 4560 4559
f 4552 4553 4561 4560
f 4553 4554 4562 4561
f 4554 4555 4563 4562
f 4555 4556 4564 4563
f 4556 4549 4557 4564
f 4549 4556 4555
f 4555 4554 4553
f 4553 4552 4551
f 4551 4550 4549
f 4549 4555 4553
f 4553 4551 4549
f 4564 4557 4558
f 4558 4559 4560
f 4560 4561 4562
f 4562 4563 4564
f 4564 4558 4560
f 4560 4562 4564
o connector_wedge_5_cylinder_2
v -80.000 1940.000 3400.000
v -80.000 1942.929 3392.929
v -80.000 1950.000 3390.000
v -80.000 1957.071 3392.929
v -80.000 1960.000 3400.000
v -80.000 1957.071 3407.071
v -80.000 1950.000 3410.000
v -80.000 1942.929 3407.071
v 80.000 1940.000 3400.000
v 80.000 1942.929 3392.929
v 80.000 1950.000 3390.000
v 80.000 1957.071 3392.929
v 80.000 1960.000 3400.000
v 80.000 1957.071 3407.071
v 80.000 1950.000 3410.000
v 80.000 1942.929 3407.071
f 4565 4566 4574 4573
f 4566 4567 4575 4574
f 4567 4568 4576 4575
f 4568 4569 4577 4576
f 4569 4570 4578 4577
f 4570 4571 4579 4578
f 4571 4572 4580 4579
f 4572 4565 4573 4580
f 4565 4572 4571
f 4571 4570 4569
f 4569 4568 4567
f 4567 4566 4565
f 4565 4571 4569
f 4569 4567 4565
f 4580 4573 4574
f 4574 4575 4576
f 4576 4577 4578
f 4578 4579 4580
f 4580 4574 4576
f 4576 4578 4580
o connector_wedge_5_cylinder_3
v -80.000 1600.249 3400.000
v -80.000 1603.178 3392.929
v -80.000 1610.249 3390.000
v -80.000 1617.320 3392.929
v -80.000 1620.249 3400.000
v -80.000 1617.320 3407.071
v -80.000 1610.249 3410.000
v -80.000 1603.178 3407.071
v 80.000 1600.249 3400.000
v 80.000 1603.178 3392.929
v 80.000 1610.249 3390.000
v 80.000 1617.320 3392.929
v 80.000 1620.249 3400.000
v 80.000 1617.320 3407.071
v 80.000 1610.249 3410.000
v 80.000 1603.178 3407.071
f 4581 4582 4590 4589
f 4582 4583 4591 4590
f 4583 4584 4592 4591
f 4584 4585 4593 4592
f 4585 4586 4594 4593
f 4586 4587 4595 4594
f 4587 4588 4596 4595
f 4588 4581 4589 4596
f 4581 4588 4587
f 4587 4586 4585
f 4585 4584 4583
f 4583 4582 4581
f 4581 4587 4585
f 4585 4583 4581
f 4596 4589 4590
f 4590 4591 4592
f 4592 4593 4594
f 4594 4595 4596
f 4596 4590 4592
f 4592 4594 4596
o connector_wedge_5_cylinder_4
v -80.000 1260.498 3400.000
v -80.000 1263.427 3392.929
v -80.000 1270.498 3390.000
v -80.000 1277.569 3392.929
v -80.000 1280.498 3400.000
v -80.000 1277.569 3407.071
v -80.000 1270.498 3410.000
v -80.000 1263.427 3407.071
v 80.000 1260.498 3400.000
v 80.000 1263.427 3392.929
v 80.000 1270.498 3390.000
v 80.000 1277.569 3392.929
v 80.000 1280.498 3400.000
v 80.000 1277.569 3407.071
v 80.000 1270.498 3410.000
v 80.000 1263.427 3407.071
f 4597 4598 4606 4605
f 4598 4599 4607 4606
f 4599 4600 4608 4607
f 4600 4601 4609 4608
f 4601 4602 4610 4609
f 4602 4603 4611 4610
f 4603 4604 4612 4611
f 4604 4597 4605 4612
f 4597 4604 4603
f 4603 4602 4601
f 4601 4600 4599
f 4599 4598 4597
f 4597 4603 4601
f 4601 4599 4597
f 4612 4605 4606
f 4606 4607 4608
f 4608 4609 4610
f 4610 4611 4612
f 4612 4606 4608
f 4608 4610 4612
o connector_wedge_6
v 120.598 855.120 3303.750
v 111.080 845.602 3514.254
v 155.819 890.341 3508.719
v 855.120 120.598 3303.750
v 845.602 111.080 3514.254
v 890.341 155.819 3508.719
f 4613 4614 4615
f 4618 4617 4616
f 4614 4613 4616 4617
f 4615 4614 4617 4618
f 4613 4615 4618 4616
o connector_wedge_6_cylinder_0
v 192.428 682.109 3390.381
v 187.428 687.109 3393.309
v 185.357 689.180 3400.381
v 187.428 687.109 3407.452
v 192.428 682.109 3410.381
v 197.428 677.109 3407.452
v 199.499 675.038 3400.381
v 197.428 677.109 3393.309
v 305.565 795.246 3390.381
v 300.565 800.246 3393.309
v 298.494 802.318 3400.381
v 300.565 800.246 3407.452
v 305.565 795.246 3410.381
v 310.565 790.246 3407.452
v 312.636 788.175 3400.381
v 310.565 790.246 3393.309
f 4619 4620 4628 4627
f 4620 4621 4629 4628
f 4621 4622 4630 4629
f 4622 4623 4631 4630
f 4623 4624 4632 4631
f 4624 4625 4633 4632
f 4625 4626 4634 4633
f 4626 4619 4627 4634
f 4619 4626 4625
f 4625 4624 4623
f 4623 4622 4621
f 4621 4620 4619
f 4619 4625 4623
f 4623 4621 4619
f 4634 4627 4628
f 4628 4629 4630
f 4630 4631 4632
f 4632 4633 4634
f 4634 4628 4630
f 4630 4632 4634
o connector_wedge_6_cylinder_1
v 437.269 437.269 3390.381
v 432.269 442.269 3393.309
v 430.198 444.340 3400.381
v 432.269 442.269 3407.452
v 437.269 437.269 3410.381
v 442.269 432.269 3407.452
v 444.340 430.198 3400.381
v 442.269 432.269 3393.309
v 550.406 550.406 3390.381
v 545.406 555.406 3393.309
v 543.335 557.477 3400.381
v 545.406 555.406 3407.452
v 550.406 550.406 3410.381
v 555.406 545.406 3407.452
v 557.477 543.335 3400.381
v 555.406 545.406 3393.309
f 4635 4636 4644 4643
f 4636 4637 4645 4644
f 4637 4638 4646 4645
f 4638 4639 4647 4646
f 4639 4640 4648 4647
f 4640 4641 4649 4648
f 4641 4642 4650 4649
f 4642 4635 4643 4650
f 4635 4642 4641
f 4641 4640 4639
f 4639 4638 4637
f 4637 4636 4635
f 4635 4641 4639
f 4639 4637 4635
f 4650 4643 4644
f 4644 4645 4646
f 4646 4647 4648
f 4648 4649 4650
f 4650 4644 4646
f 4646 4648 4650
o connector_wedge_6_cylinder_2
v 682.109 192.428 3390.381
v 677.109 197.428 3393.309
v 675.038 199.499 3400.381
v 677.109 197.428 3407.452
v 682.109 192.428 3410.381
v 687.109 187.428 3407.452
v 689.180 185.357 3400.381
v 687.109 187.428 3393.309
v 795.246 305.565 3390.381
v 790.246 310.565 3393.309
v 788.175 312.636 3400.381
v 790.246 310.565 3407.452
v 795.246 305.565 3410.381
v 800.246 300.565 3407.452
v 802.318 298.494 3400.381
v 800.246 300.565 3393.309
f 4651 4652 4660 4659
f 4652 4653 4661 4660
f 4653 4654 4662 4661
f 4654 4655 4663 4662
f 4655 4656 4664 4663
f 4656 4657 4665 4664
f 4657 4658 4666 4665
f 4658 4651 4659 4666
f 4651 4658 4657
f 4657 4656 4655
f 4655 4654 4653
f 4653 4652 4651
f 4651 4657 4655
f 4655 4653 4651
f 4666 4659 4660
f 4660 4661 4662
f 4662 4663 4664
f 4664 4665 4666
f 4666 4660 4662
f 4662 4664 4666
o connector_wedge_7
v -855.120 120.598 3303.750
v -845.602 111.080 3514.254
v -890.341 155.819 3508.719
v -120.598 855.120 3303.750
v -111.080 845.602 3514.254
v -155.819 890.341 3508.719
f 4667 4668 4669
f 4672 4671 4670
f 4668 4667 4670 4671
f 4669 4668 4671 4672
f 4667 4669 4672 4670
o connector_wedge_7_cylinder_0
v -682.109 192.428 3390.381
v -687.109 187.428 3393.309
v -689.180 185.357 3400.381
v -687.109 187.428 3407.452
v -682.109 192.428 3410.381
v -677.109 197.428 3407.452
v -675.038 199.499 3400.381
v -677.109 197.428 3393.309
v -795.246 305.565 3390.381
v -800.246 300.565 3393.309
v -802.318 298.494 3400.381
v -800.246 300.565 3407.452
v -795.246 305.565 3410.381
v -790.246 310.565 3407.452
v -788.175 312.636 3400.381
v -790.246 310.565 3393.309
f 4673 4674 4682 4681
f 4674 4675 4683 4682
f 4675 4676 4684 4683
f 4676 4677 4685 4684
f 4677 4678 4686 4685
f 4678 4679 4687 4686
f 4679 4680 4688 4687
f 4680 4673 4681 4688
f 4673 4680 4679
f 4679 4678 4677
f 4677 4676 4675
f 4675 4674 4673
f 4673 4679 4677
f 4677 4675 4673
f 4688 4681 4682
f 4682 4683 4684
f 4684 4685 4686
f 4686 4687 4688
f 4688 4682 4684
f 4684 4686 4688
o connector_wedge_7_cylinder_1
v -437.269 437.269 3390.381
v -442.269 432.269 3393.309
v -444.340 430.198 3400.381
v -442.269 432.269 3407.452
v -437.269 437.269 3410.381
v -432.269 442.269 3407.452
v -430.198 444.340 3400.381
v -432.269 442.269 3393.309
v -550.406 550.406 3390.381
v -555.406 545.406 3393.309
v -557.477 543.335 3400.381
v -555.406 545.406 3407.452
v -550.406 550.406 3410.381
v -545.406 555.406 3407.452
v -543.335 557.477 3400.381
v -545.406 555.406 3393.309
f 4689 4690 4698 4697
f 4690 4691 4699 4698
f 4691 4692 4700 4699
f 4692 4693 4701 4700
f 4693 4694 4702 4701
f 4694 4695 4703 4702
f 4695 4696 4704 4703
f 4696 4689 4697 4704
f 4689 4696 4695
f 4695 4694 4693
f 4693 4692 4691
f 4691 4690 4689
f 4689 4695 4693
f 4693 4691 4689
f 4704 4697 4698
f 4698 4699 4700
f 4700 4701 4702
f 4702 4703 4704
f 4704 4698 4700
f 4700 4702 4704
o connector_wedge_7_cylinder_2
v -192.428 682.109 3390.381
v -197.428 677.109 3393.309
v -199.499 675.038 3400.381
v -197.428 677.109 3407.452
v -192.428 682.109 3410.381
v -187.428 687.109 3407.452
v -185.357 689.180 3400.381
v -187.428 687.109 3393.309
v -305.565 795.246 3390.381
v -310.565 790.246 3393.309
v -312.636 788.175 3400.381
v -310.565 790.246 3407.452
v -305.565 795.246 3410.381
v -300.565 800.246 3407.452
v -298.494 802.318 3400.381
v -300.565 800.246 3393.309
f 4705 4706 4714 4713
f 4706 4707 4715 4714
f 4707 4708 4716 4715
f 4708 4709 4717 4716
f 4709 4710 4718 4717
f 4710 4711 4719 4718
f 4711 4712 4720 4719
f 4712 4705 4713 4720
f 4705 4712 4711
f 4711 4710 4709
f 4709 4708 4707
f 4707 4706 4705
f 4705 4711 4709
f 4709 4707 4705
f 4720 4713 4714
f 4714 4715 4716
f 4716 4717 4718
f 4718 4719 4720
f 4720 4714 4716
f 4716 4718 4720
o support_0
v -2820.000 -2820.000 0.000
v -2820.000 -2960.000 0.000
v -2960.000 -2960.000 12.000
v -2960.000 -2960.000 0.000
v -2960.000 -2820.000 12.000
v -2960.000 -2820.000 0.000
v -2820.000 -2820.000 12.000
v -2820.000 -2960.000 12.000
v -2830.500 -2942.000 12.000
v -2834.250 -2948.495 12.000
v -2841.750 -2948.495 12.000
v -2938.250 -2948.495 12.000
v -2934.500 -2942.000 12.000
v -2949.500 -2942.000 12.000
v -2945.750 -2948.495 12.000
v -2938.250 -2935.505 12.000
v -2841.750 -2831.505 12.000
v -2845.500 -2838.000 12.000
v -2830.500 -2838.000 12.000
v -2834.250 -2831.505 12.000
v -2834.250 -2844.495 12.000
v -2841.750 -2844.495 12.000
v -2934.500 -2838.000 12.000
v -2949.500 -2838.000 12.000
v -2945.750 -2844.495 12.000
v -2945.750 -2831.505 12.000
v -2938.250 -2831.505 12.000
v -2879.500 -2908.187 12.000
v -2869.000 -2890.000 12.000
v -2911.000 -2890.000 12.000
v -2879.500 -2871.813 12.000
v -2830.500 -2942.000 0.000
v -2834.250 -2948.495 0.000
v -2841.750 -2948.495 0.000
v -2938.250 -2948.495 0.000
v -2949.500 -2942.000 0.000
v -2945.750 -2948.495 0.000
v -2841.750 -2831.505 0.000
v -2830.500 -2838.000 0.000
v -2834.250 -2831.505 0.000
v -2949.500 -2838.000 0.000
v -2945.750 -2831.505 0.000
v -2938.250 -2831.505 0.000
v -2845.500 -2942.000 12.000
v -2845.500 -2942.000 0.000
v -2841.750 -2935.505 12.000
v -2841.750 -2935.505 0.000
v -2834.250 -2935.505 12.000
v -2834.250 -2935.505 0.000
v -2945.750 -2935.505 12.000
v -2945.750 -2935.505 0.000
v -2938.250 -2935.505 0.000
v -2934.500 -2942.000 0.000
v -2845.500 -2838.000 0.000
v -2834.250 -2844.495 0.000
v -2841.750 -2844.495 0.000
v -2938.250 -2844.495 12.000
v -2938.250 -2844.495 0.000
v -2945.750 -2844.495 0.000
v -2934.500 -2838.000 0.000
v -2837.000 -2890.000 138.000
v -2863.500 -2935.899 138.000
v -2916.500 -2935.899 138.000
v -2943.000 -2890.000 138.000
v -2916.500 -2844.101 138.000
v -2863.500 -2844.101 138.000
v -2837.000 -2890.000 150.000
v -2863.500 -2935.899 150.000
v -2916.500 -2935.899 150.000
v -2943.000 -2890.000 150.000
v -2916.500 -2844.101 150.000
v -2863.500 -2844.101 150.000
v -2858.250 -2890.000 138.000
v -2874.125 -2862.504 138.000
v -2905.875 -2862.504 138.000
v -2921.750 -2890.000 138.000
v -2905.875 -2917.496 138.000
v -2874.125 -2917.496 138.000
v -2874.125 -2862.504 108.000
v -2905.875 -2862.504 108.000
v -2921.750 -2890.000 108.000
v -2905.875 -2917.496 108.000
v -2874.125 -2917.496 108.000
v -2858.250 -2890.000 108.000
v -2875.000 -2890.000 108.000
v -2882.500 -2902.990 108.000
v -2897.500 -2902.990 108.000
v -2905.000 -2890.000 108.000
v -2897.500 -2877.010 108.000
v -2882.500 -2877.010 108.000
v -2875.000 -2890.000 64.000
v -2905.000 -2890.000 64.000
v -2882.500 -2877.010 64.000
v -2879.500 -2908.187 64.000
v -2900.500 -2908.187 64.000
v -2900.500 -2908.187 12.000
v -2911.000 -2890.000 64.000
v -2900.500 -2871.813 64.000
v -2900.500 -2871.813 12.000
v -2879.500 -2871.813 64.000
v -2869.000 -2890.000 64.000
v -2897.500 -2902.990 64.000
v -2882.500 -2902.990 64.000
v -2897.500 -2877.010 64.000
f 4726 4725 4727
f 4721 4727 4728
f 4722 4728 4723
f 4724 4723 4725
f 4744 4746 4725
f 4747 4725 4746
f 4723 4734 4744
f 4745 4744 4734
f 4743 4819 4738
f 4750 4777 4745
f 4743 4777 4819
f 4747 4743 4737
f 4725 4747 4737
f 4819 4777 4750
f 4732 4735 4723
f 4734 4723 4735
f 4736 4816 4750
f 4816 4736 4733
f 4733 4732 4731
f 4764 4816 4733
f 4770 4736 4750
f 4750 4745 4770
f 4732 4723 4731
f 4742 4751 4749
f 4738 4751 4742
f 4739 4727 4740
f 4737 4740 4727
f 4739 4741 4768
f 4727 4739 4729
f 4741 4742 4749
f 4766 4748 4764
f 4749 4748 4766
f 4748 4816 4764
f 4749 4766 4768
f 4728 4729 4730
f 4731 4728 4730
f 4768 4741 4749
f 4724 4726 4761
f 4762 4761 4726
f 4779 4771 4756
f 4726 4763 4762
f 4772 4778 4776
f 4763 4758 4780
f 4726 4721 4758
f 4778 4772 4771
f 4757 4724 4756
f 4772 4767 4773
f 4724 4757 4755
f 4773 4765 4754
f 4755 4754 4724
f 4780 4774 4776
f 4759 4760 4721
f 4758 4721 4760
f 4759 4752 4769
f 4721 4722 4752
f 4775 4769 4767
f 4754 4753 4722
f 4752 4722 4753
f 4765 4767 4766
f 4767 4769 4768
f 4769 4752 4729
f 4752 4753 4730
f 4753 4754 4731
f 4754 4765 4764
f 4773 4755 4732
f 4755 4757 4735
f 4757 4756 4734
f 4756 4771 4770
f 4771 4772 4736
f 4772 4773 4733
f 4774 4758 4737
f 4758 4760 4740
f 4760 4759 4739
f 4759 4775 4741
f 4775 4776 4742
f 4776 4774 4738
f 4780 4778 4777
f 4778 4779 4745
f 4779 4761 4744
f 4761 4762 4746
f 4762 4763 4747
f 4763 4780 4743
f 4781 4787 4788
f 4782 4788 4789
f 4783 4789 4790
f 4784 4790 4791
f 4785 4791 4792
f 4786 4792 4787
f 4782 4798 4781
f 4793 4781 4798
f 4783 4798 4782
f 4786 4781 4794
f 4793 4794 4781
f 4785 4786 4794
f 4784 4796 4797
f 4798 4783 4797
f 4783 4784 4797
f 4785 4795 4784
f 4796 4784 4795
f 4794 4795 4785
f 4793 4804 4799
f 4794 4799 4800
f 4795 4800 4801
f 4796 4801 4802
f 4797 4802 4803
f 4798 4803 4804
f 4807 4802 4801
f 4806 4802 4807
f 4808 4807 4801
f 4800 4809 4801
f 4808 4801 4809
f 4799 4809 4800
f 4804 4806 4805
f 4802 4806 4803
f 4803 4806 4804
f 4799 4804 4810
f 4805 4810 4804
f 4809 4799 4810
f 4811 4805 4806
f 4822 4807 4808
f 4812 4808 4809
f 4813 4810 4805
f 4749 4821 4814
f 4748 4814 4815
f 4816 4815 4817
f 4750 4817 4818
f 4819 4818 4820
f 4751 4820 4821
f 4823 4814 4821
f 4822 4814 4823
f 4811 4823 4821
f 4821 4820 4813
f 4818 4813 4820
f 4811 4821 4813
f 4817 4822 4812
f 4814 4822 4815
f 4815 4822 4817
f 4818 4817 4824
f 4812 4824 4817
f 4813 4818 4824
f 4822 4806 4807
f 4806 4822 4823
f 4810 4824 4809
f 4824 4810 4813
f 4726 4727 4721
f 4721 4728 4722
f 4722 4723 4724
f 4724 4725 4726
f 4723 4744 4725
f 4745 4734 4770
f 4819 4751 4738
f 4743 4738 4737
f 4725 4737 4727
f 4733 4731 4764
f 4723 4728 4731
f 4739 4768 4729
f 4727 4729 4728
f 4724 4761 4756
f 4779 4756 4761
f 4772 4776 4767
f 4758 4774 4780
f 4726 4758 4763
f 4778 4771 4779
f 4767 4765 4773
f 4773 4754 4755
f 4754 4722 4724
f 4780 4776 4778
f 4759 4769 4775
f 4721 4752 4759
f 4775 4767 4776
f 4765 4766 4764
f 4767 4768 4766
f 4769 4729 4768
f 4752 4730 4729
f 4753 4731 4730
f 4754 4764 4731
f 4773 4732 4733
f 4755 4735 4732
f 4757 4734 4735
f 4756 4770 4734
f 4771 4736 4770
f 4772 4733 4736
f 4774 4737 4738
f 4758 4740 4737
f 4760 4739 4740
f 4759 4741 4739
f 4775 4742 4741
f 4776 4738 4742
f 4780 4777 4743
f 4778 4745 4777
f 4779 4744 4745
f 4761 4746 4744
f 4762 4747 4746
f 4763 4743 4747
f 4781 4788 4782
f 4782 4789 4783
f 4783 4790 4784
f 4784 4791 4785
f 4785 4792 4786
f 4786 4787 4781
f 4793 4799 4794
f 4794 4800 4795
f 4795 4801 4796
f 4796 4802 4797
f 4797 4803 4798
f 4798 4804 4793
f 4811 4806 4823
f 4822 4808 4812
f 4812 4809 4824
f 4813 4805 4811
f 4749 4814 4748
f 4748 4815 4816
f 4816 4817 4750
f 4750 4818 4819
f 4819 4820 4751
f 4751 4821 4749
f 4791 4787 4792
f 4790 4787 4791
f 4790 4789 4787
f 4788 4787 4789
o column_0
v -3000.000 -3000.000 150.000
v -3000.000 -3000.000 3500.000
v -3000.000 -2965.000 3250.000
v -3000.000 -2965.000 3500.000
v -2965.000 -3000.000 3250.000
v -2965.000 -3000.000 3500.000
v -2965.000 -2965.000 3250.000
v -2965.000 -2965.000 3500.000
v -3000.000 -2935.000 3250.000
v -3000.000 -2935.000 3500.000
v -2965.000 -2935.000 3250.000
v -2965.000 -2935.000 3500.000
v -2935.000 -3000.000 3250.000
v -2935.000 -3000.000 3500.000
v -2935.000 -2965.000 3250.000
v -2935.000 -2965.000 3500.000
v -2935.000 -2935.000 3250.000
v -2935.000 -2935.000 3500.000
v -3000.000 -2871.847 3315.433
v -3000.000 -2873.750 3325.000
v -3000.000 -2871.847 3334.567
v -3000.000 -2871.847 3415.433
v -3000.000 -2873.750 3425.000
v -3000.000 -2871.847 3434.567
v -3000.000 -2866.428 3307.322
v -3000.000 -2866.428 3342.678
v -3000.000 -2866.428 3407.322
v -3000.000 -2866.428 3442.678
v -3000.000 -2858.317 3301.903
v -3000.000 -2858.317 3348.097
v -3000.000 -2848.750 3300.000
v -3000.000 -2848.750 3350.000
v -3000.000 -2858.317 3401.903
v -3000.000 -2858.317 3448.097
v -3000.000 -2848.750 3400.000
v -3000.000 -2848.750 3450.000
v -3000.000 -2839.183 3301.903
v -3000.000 -2839.183 3348.097
v -3000.000 -2839.183 3401.903
v -3000.000 -2839.183 3448.097
v -2965.000 -2871.847 3315.433
v -2965.000 -2873.750 3325.000
v -2965.000 -2871.847 3334.567
v -2965.000 -2871.847 3415.433
v -2965.000 -2873.750 3425.000
v -2965.000 -2871.847 3434.567
v -2965.000 -2866.428 3307.322
v -2965.000 -2866.428 3342.678
v -2965.000 -2866.428 3407.322
v -2965.000 -2866.428 3442.678
v -2965.000 -2858.317 3301.903
v -2965.000 -2858.317 3348.097
v -2965.000 -2848.750 3300.000
v -2965.000 -2848.750 3350.000
v -2965.000 -2858.317 3401.903
v -2965.000 -2858.317 3448.097
v -2965.000 -2848.750 3400.000
v -2965.000 -2848.750 3450.000
v -2965.000 -2839.183 3301.903
v -2965.000 -2839.183 3348.097
v -2965.000 -2839.183 3401.903
v -2965.000 -2839.183 3448.097
v -2935.000 -2871.847 3315.433
v -2935.000 -2873.750 3325.000
v -2935.000 -2871.847 3334.567
v -2935.000 -2871.847 3415.433
v -2935.000 -2873.750 3425.000
v -2935.000 -2871.847 3434.567
v -2935.000 -2866.428 3307.322
v -2935.000 -2866.428 3342.678
v -2935.000 -2866.428 3407.322
v -2935.000 -2866.428 3442.678
v -2935.000 -2858.317 3301.903
v -2935.000 -2858.317 3348.097
v -2935.000 -2848.750 3300.000
v -2935.000 -2848.750 3350.000
v -2935.000 -2858.317 3401.903
v -2935.000 -2858.317 3448.097
v -2935.000 -2848.750 3400.000
v -2935.000 -2848.750 3450.000
v -2935.000 -2839.183 3301.903
v -2935.000 -2839.183 3348.097
v -2935.000 -2839.183 3401.903
v -2935.000 -2839.183 3448.097
v -2871.847 -3000.000 3315.433
v -2873.750 -3000.000 3325.000
v -2871.847 -3000.000 3334.567
v -2871.847 -3000.000 3415.433
v -2873.750 -3000.000 3425.000
v -2871.847 -3000.000 3434.567
v -2866.428 -3000.000 3307.322
v -2866.428 -3000.000 3342.678
v -2866.428 -3000.000 3407.322
v -2866.428 -3000.000 3442.678
v -2871.847 -2965.000 3315.433
v -2873.750 -2965.000 3325.000
v -2871.847 -2965.000 3334.567
v -2871.847 -2965.000 3415.433
v -2873.750 -2965.000 3425.000
v -2871.847 -2965.000 3434.567
v -2866.428 -2965.000 3307.322
v -2866.428 -2965.000 3342.678
v -2866.428 -2965.000 3407.322
v -2866.428 -2965.000 3442.678
v -2858.317 -3000.000 3301.903
v -2858.317 -3000.000 3348.097
v -2848.750 -3000.000 3300.000
v -2848.750 -3000.000 3350.000
v -2858.317 -3000.000 3401.903
v -2858.317 -3000.000 3448.097
v -2848.750 -3000.000 3400.000
v -2848.750 -3000.000 3450.000
v -2839.183 -3000.000 3301.903
v -2839.183 -3000.000 3348.097
v -2839.183 -3000.000 3401.903
v -2839.183 -3000.000 3448.097
v -2858.317 -2965.000 3301.903
v -2858.317 -2965.000 3348.097
v -2848.750 -2965.000 3300.000
v -2848.750 -2965.000 3350.000
v -2858.317 -2965.000 3401.903
v -2858.317 -2965.000 3448.097
v -2848.750 -2965.000 3400.000
v -2848.750 -2965.000 3450.000
v -2839.183 -2965.000 3301.903
v -2839.183 -2965.000 3348.097
v -2839.183 -2965.000 3401.903
v -2839.183 -2965.000 3448.097
v -2871.847 -2935.000 3315.433
v -2873.750 -2935.000 3325.000
v -2871.847 -2935.000 3334.567
v -2871.847 -2935.000 3415.433
v -2873.750 -2935.000 3425.000
v -2871.847 -2935.000 3434.567
v -2866.428 -2935.000 3307.322
v -2866.428 -2935.000 3342.678
v -2866.428 -2935.000 3407.322
v -2866.428 -2935.000 3442.678
v -2858.317 -2935.000 3301.903
v -2858.317 -2935.000 3348.097
v -2848.750 -2935.000 3300.000
v -2848.750 -2935.000 3350.000
v -2858.317 -2935.000 3401.903
v -2858.317 -2935.000 3448.097
v -2848.750 -2935.000 3400.000
v -2848.750 -2935.000 3450.000
v -2839.183 -2935.000 3301.903
v -2839.183 -2935.000 3348.097
v -2839.183 -2935.000 3401.903
v -2839.183 -2935.000 3448.097
v -2875.000 -2871.847 3315.433
v -2875.000 -2873.750 3325.000
v -2875.000 -2871.847 3334.567
v -2871.847 -2875.000 3315.433
v -2873.750 -2875.000 3325.000
v -2871.847 -2875.000 3334.567
v -2875.000 -2871.847 3415.433
v -2875.000 -2873.750 3425.000
v -2875.000 -2871.847 3434.567
v -2871.847 -2875.000 3415.433
v -2873.750 -2875.000 3425.000
v -2871.847 -2875.000 3434.567
v -2875.000 -2866.428 3307.322
v -2875.000 -2866.428 3342.678
v -2875.000 -2866.428 3407.322
v -2875.000 -2866.428 3442.678
v -2866.428 -2875.000 3307.322
v -2866.428 -2875.000 3342.678
v -2866.428 -2875.000 3407.322
v -2866.428 -2875.000 3442.678
v -2875.000 -2858.317 3301.903
v -2875.000 -2858.317 3348.097
v -2875.000 -2848.750 3300.000
v -2875.000 -2848.750 3325.000
v -2875.000 -2848.750 3350.000
v -2875.000 -2858.317 3401.903
v -2875.000 -2858.317 3448.097
v -2875.000 -2848.750 3400.000
v -2875.000 -2848.750 3425.000
v -2875.000 -2848.750 3450.000
v -2875.000 -2839.183 3301.903
v -2875.000 -2839.183 3348.097
v -2875.000 -2839.183 3401.903
v -2875.000 -2839.183 3448.097
v -2858.317 -2875.000 3301.903
v -2858.317 -2875.000 3348.097
v -2848.750 -2875.000 3300.000
v -2848.750 -2875.000 3325.000
v -2848.750 -2875.000 3350.000
v -2858.317 -2875.000 3401.903
v -2858.317 -2875.000 3448.097
v -2848.750 -2875.000 3400.000
v -2848.750 -2875.000 3425.000
v -2848.750 -2875.000 3450.000
v -2839.183 -2875.000 3301.903
v -2839.183 -2875.000 3348.097
v -2839.183 -2875.000 3401.903
v -2839.183 -2875.000 3448.097
v -3000.000 -2780.000 150.000
v -3000.000 -2831.072 3307.322
v -3000.000 -2831.072 3342.678
v -3000.000 -2831.072 3407.322
v -3000.000 -2831.072 3442.678
v -3000.000 -2825.653 3315.433
v -3000.000 -2825.653 3334.567
v -3000.000 -2823.750 3325.000
v -3000.000 -2825.653 3415.433
v -3000.000 -2825.653 3434.567
v -3000.000 -2823.750 3425.000
v -2965.000 -2831.072 3307.322
v -2965.000 -2831.072 3342.678
v -2965.000 -2831.072 3407.322
v -2965.000 -2831.072 3442.678
v -2965.000 -2825.653 3315.433
v -2965.000 -2825.653 3334.567
v -2965.000 -2823.750 3325.000
v -2965.000 -2825.653 3415.433
v -2965.000 -2825.653 3434.567
v -2965.000 -2823.750 3425.000
v -3000.000 -2780.000 2770.000
v -3000.000 -2780.000 3500.000
v -2965.000 -2780.000 3500.000
v -2935.000 -2831.072 3307.322
v -2935.000 -2831.072 3342.678
v -2935.000 -2831.072 3407.322
v -2935.000 -2831.072 3442.678
v -2935.000 -2825.653 3315.433
v -2935.000 -2825.653 3334.567
v -2935.000 -2823.750 3325.000
v -2935.000 -2825.653 3415.433
v -2935.000 -2825.653 3434.567
v -2935.000 -2823.750 3425.000
v -2935.000 -2780.000 3500.000
v -2965.000 -2742.937 3250.000
v -2965.000 -2749.235 3292.480
v -3000.000 -2677.032 2805.450
v -2935.000 -2742.937 3250.000
v -2880.000 -2780.000 3500.000
v -2875.000 -2831.072 3307.322
v -2875.000 -2831.072 3342.678
v -2875.000 -2831.072 3407.322
v -2875.000 -2831.072 3442.678
v -2875.000 -2825.653 3315.433
v -2875.000 -2825.653 3334.567
v -2875.000 -2823.750 3325.000
v -2875.000 -2825.653 3415.433
v -2875.000 -2825.653 3434.567
v -2875.000 -2823.750 3425.000
v -2780.000 -3000.000 150.000
v -2831.072 -3000.000 3307.322
v -2831.072 -3000.000 3342.678
v -2831.072 -3000.000 3407.322
v -2831.072 -3000.000 3442.678
v -2825.653 -3000.000 3315.433
v -2825.653 -3000.000 3334.567
v -2823.750 -3000.000 3325.000
v -2825.653 -3000.000 3415.433
v -2825.653 -3000.000 3434.567
v -2823.750 -3000.000 3425.000
v -2831.072 -2965.000 3307.322
v -2831.072 -2965.000 3342.678
v -2831.072 -2965.000 3407.322
v -2831.072 -2965.000 3442.678
v -2825.653 -2965.000 3315.433
v -2825.653 -2965.000 3334.567
v -2823.750 -2965.000 3325.000
v -2825.653 -2965.000 3415.433
v -2825.653 -2965.000 3434.567
v -2823.750 -2965.000 3425.000
v -2831.072 -2935.000 3307.322
v -2831.072 -2935.000 3342.678
v -2831.072 -2935.000 3407.322
v -2831.072 -2935.000 3442.678
v -2825.653 -2935.000 3315.433
v -2825.653 -2935.000 3334.567
v -2823.750 -2935.000 3325.000
v -2825.653 -2935.000 3415.433
v -2825.653 -2935.000 3434.567
v -2823.750 -2935.000 3425.000
v -2780.000 -3000.000 2770.000
v -2780.000 -3000.000 3500.000
v -2780.000 -2965.000 3500.000
v -2769.651 -2965.000 3430.190
v -2780.000 -2935.000 3500.000
v -2831.072 -2875.000 3307.322
v -2831.072 -2875.000 3342.678
v -2831.072 -2875.000 3407.322
v -2831.072 -2875.000 3442.678
v -2825.653 -2875.000 3315.433
v -2825.653 -2875.000 3334.567
v -2823.750 -2875.000 3325.000
v -2825.653 -2875.000 3415.433
v -2825.653 -2875.000 3434.567
v -2823.750 -2875.000 3425.000
v -2780.000 -2880.000 3500.000
v -2742.937 -2965.000 3250.000
v -2742.937 -2935.000 3250.000
v -2749.235 -2935.000 3292.480
v -2677.032 -3000.000 2805.450
v -2780.000 -2780.000 150.000
v -2780.000 -2780.000 2770.000
v -2809.772 -2677.032 2805.450
v -2677.032 -2809.772 2805.450
f 4825 4826 5023
f 4825 5023 5124
f 4825 5124 5073
f 4825 5073 5104
f 4825 4915 4826
f 4826 4828 4827
f 4826 4832 4828
f 4827 4828 4831
f 4826 4830 4832
f 4828 4832 4831
f 4827 4835 4833
f 4833 4836 4834
f 4827 4831 4835
f 4833 4835 4836
f 4826 4934 4830
f 4934 4838 4830
f 4826 4827 5023
f 4827 5044 5023
f 4827 4833 5044
f 4833 4834 5044
f 4834 4847 4844
f 4834 4848 4847
f 4834 4852 4848
f 4834 4858 4852
f 4834 4836 5046
f 4834 4844 5044
f 4844 4846 4845
f 4844 4847 4846
f 4845 4846 4851
f 4845 4851 4850
f 4850 4851 4857
f 4850 4857 4854
f 5044 4843 4849
f 5044 4844 4843
f 4854 4857 4859
f 4854 4859 4856
f 4834 5045 4858
f 4856 4859 4863
f 4856 4863 4862
f 4825 4929 4915
f 4825 4931 4929
f 4825 4937 4931
f 4825 5074 4937
f 4825 5078 5074
f 4825 5104 5105
f 4825 5105 5078
f 4826 4909 4910
f 4826 4910 4911
f 4826 4915 4909
f 4826 4911 4916
f 4826 4912 4913
f 4826 4913 4914
f 4826 4917 4912
f 4826 4916 4917
f 4826 4914 4918
f 4826 4918 4934
f 4920 4839 4840
f 4925 4941 4839
f 4941 4943 4839
f 4919 4839 4920
f 4919 4925 4839
f 4920 4840 4923
f 4923 4840 4924
f 4924 4840 4928
f 5106 4840 4838
f 4928 4840 4946
f 4946 4840 4948
f 4958 4842 4841
f 4959 4841 4963
f 4963 4841 4965
f 4953 4954 4841
f 4954 4955 4841
f 4953 4841 4959
f 4955 4960 4841
f 4960 4961 4841
f 4956 4957 4841
f 4957 4958 4841
f 4956 4841 4961
f 4958 4962 4842
f 4962 4968 4842
f 4910 4920 4911
f 4909 4919 4910
f 4911 4921 4916
f 4912 4922 4913
f 4913 4923 4914
f 4914 4924 4918
f 4916 4930 4917
f 4917 4930 4933
f 4909 4915 4925
f 4915 4929 4941
f 4916 4926 4930
f 4912 4917 4927
f 4918 4928 4934
f 4917 4933 4945
f 4943 4949 4839
f 4910 4919 4920
f 4911 4920 4921
f 4909 4925 4919
f 4913 4922 4923
f 4914 4923 4924
f 4912 4927 4922
f 4920 4922 4921
f 4920 4923 4922
f 4921 4922 4927
f 4948 4840 4952
f 4916 4921 4926
f 4915 4941 4925
f 4926 4942 4930
f 4918 4924 4928
f 4917 4945 4927
f 4928 4946 4934
f 4921 4927 4926
f 4926 4927 4945
f 4926 4945 4942
f 4930 4932 4933
f 4932 4935 4933
f 4934 5105 4838
f 4930 4942 4932
f 4929 4931 4943
f 4934 4946 4936
f 4933 4935 4947
f 4932 4938 4935
f 4935 4938 4939
f 4932 4944 4938
f 4931 4937 4949
f 4936 4948 4940
f 4935 4939 4951
f 4949 5120 4839
f 4929 4943 4941
f 4932 4942 4944
f 4933 4947 4945
f 4936 4946 4948
f 4942 4945 4947
f 4942 4947 4944
f 4952 4840 5106
f 4931 4949 4943
f 4938 4944 4950
f 4935 4951 4947
f 4940 4948 4952
f 4944 4947 4951
f 4944 4951 4950
f 5121 4841 4839
f 4965 4841 4971
f 4960 4964 4961
f 4961 4964 4967
f 4971 4841 5121
f 4964 4966 4967
f 4966 4969 4967
f 4968 5108 4842
f 4966 4972 4969
f 4969 4972 4973
f 4954 4979 4955
f 4953 4978 4954
f 4955 4980 4960
f 4956 4984 4957
f 4957 4985 4958
f 4958 4986 4962
f 4953 4959 4991
f 4959 4963 5009
f 4960 4992 4964
f 4956 4961 4993
f 4962 4994 4968
f 4961 4967 5014
f 4954 4978 4979
f 4955 4979 4980
f 4953 4991 4978
f 4957 4984 4985
f 4958 4985 4986
f 4956 4993 4984
f 4960 4980 4992
f 4959 5009 4991
f 4964 4992 5010
f 4962 4986 4994
f 4961 5014 4993
f 4968 4994 5015
f 5062 4842 5108
f 4964 5010 4966
f 4963 4965 5011
f 4968 5015 4970
f 4967 4969 5016
f 4966 5013 4972
f 4965 4971 5019
f 4970 5018 4974
f 4969 4973 5021
f 4963 5011 5009
f 4966 5010 5013
f 4967 5016 5014
f 4970 5015 5018
f 4965 5019 5011
f 4972 5013 5020
f 4969 5021 5016
f 4974 5018 5022
f 4978 5012 4979
f 4979 5012 4980
f 4978 4991 5012
f 4980 5012 4992
f 4984 5017 4985
f 4985 5017 4986
f 4984 4993 5017
f 4986 5017 4994
f 4991 5009 5012
f 4992 5012 5010
f 5009 5011 5012
f 5010 5012 5013
f 4993 5014 5017
f 4994 5017 5015
f 5014 5016 5017
f 5015 5017 5018
f 5011 5019 5012
f 5012 5020 5013
f 5012 5019 5109
f 5012 5110 5020
f 5016 5021 5017
f 5017 5022 5018
f 5017 5021 5111
f 5017 5112 5022
f 5023 5125 5124
f 5023 5044 5125
f 5044 4849 4853
f 5044 4853 4855
f 5044 4855 4861
f 4862 4863 5026
f 4862 5026 5025
f 5025 5026 5031
f 5045 4860 4858
f 5025 5031 5029
f 5029 5031 5030
f 5045 4864 4860
f 4834 5046 5045
f 5044 4861 5024
f 5044 5024 5028
f 5044 5028 5030
f 5044 5030 5031
f 5044 5031 5033
f 5045 5027 4864
f 5045 5032 5027
f 5045 5033 5032
f 5044 5033 5045
f 5044 5045 5060
f 5045 5046 5060
f 5060 5046 5059
f 5060 5059 5058
f 5060 5058 5061
f 5060 5061 5062
f 5044 5060 5126
f 5062 5057 4842
f 5062 5061 5057
f 5060 5062 5126
f 5044 5126 5125
f 5073 5124 5125
f 5073 5125 5104
f 4938 5075 4939
f 4939 5075 5076
f 5075 5079 5076
f 4934 4936 5105
f 4937 5074 5084
f 4938 4950 5075
f 5075 5085 5079
f 4940 4952 5077
f 4939 5076 5086
f 5077 5087 5082
f 5105 5106 4838
f 5076 5079 5081
f 5079 5080 5081
f 5080 5083 5081
f 4936 4940 5105
f 5074 5078 5088
f 5079 5089 5080
f 5078 5080 5090
f 5076 5081 5091
f 5082 5092 5083
f 5081 5083 5093
f 4937 5084 4949
f 4950 5085 5075
f 5074 5088 5084
f 4939 5086 4951
f 4952 5087 5077
f 5076 5091 5086
f 5079 5085 5089
f 5078 5090 5088
f 5080 5089 5090
f 5082 5087 5092
f 5081 5093 5091
f 5083 5092 5093
f 5078 5105 5080
f 4940 5077 5105
f 5080 5105 5083
f 5077 5082 5105
f 5082 5083 5105
f 4949 5084 5120
f 4950 4951 5107
f 4950 5107 5085
f 4951 5086 5107
f 4952 5106 5087
f 5086 5091 5107
f 5091 5093 5106
f 5087 5106 5092
f 5092 5106 5093
f 5084 5088 5120
f 5085 5120 5089
f 4968 4970 5108
f 4970 4974 5108
f 5120 5121 4839
f 4971 5121 5094
f 4972 5122 4973
f 4974 5097 5108
f 5097 5102 5108
f 5102 5103 5108
f 4972 5095 5122
f 4973 5122 5096
f 5094 5122 5098
f 5095 5099 5122
f 5098 5122 5100
f 5099 5100 5122
f 5096 5122 5101
f 5101 5122 5103
f 5088 5090 5120
f 5089 5120 5090
f 5091 5106 5107
f 5085 5107 5120
f 5105 5107 5106
f 5105 5120 5107
f 5103 5122 5108
f 5094 5121 5122
f 4971 5094 5109
f 4972 5020 5095
f 5095 5110 5099
f 4974 5022 5097
f 4973 5096 5111
f 5097 5112 5102
f 5094 5098 5113
f 5099 5114 5100
f 5098 5100 5115
f 5096 5101 5116
f 5102 5117 5103
f 5101 5103 5118
f 4971 5109 5019
f 5020 5110 5095
f 5094 5113 5109
f 4973 5111 5021
f 5022 5112 5097
f 5096 5116 5111
f 5099 5110 5114
f 5098 5115 5113
f 5100 5114 5115
f 5102 5112 5117
f 5101 5118 5116
f 5103 5117 5118
f 5012 5109 5113
f 5012 5114 5110
f 5012 5113 5115
f 5012 5115 5114
f 5017 5111 5116
f 5017 5117 5112
f 5017 5116 5118
f 5017 5118 5117
f 5062 5108 5119
f 5108 5122 5119
f 5104 5123 5105
f 5105 5123 5120
f 5120 5123 5121
f 5104 5125 5123
f 5121 5127 5122
f 5119 5122 5127
f 5121 5123 5127
f 5123 5125 5127
f 5062 5119 5126
f 5119 5127 5126
f 5125 5126 5127
f 4829 4831 4830
f 4831 4832 4830
f 4837 4839 4829
f 4829 4830 4837
f 4837 4830 4838
f 4841 4829 4839
f 4837 4838 4839
f 4840 4839 4838
f 4866 4836 4835
f 4871 4835 4875
f 4877 4875 4835
f 4865 4866 4835
f 4871 4865 4835
f 4866 4869 4836
f 4869 4870 4836
f 4870 4874 4836
f 4874 4880 4836
f 4866 4843 4844
f 4867 4844 4845
f 4865 4849 4843
f 4869 4846 4847
f 4870 4847 4848
f 4868 4851 4846
f 4872 4845 4850
f 4871 4853 4849
f 4876 4850 4854
f 4874 4848 4852
f 4873 4857 4851
f 4880 4852 4858
f 4875 4855 4853
f 4878 4854 4856
f 4879 4859 4857
f 4882 4858 4860
f 4877 4861 4855
f 4884 4856 4862
f 4881 4863 4859
f 4886 4860 4864
f 4877 4835 4883
f 4866 4844 4867
f 4865 4843 4866
f 4867 4845 4872
f 4868 4846 4869
f 4869 4847 4870
f 4870 4848 4874
f 4871 4849 4865
f 4871 4875 4853
f 4872 4850 4876
f 4873 4851 4868
f 4874 4852 4880
f 4879 4857 4873
f 4866 4867 4869
f 4867 4868 4869
f 4867 4872 4868
f 4872 4873 4868
f 4872 4876 4873
f 4876 4879 4873
f 4883 4835 5058
f 4876 4854 4878
f 4877 4855 4875
f 4880 4858 4882
f 4879 4881 4859
f 4878 4856 4884
f 4877 4883 4861
f 4882 4860 4886
f 4881 4885 4863
f 4876 4878 4879
f 4878 4881 4879
f 4880 5046 4836
f 4878 4884 4881
f 4884 4885 4881
f 4829 5061 4831
f 5061 4835 4831
f 4829 4841 5061
f 4891 4841 4842
f 4893 4897 4841
f 4899 4841 4897
f 4888 4841 4891
f 4887 4841 4888
f 4893 4841 4887
f 4891 4842 4892
f 4892 4842 4896
f 4896 4842 4902
f 4902 4842 4904
f 4899 4905 4841
f 4888 4890 4889
f 4888 4891 4890
f 4889 4890 4895
f 4904 4842 4908
f 4889 4895 4894
f 4894 4895 4901
f 4894 4901 4898
f 4905 5061 4841
f 4898 4901 4903
f 4898 4903 4900
f 4908 4842 5057
f 4900 4903 4907
f 4900 4907 4906
f 4887 4888 4976
f 4888 4889 4977
f 4893 4887 4975
f 4890 4891 4982
f 4891 4892 4983
f 4895 4890 4981
f 4889 4894 4988
f 4893 4987 4897
f 4894 4898 4996
f 4892 4896 4990
f 4901 4895 4989
f 4896 4902 5001
f 4899 4897 4995
f 4898 4900 4999
f 4901 5000 4903
f 4902 4904 5004
f 4899 4997 4905
f 4900 4906 5006
f 4903 5002 4907
f 4904 4908 5008
f 4888 4977 4976
f 4887 4976 4975
f 4889 4988 4977
f 4890 4982 4981
f 4891 4983 4982
f 4892 4990 4983
f 4893 4975 4987
f 4897 4987 4995
f 4894 4996 4988
f 4895 4981 4989
f 4896 5001 4990
f 4901 4989 5000
f 4898 4999 4996
f 4899 4995 4997
f 4902 5004 5001
f 4903 5000 5002
f 4900 5006 4999
f 4905 4997 5005
f 4904 5008 5004
f 4907 5002 5007
f 4975 4976 4998
f 4976 4977 4998
f 4987 4975 4998
f 4977 4988 4998
f 4981 4982 5003
f 4982 4983 5003
f 4989 4981 5003
f 4983 4990 5003
f 4987 4998 4995
f 4998 4988 4996
f 4997 4995 4998
f 4998 4996 4999
f 5000 4989 5003
f 5003 4990 5001
f 5000 5003 5002
f 5003 5001 5004
f 4997 4998 5005
f 4998 4999 5006
f 5005 4998 5063
f 4998 5006 5064
f 5002 5003 5007
f 5003 5004 5008
f 5007 5003 5065
f 5003 5008 5066
f 4883 5024 4861
f 5035 4862 5025
f 5034 5028 5024
f 4885 5026 4863
f 5037 4864 5027
f 5036 5031 5026
f 5039 5025 5029
f 5038 5030 5028
f 5040 5029 5030
f 5042 5027 5032
f 5041 5033 5031
f 5043 5032 5033
f 4883 5034 5024
f 4884 4862 5035
f 5039 5035 5025
f 4886 4864 5037
f 4885 5036 5026
f 5042 5037 5027
f 5034 5038 5028
f 5040 5039 5029
f 5038 5040 5030
f 5036 5041 5031
f 5043 5042 5032
f 5041 5043 5033
f 4880 4882 5046
f 4882 4886 5046
f 4883 5058 5034
f 4884 5059 4885
f 4886 5037 5046
f 5042 5046 5037
f 5043 5046 5042
f 4884 5035 5059
f 4885 5059 5036
f 5034 5059 5038
f 5039 5059 5035
f 5038 5059 5040
f 5040 5059 5039
f 5036 5059 5041
f 5041 5059 5043
f 5043 5059 5046
f 5034 5058 5059
f 5061 5058 4835
f 4906 4907 5049
f 4906 5049 5054
f 4905 5047 5061
f 5052 5048 5057
f 5053 5052 5057
f 4906 5057 5048
f 4906 5054 5057
f 4908 5057 5050
f 5054 5056 5057
f 5055 5050 5057
f 5056 5055 5057
f 5047 5051 5061
f 5051 5053 5061
f 5053 5057 5061
f 4905 5005 5047
f 4906 5048 5064
f 5047 5063 5051
f 4907 5007 5049
f 4908 5050 5066
f 5049 5065 5054
f 5052 5068 5048
f 5051 5067 5053
f 5053 5069 5052
f 5055 5071 5050
f 5054 5070 5056
f 5056 5072 5055
f 5047 5005 5063
f 4906 5064 5006
f 5048 5068 5064
f 4908 5066 5008
f 5049 5007 5065
f 5050 5071 5066
f 5051 5063 5067
f 5052 5069 5068
f 5053 5067 5069
f 5054 5065 5070
f 5055 5072 5071
f 5056 5070 5072
f 5063 4998 5067
f 4998 5064 5068
f 5067 4998 5069
f 4998 5068 5069
f 5065 5003 5070
f 5003 5066 5071
f 5070 5003 5072
f 5003 5071 5072
o support_1
v 2820.000 -2820.000 0.000
v 2960.000 -2820.000 0.000
v 2960.000 -2960.000 12.000
v 2960.000 -2960.000 0.000
v 2820.000 -2960.000 12.000
v 2820.000 -2960.000 0.000
v 2820.000 -2820.000 12.000
v 2960.000 -2820.000 12.000
v 2942.000 -2830.500 12.000
v 2948.495 -2834.250 12.000
v 2948.495 -2841.750 12.000
v 2948.495 -2938.250 12.000
v 2942.000 -2934.500 12.000
v 2942.000 -2949.500 12.000
v 2948.495 -2945.750 12.000
v 2935.505 -2938.250 12.000
v 2831.505 -2841.750 12.000
v 2838.000 -2845.500 12.000
v 2838.000 -2830.500 12.000
v 2831.505 -2834.250 12.000
v 2844.495 -2834.250 12.000
v 2844.495 -2841.750 12.000
v 2838.000 -2934.500 12.000
v 2838.000 -2949.500 12.000
v 2844.495 -2945.750 12.000
v 2831.505 -2945.750 12.000
v 2831.505 -2938.250 12.000
v 2908.187 -2879.500 12.000
v 2890.000 -2869.000 12.000
v 2890.000 -2911.000 12.000
v 2871.813 -2879.500 12.000
v 2942.000 -2830.500 0.000
v 2948.495 -2834.250 0.000
v 2948.495 -2841.750 0.000
v 2948.495 -2938.250 0.000
v 2942.000 -2949.500 0.000
v 2948.495 -2945.750 0.000
v 2831.505 -2841.750 0.000
v 2838.000 -2830.500 0.000
v 2831.505 -2834.250 0.000
v 2838.000 -2949.500 0.000
v 2831.505 -2945.750 0.000
v 2831.505 -2938.250 0.000
v 2942.000 -2845.500 12.000
v 2942.000 -2845.500 0.000
v 2935.505 -2841.750 12.000
v 2935.505 -2841.750 0.000
v 2935.505 -2834.250 12.000
v 2935.505 -2834.250 0.000
v 2935.505 -2945.750 12.000
v 2935.505 -2945.750 0.000
v 2935.505 -2938.250 0.000
v 2942.000 -2934.500 0.000
v 2838.000 -2845.500 0.000
v 2844.495 -2834.250 0.000
v 2844.495 -2841.750 0.000
v 2844.495 -2938.250 12.000
v 2844.495 -2938.250 0.000
v 2844.495 -2945.750 0.000
v 2838.000 -2934.500 0.000
v 2890.000 -2837.000 138.000
v 2935.899 -2863.500 138.000
v 2935.899 -2916.500 138.000
v 2890.000 -2943.000 138.000
v 2844.101 -2916.500 138.000
v 2844.101 -2863.500 138.000
v 2890.000 -2837.000 150.000
v 2935.899 -2863.500 150.000
v 2935.899 -2916.500 150.000
v 2890.000 -2943.000 150.000
v 2844.101 -2916.500 150.000
v 2844.101 -2863.500 150.000
v 2890.000 -2858.250 138.000
v 2862.504 -2874.125 138.000
v 2862.504 -2905.875 138.000
v 2890.000 -2921.750 138.000
v 2917.496 -2905.875 138.000
v 2917.496 -2874.125 138.000
v 2862.504 -2874.125 108.000
v 2862.504 -2905.875 108.000
v 2890.000 -2921.750 108.000
v 2917.496 -2905.875 108.000
v 2917.496 -2874.125 108.000
v 2890.000 -2858.250 108.000
v 2890.000 -2875.000 108.000
v 2902.990 -2882.500 108.000
v 2902.990 -2897.500 108.000
v 2890.000 -2905.000 108.000
v 2877.010 -2897.500 108.000
v 2877.010 -2882.500 108.000
v 2890.000 -2875.000 64.000
v 2890.000 -2905.000 64.000
v 2877.010 -2882.500 64.000
v 2908.187 -2879.500 64.000
v 2908.187 -2900.500 64.000
v 2908.187 -2900.500 12.000
v 2890.000 -2911.000 64.000
v 2871.813 -2900.500 64.000
v 2871.813 -2900.500 12.000
v 2871.813 -2879.500 64.000
v 2890.000 -2869.000 64.000
v 2902.990 -2897.500 64.000
v 2902.990 -2882.500 64.000
v 2877.010 -2897.500 64.000
f 5133 5132 5134
f 5128 5134 5135
f 5129 5135 5130
f 5131 5130 5132
f 5151 5153 5132
f 5154 5132 5153
f 5130 5141 5151
f 5152 5151 5141
f 5150 5226 5145
f 5157 5184 5152
f 5150 5184 5226
f 5154 5150 5144
f 5132 5154 5144
f 5226 5184 5157
f 5139 5142 5130
f 5141 5130 5142
f 5143 5223 5157
f 5223 5143 5140
f 5140 5139 5138
f 5171 5223 5140
f 5177 5143 5157
f 5157 5152 5177
f 5139 5130 5138
f 5149 5158 5156
f 5145 5158 5149
f 5146 5134 5147
f 5144 5147 5134
f 5146 5148 5175
f 5134 5146 5136
f 5148 5149 5156
f 5173 5155 5171
f 5156 5155 5173
f 5155 5223 5171
f 5156 5173 5175
f 5135 5136 5137
f 5138 5135 5137
f 5175 5148 5156
f 5131 5133 5168
f 5169 5168 5133
f 5186 5178 5163
f 5133 5170 5169
f 5179 5185 5183
f 5170 5165 5187
f 5133 5128 5165
f 5185 5179 5178
f 5164 5131 5163
f 5179 5174 5180
f 5131 5164 5162
f 5180 5172 5161
f 5162 5161 5131
f 5187 5181 5183
f 5166 5167 5128
f 5165 5128 5167
f 5166 5159 5176
f 5128 5129 5159
f 5182 5176 5174
f 5161 5160 5129
f 5159 5129 5160
f 5172 5174 5173
f 5174 5176 5175
f 5176 5159 5136
f 5159 5160 5137
f 5160 5161 5138
f 5161 5172 5171
f 5180 5162 5139
f 5162 5164 5142
f 5164 5163 5141
f 5163 5178 5177
f 5178 5179 5143
f 5179 5180 5140
f 5181 5165 5144
f 5165 5167 5147
f 5167 5166 5146
f 5166 5182 5148
f 5182 5183 5149
f 5183 5181 5145
f 5187 5185 5184
f 5185 5186 5152
f 5186 5168 5151
f 5168 5169 5153
f 5169 5170 5154
f 5170 5187 5150
f 5188 5194 5195
f 5189 5195 5196
f 5190 5196 5197
f 5191 5197 5198
f 5192 5198 5199
f 5193 5199 5194
f 5189 5205 5188
f 5200 5188 5205
f 5190 5205 5189
f 5193 5188 5201
f 5200 5201 5188
f 5192 5193 5201
f 5191 5203 5204
f 5205 5190 5204
f 5190 5191 5204
f 5192 5202 5191
f 5203 5191 5202
f 5201 5202 5192
f 5200 5211 5206
f 5201 5206 5207
f 5202 5207 5208
f 5203 5208 5209
f 5204 5209 5210
f 5205 5210 5211
f 5214 5209 5208
f 5213 5209 5214
f 5215 5214 5208
f 5207 5216 5208
f 5215 5208 5216
f 5206 5216 5207
f 5211 5213 5212
f 5209 5213 5210
f 5210 5213 5211
f 5206 5211 5217
f 5212 5217 5211
f 5216 5206 5217
f 5218 5212 5213
f 5229 5214 5215
f 5219 5215 5216
f 5220 5217 5212
f 5156 5228 5221
f 5155 5221 5222
f 5223 5222 5224
f 5157 5224 5225
f 5226 5225 5227
f 5158 5227 5228
f 5230 5221 5228
f 5229 5221 5230
f 5218 5230 5228
f 5228 5227 5220
f 5225 5220 5227
f 5218 5228 5220
f 5224 5229 5219
f 5221 5229 5222
f 5222 5229 5224
f 5225 5224 5231
f 5219 5231 5224
f 5220 5225 5231
f 5229 5213 5214
f 5213 5229 5230
f 5217 5231 5216
f 5231 5217 5220
f 5133 5134 5128
f 5128 5135 5129
f 5129 5130 5131
f 5131 5132 5133
f 5130 5151 5132
f 5152 5141 5177
f 5226 5158 5145
f 5150 5145 5144
f 5132 5144 5134
f 5140 5138 5171
f 5130 5135 5138
f 5146 5175 5136
f 5134 5136 5135
f 5131 5168 5163
f 5186 5163 5168
f 5179 5183 5174
f 5165 5181 5187
f 5133 5165 5170
f 5185 5178 5186
f 5174 5172 5180
f 5180 5161 5162
f 5161 5129 5131
f 5187 5183 5185
f 5166 5176 5182
f 5128 5159 5166
f 5182 5174 5183
f 5172 5173 5171
f 5174 5175 5173
f 5176 5136 5175
f 5159 5137 5136
f 5160 5138 5137
f 5161 5171 5138
f 5180 5139 5140
f 5162 5142 5139
f 5164 5141 5142
f 5163 5177 5141
f 5178 5143 5177
f 5179 5140 5143
f 5181 5144 5145
f 5165 5147 5144
f 5167 5146 5147
f 5166 5148 5146
f 5182 5149 5148
f 5183 5145 5149
f 5187 5184 5150
f 5185 5152 5184
f 5186 5151 5152
f 5168 5153 5151
f 5169 5154 5153
f 5170 5150 5154
f 5188 5195 5189
f 5189 5196 5190
f 5190 5197 5191
f 5191 5198 5192
f 5192 5199 5193
f 5193 5194 5188
f 5200 5206 5201
f 5201 5207 5202
f 5202 5208 5203
f 5203 5209 5204
f 5204 5210 5205
f 5205 5211 5200
f 5218 5213 5230
f 5229 5215 5219
f 5219 5216 5231
f 5220 5212 5218
f 5156 5221 5155
f 5155 5222 5223
f 5223 5224 5157
f 5157 5225 5226
f 5226 5227 5158
f 5158 5228 5156
f 5198 5194 5199
f 5197 5194 5198
f 5197 5196 5194
f 5195 5194 5196
o column_1
v 3000.000 -3000.000 150.000
v 3000.000 -3000.000 3500.000
v 2965.000 -3000.000 3250.000
v 2965.000 -3000.000 3500.000
v 3000.000 -2965.000 3250.000
v 3000.000 -2965.000 3500.000
v 2965.000 -2965.000 3250.000
v 2965.000 -2965.000 3500.000
v 2935.000 -3000.000 3250.000
v 2935.000 -3000.000 3500.000
v 2939.085 -2965.000 3250.000
v 2935.000 -2965.000 3250.000
v 2935.000 -2965.000 3500.000
v 3000.000 -2935.000 3250.000
v 3000.000 -2935.000 3500.000
v 2965.000 -2935.000 3250.000
v 2965.000 -2935.000 3500.000
v 2942.168 -2938.577 3250.000
v 2942.586 -2935.000 3250.000
v 2935.000 -2935.000 3250.000
v 2935.000 -2935.000 3500.000
v 2871.847 -3000.000 3315.433
v 2873.750 -3000.000 3325.000
v 2871.847 -3000.000 3334.567
v 2871.847 -3000.000 3415.433
v 2873.750 -3000.000 3425.000
v 2871.847 -3000.000 3434.567
v 2866.428 -3000.000 3307.322
v 2866.428 -3000.000 3342.678
v 2866.428 -3000.000 3407.322
v 2866.428 -3000.000 3442.678
v 2858.317 -3000.000 3301.903
v 2858.317 -3000.000 3348.097
v 2848.750 -3000.000 3300.000
v 2848.750 -3000.000 3350.000
v 2858.317 -3000.000 3401.903
v 2858.317 -3000.000 3448.097
v 2848.750 -3000.000 3400.000
v 2848.750 -3000.000 3450.000
v 2839.183 -3000.000 3301.903
v 2839.183 -3000.000 3348.097
v 2839.183 -3000.000 3401.903
v 2839.183 -3000.000 3448.097
v 2871.847 -2965.000 3315.433
v 2873.750 -2965.000 3325.000
v 2871.847 -2965.000 3334.567
v 2871.847 -2965.000 3415.433
v 2873.750 -2965.000 3425.000
v 2871.847 -2965.000 3434.567
v 2866.428 -2965.000 3307.322
v 2866.428 -2965.000 3342.678
v 2866.428 -2965.000 3407.322
v 2866.428 -2965.000 3442.678
v 2858.317 -2965.000 3301.903
v 2858.317 -2965.000 3348.097
v 2848.750 -2965.000 3300.000
v 2848.750 -2965.000 3350.000
v 2858.317 -2965.000 3401.903
v 2858.317 -2965.000 3448.097
v 2848.750 -2965.000 3400.000
v 2848.750 -2965.000 3450.000
v 2839.183 -2965.000 3301.903
v 2839.183 -2965.000 3348.097
v 2839.183 -2965.000 3401.903
v 2839.183 -2965.000 3448.097
v 2871.847 -2935.000 3315.433
v 2873.750 -2935.000 3325.000
v 2871.847 -2935.000 3334.567
v 2871.847 -2935.000 3415.433
v 2873.750 -2935.000 3425.000
v 2871.847 -2935.000 3434.567
v 2866.428 -2935.000 3307.322
v 2866.428 -2935.000 3342.678
v 2866.428 -2935.000 3407.322
v 2866.428 -2935.000 3442.678
v 2858.317 -2935.000 3301.903
v 2858.317 -2935.000 3348.097
v 2848.750 -2935.000 3300.000
v 2848.750 -2935.000 3350.000
v 2858.317 -2935.000 3401.903
v 2858.317 -2935.000 3448.097
v 2848.750 -2935.000 3400.000
v 2848.750 -2935.000 3450.000
v 2839.183 -2935.000 3301.903
v 2839.183 -2935.000 3348.097
v 2839.183 -2935.000 3401.903
v 2839.183 -2935.000 3448.097
v 3000.000 -2871.847 3315.433
v 3000.000 -2873.750 3325.000
v 3000.000 -2871.847 3334.567
v 3000.000 -2871.847 3415.433
v 3000.000 -2873.750 3425.000
v 3000.000 -2871.847 3434.567
v 3000.000 -2866.428 3307.322
v 3000.000 -2866.428 3342.678
v 3000.000 -2866.428 3407.322
v 3000.000 -2866.428 3442.678
v 2965.000 -2871.847 3315.433
v 2965.000 -2873.750 3325.000
v 2965.000 -2871.847 3334.567
v 2965.000 -2871.847 3415.433
v 2965.000 -2873.750 3425.000
v 2965.000 -2871.847 3434.567
v 2965.000 -2866.428 3307.322
v 2965.000 -2866.428 3342.678
v 2965.000 -2866.428 3407.322
v 2965.000 -2866.428 3442.678
v 3000.000 -2858.317 3301.903
v 3000.000 -2858.317 3348.097
v 3000.000 -2848.750 3300.000
v 3000.000 -2848.750 3350.000
v 3000.000 -2858.317 3401.903
v 3000.000 -2858.317 3448.097
v 3000.000 -2848.750 3400.000
v 3000.000 -2848.750 3450.000
v 3000.000 -2839.183 3301.903
v 3000.000 -2839.183 3348.097
v 3000.000 -2839.183 3401.903
v 3000.000 -2839.183 3448.097
v 2965.000 -2858.317 3301.903
v 2965.000 -2858.317 3348.097
v 2965.000 -2848.750 3300.000
v 2965.000 -2848.750 3350.000
v 2965.000 -2858.317 3401.903
v 2965.000 -2858.317 3448.097
v 2965.000 -2848.750 3400.000
v 2965.000 -2848.750 3450.000
v 2965.000 -2839.183 3301.903
v 2965.000 -2839.183 3348.097
v 2965.000 -2839.183 3401.903
v 2965.000 -2839.183 3448.097
v 2935.000 -2871.847 3315.433
v 2935.000 -2873.750 3325.000
v 2935.000 -2871.847 3334.567
v 2935.000 -2871.847 3415.433
v 2935.000 -2873.750 3425.000
v 2935.000 -2871.847 3434.567
v 2935.000 -2866.428 3307.322
v 2935.000 -2866.428 3342.678
v 2935.000 -2866.428 3407.322
v 2935.000 -2866.428 3442.678
v 2935.000 -2858.317 3301.903
v 2935.000 -2858.317 3348.097
v 2935.000 -2848.750 3300.000
v 2935.000 -2848.750 3350.000
v 2935.000 -2858.317 3401.903
v 2935.000 -2858.317 3448.097
v 2935.000 -2848.750 3400.000
v 2935.000 -2848.750 3450.000
v 2935.000 -2839.183 3301.903
v 2935.000 -2839.183 3348.097
v 2935.000 -2839.183 3401.903
v 2935.000 -2839.183 3448.097
v 2871.847 -2875.000 3315.433
v 2873.750 -2875.000 3325.000
v 2871.847 -2875.000 3334.567
v 2875.000 -2871.847 3315.433
v 2875.000 -2873.750 3325.000
v 2875.000 -2871.847 3334.567
v 2871.847 -2875.000 3415.433
v 2873.750 -2875.000 3425.000
v 2871.847 -2875.000 3434.567
v 2875.000 -2871.847 3415.433
v 2875.000 -2873.750 3425.000
v 2875.000 -2871.847 3434.567
v 2866.428 -2875.000 3307.322
v 2866.428 -2875.000 3342.678
v 2866.428 -2875.000 3407.322
v 2866.428 -2875.000 3442.678
v 2875.000 -2866.428 3307.322
v 2875.000 -2866.428 3342.678
v 2875.000 -2866.428 3407.322
v 2875.000 -2866.428 3442.678
v 2858.317 -2875.000 3301.903
v 2858.317 -2875.000 3348.097
v 2848.750 -2875.000 3300.000
v 2848.750 -2875.000 3325.000
v 2848.750 -2875.000 3350.000
v 2858.317 -2875.000 3401.903
v 2858.317 -2875.000 3448.097
v 2848.750 -2875.000 3400.000
v 2848.750 -2875.000 3425.000
v 2848.750 -2875.000 3450.000
v 2839.183 -2875.000 3301.903
v 2839.183 -2875.000 3348.097
v 2839.183 -2875.000 3401.903
v 2839.183 -2875.000 3448.097
v 2875.000 -2858.317 3301.903
v 2875.000 -2858.317 3348.097
v 2875.000 -2848.750 3300.000
v 2875.000 -2848.750 3325.000
v 2875.000 -2848.750 3350.000
v 2875.000 -2858.317 3401.903
v 2875.000 -2858.317 3448.097
v 2875.000 -2848.750 3400.000
v 2875.000 -2848.750 3425.000
v 2875.000 -2848.750 3450.000
v 2875.000 -2839.183 3301.903
v 2875.000 -2839.183 3348.097
v 2875.000 -2839.183 3401.903
v 2875.000 -2839.183 3448.097
v 2780.000 -3000.000 150.000
v 2831.072 -3000.000 3307.322
v 2831.072 -3000.000 3342.678
v 2831.072 -3000.000 3407.322
v 2831.072 -3000.000 3442.678
v 2825.653 -3000.000 3315.433
v 2825.653 -3000.000 3334.567
v 2823.750 -3000.000 3325.000
v 2825.653 -3000.000 3415.433
v 2825.653 -3000.000 3434.567
v 2823.750 -3000.000 3425.000
v 2831.072 -2965.000 3307.322
v 2831.072 -2965.000 3342.678
v 2831.072 -2965.000 3407.322
v 2831.072 -2965.000 3442.678
v 2825.653 -2965.000 3315.433
v 2825.653 -2965.000 3334.567
v 2823.750 -2965.000 3325.000
v 2825.653 -2965.000 3415.433
v 2825.653 -2965.000 3434.567
v 2823.750 -2965.000 3425.000
v 2780.000 -3000.000 2770.000
v 2780.000 -3000.000 3500.000
v 2780.000 -2965.000 3500.000
v 2831.072 -2935.000 3307.322
v 2831.072 -2935.000 3342.678
v 2831.072 -2935.000 3407.322
v 2831.072 -2935.000 3442.678
v 2825.653 -2935.000 3315.433
v 2825.653 -2935.000 3334.567
v 2823.750 -2935.000 3325.000
v 2825.653 -2935.000 3415.433
v 2825.653 -2935.000 3434.567
v 2823.750 -2935.000 3425.000
v 2780.000 -2935.000 3500.000
v 2742.937 -2965.000 3250.000
v 2749.235 -2965.000 3292.480
v 2677.032 -3000.000 2805.450
v 2742.937 -2950.901 3250.000
v 2742.937 -2935.000 3250.000
v 2780.000 -2880.000 3500.000
v 2831.072 -2875.000 3307.322
v 2831.072 -2875.000 3342.678
v 2831.072 -2875.000 3407.322
v 2831.072 -2875.000 3442.678
v 2825.653 -2875.000 3315.433
v 2825.653 -2875.000 3334.567
v 2823.750 -2875.000 3325.000
v 2825.653 -2875.000 3415.433
v 2825.653 -2875.000 3434.567
v 2823.750 -2875.000 3425.000
v 3000.000 -2780.000 150.000
v 3000.000 -2831.072 3307.322
v 3000.000 -2831.072 3342.678
v 3000.000 -2831.072 3407.322
v 3000.000 -2831.072 3442.678
v 3000.000 -2825.653 3315.433
v 3000.000 -2825.653 3334.567
v 3000.000 -2823.750 3325.000
v 3000.000 -2825.653 3415.433
v 3000.000 -2825.653 3434.567
v 3000.000 -2823.750 3425.000
v 2965.000 -2831.072 3307.322
v 2965.000 -2831.072 3342.678
v 2965.000 -2831.072 3407.322
v 2965.000 -2831.072 3442.678
v 2965.000 -2825.653 3315.433
v 2965.000 -2825.653 3334.567
v 2965.000 -2823.750 3325.000
v 2965.000 -2825.653 3415.433
v 2965.000 -2825.653 3434.567
v 2965.000 -2823.750 3425.000
v 2935.000 -2831.072 3307.322
v 2935.000 -2831.072 3342.678
v 2935.000 -2831.072 3407.322
v 2935.000 -2831.072 3442.678
v 2935.000 -2825.653 3315.433
v 2935.000 -2825.653 3334.567
v 2935.000 -2823.750 3325.000
v 2935.000 -2825.653 3415.433
v 2935.000 -2825.653 3434.567
v 2935.000 -2823.750 3425.000
v 3000.000 -2780.000 2770.000
v 3000.000 -2780.000 3500.000
v 2965.000 -2780.000 3500.000
v 2965.000 -2769.651 3430.190
v 2935.000 -2780.000 3500.000
v 2875.000 -2831.072 3307.322
v 2875.000 -2831.072 3342.678
v 2875.000 -2831.072 3407.322
v 2875.000 -2831.072 3442.678
v 2875.000 -2825.653 3315.433
v 2875.000 -2825.653 3334.567
v 2875.000 -2823.750 3325.000
v 2875.000 -2825.653 3415.433
v 2875.000 -2825.653 3434.567
v 2875.000 -2823.750 3425.000
v 2880.000 -2780.000 3500.000
v 2965.000 -2742.937 3250.000
v 2935.000 -2742.937 3250.000
v 2935.000 -2749.235 3292.480
v 3000.000 -2677.032 2805.450
v 2780.000 -2780.000 150.000
v 2780.000 -2780.000 2770.000
v 2677.032 -2809.772 2805.450
v 2809.772 -2677.032 2805.450
f 5232 5233 5433
f 5232 5433 5535
f 5232 5535 5484
f 5232 5484 5515
f 5232 5245 5236
f 5232 5237 5233
f 5232 5236 5237
f 5232 5325 5245
f 5233 5239 5235
f 5234 5235 5238
f 5233 5237 5239
f 5235 5239 5238
f 5234 5242 5240
f 5234 5240 5235
f 5235 5240 5241
f 5240 5244 5241
f 5234 5238 5242
f 5240 5242 5243
f 5240 5243 5244
f 5242 5249 5243
f 5251 5249 5250
f 5233 5454 5433
f 5233 5235 5454
f 5235 5241 5454
f 5241 5257 5254
f 5241 5258 5257
f 5241 5262 5258
f 5241 5268 5262
f 5241 5244 5456
f 5241 5254 5454
f 5254 5256 5255
f 5254 5257 5256
f 5255 5256 5261
f 5255 5261 5260
f 5260 5261 5267
f 5260 5267 5264
f 5454 5253 5259
f 5454 5254 5253
f 5264 5267 5269
f 5264 5269 5266
f 5241 5455 5268
f 5266 5269 5273
f 5266 5273 5272
f 5232 5339 5325
f 5232 5341 5339
f 5232 5347 5341
f 5232 5485 5347
f 5232 5489 5485
f 5232 5515 5516
f 5232 5516 5489
f 5327 5246 5245
f 5330 5247 5248
f 5319 5320 5245
f 5320 5321 5245
f 5319 5245 5325
f 5321 5326 5245
f 5326 5327 5245
f 5322 5323 5246
f 5322 5246 5327
f 5323 5324 5246
f 5324 5328 5246
f 5328 5344 5246
f 5335 5351 5247
f 5351 5353 5247
f 5329 5247 5330
f 5329 5335 5247
f 5330 5248 5333
f 5333 5248 5334
f 5334 5248 5338
f 5517 5248 5246
f 5338 5248 5356
f 5356 5248 5358
f 5368 5252 5251
f 5369 5251 5373
f 5373 5251 5375
f 5363 5364 5251
f 5364 5365 5251
f 5363 5251 5369
f 5365 5370 5251
f 5370 5371 5251
f 5366 5367 5251
f 5367 5368 5251
f 5366 5251 5371
f 5368 5372 5252
f 5372 5378 5252
f 5320 5330 5321
f 5319 5329 5320
f 5321 5331 5326
f 5322 5332 5323
f 5323 5333 5324
f 5324 5334 5328
f 5326 5340 5327
f 5327 5340 5343
f 5319 5325 5335
f 5325 5339 5351
f 5326 5336 5340
f 5322 5327 5337
f 5328 5338 5344
f 5327 5343 5355
f 5353 5359 5247
f 5320 5329 5330
f 5321 5330 5331
f 5319 5335 5329
f 5323 5332 5333
f 5324 5333 5334
f 5322 5337 5332
f 5330 5332 5331
f 5330 5333 5332
f 5331 5332 5337
f 5358 5248 5362
f 5326 5331 5336
f 5325 5351 5335
f 5336 5352 5340
f 5328 5334 5338
f 5327 5355 5337
f 5338 5356 5344
f 5331 5337 5336
f 5336 5337 5355
f 5336 5355 5352
f 5340 5342 5343
f 5342 5345 5343
f 5344 5516 5246
f 5340 5352 5342
f 5339 5341 5353
f 5344 5356 5346
f 5343 5345 5357
f 5342 5348 5345
f 5345 5348 5349
f 5342 5354 5348
f 5341 5347 5359
f 5346 5358 5350
f 5345 5349 5361
f 5359 5531 5247
f 5339 5353 5351
f 5342 5352 5354
f 5343 5357 5355
f 5346 5356 5358
f 5352 5355 5357
f 5352 5357 5354
f 5362 5248 5517
f 5341 5359 5353
f 5348 5354 5360
f 5345 5361 5357
f 5350 5358 5362
f 5354 5357 5361
f 5354 5361 5360
f 5531 5250 5247
f 5531 5251 5250
f 5375 5251 5381
f 5370 5374 5371
f 5371 5374 5377
f 5381 5251 5532
f 5374 5376 5377
f 5376 5379 5377
f 5378 5519 5252
f 5376 5382 5379
f 5379 5382 5383
f 5364 5389 5365
f 5363 5388 5364
f 5365 5390 5370
f 5366 5394 5367
f 5367 5395 5368
f 5368 5396 5372
f 5363 5369 5401
f 5369 5373 5419
f 5370 5402 5374
f 5366 5371 5403
f 5372 5404 5378
f 5371 5377 5424
f 5364 5388 5389
f 5365 5389 5390
f 5363 5401 5388
f 5367 5394 5395
f 5368 5395 5396
f 5366 5403 5394
f 5370 5390 5402
f 5369 5419 5401
f 5374 5402 5420
f 5372 5396 5404
f 5371 5424 5403
f 5378 5404 5425
f 5473 5252 5519
f 5374 5420 5376
f 5373 5375 5421
f 5378 5425 5380
f 5377 5379 5426
f 5376 5423 5382
f 5375 5381 5429
f 5380 5428 5384
f 5379 5383 5431
f 5373 5421 5419
f 5376 5420 5423
f 5377 5426 5424
f 5380 5425 5428
f 5375 5429 5421
f 5382 5423 5430
f 5379 5431 5426
f 5384 5428 5432
f 5388 5422 5389
f 5389 5422 5390
f 5388 5401 5422
f 5390 5422 5402
f 5394 5427 5395
f 5395 5427 5396
f 5394 5403 5427
f 5396 5427 5404
f 5401 5419 5422
f 5402 5422 5420
f 5419 5421 5422
f 5420 5422 5423
f 5403 5424 5427
f 5404 5427 5425
f 5424 5426 5427
f 5425 5427 5428
f 5421 5429 5422
f 5422 5430 5423
f 5422 5429 5520
f 5422 5521 5430
f 5426 5431 5427
f 5427 5432 5428
f 5427 5431 5522
f 5427 5523 5432
f 5433 5536 5535
f 5433 5454 5536
f 5454 5259 5263
f 5454 5263 5265
f 5454 5265 5271
f 5272 5273 5436
f 5272 5436 5435
f 5435 5436 5441
f 5455 5270 5268
f 5435 5441 5439
f 5439 5441 5440
f 5455 5274 5270
f 5241 5456 5455
f 5454 5271 5434
f 5454 5434 5438
f 5454 5438 5440
f 5454 5440 5441
f 5454 5441 5443
f 5455 5437 5274
f 5455 5442 5437
f 5455 5443 5442
f 5454 5443 5455
f 5454 5455 5470
f 5455 5456 5470
f 5470 5456 5469
f 5470 5469 5468
f 5470 5468 5471
f 5470 5471 5472
f 5470 5472 5473
f 5454 5470 5537
f 5473 5467 5252
f 5473 5472 5467
f 5470 5473 5537
f 5454 5537 5536
f 5484 5535 5536
f 5484 5536 5515
f 5348 5486 5349
f 5349 5486 5487
f 5486 5490 5487
f 5344 5346 5516
f 5347 5485 5495
f 5348 5360 5486
f 5486 5496 5490
f 5350 5362 5488
f 5349 5487 5497
f 5488 5498 5493
f 5516 5517 5246
f 5487 5490 5492
f 5490 5491 5492
f 5491 5494 5492
f 5346 5350 5516
f 5485 5489 5499
f 5490 5500 5491
f 5489 5491 5501
f 5487 5492 5502
f 5493 5503 5494
f 5492 5494 5504
f 5347 5495 5359
f 5360 5496 5486
f 5485 5499 5495
f 5349 5497 5361
f 5362 5498 5488
f 5487 5502 5497
f 5490 5496 5500
f 5489 5501 5499
f 5491 5500 5501
f 5493 5498 5503
f 5492 5504 5502
f 5494 5503 5504
f 5489 5516 5491
f 5350 5488 5516
f 5491 5516 5494
f 5488 5493 5516
f 5493 5494 5516
f 5359 5495 5531
f 5360 5361 5518
f 5360 5518 5496
f 5361 5497 5518
f 5362 5517 5498
f 5497 5502 5518
f 5502 5504 5517
f 5498 5517 5503
f 5503 5517 5504
f 5495 5499 5531
f 5496 5531 5500
f 5378 5380 5519
f 5380 5384 5519
f 5531 5532 5251
f 5381 5532 5505
f 5382 5533 5383
f 5384 5508 5519
f 5508 5513 5519
f 5513 5514 5519
f 5382 5506 5533
f 5383 5533 5507
f 5505 5533 5509
f 5506 5510 5533
f 5509 5533 5511
f 5510 5511 5533
f 5507 5533 5512
f 5512 5533 5514
f 5499 5501 5531
f 5500 5531 5501
f 5502 5517 5518
f 5496 5518 5531
f 5516 5518 5517
f 5516 5531 5518
f 5514 5533 5519
f 5505 5532 5533
f 5381 5505 5520
f 5382 5430 5506
f 5506 5521 5510
f 5384 5432 5508
f 5383 5507 5522
f 5508 5523 5513
f 5505 5509 5524
f 5510 5525 5511
f 5509 5511 5526
f 5507 5512 5527
f 5513 5528 5514
f 5512 5514 5529
f 5381 5520 5429
f 5430 5521 5506
f 5505 5524 5520
f 5383 5522 5431
f 5432 5523 5508
f 5507 5527 5522
f 5510 5521 5525
f 5509 5526 5524
f 5511 5525 5526
f 5513 5523 5528
f 5512 5529 5527
f 5514 5528 5529
f 5422 5520 5524
f 5422 5525 5521
f 5422 5524 5526
f 5422 5526 5525
f 5427 5522 5527
f 5427 5528 5523
f 5427 5527 5529
f 5427 5529 5528
f 5473 5519 5530
f 5519 5533 5530
f 5515 5534 5516
f 5516 5534 5531
f 5531 5534 5532
f 5515 5536 5534
f 5532 5538 5533
f 5530 5533 5538
f 5532 5534 5538
f 5534 5536 5538
f 5473 5530 5537
f 5530 5538 5537
f 5536 5537 5538
f 5237 5236 5238
f 5237 5238 5239
f 5249 5236 5245
f 5249 5238 5236
f 5248 5245 5246
f 5247 5249 5245
f 5248 5247 5245
f 5238 5249 5242
f 5249 5247 5250
f 5276 5244 5243
f 5281 5243 5285
f 5287 5285 5243
f 5275 5276 5243
f 5281 5275 5243
f 5276 5279 5244
f 5279 5280 5244
f 5280 5284 5244
f 5284 5290 5244
f 5276 5253 5254
f 5277 5254 5255
f 5275 5259 5253
f 5279 5256 5257
f 5280 5257 5258
f 5278 5261 5256
f 5282 5255 5260
f 5281 5263 5259
f 5286 5260 5264
f 5284 5258 5262
f 5283 5267 5261
f 5290 5262 5268
f 5285 5265 5263
f 5288 5264 5266
f 5289 5269 5267
f 5292 5268 5270
f 5287 5271 5265
f 5294 5266 5272
f 5291 5273 5269
f 5296 5270 5274
f 5287 5243 5293
f 5276 5254 5277
f 5275 5253 5276
f 5277 5255 5282
f 5278 5256 5279
f 5279 5257 5280
f 5280 5258 5284
f 5281 5259 5275
f 5281 5285 5263
f 5282 5260 5286
f 5283 5261 5278
f 5284 5262 5290
f 5289 5267 5283
f 5276 5277 5279
f 5277 5278 5279
f 5277 5282 5278
f 5282 5283 5278
f 5282 5286 5283
f 5286 5289 5283
f 5293 5243 5468
f 5286 5264 5288
f 5287 5265 5285
f 5290 5268 5292
f 5289 5291 5269
f 5288 5266 5294
f 5287 5293 5271
f 5292 5270 5296
f 5291 5295 5273
f 5286 5288 5289
f 5288 5291 5289
f 5290 5456 5244
f 5288 5294 5291
f 5294 5295 5291
f 5301 5251 5252
f 5303 5307 5251
f 5309 5251 5307
f 5298 5251 5301
f 5297 5251 5298
f 5303 5251 5297
f 5301 5252 5302
f 5302 5252 5306
f 5306 5252 5312
f 5312 5252 5314
f 5249 5471 5243
f 5249 5251 5471
f 5309 5315 5251
f 5298 5300 5299
f 5298 5301 5300
f 5299 5300 5305
f 5314 5252 5318
f 5299 5305 5304
f 5304 5305 5311
f 5304 5311 5308
f 5315 5472 5251
f 5308 5311 5313
f 5308 5313 5310
f 5318 5252 5467
f 5310 5313 5317
f 5310 5317 5316
f 5297 5298 5386
f 5298 5299 5387
f 5303 5297 5385
f 5300 5301 5392
f 5301 5302 5393
f 5305 5300 5391
f 5299 5304 5398
f 5303 5397 5307
f 5304 5308 5406
f 5302 5306 5400
f 5311 5305 5399
f 5306 5312 5411
f 5309 5307 5405
f 5308 5310 5409
f 5311 5410 5313
f 5312 5314 5414
f 5309 5407 5315
f 5310 5316 5416
f 5313 5412 5317
f 5314 5318 5418
f 5298 5387 5386
f 5297 5386 5385
f 5299 5398 5387
f 5300 5392 5391
f 5301 5393 5392
f 5302 5400 5393
f 5303 5385 5397
f 5307 5397 5405
f 5304 5406 5398
f 5305 5391 5399
f 5306 5411 5400
f 5311 5399 5410
f 5308 5409 5406
f 5309 5405 5407
f 5312 5414 5411
f 5313 5410 5412
f 5310 5416 5409
f 5315 5407 5415
f 5314 5418 5414
f 5317 5412 5417
f 5385 5386 5408
f 5386 5387 5408
f 5397 5385 5408
f 5387 5398 5408
f 5391 5392 5413
f 5392 5393 5413
f 5399 5391 5413
f 5393 5400 5413
f 5397 5408 5405
f 5408 5398 5406
f 5407 5405 5408
f 5408 5406 5409
f 5410 5399 5413
f 5413 5400 5411
f 5410 5413 5412
f 5413 5411 5414
f 5407 5408 5415
f 5408 5409 5416
f 5415 5408 5474
f 5408 5416 5475
f 5412 5413 5417
f 5413 5414 5418
f 5417 5413 5476
f 5413 5418 5477
f 5293 5434 5271
f 5445 5272 5435
f 5444 5438 5434
f 5295 5436 5273
f 5447 5274 5437
f 5446 5441 5436
f 5449 5435 5439
f 5448 5440 5438
f 5450 5439 5440
f 5452 5437 5442
f 5451 5443 5441
f 5453 5442 5443
f 5293 5444 5434
f 5294 5272 5445
f 5449 5445 5435
f 5296 5274 5447
f 5295 5446 5436
f 5452 5447 5437
f 5444 5448 5438
f 5450 5449 5439
f 5448 5450 5440
f 5446 5451 5441
f 5453 5452 5442
f 5451 5453 5443
f 5290 5292 5456
f 5292 5296 5456
f 5293 5468 5444
f 5468 5243 5471
f 5294 5469 5295
f 5296 5447 5456
f 5452 5456 5447
f 5453 5456 5452
f 5294 5445 5469
f 5295 5469 5446
f 5444 5469 5448
f 5449 5469 5445
f 5448 5469 5450
f 5450 5469 5449
f 5446 5469 5451
f 5451 5469 5453
f 5453 5469 5456
f 5444 5468 5469
f 5471 5251 5472
f 5316 5317 5459
f 5316 5459 5464
f 5315 5457 5472
f 5462 5458 5467
f 5463 5462 5467
f 5316 5467 5458
f 5316 5464 5467
f 5318 5467 5460
f 5464 5466 5467
f 5465 5460 5467
f 5466 5465 5467
f 5457 5461 5472
f 5461 5463 5472
f 5463 5467 5472
f 5315 5415 5457
f 5316 5458 5475
f 5457 5474 5461
f 5317 5417 5459
f 5318 5460 5477
f 5459 5476 5464
f 5462 5479 5458
f 5461 5478 5463
f 5463 5480 5462
f 5465 5482 5460
f 5464 5481 5466
f 5466 5483 5465
f 5457 5415 5474
f 5316 5475 5416
f 5458 5479 5475
f 5318 5477 5418
f 5459 5417 5476
f 5460 5482 5477
f 5461 5474 5478
f 5462 5480 5479
f 5463 5478 5480
f 5464 5476 5481
f 5465 5483 5482
f 5466 5481 5483
f 5474 5408 5478
f 5408 5475 5479
f 5478 5408 5480
f 5408 5479 5480
f 5476 5413 5481
f 5413 5477 5482
f 5481 5413 5483
f 5413 5482 5483
o support_2
v 2820.000 2820.000 0.000
v 2820.000 2960.000 0.000
v 2960.000 2960.000 12.000
v 2960.000 2960.000 0.000
v 2960.000 2820.000 12.000
v 2960.000 2820.000 0.000
v 2820.000 2820.000 12.000
v 2820.000 2960.000 12.000
v 2830.500 2942.000 12.000
v 2834.250 2948.495 12.000
v 2841.750 2948.495 12.000
v 2938.250 2948.495 12.000
v 2934.500 2942.000 12.000
v 2949.500 2942.000 12.000
v 2945.750 2948.495 12.000
v 2938.250 2935.505 12.000
v 2841.750 2831.505 12.000
v 2845.500 2838.000 12.000
v 2830.500 2838.000 12.000
v 2834.250 2831.505 12.000
v 2834.250 2844.495 12.000
v 2841.750 2844.495 12.000
v 2934.500 2838.000 12.000
v 2949.500 2838.000 12.000
v 2945.750 2844.495 12.000
v 2945.750 2831.505 12.000
v 2938.250 2831.505 12.000
v 2879.500 2908.187 12.000
v 2869.000 2890.000 12.000
v 2911.000 2890.000 12.000
v 2879.500 2871.813 12.000
v 2830.500 2942.000 0.000
v 2834.250 2948.495 0.000
v 2841.750 2948.495 0.000
v 2938.250 2948.495 0.000
v 2949.500 2942.000 0.000
v 2945.750 2948.495 0.000
v 2841.750 2831.505 0.000
v 2830.500 2838.000 0.000
v 2834.250 2831.505 0.000
v 2949.500 2838.000 0.000
v 2945.750 2831.505 0.000
v 2938.250 2831.505 0.000
v 2845.500 2942.000 12.000
v 2845.500 2942.000 0.000
v 2841.750 2935.505 12.000
v 2841.750 2935.505 0.000
v 2834.250 2935.505 12.000
v 2834.250 2935.505 0.000
v 2945.750 2935.505 12.000
v 2945.750 2935.505 0.000
v 2938.250 2935.505 0.000
v 2934.500 2942.000 0.000
v 2845.500 2838.000 0.000
v 2834.250 2844.495 0.000
v 2841.750 2844.495 0.000
v 2938.250 2844.495 12.000
v 2938.250 2844.495 0.000
v 2945.750 2844.495 0.000
v 2934.500 2838.000 0.000
v 2837.000 2890.000 138.000
v 2863.500 2935.899 138.000
v 2916.500 2935.899 138.000
v 2943.000 2890.000 138.000
v 2916.500 2844.101 138.000
v 2863.500 2844.101 138.000
v 2837.000 2890.000 150.000
v 2863.500 2935.899 150.000
v 2916.500 2935.899 150.000
v 2943.000 2890.000 150.000
v 2916.500 2844.101 150.000
v 2863.500 2844.101 150.000
v 2858.250 2890.000 138.000
v 2874.125 2862.504 138.000
v 2905.875 2862.504 138.000
v 2921.750 2890.000 138.000
v 2905.875 2917.496 138.000
v 2874.125 2917.496 138.000
v 2874.125 2862.504 108.000
v 2905.875 2862.504 108.000
v 2921.750 2890.000 108.000
v 2905.875 2917.496 108.000
v 2874.125 2917.496 108.000
v 2858.250 2890.000 108.000
v 2875.000 2890.000 108.000
v 2882.500 2902.990 108.000
v 2897.500 2902.990 108.000
v 2905.000 2890.000 108.000
v 2897.500 2877.010 108.000
v 2882.500 2877.010 108.000
v 2875.000 2890.000 64.000
v 2905.000 2890.000 64.000
v 2882.500 2877.010 64.000
v 2879.500 2908.187 64.000
v 2900.500 2908.187 64.000
v 2900.500 2908.187 12.000
v 2911.000 2890.000 64.000
v 2900.500 2871.813 64.000
v 2900.500 2871.813 12.000
v 2879.500 2871.813 64.000
v 2869.000 2890.000 64.000
v 2897.500 2902.990 64.000
v 2882.500 2902.990 64.000
v 2897.500 2877.010 64.000
f 5544 5543 5545
f 5539 5545 5546
f 5540 5546 5541
f 5542 5541 5543
f 5562 5564 5543
f 5565 5543 5564
f 5541 5552 5562
f 5563 5562 5552
f 5561 5637 5556
f 5568 5595 5563
f 5561 5595 5637
f 5565 5561 5555
f 5543 5565 5555
f 5637 5595 5568
f 5550 5553 5541
f 5552 5541 5553
f 5554 5634 5568
f 5634 5554 5551
f 5551 5550 5549
f 5582 5634 5551
f 5588 5554 5568
f 5568 5563 5588
f 5550 5541 5549
f 5560 5569 5567
f 5556 5569 5560
f 5557 5545 5558
f 5555 5558 5545
f 5557 5559 5586
f 5545 5557 5547
f 5559 5560 5567
f 5584 5566 5582
f 5567 5566 5584
f 5566 5634 5582
f 5567 5584 5586
f 5546 5547 5548
f 5549 5546 5548
f 5586 5559 5567
f 5542 5544 5579
f 5580 5579 5544
f 5597 5589 5574
f 5544 5581 5580
f 5590 5596 5594
f 5581 5576 5598
f 5544 5539 5576
f 5596 5590 5589
f 5575 5542 5574
f 5590 5585 5591
f 5542 5575 5573
f 5591 5583 5572
f 5573 5572 5542
f 5598 5592 5594
f 5577 5578 5539
f 5576 5539 5578
f 5577 5570 5587
f 5539 5540 5570
f 5593 5587 5585
f 5572 5571 5540
f 5570 5540 5571
f 5583 5585 5584
f 5585 5587 5586
f 5587 5570 5547
f 5570 5571 5548
f 5571 5572 5549
f 5572 5583 5582
f 5591 5573 5550
f 5573 5575 5553
f 5575 5574 5552
f 5574 5589 5588
f 5589 5590 5554
f 5590 5591 5551
f 5592 5576 5555
f 5576 5578 5558
f 5578 5577 5557
f 5577 5593 5559
f 5593 5594 5560
f 5594 5592 5556
f 5598 5596 5595
f 5596 5597 5563
f 5597 5579 5562
f 5579 5580 5564
f 5580 5581 5565
f 5581 5598 5561
f 5599 5605 5606
f 5600 5606 5607
f 5601 5607 5608
f 5602 5608 5609
f 5603 5609 5610
f 5604 5610 5605
f 5600 5616 5599
f 5611 5599 5616
f 5601 5616 5600
f 5604 5599 5612
f 5611 5612 5599
f 5603 5604 5612
f 5602 5614 5615
f 5616 5601 5615
f 5601 5602 5615
f 5603 5613 5602
f 5614 5602 5613
f 5612 5613 5603
f 5611 5622 5617
f 5612 5617 5618
f 5613 5618 5619
f 5614 5619 5620
f 5615 5620 5621
f 5616 5621 5622
f 5625 5620 5619
f 5624 5620 5625
f 5626 5625 5619
f 5618 5627 5619
f 5626 5619 5627
f 5617 5627 5618
f 5622 5624 5623
f 5620 5624 5621
f 5621 5624 5622
f 5617 5622 5628
f 5623 5628 5622
f 5627 5617 5628
f 5629 5623 5624
f 5640 5625 5626
f 5630 5626 5627
f 5631 5628 5623
f 5567 5639 5632
f 5566 5632 5633
f 5634 5633 5635
f 5568 5635 5636
f 5637 5636 5638
f 5569 5638 5639
f 5641 5632 5639
f 5640 5632 5641
f 5629 5641 5639
f 5639 5638 5631
f 5636 5631 5638
f 5629 5639 5631
f 5635 5640 5630
f 5632 5640 5633
f 5633 5640 5635
f 5636 5635 5642
f 5630 5642 5635
f 5631 5636 5642
f 5640 5624 5625
f 5624 5640 5641
f 5628 5642 5627
f 5642 5628 5631
f 5544 5545 5539
f 5539 5546 5540
f 5540 5541 5542
f 5542 5543 5544
f 5541 5562 5543
f 5563 5552 5588
f 5637 5569 5556
f 5561 5556 5555
f 5543 5555 5545
f 5551 5549 5582
f 5541 5546 5549
f 5557 5586 5547
f 5545 5547 5546
f 5542 5579 5574
f 5597 5574 5579
f 5590 5594 5585
f 5576 5592 5598
f 5544 5576 5581
f 5596 5589 5597
f 5585 5583 5591
f 5591 5572 5573
f 5572 5540 5542
f 5598 5594 5596
f 5577 5587 5593
f 5539 5570 5577
f 5593 5585 5594
f 5583 5584 5582
f 5585 5586 5584
f 5587 5547 5586
f 5570 5548 5547
f 5571 5549 5548
f 5572 5582 5549
f 5591 5550 5551
f 5573 5553 5550
f 5575 5552 5553
f 5574 5588 5552
f 5589 5554 5588
f 5590 5551 5554
f 5592 5555 5556
f 5576 5558 5555
f 5578 5557 5558
f 5577 5559 5557
f 5593 5560 5559
f 5594 5556 5560
f 5598 5595 5561
f 5596 5563 5595
f 5597 5562 5563
f 5579 5564 5562
f 5580 5565 5564
f 5581 5561 5565
f 5599 5606 5600
f 5600 5607 5601
f 5601 5608 5602
f 5602 5609 5603
f 5603 5610 5604
f 5604 5605 5599
f 5611 5617 5612
f 5612 5618 5613
f 5613 5619 5614
f 5614 5620 5615
f 5615 5621 5616
f 5616 5622 5611
f 5629 5624 5641
f 5640 5626 5630
f 5630 5627 5642
f 5631 5623 5629
f 5567 5632 5566
f 5566 5633 5634
f 5634 5635 5568
f 5568 5636 5637
f 5637 5638 5569
f 5569 5639 5567
f 5609 5605 5610
f 5608 5605 5609
f 5608 5607 5605
f 5606 5605 5607
o column_2
v 3000.000 3000.000 150.000
v 3000.000 3000.000 3500.000
v 3000.000 2965.000 3250.000
v 3000.000 2965.000 3500.000
v 2965.000 3000.000 3250.000
v 2965.000 3000.000 3500.000
v 2965.000 2965.000 3250.000
v 2965.000 2965.000 3500.000
v 3000.000 2935.000 3250.000
v 3000.000 2935.000 3500.000
v 2965.000 2935.000 3250.000
v 2965.000 2935.000 3500.000
v 2935.000 3000.000 3250.000
v 2935.000 3000.000 3500.000
v 2935.000 2965.000 3250.000
v 2935.000 2965.000 3500.000
v 2935.000 2935.000 3250.000
v 2935.000 2935.000 3500.000
v 3000.000 2871.847 3315.433
v 3000.000 2873.750 3325.000
v 3000.000 2871.847 3334.567
v 3000.000 2871.847 3415.433
v 3000.000 2873.750 3425.000
v 3000.000 2871.847 3434.567
v 3000.000 2866.428 3307.322
v 3000.000 2866.428 3342.678
v 3000.000 2866.428 3407.322
v 3000.000 2866.428 3442.678
v 3000.000 2858.317 3301.903
v 3000.000 2858.317 3348.097
v 3000.000 2848.750 3300.000
v 3000.000 2848.750 3350.000
v 3000.000 2858.317 3401.903
v 3000.000 2858.317 3448.097
v 3000.000 2848.750 3400.000
v 3000.000 2848.750 3450.000
v 3000.000 2839.183 3301.903
v 3000.000 2839.183 3348.097
v 3000.000 2839.183 3401.903
v 3000.000 2839.183 3448.097
v 2965.000 2871.847 3315.433
v 2965.000 2873.750 3325.000
v 2965.000 2871.847 3334.567
v 2965.000 2871.847 3415.433
v 2965.000 2873.750 3425.000
v 2965.000 2871.847 3434.567
v 2965.000 2866.428 3307.322
v 2965.000 2866.428 3342.678
v 2965.000 2866.428 3407.322
v 2965.000 2866.428 3442.678
v 2965.000 2858.317 3301.903
v 2965.000 2858.317 3348.097
v 2965.000 2848.750 3300.000
v 2965.000 2848.750 3350.000
v 2965.000 2858.317 3401.903
v 2965.000 2858.317 3448.097
v 2965.000 2848.750 3400.000
v 2965.000 2848.750 3450.000
v 2965.000 2839.183 3301.903
v 2965.000 2839.183 3348.097
v 2965.000 2839.183 3401.903
v 2965.000 2839.183 3448.097
v 2935.000 2871.847 3315.433
v 2935.000 2873.750 3325.000
v 2935.000 2871.847 3334.567
v 2935.000 2871.847 3415.433
v 2935.000 2873.750 3425.000
v 2935.000 2871.847 3434.567
v 2935.000 2866.428 3307.322
v 2935.000 2866.428 3342.678
v 2935.000 2866.428 3407.322
v 2935.000 2866.428 3442.678
v 2935.000 2858.317 3301.903
v 2935.000 2858.317 3348.097
v 2935.000 2848.750 3300.000
v 2935.000 2848.750 3350.000
v 2935.000 2858.317 3401.903
v 2935.000 2858.317 3448.097
v 2935.000 2848.750 3400.000
v 2935.000 2848.750 3450.000
v 2935.000 2839.183 3301.903
v 2935.000 2839.183 3348.097
v 2935.000 2839.183 3401.903
v 2935.000 2839.183 3448.097
v 2871.847 3000.000 3315.433
v 2873.750 3000.000 3325.000
v 2871.847 3000.000 3334.567
v 2871.847 3000.000 3415.433
v 2873.750 3000.000 3425.000
v 2871.847 3000.000 3434.567
v 2866.428 3000.000 3307.322
v 2866.428 3000.000 3342.678
v 2866.428 3000.000 3407.322
v 2866.428 3000.000 3442.678
v 2871.847 2965.000 3315.433
v 2873.750 2965.000 3325.000
v 2871.847 2965.000 3334.567
v 2871.847 2965.000 3415.433
v 2873.750 2965.000 3425.000
v 2871.847 2965.000 3434.567
v 2866.428 2965.000 3307.322
v 2866.428 2965.000 3342.678
v 2866.428 2965.000 3407.322
v 2866.428 2965.000 3442.678
v 2858.317 3000.000 3301.903
v 2858.317 3000.000 3348.097
v 2848.750 3000.000 3300.000
v 2848.750 3000.000 3350.000
v 2858.317 3000.000 3401.903
v 2858.317 3000.000 3448.097
v 2848.750 3000.000 3400.000
v 2848.750 3000.000 3450.000
v 2839.183 3000.000 3301.903
v 2839.183 3000.000 3348.097
v 2839.183 3000.000 3401.903
v 2839.183 3000.000 3448.097
v 2858.317 2965.000 3301.903
v 2858.317 2965.000 3348.097
v 2848.750 2965.000 3300.000
v 2848.750 2965.000 3350.000
v 2858.317 2965.000 3401.903
v 2858.317 2965.000 3448.097
v 2848.750 2965.000 3400.000
v 2848.750 2965.000 3450.000
v 2839.183 2965.000 3301.903
v 2839.183 2965.000 3348.097
v 2839.183 2965.000 3401.903
v 2839.183 2965.000 3448.097
v 2871.847 2935.000 3315.433
v 2873.750 2935.000 3325.000
v 2871.847 2935.000 3334.567
v 2871.847 2935.000 3415.433
v 2873.750 2935.000 3425.000
v 2871.847 2935.000 3434.567
v 2866.428 2935.000 3307.322
v 2866.428 2935.000 3342.678
v 2866.428 2935.000 3407.322
v 2866.428 2935.000 3442.678
v 2858.317 2935.000 3301.903
v 2858.317 2935.000 3348.097
v 2848.750 2935.000 3300.000
v 2848.750 2935.000 3350.000
v 2858.317 2935.000 3401.903
v 2858.317 2935.000 3448.097
v 2848.750 2935.000 3400.000
v 2848.750 2935.000 3450.000
v 2839.183 2935.000 3301.903
v 2839.183 2935.000 3348.097
v 2839.183 2935.000 3401.903
v 2839.183 2935.000 3448.097
v 2875.000 2871.847 3315.433
v 2875.000 2873.750 3325.000
v 2875.000 2871.847 3334.567
v 2871.847 2875.000 3315.433
v 2873.750 2875.000 3325.000
v 2871.847 2875.000 3334.567
v 2875.000 2871.847 3415.433
v 2875.000 2873.750 3425.000
v 2875.000 2871.847 3434.567
v 2871.847 2875.000 3415.433
v 2873.750 2875.000 3425.000
v 2871.847 2875.000 3434.567
v 2875.000 2866.428 3307.322
v 2875.000 2866.428 3342.678
v 2875.000 2866.428 3407.322
v 2875.000 2866.428 3442.678
v 2866.428 2875.000 3307.322
v 2866.428 2875.000 3342.678
v 2866.428 2875.000 3407.322
v 2866.428 2875.000 3442.678
v 2875.000 2858.317 3301.903
v 2875.000 2858.317 3348.097
v 2875.000 2848.750 3300.000
v 2875.000 2848.750 3325.000
v 2875.000 2848.750 3350.000
v 2875.000 2858.317 3401.903
v 2875.000 2858.317 3448.097
v 2875.000 2848.750 3400.000
v 2875.000 2848.750 3425.000
v 2875.000 2848.750 3450.000
v 2875.000 2839.183 3301.903
v 2875.000 2839.183 3348.097
v 2875.000 2839.183 3401.903
v 2875.000 2839.183 3448.097
v 2858.317 2875.000 3301.903
v 2858.317 2875.000 3348.097
v 2848.750 2875.000 3300.000
v 2848.750 2875.000 3325.000
v 2848.750 2875.000 3350.000
v 2858.317 2875.000 3401.903
v 2858.317 2875.000 3448.097
v 2848.750 2875.000 3400.000
v 2848.750 2875.000 3425.000
v 2848.750 2875.000 3450.000
v 2839.183 2875.000 3301.903
v 2839.183 2875.000 3348.097
v 2839.183 2875.000 3401.903
v 2839.183 2875.000 3448.097
v 3000.000 2780.000 150.000
v 3000.000 2831.072 3307.322
v 3000.000 2831.072 3342.678
v 3000.000 2831.072 3407.322
v 3000.000 2831.072 3442.678
v 3000.000 2825.653 3315.433
v 3000.000 2825.653 3334.567
v 3000.000 2823.750 3325.000
v 3000.000 2825.653 3415.433
v 3000.000 2825.653 3434.567
v 3000.000 2823.750 3425.000
v 2965.000 2831.072 3307.322
v 2965.000 2831.072 3342.678
v 2965.000 2831.072 3407.322
v 2965.000 2831.072 3442.678
v 2965.000 2825.653 3315.433
v 2965.000 2825.653 3334.567
v 2965.000 2823.750 3325.000
v 2965.000 2825.653 3415.433
v 2965.000 2825.653 3434.567
v 2965.000 2823.750 3425.000
v 3000.000 2780.000 2770.000
v 3000.000 2780.000 3500.000
v 2965.000 2780.000 3500.000
v 2935.000 2831.072 3307.322
v 2935.000 2831.072 3342.678
v 2935.000 2831.072 3407.322
v 2935.000 2831.072 3442.678
v 2935.000 2825.653 3315.433
v 2935.000 2825.653 3334.567
v 2935.000 2823.750 3325.000
v 2935.000 2825.653 3415.433
v 2935.000 2825.653 3434.567
v 2935.000 2823.750 3425.000
v 2935.000 2780.000 3500.000
v 2965.000 2742.937 3250.000
v 2965.000 2749.235 3292.480
v 3000.000 2677.032 2805.450
v 2935.000 2742.937 3250.000
v 2880.000 2780.000 3500.000
v 2875.000 2831.072 3307.322
v 2875.000 2831.072 3342.678
v 2875.000 2831.072 3407.322
v 2875.000 2831.072 3442.678
v 2875.000 2825.653 3315.433
v 2875.000 2825.653 3334.567
v 2875.000 2823.750 3325.000
v 2875.000 2825.653 3415.433
v 2875.000 2825.653 3434.567
v 2875.000 2823.750 3425.000
v 2780.000 3000.000 150.000
v 2831.072 3000.000 3307.322
v 2831.072 3000.000 3342.678
v 2831.072 3000.000 3407.322
v 2831.072 3000.000 3442.678
v 2825.653 3000.000 3315.433
v 2825.653 3000.000 3334.567
v 2823.750 3000.000 3325.000
v 2825.653 3000.000 3415.433
v 2825.653 3000.000 3434.567
v 2823.750 3000.000 3425.000
v 2831.072 2965.000 3307.322
v 2831.072 2965.000 3342.678
v 2831.072 2965.000 3407.322
v 2831.072 2965.000 3442.678
v 2825.653 2965.000 3315.433
v 2825.653 2965.000 3334.567
v 2823.750 2965.000 3325.000
v 2825.653 2965.000 3415.433
v 2825.653 2965.000 3434.567
v 2823.750 2965.000 3425.000
v 2831.072 2935.000 3307.322
v 2831.072 2935.000 3342.678
v 2831.072 2935.000 3407.322
v 2831.072 2935.000 3442.678
v 2825.653 2935.000 3315.433
v 2825.653 2935.000 3334.567
v 2823.750 2935.000 3325.000
v 2825.653 2935.000 3415.433
v 2825.653 2935.000 3434.567
v 2823.750 2935.000 3425.000
v 2780.000 3000.000 2770.000
v 2780.000 3000.000 3500.000
v 2780.000 2965.000 3500.000
v 2769.651 2965.000 3430.190
v 2780.000 2935.000 3500.000
v 2831.072 2875.000 3307.322
v 2831.072 2875.000 3342.678
v 2831.072 2875.000 3407.322
v 2831.072 2875.000 3442.678
v 2825.653 2875.000 3315.433
v 2825.653 2875.000 3334.567
v 2823.750 2875.000 3325.000
v 2825.653 2875.000 3415.433
v 2825.653 2875.000 3434.567
v 2823.750 2875.000 3425.000
v 2780.000 2880.000 3500.000
v 2742.937 2965.000 3250.000
v 2742.937 2935.000 3250.000
v 2749.235 2935.000 3292.480
v 2677.032 3000.000 2805.450
v 2780.000 2780.000 150.000
v 2780.000 2780.000 2770.000
v 2809.772 2677.032 2805.450
v 2677.032 2809.772 2805.450
f 5643 5644 5841
f 5643 5841 5942
f 5643 5942 5891
f 5643 5891 5922
f 5643 5655 5647
f 5643 5648 5644
f 5643 5647 5648
f 5643 5733 5655
f 5644 5646 5645
f 5644 5650 5646
f 5645 5646 5649
f 5644 5648 5650
f 5646 5650 5649
f 5645 5653 5651
f 5651 5654 5652
f 5645 5649 5653
f 5651 5653 5654
f 5644 5645 5841
f 5645 5862 5841
f 5645 5651 5862
f 5651 5652 5862
f 5652 5665 5662
f 5652 5666 5665
f 5652 5670 5666
f 5652 5676 5670
f 5652 5654 5864
f 5652 5662 5862
f 5662 5664 5663
f 5662 5665 5664
f 5663 5664 5669
f 5663 5669 5668
f 5668 5669 5675
f 5668 5675 5672
f 5862 5661 5667
f 5862 5662 5661
f 5672 5675 5677
f 5672 5677 5674
f 5652 5863 5676
f 5674 5677 5681
f 5674 5681 5680
f 5643 5747 5733
f 5643 5749 5747
f 5643 5755 5749
f 5643 5892 5755
f 5643 5896 5892
f 5643 5922 5923
f 5643 5923 5896
f 5735 5656 5655
f 5738 5657 5658
f 5727 5728 5655
f 5728 5729 5655
f 5727 5655 5733
f 5729 5734 5655
f 5734 5735 5655
f 5730 5731 5656
f 5730 5656 5735
f 5731 5732 5656
f 5732 5736 5656
f 5736 5752 5656
f 5743 5759 5657
f 5759 5761 5657
f 5737 5657 5738
f 5737 5743 5657
f 5738 5658 5741
f 5741 5658 5742
f 5742 5658 5746
f 5924 5658 5656
f 5746 5658 5764
f 5764 5658 5766
f 5776 5660 5659
f 5777 5659 5781
f 5781 5659 5783
f 5771 5772 5659
f 5772 5773 5659
f 5771 5659 5777
f 5773 5778 5659
f 5778 5779 5659
f 5774 5775 5659
f 5775 5776 5659
f 5774 5659 5779
f 5776 5780 5660
f 5780 5786 5660
f 5728 5738 5729
f 5727 5737 5728
f 5729 5739 5734
f 5730 5740 5731
f 5731 5741 5732
f 5732 5742 5736
f 5734 5748 5735
f 5735 5748 5751
f 5727 5733 5743
f 5733 5747 5759
f 5734 5744 5748
f 5730 5735 5745
f 5736 5746 5752
f 5735 5751 5763
f 5761 5767 5657
f 5728 5737 5738
f 5729 5738 5739
f 5727 5743 5737
f 5731 5740 5741
f 5732 5741 5742
f 5730 5745 5740
f 5738 5740 5739
f 5738 5741 5740
f 5739 5740 5745
f 5766 5658 5770
f 5734 5739 5744
f 5733 5759 5743
f 5744 5760 5748
f 5736 5742 5746
f 5735 5763 5745
f 5746 5764 5752
f 5739 5745 5744
f 5744 5745 5763
f 5744 5763 5760
f 5748 5750 5751
f 5750 5753 5751
f 5752 5923 5656
f 5748 5760 5750
f 5747 5749 5761
f 5752 5764 5754
f 5751 5753 5765
f 5750 5756 5753
f 5753 5756 5757
f 5750 5762 5756
f 5749 5755 5767
f 5754 5766 5758
f 5753 5757 5769
f 5767 5938 5657
f 5747 5761 5759
f 5750 5760 5762
f 5751 5765 5763
f 5754 5764 5766
f 5760 5763 5765
f 5760 5765 5762
f 5770 5658 5924
f 5749 5767 5761
f 5756 5762 5768
f 5753 5769 5765
f 5758 5766 5770
f 5762 5765 5769
f 5762 5769 5768
f 5939 5659 5657
f 5783 5659 5789
f 5778 5782 5779
f 5779 5782 5785
f 5789 5659 5939
f 5782 5784 5785
f 5784 5787 5785
f 5786 5926 5660
f 5784 5790 5787
f 5787 5790 5791
f 5772 5797 5773
f 5771 5796 5772
f 5773 5798 5778
f 5774 5802 5775
f 5775 5803 5776
f 5776 5804 5780
f 5771 5777 5809
f 5777 5781 5827
f 5778 5810 5782
f 5774 5779 5811
f 5780 5812 5786
f 5779 5785 5832
f 5772 5796 5797
f 5773 5797 5798
f 5771 5809 5796
f 5775 5802 5803
f 5776 5803 5804
f 5774 5811 5802
f 5778 5798 5810
f 5777 5827 5809
f 5782 5810 5828
f 5780 5804 5812
f 5779 5832 5811
f 5786 5812 5833
f 5880 5660 5926
f 5782 5828 5784
f 5781 5783 5829
f 5786 5833 5788
f 5785 5787 5834
f 5784 5831 5790
f 5783 5789 5837
f 5788 5836 5792
f 5787 5791 5839
f 5781 5829 5827
f 5784 5828 5831
f 5785 5834 5832
f 5788 5833 5836
f 5783 5837 5829
f 5790 5831 5838
f 5787 5839 5834
f 5792 5836 5840
f 5796 5830 5797
f 5797 5830 5798
f 5796 5809 5830
f 5798 5830 5810
f 5802 5835 5803
f 5803 5835 5804
f 5802 5811 5835
f 5804 5835 5812
f 5809 5827 5830
f 5810 5830 5828
f 5827 5829 5830
f 5828 5830 5831
f 5811 5832 5835
f 5812 5835 5833
f 5832 5834 5835
f 5833 5835 5836
f 5829 5837 5830
f 5830 5838 5831
f 5830 5837 5927
f 5830 5928 5838
f 5834 5839 5835
f 5835 5840 5836
f 5835 5839 5929
f 5835 5930 5840
f 5841 5943 5942
f 5841 5862 5943
f 5862 5667 5671
f 5862 5671 5673
f 5862 5673 5679
f 5680 5681 5844
f 5680 5844 5843
f 5843 5844 5849
f 5863 5678 5676
f 5843 5849 5847
f 5847 5849 5848
f 5863 5682 5678
f 5652 5864 5863
f 5862 5679 5842
f 5862 5842 5846
f 5862 5846 5848
f 5862 5848 5849
f 5862 5849 5851
f 5863 5845 5682
f 5863 5850 5845
f 5863 5851 5850
f 5862 5851 5863
f 5862 5863 5878
f 5863 5864 5878
f 5878 5864 5877
f 5878 5877 5876
f 5878 5876 5879
f 5878 5879 5880
f 5862 5878 5944
f 5880 5875 5660
f 5880 5879 5875
f 5878 5880 5944
f 5862 5944 5943
f 5891 5942 5943
f 5891 5943 5922
f 5756 5893 5757
f 5757 5893 5894
f 5893 5897 5894
f 5752 5754 5923
f 5755 5892 5902
f 5756 5768 5893
f 5893 5903 5897
f 5758 5770 5895
f 5757 5894 5904
f 5895 5905 5900
f 5923 5924 5656
f 5894 5897 5899
f 5897 5898 5899
f 5898 5901 5899
f 5754 5758 5923
f 5892 5896 5906
f 5897 5907 5898
f 5896 5898 5908
f 5894 5899 5909
f 5900 5910 5901
f 5899 5901 5911
f 5755 5902 5767
f 5768 5903 5893
f 5892 5906 5902
f 5757 5904 5769
f 5770 5905 5895
f 5894 5909 5904
f 5897 5903 5907
f 5896 5908 5906
f 5898 5907 5908
f 5900 5905 5910
f 5899 5911 5909
f 5901 5910 5911
f 5896 5923 5898
f 5758 5895 5923
f 5898 5923 5901
f 5895 5900 5923
f 5900 5901 5923
f 5767 5902 5938
f 5768 5769 5925
f 5768 5925 5903
f 5769 5904 5925
f 5770 5924 5905
f 5904 5909 5925
f 5909 5911 5924
f 5905 5924 5910
f 5910 5924 5911
f 5902 5906 5938
f 5903 5938 5907
f 5786 5788 5926
f 5788 5792 5926
f 5938 5939 5657
f 5789 5939 5912
f 5790 5940 5791
f 5792 5915 5926
f 5915 5920 5926
f 5920 5921 5926
f 5790 5913 5940
f 5791 5940 5914
f 5912 5940 5916
f 5913 5917 5940
f 5916 5940 5918
f 5917 5918 5940
f 5914 5940 5919
f 5919 5940 5921
f 5906 5908 5938
f 5907 5938 5908
f 5909 5924 5925
f 5903 5925 5938
f 5923 5925 5924
f 5923 5938 5925
f 5921 5940 5926
f 5912 5939 5940
f 5789 5912 5927
f 5790 5838 5913
f 5913 5928 5917
f 5792 5840 5915
f 5791 5914 5929
f 5915 5930 5920
f 5912 5916 5931
f 5917 5932 5918
f 5916 5918 5933
f 5914 5919 5934
f 5920 5935 5921
f 5919 5921 5936
f 5789 5927 5837
f 5838 5928 5913
f 5912 5931 5927
f 5791 5929 5839
f 5840 5930 5915
f 5914 5934 5929
f 5917 5928 5932
f 5916 5933 5931
f 5918 5932 5933
f 5920 5930 5935
f 5919 5936 5934
f 5921 5935 5936
f 5830 5927 5931
f 5830 5932 5928
f 5830 5931 5933
f 5830 5933 5932
f 5835 5929 5934
f 5835 5935 5930
f 5835 5934 5936
f 5835 5936 5935
f 5880 5926 5937
f 5926 5940 5937
f 5922 5941 5923
f 5923 5941 5938
f 5938 5941 5939
f 5922 5943 5941
f 5939 5945 5940
f 5937 5940 5945
f 5939 5941 5945
f 5941 5943 5945
f 5880 5937 5944
f 5937 5945 5944
f 5943 5944 5945
f 5648 5647 5649
f 5648 5649 5650
f 5647 5655 5649
f 5655 5657 5649
f 5658 5655 5656
f 5658 5657 5655
f 5659 5649 5657
f 5684 5654 5653
f 5689 5653 5693
f 5695 5693 5653
f 5683 5684 5653
f 5689 5683 5653
f 5684 5687 5654
f 5687 5688 5654
f 5688 5692 5654
f 5692 5698 5654
f 5684 5661 5662
f 5685 5662 5663
f 5683 5667 5661
f 5687 5664 5665
f 5688 5665 5666
f 5686 5669 5664
f 5690 5663 5668
f 5689 5671 5667
f 5694 5668 5672
f 5692 5666 5670
f 5691 5675 5669
f 5698 5670 5676
f 5693 5673 5671
f 5696 5672 5674
f 5697 5677 5675
f 5700 5676 5678
f 5695 5679 5673
f 5702 5674 5680
f 5699 5681 5677
f 5704 5678 5682
f 5695 5653 5701
f 5684 5662 5685
f 5683 5661 5684
f 5685 5663 5690
f 5686 5664 5687
f 5687 5665 5688
f 5688 5666 5692
f 5689 5667 5683
f 5689 5693 5671
f 5690 5668 5694
f 5691 5669 5686
f 5692 5670 5698
f 5697 5675 5691
f 5684 5685 5687
f 5685 5686 5687
f 5685 5690 5686
f 5690 5691 5686
f 5690 5694 5691
f 5694 5697 5691
f 5701 5653 5876
f 5694 5672 5696
f 5695 5673 5693
f 5698 5676 5700
f 5697 5699 5677
f 5696 5674 5702
f 5695 5701 5679
f 5700 5678 5704
f 5699 5703 5681
f 5694 5696 5697
f 5696 5699 5697
f 5698 5864 5654
f 5696 5702 5699
f 5702 5703 5699
f 5649 5879 5653
f 5649 5659 5879
f 5709 5659 5660
f 5711 5715 5659
f 5717 5659 5715
f 5706 5659 5709
f 5705 5659 5706
f 5711 5659 5705
f 5709 5660 5710
f 5710 5660 5714
f 5714 5660 5720
f 5720 5660 5722
f 5717 5723 5659
f 5706 5708 5707
f 5706 5709 5708
f 5707 5708 5713
f 5722 5660 5726
f 5707 5713 5712
f 5712 5713 5719
f 5712 5719 5716
f 5723 5879 5659
f 5716 5719 5721
f 5716 5721 5718
f 5726 5660 5875
f 5718 5721 5725
f 5718 5725 5724
f 5705 5706 5794
f 5706 5707 5795
f 5711 5705 5793
f 5708 5709 5800
f 5709 5710 5801
f 5713 5708 5799
f 5707 5712 5806
f 5711 5805 5715
f 5712 5716 5814
f 5710 5714 5808
f 5719 5713 5807
f 5714 5720 5819
f 5717 5715 5813
f 5716 5718 5817
f 5719 5818 5721
f 5720 5722 5822
f 5717 5815 5723
f 5718 5724 5824
f 5721 5820 5725
f 5722 5726 5826
f 5706 5795 5794
f 5705 5794 5793
f 5707 5806 5795
f 5708 5800 5799
f 5709 5801 5800
f 5710 5808 5801
f 5711 5793 5805
f 5715 5805 5813
f 5712 5814 5806
f 5713 5799 5807
f 5714 5819 5808
f 5719 5807 5818
f 5716 5817 5814
f 5717 5813 5815
f 5720 5822 5819
f 5721 5818 5820
f 5718 5824 5817
f 5723 5815 5823
f 5722 5826 5822
f 5725 5820 5825
f 5793 5794 5816
f 5794 5795 5816
f 5805 5793 5816
f 5795 5806 5816
f 5799 5800 5821
f 5800 5801 5821
f 5807 5799 5821
f 5801 5808 5821
f 5805 5816 5813
f 5816 5806 5814
f 5815 5813 5816
f 5816 5814 5817
f 5818 5807 5821
f 5821 5808 5819
f 5818 5821 5820
f 5821 5819 5822
f 5815 5816 5823
f 5816 5817 5824
f 5823 5816 5881
f 5816 5824 5882
f 5820 5821 5825
f 5821 5822 5826
f 5825 5821 5883
f 5821 5826 5884
f 5701 5842 5679
f 5853 5680 5843
f 5852 5846 5842
f 5703 5844 5681
f 5855 5682 5845
f 5854 5849 5844
f 5857 5843 5847
f 5856 5848 5846
f 5858 5847 5848
f 5860 5845 5850
f 5859 5851 5849
f 5861 5850 5851
f 5701 5852 5842
f 5702 5680 5853
f 5857 5853 5843
f 5704 5682 5855
f 5703 5854 5844
f 5860 5855 5845
f 5852 5856 5846
f 5858 5857 5847
f 5856 5858 5848
f 5854 5859 5849
f 5861 5860 5850
f 5859 5861 5851
f 5698 5700 5864
f 5700 5704 5864
f 5701 5876 5852
f 5702 5877 5703
f 5704 5855 5864
f 5860 5864 5855
f 5861 5864 5860
f 5702 5853 5877
f 5703 5877 5854
f 5852 5877 5856
f 5857 5877 5853
f 5856 5877 5858
f 5858 5877 5857
f 5854 5877 5859
f 5859 5877 5861
f 5861 5877 5864
f 5852 5876 5877
f 5653 5879 5876
f 5724 5725 5867
f 5724 5867 5872
f 5723 5865 5879
f 5870 5866 5875
f 5871 5870 5875
f 5724 5875 5866
f 5724 5872 5875
f 5726 5875 5868
f 5872 5874 5875
f 5873 5868 5875
f 5874 5873 5875
f 5865 5869 5879
f 5869 5871 5879
f 5871 5875 5879
f 5723 5823 5865
f 5724 5866 5882
f 5865 5881 5869
f 5725 5825 5867
f 5726 5868 5884
f 5867 5883 5872
f 5870 5886 5866
f 5869 5885 5871
f 5871 5887 5870
f 5873 5889 5868
f 5872 5888 5874
f 5874 5890 5873
f 5865 5823 5881
f 5724 5882 5824
f 5866 5886 5882
f 5726 5884 5826
f 5867 5825 5883
f 5868 5889 5884
f 5869 5881 5885
f 5870 5887 5886
f 5871 5885 5887
f 5872 5883 5888
f 5873 5890 5889
f 5874 5888 5890
f 5881 5816 5885
f 5816 5882 5886
f 5885 5816 5887
f 5816 5886 5887
f 5883 5821 5888
f 5821 5884 5889
f 5888 5821 5890
f 5821 5889 5890
o support_3
v -2820.000 2820.000 0.000
v -2960.000 2820.000 0.000
v -2960.000 2960.000 12.000
v -2960.000 2960.000 0.000
v -2820.000 2960.000 12.000
v -2820.000 2960.000 0.000
v -2820.000 2820.000 12.000
v -2960.000 2820.000 12.000
v -2942.000 2830.500 12.000
v -2948.495 2834.250 12.000
v -2948.495 2841.750 12.000
v -2948.495 2938.250 12.000
v -2942.000 2934.500 12.000
v -2942.000 2949.500 12.000
v -2948.495 2945.750 12.000
v -2935.505 2938.250 12.000
v -2831.505 2841.750 12.000
v -2838.000 2845.500 12.000
v -2838.000 2830.500 12.000
v -2831.505 2834.250 12.000
v -2844.495 2834.250 12.000
v -2844.495 2841.750 12.000
v -2838.000 2934.500 12.000
v -2838.000 2949.500 12.000
v -2844.495 2945.750 12.000
v -2831.505 2945.750 12.000
v -2831.505 2938.250 12.000
v -2908.187 2879.500 12.000
v -2890.000 2869.000 12.000
v -2890.000 2911.000 12.000
v -2871.813 2879.500 12.000
v -2942.000 2830.500 0.000
v -2948.495 2834.250 0.000
v -2948.495 2841.750 0.000
v -2948.495 2938.250 0.000
v -2942.000 2949.500 0.000
v -2948.495 2945.750 0.000
v -2831.505 2841.750 0.000
v -2838.000 2830.500 0.000
v -2831.505 2834.250 0.000
v -2838.000 2949.500 0.000
v -2831.505 2945.750 0.000
v -2831.505 2938.250 0.000
v -2942.000 2845.500 12.000
v -2942.000 2845.500 0.000
v -2935.505 2841.750 12.000
v -2935.505 2841.750 0.000
v -2935.505 2834.250 12.000
v -2935.505 2834.250 0.000
v -2935.505 2945.750 12.000
v -2935.505 2945.750 0.000
v -2935.505 2938.250 0.000
v -2942.000 2934.500 0.000
v -2838.000 2845.500 0.000
v -2844.495 2834.250 0.000
v -2844.495 2841.750 0.000
v -2844.495 2938.250 12.000
v -2844.495 2938.250 0.000
v -2844.495 2945.750 0.000
v -2838.000 2934.500 0.000
v -2890.000 2837.000 138.000
v -2935.899 2863.500 138.000
v -2935.899 2916.500 138.000
v -2890.000 2943.000 138.000
v -2844.101 2916.500 138.000
v -2844.101 2863.500 138.000
v -2890.000 2837.000 150.000
v -2935.899 2863.500 150.000
v -2935.899 2916.500 150.000
v -2890.000 2943.000 150.000
v -2844.101 2916.500 150.000
v -2844.101 2863.500 150.000
v -2890.000 2858.250 138.000
v -2862.504 2874.125 138.000
v -2862.504 2905.875 138.000
v -2890.000 2921.750 138.000
v -2917.496 2905.875 138.000
v -2917.496 2874.125 138.000
v -2862.504 2874.125 108.000
v -2862.504 2905.875 108.000
v -2890.000 2921.750 108.000
v -2917.496 2905.875 108.000
v -2917.496 2874.125 108.000
v -2890.000 2858.250 108.000
v -2890.000 2875.000 108.000
v -2902.990 2882.500 108.000
v -2902.990 2897.500 108.000
v -2890.000 2905.000 108.000
v -2877.010 2897.500 108.000
v -2877.010 2882.500 108.000
v -2890.000 2875.000 64.000
v -2890.000 2905.000 64.000
v -2877.010 2882.500 64.000
v -2908.187 2879.500 64.000
v -2908.187 2900.500 64.000
v -2908.187 2900.500 12.000
v -2890.000 2911.000 64.000
v -2871.813 2900.500 64.000
v -2871.813 2900.500 12.000
v -2871.813 2879.500 64.000
v -2890.000 2869.000 64.000
v -2902.990 2897.500 64.000
v -2902.990 2882.500 64.000
v -2877.010 2897.500 64.000
f 5951 5950 5952
f 5946 5952 5953
f 5947 5953 5948
f 5949 5948 5950
f 5969 5971 5950
f 5972 5950 5971
f 5948 5959 5969
f 5970 5969 5959
f 5968 6044 5963
f 5975 6002 5970
f 5968 6002 6044
f 5972 5968 5962
f 5950 5972 5962
f 6044 6002 5975
f 5957 5960 5948
f 5959 5948 5960
f 5961 6041 5975
f 6041 5961 5958
f 5958 5957 5956
f 5989 6041 5958
f 5995 5961 5975
f 5975 5970 5995
f 5957 5948 5956
f 5967 5976 5974
f 5963 5976 5967
f 5964 5952 5965
f 5962 5965 5952
f 5964 5966 5993
f 5952 5964 5954
f 5966 5967 5974
f 5991 5973 5989
f 5974 5973 5991
f 5973 6041 5989
f 5974 5991 5993
f 5953 5954 5955
f 5956 5953 5955
f 5993 5966 5974
f 5949 5951 5986
f 5987 5986 5951
f 6004 5996 5981
f 5951 5988 5987
f 5997 6003 6001
f 5988 5983 6005
f 5951 5946 5983
f 6003 5997 5996
f 5982 5949 5981
f 5997 5992 5998
f 5949 5982 5980
f 5998 5990 5979
f 5980 5979 5949
f 6005 5999 6001
f 5984 5985 5946
f 5983 5946 5985
f 5984 5977 5994
f 5946 5947 5977
f 6000 5994 5992
f 5979 5978 5947
f 5977 5947 5978
f 5990 5992 5991
f 5992 5994 5993
f 5994 5977 5954
f 5977 5978 5955
f 5978 5979 5956
f 5979 5990 5989
f 5998 5980 5957
f 5980 5982 5960
f 5982 5981 5959
f 5981 5996 5995
f 5996 5997 5961
f 5997 5998 5958
f 5999 5983 5962
f 5983 5985 5965
f 5985 5984 5964
f 5984 6000 5966
f 6000 6001 5967
f 6001 5999 5963
f 6005 6003 6002
f 6003 6004 5970
f 6004 5986 5969
f 5986 5987 5971
f 5987 5988 5972
f 5988 6005 5968
f 6006 6012 6013
f 6007 6013 6014
f 6008 6014 6015
f 6009 6015 6016
f 6010 6016 6017
f 6011 6017 6012
f 6007 6023 6006
f 6018 6006 6023
f 6008 6023 6007
f 6011 6006 6019
f 6018 6019 6006
f 6010 6011 6019
f 6009 6021 6022
f 6023 6008 6022
f 6008 6009 6022
f 6010 6020 6009
f 6021 6009 6020
f 6019 6020 6010
f 6018 6029 6024
f 6019 6024 6025
f 6020 6025 6026
f 6021 6026 6027
f 6022 6027 6028
f 6023 6028 6029
f 6032 6027 6026
f 6031 6027 6032
f 6033 6032 6026
f 6025 6034 6026
f 6033 6026 6034
f 6024 6034 6025
f 6029 6031 6030
f 6027 6031 6028
f 6028 6031 6029
f 6024 6029 6035
f 6030 6035 6029
f 6034 6024 6035
f 6036 6030 6031
f 6047 6032 6033
f 6037 6033 6034
f 6038 6035 6030
f 5974 6046 6039
f 5973 6039 6040
f 6041 6040 6042
f 5975 6042 6043
f 6044 6043 6045
f 5976 6045 6046
f 6048 6039 6046
f 6047 6039 6048
f 6036 6048 6046
f 6046 6045 6038
f 6043 6038 6045
f 6036 6046 6038
f 6042 6047 6037
f 6039 6047 6040
f 6040 6047 6042
f 6043 6042 6049
f 6037 6049 6042
f 6038 6043 6049
f 6047 6031 6032
f 6031 6047 6048
f 6035 6049 6034
f 6049 6035 6038
f 5951 5952 5946
f 5946 5953 5947
f 5947 5948 5949
f 5949 5950 5951
f 5948 5969 5950
f 5970 5959 5995
f 6044 5976 5963
f 5968 5963 5962
f 5950 5962 5952
f 5958 5956 5989
f 5948 5953 5956
f 5964 5993 5954
f 5952 5954 5953
f 5949 5986 5981
f 6004 5981 5986
f 5997 6001 5992
f 5983 5999 6005
f 5951 5983 5988
f 6003 5996 6004
f 5992 5990 5998
f 5998 5979 5980
f 5979 5947 5949
f 6005 6001 6003
f 5984 5994 6000
f 5946 5977 5984
f 6000 5992 6001
f 5990 5991 5989
f 5992 5993 5991
f 5994 5954 5993
f 5977 5955 5954
f 5978 5956 5955
f 5979 5989 5956
f 5998 5957 5958
f 5980 5960 5957
f 5982 5959 5960
f 5981 5995 5959
f 5996 5961 5995
f 5997 5958 5961
f 5999 5962 5963
f 5983 5965 5962
f 5985 5964 5965
f 5984 5966 5964
f 6000 5967 5966
f 6001 5963 5967
f 6005 6002 5968
f 6003 5970 6002
f 6004 5969 5970
f 5986 5971 5969
f 5987 5972 5971
f 5988 5968 5972
f 6006 6013 6007
f 6007 6014 6008
f 6008 6015 6009
f 6009 6016 6010
f 6010 6017 6011
f 6011 6012 6006
f 6018 6024 6019
f 6019 6025 6020
f 6020 6026 6021
f 6021 6027 6022
f 6022 6028 6023
f 6023 6029 6018
f 6036 6031 6048
f 6047 6033 6037
f 6037 6034 6049
f 6038 6030 6036
f 5974 6039 5973
f 5973 6040 6041
f 6041 6042 5975
f 5975 6043 6044
f 6044 6045 5976
f 5976 6046 5974
f 6016 6012 6017
f 6015 6012 6016
f 6015 6014 6012
f 6013 6012 6014
o column_3
v -3000.000 3000.000 150.000
v -3000.000 3000.000 3500.000
v -2965.000 3000.000 3250.000
v -2965.000 3000.000 3500.000
v -3000.000 2965.000 3250.000
v -3000.000 2965.000 3500.000
v -2965.000 2965.000 3250.000
v -2965.000 2965.000 3500.000
v -2935.000 3000.000 3250.000
v -2935.000 3000.000 3500.000
v -2939.085 2965.000 3250.000
v -2935.000 2965.000 3250.000
v -2935.000 2965.000 3500.000
v -3000.000 2935.000 3250.000
v -3000.000 2935.000 3500.000
v -2965.000 2935.000 3250.000
v -2965.000 2935.000 3500.000
v -2942.168 2938.577 3250.000
v -2942.586 2935.000 3250.000
v -2935.000 2935.000 3250.000
v -2935.000 2935.000 3500.000
v -2871.847 3000.000 3315.433
v -2873.750 3000.000 3325.000
v -2871.847 3000.000 3334.567
v -2871.847 3000.000 3415.433
v -2873.750 3000.000 3425.000
v -2871.847 3000.000 3434.567
v -2866.428 3000.000 3307.322
v -2866.428 3000.000 3342.678
v -2866.428 3000.000 3407.322
v -2866.428 3000.000 3442.678
v -2858.317 3000.000 3301.903
v -2858.317 3000.000 3348.097
v -2848.750 3000.000 3300.000
v -2848.750 3000.000 3350.000
v -2858.317 3000.000 3401.903
v -2858.317 3000.000 3448.097
v -2848.750 3000.000 3400.000
v -2848.750 3000.000 3450.000
v -2839.183 3000.000 3301.903
v -2839.183 3000.000 3348.097
v -2839.183 3000.000 3401.903
v -2839.183 3000.000 3448.097
v -2871.847 2965.000 3315.433
v -2873.750 2965.000 3325.000
v -2871.847 2965.000 3334.567
v -2871.847 2965.000 3415.433
v -2873.750 2965.000 3425.000
v -2871.847 2965.000 3434.567
v -2866.428 2965.000 3307.322
v -2866.428 2965.000 3342.678
v -2866.428 2965.000 3407.322
v -2866.428 2965.000 3442.678
v -2858.317 2965.000 3301.903
v -2858.317 2965.000 3348.097
v -2848.750 2965.000 3300.000
v -2848.750 2965.000 3350.000
v -2858.317 2965.000 3401.903
v -2858.317 2965.000 3448.097
v -2848.750 2965.000 3400.000
v -2848.750 2965.000 3450.000
v -2839.183 2965.000 3301.903
v -2839.183 2965.000 3348.097
v -2839.183 2965.000 3401.903
v -2839.183 2965.000 3448.097
v -2871.847 2935.000 3315.433
v -2873.750 2935.000 3325.000
v -2871.847 2935.000 3334.567
v -2871.847 2935.000 3415.433
v -2873.750 2935.000 3425.000
v -2871.847 2935.000 3434.567
v -2866.428 2935.000 3307.322
v -2866.428 2935.000 3342.678
v -2866.428 2935.000 3407.322
v -2866.428 2935.000 3442.678
v -2858.317 2935.000 3301.903
v -2858.317 2935.000 3348.097
v -2848.750 2935.000 3300.000
v -2848.750 2935.000 3350.000
v -2858.317 2935.000 3401.903
v -2858.317 2935.000 3448.097
v -2848.750 2935.000 3400.000
v -2848.750 2935.000 3450.000
v -2839.183 2935.000 3301.903
v -2839.183 2935.000 3348.097
v -2839.183 2935.000 3401.903
v -2839.183 2935.000 3448.097
v -3000.000 2871.847 3315.433
v -3000.000 2873.750 3325.000
v -3000.000 2871.847 3334.567
v -3000.000 2871.847 3415.433
v -3000.000 2873.750 3425.000
v -3000.000 2871.847 3434.567
v -3000.000 2866.428 3307.322
v -3000.000 2866.428 3342.678
v -3000.000 2866.428 3407.322
v -3000.000 2866.428 3442.678
v -2965.000 2871.847 3315.433
v -2965.000 2873.750 3325.000
v -2965.000 2871.847 3334.567
v -2965.000 2871.847 3415.433
v -2965.000 2873.750 3425.000
v -2965.000 2871.847 3434.567
v -2965.000 2866.428 3307.322
v -2965.000 2866.428 3342.678
v -2965.000 2866.428 3407.322
v -2965.000 2866.428 3442.678
v -3000.000 2858.317 3301.903
v -3000.000 2858.317 3348.097
v -3000.000 2848.750 3300.000
v -3000.000 2848.750 3350.000
v -3000.000 2858.317 3401.903
v -3000.000 2858.317 3448.097
v -3000.000 2848.750 3400.000
v -3000.000 2848.750 3450.000
v -3000.000 2839.183 3301.903
v -3000.000 2839.183 3348.097
v -3000.000 2839.183 3401.903
v -3000.000 2839.183 3448.097
v -2965.000 2858.317 3301.903
v -2965.000 2858.317 3348.097
v -2965.000 2848.750 3300.000
v -2965.000 2848.750 3350.000
v -2965.000 2858.317 3401.903
v -2965.000 2858.317 3448.097
v -2965.000 2848.750 3400.000
v -2965.000 2848.750 3450.000
v -2965.000 2839.183 3301.903
v -2965.000 2839.183 3348.097
v -2965.000 2839.183 3401.903
v -2965.000 2839.183 3448.097
v -2935.000 2871.847 3315.433
v -2935.000 2873.750 3325.000
v -2935.000 2871.847 3334.567
v -2935.000 2871.847 3415.433
v -2935.000 2873.750 3425.000
v -2935.000 2871.847 3434.567
v -2935.000 2866.428 3307.322
v -2935.000 2866.428 3342.678
v -2935.000 2866.428 3407.322
v -2935.000 2866.428 3442.678
v -2935.000 2858.317 3301.903
v -2935.000 2858.317 3348.097
v -2935.000 2848.750 3300.000
v -2935.000 2848.750 3350.000
v -2935.000 2858.317 3401.903
v -2935.000 2858.317 3448.097
v -2935.000 2848.750 3400.000
v -2935.000 2848.750 3450.000
v -2935.000 2839.183 3301.903
v -2935.000 2839.183 3348.097
v -2935.000 2839.183 3401.903
v -2935.000 2839.183 3448.097
v -2871.847 2875.000 3315.433
v -2873.750 2875.000 3325.000
v -2871.847 2875.000 3334.567
v -2875.000 2871.847 3315.433
v -2875.000 2873.750 3325.000
v -2875.000 2871.847 3334.567
v -2871.847 2875.000 3415.433
v -2873.750 2875.000 3425.000
v -2871.847 2875.000 3434.567
v -2875.000 2871.847 3415.433
v -2875.000 2873.750 3425.000
v -2875.000 2871.847 3434.567
v -2866.428 2875.000 3307.322
v -2866.428 2875.000 3342.678
v -2866.428 2875.000 3407.322
v -2866.428 2875.000 3442.678
v -2875.000 2866.428 3307.322
v -2875.000 2866.428 3342.678
v -2875.000 2866.428 3407.322
v -2875.000 2866.428 3442.678
v -2858.317 2875.000 3301.903
v -2858.317 2875.000 3348.097
v -2848.750 2875.000 3300.000
v -2848.750 2875.000 3325.000
v -2848.750 2875.000 3350.000
v -2858.317 2875.000 3401.903
v -2858.317 2875.000 3448.097
v -2848.750 2875.000 3400.000
v -2848.750 2875.000 3425.000
v -2848.750 2875.000 3450.000
v -2839.183 2875.000 3301.903
v -2839.183 2875.000 3348.097
v -2839.183 2875.000 3401.903
v -2839.183 2875.000 3448.097
v -2875.000 2858.317 3301.903
v -2875.000 2858.317 3348.097
v -2875.000 2848.750 3300.000
v -2875.000 2848.750 3325.000
v -2875.000 2848.750 3350.000
v -2875.000 2858.317 3401.903
v -2875.000 2858.317 3448.097
v -2875.000 2848.750 3400.000
v -2875.000 2848.750 3425.000
v -2875.000 2848.750 3450.000
v -2875.000 2839.183 3301.903
v -2875.000 2839.183 3348.097
v -2875.000 2839.183 3401.903
v -2875.000 2839.183 3448.097
v -2780.000 3000.000 150.000
v -2831.072 3000.000 3307.322
v -2831.072 3000.000 3342.678
v -2831.072 3000.000 3407.322
v -2831.072 3000.000 3442.678
v -2825.653 3000.000 3315.433
v -2825.653 3000.000 3334.567
v -2823.750 3000.000 3325.000
v -2825.653 3000.000 3415.433
v -2825.653 3000.000 3434.567
v -2823.750 3000.000 3425.000
v -2831.072 2965.000 3307.322
v -2831.072 2965.000 3342.678
v -2831.072 2965.000 3407.322
v -2831.072 2965.000 3442.678
v -2825.653 2965.000 3315.433
v -2825.653 2965.000 3334.567
v -2823.750 2965.000 3325.000
v -2825.653 2965.000 3415.433
v -2825.653 2965.000 3434.567
v -2823.750 2965.000 3425.000
v -2780.000 3000.000 2770.000
v -2780.000 3000.000 3500.000
v -2780.000 2965.000 3500.000
v -2831.072 2935.000 3307.322
v -2831.072 2935.000 3342.678
v -2831.072 2935.000 3407.322
v -2831.072 2935.000 3442.678
v -2825.653 2935.000 3315.433
v -2825.653 2935.000 3334.567
v -2823.750 2935.000 3325.000
v -2825.653 2935.000 3415.433
v -2825.653 2935.000 3434.567
v -2823.750 2935.000 3425.000
v -2780.000 2935.000 3500.000
v -2742.937 2965.000 3250.000
v -2749.235 2965.000 3292.480
v -2677.032 3000.000 2805.450
v -2742.937 2950.901 3250.000
v -2742.937 2935.000 3250.000
v -2780.000 2880.000 3500.000
v -2831.072 2875.000 3307.322
v -2831.072 2875.000 3342.678
v -2831.072 2875.000 3407.322
v -2831.072 2875.000 3442.678
v -2825.653 2875.000 3315.433
v -2825.653 2875.000 3334.567
v -2823.750 2875.000 3325.000
v -2825.653 2875.000 3415.433
v -2825.653 2875.000 3434.567
v -2823.750 2875.000 3425.000
v -3000.000 2780.000 150.000
v -3000.000 2831.072 3307.322
v -3000.000 2831.072 3342.678
v -3000.000 2831.072 3407.322
v -3000.000 2831.072 3442.678
v -3000.000 2825.653 3315.433
v -3000.000 2825.653 3334.567
v -3000.000 2823.750 3325.000
v -3000.000 2825.653 3415.433
v -3000.000 2825.653 3434.567
v -3000.000 2823.750 3425.000
v -2965.000 2831.072 3307.322
v -2965.000 2831.072 3342.678
v -2965.000 2831.072 3407.322
v -2965.000 2831.072 3442.678
v -2965.000 2825.653 3315.433
v -2965.000 2825.653 3334.567
v -2965.000 2823.750 3325.000
v -2965.000 2825.653 3415.433
v -2965.000 2825.653 3434.567
v -2965.000 2823.750 3425.000
v -2935.000 2831.072 3307.322
v -2935.000 2831.072 3342.678
v -2935.000 2831.072 3407.322
v -2935.000 2831.072 3442.678
v -2935.000 2825.653 3315.433
v -2935.000 2825.653 3334.567
v -2935.000 2823.750 3325.000
v -2935.000 2825.653 3415.433
v -2935.000 2825.653 3434.567
v -2935.000 2823.750 3425.000
v -3000.000 2780.000 2770.000
v -3000.000 2780.000 3500.000
v -2965.000 2780.000 3500.000
v -2965.000 2769.651 3430.190
v -2935.000 2780.000 3500.000
v -2875.000 2831.072 3307.322
v -2875.000 2831.072 3342.678
v -2875.000 2831.072 3407.322
v -2875.000 2831.072 3442.678
v -2875.000 2825.653 3315.433
v -2875.000 2825.653 3334.567
v -2875.000 2823.750 3325.000
v -2875.000 2825.653 3415.433
v -2875.000 2825.653 3434.567
v -2875.000 2823.750 3425.000
v -2880.000 2780.000 3500.000
v -2965.000 2742.937 3250.000
v -2935.000 2742.937 3250.000
v -2935.000 2749.235 3292.480
v -3000.000 2677.032 2805.450
v -2780.000 2780.000 150.000
v -2780.000 2780.000 2770.000
v -2677.032 2809.772 2805.450
v -2809.772 2677.032 2805.450
f 6050 6051 6251
f 6050 6251 6353
f 6050 6353 6302
f 6050 6302 6333
f 6050 6063 6054
f 6050 6055 6051
f 6050 6054 6055
f 6050 6143 6063
f 6051 6057 6053
f 6052 6053 6056
f 6051 6055 6057
f 6053 6057 6056
f 6052 6060 6058
f 6052 6058 6053
f 6053 6058 6059
f 6058 6062 6059
f 6052 6056 6060
f 6058 6060 6061
f 6058 6061 6062
f 6060 6067 6061
f 6069 6067 6068
f 6051 6272 6251
f 6051 6053 6272
f 6053 6059 6272
f 6059 6075 6072
f 6059 6076 6075
f 6059 6080 6076
f 6059 6086 6080
f 6059 6062 6274
f 6059 6072 6272
f 6072 6074 6073
f 6072 6075 6074
f 6073 6074 6079
f 6073 6079 6078
f 6078 6079 6085
f 6078 6085 6082
f 6272 6071 6077
f 6272 6072 6071
f 6082 6085 6087
f 6082 6087 6084
f 6059 6273 6086
f 6084 6087 6091
f 6084 6091 6090
f 6050 6157 6143
f 6050 6159 6157
f 6050 6165 6159
f 6050 6303 6165
f 6050 6307 6303
f 6050 6333 6334
f 6050 6334 6307
f 6145 6064 6063
f 6148 6065 6066
f 6137 6138 6063
f 6138 6139 6063
f 6137 6063 6143
f 6139 6144 6063
f 6144 6145 6063
f 6140 6141 6064
f 6140 6064 6145
f 6141 6142 6064
f 6142 6146 6064
f 6146 6162 6064
f 6153 6169 6065
f 6169 6171 6065
f 6147 6065 6148
f 6147 6153 6065
f 6148 6066 6151
f 6151 6066 6152
f 6152 6066 6156
f 6335 6066 6064
f 6156 6066 6174
f 6174 6066 6176
f 6186 6070 6069
f 6187 6069 6191
f 6191 6069 6193
f 6181 6182 6069
f 6182 6183 6069
f 6181 6069 6187
f 6183 6188 6069
f 6188 6189 6069
f 6184 6185 6069
f 6185 6186 6069
f 6184 6069 6189
f 6186 6190 6070
f 6190 6196 6070
f 6138 6148 6139
f 6137 6147 6138
f 6139 6149 6144
f 6140 6150 6141
f 6141 6151 6142
f 6142 6152 6146
f 6144 6158 6145
f 6145 6158 6161
f 6137 6143 6153
f 6143 6157 6169
f 6144 6154 6158
f 6140 6145 6155
f 6146 6156 6162
f 6145 6161 6173
f 6171 6177 6065
f 6138 6147 6148
f 6139 6148 6149
f 6137 6153 6147
f 6141 6150 6151
f 6142 6151 6152
f 6140 6155 6150
f 6148 6150 6149
f 6148 6151 6150
f 6149 6150 6155
f 6176 6066 6180
f 6144 6149 6154
f 6143 6169 6153
f 6154 6170 6158
f 6146 6152 6156
f 6145 6173 6155
f 6156 6174 6162
f 6149 6155 6154
f 6154 6155 6173
f 6154 6173 6170
f 6158 6160 6161
f 6160 6163 6161
f 6162 6334 6064
f 6158 6170 6160
f 6157 6159 6171
f 6162 6174 6164
f 6161 6163 6175
f 6160 6166 6163
f 6163 6166 6167
f 6160 6172 6166
f 6159 6165 6177
f 6164 6176 6168
f 6163 6167 6179
f 6177 6349 6065
f 6157 6171 6169
f 6160 6170 6172
f 6161 6175 6173
f 6164 6174 6176
f 6170 6173 6175
f 6170 6175 6172
f 6180 6066 6335
f 6159 6177 6171
f 6166 6172 6178
f 6163 6179 6175
f 6168 6176 6180
f 6172 6175 6179
f 6172 6179 6178
f 6349 6068 6065
f 6349 6069 6068
f 6193 6069 6199
f 6188 6192 6189
f 6189 6192 6195
f 6199 6069 6350
f 6192 6194 6195
f 6194 6197 6195
f 6196 6337 6070
f 6194 6200 6197
f 6197 6200 6201
f 6182 6207 6183
f 6181 6206 6182
f 6183 6208 6188
f 6184 6212 6185
f 6185 6213 6186
f 6186 6214 6190
f 6181 6187 6219
f 6187 6191 6237
f 6188 6220 6192
f 6184 6189 6221
f 6190 6222 6196
f 6189 6195 6242
f 6182 6206 6207
f 6183 6207 6208
f 6181 6219 6206
f 6185 6212 6213
f 6186 6213 6214
f 6184 6221 6212
f 6188 6208 6220
f 6187 6237 6219
f 6192 6220 6238
f 6190 6214 6222
f 6189 6242 6221
f 6196 6222 6243
f 6291 6070 6337
f 6192 6238 6194
f 6191 6193 6239
f 6196 6243 6198
f 6195 6197 6244
f 6194 6241 6200
f 6193 6199 6247
f 6198 6246 6202
f 6197 6201 6249
f 6191 6239 6237
f 6194 6238 6241
f 6195 6244 6242
f 6198 6243 6246
f 6193 6247 6239
f 6200 6241 6248
f 6197 6249 6244
f 6202 6246 6250
f 6206 6240 6207
f 6207 6240 6208
f 6206 6219 6240
f 6208 6240 6220
f 6212 6245 6213
f 6213 6245 6214
f 6212 6221 6245
f 6214 6245 6222
f 6219 6237 6240
f 6220 6240 6238
f 6237 6239 6240
f 6238 6240 6241
f 6221 6242 6245
f 6222 6245 6243
f 6242 6244 6245
f 6243 6245 6246
f 6239 6247 6240
f 6240 6248 6241
f 6240 6247 6338
f 6240 6339 6248
f 6244 6249 6245
f 6245 6250 6246
f 6245 6249 6340
f 6245 6341 6250
f 6251 6354 6353
f 6251 6272 6354
f 6272 6077 6081
f 6272 6081 6083
f 6272 6083 6089
f 6090 6091 6254
f 6090 6254 6253
f 6253 6254 6259
f 6273 6088 6086
f 6253 6259 6257
f 6257 6259 6258
f 6273 6092 6088
f 6059 6274 6273
f 6272 6089 6252
f 6272 6252 6256
f 6272 6256 6258
f 6272 6258 6259
f 6272 6259 6261
f 6273 6255 6092
f 6273 6260 6255
f 6273 6261 6260
f 6272 6261 6273
f 6272 6273 6288
f 6273 6274 6288
f 6288 6274 6287
f 6288 6287 6286
f 6288 6286 6289
f 6288 6289 6290
f 6288 6290 6291
f 6272 6288 6355
f 6291 6285 6070
f 6291 6290 6285
f 6288 6291 6355
f 6272 6355 6354
f 6302 6353 6354
f 6302 6354 6333
f 6166 6304 6167
f 6167 6304 6305
f 6304 6308 6305
f 6162 6164 6334
f 6165 6303 6313
f 6166 6178 6304
f 6304 6314 6308
f 6168 6180 6306
f 6167 6305 6315
f 6306 6316 6311
f 6334 6335 6064
f 6305 6308 6310
f 6308 6309 6310
f 6309 6312 6310
f 6164 6168 6334
f 6303 6307 6317
f 6308 6318 6309
f 6307 6309 6319
f 6305 6310 6320
f 6311 6321 6312
f 6310 6312 6322
f 6165 6313 6177
f 6178 6314 6304
f 6303 6317 6313
f 6167 6315 6179
f 6180 6316 6306
f 6305 6320 6315
f 6308 6314 6318
f 6307 6319 6317
f 6309 6318 6319
f 6311 6316 6321
f 6310 6322 6320
f 6312 6321 6322
f 6307 6334 6309
f 6168 6306 6334
f 6309 6334 6312
f 6306 6311 6334
f 6311 6312 6334
f 6177 6313 6349
f 6178 6179 6336
f 6178 6336 6314
f 6179 6315 6336
f 6180 6335 6316
f 6315 6320 6336
f 6320 6322 6335
f 6316 6335 6321
f 6321 6335 6322
f 6313 6317 6349
f 6314 6349 6318
f 6196 6198 6337
f 6198 6202 6337
f 6349 6350 6069
f 6199 6350 6323
f 6200 6351 6201
f 6202 6326 6337
f 6326 6331 6337
f 6331 6332 6337
f 6200 6324 6351
f 6201 6351 6325
f 6323 6351 6327
f 6324 6328 6351
f 6327 6351 6329
f 6328 6329 6351
f 6325 6351 6330
f 6330 6351 6332
f 6317 6319 6349
f 6318 6349 6319
f 6320 6335 6336
f 6314 6336 6349
f 6334 6336 6335
f 6334 6349 6336
f 6332 6351 6337
f 6323 6350 6351
f 6199 6323 6338
f 6200 6248 6324
f 6324 6339 6328
f 6202 6250 6326
f 6201 6325 6340
f 6326 6341 6331
f 6323 6327 6342
f 6328 6343 6329
f 6327 6329 6344
f 6325 6330 6345
f 6331 6346 6332
f 6330 6332 6347
f 6199 6338 6247
f 6248 6339 6324
f 6323 6342 6338
f 6201 6340 6249
f 6250 6341 6326
f 6325 6345 6340
f 6328 6339 6343
f 6327 6344 6342
f 6329 6343 6344
f 6331 6341 6346
f 6330 6347 6345
f 6332 6346 6347
f 6240 6338 6342
f 6240 6343 6339
f 6240 6342 6344
f 6240 6344 6343
f 6245 6340 6345
f 6245 6346 6341
f 6245 6345 6347
f 6245 6347 6346
f 6291 6337 6348
f 6337 6351 6348
f 6333 6352 6334
f 6334 6352 6349
f 6349 6352 6350
f 6333 6354 6352
f 6350 6356 6351
f 6348 6351 6356
f 6350 6352 6356
f 6352 6354 6356
f 6291 6348 6355
f 6348 6356 6355
f 6354 6355 6356
f 6055 6054 6056
f 6055 6056 6057
f 6067 6054 6063
f 6067 6056 6054
f 6066 6063 6064
f 6065 6067 6063
f 6066 6065 6063
f 6056 6067 6060
f 6067 6065 6068
f 6094 6062 6061
f 6099 6061 6103
f 6105 6103 6061
f 6093 6094 6061
f 6099 6093 6061
f 6094 6097 6062
f 6097 6098 6062
f 6098 6102 6062
f 6102 6108 6062
f 6094 6071 6072
f 6095 6072 6073
f 6093 6077 6071
f 6097 6074 6075
f 6098 6075 6076
f 6096 6079 6074
f 6100 6073 6078
f 6099 6081 6077
f 6104 6078 6082
f 6102 6076 6080
f 6101 6085 6079
f 6108 6080 6086
f 6103 6083 6081
f 6106 6082 6084
f 6107 6087 6085
f 6110 6086 6088
f 6105 6089 6083
f 6112 6084 6090
f 6109 6091 6087
f 6114 6088 6092
f 6105 6061 6111
f 6094 6072 6095
f 6093 6071 6094
f 6095 6073 6100
f 6096 6074 6097
f 6097 6075 6098
f 6098 6076 6102
f 6099 6077 6093
f 6099 6103 6081
f 6100 6078 6104
f 6101 6079 6096
f 6102 6080 6108
f 6107 6085 6101
f 6094 6095 6097
f 6095 6096 6097
f 6095 6100 6096
f 6100 6101 6096
f 6100 6104 6101
f 6104 6107 6101
f 6111 6061 6286
f 6104 6082 6106
f 6105 6083 6103
f 6108 6086 6110
f 6107 6109 6087
f 6106 6084 6112
f 6105 6111 6089
f 6110 6088 6114
f 6109 6113 6091
f 6104 6106 6107
f 6106 6109 6107
f 6108 6274 6062
f 6106 6112 6109
f 6112 6113 6109
f 6119 6069 6070
f 6121 6125 6069
f 6127 6069 6125
f 6116 6069 6119
f 6115 6069 6116
f 6121 6069 6115
f 6119 6070 6120
f 6120 6070 6124
f 6124 6070 6130
f 6130 6070 6132
f 6067 6289 6061
f 6067 6069 6289
f 6127 6133 6069
f 6116 6118 6117
f 6116 6119 6118
f 6117 6118 6123
f 6132 6070 6136
f 6117 6123 6122
f 6122 6123 6129
f 6122 6129 6126
f 6133 6290 6069
f 6126 6129 6131
f 6126 6131 6128
f 6136 6070 6285
f 6128 6131 6135
f 6128 6135 6134
f 6115 6116 6204
f 6116 6117 6205
f 6121 6115 6203
f 6118 6119 6210
f 6119 6120 6211
f 6123 6118 6209
f 6117 6122 6216
f 6121 6215 6125
f 6122 6126 6224
f 6120 6124 6218
f 6129 6123 6217
f 6124 6130 6229
f 6127 6125 6223
f 6126 6128 6227
f 6129 6228 6131
f 6130 6132 6232
f 6127 6225 6133
f 6128 6134 6234
f 6131 6230 6135
f 6132 6136 6236
f 6116 6205 6204
f 6115 6204 6203
f 6117 6216 6205
f 6118 6210 6209
f 6119 6211 6210
f 6120 6218 6211
f 6121 6203 6215
f 6125 6215 6223
f 6122 6224 6216
f 6123 6209 6217
f 6124 6229 6218
f 6129 6217 6228
f 6126 6227 6224
f 6127 6223 6225
f 6130 6232 6229
f 6131 6228 6230
f 6128 6234 6227
f 6133 6225 6233
f 6132 6236 6232
f 6135 6230 6235
f 6203 6204 6226
f 6204 6205 6226
f 6215 6203 6226
f 6205 6216 6226
f 6209 6210 6231
f 6210 6211 6231
f 6217 6209 6231
f 6211 6218 6231
f 6215 6226 6223
f 6226 6216 6224
f 6225 6223 6226
f 6226 6224 6227
f 6228 6217 6231
f 6231 6218 6229
f 6228 6231 6230
f 6231 6229 6232
f 6225 6226 6233
f 6226 6227 6234
f 6233 6226 6292
f 6226 6234 6293
f 6230 6231 6235
f 6231 6232 6236
f 6235 6231 6294
f 6231 6236 6295
f 6111 6252 6089
f 6263 6090 6253
f 6262 6256 6252
f 6113 6254 6091
f 6265 6092 6255
f 6264 6259 6254
f 6267 6253 6257
f 6266 6258 6256
f 6268 6257 6258
f 6270 6255 6260
f 6269 6261 6259
f 6271 6260 6261
f 6111 6262 6252
f 6112 6090 6263
f 6267 6263 6253
f 6114 6092 6265
f 6113 6264 6254
f 6270 6265 6255
f 6262 6266 6256
f 6268 6267 6257
f 6266 6268 6258
f 6264 6269 6259
f 6271 6270 6260
f 6269 6271 6261
f 6108 6110 6274
f 6110 6114 6274
f 6111 6286 6262
f 6286 6061 6289
f 6112 6287 6113
f 6114 6265 6274
f 6270 6274 6265
f 6271 6274 6270
f 6112 6263 6287
f 6113 6287 6264
f 6262 6287 6266
f 6267 6287 6263
f 6266 6287 6268
f 6268 6287 6267
f 6264 6287 6269
f 6269 6287 6271
f 6271 6287 6274
f 6262 6286 6287
f 6289 6069 6290
f 6134 6135 6277
f 6134 6277 6282
f 6133 6275 6290
f 6280 6276 6285
f 6281 6280 6285
f 6134 6285 6276
f 6134 6282 6285
f 6136 6285 6278
f 6282 6284 6285
f 6283 6278 6285
f 6284 6283 6285
f 6275 6279 6290
f 6279 6281 6290
f 6281 6285 6290
f 6133 6233 6275
f 6134 6276 6293
f 6275 6292 6279
f 6135 6235 6277
f 6136 6278 6295
f 6277 6294 6282
f 6280 6297 6276
f 6279 6296 6281
f 6281 6298 6280
f 6283 6300 6278
f 6282 6299 6284
f 6284 6301 6283
f 6275 6233 6292
f 6134 6293 6234
f 6276 6297 6293
f 6136 6295 6236
f 6277 6235 6294
f 6278 6300 6295
f 6279 6292 6296
f 6280 6298 6297
f 6281 6296 6298
f 6282 6294 6299
f 6283 6301 6300
f 6284 6299 6301
f 6292 6226 6296
f 6226 6293 6297
f 6296 6226 6298
f 6226 6297 6298
f 6294 6231 6299
f 6231 6295 6300
f 6299 6231 6301
f 6231 6300 6301
o connector_0
v -3000.000 -2965.000 3250.000
v -2866.428 -2965.000 3307.322
v -2858.317 -2965.000 3301.903
v -2848.750 -2965.000 3300.000
v -2839.183 -2965.000 3301.903
v -2831.072 -2965.000 3307.322
v -2871.847 -2965.000 3315.433
v -2873.750 -2965.000 3325.000
v -2871.847 -2965.000 3334.567
v -2866.428 -2965.000 3342.678
v -2825.653 -2965.000 3315.433
v -2823.750 -2965.000 3325.000
v -2825.653 -2965.000 3334.567
v -2831.072 -2965.000 3342.678
v -2858.317 -2965.000 3348.097
v -2848.750 -2965.000 3350.000
v -2839.183 -2965.000 3348.097
v -3000.000 -2965.000 3500.000
v -2858.317 -2965.000 3401.903
v -2848.750 -2965.000 3400.000
v -2839.183 -2965.000 3401.903
v -2866.428 -2965.000 3407.322
v -2871.847 -2965.000 3415.433
v -2873.750 -2965.000 3425.000
v -2871.847 -2965.000 3434.567
v -2831.072 -2965.000 3407.322
v -2825.653 -2965.000 3415.433
v -2823.750 -2965.000 3425.000
v -2825.653 -2965.000 3434.567
v -2866.428 -2965.000 3442.678
v -2858.317 -2965.000 3448.097
v -2848.750 -2965.000 3450.000
v -2839.183 -2965.000 3448.097
v -2831.072 -2965.000 3442.678
v -3000.000 -2935.000 3250.000
v -2866.428 -2935.000 3307.322
v -2858.317 -2935.000 3301.903
v -2848.750 -2935.000 3300.000
v -2839.183 -2935.000 3301.903
v -2831.072 -2935.000 3307.322
v -2871.847 -2935.000 3315.433
v -2873.750 -2935.000 3325.000
v -2871.847 -2935.000 3334.567
v -2866.428 -2935.000 3342.678
v -2825.653 -2935.000 3315.433
v -2823.750 -2935.000 3325.000
v -2825.653 -2935.000 3334.567
v -2831.072 -2935.000 3342.678
v -2858.317 -2935.000 3348.097
v -2848.750 -2935.000 3350.000
v -2839.183 -2935.000 3348.097
v -3000.000 -2935.000 3500.000
v -2858.317 -2935.000 3401.903
v -2848.750 -2935.000 3400.000
v -2839.183 -2935.000 3401.903
v -2866.428 -2935.000 3407.322
v -2871.847 -2935.000 3415.433
v -2873.750 -2935.000 3425.000
v -2871.847 -2935.000 3434.567
v -2831.072 -2935.000 3407.322
v -2825.653 -2935.000 3415.433
v -2823.750 -2935.000 3425.000
v -2825.653 -2935.000 3434.567
v -2866.428 -2935.000 3442.678
v -2858.317 -2935.000 3448.097
v -2848.750 -2935.000 3450.000
v -2839.183 -2935.000 3448.097
v -2831.072 -2935.000 3442.678
v -2683.928 -2965.000 3307.322
v -2675.817 -2965.000 3301.903
v -2666.250 -2965.000 3300.000
v -2656.683 -2965.000 3301.903
v -2648.572 -2965.000 3307.322
v -2689.347 -2965.000 3315.433
v -2691.250 -2965.000 3325.000
v -2689.347 -2965.000 3334.567
v -2683.928 -2965.000 3342.678
v -2643.153 -2965.000 3315.433
v -2641.250 -2965.000 3325.000
v -2643.153 -2965.000 3334.567
v -2648.572 -2965.000 3342.678
v -2675.817 -2965.000 3348.097
v -2666.250 -2965.000 3350.000
v -2656.683 -2965.000 3348.097
v -2515.000 -2965.000 3250.000
v -2675.817 -2965.000 3401.903
v -2666.250 -2965.000 3400.000
v -2656.683 -2965.000 3401.903
v -2683.928 -2965.000 3407.322
v -2689.347 -2965.000 3415.433
v -2691.250 -2965.000 3425.000
v -2689.347 -2965.000 3434.567
v -2648.572 -2965.000 3407.322
v -2643.153 -2965.000 3415.433
v -2641.250 -2965.000 3425.000
v -2643.153 -2965.000 3434.567
v -2683.928 -2965.000 3442.678
v -2675.817 -2965.000 3448.097
v -2666.250 -2965.000 3450.000
v -2656.683 -2965.000 3448.097
v -2648.572 -2965.000 3442.678
v -2515.000 -2965.000 3500.000
v -2683.928 -2935.000 3307.322
v -2675.817 -2935.000 3301.903
v -2666.250 -2935.000 3300.000
v -2656.683 -2935.000 3301.903
v -2648.572 -2935.000 3307.322
v -2689.347 -2935.000 3315.433
v -2691.250 -2935.000 3325.000
v -2689.347 -2935.000 3334.567
v -2683.928 -2935.000 3342.678
v -2643.153 -2935.000 3315.433
v -2641.250 -2935.000 3325.000
v -2643.153 -2935.000 3334.567
v -2648.572 -2935.000 3342.678
v -2675.817 -2935.000 3348.097
v -2666.250 -2935.000 3350.000
v -2656.683 -2935.000 3348.097
v -2515.000 -2935.000 3250.000
v -2675.817 -2935.000 3401.903
v -2666.250 -2935.000 3400.000
v -2656.683 -2935.000 3401.903
v -2683.928 -2935.000 3407.322
v -2689.347 -2935.000 3415.433
v -2691.250 -2935.000 3425.000
v -2689.347 -2935.000 3434.567
v -2648.572 -2935.000 3407.322
v -2643.153 -2935.000 3415.433
v -2641.250 -2935.000 3425.000
v -2643.153 -2935.000 3434.567
v -2683.928 -2935.000 3442.678
v -2675.817 -2935.000 3448.097
v -2666.250 -2935.000 3450.000
v -2656.683 -2935.000 3448.097
v -2648.572 -2935.000 3442.678
v -2515.000 -2935.000 3500.000
f 6357 6358 6363
f 6357 6363 6364
f 6357 6360 6359
f 6357 6359 6358
f 6357 6364 6374
f 6357 6374 6391
f 6357 6441 6360
f 6360 6426 6361
f 6361 6425 6362
f 6371 6378 6366
f 6372 6375 6371
f 6373 6376 6372
f 6362 6430 6367
f 6367 6442 6368
f 6368 6445 6369
f 6369 6446 6370
f 6370 6447 6373
f 6374 6364 6365
f 6374 6365 6366
f 6374 6366 6378
f 6374 6378 6379
f 6374 6379 6380
f 6374 6380 6381
f 6374 6381 6386
f 6374 6386 6387
f 6374 6387 6388
f 6378 6371 6375
f 6372 6376 6375
f 6373 6377 6376
f 6373 6447 6377
f 6377 6447 6382
f 6382 6447 6383
f 6383 6447 6384
f 6384 6448 6385
f 6385 6453 6390
f 6390 6454 6389
f 6389 6455 6388
f 6374 6388 6458
f 6391 6397 6392
f 6391 6398 6397
f 6391 6399 6398
f 6391 6400 6399
f 6391 6393 6394
f 6391 6392 6393
f 6391 6412 6400
f 6391 6413 6412
f 6391 6414 6413
f 6357 6391 6475
f 6391 6394 6475
f 6395 6461 6394
f 6396 6460 6395
f 6401 6459 6396
f 6400 6409 6405
f 6405 6410 6406
f 6406 6411 6407
f 6402 6464 6401
f 6404 6465 6403
f 6403 6465 6402
f 6407 6465 6404
f 6407 6411 6465
f 6374 6408 6391
f 6391 6408 6414
f 6408 6415 6414
f 6408 6420 6415
f 6408 6421 6420
f 6408 6422 6421
f 6374 6492 6408
f 6400 6412 6409
f 6405 6409 6410
f 6411 6406 6410
f 6416 6465 6411
f 6417 6466 6416
f 6418 6467 6417
f 6419 6472 6418
f 6424 6482 6419
f 6422 6488 6423
f 6423 6487 6424
f 6408 6492 6422
f 6360 6427 6426
f 6361 6426 6425
f 6362 6425 6430
f 6441 6427 6360
f 6367 6430 6431
f 6367 6431 6432
f 6367 6432 6433
f 6367 6433 6438
f 6367 6438 6442
f 6439 6442 6438
f 6435 6450 6436
f 6440 6443 6439
f 6437 6444 6440
f 6436 6449 6437
f 6357 6475 6441
f 6441 6428 6427
f 6441 6429 6428
f 6441 6434 6429
f 6441 6435 6434
f 6441 6458 6435
f 6368 6442 6445
f 6446 6369 6445
f 6370 6446 6447
f 6384 6447 6448
f 6385 6448 6453
f 6439 6443 6442
f 6440 6444 6443
f 6437 6449 6444
f 6436 6450 6449
f 6435 6451 6450
f 6390 6453 6454
f 6389 6454 6455
f 6458 6388 6455
f 6374 6458 6492
f 6458 6451 6435
f 6458 6456 6457
f 6458 6455 6456
f 6458 6452 6451
f 6458 6457 6452
f 6441 6492 6458
f 6396 6459 6460
f 6395 6460 6461
f 6475 6394 6461
f 6401 6464 6459
f 6402 6465 6464
f 6416 6466 6465
f 6466 6417 6467
f 6418 6472 6467
f 6472 6477 6473
f 6473 6478 6474
f 6474 6483 6471
f 6471 6484 6470
f 6470 6485 6469
f 6441 6475 6492
f 6475 6461 6462
f 6475 6462 6463
f 6475 6463 6468
f 6475 6468 6469
f 6475 6469 6485
f 6419 6476 6472
f 6419 6479 6476
f 6419 6480 6479
f 6419 6481 6480
f 6419 6482 6481
f 6472 6476 6477
f 6473 6477 6478
f 6474 6478 6483
f 6471 6483 6484
f 6470 6484 6485
f 6424 6487 6482
f 6423 6488 6487
f 6422 6489 6488
f 6492 6489 6422
f 6475 6485 6492
f 6492 6491 6490
f 6492 6490 6489
f 6492 6485 6486
f 6492 6486 6491
f 6392 6363 6358
f 6393 6358 6359
f 6394 6359 6360
f 6395 6360 6361
f 6396 6361 6362
f 6364 6363 6397
f 6365 6364 6398
f 6366 6365 6399
f 6401 6362 6367
f 6402 6367 6368
f 6403 6368 6369
f 6369 6370 6404
f 6371 6366 6400
f 6372 6371 6405
f 6373 6372 6406
f 6370 6373 6407
f 6378 6375 6409
f 6375 6376 6410
f 6376 6377 6411
f 6377 6382 6416
f 6379 6378 6412
f 6380 6379 6413
f 6381 6380 6414
f 6386 6381 6415
f 6382 6383 6417
f 6383 6384 6418
f 6384 6385 6419
f 6387 6386 6420
f 6388 6387 6421
f 6389 6388 6422
f 6390 6389 6423
f 6385 6390 6424
f 6393 6392 6358
f 6394 6393 6359
f 6395 6394 6360
f 6396 6395 6361
f 6401 6396 6362
f 6392 6397 6363
f 6364 6397 6398
f 6365 6398 6399
f 6366 6399 6400
f 6402 6401 6367
f 6403 6402 6368
f 6404 6403 6369
f 6371 6400 6405
f 6372 6405 6406
f 6373 6406 6407
f 6370 6407 6404
f 6378 6409 6412
f 6375 6410 6409
f 6376 6411 6410
f 6377 6416 6411
f 6379 6412 6413
f 6380 6413 6414
f 6414 6415 6381
f 6417 6416 6382
f 6383 6418 6417
f 6384 6419 6418
f 6385 6424 6419
f 6386 6415 6420
f 6387 6420 6421
f 6388 6421 6422
f 6390 6423 6424
f 6389 6422 6423
f 6459 6430 6425
f 6460 6425 6426
f 6461 6426 6427
f 6462 6427 6428
f 6463 6428 6429
f 6464 6431 6430
f 6465 6432 6431
f 6466 6433 6432
f 6468 6429 6434
f 6434 6435 6469
f 6435 6436 6470
f 6436 6437 6471
f 6438 6433 6467
f 6439 6438 6472
f 6440 6439 6473
f 6437 6440 6474
f 6445 6442 6476
f 6442 6443 6477
f 6443 6444 6478
f 6444 6449 6483
f 6446 6445 6479
f 6447 6446 6480
f 6448 6447 6481
f 6453 6448 6482
f 6449 6450 6484
f 6450 6451 6485
f 6451 6452 6486
f 6454 6453 6487
f 6455 6454 6488
f 6456 6455 6489
f 6457 6456 6490
f 6452 6457 6491
f 6461 6460 6426
f 6460 6459 6425
f 6462 6461 6427
f 6463 6462 6428
f 6468 6463 6429
f 6459 6464 6430
f 6464 6465 6431
f 6465 6466 6432
f 6466 6467 6433
f 6469 6468 6434
f 6435 6470 6469
f 6436 6471 6470
f 6438 6467 6472
f 6439 6472 6473
f 6440 6473 6474
f 6437 6474 6471
f 6445 6476 6479
f 6442 6477 6476
f 6443 6478 6477
f 6444 6483 6478
f 6446 6479 6480
f 6447 6480 6481
f 6448 6481 6482
f 6449 6484 6483
f 6450 6485 6484
f 6451 6486 6485
f 6452 6491 6486
f 6453 6482 6487
f 6454 6487 6488
f 6455 6488 6489
f 6456 6489 6490
f 6457 6490 6491
o cylinder_column_0
v -2848.750 -2900.000 3450.000
v -2848.750 -3000.000 3450.000
v -2839.183 -2900.000 3448.097
v -2839.183 -3000.000 3448.097
v -2831.072 -2900.000 3442.678
v -2831.072 -3000.000 3442.678
v -2825.653 -2900.000 3434.567
v -2825.653 -3000.000 3434.567
v -2823.750 -2900.000 3425.000
v -2823.750 -3000.000 3425.000
v -2825.653 -2900.000 3415.433
v -2825.653 -3000.000 3415.433
v -2831.072 -2900.000 3407.322
v -2831.072 -3000.000 3407.322
v -2839.183 -2900.000 3401.903
v -2839.183 -3000.000 3401.903
v -2848.750 -2900.000 3400.000
v -2848.750 -3000.000 3400.000
v -2858.317 -2900.000 3401.903
v -2858.317 -3000.000 3401.903
v -2866.428 -2900.000 3407.322
v -2866.428 -3000.000 3407.322
v -2871.847 -2900.000 3415.433
v -2871.847 -3000.000 3415.433
v -2873.750 -2900.000 3425.000
v -2873.750 -3000.000 3425.000
v -2871.847 -2900.000 3434.567
v -2871.847 -3000.000 3434.567
v -2866.428 -2900.000 3442.678
v -2866.428 -3000.000 3442.678
v -2858.317 -2900.000 3448.097
v -2858.317 -3000.000 3448.097
v -2848.750 -2900.000 3425.000
v -2848.750 -3000.000 3425.000
f 6493 6494 6496 6495
f 6495 6496 6498 6497
f 6497 6498 6500 6499
f 6499 6500 6502 6501
f 6501 6502 6504 6503
f 6503 6504 6506 6505
f 6505 6506 6508 6507
f 6507 6508 6510 6509
f 6509 6510 6512 6511
f 6511 6512 6514 6513
f 6513 6514 6516 6515
f 6515 6516 6518 6517
f 6517 6518 6520 6519
f 6519 6520 6522 6521
f 6521 6522 6524 6523
f 6523 6524 6494 6493
f 6493 6495 6525
f 6526 6496 6494
f 6495 6497 6525
f 6526 6498 6496
f 6497 6499 6525
f 6526 6500 6498
f 6499 6501 6525
f 6526 6502 6500
f 6501 6503 6525
f 6526 6504 6502
f 6503 6505 6525
f 6526 6506 6504
f 6505 6507 6525
f 6526 6508 6506
f 6507 6509 6525
f 6526 6510 6508
f 6509 6511 6525
f 6526 6512 6510
f 6511 6513 6525
f 6526 6514 6512
f 6513 6515 6525
f 6526 6516 6514
f 6515 6517 6525
f 6526 6518 6516
f 6517 6519 6525
f 6526 6520 6518
f 6519 6521 6525
f 6526 6522 6520
f 6521 6523 6525
f 6526 6524 6522
f 6523 6493 6525
f 6526 6494 6524
o cylinder_column_1
v -2848.750 -2900.000 3350.000
v -2848.750 -3000.000 3350.000
v -2839.183 -2900.000 3348.097
v -2839.183 -3000.000 3348.097
v -2831.072 -2900.000 3342.678
v -2831.072 -3000.000 3342.678
v -2825.653 -2900.000 3334.567
v -2825.653 -3000.000 3334.567
v -2823.750 -2900.000 3325.000
v -2823.750 -3000.000 3325.000
v -2825.653 -2900.000 3315.433
v -2825.653 -3000.000 3315.433
v -2831.072 -2900.000 3307.322
v -2831.072 -3000.000 3307.322
v -2839.183 -2900.000 3301.903
v -2839.183 -3000.000 3301.903
v -2848.750 -2900.000 3300.000
v -2848.750 -3000.000 3300.000
v -2858.317 -2900.000 3301.903
v -2858.317 -3000.000 3301.903
v -2866.428 -2900.000 3307.322
v -2866.428 -3000.000 3307.322
v -2871.847 -2900.000 3315.433
v -2871.847 -3000.000 3315.433
v -2873.750 -2900.000 3325.000
v -2873.750 -3000.000 3325.000
v -2871.847 -2900.000 3334.567
v -2871.847 -3000.000 3334.567
v -2866.428 -2900.000 3342.678
v -2866.428 -3000.000 3342.678
v -2858.317 -2900.000 3348.097
v -2858.317 -3000.000 3348.097
v -2848.750 -2900.000 3325.000
v -2848.750 -3000.000 3325.000
f 6527 6528 6530 6529
f 6529 6530 6532 6531
f 6531 6532 6534 6533
f 6533 6534 6536 6535
f 6535 6536 6538 6537
f 6537 6538 6540 6539
f 6539 6540 6542 6541
f 6541 6542 6544 6543
f 6543 6544 6546 6545
f 6545 6546 6548 6547
f 6547 6548 6550 6549
f 6549 6550 6552 6551
f 6551 6552 6554 6553
f 6553 6554 6556 6555
f 6555 6556 6558 6557
f 6557 6558 6528 6527
f 6527 6529 6559
f 6560 6530 6528
f 6529 6531 6559
f 6560 6532 6530
f 6531 6533 6559
f 6560 6534 6532
f 6533 6535 6559
f 6560 6536 6534
f 6535 6537 6559
f 6560 6538 6536
f 6537 6539 6559
f 6560 6540 6538
f 6539 6541 6559
f 6560 6542 6540
f 6541 6543 6559
f 6560 6544 6542
f 6543 6545 6559
f 6560 6546 6544
f 6545 6547 6559
f 6560 6548 6546
f 6547 6549 6559
f 6560 6550 6548
f 6549 6551 6559
f 6560 6552 6550
f 6551 6553 6559
f 6560 6554 6552
f 6553 6555 6559
f 6560 6556 6554
f 6555 6557 6559
f 6560 6558 6556
f 6557 6527 6559
f 6560 6528 6558
o cylinder_rib_0
v -2666.250 -2900.000 3450.000
v -2666.250 -3000.000 3450.000
v -2656.683 -2900.000 3448.097
v -2656.683 -3000.000 3448.097
v -2648.572 -2900.000 3442.678
v -2648.572 -3000.000 3442.678
v -2643.153 -2900.000 3434.567
v -2643.153 -3000.000 3434.567
v -2641.250 -2900.000 3425.000
v -2641.250 -3000.000 3425.000
v -2643.153 -2900.000 3415.433
v -2643.153 -3000.000 3415.433
v -2648.572 -2900.000 3407.322
v -2648.572 -3000.000 3407.322
v -2656.683 -2900.000 3401.903
v -2656.683 -3000.000 3401.903
v -2666.250 -2900.000 3400.000
v -2666.250 -3000.000 3400.000
v -2675.817 -2900.000 3401.903
v -2675.817 -3000.000 3401.903
v -2683.928 -2900.000 3407.322
v -2683.928 -3000.000 3407.322
v -2689.347 -2900.000 3415.433
v -2689.347 -3000.000 3415.433
v -2691.250 -2900.000 3425.000
v -2691.250 -3000.000 3425.000
v -2689.347 -2900.000 3434.567
v -2689.347 -3000.000 3434.567
v -2683.928 -2900.000 3442.678
v -2683.928 -3000.000 3442.678
v -2675.817 -2900.000 3448.097
v -2675.817 -3000.000 3448.097
v -2666.250 -2900.000 3425.000
v -2666.250 -3000.000 3425.000
f 6561 6562 6564 6563
f 6563 6564 6566 6565
f 6565 6566 6568 6567
f 6567 6568 6570 6569
f 6569 6570 6572 6571
f 6571 6572 6574 6573
f 6573 6574 6576 6575
f 6575 6576 6578 6577
f 6577 6578 6580 6579
f 6579 6580 6582 6581
f 6581 6582 6584 6583
f 6583 6584 6586 6585
f 6585 6586 6588 6587
f 6587 6588 6590 6589
f 6589 6590 6592 6591
f 6591 6592 6562 6561
f 6561 6563 6593
f 6594 6564 6562
f 6563 6565 6593
f 6594 6566 6564
f 6565 6567 6593
f 6594 6568 6566
f 6567 6569 6593
f 6594 6570 6568
f 6569 6571 6593
f 6594 6572 6570
f 6571 6573 6593
f 6594 6574 6572
f 6573 6575 6593
f 6594 6576 6574
f 6575 6577 6593
f 6594 6578 6576
f 6577 6579 6593
f 6594 6580 6578
f 6579 6581 6593
f 6594 6582 6580
f 6581 6583 6593
f 6594 6584 6582
f 6583 6585 6593
f 6594 6586 6584
f 6585 6587 6593
f 6594 6588 6586
f 6587 6589 6593
f 6594 6590 6588
f 6589 6591 6593
f 6594 6592 6590
f 6591 6561 6593
f 6594 6562 6592
o cylinder_rib_1
v -2666.250 -2900.000 3350.000
v -2666.250 -3000.000 3350.000
v -2656.683 -2900.000 3348.097
v -2656.683 -3000.000 3348.097
v -2648.572 -2900.000 3342.678
v -2648.572 -3000.000 3342.678
v -2643.153 -2900.000 3334.567
v -2643.153 -3000.000 3334.567
v -2641.250 -2900.000 3325.000
v -2641.250 -3000.000 3325.000
v -2643.153 -2900.000 3315.433
v -2643.153 -3000.000 3315.433
v -2648.572 -2900.000 3307.322
v -2648.572 -3000.000 3307.322
v -2656.683 -2900.000 3301.903
v -2656.683 -3000.000 3301.903
v -2666.250 -2900.000 3300.000
v -2666.250 -3000.000 3300.000
v -2675.817 -2900.000 3301.903
v -2675.817 -3000.000 3301.903
v -2683.928 -2900.000 3307.322
v -2683.928 -3000.000 3307.322
v -2689.347 -2900.000 3315.433
v -2689.347 -3000.000 3315.433
v -2691.250 -2900.000 3325.000
v -2691.250 -3000.000 3325.000
v -2689.347 -2900.000 3334.567
v -2689.347 -3000.000 3334.567
v -2683.928 -2900.000 3342.678
v -2683.928 -3000.000 3342.678
v -2675.817 -2900.000 3348.097
v -2675.817 -3000.000 3348.097
v -2666.250 -2900.000 3325.000
v -2666.250 -3000.000 3325.000
f 6595 6596 6598 6597
f 6597 6598 6600 6599
f 6599 6600 6602 6601
f 6601 6602 6604 6603
f 6603 6604 6606 6605
f 6605 6606 6608 6607
f 6607 6608 6610 6609
f 6609 6610 6612 6611
f 6611 6612 6614 6613
f 6613 6614 6616 6615
f 6615 6616 6618 6617
f 6617 6618 6620 6619
f 6619 6620 6622 6621
f 6621 6622 6624 6623
f 6623 6624 6626 6625
f 6625 6626 6596 6595
f 6595 6597 6627
f 6628 6598 6596
f 6597 6599 6627
f 6628 6600 6598
f 6599 6601 6627
f 6628 6602 6600
f 6601 6603 6627
f 6628 6604 6602
f 6603 6605 6627
f 6628 6606 6604
f 6605 6607 6627
f 6628 6608 6606
f 6607 6609 6627
f 6628 6610 6608
f 6609 6611 6627
f 6628 6612 6610
f 6611 6613 6627
f 6628 6614 6612
f 6613 6615 6627
f 6628 6616 6614
f 6615 6617 6627
f 6628 6618 6616
f 6617 6619 6627
f 6628 6620 6618
f 6619 6621 6627
f 6628 6622 6620
f 6621 6623 6627
f 6628 6624 6622
f 6623 6625 6627
f 6628 6626 6624
f 6625 6595 6627
f 6628 6596 6626
o connector_1
v -2935.000 -3000.000 3250.000
v -2935.000 -2866.428 3307.322
v -2935.000 -2858.317 3301.903
v -2935.000 -2848.750 3300.000
v -2935.000 -2839.183 3301.903
v -2935.000 -2831.072 3307.322
v -2935.000 -2871.847 3315.433
v -2935.000 -2873.750 3325.000
v -2935.000 -2871.847 3334.567
v -2935.000 -2866.428 3342.678
v -2935.000 -2825.653 3315.433
v -2935.000 -2823.750 3325.000
v -2935.000 -2825.653 3334.567
v -2935.000 -2831.072 3342.678
v -2935.000 -2858.317 3348.097
v -2935.000 -2848.750 3350.000
v -2935.000 -2839.183 3348.097
v -2935.000 -3000.000 3500.000
v -2935.000 -2858.317 3401.903
v -2935.000 -2848.750 3400.000
v -2935.000 -2839.183 3401.903
v -2935.000 -2866.428 3407.322
v -2935.000 -2871.847 3415.433
v -2935.000 -2873.750 3425.000
v -2935.000 -2871.847 3434.567
v -2935.000 -2831.072 3407.322
v -2935.000 -2825.653 3415.433
v -2935.000 -2823.750 3425.000
v -2935.000 -2825.653 3434.567
v -2935.000 -2866.428 3442.678
v -2935.000 -2858.317 3448.097
v -2935.000 -2848.750 3450.000
v -2935.000 -2839.183 3448.097
v -2935.000 -2831.072 3442.678
v -2965.000 -3000.000 3250.000
v -2965.000 -2866.428 3307.322
v -2965.000 -2858.317 3301.903
v -2965.000 -2848.750 3300.000
v -2965.000 -2839.183 3301.903
v -2965.000 -2831.072 3307.322
v -2965.000 -2871.847 3315.433
v -2965.000 -2873.750 3325.000
v -2965.000 -2871.847 3334.567
v -2965.000 -2866.428 3342.678
v -2965.000 -2825.653 3315.433
v -2965.000 -2823.750 3325.000
v -2965.000 -2825.653 3334.567
v -2965.000 -2831.072 3342.678
v -2965.000 -2858.317 3348.097
v -2965.000 -2848.750 3350.000
v -2965.000 -2839.183 3348.097
v -2965.000 -3000.000 3500.000
v -2965.000 -2858.317 3401.903
v -2965.000 -2848.750 3400.000
v -2965.000 -2839.183 3401.903
v -2965.000 -2866.428 3407.322
v -2965.000 -2871.847 3415.433
v -2965.000 -2873.750 3425.000
v -2965.000 -2871.847 3434.567
v -2965.000 -2831.072 3407.322
v -2965.000 -2825.653 3415.433
v -2965.000 -2823.750 3425.000
v -2965.000 -2825.653 3434.567
v -2965.000 -2866.428 3442.678
v -2965.000 -2858.317 3448.097
v -2965.000 -2848.750 3450.000
v -2965.000 -2839.183 3448.097
v -2965.000 -2831.072 3442.678
v -2935.000 -2683.928 3307.322
v -2935.000 -2675.817 3301.903
v -2935.000 -2666.250 3300.000
v -2935.000 -2656.683 3301.903
v -2935.000 -2648.572 3307.322
v -2935.000 -2689.347 3315.433
v -2935.000 -2691.250 3325.000
v -2935.000 -2689.347 3334.567
v -2935.000 -2683.928 3342.678
v -2935.000 -2643.153 3315.433
v -2935.000 -2641.250 3325.000
v -2935.000 -2643.153 3334.567
v -2935.000 -2648.572 3342.678
v -2935.000 -2675.817 3348.097
v -2935.000 -2666.250 3350.000
v -2935.000 -2656.683 3348.097
v -2935.000 -2515.000 3250.000
v -2935.000 -2675.817 3401.903
v -2935.000 -2666.250 3400.000
v -2935.000 -2656.683 3401.903
v -2935.000 -2683.928 3407.322
v -2935.000 -2689.347 3415.433
v -2935.000 -2691.250 3425.000
v -2935.000 -2689.347 3434.567
v -2935.000 -2648.572 3407.322
v -2935.000 -2643.153 3415.433
v -2935.000 -2641.250 3425.000
v -2935.000 -2643.153 3434.567
v -2935.000 -2683.928 3442.678
v -2935.000 -2675.817 3448.097
v -2935.000 -2666.250 3450.000
v -2935.000 -2656.683 3448.097
v -2935.000 -2648.572 3442.678
v -2935.000 -2515.000 3500.000
v -2965.000 -2683.928 3307.322
v -2965.000 -2675.817 3301.903
v -2965.000 -2666.250 3300.000
v -2965.000 -2656.683 3301.903
v -2965.000 -2648.572 3307.322
v -2965.000 -2689.347 3315.433
v -2965.000 -2691.250 3325.000
v -2965.000 -2689.347 3334.567
v -2965.000 -2683.928 3342.678
v -2965.000 -2643.153 3315.433
v -2965.000 -2641.250 3325.000
v -2965.000 -2643.153 3334.567
v -2965.000 -2648.572 3342.678
v -2965.000 -2675.817 3348.097
v -2965.000 -2666.250 3350.000
v -2965.000 -2656.683 3348.097
v -2965.000 -2515.000 3250.000
v -2965.000 -2675.817 3401.903
v -2965.000 -2666.250 3400.000
v -2965.000 -2656.683 3401.903
v -2965.000 -2683.928 3407.322
v -2965.000 -2689.347 3415.433
v -2965.000 -2691.250 3425.000
v -2965.000 -2689.347 3434.567
v -2965.000 -2648.572 3407.322
v -2965.000 -2643.153 3415.433
v -2965.000 -2641.250 3425.000
v -2965.000 -2643.153 3434.567
v -2965.000 -2683.928 3442.678
v -2965.000 -2675.817 3448.097
v -2965.000 -2666.250 3450.000
v -2965.000 -2656.683 3448.097
v -2965.000 -2648.572 3442.678
v -2965.000 -2515.000 3500.000
f 6629 6630 6635
f 6629 6635 6636
f 6629 6632 6631
f 6629 6631 6630
f 6629 6636 6646
f 6629 6646 6663
f 6629 6699 6632
f 6632 6698 6633
f 6633 6697 6634
f 6643 6650 6638
f 6644 6647 6643
f 6645 6648 6644
f 6634 6702 6639
f 6639 6714 6640
f 6640 6717 6641
f 6641 6718 6642
f 6642 6719 6645
f 6646 6636 6637
f 6646 6637 6638
f 6646 6638 6650
f 6646 6650 6651
f 6646 6651 6652
f 6646 6652 6653
f 6646 6653 6658
f 6646 6658 6659
f 6646 6659 6660
f 6643 6647 6650
f 6644 6648 6647
f 6645 6649 6648
f 6645 6719 6649
f 6649 6719 6654
f 6654 6719 6655
f 6655 6719 6656
f 6656 6720 6657
f 6646 6660 6727
f 6657 6725 6662
f 6662 6726 6661
f 6661 6727 6660
f 6663 6669 6664
f 6663 6670 6669
f 6663 6671 6670
f 6663 6672 6671
f 6663 6665 6666
f 6663 6664 6665
f 6663 6684 6672
f 6663 6685 6684
f 6663 6686 6685
f 6629 6663 6747
f 6663 6666 6733
f 6667 6733 6666
f 6668 6732 6667
f 6673 6731 6668
f 6672 6681 6677
f 6677 6682 6678
f 6678 6683 6679
f 6674 6736 6673
f 6676 6737 6675
f 6675 6737 6674
f 6679 6737 6676
f 6679 6683 6737
f 6646 6680 6663
f 6663 6680 6686
f 6680 6687 6686
f 6680 6692 6687
f 6680 6693 6692
f 6680 6694 6693
f 6646 6764 6680
f 6672 6684 6681
f 6677 6681 6682
f 6683 6678 6682
f 6688 6737 6683
f 6689 6738 6688
f 6690 6739 6689
f 6691 6744 6690
f 6696 6754 6691
f 6680 6761 6694
f 6694 6760 6695
f 6695 6759 6696
f 6629 6713 6699
f 6632 6699 6698
f 6633 6698 6697
f 6634 6697 6702
f 6639 6702 6703
f 6639 6703 6704
f 6639 6704 6705
f 6639 6705 6710
f 6639 6710 6714
f 6711 6714 6710
f 6707 6722 6708
f 6712 6715 6711
f 6709 6716 6712
f 6708 6721 6709
f 6629 6747 6713
f 6713 6700 6699
f 6713 6701 6700
f 6713 6706 6701
f 6713 6707 6706
f 6713 6730 6707
f 6640 6714 6717
f 6718 6641 6717
f 6642 6718 6719
f 6656 6719 6720
f 6657 6720 6725
f 6711 6715 6714
f 6712 6716 6715
f 6709 6721 6716
f 6708 6722 6721
f 6707 6723 6722
f 6662 6725 6726
f 6661 6726 6727
f 6646 6727 6730
f 6646 6730 6764
f 6730 6723 6707
f 6730 6728 6729
f 6730 6727 6728
f 6730 6724 6723
f 6730 6729 6724
f 6713 6764 6730
f 6663 6733 6747
f 6668 6731 6732
f 6667 6732 6733
f 6673 6736 6731
f 6674 6737 6736
f 6688 6738 6737
f 6738 6689 6739
f 6690 6744 6739
f 6744 6749 6745
f 6745 6750 6746
f 6746 6755 6743
f 6743 6756 6742
f 6742 6757 6741
f 6713 6747 6764
f 6747 6733 6734
f 6747 6734 6735
f 6747 6735 6740
f 6747 6740 6741
f 6747 6741 6757
f 6691 6748 6744
f 6691 6751 6748
f 6691 6752 6751
f 6691 6753 6752
f 6691 6754 6753
f 6744 6748 6749
f 6745 6749 6750
f 6746 6750 6755
f 6743 6755 6756
f 6742 6756 6757
f 6696 6759 6754
f 6695 6760 6759
f 6694 6761 6760
f 6680 6764 6761
f 6747 6757 6764
f 6764 6763 6762
f 6764 6762 6761
f 6764 6757 6758
f 6764 6758 6763
f 6664 6635 6630
f 6665 6630 6631
f 6666 6631 6632
f 6667 6632 6633
f 6668 6633 6634
f 6636 6635 6669
f 6637 6636 6670
f 6638 6637 6671
f 6673 6634 6639
f 6674 6639 6640
f 6675 6640 6641
f 6641 6642 6676
f 6643 6638 6672
f 6644 6643 6677
f 6645 6644 6678
f 6642 6645 6679
f 6650 6647 6681
f 6647 6648 6682
f 6648 6649 6683
f 6649 6654 6688
f 6651 6650 6684
f 6652 6651 6685
f 6653 6652 6686
f 6658 6653 6687
f 6654 6655 6689
f 6655 6656 6690
f 6656 6657 6691
f 6659 6658 6692
f 6660 6659 6693
f 6661 6660 6694
f 6662 6661 6695
f 6657 6662 6696
f 6665 6664 6630
f 6666 6665 6631
f 6667 6666 6632
f 6668 6667 6633
f 6673 6668 6634
f 6664 6669 6635
f 6636 6669 6670
f 6637 6670 6671
f 6638 6671 6672
f 6674 6673 6639
f 6675 6674 6640
f 6676 6675 6641
f 6643 6672 6677
f 6644 6677 6678
f 6645 6678 6679
f 6642 6679 6676
f 6650 6681 6684
f 6647 6682 6681
f 6648 6683 6682
f 6649 6688 6683
f 6651 6684 6685
f 6652 6685 6686
f 6686 6687 6653
f 6689 6688 6654
f 6655 6690 6689
f 6656 6691 6690
f 6657 6696 6691
f 6658 6687 6692
f 6659 6692 6693
f 6660 6693 6694
f 6662 6695 6696
f 6661 6694 6695
f 6731 6702 6697
f 6732 6697 6698
f 6733 6698 6699
f 6734 6699 6700
f 6735 6700 6701
f 6736 6703 6702
f 6737 6704 6703
f 6738 6705 6704
f 6740 6701 6706
f 6706 6707 6741
f 6707 6708 6742
f 6708 6709 6743
f 6710 6705 6739
f 6711 6710 6744
f 6712 6711 6745
f 6709 6712 6746
f 6717 6714 6748
f 6714 6715 6749
f 6715 6716 6750
f 6716 6721 6755
f 6718 6717 6751
f 6719 6718 6752
f 6720 6719 6753
f 6725 6720 6754
f 6721 6722 6756
f 6722 6723 6757
f 6723 6724 6758
f 6726 6725 6759
f 6727 6726 6760
f 6728 6727 6761
f 6729 6728 6762
f 6724 6729 6763
f 6733 6732 6698
f 6732 6731 6697
f 6734 6733 6699
f 6735 6734 6700
f 6740 6735 6701
f 6731 6736 6702
f 6736 6737 6703
f 6737 6738 6704
f 6738 6739 6705
f 6741 6740 6706
f 6707 6742 6741
f 6708 6743 6742
f 6710 6739 6744
f 6711 6744 6745
f 6712 6745 6746
f 6709 6746 6743
f 6717 6748 6751
f 6714 6749 6748
f 6715 6750 6749
f 6716 6755 6750
f 6718 6751 6752
f 6719 6752 6753
f 6720 6753 6754
f 6721 6756 6755
f 6722 6757 6756
f 6723 6758 6757
f 6724 6763 6758
f 6725 6754 6759
f 6726 6759 6760
f 6727 6760 6761
f 6728 6761 6762
f 6729 6762 6763
o cylinder_column_0
v -3000.000 -2848.750 3450.000
v -2900.000 -2848.750 3450.000
v -3000.000 -2839.183 3448.097
v -2900.000 -2839.183 3448.097
v -3000.000 -2831.072 3442.678
v -2900.000 -2831.072 3442.678
v -3000.000 -2825.653 3434.567
v -2900.000 -2825.653 3434.567
v -3000.000 -2823.750 3425.000
v -2900.000 -2823.750 3425.000
v -3000.000 -2825.653 3415.433
v -2900.000 -2825.653 3415.433
v -3000.000 -2831.072 3407.322
v -2900.000 -2831.072 3407.322
v -3000.000 -2839.183 3401.903
v -2900.000 -2839.183 3401.903
v -3000.000 -2848.750 3400.000
v -2900.000 -2848.750 3400.000
v -3000.000 -2858.317 3401.903
v -2900.000 -2858.317 3401.903
v -3000.000 -2866.428 3407.322
v -2900.000 -2866.428 3407.322
v -3000.000 -2871.847 3415.433
v -2900.000 -2871.847 3415.433
v -3000.000 -2873.750 3425.000
v -2900.000 -2873.750 3425.000
v -3000.000 -2871.847 3434.567
v -2900.000 -2871.847 3434.567
v -3000.000 -2866.428 3442.678
v -2900.000 -2866.428 3442.678
v -3000.000 -2858.317 3448.097
v -2900.000 -2858.317 3448.097
v -3000.000 -2848.750 3425.000
v -2900.000 -2848.750 3425.000
f 6765 6766 6768 6767
f 6767 6768 6770 6769
f 6769 6770 6772 6771
f 6771 6772 6774 6773
f 6773 6774 6776 6775
f 6775 6776 6778 6777
f 6777 6778 6780 6779
f 6779 6780 6782 6781
f 6781 6782 6784 6783
f 6783 6784 6786 6785
f 6785 6786 6788 6787
f 6787 6788 6790 6789
f 6789 6790 6792 6791
f 6791 6792 6794 6793
f 6793 6794 6796 6795
f 6795 6796 6766 6765
f 6765 6767 6797
f 6798 6768 6766
f 6767 6769 6797
f 6798 6770 6768
f 6769 6771 6797
f 6798 6772 6770
f 6771 6773 6797
f 6798 6774 6772
f 6773 6775 6797
f 6798 6776 6774
f 6775 6777 6797
f 6798 6778 6776
f 6777 6779 6797
f 6798 6780 6778
f 6779 6781 6797
f 6798 6782 6780
f 6781 6783 6797
f 6798 6784 6782
f 6783 6785 6797
f 6798 6786 6784
f 6785 6787 6797
f 6798 6788 6786
f 6787 6789 6797
f 6798 6790 6788
f 6789 6791 6797
f 6798 6792 6790
f 6791 6793 6797
f 6798 6794 6792
f 6793 6795 6797
f 6798 6796 6794
f 6795 6765 6797
f 6798 6766 6796
o cylinder_column_1
v -3000.000 -2848.750 3350.000
v -2900.000 -2848.750 3350.000
v -3000.000 -2839.183 3348.097
v -2900.000 -2839.183 3348.097
v -3000.000 -2831.072 3342.678
v -2900.000 -2831.072 3342.678
v -3000.000 -2825.653 3334.567
v -2900.000 -2825.653 3334.567
v -3000.000 -2823.750 3325.000
v -2900.000 -2823.750 3325.000
v -3000.000 -2825.653 3315.433
v -2900.000 -2825.653 3315.433
v -3000.000 -2831.072 3307.322
v -2900.000 -2831.072 3307.322
v -3000.000 -2839.183 3301.903
v -2900.000 -2839.183 3301.903
v -3000.000 -2848.750 3300.000
v -2900.000 -2848.750 3300.000
v -3000.000 -2858.317 3301.903
v -2900.000 -2858.317 3301.903
v -3000.000 -2866.428 3307.322
v -2900.000 -2866.428 3307.322
v -3000.000 -2871.847 3315.433
v -2900.000 -2871.847 3315.433
v -3000.000 -2873.750 3325.000
v -2900.000 -2873.750 3325.000
v -3000.000 -2871.847 3334.567
v -2900.000 -2871.847 3334.567
v -3000.000 -2866.428 3342.678
v -2900.000 -2866.428 3342.678
v -3000.000 -2858.317 3348.097
v -2900.000 -2858.317 3348.097
v -3000.000 -2848.750 3325.000
v -2900.000 -2848.750 3325.000
f 6799 6800 6802 6801
f 6801 6802 6804 6803
f 6803 6804 6806 6805
f 6805 6806 6808 6807
f 6807 6808 6810 6809
f 6809 6810 6812 6811
f 6811 6812 6814 6813
f 6813 6814 6816 6815
f 6815 6816 6818 6817
f 6817 6818 6820 6819
f 6819 6820 6822 6821
f 6821 6822 6824 6823
f 6823 6824 6826 6825
f 6825 6826 6828 6827
f 6827 6828 6830 6829
f 6829 6830 6800 6799
f 6799 6801 6831
f 6832 6802 6800
f 6801 6803 6831
f 6832 6804 6802
f 6803 6805 6831
f 6832 6806 6804
f 6805 6807 6831
f 6832 6808 6806
f 6807 6809 6831
f 6832 6810 6808
f 6809 6811 6831
f 6832 6812 6810
f 6811 6813 6831
f 6832 6814 6812
f 6813 6815 6831
f 6832 6816 6814
f 6815 6817 6831
f 6832 6818 6816
f 6817 6819 6831
f 6832 6820 6818
f 6819 6821 6831
f 6832 6822 6820
f 6821 6823 6831
f 6832 6824 6822
f 6823 6825 6831
f 6832 6826 6824
f 6825 6827 6831
f 6832 6828 6826
f 6827 6829 6831
f 6832 6830 6828
f 6829 6799 6831
f 6832 6800 6830
o cylinder_rib_0
v -3000.000 -2666.250 3450.000
v -2900.000 -2666.250 3450.000
v -3000.000 -2656.683 3448.097
v -2900.000 -2656.683 3448.097
v -3000.000 -2648.572 3442.678
v -2900.000 -2648.572 3442.678
v -3000.000 -2643.153 3434.567
v -2900.000 -2643.153 3434.567
v -3000.000 -2641.250 3425.000
v -2900.000 -2641.250 3425.000
v -3000.000 -2643.153 3415.433
v -2900.000 -2643.153 3415.433
v -3000.000 -2648.572 3407.322
v -2900.000 -2648.572 3407.322
v -3000.000 -2656.683 3401.903
v -2900.000 -2656.683 3401.903
v -3000.000 -2666.250 3400.000
v -2900.000 -2666.250 3400.000
v -3000.000 -2675.817 3401.903
v -2900.000 -2675.817 3401.903
v -3000.000 -2683.928 3407.322
v -2900.000 -2683.928 3407.322
v -3000.000 -2689.347 3415.433
v -2900.000 -2689.347 3415.433
v -3000.000 -2691.250 3425.000
v -2900.000 -2691.250 3425.000
v -3000.000 -2689.347 3434.567
v -2900.000 -2689.347 3434.567
v -3000.000 -2683.928 3442.678
v -2900.000 -2683.928 3442.678
v -3000.000 -2675.817 3448.097
v -2900.000 -2675.817 3448.097
v -3000.000 -2666.250 3425.000
v -2900.000 -2666.250 3425.000
f 6833 6834 6836 6835
f 6835 6836 6838 6837
f 6837 6838 6840 6839
f 6839 6840 6842 6841
f 6841 6842 6844 6843
f 6843 6844 6846 6845
f 6845 6846 6848 6847
f 6847 6848 6850 6849
f 6849 6850 6852 6851
f 6851 6852 6854 6853
f 6853 6854 6856 6855
f 6855 6856 6858 6857
f 6857 6858 6860 6859
f 6859 6860 6862 6861
f 6861 6862 6864 6863
f 6863 6864 6834 6833
f 6833 6835 6865
f 6866 6836 6834
f 6835 6837 6865
f 6866 6838 6836
f 6837 6839 6865
f 6866 6840 6838
f 6839 6841 6865
f 6866 6842 6840
f 6841 6843 6865
f 6866 6844 6842
f 6843 6845 6865
f 6866 6846 6844
f 6845 6847 6865
f 6866 6848 6846
f 6847 6849 6865
f 6866 6850 6848
f 6849 6851 6865
f 6866 6852 6850
f 6851 6853 6865
f 6866 6854 6852
f 6853 6855 6865
f 6866 6856 6854
f 6855 6857 6865
f 6866 6858 6856
f 6857 6859 6865
f 6866 6860 6858
f 6859 6861 6865
f 6866 6862 6860
f 6861 6863 6865
f 6866 6864 6862
f 6863 6833 6865
f 6866 6834 6864
o cylinder_rib_1
v -3000.000 -2666.250 3350.000
v -2900.000 -2666.250 3350.000
v -3000.000 -2656.683 3348.097
v -2900.000 -2656.683 3348.097
v -3000.000 -2648.572 3342.678
v -2900.000 -2648.572 3342.678
v -3000.000 -2643.153 3334.567
v -2900.000 -2643.153 3334.567
v -3000.000 -2641.250 3325.000
v -2900.000 -2641.250 3325.000
v -3000.000 -2643.153 3315.433
v -2900.000 -2643.153 3315.433
v -3000.000 -2648.572 3307.322
v -2900.000 -2648.572 3307.322
v -3000.000 -2656.683 3301.903
v -2900.000 -2656.683 3301.903
v -3000.000 -2666.250 3300.000
v -2900.000 -2666.250 3300.000
v -3000.000 -2675.817 3301.903
v -2900.000 -2675.817 3301.903
v -3000.000 -2683.928 3307.322
v -2900.000 -2683.928 3307.322
v -3000.000 -2689.347 3315.433
v -2900.000 -2689.347 3315.433
v -3000.000 -2691.250 3325.000
v -2900.000 -2691.250 3325.000
v -3000.000 -2689.347 3334.567
v -2900.000 -2689.347 3334.567
v -3000.000 -2683.928 3342.678
v -2900.000 -2683.928 3342.678
v -3000.000 -2675.817 3348.097
v -2900.000 -2675.817 3348.097
v -3000.000 -2666.250 3325.000
v -2900.000 -2666.250 3325.000
f 6867 6868 6870 6869
f 6869 6870 6872 6871
f 6871 6872 6874 6873
f 6873 6874 6876 6875
f 6875 6876 6878 6877
f 6877 6878 6880 6879
f 6879 6880 6882 6881
f 6881 6882 6884 6883
f 6883 6884 6886 6885
f 6885 6886 6888 6887
f 6887 6888 6890 6889
f 6889 6890 6892 6891
f 6891 6892 6894 6893
f 6893 6894 6896 6895
f 6895 6896 6898 6897
f 6897 6898 6868 6867
f 6867 6869 6899
f 6900 6870 6868
f 6869 6871 6899
f 6900 6872 6870
f 6871 6873 6899
f 6900 6874 6872
f 6873 6875 6899
f 6900 6876 6874
f 6875 6877 6899
f 6900 6878 6876
f 6877 6879 6899
f 6900 6880 6878
f 6879 6881 6899
f 6900 6882 6880
f 6881 6883 6899
f 6900 6884 6882
f 6883 6885 6899
f 6900 6886 6884
f 6885 6887 6899
f 6900 6888 6886
f 6887 6889 6899
f 6900 6890 6888
f 6889 6891 6899
f 6900 6892 6890
f 6891 6893 6899
f 6900 6894 6892
f 6893 6895 6899
f 6900 6896 6894
f 6895 6897 6899
f 6900 6898 6896
f 6897 6867 6899
f 6900 6868 6898
o connector_2
v 2965.000 -3000.000 3250.000
v 2965.000 -2866.428 3307.322
v 2965.000 -2858.317 3301.903
v 2965.000 -2848.750 3300.000
v 2965.000 -2839.183 3301.903
v 2965.000 -2831.072 3307.322
v 2965.000 -2871.847 3315.433
v 2965.000 -2873.750 3325.000
v 2965.000 -2871.847 3334.567
v 2965.000 -2866.428 3342.678
v 2965.000 -2825.653 3315.433
v 2965.000 -2823.750 3325.000
v 2965.000 -2825.653 3334.567
v 2965.000 -2831.072 3342.678
v 2965.000 -2858.317 3348.097
v 2965.000 -2848.750 3350.000
v 2965.000 -2839.183 3348.097
v 2965.000 -3000.000 3500.000
v 2965.000 -2858.317 3401.903
v 2965.000 -2848.750 3400.000
v 2965.000 -2839.183 3401.903
v 2965.000 -2866.428 3407.322
v 2965.000 -2871.847 3415.433
v 2965.000 -2873.750 3425.000
v 2965.000 -2871.847 3434.567
v 2965.000 -2831.072 3407.322
v 2965.000 -2825.653 3415.433
v 2965.000 -2823.750 3425.000
v 2965.000 -2825.653 3434.567
v 2965.000 -2866.428 3442.678
v 2965.000 -2858.317 3448.097
v 2965.000 -2848.750 3450.000
v 2965.000 -2839.183 3448.097
v 2965.000 -2831.072 3442.678
v 2935.000 -3000.000 3250.000
v 2935.000 -2866.428 3307.322
v 2935.000 -2858.317 3301.903
v 2935.000 -2848.750 3300.000
v 2935.000 -2839.183 3301.903
v 2935.000 -2831.072 3307.322
v 2935.000 -2871.847 3315.433
v 2935.000 -2873.750 3325.000
v 2935.000 -2871.847 3334.567
v 2935.000 -2866.428 3342.678
v 2935.000 -2825.653 3315.433
v 2935.000 -2823.750 3325.000
v 2935.000 -2825.653 3334.567
v 2935.000 -2831.072 3342.678
v 2935.000 -2858.317 3348.097
v 2935.000 -2848.750 3350.000
v 2935.000 -2839.183 3348.097
v 2935.000 -3000.000 3500.000
v 2935.000 -2858.317 3401.903
v 2935.000 -2848.750 3400.000
v 2935.000 -2839.183 3401.903
v 2935.000 -2866.428 3407.322
v 2935.000 -2871.847 3415.433
v 2935.000 -2873.750 3425.000
v 2935.000 -2871.847 3434.567
v 2935.000 -2831.072 3407.322
v 2935.000 -2825.653 3415.433
v 2935.000 -2823.750 3425.000
v 2935.000 -2825.653 3434.567
v 2935.000 -2866.428 3442.678
v 2935.000 -2858.317 3448.097
v 2935.000 -2848.750 3450.000
v 2935.000 -2839.183 3448.097
v 2935.000 -2831.072 3442.678
v 2965.000 -2683.928 3307.322
v 2965.000 -2675.817 3301.903
v 2965.000 -2666.250 3300.000
v 2965.000 -2656.683 3301.903
v 2965.000 -2648.572 3307.322
v 2965.000 -2689.347 3315.433
v 2965.000 -2691.250 3325.000
v 2965.000 -2689.347 3334.567
v 2965.000 -2683.928 3342.678
v 2965.000 -2643.153 3315.433
v 2965.000 -2641.250 3325.000
v 2965.000 -2643.153 3334.567
v 2965.000 -2648.572 3342.678
v 2965.000 -2675.817 3348.097
v 2965.000 -2666.250 3350.000
v 2965.000 -2656.683 3348.097
v 2965.000 -2515.000 3250.000
v 2965.000 -2675.817 3401.903
v 2965.000 -2666.250 3400.000
v 2965.000 -2656.683 3401.903
v 2965.000 -2683.928 3407.322
v 2965.000 -2689.347 3415.433
v 2965.000 -2691.250 3425.000
v 2965.000 -2689.347 3434.567
v 2965.000 -2648.572 3407.322
v 2965.000 -2643.153 3415.433
v 2965.000 -2641.250 3425.000
v 2965.000 -2643.153 3434.567
v 2965.000 -2683.928 3442.678
v 2965.000 -2675.817 3448.097
v 2965.000 -2666.250 3450.000
v 2965.000 -2656.683 3448.097
v 2965.000 -2648.572 3442.678
v 2965.000 -2515.000 3500.000
v 2935.000 -2683.928 3307.322
v 2935.000 -2675.817 3301.903
v 2935.000 -2666.250 3300.000
v 2935.000 -2656.683 3301.903
v 2935.000 -2648.572 3307.322
v 2935.000 -2689.347 3315.433
v 2935.000 -2691.250 3325.000
v 2935.000 -2689.347 3334.567
v 2935.000 -2683.928 3342.678
v 2935.000 -2643.153 3315.433
v 2935.000 -2641.250 3325.000
v 2935.000 -2643.153 3334.567
v 2935.000 -2648.572 3342.678
v 2935.000 -2675.817 3348.097
v 2935.000 -2666.250 3350.000
v 2935.000 -2656.683 3348.097
v 2935.000 -2515.000 3250.000
v 2935.000 -2675.817 3401.903
v 2935.000 -2666.250 3400.000
v 2935.000 -2656.683 3401.903
v 2935.000 -2683.928 3407.322
v 2935.000 -2689.347 3415.433
v 2935.000 -2691.250 3425.000
v 2935.000 -2689.347 3434.567
v 2935.000 -2648.572 3407.322
v 2935.000 -2643.153 3415.433
v 2935.000 -2641.250 3425.000
v 2935.000 -2643.153 3434.567
v 2935.000 -2683.928 3442.678
v 2935.000 -2675.817 3448.097
v 2935.000 -2666.250 3450.000
v 2935.000 -2656.683 3448.097
v 2935.000 -2648.572 3442.678
v 2935.000 -2515.000 3500.000
f 6901 6902 6907
f 6901 6907 6908
f 6901 6904 6903
f 6901 6903 6902
f 6901 6908 6918
f 6901 6918 6935
f 6901 6971 6904
f 6904 6970 6905
f 6905 6969 6906
f 6915 6922 6910
f 6916 6919 6915
f 6917 6920 6916
f 6906 6974 6911
f 6911 6986 6912
f 6912 6989 6913
f 6913 6990 6914
f 6914 6991 6917
f 6918 6908 6909
f 6918 6909 6910
f 6918 6910 6922
f 6918 6922 6923
f 6918 6923 6924
f 6918 6924 6925
f 6918 6925 6930
f 6918 6930 6931
f 6918 6931 6932
f 6915 6919 6922
f 6919 6916 6920
f 6917 6921 6920
f 6917 6991 6921
f 6921 6991 6926
f 6926 6991 6927
f 6927 6991 6928
f 6928 6992 6929
f 6918 6932 6999
f 6929 6997 6934
f 6934 6998 6933
f 6933 6999 6932
f 6935 6941 6936
f 6935 6942 6941
f 6935 6943 6942
f 6935 6944 6943
f 6935 6937 6938
f 6935 6936 6937
f 6935 6956 6944
f 6935 6957 6956
f 6935 6958 6957
f 6901 6935 7019
f 6935 6938 7005
f 6939 7005 6938
f 6940 7004 6939
f 6945 7003 6940
f 6944 6953 6949
f 6949 6954 6950
f 6950 6955 6951
f 6946 7008 6945
f 6948 7009 6947
f 6947 7009 6946
f 6951 7009 6948
f 6951 6955 7009
f 6918 6952 6935
f 6935 6952 6958
f 6952 6959 6958
f 6952 6964 6959
f 6952 6965 6964
f 6952 6966 6965
f 6918 7036 6952
f 6944 6956 6953
f 6949 6953 6954
f 6950 6954 6955
f 6960 7009 6955
f 6961 7010 6960
f 6962 7011 6961
f 6963 7016 6962
f 6968 7026 6963
f 6952 7033 6966
f 6966 7032 6967
f 6967 7031 6968
f 6901 6985 6971
f 6904 6971 6970
f 6905 6970 6969
f 6906 6969 6974
f 6911 6974 6975
f 6911 6975 6976
f 6911 6976 6977
f 6911 6977 6982
f 6911 6982 6986
f 6983 6986 6982
f 6979 6994 6980
f 6984 6987 6983
f 6981 6988 6984
f 6980 6993 6981
f 6901 7019 6985
f 6985 6972 6971
f 6985 6973 6972
f 6985 6978 6973
f 6985 6979 6978
f 6985 7002 6979
f 6912 6986 6989
f 6990 6913 6989
f 6914 6990 6991
f 6928 6991 6992
f 6929 6992 6997
f 6983 6987 6986
f 6984 6988 6987
f 6981 6993 6988
f 6980 6994 6993
f 6979 6995 6994
f 6934 6997 6998
f 6933 6998 6999
f 6918 6999 7002
f 6918 7002 7036
f 7002 6995 6979
f 7002 7000 7001
f 7002 6999 7000
f 7002 6996 6995
f 7002 7001 6996
f 6985 7036 7002
f 6935 7005 7019
f 6940 7003 7004
f 6939 7004 7005
f 6945 7008 7003
f 6946 7009 7008
f 6960 7010 7009
f 7010 6961 7011
f 6962 7016 7011
f 7016 7021 7017
f 7017 7022 7018
f 7018 7027 7015
f 7015 7028 7014
f 7014 7029 7013
f 6985 7019 7036
f 7019 7005 7006
f 7019 7006 7007
f 7019 7007 7012
f 7019 7012 7013
f 7019 7013 7029
f 6963 7020 7016
f 6963 7023 7020
f 6963 7024 7023
f 6963 7025 7024
f 6963 7026 7025
f 7016 7020 7021
f 7017 7021 7022
f 7018 7022 7027
f 7015 7027 7028
f 7014 7028 7029
f 6968 7031 7026
f 6967 7032 7031
f 6966 7033 7032
f 6952 7036 7033
f 7019 7029 7036
f 7036 7035 7034
f 7036 7034 7033
f 7036 7029 7030
f 7036 7030 7035
f 6936 6907 6902
f 6937 6902 6903
f 6938 6903 6904
f 6939 6904 6905
f 6940 6905 6906
f 6908 6907 6941
f 6909 6908 6942
f 6910 6909 6943
f 6945 6906 6911
f 6946 6911 6912
f 6947 6912 6913
f 6913 6914 6948
f 6915 6910 6944
f 6916 6915 6949
f 6917 6916 6950
f 6914 6917 6951
f 6922 6919 6953
f 6919 6920 6954
f 6920 6921 6955
f 6921 6926 6960
f 6923 6922 6956
f 6924 6923 6957
f 6925 6924 6958
f 6930 6925 6959
f 6926 6927 6961
f 6927 6928 6962
f 6928 6929 6963
f 6931 6930 6964
f 6932 6931 6965
f 6933 6932 6966
f 6934 6933 6967
f 6929 6934 6968
f 6937 6936 6902
f 6938 6937 6903
f 6939 6938 6904
f 6940 6939 6905
f 6945 6940 6906
f 6936 6941 6907
f 6908 6941 6942
f 6909 6942 6943
f 6910 6943 6944
f 6946 6945 6911
f 6947 6946 6912
f 6948 6947 6913
f 6915 6944 6949
f 6916 6949 6950
f 6917 6950 6951
f 6914 6951 6948
f 6922 6953 6956
f 6919 6954 6953
f 6920 6955 6954
f 6921 6960 6955
f 6923 6956 6957
f 6924 6957 6958
f 6958 6959 6925
f 6961 6960 6926
f 6927 6962 6961
f 6928 6963 6962
f 6929 6968 6963
f 6930 6959 6964
f 6931 6964 6965
f 6932 6965 6966
f 6934 6967 6968
f 6933 6966 6967
f 7003 6974 6969
f 7004 6969 6970
f 7005 6970 6971
f 7006 6971 6972
f 7007 6972 6973
f 7008 6975 6974
f 7009 6976 6975
f 7010 6977 6976
f 7012 6973 6978
f 6978 6979 7013
f 6979 6980 7014
f 6980 6981 7015
f 6982 6977 7011
f 6983 6982 7016
f 6984 6983 7017
f 6981 6984 7018
f 6989 6986 7020
f 6986 6987 7021
f 6987 6988 7022
f 6988 6993 7027
f 6990 6989 7023
f 6991 6990 7024
f 6992 6991 7025
f 6997 6992 7026
f 6993 6994 7028
f 6994 6995 7029
f 6995 6996 7030
f 6998 6997 7031
f 6999 6998 7032
f 7000 6999 7033
f 7001 7000 7034
f 6996 7001 7035
f 7005 7004 6970
f 7004 7003 6969
f 7006 7005 6971
f 7007 7006 6972
f 7012 7007 6973
f 7003 7008 6974
f 7008 7009 6975
f 7009 7010 6976
f 7010 7011 6977
f 7013 7012 6978
f 6979 7014 7013
f 6980 7015 7014
f 6982 7011 7016
f 6983 7016 7017
f 6984 7017 7018
f 6981 7018 7015
f 6989 7020 7023
f 6986 7021 7020
f 6987 7022 7021
f 6988 7027 7022
f 6990 7023 7024
f 6991 7024 7025
f 6992 7025 7026
f 6993 7028 7027
f 6994 7029 7028
f 6995 7030 7029
f 6996 7035 7030
f 6997 7026 7031
f 6998 7031 7032
f 6999 7032 7033
f 7000 7033 7034
f 7001 7034 7035
o cylinder_column_0
v 2900.000 -2848.750 3450.000
v 3000.000 -2848.750 3450.000
v 2900.000 -2839.183 3448.097
v 3000.000 -2839.183 3448.097
v 2900.000 -2831.072 3442.678
v 3000.000 -2831.072 3442.678
v 2900.000 -2825.653 3434.567
v 3000.000 -2825.653 3434.567
v 2900.000 -2823.750 3425.000
v 3000.000 -2823.750 3425.000
v 2900.000 -2825.653 3415.433
v 3000.000 -2825.653 3415.433
v 2900.000 -2831.072 3407.322
v 3000.000 -2831.072 3407.322
v 2900.000 -2839.183 3401.903
v 3000.000 -2839.183 3401.903
v 2900.000 -2848.750 3400.000
v 3000.000 -2848.750 3400.000
v 2900.000 -2858.317 3401.903
v 3000.000 -2858.317 3401.903
v 2900.000 -2866.428 3407.322
v 3000.000 -2866.428 3407.322
v 2900.000 -2871.847 3415.433
v 3000.000 -2871.847 3415.433
v 2900.000 -2873.750 3425.000
v 3000.000 -2873.750 3425.000
v 2900.000 -2871.847 3434.567
v 3000.000 -2871.847 3434.567
v 2900.000 -2866.428 3442.678
v 3000.000 -2866.428 3442.678
v 2900.000 -2858.317 3448.097
v 3000.000 -2858.317 3448.097
v 2900.000 -2848.750 3425.000
v 3000.000 -2848.750 3425.000
f 7037 7038 7040 7039
f 7039 7040 7042 7041
f 7041 7042 7044 7043
f 7043 7044 7046 7045
f 7045 7046 7048 7047
f 7047 7048 7050 7049
f 7049 7050 7052 7051
f 7051 7052 7054 7053
f 7053 7054 7056 7055
f 7055 7056 7058 7057
f 7057 7058 7060 7059
f 7059 7060 7062 7061
f 7061 7062 7064 7063
f 7063 7064 7066 7065
f 7065 7066 7068 7067
f 7067 7068 7038 7037
f 7037 7039 7069
f 7070 7040 7038
f 7039 7041 7069
f 7070 7042 7040
f 7041 7043 7069
f 7070 7044 7042
f 7043 7045 7069
f 7070 7046 7044
f 7045 7047 7069
f 7070 7048 7046
f 7047 7049 7069
f 7070 7050 7048
f 7049 7051 7069
f 7070 7052 7050
f 7051 7053 7069
f 7070 7054 7052
f 7053 7055 7069
f 7070 7056 7054
f 7055 7057 7069
f 7070 7058 7056
f 7057 7059 7069
f 7070 7060 7058
f 7059 7061 7069
f 7070 7062 7060
f 7061 7063 7069
f 7070 7064 7062
f 7063 7065 7069
f 7070 7066 7064
f 7065 7067 7069
f 7070 7068 7066
f 7067 7037 7069
f 7070 7038 7068
o cylinder_column_1
v 2900.000 -2848.750 3350.000
v 3000.000 -2848.750 3350.000
v 2900.000 -2839.183 3348.097
v 3000.000 -2839.183 3348.097
v 2900.000 -2831.072 3342.678
v 3000.000 -2831.072 3342.678
v 2900.000 -2825.653 3334.567
v 3000.000 -2825.653 3334.567
v 2900.000 -2823.750 3325.000
v 3000.000 -2823.750 3325.000
v 2900.000 -2825.653 3315.433
v 3000.000 -2825.653 3315.433
v 2900.000 -2831.072 3307.322
v 3000.000 -2831.072 3307.322
v 2900.000 -2839.183 3301.903
v 3000.000 -2839.183 3301.903
v 2900.000 -2848.750 3300.000
v 3000.000 -2848.750 3300.000
v 2900.000 -2858.317 3301.903
v 3000.000 -2858.317 3301.903
v 2900.000 -2866.428 3307.322
v 3000.000 -2866.428 3307.322
v 2900.000 -2871.847 3315.433
v 3000.000 -2871.847 3315.433
v 2900.000 -2873.750 3325.000
v 3000.000 -2873.750 3325.000
v 2900.000 -2871.847 3334.567
v 3000.000 -2871.847 3334.567
v 2900.000 -2866.428 3342.678
v 3000.000 -2866.428 3342.678
v 2900.000 -2858.317 3348.097
v 3000.000 -2858.317 3348.097
v 2900.000 -2848.750 3325.000
v 3000.000 -2848.750 3325.000
f 7071 7072 7074 7073
f 7073 7074 7076 7075
f 7075 7076 7078 7077
f 7077 7078 7080 7079
f 7079 7080 7082 7081
f 7081 7082 7084 7083
f 7083 7084 7086 7085
f 7085 7086 7088 7087
f 7087 7088 7090 7089
f 7089 7090 7092 7091
f 7091 7092 7094 7093
f 7093 7094 7096 7095
f 7095 7096 7098 7097
f 7097 7098 7100 7099
f 7099 7100 7102 7101
f 7101 7102 7072 7071
f 7071 7073 7103
f 7104 7074 7072
f 7073 7075 7103
f 7104 7076 7074
f 7075 7077 7103
f 7104 7078 7076
f 7077 7079 7103
f 7104 7080 7078
f 7079 7081 7103
f 7104 7082 7080
f 7081 7083 7103
f 7104 7084 7082
f 7083 7085 7103
f 7104 7086 7084
f 7085 7087 7103
f 7104 7088 7086
f 7087 7089 7103
f 7104 7090 7088
f 7089 7091 7103
f 7104 7092 7090
f 7091 7093 7103
f 7104 7094 7092
f 7093 7095 7103
f 7104 7096 7094
f 7095 7097 7103
f 7104 7098 7096
f 7097 7099 7103
f 7104 7100 7098
f 7099 7101 7103
f 7104 7102 7100
f 7101 7071 7103
f 7104 7072 7102
o cylinder_rib_0
v 2900.000 -2666.250 3450.000
v 3000.000 -2666.250 3450.000
v 2900.000 -2656.683 3448.097
v 3000.000 -2656.683 3448.097
v 2900.000 -2648.572 3442.678
v 3000.000 -2648.572 3442.678
v 2900.000 -2643.153 3434.567
v 3000.000 -2643.153 3434.567
v 2900.000 -2641.250 3425.000
v 3000.000 -2641.250 3425.000
v 2900.000 -2643.153 3415.433
v 3000.000 -2643.153 3415.433
v 2900.000 -2648.572 3407.322
v 3000.000 -2648.572 3407.322
v 2900.000 -2656.683 3401.903
v 3000.000 -2656.683 3401.903
v 2900.000 -2666.250 3400.000
v 3000.000 -2666.250 3400.000
v 2900.000 -2675.817 3401.903
v 3000.000 -2675.817 3401.903
v 2900.000 -2683.928 3407.322
v 3000.000 -2683.928 3407.322
v 2900.000 -2689.347 3415.433
v 3000.000 -2689.347 3415.433
v 2900.000 -2691.250 3425.000
v 3000.000 -2691.250 3425.000
v 2900.000 -2689.347 3434.567
v 3000.000 -2689.347 3434.567
v 2900.000 -2683.928 3442.678
v 3000.000 -2683.928 3442.678
v 2900.000 -2675.817 3448.097
v 3000.000 -2675.817 3448.097
v 2900.000 -2666.250 3425.000
v 3000.000 -2666.250 3425.000
f 7105 7106 7108 7107
f 7107 7108 7110 7109
f 7109 7110 7112 7111
f 7111 7112 7114 7113
f 7113 7114 7116 7115
f 7115 7116 7118 7117
f 7117 7118 7120 7119
f 7119 7120 7122 7121
f 7121 7122 7124 7123
f 7123 7124 7126 7125
f 7125 7126 7128 7127
f 7127 7128 7130 7129
f 7129 7130 7132 7131
f 7131 7132 7134 7133
f 7133 7134 7136 7135
f 7135 7136 7106 7105
f 7105 7107 7137
f 7138 7108 7106
f 7107 7109 7137
f 7138 7110 7108
f 7109 7111 7137
f 7138 7112 7110
f 7111 7113 7137
f 7138 7114 7112
f 7113 7115 7137
f 7138 7116 7114
f 7115 7117 7137
f 7138 7118 7116
f 7117 7119 7137
f 7138 7120 7118
f 7119 7121 7137
f 7138 7122 7120
f 7121 7123 7137
f 7138 7124 7122
f 7123 7125 7137
f 7138 7126 7124
f 7125 7127 7137
f 7138 7128 7126
f 7127 7129 7137
f 7138 7130 7128
f 7129 7131 7137
f 7138 7132 7130
f 7131 7133 7137
f 7138 7134 7132
f 7133 7135 7137
f 7138 7136 7134
f 7135 7105 7137
f 7138 7106 7136
o cylinder_rib_1
v 2900.000 -2666.250 3350.000
v 3000.000 -2666.250 3350.000
v 2900.000 -2656.683 3348.097
v 3000.000 -2656.683 3348.097
v 2900.000 -2648.572 3342.678
v 3000.000 -2648.572 3342.678
v 2900.000 -2643.153 3334.567
v 3000.000 -2643.153 3334.567
v 2900.000 -2641.250 3325.000
v 3000.000 -2641.250 3325.000
v 2900.000 -2643.153 3315.433
v 3000.000 -2643.153 3315.433
v 2900.000 -2648.572 3307.322
v 3000.000 -2648.572 3307.322
v 2900.000 -2656.683 3301.903
v 3000.000 -2656.683 3301.903
v 2900.000 -2666.250 3300.000
v 3000.000 -2666.250 3300.000
v 2900.000 -2675.817 3301.903
v 3000.000 -2675.817 3301.903
v 2900.000 -2683.928 3307.322
v 3000.000 -2683.928 3307.322
v 2900.000 -2689.347 3315.433
v 3000.000 -2689.347 3315.433
v 2900.000 -2691.250 3325.000
v 3000.000 -2691.250 3325.000
v 2900.000 -2689.347 3334.567
v 3000.000 -2689.347 3334.567
v 2900.000 -2683.928 3342.678
v 3000.000 -2683.928 3342.678
v 2900.000 -2675.817 3348.097
v 3000.000 -2675.817 3348.097
v 2900.000 -2666.250 3325.000
v 3000.000 -2666.250 3325.000
f 7139 7140 7142 7141
f 7141 7142 7144 7143
f 7143 7144 7146 7145
f 7145 7146 7148 7147
f 7147 7148 7150 7149
f 7149 7150 7152 7151
f 7151 7152 7154 7153
f 7153 7154 7156 7155
f 7155 7156 7158 7157
f 7157 7158 7160 7159
f 7159 7160 7162 7161
f 7161 7162 7164 7163
f 7163 7164 7166 7165
f 7165 7166 7168 7167
f 7167 7168 7170 7169
f 7169 7170 7140 7139
f 7139 7141 7171
f 7172 7142 7140
f 7141 7143 7171
f 7172 7144 7142
f 7143 7145 7171
f 7172 7146 7144
f 7145 7147 7171
f 7172 7148 7146
f 7147 7149 7171
f 7172 7150 7148
f 7149 7151 7171
f 7172 7152 7150
f 7151 7153 7171
f 7172 7154 7152
f 7153 7155 7171
f 7172 7156 7154
f 7155 7157 7171
f 7172 7158 7156
f 7157 7159 7171
f 7172 7160 7158
f 7159 7161 7171
f 7172 7162 7160
f 7161 7163 7171
f 7172 7164 7162
f 7163 7165 7171
f 7172 7166 7164
f 7165 7167 7171
f 7172 7168 7166
f 7167 7169 7171
f 7172 7170 7168
f 7169 7139 7171
f 7172 7140 7170
o connector_3
v 3000.000 -2935.000 3250.000
v 2866.428 -2935.000 3307.322
v 2858.317 -2935.000 3301.903
v 2848.750 -2935.000 3300.000
v 2839.183 -2935.000 3301.903
v 2831.072 -2935.000 3307.322
v 2871.847 -2935.000 3315.433
v 2873.750 -2935.000 3325.000
v 2871.847 -2935.000 3334.567
v 2866.428 -2935.000 3342.678
v 2825.653 -2935.000 3315.433
v 2823.750 -2935.000 3325.000
v 2825.653 -2935.000 3334.567
v 2831.072 -2935.000 3342.678
v 2858.317 -2935.000 3348.097
v 2848.750 -2935.000 3350.000
v 2839.183 -2935.000 3348.097
v 3000.000 -2935.000 3500.000
v 2858.317 -2935.000 3401.903
v 2848.750 -2935.000 3400.000
v 2839.183 -2935.000 3401.903
v 2866.428 -2935.000 3407.322
v 2871.847 -2935.000 3415.433
v 2873.750 -2935.000 3425.000
v 2871.847 -2935.000 3434.567
v 2831.072 -2935.000 3407.322
v 2825.653 -2935.000 3415.433
v 2823.750 -2935.000 3425.000
v 2825.653 -2935.000 3434.567
v 2866.428 -2935.000 3442.678
v 2858.317 -2935.000 3448.097
v 2848.750 -2935.000 3450.000
v 2839.183 -2935.000 3448.097
v 2831.072 -2935.000 3442.678
v 3000.000 -2965.000 3250.000
v 2866.428 -2965.000 3307.322
v 2858.317 -2965.000 3301.903
v 2848.750 -2965.000 3300.000
v 2839.183 -2965.000 3301.903
v 2831.072 -2965.000 3307.322
v 2871.847 -2965.000 3315.433
v 2873.750 -2965.000 3325.000
v 2871.847 -2965.000 3334.567
v 2866.428 -2965.000 3342.678
v 2825.653 -2965.000 3315.433
v 2823.750 -2965.000 3325.000
v 2825.653 -2965.000 3334.567
v 2831.072 -2965.000 3342.678
v 2858.317 -2965.000 3348.097
v 2848.750 -2965.000 3350.000
v 2839.183 -2965.000 3348.097
v 3000.000 -2965.000 3500.000
v 2858.317 -2965.000 3401.903
v 2848.750 -2965.000 3400.000
v 2839.183 -2965.000 3401.903
v 2866.428 -2965.000 3407.322
v 2871.847 -2965.000 3415.433
v 2873.750 -2965.000 3425.000
v 2871.847 -2965.000 3434.567
v 2831.072 -2965.000 3407.322
v 2825.653 -2965.000 3415.433
v 2823.750 -2965.000 3425.000
v 2825.653 -2965.000 3434.567
v 2866.428 -2965.000 3442.678
v 2858.317 -2965.000 3448.097
v 2848.750 -2965.000 3450.000
v 2839.183 -2965.000 3448.097
v 2831.072 -2965.000 3442.678
v 2683.928 -2935.000 3307.322
v 2675.817 -2935.000 3301.903
v 2666.250 -2935.000 3300.000
v 2656.683 -2935.000 3301.903
v 2648.572 -2935.000 3307.322
v 2689.347 -2935.000 3315.433
v 2691.250 -2935.000 3325.000
v 2689.347 -2935.000 3334.567
v 2683.928 -2935.000 3342.678
v 2643.153 -2935.000 3315.433
v 2641.250 -2935.000 3325.000
v 2643.153 -2935.000 3334.567
v 2648.572 -2935.000 3342.678
v 2675.817 -2935.000 3348.097
v 2666.250 -2935.000 3350.000
v 2656.683 -2935.000 3348.097
v 2515.000 -2935.000 3250.000
v 2675.817 -2935.000 3401.903
v 2666.250 -2935.000 3400.000
v 2656.683 -2935.000 3401.903
v 2683.928 -2935.000 3407.322
v 2689.347 -2935.000 3415.433
v 2691.250 -2935.000 3425.000
v 2689.347 -2935.000 3434.567
v 2648.572 -2935.000 3407.322
v 2643.153 -2935.000 3415.433
v 2641.250 -2935.000 3425.000
v 2643.153 -2935.000 3434.567
v 2683.928 -2935.000 3442.678
v 2675.817 -2935.000 3448.097
v 2666.250 -2935.000 3450.000
v 2656.683 -2935.000 3448.097
v 2648.572 -2935.000 3442.678
v 2515.000 -2935.000 3500.000
v 2683.928 -2965.000 3307.322
v 2675.817 -2965.000 3301.903
v 2666.250 -2965.000 3300.000
v 2656.683 -2965.000 3301.903
v 2648.572 -2965.000 3307.322
v 2689.347 -2965.000 3315.433
v 2691.250 -2965.000 3325.000
v 2689.347 -2965.000 3334.567
v 2683.928 -2965.000 3342.678
v 2643.153 -2965.000 3315.433
v 2641.250 -2965.000 3325.000
v 2643.153 -2965.000 3334.567
v 2648.572 -2965.000 3342.678
v 2675.817 -2965.000 3348.097
v 2666.250 -2965.000 3350.000
v 2656.683 -2965.000 3348.097
v 2515.000 -2965.000 3250.000
v 2675.817 -2965.000 3401.903
v 2666.250 -2965.000 3400.000
v 2656.683 -2965.000 3401.903
v 2683.928 -2965.000 3407.322
v 2689.347 -2965.000 3415.433
v 2691.250 -2965.000 3425.000
v 2689.347 -2965.000 3434.567
v 2648.572 -2965.000 3407.322
v 2643.153 -2965.000 3415.433
v 2641.250 -2965.000 3425.000
v 2643.153 -2965.000 3434.567
v 2683.928 -2965.000 3442.678
v 2675.817 -2965.000 3448.097
v 2666.250 -2965.000 3450.000
v 2656.683 -2965.000 3448.097
v 2648.572 -2965.000 3442.678
v 2515.000 -2965.000 3500.000
f 7173 7174 7179
f 7173 7179 7180
f 7173 7176 7175
f 7173 7175 7174
f 7173 7180 7190
f 7173 7190 7207
f 7173 7243 7176
f 7176 7242 7177
f 7177 7241 7178
f 7187 7194 7182
f 7188 7191 7187
f 7189 7192 7188
f 7178 7246 7183
f 7183 7258 7184
f 7184 7261 7185
f 7185 7262 7186
f 7186 7263 7189
f 7190 7180 7181
f 7190 7181 7182
f 7190 7182 7194
f 7190 7194 7195
f 7190 7195 7196
f 7190 7196 7197
f 7190 7197 7202
f 7190 7202 7203
f 7190 7203 7204
f 7187 7191 7194
f 7188 7192 7191
f 7189 7193 7192
f 7189 7263 7193
f 7193 7263 7198
f 7198 7263 7199
f 7199 7263 7200
f 7200 7264 7201
f 7190 7204 7271
f 7201 7269 7206
f 7206 7270 7205
f 7205 7271 7204
f 7207 7213 7208
f 7207 7214 7213
f 7207 7215 7214
f 7207 7216 7215
f 7207 7209 7210
f 7207 7208 7209
f 7207 7228 7216
f 7207 7229 7228
f 7207 7230 7229
f 7173 7207 7291
f 7207 7210 7277
f 7211 7277 7210
f 7212 7276 7211
f 7217 7275 7212
f 7216 7225 7221
f 7221 7226 7222
f 7222 7227 7223
f 7218 7280 7217
f 7220 7281 7219
f 7219 7281 7218
f 7223 7281 7220
f 7223 7227 7281
f 7190 7224 7207
f 7207 7224 7230
f 7224 7231 7230
f 7224 7236 7231
f 7224 7237 7236
f 7224 7238 7237
f 7190 7308 7224
f 7216 7228 7225
f 7221 7225 7226
f 7222 7226 7227
f 7232 7281 7227
f 7233 7282 7232
f 7234 7283 7233
f 7235 7288 7234
f 7240 7298 7235
f 7224 7305 7238
f 7238 7304 7239
f 7239 7303 7240
f 7173 7257 7243
f 7176 7243 7242
f 7177 7242 7241
f 7178 7241 7246
f 7183 7246 7247
f 7183 7247 7248
f 7183 7248 7249
f 7183 7249 7254
f 7183 7254 7258
f 7255 7258 7254
f 7251 7266 7252
f 7256 7259 7255
f 7253 7260 7256
f 7252 7265 7253
f 7173 7291 7257
f 7257 7244 7243
f 7257 7245 7244
f 7257 7250 7245
f 7257 7251 7250
f 7257 7274 7251
f 7184 7258 7261
f 7262 7185 7261
f 7186 7262 7263
f 7200 7263 7264
f 7201 7264 7269
f 7255 7259 7258
f 7256 7260 7259
f 7253 7265 7260
f 7252 7266 7265
f 7251 7267 7266
f 7206 7269 7270
f 7205 7270 7271
f 7190 7271 7274
f 7190 7274 7308
f 7274 7267 7251
f 7274 7272 7273
f 7274 7271 7272
f 7274 7268 7267
f 7274 7273 7268
f 7257 7308 7274
f 7207 7277 7291
f 7212 7275 7276
f 7211 7276 7277
f 7217 7280 7275
f 7218 7281 7280
f 7232 7282 7281
f 7282 7233 7283
f 7234 7288 7283
f 7288 7293 7289
f 7289 7294 7290
f 7290 7299 7287
f 7287 7300 7286
f 7286 7301 7285
f 7257 7291 7308
f 7291 7277 7278
f 7291 7278 7279
f 7291 7279 7284
f 7291 7284 7285
f 7291 7285 7301
f 7235 7292 7288
f 7235 7295 7292
f 7235 7296 7295
f 7235 7297 7296
f 7235 7298 7297
f 7288 7292 7293
f 7289 7293 7294
f 7290 7294 7299
f 7287 7299 7300
f 7286 7300 7301
f 7240 7303 7298
f 7239 7304 7303
f 7238 7305 7304
f 7224 7308 7305
f 7291 7301 7308
f 7308 7307 7306
f 7308 7306 7305
f 7308 7301 7302
f 7308 7302 7307
f 7208 7179 7174
f 7209 7174 7175
f 7210 7175 7176
f 7211 7176 7177
f 7212 7177 7178
f 7180 7179 7213
f 7181 7180 7214
f 7182 7181 7215
f 7217 7178 7183
f 7218 7183 7184
f 7219 7184 7185
f 7185 7186 7220
f 7187 7182 7216
f 7188 7187 7221
f 7189 7188 7222
f 7186 7189 7223
f 7194 7191 7225
f 7191 7192 7226
f 7192 7193 7227
f 7193 7198 7232
f 7195 7194 7228
f 7196 7195 7229
f 7197 7196 7230
f 7202 7197 7231
f 7198 7199 7233
f 7199 7200 7234
f 7200 7201 7235
f 7203 7202 7236
f 7204 7203 7237
f 7205 7204 7238
f 7206 7205 7239
f 7201 7206 7240
f 7209 7208 7174
f 7210 7209 7175
f 7211 7210 7176
f 7212 7211 7177
f 7217 7212 7178
f 7208 7213 7179
f 7180 7213 7214
f 7181 7214 7215
f 7182 7215 7216
f 7218 7217 7183
f 7219 7218 7184
f 7220 7219 7185
f 7187 7216 7221
f 7188 7221 7222
f 7189 7222 7223
f 7186 7223 7220
f 7194 7225 7228
f 7191 7226 7225
f 7192 7227 7226
f 7193 7232 7227
f 7195 7228 7229
f 7196 7229 7230
f 7230 7231 7197
f 7233 7232 7198
f 7199 7234 7233
f 7200 7235 7234
f 7201 7240 7235
f 7202 7231 7236
f 7203 7236 7237
f 7204 7237 7238
f 7206 7239 7240
f 7205 7238 7239
f 7275 7246 7241
f 7276 7241 7242
f 7277 7242 7243
f 7278 7243 7244
f 7279 7244 7245
f 7280 7247 7246
f 7281 7248 7247
f 7282 7249 7248
f 7284 7245 7250
f 7250 7251 7285
f 7251 7252 7286
f 7252 7253 7287
f 7254 7249 7283
f 7255 7254 7288
f 7256 7255 7289
f 7253 7256 7290
f 7261 7258 7292
f 7258 7259 7293
f 7259 7260 7294
f 7260 7265 7299
f 7262 7261 7295
f 7263 7262 7296
f 7264 7263 7297
f 7269 7264 7298
f 7265 7266 7300
f 7266 7267 7301
f 7267 7268 7302
f 7270 7269 7303
f 7271 7270 7304
f 7272 7271 7305
f 7273 7272 7306
f 7268 7273 7307
f 7277 7276 7242
f 7276 7275 7241
f 7278 7277 7243
f 7279 7278 7244
f 7284 7279 7245
f 7275 7280 7246
f 7280 7281 7247
f 7281 7282 7248
f 7282 7283 7249
f 7285 7284 7250
f 7251 7286 7285
f 7252 7287 7286
f 7254 7283 7288
f 7255 7288 7289
f 7256 7289 7290
f 7253 7290 7287
f 7261 7292 7295
f 7258 7293 7292
f 7259 7294 7293
f 7260 7299 7294
f 7262 7295 7296
f 7263 7296 7297
f 7264 7297 7298
f 7265 7300 7299
f 7266 7301 7300
f 7267 7302 7301
f 7268 7307 7302
f 7269 7298 7303
f 7270 7303 7304
f 7271 7304 7305
f 7272 7305 7306
f 7273 7306 7307
o cylinder_column_0
v 2848.750 -3000.000 3450.000
v 2848.750 -2900.000 3450.000
v 2839.183 -3000.000 3448.097
v 2839.183 -2900.000 3448.097
v 2831.072 -3000.000 3442.678
v 2831.072 -2900.000 3442.678
v 2825.653 -3000.000 3434.567
v 2825.653 -2900.000 3434.567
v 2823.750 -3000.000 3425.000
v 2823.750 -2900.000 3425.000
v 2825.653 -3000.000 3415.433
v 2825.653 -2900.000 3415.433
v 2831.072 -3000.000 3407.322
v 2831.072 -2900.000 3407.322
v 2839.183 -3000.000 3401.903
v 2839.183 -2900.000 3401.903
v 2848.750 -3000.000 3400.000
v 2848.750 -2900.000 3400.000
v 2858.317 -3000.000 3401.903
v 2858.317 -2900.000 3401.903
v 2866.428 -3000.000 3407.322
v 2866.428 -2900.000 3407.322
v 2871.847 -3000.000 3415.433
v 2871.847 -2900.000 3415.433
v 2873.750 -3000.000 3425.000
v 2873.750 -2900.000 3425.000
v 2871.847 -3000.000 3434.567
v 2871.847 -2900.000 3434.567
v 2866.428 -3000.000 3442.678
v 2866.428 -2900.000 3442.678
v 2858.317 -3000.000 3448.097
v 2858.317 -2900.000 3448.097
v 2848.750 -3000.000 3425.000
v 2848.750 -2900.000 3425.000
f 7309 7310 7312 7311
f 7311 7312 7314 7313
f 7313 7314 7316 7315
f 7315 7316 7318 7317
f 7317 7318 7320 7319
f 7319 7320 7322 7321
f 7321 7322 7324 7323
f 7323 7324 7326 7325
f 7325 7326 7328 7327
f 7327 7328 7330 7329
f 7329 7330 7332 7331
f 7331 7332 7334 7333
f 7333 7334 7336 7335
f 7335 7336 7338 7337
f 7337 7338 7340 7339
f 7339 7340 7310 7309
f 7309 7311 7341
f 7342 7312 7310
f 7311 7313 7341
f 7342 7314 7312
f 7313 7315 7341
f 7342 7316 7314
f 7315 7317 7341
f 7342 7318 7316
f 7317 7319 7341
f 7342 7320 7318
f 7319 7321 7341
f 7342 7322 7320
f 7321 7323 7341
f 7342 7324 7322
f 7323 7325 7341
f 7342 7326 7324
f 7325 7327 7341
f 7342 7328 7326
f 7327 7329 7341
f 7342 7330 7328
f 7329 7331 7341
f 7342 7332 7330
f 7331 7333 7341
f 7342 7334 7332
f 7333 7335 7341
f 7342 7336 7334
f 7335 7337 7341
f 7342 7338 7336
f 7337 7339 7341
f 7342 7340 7338
f 7339 7309 7341
f 7342 7310 7340
o cylinder_column_1
v 2848.750 -3000.000 3350.000
v 2848.750 -2900.000 3350.000
v 2839.183 -3000.000 3348.097
v 2839.183 -2900.000 3348.097
v 2831.072 -3000.000 3342.678
v 2831.072 -2900.000 3342.678
v 2825.653 -3000.000 3334.567
v 2825.653 -2900.000 3334.567
v 2823.750 -3000.000 3325.000
v 2823.750 -2900.000 3325.000
v 2825.653 -3000.000 3315.433
v 2825.653 -2900.000 3315.433
v 2831.072 -3000.000 3307.322
v 2831.072 -2900.000 3307.322
v 2839.183 -3000.000 3301.903
v 2839.183 -2900.000 3301.903
v 2848.750 -3000.000 3300.000
v 2848.750 -2900.000 3300.000
v 2858.317 -3000.000 3301.903
v 2858.317 -2900.000 3301.903
v 2866.428 -3000.000 3307.322
v 2866.428 -2900.000 3307.322
v 2871.847 -3000.000 3315.433
v 2871.847 -2900.000 3315.433
v 2873.750 -3000.000 3325.000
v 2873.750 -2900.000 3325.000
v 2871.847 -3000.000 3334.567
v 2871.847 -2900.000 3334.567
v 2866.428 -3000.000 3342.678
v 2866.428 -2900.000 3342.678
v 2858.317 -3000.000 3348.097
v 2858.317 -2900.000 3348.097
v 2848.750 -3000.000 3325.000
v 2848.750 -2900.000 3325.000
f 7343 7344 7346 7345
f 7345 7346 7348 7347
f 7347 7348 7350 7349
f 7349 7350 7352 7351
f 7351 7352 7354 7353
f 7353 7354 7356 7355
f 7355 7356 7358 7357
f 7357 7358 7360 7359
f 7359 7360 7362 7361
f 7361 7362 7364 7363
f 7363 7364 7366 7365
f 7365 7366 7368 7367
f 7367 7368 7370 7369
f 7369 7370 7372 7371
f 7371 7372 7374 7373
f 7373 7374 7344 7343
f 7343 7345 7375
f 7376 7346 7344
f 7345 7347 7375
f 7376 7348 7346
f 7347 7349 7375
f 7376 7350 7348
f 7349 7351 7375
f 7376 7352 7350
f 7351 7353 7375
f 7376 7354 7352
f 7353 7355 7375
f 7376 7356 7354
f 7355 7357 7375
f 7376 7358 7356
f 7357 7359 7375
f 7376 7360 7358
f 7359 7361 7375
f 7376 7362 7360
f 7361 7363 7375
f 7376 7364 7362
f 7363 7365 7375
f 7376 7366 7364
f 7365 7367 7375
f 7376 7368 7366
f 7367 7369 7375
f 7376 7370 7368
f 7369 7371 7375
f 7376 7372 7370
f 7371 7373 7375
f 7376 7374 7372
f 7373 7343 7375
f 7376 7344 7374
o cylinder_rib_0
v 2666.250 -3000.000 3450.000
v 2666.250 -2900.000 3450.000
v 2656.683 -3000.000 3448.097
v 2656.683 -2900.000 3448.097
v 2648.572 -3000.000 3442.678
v 2648.572 -2900.000 3442.678
v 2643.153 -3000.000 3434.567
v 2643.153 -2900.000 3434.567
v 2641.250 -3000.000 3425.000
v 2641.250 -2900.000 3425.000
v 2643.153 -3000.000 3415.433
v 2643.153 -2900.000 3415.433
v 2648.572 -3000.000 3407.322
v 2648.572 -2900.000 3407.322
v 2656.683 -3000.000 3401.903
v 2656.683 -2900.000 3401.903
v 2666.250 -3000.000 3400.000
v 2666.250 -2900.000 3400.000
v 2675.817 -3000.000 3401.903
v 2675.817 -2900.000 3401.903
v 2683.928 -3000.000 3407.322
v 2683.928 -2900.000 3407.322
v 2689.347 -3000.000 3415.433
v 2689.347 -2900.000 3415.433
v 2691.250 -3000.000 3425.000
v 2691.250 -2900.000 3425.000
v 2689.347 -3000.000 3434.567
v 2689.347 -2900.000 3434.567
v 2683.928 -3000.000 3442.678
v 2683.928 -2900.000 3442.678
v 2675.817 -3000.000 3448.097
v 2675.817 -2900.000 3448.097
v 2666.250 -3000.000 3425.000
v 2666.250 -2900.000 3425.000
f 7377 7378 7380 7379
f 7379 7380 7382 7381
f 7381 7382 7384 7383
f 7383 7384 7386 7385
f 7385 7386 7388 7387
f 7387 7388 7390 7389
f 7389 7390 7392 7391
f 7391 7392 7394 7393
f 7393 7394 7396 7395
f 7395 7396 7398 7397
f 7397 7398 7400 7399
f 7399 7400 7402 7401
f 7401 7402 7404 7403
f 7403 7404 7406 7405
f 7405 7406 7408 7407
f 7407 7408 7378 7377
f 7377 7379 7409
f 7410 7380 7378
f 7379 7381 7409
f 7410 7382 7380
f 7381 7383 7409
f 7410 7384 7382
f 7383 7385 7409
f 7410 7386 7384
f 7385 7387 7409
f 7410 7388 7386
f 7387 7389 7409
f 7410 7390 7388
f 7389 7391 7409
f 7410 7392 7390
f 7391 7393 7409
f 7410 7394 7392
f 7393 7395 7409
f 7410 7396 7394
f 7395 7397 7409
f 7410 7398 7396
f 7397 7399 7409
f 7410 7400 7398
f 7399 7401 7409
f 7410 7402 7400
f 7401 7403 7409
f 7410 7404 7402
f 7403 7405 7409
f 7410 7406 7404
f 7405 7407 7409
f 7410 7408 7406
f 7407 7377 7409
f 7410 7378 7408
o cylinder_rib_1
v 2666.250 -3000.000 3350.000
v 2666.250 -2900.000 3350.000
v 2656.683 -3000.000 3348.097
v 2656.683 -2900.000 3348.097
v 2648.572 -3000.000 3342.678
v 2648.572 -2900.000 3342.678
v 2643.153 -3000.000 3334.567
v 2643.153 -2900.000 3334.567
v 2641.250 -3000.000 3325.000
v 2641.250 -2900.000 3325.000
v 2643.153 -3000.000 3315.433
v 2643.153 -2900.000 3315.433
v 2648.572 -3000.000 3307.322
v 2648.572 -2900.000 3307.322
v 2656.683 -3000.000 3301.903
v 2656.683 -2900.000 3301.903
v 2666.250 -3000.000 3300.000
v 2666.250 -2900.000 3300.000
v 2675.817 -3000.000 3301.903
v 2675.817 -2900.000 3301.903
v 2683.928 -3000.000 3307.322
v 2683.928 -2900.000 3307.322
v 2689.347 -3000.000 3315.433
v 2689.347 -2900.000 3315.433
v 2691.250 -3000.000 3325.000
v 2691.250 -2900.000 3325.000
v 2689.347 -3000.000 3334.567
v 2689.347 -2900.000 3334.567
v 2683.928 -3000.000 3342.678
v 2683.928 -2900.000 3342.678
v 2675.817 -3000.000 3348.097
v 2675.817 -2900.000 3348.097
v 2666.250 -3000.000 3325.000
v 2666.250 -2900.000 3325.000
f 7411 7412 7414 7413
f 7413 7414 7416 7415
f 7415 7416 7418 7417
f 7417 7418 7420 7419
f 7419 7420 7422 7421
f 7421 7422 7424 7423
f 7423 7424 7426 7425
f 7425 7426 7428 7427
f 7427 7428 7430 7429
f 7429 7430 7432 7431
f 7431 7432 7434 7433
f 7433 7434 7436 7435
f 7435 7436 7438 7437
f 7437 7438 7440 7439
f 7439 7440 7442 7441
f 7441 7442 7412 7411
f 7411 7413 7443
f 7444 7414 7412
f 7413 7415 7443
f 7444 7416 7414
f 7415 7417 7443
f 7444 7418 7416
f 7417 7419 7443
f 7444 7420 7418
f 7419 7421 7443
f 7444 7422 7420
f 7421 7423 7443
f 7444 7424 7422
f 7423 7425 7443
f 7444 7426 7424
f 7425 7427 7443
f 7444 7428 7426
f 7427 7429 7443
f 7444 7430 7428
f 7429 7431 7443
f 7444 7432 7430
f 7431 7433 7443
f 7444 7434 7432
f 7433 7435 7443
f 7444 7436 7434
f 7435 7437 7443
f 7444 7438 7436
f 7437 7439 7443
f 7444 7440 7438
f 7439 7441 7443
f 7444 7442 7440
f 7441 7411 7443
f 7444 7412 7442
o connector_4
v 3000.000 2965.000 3250.000
v 2866.428 2965.000 3307.322
v 2858.317 2965.000 3301.903
v 2848.750 2965.000 3300.000
v 2839.183 2965.000 3301.903
v 2831.072 2965.000 3307.322
v 2871.847 2965.000 3315.433
v 2873.750 2965.000 3325.000
v 2871.847 2965.000 3334.567
v 2866.428 2965.000 3342.678
v 2825.653 2965.000 3315.433
v 2823.750 2965.000 3325.000
v 2825.653 2965.000 3334.567
v 2831.072 2965.000 3342.678
v 2858.317 2965.000 3348.097
v 2848.750 2965.000 3350.000
v 2839.183 2965.000 3348.097
v 3000.000 2965.000 3500.000
v 2858.317 2965.000 3401.903
v 2848.750 2965.000 3400.000
v 2839.183 2965.000 3401.903
v 2866.428 2965.000 3407.322
v 2871.847 2965.000 3415.433
v 2873.750 2965.000 3425.000
v 2871.847 2965.000 3434.567
v 2831.072 2965.000 3407.322
v 2825.653 2965.000 3415.433
v 2823.750 2965.000 3425.000
v 2825.653 2965.000 3434.567
v 2866.428 2965.000 3442.678
v 2858.317 2965.000 3448.097
v 2848.750 2965.000 3450.000
v 2839.183 2965.000 3448.097
v 2831.072 2965.000 3442.678
v 3000.000 2935.000 3250.000
v 2866.428 2935.000 3307.322
v 2858.317 2935.000 3301.903
v 2848.750 2935.000 3300.000
v 2839.183 2935.000 3301.903
v 2831.072 2935.000 3307.322
v 2871.847 2935.000 3315.433
v 2873.750 2935.000 3325.000
v 2871.847 2935.000 3334.567
v 2866.428 2935.000 3342.678
v 2825.653 2935.000 3315.433
v 2823.750 2935.000 3325.000
v 2825.653 2935.000 3334.567
v 2831.072 2935.000 3342.678
v 2858.317 2935.000 3348.097
v 2848.750 2935.000 3350.000
v 2839.183 2935.000 3348.097
v 3000.000 2935.000 3500.000
v 2858.317 2935.000 3401.903
v 2848.750 2935.000 3400.000
v 2839.183 2935.000 3401.903
v 2866.428 2935.000 3407.322
v 2871.847 2935.000 3415.433
v 2873.750 2935.000 3425.000
v 2871.847 2935.000 3434.567
v 2831.072 2935.000 3407.322
v 2825.653 2935.000 3415.433
v 2823.750 2935.000 3425.000
v 2825.653 2935.000 3434.567
v 2866.428 2935.000 3442.678
v 2858.317 2935.000 3448.097
v 2848.750 2935.000 3450.000
v 2839.183 2935.000 3448.097
v 2831.072 2935.000 3442.678
v 2683.928 2965.000 3307.322
v 2675.817 2965.000 3301.903
v 2666.250 2965.000 3300.000
v 2656.683 2965.000 3301.903
v 2648.572 2965.000 3307.322
v 2689.347 2965.000 3315.433
v 2691.250 2965.000 3325.000
v 2689.347 2965.000 3334.567
v 2683.928 2965.000 3342.678
v 2643.153 2965.000 3315.433
v 2641.250 2965.000 3325.000
v 2643.153 2965.000 3334.567
v 2648.572 2965.000 3342.678
v 2675.817 2965.000 3348.097
v 2666.250 2965.000 3350.000
v 2656.683 2965.000 3348.097
v 2515.000 2965.000 3250.000
v 2675.817 2965.000 3401.903
v 2666.250 2965.000 3400.000
v 2656.683 2965.000 3401.903
v 2683.928 2965.000 3407.322
v 2689.347 2965.000 3415.433
v 2691.250 2965.000 3425.000
v 2689.347 2965.000 3434.567
v 2648.572 2965.000 3407.322
v 2643.153 2965.000 3415.433
v 2641.250 2965.000 3425.000
v 2643.153 2965.000 3434.567
v 2683.928 2965.000 3442.678
v 2675.817 2965.000 3448.097
v 2666.250 2965.000 3450.000
v 2656.683 2965.000 3448.097
v 2648.572 2965.000 3442.678
v 2515.000 2965.000 3500.000
v 2683.928 2935.000 3307.322
v 2675.817 2935.000 3301.903
v 2666.250 2935.000 3300.000
v 2656.683 2935.000 3301.903
v 2648.572 2935.000 3307.322
v 2689.347 2935.000 3315.433
v 2691.250 2935.000 3325.000
v 2689.347 2935.000 3334.567
v 2683.928 2935.000 3342.678
v 2643.153 2935.000 3315.433
v 2641.250 2935.000 3325.000
v 2643.153 2935.000 3334.567
v 2648.572 2935.000 3342.678
v 2675.817 2935.000 3348.097
v 2666.250 2935.000 3350.000
v 2656.683 2935.000 3348.097
v 2515.000 2935.000 3250.000
v 2675.817 2935.000 3401.903
v 2666.250 2935.000 3400.000
v 2656.683 2935.000 3401.903
v 2683.928 2935.000 3407.322
v 2689.347 2935.000 3415.433
v 2691.250 2935.000 3425.000
v 2689.347 2935.000 3434.567
v 2648.572 2935.000 3407.322
v 2643.153 2935.000 3415.433
v 2641.250 2935.000 3425.000
v 2643.153 2935.000 3434.567
v 2683.928 2935.000 3442.678
v 2675.817 2935.000 3448.097
v 2666.250 2935.000 3450.000
v 2656.683 2935.000 3448.097
v 2648.572 2935.000 3442.678
v 2515.000 2935.000 3500.000
f 7445 7446 7451
f 7445 7451 7452
f 7445 7448 7447
f 7445 7447 7446
f 7445 7452 7462
f 7445 7462 7479
f 7445 7529 7448
f 7448 7514 7449
f 7449 7513 7450
f 7459 7466 7454
f 7460 7463 7459
f 7461 7464 7460
f 7450 7518 7455
f 7455 7530 7456
f 7456 7533 7457
f 7457 7534 7458
f 7458 7535 7461
f 7462 7452 7453
f 7462 7453 7454
f 7462 7454 7466
f 7462 7466 7467
f 7462 7467 7468
f 7462 7468 7469
f 7462 7469 7474
f 7462 7474 7475
f 7462 7475 7476
f 7459 7463 7466
f 7460 7464 7463
f 7461 7465 7464
f 7461 7535 7465
f 7465 7535 7470
f 7470 7535 7471
f 7471 7535 7472
f 7472 7536 7473
f 7473 7541 7478
f 7478 7542 7477
f 7477 7543 7476
f 7462 7476 7546
f 7479 7485 7480
f 7479 7486 7485
f 7479 7487 7486
f 7479 7488 7487
f 7479 7481 7482
f 7479 7480 7481
f 7479 7500 7488
f 7479 7501 7500
f 7479 7502 7501
f 7445 7479 7563
f 7479 7482 7563
f 7483 7549 7482
f 7484 7548 7483
f 7489 7547 7484
f 7488 7497 7493
f 7493 7498 7494
f 7494 7499 7495
f 7490 7552 7489
f 7492 7553 7491
f 7491 7553 7490
f 7495 7553 7492
f 7495 7499 7553
f 7462 7496 7479
f 7479 7496 7502
f 7496 7503 7502
f 7496 7508 7503
f 7496 7509 7508
f 7496 7510 7509
f 7462 7580 7496
f 7488 7500 7497
f 7493 7497 7498
f 7494 7498 7499
f 7504 7553 7499
f 7505 7554 7504
f 7506 7555 7505
f 7507 7560 7506
f 7512 7570 7507
f 7510 7576 7511
f 7511 7575 7512
f 7496 7580 7510
f 7448 7515 7514
f 7449 7514 7513
f 7450 7513 7518
f 7529 7515 7448
f 7455 7518 7519
f 7455 7519 7520
f 7455 7520 7521
f 7455 7521 7526
f 7455 7526 7530
f 7527 7530 7526
f 7523 7538 7524
f 7528 7531 7527
f 7525 7532 7528
f 7524 7537 7525
f 7445 7563 7529
f 7529 7516 7515
f 7529 7517 7516
f 7529 7522 7517
f 7529 7523 7522
f 7529 7546 7523
f 7456 7530 7533
f 7534 7457 7533
f 7458 7534 7535
f 7472 7535 7536
f 7473 7536 7541
f 7530 7527 7531
f 7528 7532 7531
f 7525 7537 7532
f 7524 7538 7537
f 7523 7539 7538
f 7478 7541 7542
f 7477 7542 7543
f 7546 7476 7543
f 7462 7546 7580
f 7546 7539 7523
f 7546 7544 7545
f 7546 7543 7544
f 7546 7540 7539
f 7546 7545 7540
f 7529 7580 7546
f 7484 7547 7548
f 7483 7548 7549
f 7563 7482 7549
f 7489 7552 7547
f 7490 7553 7552
f 7504 7554 7553
f 7554 7505 7555
f 7506 7560 7555
f 7560 7565 7561
f 7561 7566 7562
f 7562 7571 7559
f 7559 7572 7558
f 7558 7573 7557
f 7529 7563 7580
f 7563 7549 7550
f 7563 7550 7551
f 7563 7551 7556
f 7563 7556 7557
f 7563 7557 7573
f 7507 7564 7560
f 7507 7567 7564
f 7507 7568 7567
f 7507 7569 7568
f 7507 7570 7569
f 7560 7564 7565
f 7561 7565 7566
f 7562 7566 7571
f 7559 7571 7572
f 7558 7572 7573
f 7512 7575 7570
f 7511 7576 7575
f 7510 7577 7576
f 7580 7577 7510
f 7563 7573 7580
f 7580 7579 7578
f 7580 7578 7577
f 7580 7573 7574
f 7580 7574 7579
f 7480 7451 7446
f 7481 7446 7447
f 7482 7447 7448
f 7483 7448 7449
f 7484 7449 7450
f 7452 7451 7485
f 7453 7452 7486
f 7454 7453 7487
f 7489 7450 7455
f 7490 7455 7456
f 7491 7456 7457
f 7457 7458 7492
f 7459 7454 7488
f 7460 7459 7493
f 7461 7460 7494
f 7458 7461 7495
f 7466 7463 7497
f 7463 7464 7498
f 7464 7465 7499
f 7465 7470 7504
f 7467 7466 7500
f 7468 7467 7501
f 7469 7468 7502
f 7474 7469 7503
f 7470 7471 7505
f 7471 7472 7506
f 7472 7473 7507
f 7475 7474 7508
f 7476 7475 7509
f 7477 7476 7510
f 7478 7477 7511
f 7473 7478 7512
f 7481 7480 7446
f 7482 7481 7447
f 7483 7482 7448
f 7484 7483 7449
f 7489 7484 7450
f 7480 7485 7451
f 7452 7485 7486
f 7453 7486 7487
f 7454 7487 7488
f 7490 7489 7455
f 7491 7490 7456
f 7492 7491 7457
f 7459 7488 7493
f 7460 7493 7494
f 7461 7494 7495
f 7458 7495 7492
f 7466 7497 7500
f 7463 7498 7497
f 7464 7499 7498
f 7465 7504 7499
f 7467 7500 7501
f 7468 7501 7502
f 7502 7503 7469
f 7505 7504 7470
f 7471 7506 7505
f 7472 7507 7506
f 7473 7512 7507
f 7474 7503 7508
f 7475 7508 7509
f 7476 7509 7510
f 7478 7511 7512
f 7477 7510 7511
f 7547 7518 7513
f 7548 7513 7514
f 7549 7514 7515
f 7550 7515 7516
f 7551 7516 7517
f 7552 7519 7518
f 7553 7520 7519
f 7554 7521 7520
f 7556 7517 7522
f 7522 7523 7557
f 7523 7524 7558
f 7524 7525 7559
f 7526 7521 7555
f 7527 7526 7560
f 7528 7527 7561
f 7525 7528 7562
f 7533 7530 7564
f 7530 7531 7565
f 7531 7532 7566
f 7532 7537 7571
f 7534 7533 7567
f 7535 7534 7568
f 7536 7535 7569
f 7541 7536 7570
f 7537 7538 7572
f 7538 7539 7573
f 7539 7540 7574
f 7542 7541 7575
f 7543 7542 7576
f 7544 7543 7577
f 7545 7544 7578
f 7540 7545 7579
f 7549 7548 7514
f 7548 7547 7513
f 7550 7549 7515
f 7551 7550 7516
f 7556 7551 7517
f 7547 7552 7518
f 7552 7553 7519
f 7553 7554 7520
f 7554 7555 7521
f 7557 7556 7522
f 7523 7558 7557
f 7524 7559 7558
f 7526 7555 7560
f 7527 7560 7561
f 7528 7561 7562
f 7525 7562 7559
f 7533 7564 7567
f 7530 7565 7564
f 7531 7566 7565
f 7532 7571 7566
f 7534 7567 7568
f 7535 7568 7569
f 7536 7569 7570
f 7537 7572 7571
f 7538 7573 7572
f 7539 7574 7573
f 7540 7579 7574
f 7541 7570 7575
f 7542 7575 7576
f 7543 7576 7577
f 7544 7577 7578
f 7545 7578 7579
o cylinder_column_0
v 2848.750 2900.000 3450.000
v 2848.750 3000.000 3450.000
v 2839.183 2900.000 3448.097
v 2839.183 3000.000 3448.097
v 2831.072 2900.000 3442.678
v 2831.072 3000.000 3442.678
v 2825.653 2900.000 3434.567
v 2825.653 3000.000 3434.567
v 2823.750 2900.000 3425.000
v 2823.750 3000.000 3425.000
v 2825.653 2900.000 3415.433
v 2825.653 3000.000 3415.433
v 2831.072 2900.000 3407.322
v 2831.072 3000.000 3407.322
v 2839.183 2900.000 3401.903
v 2839.183 3000.000 3401.903
v 2848.750 2900.000 3400.000
v 2848.750 3000.000 3400.000
v 2858.317 2900.000 3401.903
v 2858.317 3000.000 3401.903
v 2866.428 2900.000 3407.322
v 2866.428 3000.000 3407.322
v 2871.847 2900.000 3415.433
v 2871.847 3000.000 3415.433
v 2873.750 2900.000 3425.000
v 2873.750 3000.000 3425.000
v 2871.847 2900.000 3434.567
v 2871.847 3000.000 3434.567
v 2866.428 2900.000 3442.678
v 2866.428 3000.000 3442.678
v 2858.317 2900.000 3448.097
v 2858.317 3000.000 3448.097
v 2848.750 2900.000 3425.000
v 2848.750 3000.000 3425.000
f 7581 7582 7584 7583
f 7583 7584 7586 7585
f 7585 7586 7588 7587
f 7587 7588 7590 7589
f 7589 7590 7592 7591
f 7591 7592 7594 7593
f 7593 7594 7596 7595
f 7595 7596 7598 7597
f 7597 7598 7600 7599
f 7599 7600 7602 7601
f 7601 7602 7604 7603
f 7603 7604 7606 7605
f 7605 7606 7608 7607
f 7607 7608 7610 7609
f 7609 7610 7612 7611
f 7611 7612 7582 7581
f 7581 7583 7613
f 7614 7584 7582
f 7583 7585 7613
f 7614 7586 7584
f 7585 7587 7613
f 7614 7588 7586
f 7587 7589 7613
f 7614 7590 7588
f 7589 7591 7613
f 7614 7592 7590
f 7591 7593 7613
f 7614 7594 7592
f 7593 7595 7613
f 7614 7596 7594
f 7595 7597 7613
f 7614 7598 7596
f 7597 7599 7613
f 7614 7600 7598
f 7599 7601 7613
f 7614 7602 7600
f 7601 7603 7613
f 7614 7604 7602
f 7603 7605 7613
f 7614 7606 7604
f 7605 7607 7613
f 7614 7608 7606
f 7607 7609 7613
f 7614 7610 7608
f 7609 7611 7613
f 7614 7612 7610
f 7611 7581 7613
f 7614 7582 7612
o cylinder_column_1
v 2848.750 2900.000 3350.000
v 2848.750 3000.000 3350.000
v 2839.183 2900.000 3348.097
v 2839.183 3000.000 3348.097
v 2831.072 2900.000 3342.678
v 2831.072 3000.000 3342.678
v 2825.653 2900.000 3334.567
v 2825.653 3000.000 3334.567
v 2823.750 2900.000 3325.000
v 2823.750 3000.000 3325.000
v 2825.653 2900.000 3315.433
v 2825.653 3000.000 3315.433
v 2831.072 2900.000 3307.322
v 2831.072 3000.000 3307.322
v 2839.183 2900.000 3301.903
v 2839.183 3000.000 3301.903
v 2848.750 2900.000 3300.000
v 2848.750 3000.000 3300.000
v 2858.317 2900.000 3301.903
v 2858.317 3000.000 3301.903
v 2866.428 2900.000 3307.322
v 2866.428 3000.000 3307.322
v 2871.847 2900.000 3315.433
v 2871.847 3000.000 3315.433
v 2873.750 2900.000 3325.000
v 2873.750 3000.000 3325.000
v 2871.847 2900.000 3334.567
v 2871.847 3000.000 3334.567
v 2866.428 2900.000 3342.678
v 2866.428 3000.000 3342.678
v 2858.317 2900.000 3348.097
v 2858.317 3000.000 3348.097
v 2848.750 2900.000 3325.000
v 2848.750 3000.000 3325.000
f 7615 7616 7618 7617
f 7617 7618 7620 7619
f 7619 7620 7622 7621
f 7621 7622 7624 7623
f 7623 7624 7626 7625
f 7625 7626 7628 7627
f 7627 7628 7630 7629
f 7629 7630 7632 7631
f 7631 7632 7634 7633
f 7633 7634 7636 7635
f 7635 7636 7638 7637
f 7637 7638 7640 7639
f 7639 7640 7642 7641
f 7641 7642 7644 7643
f 7643 7644 7646 7645
f 7645 7646 7616 7615
f 7615 7617 7647
f 7648 7618 7616
f 7617 7619 7647
f 7648 7620 7618
f 7619 7621 7647
f 7648 7622 7620
f 7621 7623 7647
f 7648 7624 7622
f 7623 7625 7647
f 7648 7626 7624
f 7625 7627 7647
f 7648 7628 7626
f 7627 7629 7647
f 7648 7630 7628
f 7629 7631 7647
f 7648 7632 7630
f 7631 7633 7647
f 7648 7634 7632
f 7633 7635 7647
f 7648 7636 7634
f 7635 7637 7647
f 7648 7638 7636
f 7637 7639 7647
f 7648 7640 7638
f 7639 7641 7647
f 7648 7642 7640
f 7641 7643 7647
f 7648 7644 7642
f 7643 7645 7647
f 7648 7646 7644
f 7645 7615 7647
f 7648 7616 7646
o cylinder_rib_0
v 2666.250 2900.000 3450.000
v 2666.250 3000.000 3450.000
v 2656.683 2900.000 3448.097
v 2656.683 3000.000 3448.097
v 2648.572 2900.000 3442.678
v 2648.572 3000.000 3442.678
v 2643.153 2900.000 3434.567
v 2643.153 3000.000 3434.567
v 2641.250 2900.000 3425.000
v 2641.250 3000.000 3425.000
v 2643.153 2900.000 3415.433
v 2643.153 3000.000 3415.433
v 2648.572 2900.000 3407.322
v 2648.572 3000.000 3407.322
v 2656.683 2900.000 3401.903
v 2656.683 3000.000 3401.903
v 2666.250 2900.000 3400.000
v 2666.250 3000.000 3400.000
v 2675.817 2900.000 3401.903
v 2675.817 3000.000 3401.903
v 2683.928 2900.000 3407.322
v 2683.928 3000.000 3407.322
v 2689.347 2900.000 3415.433
v 2689.347 3000.000 3415.433
v 2691.250 2900.000 3425.000
v 2691.250 3000.000 3425.000
v 2689.347 2900.000 3434.567
v 2689.347 3000.000 3434.567
v 2683.928 2900.000 3442.678
v 2683.928 3000.000 3442.678
v 2675.817 2900.000 3448.097
v 2675.817 3000.000 3448.097
v 2666.250 2900.000 3425.000
v 2666.250 3000.000 3425.000
f 7649 7650 7652 7651
f 7651 7652 7654 7653
f 7653 7654 7656 7655
f 7655 7656 7658 7657
f 7657 7658 7660 7659
f 7659 7660 7662 7661
f 7661 7662 7664 7663
f 7663 7664 7666 7665
f 7665 7666 7668 7667
f 7667 7668 7670 7669
f 7669 7670 7672 7671
f 7671 7672 7674 7673
f 7673 7674 7676 7675
f 7675 7676 7678 7677
f 7677 7678 7680 7679
f 7679 7680 7650 7649
f 7649 7651 7681
f 7682 7652 7650
f 7651 7653 7681
f 7682 7654 7652
f 7653 7655 7681
f 7682 7656 7654
f 7655 7657 7681
f 7682 7658 7656
f 7657 7659 7681
f 7682 7660 7658
f 7659 7661 7681
f 7682 7662 7660
f 7661 7663 7681
f 7682 7664 7662
f 7663 7665 7681
f 7682 7666 7664
f 7665 7667 7681
f 7682 7668 7666
f 7667 7669 7681
f 7682 7670 7668
f 7669 7671 7681
f 7682 7672 7670
f 7671 7673 7681
f 7682 7674 7672
f 7673 7675 7681
f 7682 7676 7674
f 7675 7677 7681
f 7682 7678 7676
f 7677 7679 7681
f 7682 7680 7678
f 7679 7649 7681
f 7682 7650 7680
o cylinder_rib_1
v 2666.250 2900.000 3350.000
v 2666.250 3000.000 3350.000
v 2656.683 2900.000 3348.097
v 2656.683 3000.000 3348.097
v 2648.572 2900.000 3342.678
v 2648.572 3000.000 3342.678
v 2643.153 2900.000 3334.567
v 2643.153 3000.000 3334.567
v 2641.250 2900.000 3325.000
v 2641.250 3000.000 3325.000
v 2643.153 2900.000 3315.433
v 2643.153 3000.000 3315.433
v 2648.572 2900.000 3307.322
v 2648.572 3000.000 3307.322
v 2656.683 2900.000 3301.903
v 2656.683 3000.000 3301.903
v 2666.250 2900.000 3300.000
v 2666.250 3000.000 3300.000
v 2675.817 2900.000 3301.903
v 2675.817 3000.000 3301.903
v 2683.928 2900.000 3307.322
v 2683.928 3000.000 3307.322
v 2689.347 2900.000 3315.433
v 2689.347 3000.000 3315.433
v 2691.250 2900.000 3325.000
v 2691.250 3000.000 3325.000
v 2689.347 2900.000 3334.567
v 2689.347 3000.000 3334.567
v 2683.928 2900.000 3342.678
v 2683.928 3000.000 3342.678
v 2675.817 2900.000 3348.097
v 2675.817 3000.000 3348.097
v 2666.250 2900.000 3325.000
v 2666.250 3000.000 3325.000
f 7683 7684 7686 7685
f 7685 7686 7688 7687
f 7687 7688 7690 7689
f 7689 7690 7692 7691
f 7691 7692 7694 7693
f 7693 7694 7696 7695
f 7695 7696 7698 7697
f 7697 7698 7700 7699
f 7699 7700 7702 7701
f 7701 7702 7704 7703
f 7703 7704 7706 7705
f 7705 7706 7708 7707
f 7707 7708 7710 7709
f 7709 7710 7712 7711
f 7711 7712 7714 7713
f 7713 7714 7684 7683
f 7683 7685 7715
f 7716 7686 7684
f 7685 7687 7715
f 7716 7688 7686
f 7687 7689 7715
f 7716 7690 7688
f 7689 7691 7715
f 7716 7692 7690
f 7691 7693 7715
f 7716 7694 7692
f 7693 7695 7715
f 7716 7696 7694
f 7695 7697 7715
f 7716 7698 7696
f 7697 7699 7715
f 7716 7700 7698
f 7699 7701 7715
f 7716 7702 7700
f 7701 7703 7715
f 7716 7704 7702
f 7703 7705 7715
f 7716 7706 7704
f 7705 7707 7715
f 7716 7708 7706
f 7707 7709 7715
f 7716 7710 7708
f 7709 7711 7715
f 7716 7712 7710
f 7711 7713 7715
f 7716 7714 7712
f 7713 7683 7715
f 7716 7684 7714
o connector_5
v 2935.000 3000.000 3250.000
v 2935.000 2866.428 3307.322
v 2935.000 2858.317 3301.903
v 2935.000 2848.750 3300.000
v 2935.000 2839.183 3301.903
v 2935.000 2831.072 3307.322
v 2935.000 2871.847 3315.433
v 2935.000 2873.750 3325.000
v 2935.000 2871.847 3334.567
v 2935.000 2866.428 3342.678
v 2935.000 2825.653 3315.433
v 2935.000 2823.750 3325.000
v 2935.000 2825.653 3334.567
v 2935.000 2831.072 3342.678
v 2935.000 2858.317 3348.097
v 2935.000 2848.750 3350.000
v 2935.000 2839.183 3348.097
v 2935.000 3000.000 3500.000
v 2935.000 2858.317 3401.903
v 2935.000 2848.750 3400.000
v 2935.000 2839.183 3401.903
v 2935.000 2866.428 3407.322
v 2935.000 2871.847 3415.433
v 2935.000 2873.750 3425.000
v 2935.000 2871.847 3434.567
v 2935.000 2831.072 3407.322
v 2935.000 2825.653 3415.433
v 2935.000 2823.750 3425.000
v 2935.000 2825.653 3434.567
v 2935.000 2866.428 3442.678
v 2935.000 2858.317 3448.097
v 2935.000 2848.750 3450.000
v 2935.000 2839.183 3448.097
v 2935.000 2831.072 3442.678
v 2965.000 3000.000 3250.000
v 2965.000 2866.428 3307.322
v 2965.000 2858.317 3301.903
v 2965.000 2848.750 3300.000
v 2965.000 2839.183 3301.903
v 2965.000 2831.072 3307.322
v 2965.000 2871.847 3315.433
v 2965.000 2873.750 3325.000
v 2965.000 2871.847 3334.567
v 2965.000 2866.428 3342.678
v 2965.000 2825.653 3315.433
v 2965.000 2823.750 3325.000
v 2965.000 2825.653 3334.567
v 2965.000 2831.072 3342.678
v 2965.000 2858.317 3348.097
v 2965.000 2848.750 3350.000
v 2965.000 2839.183 3348.097
v 2965.000 3000.000 3500.000
v 2965.000 2858.317 3401.903
v 2965.000 2848.750 3400.000
v 2965.000 2839.183 3401.903
v 2965.000 2866.428 3407.322
v 2965.000 2871.847 3415.433
v 2965.000 2873.750 3425.000
v 2965.000 2871.847 3434.567
v 2965.000 2831.072 3407.322
v 2965.000 2825.653 3415.433
v 2965.000 2823.750 3425.000
v 2965.000 2825.653 3434.567
v 2965.000 2866.428 3442.678
v 2965.000 2858.317 3448.097
v 2965.000 2848.750 3450.000
v 2965.000 2839.183 3448.097
v 2965.000 2831.072 3442.678
v 2935.000 2683.928 3307.322
v 2935.000 2675.817 3301.903
v 2935.000 2666.250 3300.000
v 2935.000 2656.683 3301.903
v 2935.000 2648.572 3307.322
v 2935.000 2689.347 3315.433
v 2935.000 2691.250 3325.000
v 2935.000 2689.347 3334.567
v 2935.000 2683.928 3342.678
v 2935.000 2643.153 3315.433
v 2935.000 2641.250 3325.000
v 2935.000 2643.153 3334.567
v 2935.000 2648.572 3342.678
v 2935.000 2675.817 3348.097
v 2935.000 2666.250 3350.000
v 2935.000 2656.683 3348.097
v 2935.000 2515.000 3250.000
v 2935.000 2675.817 3401.903
v 2935.000 2666.250 3400.000
v 2935.000 2656.683 3401.903
v 2935.000 2683.928 3407.322
v 2935.000 2689.347 3415.433
v 2935.000 2691.250 3425.000
v 2935.000 2689.347 3434.567
v 2935.000 2648.572 3407.322
v 2935.000 2643.153 3415.433
v 2935.000 2641.250 3425.000
v 2935.000 2643.153 3434.567
v 2935.000 2683.928 3442.678
v 2935.000 2675.817 3448.097
v 2935.000 2666.250 3450.000
v 2935.000 2656.683 3448.097
v 2935.000 2648.572 3442.678
v 2935.000 2515.000 3500.000
v 2965.000 2683.928 3307.322
v 2965.000 2675.817 3301.903
v 2965.000 2666.250 3300.000
v 2965.000 2656.683 3301.903
v 2965.000 2648.572 3307.322
v 2965.000 2689.347 3315.433
v 2965.000 2691.250 3325.000
v 2965.000 2689.347 3334.567
v 2965.000 2683.928 3342.678
v 2965.000 2643.153 3315.433
v 2965.000 2641.250 3325.000
v 2965.000 2643.153 3334.567
v 2965.000 2648.572 3342.678
v 2965.000 2675.817 3348.097
v 2965.000 2666.250 3350.000
v 2965.000 2656.683 3348.097
v 2965.000 2515.000 3250.000
v 2965.000 2675.817 3401.903
v 2965.000 2666.250 3400.000
v 2965.000 2656.683 3401.903
v 2965.000 2683.928 3407.322
v 2965.000 2689.347 3415.433
v 2965.000 2691.250 3425.000
v 2965.000 2689.347 3434.567
v 2965.000 2648.572 3407.322
v 2965.000 2643.153 3415.433
v 2965.000 2641.250 3425.000
v 2965.000 2643.153 3434.567
v 2965.000 2683.928 3442.678
v 2965.000 2675.817 3448.097
v 2965.000 2666.250 3450.000
v 2965.000 2656.683 3448.097
v 2965.000 2648.572 3442.678
v 2965.000 2515.000 3500.000
f 7717 7718 7723
f 7717 7723 7724
f 7717 7720 7719
f 7717 7719 7718
f 7717 7724 7734
f 7717 7734 7751
f 7717 7801 7720
f 7720 7786 7721
f 7721 7785 7722
f 7731 7738 7726
f 7732 7735 7731
f 7733 7736 7732
f 7722 7790 7727
f 7727 7802 7728
f 7728 7805 7729
f 7729 7806 7730
f 7730 7807 7733
f 7734 7724 7725
f 7734 7725 7726
f 7734 7726 7738
f 7734 7738 7739
f 7734 7739 7740
f 7734 7740 7741
f 7734 7741 7746
f 7734 7746 7747
f 7734 7747 7748
f 7738 7731 7735
f 7732 7736 7735
f 7733 7737 7736
f 7733 7807 7737
f 7737 7807 7742
f 7742 7807 7743
f 7743 7807 7744
f 7744 7808 7745
f 7745 7813 7750
f 7750 7814 7749
f 7749 7815 7748
f 7734 7748 7818
f 7751 7757 7752
f 7751 7758 7757
f 7751 7759 7758
f 7751 7760 7759
f 7751 7753 7754
f 7751 7752 7753
f 7751 7772 7760
f 7751 7773 7772
f 7751 7774 7773
f 7717 7751 7835
f 7751 7754 7835
f 7755 7821 7754
f 7756 7820 7755
f 7761 7819 7756
f 7760 7769 7765
f 7765 7770 7766
f 7766 7771 7767
f 7762 7824 7761
f 7764 7825 7763
f 7763 7825 7762
f 7767 7825 7764
f 7767 7771 7825
f 7734 7768 7751
f 7751 7768 7774
f 7768 7775 7774
f 7768 7780 7775
f 7768 7781 7780
f 7768 7782 7781
f 7734 7852 7768
f 7760 7772 7769
f 7765 7769 7770
f 7771 7766 7770
f 7776 7825 7771
f 7777 7826 7776
f 7778 7827 7777
f 7779 7832 7778
f 7784 7842 7779
f 7782 7848 7783
f 7783 7847 7784
f 7768 7852 7782
f 7720 7787 7786
f 7721 7786 7785
f 7722 7785 7790
f 7801 7787 7720
f 7727 7790 7791
f 7727 7791 7792
f 7727 7792 7793
f 7727 7793 7798
f 7727 7798 7802
f 7799 7802 7798
f 7795 7810 7796
f 7800 7803 7799
f 7797 7804 7800
f 7796 7809 7797
f 7717 7835 7801
f 7801 7788 7787
f 7801 7789 7788
f 7801 7794 7789
f 7801 7795 7794
f 7801 7818 7795
f 7728 7802 7805
f 7806 7729 7805
f 7730 7806 7807
f 7744 7807 7808
f 7745 7808 7813
f 7799 7803 7802
f 7800 7804 7803
f 7797 7809 7804
f 7796 7810 7809
f 7795 7811 7810
f 7750 7813 7814
f 7749 7814 7815
f 7818 7748 7815
f 7734 7818 7852
f 7818 7811 7795
f 7818 7816 7817
f 7818 7815 7816
f 7818 7812 7811
f 7818 7817 7812
f 7801 7852 7818
f 7756 7819 7820
f 7755 7820 7821
f 7835 7754 7821
f 7761 7824 7819
f 7762 7825 7824
f 7776 7826 7825
f 7826 7777 7827
f 7778 7832 7827
f 7832 7837 7833
f 7833 7838 7834
f 7834 7843 7831
f 7831 7844 7830
f 7830 7845 7829
f 7801 7835 7852
f 7835 7821 7822
f 7835 7822 7823
f 7835 7823 7828
f 7835 7828 7829
f 7835 7829 7845
f 7779 7836 7832
f 7779 7839 7836
f 7779 7840 7839
f 7779 7841 7840
f 7779 7842 7841
f 7832 7836 7837
f 7833 7837 7838
f 7834 7838 7843
f 7831 7843 7844
f 7830 7844 7845
f 7784 7847 7842
f 7783 7848 7847
f 7782 7849 7848
f 7852 7849 7782
f 7835 7845 7852
f 7852 7851 7850
f 7852 7850 7849
f 7852 7845 7846
f 7852 7846 7851
f 7752 7723 7718
f 7753 7718 7719
f 7754 7719 7720
f 7755 7720 7721
f 7756 7721 7722
f 7724 7723 7757
f 7725 7724 7758
f 7726 7725 7759
f 7761 7722 7727
f 7762 7727 7728
f 7763 7728 7729
f 7729 7730 7764
f 7731 7726 7760
f 7732 7731 7765
f 7733 7732 7766
f 7730 7733 7767
f 7738 7735 7769
f 7735 7736 7770
f 7736 7737 7771
f 7737 7742 7776
f 7739 7738 7772
f 7740 7739 7773
f 7741 7740 7774
f 7746 7741 7775
f 7742 7743 7777
f 7743 7744 7778
f 7744 7745 7779
f 7747 7746 7780
f 7748 7747 7781
f 7749 7748 7782
f 7750 7749 7783
f 7745 7750 7784
f 7753 7752 7718
f 7754 7753 7719
f 7755 7754 7720
f 7756 7755 7721
f 7761 7756 7722
f 7752 7757 7723
f 7724 7757 7758
f 7725 7758 7759
f 7726 7759 7760
f 7762 7761 7727
f 7763 7762 7728
f 7764 7763 7729
f 7731 7760 7765
f 7732 7765 7766
f 7733 7766 7767
f 7730 7767 7764
f 7738 7769 7772
f 7735 7770 7769
f 7736 7771 7770
f 7737 7776 7771
f 7739 7772 7773
f 7740 7773 7774
f 7774 7775 7741
f 7777 7776 7742
f 7743 7778 7777
f 7744 7779 7778
f 7745 7784 7779
f 7746 7775 7780
f 7747 7780 7781
f 7748 7781 7782
f 7750 7783 7784
f 7749 7782 7783
f 7819 7790 7785
f 7820 7785 7786
f 7821 7786 7787
f 7822 7787 7788
f 7823 7788 7789
f 7824 7791 7790
f 7825 7792 7791
f 7826 7793 7792
f 7828 7789 7794
f 7794 7795 7829
f 7795 7796 7830
f 7796 7797 7831
f 7798 7793 7827
f 7799 7798 7832
f 7800 7799 7833
f 7797 7800 7834
f 7805 7802 7836
f 7802 7803 7837
f 7803 7804 7838
f 7804 7809 7843
f 7806 7805 7839
f 7807 7806 7840
f 7808 7807 7841
f 7813 7808 7842
f 7809 7810 7844
f 7810 7811 7845
f 7811 7812 7846
f 7814 7813 7847
f 7815 7814 7848
f 7816 7815 7849
f 7817 7816 7850
f 7812 7817 7851
f 7821 7820 7786
f 7820 7819 7785
f 7822 7821 7787
f 7823 7822 7788
f 7828 7823 7789
f 7819 7824 7790
f 7824 7825 7791
f 7825 7826 7792
f 7826 7827 7793
f 7829 7828 7794
f 7795 7830 7829
f 7796 7831 7830
f 7798 7827 7832
f 7799 7832 7833
f 7800 7833 7834
f 7797 7834 7831
f 7805 7836 7839
f 7802 7837 7836
f 7803 7838 7837
f 7804 7843 7838
f 7806 7839 7840
f 7807 7840 7841
f 7808 7841 7842
f 7809 7844 7843
f 7810 7845 7844
f 7811 7846 7845
f 7812 7851 7846
f 7813 7842 7847
f 7814 7847 7848
f 7815 7848 7849
f 7816 7849 7850
f 7817 7850 7851
o cylinder_column_0
v 3000.000 2848.750 3450.000
v 2900.000 2848.750 3450.000
v 3000.000 2839.183 3448.097
v 2900.000 2839.183 3448.097
v 3000.000 2831.072 3442.678
v 2900.000 2831.072 3442.678
v 3000.000 2825.653 3434.567
v 2900.000 2825.653 3434.567
v 3000.000 2823.750 3425.000
v 2900.000 2823.750 3425.000
v 3000.000 2825.653 3415.433
v 2900.000 2825.653 3415.433
v 3000.000 2831.072 3407.322
v 2900.000 2831.072 3407.322
v 3000.000 2839.183 3401.903
v 2900.000 2839.183 3401.903
v 3000.000 2848.750 3400.000
v 2900.000 2848.750 3400.000
v 3000.000 2858.317 3401.903
v 2900.000 2858.317 3401.903
v 3000.000 2866.428 3407.322
v 2900.000 2866.428 3407.322
v 3000.000 2871.847 3415.433
v 2900.000 2871.847 3415.433
v 3000.000 2873.750 3425.000
v 2900.000 2873.750 3425.000
v 3000.000 2871.847 3434.567
v 2900.000 2871.847 3434.567
v 3000.000 2866.428 3442.678
v 2900.000 2866.428 3442.678
v 3000.000 2858.317 3448.097
v 2900.000 2858.317 3448.097
v 3000.000 2848.750 3425.000
v 2900.000 2848.750 3425.000
f 7853 7854 7856 7855
f 7855 7856 7858 7857
f 7857 7858 7860 7859
f 7859 7860 7862 7861
f 7861 7862 7864 7863
f 7863 7864 7866 7865
f 7865 7866 7868 7867
f 7867 7868 7870 7869
f 7869 7870 7872 7871
f 7871 7872 7874 7873
f 7873 7874 7876 7875
f 7875 7876 7878 7877
f 7877 7878 7880 7879
f 7879 7880 7882 7881
f 7881 7882 7884 7883
f 7883 7884 7854 7853
f 7853 7855 7885
f 7886 7856 7854
f 7855 7857 7885
f 7886 7858 7856
f 7857 7859 7885
f 7886 7860 7858
f 7859 7861 7885
f 7886 7862 7860
f 7861 7863 7885
f 7886 7864 7862
f 7863 7865 7885
f 7886 7866 7864
f 7865 7867 7885
f 7886 7868 7866
f 7867 7869 7885
f 7886 7870 7868
f 7869 7871 7885
f 7886 7872 7870
f 7871 7873 7885
f 7886 7874 7872
f 7873 7875 7885
f 7886 7876 7874
f 7875 7877 7885
f 7886 7878 7876
f 7877 7879 7885
f 7886 7880 7878
f 7879 7881 7885
f 7886 7882 7880
f 7881 7883 7885
f 7886 7884 7882
f 7883 7853 7885
f 7886 7854 7884
o cylinder_column_1
v 3000.000 2848.750 3350.000
v 2900.000 2848.750 3350.000
v 3000.000 2839.183 3348.097
v 2900.000 2839.183 3348.097
v 3000.000 2831.072 3342.678
v 2900.000 2831.072 3342.678
v 3000.000 2825.653 3334.567
v 2900.000 2825.653 3334.567
v 3000.000 2823.750 3325.000
v 2900.000 2823.750 3325.000
v 3000.000 2825.653 3315.433
v 2900.000 2825.653 3315.433
v 3000.000 2831.072 3307.322
v 2900.000 2831.072 3307.322
v 3000.000 2839.183 3301.903
v 2900.000 2839.183 3301.903
v 3000.000 2848.750 3300.000
v 2900.000 2848.750 3300.000
v 3000.000 2858.317 3301.903
v 2900.000 2858.317 3301.903
v 3000.000 2866.428 3307.322
v 2900.000 2866.428 3307.322
v 3000.000 2871.847 3315.433
v 2900.000 2871.847 3315.433
v 3000.000 2873.750 3325.000
v 2900.000 2873.750 3325.000
v 3000.000 2871.847 3334.567
v 2900.000 2871.847 3334.567
v 3000.000 2866.428 3342.678
v 2900.000 2866.428 3342.678
v 3000.000 2858.317 3348.097
v 2900.000 2858.317 3348.097
v 3000.000 2848.750 3325.000
v 2900.000 2848.750 3325.000
f 7887 7888 7890 7889
f 7889 7890 7892 7891
f 7891 7892 7894 7893
f 7893 7894 7896 7895
f 7895 7896 7898 7897
f 7897 7898 7900 7899
f 7899 7900 7902 7901
f 7901 7902 7904 7903
f 7903 7904 7906 7905
f 7905 7906 7908 7907
f 7907 7908 7910 7909
f 7909 7910 7912 7911
f 7911 7912 7914 7913
f 7913 7914 7916 7915
f 7915 7916 7918 7917
f 7917 7918 7888 7887
f 7887 7889 7919
f 7920 7890 7888
f 7889 7891 7919
f 7920 7892 7890
f 7891 7893 7919
f 7920 7894 7892
f 7893 7895 7919
f 7920 7896 7894
f 7895 7897 7919
f 7920 7898 7896
f 7897 7899 7919
f 7920 7900 7898
f 7899 7901 7919
f 7920 7902 7900
f 7901 7903 7919
f 7920 7904 7902
f 7903 7905 7919
f 7920 7906 7904
f 7905 7907 7919
f 7920 7908 7906
f 7907 7909 7919
f 7920 7910 7908
f 7909 7911 7919
f 7920 7912 7910
f 7911 7913 7919
f 7920 7914 7912
f 7913 7915 7919
f 7920 7916 7914
f 7915 7917 7919
f 7920 7918 7916
f 7917 7887 7919
f 7920 7888 7918
o cylinder_rib_0
v 3000.000 2666.250 3450.000
v 2900.000 2666.250 3450.000
v 3000.000 2656.683 3448.097
v 2900.000 2656.683 3448.097
v 3000.000 2648.572 3442.678
v 2900.000 2648.572 3442.678
v 3000.000 2643.153 3434.567
v 2900.000 2643.153 3434.567
v 3000.000 2641.250 3425.000
v 2900.000 2641.250 3425.000
v 3000.000 2643.153 3415.433
v 2900.000 2643.153 3415.433
v 3000.000 2648.572 3407.322
v 2900.000 2648.572 3407.322
v 3000.000 2656.683 3401.903
v 2900.000 2656.683 3401.903
v 3000.000 2666.250 3400.000
v 2900.000 2666.250 3400.000
v 3000.000 2675.817 3401.903
v 2900.000 2675.817 3401.903
v 3000.000 2683.928 3407.322
v 2900.000 2683.928 3407.322
v 3000.000 2689.347 3415.433
v 2900.000 2689.347 3415.433
v 3000.000 2691.250 3425.000
v 2900.000 2691.250 3425.000
v 3000.000 2689.347 3434.567
v 2900.000 2689.347 3434.567
v 3000.000 2683.928 3442.678
v 2900.000 2683.928 3442.678
v 3000.000 2675.817 3448.097
v 2900.000 2675.817 3448.097
v 3000.000 2666.250 3425.000
v 2900.000 2666.250 3425.000
f 7921 7922 7924 7923
f 7923 7924 7926 7925
f 7925 7926 7928 7927
f 7927 7928 7930 7929
f 7929 7930 7932 7931
f 7931 7932 7934 7933
f 7933 7934 7936 7935
f 7935 7936 7938 7937
f 7937 7938 7940 7939
f 7939 7940 7942 7941
f 7941 7942 7944 7943
f 7943 7944 7946 7945
f 7945 7946 7948 7947
f 7947 7948 7950 7949
f 7949 7950 7952 7951
f 7951 7952 7922 7921
f 7921 7923 7953
f 7954 7924 7922
f 7923 7925 7953
f 7954 7926 7924
f 7925 7927 7953
f 7954 7928 7926
f 7927 7929 7953
f 7954 7930 7928
f 7929 7931 7953
f 7954 7932 7930
f 7931 7933 7953
f 7954 7934 7932
f 7933 7935 7953
f 7954 7936 7934
f 7935 7937 7953
f 7954 7938 7936
f 7937 7939 7953
f 7954 7940 7938
f 7939 7941 7953
f 7954 7942 7940
f 7941 7943 7953
f 7954 7944 7942
f 7943 7945 7953
f 7954 7946 7944
f 7945 7947 7953
f 7954 7948 7946
f 7947 7949 7953
f 7954 7950 7948
f 7949 7951 7953
f 7954 7952 7950
f 7951 7921 7953
f 7954 7922 7952
o cylinder_rib_1
v 3000.000 2666.250 3350.000
v 2900.000 2666.250 3350.000
v 3000.000 2656.683 3348.097
v 2900.000 2656.683 3348.097
v 3000.000 2648.572 3342.678
v 2900.000 2648.572 3342.678
v 3000.000 2643.153 3334.567
v 2900.000 2643.153 3334.567
v 3000.000 2641.250 3325.000
v 2900.000 2641.250 3325.000
v 3000.000 2643.153 3315.433
v 2900.000 2643.153 3315.433
v 3000.000 2648.572 3307.322
v 2900.000 2648.572 3307.322
v 3000.000 2656.683 3301.903
v 2900.000 2656.683 3301.903
v 3000.000 2666.250 3300.000
v 2900.000 2666.250 3300.000
v 3000.000 2675.817 3301.903
v 2900.000 2675.817 3301.903
v 3000.000 2683.928 3307.322
v 2900.000 2683.928 3307.322
v 3000.000 2689.347 3315.433
v 2900.000 2689.347 3315.433
v 3000.000 2691.250 3325.000
v 2900.000 2691.250 3325.000
v 3000.000 2689.347 3334.567
v 2900.000 2689.347 3334.567
v 3000.000 2683.928 3342.678
v 2900.000 2683.928 3342.678
v 3000.000 2675.817 3348.097
v 2900.000 2675.817 3348.097
v 3000.000 2666.250 3325.000
v 2900.000 2666.250 3325.000
f 7955 7956 7958 7957
f 7957 7958 7960 7959
f 7959 7960 7962 7961
f 7961 7962 7964 7963
f 7963 7964 7966 7965
f 7965 7966 7968 7967
f 7967 7968 7970 7969
f 7969 7970 7972 7971
f 7971 7972 7974 7973
f 7973 7974 7976 7975
f 7975 7976 7978 7977
f 7977 7978 7980 7979
f 7979 7980 7982 7981
f 7981 7982 7984 7983
f 7983 7984 7986 7985
f 7985 7986 7956 7955
f 7955 7957 7987
f 7988 7958 7956
f 7957 7959 7987
f 7988 7960 7958
f 7959 7961 7987
f 7988 7962 7960
f 7961 7963 7987
f 7988 7964 7962
f 7963 7965 7987
f 7988 7966 7964
f 7965 7967 7987
f 7988 7968 7966
f 7967 7969 7987
f 7988 7970 7968
f 7969 7971 7987
f 7988 7972 7970
f 7971 7973 7987
f 7988 7974 7972
f 7973 7975 7987
f 7988 7976 7974
f 7975 7977 7987
f 7988 7978 7976
f 7977 7979 7987
f 7988 7980 7978
f 7979 7981 7987
f 7988 7982 7980
f 7981 7983 7987
f 7988 7984 7982
f 7983 7985 7987
f 7988 7986 7984
f 7985 7955 7987
f 7988 7956 7986
o connector_6
v -2965.000 3000.000 3250.000
v -2965.000 2866.428 3307.322
v -2965.000 2858.317 3301.903
v -2965.000 2848.750 3300.000
v -2965.000 2839.183 3301.903
v -2965.000 2831.072 3307.322
v -2965.000 2871.847 3315.433
v -2965.000 2873.750 3325.000
v -2965.000 2871.847 3334.567
v -2965.000 2866.428 3342.678
v -2965.000 2825.653 3315.433
v -2965.000 2823.750 3325.000
v -2965.000 2825.653 3334.567
v -2965.000 2831.072 3342.678
v -2965.000 2858.317 3348.097
v -2965.000 2848.750 3350.000
v -2965.000 2839.183 3348.097
v -2965.000 3000.000 3500.000
v -2965.000 2858.317 3401.903
v -2965.000 2848.750 3400.000
v -2965.000 2839.183 3401.903
v -2965.000 2866.428 3407.322
v -2965.000 2871.847 3415.433
v -2965.000 2873.750 3425.000
v -2965.000 2871.847 3434.567
v -2965.000 2831.072 3407.322
v -2965.000 2825.653 3415.433
v -2965.000 2823.750 3425.000
v -2965.000 2825.653 3434.567
v -2965.000 2866.428 3442.678
v -2965.000 2858.317 3448.097
v -2965.000 2848.750 3450.000
v -2965.000 2839.183 3448.097
v -2965.000 2831.072 3442.678
v -2935.000 3000.000 3250.000
v -2935.000 2866.428 3307.322
v -2935.000 2858.317 3301.903
v -2935.000 2848.750 3300.000
v -2935.000 2839.183 3301.903
v -2935.000 2831.072 3307.322
v -2935.000 2871.847 3315.433
v -2935.000 2873.750 3325.000
v -2935.000 2871.847 3334.567
v -2935.000 2866.428 3342.678
v -2935.000 2825.653 3315.433
v -2935.000 2823.750 3325.000
v -2935.000 2825.653 3334.567
v -2935.000 2831.072 3342.678
v -2935.000 2858.317 3348.097
v -2935.000 2848.750 3350.000
v -2935.000 2839.183 3348.097
v -2935.000 3000.000 3500.000
v -2935.000 2858.317 3401.903
v -2935.000 2848.750 3400.000
v -2935.000 2839.183 3401.903
v -2935.000 2866.428 3407.322
v -2935.000 2871.847 3415.433
v -2935.000 2873.750 3425.000
v -2935.000 2871.847 3434.567
v -2935.000 2831.072 3407.322
v -2935.000 2825.653 3415.433
v -2935.000 2823.750 3425.000
v -2935.000 2825.653 3434.567
v -2935.000 2866.428 3442.678
v -2935.000 2858.317 3448.097
v -2935.000 2848.750 3450.000
v -2935.000 2839.183 3448.097
v -2935.000 2831.072 3442.678
v -2965.000 2683.928 3307.322
v -2965.000 2675.817 3301.903
v -2965.000 2666.250 3300.000
v -2965.000 2656.683 3301.903
v -2965.000 2648.572 3307.322
v -2965.000 2689.347 3315.433
v -2965.000 2691.250 3325.000
v -2965.000 2689.347 3334.567
v -2965.000 2683.928 3342.678
v -2965.000 2643.153 3315.433
v -2965.000 2641.250 3325.000
v -2965.000 2643.153 3334.567
v -2965.000 2648.572 3342.678
v -2965.000 2675.817 3348.097
v -2965.000 2666.250 3350.000
v -2965.000 2656.683 3348.097
v -2965.000 2515.000 3250.000
v -2965.000 2675.817 3401.903
v -2965.000 2666.250 3400.000
v -2965.000 2656.683 3401.903
v -2965.000 2683.928 3407.322
v -2965.000 2689.347 3415.433
v -2965.000 2691.250 3425.000
v -2965.000 2689.347 3434.567
v -2965.000 2648.572 3407.322
v -2965.000 2643.153 3415.433
v -2965.000 2641.250 3425.000
v -2965.000 2643.153 3434.567
v -2965.000 2683.928 3442.678
v -2965.000 2675.817 3448.097
v -2965.000 2666.250 3450.000
v -2965.000 2656.683 3448.097
v -2965.000 2648.572 3442.678
v -2965.000 2515.000 3500.000
v -2935.000 2683.928 3307.322
v -2935.000 2675.817 3301.903
v -2935.000 2666.250 3300.000
v -2935.000 2656.683 3301.903
v -2935.000 2648.572 3307.322
v -2935.000 2689.347 3315.433
v -2935.000 2691.250 3325.000
v -2935.000 2689.347 3334.567
v -2935.000 2683.928 3342.678
v -2935.000 2643.153 3315.433
v -2935.000 2641.250 3325.000
v -2935.000 2643.153 3334.567
v -2935.000 2648.572 3342.678
v -2935.000 2675.817 3348.097
v -2935.000 2666.250 3350.000
v -2935.000 2656.683 3348.097
v -2935.000 2515.000 3250.000
v -2935.000 2675.817 3401.903
v -2935.000 2666.250 3400.000
v -2935.000 2656.683 3401.903
v -2935.000 2683.928 3407.322
v -2935.000 2689.347 3415.433
v -2935.000 2691.250 3425.000
v -2935.000 2689.347 3434.567
v -2935.000 2648.572 3407.322
v -2935.000 2643.153 3415.433
v -2935.000 2641.250 3425.000
v -2935.000 2643.153 3434.567
v -2935.000 2683.928 3442.678
v -2935.000 2675.817 3448.097
v -2935.000 2666.250 3450.000
v -2935.000 2656.683 3448.097
v -2935.000 2648.572 3442.678
v -2935.000 2515.000 3500.000
f 7989 7990 7995
f 7989 7995 7996
f 7989 7992 7991
f 7989 7991 7990
f 7989 7996 8006
f 7989 8006 8023
f 7989 8059 7992
f 7992 8058 7993
f 7993 8057 7994
f 8003 8010 7998
f 8004 8007 8003
f 8005 8008 8004
f 7994 8062 7999
f 7999 8074 8000
f 8000 8077 8001
f 8001 8078 8002
f 8002 8079 8005
f 8006 7996 7997
f 8006 7997 7998
f 8006 7998 8010
f 8006 8010 8011
f 8006 8011 8012
f 8006 8012 8013
f 8006 8013 8018
f 8006 8018 8019
f 8006 8019 8020
f 8010 8003 8007
f 8004 8008 8007
f 8005 8009 8008
f 8005 8079 8009
f 8009 8079 8014
f 8014 8079 8015
f 8015 8079 8016
f 8016 8080 8017
f 8006 8020 8087
f 8017 8085 8022
f 8022 8086 8021
f 8021 8087 8020
f 8023 8029 8024
f 8023 8030 8029
f 8023 8031 8030
f 8023 8032 8031
f 8023 8025 8026
f 8023 8024 8025
f 8023 8044 8032
f 8023 8045 8044
f 8023 8046 8045
f 7989 8023 8107
f 8023 8026 8093
f 8027 8093 8026
f 8028 8092 8027
f 8033 8091 8028
f 8032 8041 8037
f 8037 8042 8038
f 8038 8043 8039
f 8034 8096 8033
f 8036 8097 8035
f 8035 8097 8034
f 8039 8097 8036
f 8039 8043 8097
f 8006 8040 8023
f 8023 8040 8046
f 8040 8047 8046
f 8040 8052 8047
f 8040 8053 8052
f 8040 8054 8053
f 8006 8124 8040
f 8032 8044 8041
f 8037 8041 8042
f 8038 8042 8043
f 8048 8097 8043
f 8049 8098 8048
f 8050 8099 8049
f 8051 8104 8050
f 8056 8114 8051
f 8040 8121 8054
f 8054 8120 8055
f 8055 8119 8056
f 7989 8073 8059
f 7992 8059 8058
f 7993 8058 8057
f 7994 8057 8062
f 7999 8062 8063
f 7999 8063 8064
f 7999 8064 8065
f 7999 8065 8070
f 7999 8070 8074
f 8071 8074 8070
f 8067 8082 8068
f 8072 8075 8071
f 8069 8076 8072
f 8068 8081 8069
f 7989 8107 8073
f 8073 8060 8059
f 8073 8061 8060
f 8073 8066 8061
f 8073 8067 8066
f 8073 8090 8067
f 8000 8074 8077
f 8078 8001 8077
f 8002 8078 8079
f 8016 8079 8080
f 8017 8080 8085
f 8071 8075 8074
f 8072 8076 8075
f 8069 8081 8076
f 8068 8082 8081
f 8067 8083 8082
f 8022 8085 8086
f 8021 8086 8087
f 8006 8087 8090
f 8006 8090 8124
f 8090 8083 8067
f 8090 8088 8089
f 8090 8087 8088
f 8090 8084 8083
f 8090 8089 8084
f 8073 8124 8090
f 8023 8093 8107
f 8028 8091 8092
f 8027 8092 8093
f 8033 8096 8091
f 8034 8097 8096
f 8048 8098 8097
f 8098 8049 8099
f 8050 8104 8099
f 8104 8109 8105
f 8105 8110 8106
f 8106 8115 8103
f 8103 8116 8102
f 8102 8117 8101
f 8073 8107 8124
f 8107 8093 8094
f 8107 8094 8095
f 8107 8095 8100
f 8107 8100 8101
f 8107 8101 8117
f 8051 8108 8104
f 8051 8111 8108
f 8051 8112 8111
f 8051 8113 8112
f 8051 8114 8113
f 8104 8108 8109
f 8105 8109 8110
f 8106 8110 8115
f 8103 8115 8116
f 8102 8116 8117
f 8056 8119 8114
f 8055 8120 8119
f 8054 8121 8120
f 8040 8124 8121
f 8107 8117 8124
f 8124 8123 8122
f 8124 8122 8121
f 8124 8117 8118
f 8124 8118 8123
f 8024 7995 7990
f 8025 7990 7991
f 8026 7991 7992
f 8027 7992 7993
f 8028 7993 7994
f 7996 7995 8029
f 7997 7996 8030
f 7998 7997 8031
f 8033 7994 7999
f 8034 7999 8000
f 8035 8000 8001
f 8001 8002 8036
f 8003 7998 8032
f 8004 8003 8037
f 8005 8004 8038
f 8002 8005 8039
f 8010 8007 8041
f 8007 8008 8042
f 8008 8009 8043
f 8009 8014 8048
f 8011 8010 8044
f 8012 8011 8045
f 8013 8012 8046
f 8018 8013 8047
f 8014 8015 8049
f 8015 8016 8050
f 8016 8017 8051
f 8019 8018 8052
f 8020 8019 8053
f 8021 8020 8054
f 8022 8021 8055
f 8017 8022 8056
f 8025 8024 7990
f 8026 8025 7991
f 8027 8026 7992
f 8028 8027 7993
f 8033 8028 7994
f 8024 8029 7995
f 7996 8029 8030
f 7997 8030 8031
f 7998 8031 8032
f 8034 8033 7999
f 8035 8034 8000
f 8036 8035 8001
f 8003 8032 8037
f 8004 8037 8038
f 8005 8038 8039
f 8002 8039 8036
f 8010 8041 8044
f 8007 8042 8041
f 8008 8043 8042
f 8009 8048 8043
f 8011 8044 8045
f 8012 8045 8046
f 8046 8047 8013
f 8049 8048 8014
f 8015 8050 8049
f 8016 8051 8050
f 8017 8056 8051
f 8018 8047 8052
f 8019 8052 8053
f 8020 8053 8054
f 8022 8055 8056
f 8021 8054 8055
f 8091 8062 8057
f 8092 8057 8058
f 8093 8058 8059
f 8094 8059 8060
f 8095 8060 8061
f 8096 8063 8062
f 8097 8064 8063
f 8098 8065 8064
f 8100 8061 8066
f 8066 8067 8101
f 8067 8068 8102
f 8068 8069 8103
f 8070 8065 8099
f 8071 8070 8104
f 8072 8071 8105
f 8069 8072 8106
f 8077 8074 8108
f 8074 8075 8109
f 8075 8076 8110
f 8076 8081 8115
f 8078 8077 8111
f 8079 8078 8112
f 8080 8079 8113
f 8085 8080 8114
f 8081 8082 8116
f 8082 8083 8117
f 8083 8084 8118
f 8086 8085 8119
f 8087 8086 8120
f 8088 8087 8121
f 8089 8088 8122
f 8084 8089 8123
f 8093 8092 8058
f 8092 8091 8057
f 8094 8093 8059
f 8095 8094 8060
f 8100 8095 8061
f 8091 8096 8062
f 8096 8097 8063
f 8097 8098 8064
f 8098 8099 8065
f 8101 8100 8066
f 8067 8102 8101
f 8068 8103 8102
f 8070 8099 8104
f 8071 8104 8105
f 8072 8105 8106
f 8069 8106 8103
f 8077 8108 8111
f 8074 8109 8108
f 8075 8110 8109
f 8076 8115 8110
f 8078 8111 8112
f 8079 8112 8113
f 8080 8113 8114
f 8081 8116 8115
f 8082 8117 8116
f 8083 8118 8117
f 8084 8123 8118
f 8085 8114 8119
f 8086 8119 8120
f 8087 8120 8121
f 8088 8121 8122
f 8089 8122 8123
o cylinder_column_0
v -2900.000 2848.750 3450.000
v -3000.000 2848.750 3450.000
v -2900.000 2839.183 3448.097
v -3000.000 2839.183 3448.097
v -2900.000 2831.072 3442.678
v -3000.000 2831.072 3442.678
v -2900.000 2825.653 3434.567
v -3000.000 2825.653 3434.567
v -2900.000 2823.750 3425.000
v -3000.000 2823.750 3425.000
v -2900.000 2825.653 3415.433
v -3000.000 2825.653 3415.433
v -2900.000 2831.072 3407.322
v -3000.000 2831.072 3407.322
v -2900.000 2839.183 3401.903
v -3000.000 2839.183 3401.903
v -2900.000 2848.750 3400.000
v -3000.000 2848.750 3400.000
v -2900.000 2858.317 3401.903
v -3000.000 2858.317 3401.903
v -2900.000 2866.428 3407.322
v -3000.000 2866.428 3407.322
v -2900.000 2871.847 3415.433
v -3000.000 2871.847 3415.433
v -2900.000 2873.750 3425.000
v -3000.000 2873.750 3425.000
v -2900.000 2871.847 3434.567
v -3000.000 2871.847 3434.567
v -2900.000 2866.428 3442.678
v -3000.000 2866.428 3442.678
v -2900.000 2858.317 3448.097
v -3000.000 2858.317 3448.097
v -2900.000 2848.750 3425.000
v -3000.000 2848.750 3425.000
f 8125 8126 8128 8127
f 8127 8128 8130 8129
f 8129 8130 8132 8131
f 8131 8132 8134 8133
f 8133 8134 8136 8135
f 8135 8136 8138 8137
f 8137 8138 8140 8139
f 8139 8140 8142 8141
f 8141 8142 8144 8143
f 8143 8144 8146 8145
f 8145 8146 8148 8147
f 8147 8148 8150 8149
f 8149 8150 8152 8151
f 8151 8152 8154 8153
f 8153 8154 8156 8155
f 8155 8156 8126 8125
f 8125 8127 8157
f 8158 8128 8126
f 8127 8129 8157
f 8158 8130 8128
f 8129 8131 8157
f 8158 8132 8130
f 8131 8133 8157
f 8158 8134 8132
f 8133 8135 8157
f 8158 8136 8134
f 8135 8137 8157
f 8158 8138 8136
f 8137 8139 8157
f 8158 8140 8138
f 8139 8141 8157
f 8158 8142 8140
f 8141 8143 8157
f 8158 8144 8142
f 8143 8145 8157
f 8158 8146 8144
f 8145 8147 8157
f 8158 8148 8146
f 8147 8149 8157
f 8158 8150 8148
f 8149 8151 8157
f 8158 8152 8150
f 8151 8153 8157
f 8158 8154 8152
f 8153 8155 8157
f 8158 8156 8154
f 8155 8125 8157
f 8158 8126 8156
o cylinder_column_1
v -2900.000 2848.750 3350.000
v -3000.000 2848.750 3350.000
v -2900.000 2839.183 3348.097
v -3000.000 2839.183 3348.097
v -2900.000 2831.072 3342.678
v -3000.000 2831.072 3342.678
v -2900.000 2825.653 3334.567
v -3000.000 2825.653 3334.567
v -2900.000 2823.750 3325.000
v -3000.000 2823.750 3325.000
v -2900.000 2825.653 3315.433
v -3000.000 2825.653 3315.433
v -2900.000 2831.072 3307.322
v -3000.000 2831.072 3307.322
v -2900.000 2839.183 3301.903
v -3000.000 2839.183 3301.903
v -2900.000 2848.750 3300.000
v -3000.000 2848.750 3300.000
v -2900.000 2858.317 3301.903
v -3000.000 2858.317 3301.903
v -2900.000 2866.428 3307.322
v -3000.000 2866.428 3307.322
v -2900.000 2871.847 3315.433
v -3000.000 2871.847 3315.433
v -2900.000 2873.750 3325.000
v -3000.000 2873.750 3325.000
v -2900.000 2871.847 3334.567
v -3000.000 2871.847 3334.567
v -2900.000 2866.428 3342.678
v -3000.000 2866.428 3342.678
v -2900.000 2858.317 3348.097
v -3000.000 2858.317 3348.097
v -2900.000 2848.750 3325.000
v -3000.000 2848.750 3325.000
f 8159 8160 8162 8161
f 8161 8162 8164 8163
f 8163 8164 8166 8165
f 8165 8166 8168 8167
f 8167 8168 8170 8169
f 8169 8170 8172 8171
f 8171 8172 8174 8173
f 8173 8174 8176 8175
f 8175 8176 8178 8177
f 8177 8178 8180 8179
f 8179 8180 8182 8181
f 8181 8182 8184 8183
f 8183 8184 8186 8185
f 8185 8186 8188 8187
f 8187 8188 8190 8189
f 8189 8190 8160 8159
f 8159 8161 8191
f 8192 8162 8160
f 8161 8163 8191
f 8192 8164 8162
f 8163 8165 8191
f 8192 8166 8164
f 8165 8167 8191
f 8192 8168 8166
f 8167 8169 8191
f 8192 8170 8168
f 8169 8171 8191
f 8192 8172 8170
f 8171 8173 8191
f 8192 8174 8172
f 8173 8175 8191
f 8192 8176 8174
f 8175 8177 8191
f 8192 8178 8176
f 8177 8179 8191
f 8192 8180 8178
f 8179 8181 8191
f 8192 8182 8180
f 8181 8183 8191
f 8192 8184 8182
f 8183 8185 8191
f 8192 8186 8184
f 8185 8187 8191
f 8192 8188 8186
f 8187 8189 8191
f 8192 8190 8188
f 8189 8159 8191
f 8192 8160 8190
o cylinder_rib_0
v -2900.000 2666.250 3450.000
v -3000.000 2666.250 3450.000
v -2900.000 2656.683 3448.097
v -3000.000 2656.683 3448.097
v -2900.000 2648.572 3442.678
v -3000.000 2648.572 3442.678
v -2900.000 2643.153 3434.567
v -3000.000 2643.153 3434.567
v -2900.000 2641.250 3425.000
v -3000.000 2641.250 3425.000
v -2900.000 2643.153 3415.433
v -3000.000 2643.153 3415.433
v -2900.000 2648.572 3407.322
v -3000.000 2648.572 3407.322
v -2900.000 2656.683 3401.903
v -3000.000 2656.683 3401.903
v -2900.000 2666.250 3400.000
v -3000.000 2666.250 3400.000
v -2900.000 2675.817 3401.903
v -3000.000 2675.817 3401.903
v -2900.000 2683.928 3407.322
v -3000.000 2683.928 3407.322
v -2900.000 2689.347 3415.433
v -3000.000 2689.347 3415.433
v -2900.000 2691.250 3425.000
v -3000.000 2691.250 3425.000
v -2900.000 2689.347 3434.567
v -3000.000 2689.347 3434.567
v -2900.000 2683.928 3442.678
v -3000.000 2683.928 3442.678
v -2900.000 2675.817 3448.097
v -3000.000 2675.817 3448.097
v -2900.000 2666.250 3425.000
v -3000.000 2666.250 3425.000
f 8193 8194 8196 8195
f 8195 8196 8198 8197
f 8197 8198 8200 8199
f 8199 8200 8202 8201
f 8201 8202 8204 8203
f 8203 8204 8206 8205
f 8205 8206 8208 8207
f 8207 8208 8210 8209
f 8209 8210 8212 8211
f 8211 8212 8214 8213
f 8213 8214 8216 8215
f 8215 8216 8218 8217
f 8217 8218 8220 8219
f 8219 8220 8222 8221
f 8221 8222 8224 8223
f 8223 8224 8194 8193
f 8193 8195 8225
f 8226 8196 8194
f 8195 8197 8225
f 8226 8198 8196
f 8197 8199 8225
f 8226 8200 8198
f 8199 8201 8225
f 8226 8202 8200
f 8201 8203 8225
f 8226 8204 8202
f 8203 8205 8225
f 8226 8206 8204
f 8205 8207 8225
f 8226 8208 8206
f 8207 8209 8225
f 8226 8210 8208
f 8209 8211 8225
f 8226 8212 8210
f 8211 8213 8225
f 8226 8214 8212
f 8213 8215 8225
f 8226 8216 8214
f 8215 8217 8225
f 8226 8218 8216
f 8217 8219 8225
f 8226 8220 8218
f 8219 8221 8225
f 8226 8222 8220
f 8221 8223 8225
f 8226 8224 8222
f 8223 8193 8225
f 8226 8194 8224
o cylinder_rib_1
v -2900.000 2666.250 3350.000
v -3000.000 2666.250 3350.000
v -2900.000 2656.683 3348.097
v -3000.000 2656.683 3348.097
v -2900.000 2648.572 3342.678
v -3000.000 2648.572 3342.678
v -2900.000 2643.153 3334.567
v -3000.000 2643.153 3334.567
v -2900.000 2641.250 3325.000
v -3000.000 2641.250 3325.000
v -2900.000 2643.153 3315.433
v -3000.000 2643.153 3315.433
v -2900.000 2648.572 3307.322
v -3000.000 2648.572 3307.322
v -2900.000 2656.683 3301.903
v -3000.000 2656.683 3301.903
v -2900.000 2666.250 3300.000
v -3000.000 2666.250 3300.000
v -2900.000 2675.817 3301.903
v -3000.000 2675.817 3301.903
v -2900.000 2683.928 3307.322
v -3000.000 2683.928 3307.322
v -2900.000 2689.347 3315.433
v -3000.000 2689.347 3315.433
v -2900.000 2691.250 3325.000
v -3000.000 2691.250 3325.000
v -2900.000 2689.347 3334.567
v -3000.000 2689.347 3334.567
v -2900.000 2683.928 3342.678
v -3000.000 2683.928 3342.678
v -2900.000 2675.817 3348.097
v -3000.000 2675.817 3348.097
v -2900.000 2666.250 3325.000
v -3000.000 2666.250 3325.000
f 8227 8228 8230 8229
f 8229 8230 8232 8231
f 8231 8232 8234 8233
f 8233 8234 8236 8235
f 8235 8236 8238 8237
f 8237 8238 8240 8239
f 8239 8240 8242 8241
f 8241 8242 8244 8243
f 8243 8244 8246 8245
f 8245 8246 8248 8247
f 8247 8248 8250 8249
f 8249 8250 8252 8251
f 8251 8252 8254 8253
f 8253 8254 8256 8255
f 8255 8256 8258 8257
f 8257 8258 8228 8227
f 8227 8229 8259
f 8260 8230 8228
f 8229 8231 8259
f 8260 8232 8230
f 8231 8233 8259
f 8260 8234 8232
f 8233 8235 8259
f 8260 8236 8234
f 8235 8237 8259
f 8260 8238 8236
f 8237 8239 8259
f 8260 8240 8238
f 8239 8241 8259
f 8260 8242 8240
f 8241 8243 8259
f 8260 8244 8242
f 8243 8245 8259
f 8260 8246 8244
f 8245 8247 8259
f 8260 8248 8246
f 8247 8249 8259
f 8260 8250 8248
f 8249 8251 8259
f 8260 8252 8250
f 8251 8253 8259
f 8260 8254 8252
f 8253 8255 8259
f 8260 8256 8254
f 8255 8257 8259
f 8260 8258 8256
f 8257 8227 8259
f 8260 8228 8258
o connector_7
v -3000.000 2935.000 3250.000
v -2866.428 2935.000 3307.322
v -2858.317 2935.000 3301.903
v -2848.750 2935.000 3300.000
v -2839.183 2935.000 3301.903
v -2831.072 2935.000 3307.322
v -2871.847 2935.000 3315.433
v -2873.750 2935.000 3325.000
v -2871.847 2935.000 3334.567
v -2866.428 2935.000 3342.678
v -2825.653 2935.000 3315.433
v -2823.750 2935.000 3325.000
v -2825.653 2935.000 3334.567
v -2831.072 2935.000 3342.678
v -2858.317 2935.000 3348.097
v -2848.750 2935.000 3350.000
v -2839.183 2935.000 3348.097
v -3000.000 2935.000 3500.000
v -2858.317 2935.000 3401.903
v -2848.750 2935.000 3400.000
v -2839.183 2935.000 3401.903
v -2866.428 2935.000 3407.322
v -2871.847 2935.000 3415.433
v -2873.750 2935.000 3425.000
v -2871.847 2935.000 3434.567
v -2831.072 2935.000 3407.322
v -2825.653 2935.000 3415.433
v -2823.750 2935.000 3425.000
v -2825.653 2935.000 3434.567
v -2866.428 2935.000 3442.678
v -2858.317 2935.000 3448.097
v -2848.750 2935.000 3450.000
v -2839.183 2935.000 3448.097
v -2831.072 2935.000 3442.678
v -3000.000 2965.000 3250.000
v -2866.428 2965.000 3307.322
v -2858.317 2965.000 3301.903
v -2848.750 2965.000 3300.000
v -2839.183 2965.000 3301.903
v -2831.072 2965.000 3307.322
v -2871.847 2965.000 3315.433
v -2873.750 2965.000 3325.000
v -2871.847 2965.000 3334.567
v -2866.428 2965.000 3342.678
v -2825.653 2965.000 3315.433
v -2823.750 2965.000 3325.000
v -2825.653 2965.000 3334.567
v -2831.072 2965.000 3342.678
v -2858.317 2965.000 3348.097
v -2848.750 2965.000 3350.000
v -2839.183 2965.000 3348.097
v -3000.000 2965.000 3500.000
v -2858.317 2965.000 3401.903
v -2848.750 2965.000 3400.000
v -2839.183 2965.000 3401.903
v -2866.428 2965.000 3407.322
v -2871.847 2965.000 3415.433
v -2873.750 2965.000 3425.000
v -2871.847 2965.000 3434.567
v -2831.072 2965.000 3407.322
v -2825.653 2965.000 3415.433
v -2823.750 2965.000 3425.000
v -2825.653 2965.000 3434.567
v -2866.428 2965.000 3442.678
v -2858.317 2965.000 3448.097
v -2848.750 2965.000 3450.000
v -2839.183 2965.000 3448.097
v -2831.072 2965.000 3442.678
v -2683.928 2935.000 3307.322
v -2675.817 2935.000 3301.903
v -2666.250 2935.000 3300.000
v -2656.683 2935.000 3301.903
v -2648.572 2935.000 3307.322
v -2689.347 2935.000 3315.433
v -2691.250 2935.000 3325.000
v -2689.347 2935.000 3334.567
v -2683.928 2935.000 3342.678
v -2643.153 2935.000 3315.433
v -2641.250 2935.000 3325.000
v -2643.153 2935.000 3334.567
v -2648.572 2935.000 3342.678
v -2675.817 2935.000 3348.097
v -2666.250 2935.000 3350.000
v -2656.683 2935.000 3348.097
v -2515.000 2935.000 3250.000
v -2675.817 2935.000 3401.903
v -2666.250 2935.000 3400.000
v -2656.683 2935.000 3401.903
v -2683.928 2935.000 3407.322
v -2689.347 2935.000 3415.433
v -2691.250 2935.000 3425.000
v -2689.347 2935.000 3434.567
v -2648.572 2935.000 3407.322
v -2643.153 2935.000 3415.433
v -2641.250 2935.000 3425.000
v -2643.153 2935.000 3434.567
v -2683.928 2935.000 3442.678
v -2675.817 2935.000 3448.097
v -2666.250 2935.000 3450.000
v -2656.683 2935.000 3448.097
v -2648.572 2935.000 3442.678
v -2515.000 2935.000 3500.000
v -2683.928 2965.000 3307.322
v -2675.817 2965.000 3301.903
v -2666.250 2965.000 3300.000
v -2656.683 2965.000 3301.903
v -2648.572 2965.000 3307.322
v -2689.347 2965.000 3315.433
v -2691.250 2965.000 3325.000
v -2689.347 2965.000 3334.567
v -2683.928 2965.000 3342.678
v -2643.153 2965.000 3315.433
v -2641.250 2965.000 3325.000
v -2643.153 2965.000 3334.567
v -2648.572 2965.000 3342.678
v -2675.817 2965.000 3348.097
v -2666.250 2965.000 3350.000
v -2656.683 2965.000 3348.097
v -2515.000 2965.000 3250.000
v -2675.817 2965.000 3401.903
v -2666.250 2965.000 3400.000
v -2656.683 2965.000 3401.903
v -2683.928 2965.000 3407.322
v -2689.347 2965.000 3415.433
v -2691.250 2965.000 3425.000
v -2689.347 2965.000 3434.567
v -2648.572 2965.000 3407.322
v -2643.153 2965.000 3415.433
v -2641.250 2965.000 3425.000
v -2643.153 2965.000 3434.567
v -2683.928 2965.000 3442.678
v -2675.817 2965.000 3448.097
v -2666.250 2965.000 3450.000
v -2656.683 2965.000 3448.097
v -2648.572 2965.000 3442.678
v -2515.000 2965.000 3500.000
f 8261 8262 8267
f 8261 8267 8268
f 8261 8264 8263
f 8261 8263 8262
f 8261 8268 8278
f 8261 8278 8295
f 8261 8345 8264
f 8264 8330 8265
f 8265 8329 8266
f 8275 8282 8270
f 8276 8279 8275
f 8277 8280 8276
f 8266 8334 8271
f 8271 8346 8272
f 8272 8349 8273
f 8273 8350 8274
f 8274 8351 8277
f 8278 8268 8269
f 8278 8269 8270
f 8278 8270 8282
f 8278 8282 8283
f 8278 8283 8284
f 8278 8284 8285
f 8278 8285 8290
f 8278 8290 8291
f 8278 8291 8292
f 8282 8275 8279
f 8276 8280 8279
f 8277 8281 8280
f 8277 8351 8281
f 8281 8351 8286
f 8286 8351 8287
f 8287 8351 8288
f 8288 8352 8289
f 8289 8357 8294
f 8294 8358 8293
f 8293 8359 8292
f 8278 8292 8362
f 8295 8301 8296
f 8295 8302 8301
f 8295 8303 8302
f 8295 8304 8303
f 8295 8297 8298
f 8295 8296 8297
f 8295 8316 8304
f 8295 8317 8316
f 8295 8318 8317
f 8261 8295 8379
f 8295 8298 8379
f 8299 8365 8298
f 8300 8364 8299
f 8305 8363 8300
f 8304 8313 8309
f 8309 8314 8310
f 8310 8315 8311
f 8306 8368 8305
f 8308 8369 8307
f 8307 8369 8306
f 8311 8369 8308
f 8311 8315 8369
f 8278 8312 8295
f 8295 8312 8318
f 8312 8319 8318
f 8312 8324 8319
f 8312 8325 8324
f 8312 8326 8325
f 8278 8396 8312
f 8304 8316 8313
f 8309 8313 8314
f 8310 8314 8315
f 8320 8369 8315
f 8321 8370 8320
f 8322 8371 8321
f 8323 8376 8322
f 8328 8386 8323
f 8326 8392 8327
f 8327 8391 8328
f 8312 8396 8326
f 8264 8331 8330
f 8265 8330 8329
f 8266 8329 8334
f 8345 8331 8264
f 8271 8334 8335
f 8271 8335 8336
f 8271 8336 8337
f 8271 8337 8342
f 8271 8342 8346
f 8343 8346 8342
f 8339 8354 8340
f 8344 8347 8343
f 8341 8348 8344
f 8340 8353 8341
f 8261 8379 8345
f 8345 8332 8331
f 8345 8333 8332
f 8345 8338 8333
f 8345 8339 8338
f 8345 8362 8339
f 8272 8346 8349
f 8350 8273 8349
f 8274 8350 8351
f 8288 8351 8352
f 8289 8352 8357
f 8343 8347 8346
f 8344 8348 8347
f 8341 8353 8348
f 8340 8354 8353
f 8339 8355 8354
f 8294 8357 8358
f 8293 8358 8359
f 8362 8292 8359
f 8278 8362 8396
f 8362 8355 8339
f 8362 8360 8361
f 8362 8359 8360
f 8362 8356 8355
f 8362 8361 8356
f 8345 8396 8362
f 8300 8363 8364
f 8299 8364 8365
f 8379 8298 8365
f 8305 8368 8363
f 8306 8369 8368
f 8320 8370 8369
f 8370 8321 8371
f 8322 8376 8371
f 8376 8381 8377
f 8377 8382 8378
f 8378 8387 8375
f 8375 8388 8374
f 8374 8389 8373
f 8345 8379 8396
f 8379 8365 8366
f 8379 8366 8367
f 8379 8367 8372
f 8379 8372 8373
f 8379 8373 8389
f 8323 8380 8376
f 8323 8383 8380
f 8323 8384 8383
f 8323 8385 8384
f 8323 8386 8385
f 8376 8380 8381
f 8377 8381 8382
f 8378 8382 8387
f 8375 8387 8388
f 8374 8388 8389
f 8328 8391 8386
f 8327 8392 8391
f 8326 8393 8392
f 8396 8393 8326
f 8379 8389 8396
f 8396 8395 8394
f 8396 8394 8393
f 8396 8389 8390
f 8396 8390 8395
f 8296 8267 8262
f 8297 8262 8263
f 8298 8263 8264
f 8299 8264 8265
f 8300 8265 8266
f 8268 8267 8301
f 8269 8268 8302
f 8270 8269 8303
f 8305 8266 8271
f 8306 8271 8272
f 8307 8272 8273
f 8273 8274 8308
f 8275 8270 8304
f 8276 8275 8309
f 8277 8276 8310
f 8274 8277 8311
f 8282 8279 8313
f 8279 8280 8314
f 8280 8281 8315
f 8281 8286 8320
f 8283 8282 8316
f 8284 8283 8317
f 8285 8284 8318
f 8290 8285 8319
f 8286 8287 8321
f 8287 8288 8322
f 8288 8289 8323
f 8291 8290 8324
f 8292 8291 8325
f 8293 8292 8326
f 8294 8293 8327
f 8289 8294 8328
f 8297 8296 8262
f 8298 8297 8263
f 8299 8298 8264
f 8300 8299 8265
f 8305 8300 8266
f 8296 8301 8267
f 8268 8301 8302
f 8269 8302 8303
f 8270 8303 8304
f 8306 8305 8271
f 8307 8306 8272
f 8308 8307 8273
f 8275 8304 8309
f 8276 8309 8310
f 8277 8310 8311
f 8274 8311 8308
f 8282 8313 8316
f 8279 8314 8313
f 8280 8315 8314
f 8281 8320 8315
f 8283 8316 8317
f 8284 8317 8318
f 8318 8319 8285
f 8321 8320 8286
f 8287 8322 8321
f 8288 8323 8322
f 8289 8328 8323
f 8290 8319 8324
f 8291 8324 8325
f 8292 8325 8326
f 8294 8327 8328
f 8293 8326 8327
f 8363 8334 8329
f 8364 8329 8330
f 8365 8330 8331
f 8366 8331 8332
f 8367 8332 8333
f 8368 8335 8334
f 8369 8336 8335
f 8370 8337 8336
f 8372 8333 8338
f 8338 8339 8373
f 8339 8340 8374
f 8340 8341 8375
f 8342 8337 8371
f 8343 8342 8376
f 8344 8343 8377
f 8341 8344 8378
f 8349 8346 8380
f 8346 8347 8381
f 8347 8348 8382
f 8348 8353 8387
f 8350 8349 8383
f 8351 8350 8384
f 8352 8351 8385
f 8357 8352 8386
f 8353 8354 8388
f 8354 8355 8389
f 8355 8356 8390
f 8358 8357 8391
f 8359 8358 8392
f 8360 8359 8393
f 8361 8360 8394
f 8356 8361 8395
f 8365 8364 8330
f 8364 8363 8329
f 8366 8365 8331
f 8367 8366 8332
f 8372 8367 8333
f 8363 8368 8334
f 8368 8369 8335
f 8369 8370 8336
f 8370 8371 8337
f 8373 8372 8338
f 8339 8374 8373
f 8340 8375 8374
f 8342 8371 8376
f 8343 8376 8377
f 8344 8377 8378
f 8341 8378 8375
f 8349 8380 8383
f 8346 8381 8380
f 8347 8382 8381
f 8348 8387 8382
f 8350 8383 8384
f 8351 8384 8385
f 8352 8385 8386
f 8353 8388 8387
f 8354 8389 8388
f 8355 8390 8389
f 8356 8395 8390
f 8357 8386 8391
f 8358 8391 8392
f 8359 8392 8393
f 8360 8393 8394
f 8361 8394 8395
o cylinder_column_0
v -2848.750 3000.000 3450.000
v -2848.750 2900.000 3450.000
v -2839.183 3000.000 3448.097
v -2839.183 2900.000 3448.097
v -2831.072 3000.000 3442.678
v -2831.072 2900.000 3442.678
v -2825.653 3000.000 3434.567
v -2825.653 2900.000 3434.567
v -2823.750 3000.000 3425.000
v -2823.750 2900.000 3425.000
v -2825.653 3000.000 3415.433
v -2825.653 2900.000 3415.433
v -2831.072 3000.000 3407.322
v -2831.072 2900.000 3407.322
v -2839.183 3000.000 3401.903
v -2839.183 2900.000 3401.903
v -2848.750 3000.000 3400.000
v -2848.750 2900.000 3400.000
v -2858.317 3000.000 3401.903
v -2858.317 2900.000 3401.903
v -2866.428 3000.000 3407.322
v -2866.428 2900.000 3407.322
v -2871.847 3000.000 3415.433
v -2871.847 2900.000 3415.433
v -2873.750 3000.000 3425.000
v -2873.750 2900.000 3425.000
v -2871.847 3000.000 3434.567
v -2871.847 2900.000 3434.567
v -2866.428 3000.000 3442.678
v -2866.428 2900.000 3442.678
v -2858.317 3000.000 3448.097
v -2858.317 2900.000 3448.097
v -2848.750 3000.000 3425.000
v -2848.750 2900.000 3425.000
f 8397 8398 8400 8399
f 8399 8400 8402 8401
f 8401 8402 8404 8403
f 8403 8404 8406 8405
f 8405 8406 8408 8407
f 8407 8408 8410 8409
f 8409 8410 8412 8411
f 8411 8412 8414 8413
f 8413 8414 8416 8415
f 8415 8416 8418 8417
f 8417 8418 8420 8419
f 8419 8420 8422 8421
f 8421 8422 8424 8423
f 8423 8424 8426 8425
f 8425 8426 8428 8427
f 8427 8428 8398 8397
f 8397 8399 8429
f 8430 8400 8398
f 8399 8401 8429
f 8430 8402 8400
f 8401 8403 8429
f 8430 8404 8402
f 8403 8405 8429
f 8430 8406 8404
f 8405 8407 8429
f 8430 8408 8406
f 8407 8409 8429
f 8430 8410 8408
f 8409 8411 8429
f 8430 8412 8410
f 8411 8413 8429
f 8430 8414 8412
f 8413 8415 8429
f 8430 8416 8414
f 8415 8417 8429
f 8430 8418 8416
f 8417 8419 8429
f 8430 8420 8418
f 8419 8421 8429
f 8430 8422 8420
f 8421 8423 8429
f 8430 8424 8422
f 8423 8425 8429
f 8430 8426 8424
f 8425 8427 8429
f 8430 8428 8426
f 8427 8397 8429
f 8430 8398 8428
o cylinder_column_1
v -2848.750 3000.000 3350.000
v -2848.750 2900.000 3350.000
v -2839.183 3000.000 3348.097
v -2839.183 2900.000 3348.097
v -2831.072 3000.000 3342.678
v -2831.072 2900.000 3342.678
v -2825.653 3000.000 3334.567
v -2825.653 2900.000 3334.567
v -2823.750 3000.000 3325.000
v -2823.750 2900.000 3325.000
v -2825.653 3000.000 3315.433
v -2825.653 2900.000 3315.433
v -2831.072 3000.000 3307.322
v -2831.072 2900.000 3307.322
v -2839.183 3000.000 3301.903
v -2839.183 2900.000 3301.903
v -2848.750 3000.000 3300.000
v -2848.750 2900.000 3300.000
v -2858.317 3000.000 3301.903
v -2858.317 2900.000 3301.903
v -2866.428 3000.000 3307.322
v -2866.428 2900.000 3307.322
v -2871.847 3000.000 3315.433
v -2871.847 2900.000 3315.433
v -2873.750 3000.000 3325.000
v -2873.750 2900.000 3325.000
v -2871.847 3000.000 3334.567
v -2871.847 2900.000 3334.567
v -2866.428 3000.000 3342.678
v -2866.428 2900.000 3342.678
v -2858.317 3000.000 3348.097
v -2858.317 2900.000 3348.097
v -2848.750 3000.000 3325.000
v -2848.750 2900.000 3325.000
f 8431 8432 8434 8433
f 8433 8434 8436 8435
f 8435 8436 8438 8437
f 8437 8438 8440 8439
f 8439 8440 8442 8441
f 8441 8442 8444 8443
f 8443 8444 8446 8445
f 8445 8446 8448 8447
f 8447 8448 8450 8449
f 8449 8450 8452 8451
f 8451 8452 8454 8453
f 8453 8454 8456 8455
f 8455 8456 8458 8457
f 8457 8458 8460 8459
f 8459 8460 8462 8461
f 8461 8462 8432 8431
f 8431 8433 8463
f 8464 8434 8432
f 8433 8435 8463
f 8464 8436 8434
f 8435 8437 8463
f 8464 8438 8436
f 8437 8439 8463
f 8464 8440 8438
f 8439 8441 8463
f 8464 8442 8440
f 8441 8443 8463
f 8464 8444 8442
f 8443 8445 8463
f 8464 8446 8444
f 8445 8447 8463
f 8464 8448 8446
f 8447 8449 8463
f 8464 8450 8448
f 8449 8451 8463
f 8464 8452 8450
f 8451 8453 8463
f 8464 8454 8452
f 8453 8455 8463
f 8464 8456 8454
f 8455 8457 8463
f 8464 8458 8456
f 8457 8459 8463
f 8464 8460 8458
f 8459 8461 8463
f 8464 8462 8460
f 8461 8431 8463
f 8464 8432 8462
o cylinder_rib_0
v -2666.250 3000.000 3450.000
v -2666.250 2900.000 3450.000
v -2656.683 3000.000 3448.097
v -2656.683 2900.000 3448.097
v -2648.572 3000.000 3442.678
v -2648.572 2900.000 3442.678
v -2643.153 3000.000 3434.567
v -2643.153 2900.000 3434.567
v -2641.250 3000.000 3425.000
v -2641.250 2900.000 3425.000
v -2643.153 3000.000 3415.433
v -2643.153 2900.000 3415.433
v -2648.572 3000.000 3407.322
v -2648.572 2900.000 3407.322
v -2656.683 3000.000 3401.903
v -2656.683 2900.000 3401.903
v -2666.250 3000.000 3400.000
v -2666.250 2900.000 3400.000
v -2675.817 3000.000 3401.903
v -2675.817 2900.000 3401.903
v -2683.928 3000.000 3407.322
v -2683.928 2900.000 3407.322
v -2689.347 3000.000 3415.433
v -2689.347 2900.000 3415.433
v -2691.250 3000.000 3425.000
v -2691.250 2900.000 3425.000
v -2689.347 3000.000 3434.567
v -2689.347 2900.000 3434.567
v -2683.928 3000.000 3442.678
v -2683.928 2900.000 3442.678
v -2675.817 3000.000 3448.097
v -2675.817 2900.000 3448.097
v -2666.250 3000.000 3425.000
v -2666.250 2900.000 3425.000
f 8465 8466 8468 8467
f 8467 8468 8470 8469
f 8469 8470 8472 8471
f 8471 8472 8474 8473
f 8473 8474 8476 8475
f 8475 8476 8478 8477
f 8477 8478 8480 8479
f 8479 8480 8482 8481
f 8481 8482 8484 8483
f 8483 8484 8486 8485
f 8485 8486 8488 8487
f 8487 8488 8490 8489
f 8489 8490 8492 8491
f 8491 8492 8494 8493
f 8493 8494 8496 8495
f 8495 8496 8466 8465
f 8465 8467 8497
f 8498 8468 8466
f 8467 8469 8497
f 8498 8470 8468
f 8469 8471 8497
f 8498 8472 8470
f 8471 8473 8497
f 8498 8474 8472
f 8473 8475 8497
f 8498 8476 8474
f 8475 8477 8497
f 8498 8478 8476
f 8477 8479 8497
f 8498 8480 8478
f 8479 8481 8497
f 8498 8482 8480
f 8481 8483 8497
f 8498 8484 8482
f 8483 8485 8497
f 8498 8486 8484
f 8485 8487 8497
f 8498 8488 8486
f 8487 8489 8497
f 8498 8490 8488
f 8489 8491 8497
f 8498 8492 8490
f 8491 8493 8497
f 8498 8494 8492
f 8493 8495 8497
f 8498 8496 8494
f 8495 8465 8497
f 8498 8466 8496
o cylinder_rib_1
v -2666.250 3000.000 3350.000
v -2666.250 2900.000 3350.000
v -2656.683 3000.000 3348.097
v -2656.683 2900.000 3348.097
v -2648.572 3000.000 3342.678
v -2648.572 2900.000 3342.678
v -2643.153 3000.000 3334.567
v -2643.153 2900.000 3334.567
v -2641.250 3000.000 3325.000
v -2641.250 2900.000 3325.000
v -2643.153 3000.000 3315.433
v -2643.153 2900.000 3315.433
v -2648.572 3000.000 3307.322
v -2648.572 2900.000 3307.322
v -2656.683 3000.000 3301.903
v -2656.683 2900.000 3301.903
v -2666.250 3000.000 3300.000
v -2666.250 2900.000 3300.000
v -2675.817 3000.000 3301.903
v -2675.817 2900.000 3301.903
v -2683.928 3000.000 3307.322
v -2683.928 2900.000 3307.322
v -2689.347 3000.000 3315.433
v -2689.347 2900.000 3315.433
v -2691.250 3000.000 3325.000
v -2691.250 2900.000 3325.000
v -2689.347 3000.000 3334.567
v -2689.347 2900.000 3334.567
v -2683.928 3000.000 3342.678
v -2683.928 2900.000 3342.678
v -2675.817 3000.000 3348.097
v -2675.817 2900.000 3348.097
v -2666.250 3000.000 3325.000
v -2666.250 2900.000 3325.000
f 8499 8500 8502 8501
f 8501 8502 8504 8503
f 8503 8504 8506 8505
f 8505 8506 8508 8507
f 8507 8508 8510 8509
f 8509 8510 8512 8511
f 8511 8512 8514 8513
f 8513 8514 8516 8515
f 8515 8516 8518 8517
f 8517 8518 8520 8519
f 8519 8520 8522 8521
f 8521 8522 8524 8523
f 8523 8524 8526 8525
f 8525 8526 8528 8527
f 8527 8528 8530 8529
f 8529 8530 8500 8499
f 8499 8501 8531
f 8532 8502 8500
f 8501 8503 8531
f 8532 8504 8502
f 8503 8505 8531
f 8532 8506 8504
f 8505 8507 8531
f 8532 8508 8506
f 8507 8509 8531
f 8532 8510 8508
f 8509 8511 8531
f 8532 8512 8510
f 8511 8513 8531
f 8532 8514 8512
f 8513 8515 8531
f 8532 8516 8514
f 8515 8517 8531
f 8532 8518 8516
f 8517 8519 8531
f 8532 8520 8518
f 8519 8521 8531
f 8532 8522 8520
f 8521 8523 8531
f 8532 8524 8522
f 8523 8525 8531
f 8532 8526 8524
f 8525 8527 8531
f 8532 8528 8526
f 8527 8529 8531
f 8532 8530 8528
f 8529 8499 8531
f 8532 8500 8530
o outer_rib_connector_0
v 200.000 -2940.000 3297.055
v -0.000 -2940.000 3303.000
v -0.000 -2940.000 3361.500
v 400.000 -2970.000 3291.110
v 400.000 -2970.000 3361.500
v 400.000 -2930.000 3291.110
v 400.000 -2930.000 3361.500
v 200.000 -2960.000 3297.055
v 200.000 -2960.000 3361.500
v 200.000 -2970.000 3361.500
v 200.000 -2970.000 3297.055
v 200.000 -2940.000 3361.500
v 200.000 -2930.000 3361.500
v 200.000 -2930.000 3297.055
v -200.000 -2940.000 3297.055
v -0.000 -2960.000 3303.000
v -0.000 -2960.000 3361.500
v -400.000 -2970.000 3291.110
v -400.000 -2970.000 3361.500
v -400.000 -2930.000 3291.110
v -400.000 -2930.000 3361.500
v -200.000 -2960.000 3297.055
v -200.000 -2960.000 3361.500
v -200.000 -2970.000 3361.500
v -200.000 -2970.000 3297.055
v -200.000 -2940.000 3361.500
v -200.000 -2930.000 3361.500
v -200.000 -2930.000 3297.055
f 8536 8540 8533 8538
f 8540 8536 8543
f 8533 8546 8538
f 8534 8533 8540 8548
f 8541 8549 8548 8540
f 8535 8544 8533 8534
f 8549 8541 8544 8535
f 8537 8542 8543 8536
f 8538 8539 8537 8536
f 8538 8546 8545 8539
f 8541 8537 8539 8544
f 8541 8542 8537
f 8545 8544 8539
f 8540 8543 8542 8541
f 8533 8544 8545 8546
f 8550 8552 8547 8554
f 8554 8557 8550
f 8547 8552 8560
f 8534 8548 8554 8547
f 8555 8554 8548 8549
f 8535 8534 8547 8558
f 8549 8535 8558 8555
f 8551 8550 8557 8556
f 8552 8550 8551 8553
f 8552 8553 8559 8560
f 8555 8558 8553 8551
f 8555 8551 8556
f 8559 8553 8558
f 8554 8555 8556 8557
f 8547 8560 8559 8558
o outer_rib_connector_1
v -2960.000 200.000 3297.055
v -2960.000 0.000 3303.000
v -2960.000 0.000 3361.500
v -2930.000 400.000 3291.110
v -2930.000 400.000 3361.500
v -2970.000 400.000 3291.110
v -2970.000 400.000 3361.500
v -2940.000 200.000 3297.055
v -2940.000 200.000 3361.500
v -2930.000 200.000 3361.500
v -2930.000 200.000 3297.055
v -2960.000 200.000 3361.500
v -2970.000 200.000 3361.500
v -2970.000 200.000 3297.055
v -2960.000 -200.000 3297.055
v -2940.000 0.000 3303.000
v -2940.000 0.000 3361.500
v -2930.000 -400.000 3291.110
v -2930.000 -400.000 3361.500
v -2970.000 -400.000 3291.110
v -2970.000 -400.000 3361.500
v -2940.000 -200.000 3297.055
v -2940.000 -200.000 3361.500
v -2930.000 -200.000 3361.500
v -2930.000 -200.000 3297.055
v -2960.000 -200.000 3361.500
v -2970.000 -200.000 3361.500
v -2970.000 -200.000 3297.055
f 8564 8568 8561 8566
f 8568 8564 8571
f 8561 8574 8566
f 8562 8561 8568 8576
f 8569 8577 8576 8568
f 8563 8572 8561 8562
f 8577 8569 8572 8563
f 8565 8570 8571 8564
f 8566 8567 8565 8564
f 8566 8574 8573 8567
f 8569 8565 8567 8572
f 8569 8570 8565
f 8573 8572 8567
f 8568 8571 8570 8569
f 8561 8572 8573 8574
f 8578 8580 8575 8582
f 8582 8585 8578
f 8575 8580 8588
f 8562 8576 8582 8575
f 8583 8582 8576 8577
f 8563 8562 8575 8586
f 8577 8563 8586 8583
f 8579 8578 8585 8584
f 8580 8578 8579 8581
f 8580 8581 8587 8588
f 8583 8586 8581 8579
f 8583 8579 8584
f 8587 8581 8586
f 8582 8583 8584 8585
f 8575 8588 8587 8586
o outer_rib_connector_2
v 2940.000 200.000 3297.055
v 2940.000 -0.000 3303.000
v 2940.000 -0.000 3361.500
v 2970.000 400.000 3291.110
v 2970.000 400.000 3361.500
v 2930.000 400.000 3291.110
v 2930.000 400.000 3361.500
v 2960.000 200.000 3297.055
v 2960.000 200.000 3361.500
v 2970.000 200.000 3361.500
v 2970.000 200.000 3297.055
v 2940.000 200.000 3361.500
v 2930.000 200.000 3361.500
v 2930.000 200.000 3297.055
v 2940.000 -200.000 3297.055
v 2960.000 -0.000 3303.000
v 2960.000 -0.000 3361.500
v 2970.000 -400.000 3291.110
v 2970.000 -400.000 3361.500
v 2930.000 -400.000 3291.110
v 2930.000 -400.000 3361.500
v 2960.000 -200.000 3297.055
v 2960.000 -200.000 3361.500
v 2970.000 -200.000 3361.500
v 2970.000 -200.000 3297.055
v 2940.000 -200.000 3361.500
v 2930.000 -200.000 3361.500
v 2930.000 -200.000 3297.055
f 8592 8596 8589 8594
f 8596 8592 8599
f 8589 8602 8594
f 8590 8589 8596 8604
f 8597 8605 8604 8596
f 8591 8600 8589 8590
f 8605 8597 8600 8591
f 8593 8598 8599 8592
f 8594 8595 8593 8592
f 8594 8602 8601 8595
f 8597 8593 8595 8600
f 8597 8598 8593
f 8601 8600 8595
f 8596 8599 8598 8597
f 8589 8600 8601 8602
f 8606 8608 8603 8610
f 8610 8613 8606
f 8603 8608 8616
f 8590 8604 8610 8603
f 8611 8610 8604 8605
f 8591 8590 8603 8614
f 8605 8591 8614 8611
f 8607 8606 8613 8612
f 8608 8606 8607 8609
f 8608 8609 8615 8616
f 8611 8614 8609 8607
f 8611 8607 8612
f 8615 8609 8614
f 8610 8611 8612 8613
f 8603 8616 8615 8614
o outer_rib_connector_3
v -200.000 2940.000 3297.055
v 0.000 2940.000 3303.000
v 0.000 2940.000 3361.500
v -400.000 2970.000 3291.110
v -400.000 2970.000 3361.500
v -400.000 2930.000 3291.110
v -400.000 2930.000 3361.500
v -200.000 2960.000 3297.055
v -200.000 2960.000 3361.500
v -200.000 2970.000 3361.500
v -200.000 2970.000 3297.055
v -200.000 2940.000 3361.500
v -200.000 2930.000 3361.500
v -200.000 2930.000 3297.055
v 200.000 2940.000 3297.055
v 0.000 2960.000 3303.000
v 0.000 2960.000 3361.500
v 400.000 2970.000 3291.110
v 400.000 2970.000 3361.500
v 400.000 2930.000 3291.110
v 400.000 2930.000 3361.500
v 200.000 2960.000 3297.055
v 200.000 2960.000 3361.500
v 200.000 2970.000 3361.500
v 200.000 2970.000 3297.055
v 200.000 2940.000 3361.500
v 200.000 2930.000 3361.500
v 200.000 2930.000 3297.055
f 8620 8624 8617 8622
f 8624 8620 8627
f 8617 8630 8622
f 8618 8617 8624 8632
f 8625 8633 8632 8624
f 8619 8628 8617 8618
f 8633 8625 8628 8619
f 8621 8626 8627 8620
f 8622 8623 8621 8620
f 8622 8630 8629 8623
f 8625 8621 8623 8628
f 8625 8626 8621
f 8629 8628 8623
f 8624 8627 8626 8625
f 8617 8628 8629 8630
f 8634 8636 8631 8638
f 8638 8641 8634
f 8631 8636 8644
f 8618 8632 8638 8631
f 8639 8638 8632 8633
f 8619 8618 8631 8642
f 8633 8619 8642 8639
f 8635 8634 8641 8640
f 8636 8634 8635 8637
f 8636 8637 8643 8644
f 8639 8642 8637 8635
f 8639 8635 8640
f 8643 8637 8642
f 8638 8639 8640 8641
f 8631 8644 8643 8642
